id,winner_model_a,winner_model_b,winner_tie
65089,0.34162426,0.31992316,0.3384526
441448,0.38886127,0.30504718,0.30609155
738614,0.5785186,0.1725564,0.24892494
863398,0.31041053,0.4096448,0.27994472
1458108,0.31513447,0.2805717,0.40429384
2388511,0.40689,0.3362081,0.2569019
3373963,0.28216588,0.5270189,0.1908152
3567106,0.2983155,0.32749298,0.37419146
3578663,0.45158476,0.24233449,0.30608073
3622781,0.57031995,0.17668854,0.2529915
3777134,0.17337096,0.67323667,0.15339243
3994811,0.64223343,0.16672343,0.19104317
4356730,0.4845841,0.21531707,0.30009884
4486480,0.29155296,0.2522851,0.45616198
5166668,0.090154864,0.76247174,0.14737344
5498037,0.38146764,0.30849943,0.31003296
5530797,0.70758444,0.075702004,0.21671355
6058088,0.28364992,0.3800567,0.33629337
6223290,0.19534266,0.58208257,0.22257474
6241568,0.33899596,0.3843314,0.27667257
6447538,0.05105738,0.7431483,0.20579432
6570133,0.5237991,0.19709006,0.27911082
7271889,0.2067213,0.40219036,0.3910883
7484756,0.2827794,0.38050544,0.3367151
8027538,0.5057244,0.2824045,0.21187112
8173595,0.13119395,0.73518807,0.13361801
8639923,0.3797012,0.3114893,0.3088095
9424912,0.56561244,0.15093863,0.28344887
9601406,0.34922254,0.39701322,0.2537642
10403116,0.75592315,0.09846229,0.14561452
10622974,0.22700506,0.49980167,0.27319324
10909236,0.72928035,0.08835868,0.18236098
10966560,0.32720113,0.3384591,0.33433974
11955851,0.47773063,0.2347888,0.28748047
12688674,0.27873722,0.4451258,0.276137
13657431,0.22843127,0.42393342,0.34763527
13797059,0.33409026,0.4511647,0.21474507
14354101,0.41429454,0.16933268,0.41637278
14451315,0.4603804,0.32111987,0.21849963
14819628,0.40170136,0.31391764,0.28438103
15193241,0.15114649,0.64898974,0.1998638
15214568,0.46568477,0.17393626,0.36037895
15551443,0.6107175,0.16608809,0.22319433
15762385,0.26336575,0.5035138,0.23312043
15945921,0.23599742,0.16578849,0.59821403
16503078,0.106831044,0.23419957,0.65896934
16587778,0.31779268,0.3616104,0.32059693
17441805,0.24638939,0.55677956,0.19683102
17697317,0.057869427,0.194715,0.74741554
17994707,0.33042693,0.27242985,0.39714327
18161882,0.076975994,0.7414664,0.18155766
18240359,0.17234902,0.22270185,0.6049492
18667468,0.22576302,0.32616353,0.44807345
19610571,0.06223905,0.766158,0.17160295
20317893,0.37978908,0.33912346,0.2810875
21363092,0.16935126,0.61143947,0.21920925
21397191,0.47226807,0.18579143,0.3419404
22179610,0.61738205,0.13694039,0.24567758
22225330,0.2451064,0.4318008,0.32309273
22513174,0.35751545,0.30688888,0.33559564
22730772,0.2093816,0.51588637,0.27473205
22921409,0.44044462,0.13240936,0.42714602
23109454,0.12391356,0.4137706,0.4623159
23626873,0.65795356,0.0888067,0.25323972
23981422,0.5244566,0.17286779,0.30267555
24156886,0.5432623,0.2819806,0.1747571
24212890,0.7494251,0.06153247,0.18904245
24866717,0.21420479,0.45490277,0.3308924
25419050,0.5792989,0.16960904,0.25109208
25545380,0.6507369,0.27918264,0.07008044
25560438,0.43521893,0.25681016,0.30797097
26009090,0.29033318,0.37280458,0.3368622
26092030,0.4394533,0.29226488,0.2682818
26344235,0.26726407,0.4637186,0.26901743
26752065,0.675306,0.12579547,0.19889857
26786929,0.33612096,0.40103674,0.2628423
27094543,0.39497575,0.28449726,0.32052696
27368944,0.3216574,0.32380927,0.35453334
28084074,0.42821252,0.33304998,0.23873752
28683800,0.34617525,0.34530807,0.3085167
29781135,0.17088583,0.6565871,0.17252705
29819376,0.4847935,0.30636036,0.20884617
30116192,0.43831855,0.2787763,0.2829052
30614122,0.6864518,0.12172993,0.19181828
30621995,0.29251003,0.2865009,0.42098904
31538450,0.6890495,0.078310706,0.23263986
31731551,0.10477689,0.22818013,0.667043
32574248,0.6693914,0.13170399,0.19890468
32619509,0.31794807,0.40162557,0.28042638
32638273,0.2896544,0.62763715,0.08270842
33583573,0.29284984,0.36538404,0.3417661
33944248,0.6721551,0.12011034,0.20773456
34378632,0.23547825,0.48251078,0.28201097
34480121,0.16077192,0.089469604,0.7497585
34504374,0.24149553,0.39455152,0.36395293
34649448,0.26203033,0.52052766,0.21744202
35073394,0.22642452,0.20169549,0.57188
35076201,0.3669615,0.3051086,0.32792982
35235817,0.4258859,0.2860023,0.28811178
35322214,0.673029,0.16009776,0.16687325
35662089,0.116354816,0.7050623,0.17858283
36278274,0.8938363,0.02276529,0.08339848
36545767,0.62302417,0.21847355,0.15850224
36963252,0.17127621,0.28724596,0.5414778
37058073,0.5536552,0.26465428,0.18169054
37132737,0.27246398,0.5511326,0.17640336
37358949,0.3985873,0.18718359,0.4142291
37951752,0.23110148,0.5777866,0.19111189
38558732,0.4798556,0.2550026,0.26514181
38857249,0.3866672,0.3589095,0.2544233
39145012,0.32040036,0.4019328,0.27766684
39180293,0.2674488,0.49244457,0.24010666
39962815,0.4806205,0.21951215,0.29986736
40222815,0.43528664,0.2919113,0.27280205
40307655,0.8725178,0.02323872,0.104243405
41123370,0.20012566,0.32163942,0.47823495
41689846,0.24726582,0.20152038,0.55121386
41729147,0.3203048,0.40872166,0.27097353
42363635,0.27366647,0.28152972,0.44480374
42439658,0.36343125,0.23909992,0.3974689
42584195,0.30863136,0.31355906,0.3778096
42832538,0.20417698,0.56462497,0.23119803
43053669,0.48608917,0.23520501,0.27870578
44113499,0.20697692,0.45744476,0.33557832
44216523,0.17035095,0.60985893,0.21979018
44341326,0.49069583,0.25900635,0.25029784
44654591,0.34080267,0.443473,0.21572433
44801794,0.4075651,0.24603143,0.34640345
45239136,0.078631304,0.7023215,0.21904716
45768623,0.3923946,0.32318726,0.28441817
45813536,0.4801112,0.22703703,0.29285175
45963597,0.26517522,0.3770482,0.3577766
45978184,0.31063062,0.4380285,0.2513409
46626014,0.5220669,0.20433417,0.27359894
46944333,0.45223132,0.28000236,0.26776633
47717262,0.30111822,0.4732012,0.22568063
47734761,0.22355428,0.5752625,0.20118324
47769825,0.5448111,0.2214645,0.23372443
47964341,0.03672741,0.41912907,0.5441435
48015690,0.13943192,0.688939,0.17162903
48081420,0.41171983,0.29121637,0.29706377
48139544,0.4052017,0.30293888,0.2918594
48259531,0.19515587,0.5739822,0.23086192
48430092,0.22482774,0.28651088,0.4886614
48469580,0.5826556,0.16874322,0.24860117
48656223,0.32264456,0.3632964,0.31405908
48707291,0.29565147,0.4045024,0.2998461
49568525,0.32088614,0.38008565,0.29902825
49697314,0.2557114,0.43996263,0.304326
50045381,0.12965062,0.6331843,0.23716506
50656327,0.18508336,0.48641473,0.32850188
50756439,0.4238153,0.21252936,0.3636553
51473653,0.32702357,0.32932132,0.34365514
51526530,0.43288034,0.34913763,0.2179821
51618708,0.61467475,0.19945136,0.18587387
52934238,0.7351466,0.094317645,0.17053577
54024689,0.6020032,0.17849383,0.21950293
54080316,0.62367606,0.16492817,0.2113957
54148055,0.1974052,0.5442595,0.25833532
54447870,0.06913839,0.6373374,0.29352418
54551429,0.1358737,0.47183976,0.39228657
54931325,0.2866609,0.4671575,0.24618156
56345886,0.5645449,0.08758077,0.34787434
56470233,0.5146884,0.23070878,0.25460282
56591099,0.7470114,0.08333727,0.16965128
56649304,0.3869799,0.48501298,0.12800713
56787434,0.23837392,0.5179151,0.24371092
56969406,0.4006863,0.2670462,0.33226746
57581451,0.04222493,0.0483979,0.90937716
58127902,0.3906515,0.38174108,0.22760744
58200921,0.31041908,0.39342234,0.2961586
58730565,0.60539913,0.1436292,0.25097165
58844122,0.7287439,0.101500355,0.16975574
59076194,0.29700792,0.35574058,0.34725153
59131163,0.26844633,0.31679553,0.41475815
59346615,0.632649,0.12537386,0.2419772
59377658,0.21584952,0.38889378,0.39525673
59404377,0.24967007,0.48703787,0.2632921
59808824,0.20361964,0.46180397,0.33457643
59939964,0.47000715,0.22565497,0.30433783
60193558,0.3322233,0.3895095,0.27826723
60545540,0.607705,0.16000214,0.23229279
61303490,0.24526106,0.4678239,0.2869151
61327490,0.29557398,0.35594523,0.34848082
61999541,0.49489683,0.19497295,0.3101302
62077669,0.20169714,0.6448731,0.15342985
62142106,0.52401114,0.14502816,0.3309607
62750940,0.2804179,0.5125028,0.20707932
62764458,0.29325157,0.34719786,0.35955057
63619026,0.37819374,0.26028246,0.36152384
63699891,0.17905681,0.67282146,0.14812173
64112033,0.17950761,0.60332924,0.21716312
64150085,0.26920152,0.31439388,0.41640455
64247839,0.5086952,0.29277545,0.1985294
64711480,0.3890106,0.14381988,0.46716952
64887855,0.2229002,0.5227235,0.25437632
64987913,0.25518623,0.5366276,0.2081862
65555822,0.3264156,0.41125423,0.2623302
65632389,0.14518167,0.55627954,0.29853877
65900695,0.35363886,0.34522972,0.3011314
66155606,0.41885698,0.3021267,0.27901635
66258110,0.12825441,0.39425185,0.47749373
66440298,0.37773797,0.23415603,0.388106
66507627,0.14165625,0.63059753,0.22774622
66663160,0.37034243,0.20164615,0.42801142
68299707,0.6340588,0.12499243,0.24094878
68920028,0.42797548,0.27103478,0.30098975
69721128,0.30655393,0.36152282,0.33192325
69753463,0.41749135,0.18386894,0.39863974
69767403,0.21053773,0.52440715,0.2650551
70186050,0.69345087,0.09133614,0.215213
70585397,0.57098806,0.15862814,0.27038375
70977611,0.41451737,0.38381776,0.20166488
71955180,0.4841546,0.21462974,0.3012156
72035655,0.36203554,0.31801605,0.31994846
72350385,0.26688653,0.23404375,0.4990697
73249283,0.10394011,0.07430611,0.8217538
73298758,0.3284873,0.39971027,0.27180248
73323467,0.63218063,0.1860722,0.18174715
73704096,0.30140346,0.37700844,0.32158804
73821264,0.17161924,0.5993147,0.22906601
74109885,0.28752318,0.43696588,0.27551094
74125158,0.42130178,0.259519,0.3191792
74321866,0.17808662,0.24145535,0.58045805
75636523,0.44489318,0.24801783,0.307089
76043195,0.2966911,0.34430283,0.35900608
76089710,0.71670806,0.095101595,0.18819033
76189828,0.46203765,0.25985765,0.27810472
76316376,0.31199104,0.18141022,0.5065987
77139482,0.2267567,0.52624077,0.24700253
77367943,0.39538106,0.15032737,0.4542916
78445775,0.70805585,0.114975885,0.17696832
78726841,0.6822808,0.105398536,0.21232067
79293841,0.72666955,0.11057861,0.16275178
79818028,0.23313908,0.32276863,0.44409227
80014216,0.4710575,0.24855621,0.28038627
80186619,0.28514937,0.2721219,0.4427287
80552572,0.4620175,0.17778212,0.36020038
80704803,0.24968688,0.49685302,0.25346017
80968808,0.43220535,0.21887587,0.34891883
81238423,0.47247902,0.12734218,0.40017882
81304812,0.39755422,0.2650635,0.3373823
81562417,0.26254067,0.4567044,0.28075492
82826838,0.35031798,0.29718247,0.3524996
82880589,0.31078523,0.36096096,0.32825378
83379819,0.16281708,0.44575557,0.3914273
83407252,0.52115726,0.23119572,0.24764705
83732566,0.63153887,0.14195162,0.22650948
84096412,0.42985922,0.25250375,0.31763706
84762535,0.2290349,0.3777912,0.39317384
85115442,0.24083772,0.30783674,0.45132554
86015370,0.4397631,0.115763456,0.44447345
86491823,0.29859656,0.2585088,0.44289464
86721623,0.6461433,0.13653758,0.21731912
87127901,0.612002,0.23196791,0.15603007
87907321,0.19994032,0.2703727,0.529687
88189114,0.39148784,0.34814492,0.26036724
88362449,0.64961827,0.08499102,0.2653907
88506917,0.4919842,0.1709086,0.33710724
88787348,0.27863717,0.29156515,0.4297977
88927863,0.3800261,0.23785613,0.38211775
89112337,0.18276638,0.37049186,0.4467418
89253632,0.48754832,0.22076488,0.2916868
89555505,0.14373094,0.42826876,0.42800033
89633373,0.16254467,0.6511368,0.1863185
90264798,0.42114937,0.33022687,0.2486238
90353060,0.6541123,0.17376108,0.17212665
90752096,0.53900844,0.21763353,0.24335806
90898779,0.60963184,0.057935197,0.33243302
91135016,0.06566171,0.7877352,0.14660308
91249465,0.22281007,0.59130216,0.18588775
91542193,0.46751815,0.21561202,0.31686985
91574025,0.62276995,0.17905399,0.19817603
93119658,0.30043808,0.4921624,0.20739953
93187704,0.38179517,0.18543845,0.4327664
93800091,0.40049985,0.1915487,0.4079514
94324643,0.23294699,0.54559916,0.22145386
94505586,0.5040525,0.23618577,0.25976172
94550320,0.391347,0.30492717,0.30372587
94675401,0.32406446,0.3738473,0.30208826
95912792,0.52720004,0.27243963,0.20036028
95981558,0.5064621,0.2569604,0.2365775
95989196,0.21953224,0.2744533,0.50601447
96519810,0.4369298,0.26678452,0.29628572
96946600,0.22719288,0.24873723,0.5240699
97484822,0.5679281,0.13432115,0.29775074
97774303,0.13491055,0.31304526,0.5520442
98000427,0.31754535,0.46435276,0.21810189
98828183,0.6950831,0.12209508,0.18282185
99419594,0.6410852,0.16563019,0.19328463
99810117,0.24789542,0.5555081,0.1965965
100242235,0.1885945,0.5799173,0.23148817
100683546,0.5675903,0.20645024,0.22595948
101218967,0.641499,0.16781889,0.1906821
101577952,0.37195656,0.26470187,0.36334163
101762713,0.2269553,0.48074335,0.2923013
101892776,0.49835378,0.25427753,0.24736874
102274264,0.44985938,0.26316303,0.2869776
102440574,0.2524043,0.5713909,0.17620474
102481158,0.34975812,0.3364147,0.31382716
102557686,0.20986435,0.2185322,0.5716035
102766546,0.27095097,0.21523297,0.51381606
102800243,0.3564905,0.32610852,0.31740093
103513055,0.27523738,0.40846002,0.3163026
103521570,0.4602344,0.2666295,0.27313614
103706682,0.36562413,0.31945136,0.31492448
104062312,0.3361892,0.32047573,0.3433351
104234339,0.47178483,0.26710457,0.2611106
104419242,0.31858373,0.41875878,0.26265743
105091542,0.47984427,0.113442935,0.4067128
105651124,0.17479008,0.60642743,0.21878251
105706836,0.34642223,0.2937741,0.3598037
105763138,0.4667296,0.23446696,0.29880345
105949611,0.26354128,0.5299302,0.20652854
106083975,0.09572876,0.31682885,0.58744234
106235130,0.5642928,0.1770763,0.2586309
106390115,0.22399066,0.24063152,0.53537786
106419164,0.040307686,0.07419164,0.88550067
107269005,0.3018784,0.41069314,0.28742844
107283019,0.2551628,0.48420224,0.26063502
107674127,0.65258944,0.14635074,0.2010598
108309396,0.35581204,0.22216563,0.42202234
108666474,0.15656187,0.6248512,0.21858694
109525309,0.48866153,0.17810486,0.3332337
110883364,0.14043006,0.61280745,0.24676247
111333777,0.39259198,0.3907193,0.21668868
111472473,0.5033866,0.2511442,0.2454691
111478329,0.30593917,0.23798503,0.45607576
111741281,0.46080792,0.26012534,0.27906674
112344150,0.13054025,0.7048922,0.16456749
112573067,0.33745125,0.36652267,0.29602608
112587107,0.53901833,0.19604848,0.26493317
112768373,0.34141204,0.4704871,0.1881008
112938333,0.5855073,0.11991168,0.29458103
113136348,0.17028576,0.48982495,0.33988926
113333607,0.2107355,0.5112918,0.2779727
113396996,0.25461757,0.2475671,0.4978153
113814017,0.34329647,0.2331695,0.42353407
113972794,0.6022261,0.13183758,0.26593634
115196411,0.32894564,0.50667655,0.16437782
117138881,0.4037435,0.17848054,0.41777593
118119544,0.27739096,0.4995018,0.22310725
118341212,0.19222122,0.2458286,0.56195015
118627274,0.31962964,0.29257476,0.38779563
118731531,0.2943637,0.43567798,0.2699583
119392660,0.24153213,0.3717536,0.38671428
119447867,0.17751798,0.6511861,0.17129593
120072579,0.20299432,0.5799366,0.2170691
121111099,0.27324876,0.36492556,0.36182564
121504720,0.61021894,0.1593827,0.23039845
122227197,0.37302476,0.26719475,0.35978052
122790857,0.36121848,0.27443466,0.3643469
122947958,0.20436338,0.4012853,0.39435133
125476722,0.28309673,0.4597972,0.2571061
125876648,0.7041186,0.092855744,0.20302567
127305631,0.50941056,0.23843104,0.25215837
128263276,0.21538584,0.4912667,0.29334748
128420893,0.49497467,0.2537665,0.25125882
130204179,0.25533435,0.47726488,0.2674008
130376213,0.48583958,0.23510641,0.27905405
130620240,0.32918698,0.3309924,0.3398206
131021828,0.13018313,0.69227654,0.17754035
131288722,0.29759765,0.41977906,0.28262326
131379339,0.5351535,0.20652558,0.25832096
131454827,0.54684174,0.20595714,0.24720111
131561875,0.41585305,0.19388454,0.3902624
131590828,0.09542606,0.6425439,0.26203007
131844960,0.14598389,0.34648326,0.50753284
133025844,0.5429869,0.18256786,0.27444524
133488887,0.27337623,0.52265674,0.20396703
133832350,0.43077013,0.32067755,0.24855232
134416987,0.41241956,0.34644574,0.24113467
134603786,0.16226938,0.6727006,0.16503005
135387742,0.5633406,0.16425088,0.27240855
135540059,0.3598776,0.3180278,0.3220946
135614151,0.315289,0.47511733,0.20959367
135703586,0.36968702,0.2627145,0.36759853
135869560,0.13436306,0.7107075,0.15492944
136065660,0.19387013,0.4978289,0.3083009
137083004,0.5357282,0.1709438,0.29332802
137935393,0.5412009,0.1706994,0.28809968
138789190,0.3381334,0.3620056,0.29986098
139032486,0.43977565,0.20085385,0.3593705
140074501,0.237005,0.3803231,0.38267186
140286518,0.53518075,0.21742824,0.24739096
141071487,0.6273467,0.18429689,0.18835646
141222451,0.6803909,0.16461092,0.15499817
141477074,0.6891312,0.11856467,0.19230407
141938012,0.121565595,0.6438935,0.23454095
142188832,0.75715905,0.056351293,0.18648967
142505097,0.36800253,0.29688936,0.33510813
142666279,0.26687565,0.30472025,0.4284041
143010462,0.3213387,0.3387462,0.3399151
143051684,0.3701718,0.26438263,0.36544555
143183970,0.6510218,0.18220663,0.16677156
143198280,0.5710752,0.22024195,0.20868285
143611734,0.7241478,0.10980865,0.16604358
144093798,0.37225693,0.29334268,0.33440045
144254638,0.54834145,0.18668921,0.26496932
144419082,0.39812776,0.30134803,0.30052426
144563009,0.49768052,0.1774356,0.3248839
145160168,0.20453288,0.32229024,0.47317687
145295832,0.5099696,0.19599137,0.29403898
145627477,0.6035354,0.19270773,0.20375682
145812756,0.32443258,0.3587634,0.31680402
146112016,0.21936627,0.55313444,0.22749928
146305248,0.25105268,0.51538545,0.23356189
146542743,0.3706812,0.31598282,0.31333598
146957224,0.27912763,0.18064956,0.5402228
147089206,0.3818804,0.09289257,0.52522707
147424573,0.10801486,0.6888577,0.20312744
147859717,0.22236997,0.56001836,0.21761163
148003798,0.42418528,0.32980523,0.24600954
148414331,0.3490897,0.3273811,0.3235292
148742523,0.14724936,0.5552315,0.2975191
148918567,0.45571288,0.2673357,0.27695137
149119807,0.53839076,0.22643209,0.23517714
149773683,0.5694188,0.1633413,0.2672399
149801266,0.66014874,0.1211079,0.21874334
149977326,0.72457933,0.093279,0.18214162
150023885,0.37888741,0.27144575,0.34966683
150793045,0.41151834,0.37413123,0.21435042
152026087,0.5400706,0.22912996,0.23079938
152052607,0.28679925,0.35021454,0.36298627
152173215,0.37344393,0.26694524,0.35961086
152580015,0.15244924,0.6589188,0.18863203
152585393,0.22743505,0.36848268,0.40408227
153006036,0.33867526,0.42719996,0.23412482
153507087,0.22559904,0.56750774,0.20689319
153818336,0.27350745,0.2494412,0.47705138
154592823,0.50713587,0.24765277,0.24521145
155772487,0.5721209,0.17464466,0.2532344
156080546,0.44787604,0.30830446,0.24381953
156534274,0.10186675,0.7418093,0.15632394
156969775,0.26889855,0.49504903,0.23605241
157215465,0.650673,0.12121677,0.22811028
157381519,0.29988793,0.4197128,0.28039923
157491002,0.48759836,0.2676643,0.24473737
157859809,0.2766339,0.43568644,0.28767964
158195097,0.2583659,0.33239862,0.40923548
158468964,0.07829108,0.44068277,0.4810262
158748523,0.37196642,0.25021014,0.3778235
158817196,0.20253243,0.53623855,0.261229
159022796,0.07668341,0.6492389,0.27407768
159177395,0.2666606,0.34644893,0.38689047
159262910,0.6097508,0.15073785,0.23951133
159834707,0.13757297,0.42479622,0.4376308
160293935,0.3930785,0.3055701,0.3013514
160651448,0.4928358,0.261782,0.24538222
160934951,0.5597389,0.07975577,0.36050534
160964387,0.24061158,0.4223826,0.3370058
162244409,0.5846323,0.22102077,0.19434695
162293818,0.24323468,0.5020619,0.25470337
162600684,0.36658117,0.30892417,0.32449472
163994800,0.50099707,0.24773708,0.25126585
165653338,0.3170825,0.3790944,0.30382317
165924848,0.22925256,0.35105327,0.41969413
165987197,0.28056777,0.39457974,0.3248525
166031989,0.27486777,0.46671045,0.2584218
166194228,0.37761888,0.31142822,0.31095287
166277414,0.22101142,0.2905637,0.48842493
166294441,0.36494276,0.3046539,0.3304033
166595865,0.28527206,0.44652343,0.26820445
166850569,0.11484963,0.7212722,0.1638782
167005382,0.29581505,0.32726645,0.37691852
167080911,0.21160285,0.39018792,0.39820918
167247924,0.11596562,0.5790414,0.3049929
167265396,0.2178094,0.4533676,0.32882297
167957798,0.34182325,0.36413276,0.29404402
168065211,0.29643017,0.26981452,0.43375525
168363086,0.39614052,0.23426074,0.36959875
168490370,0.8664382,0.026086882,0.10747485
168817429,0.5211,0.25884977,0.22005022
168946856,0.22982226,0.56321734,0.20696038
169055261,0.5162062,0.24382067,0.23997314
169063413,0.022483781,0.030977856,0.94653845
169269197,0.40775585,0.33531538,0.25692874
169715561,0.404581,0.3092881,0.28613085
169751275,0.44164893,0.3248601,0.23349099
170172663,0.33698514,0.41592535,0.24708952
170319345,0.12704797,0.5542607,0.31869137
170580450,0.3872977,0.24803536,0.36466688
171203885,0.30354375,0.36100164,0.33545467
171385530,0.56617296,0.1944147,0.23941234
172087456,0.23557118,0.2624513,0.5019775
173799147,0.4017772,0.23259982,0.36562297
173825002,0.21173093,0.41871515,0.36955392
173884962,0.53113383,0.20047739,0.2683888
173942635,0.36989978,0.38311708,0.24698316
174165605,0.32158348,0.33594254,0.34247398
174365281,0.26136905,0.20244756,0.53618336
174564892,0.24914964,0.30856568,0.44228476
174580045,0.041276675,0.8635159,0.09520746
174799786,0.753333,0.093280934,0.15338612
175483328,0.5054539,0.28400975,0.2105363
175804640,0.37427306,0.24189103,0.38383588
175978056,0.21681708,0.5911954,0.1919875
177844613,0.3687104,0.38866657,0.242623
178181746,0.35280636,0.28598052,0.36121312
178826818,0.5398916,0.2678221,0.19228633
179343898,0.25291902,0.484293,0.26278794
179639424,0.31410143,0.39430672,0.29159182
180585934,0.6251439,0.18451008,0.19034605
180795941,0.2060484,0.562265,0.2316866
181183126,0.38989398,0.23311646,0.37698954
181333923,0.41659287,0.2783316,0.30507553
181419851,0.55683714,0.20339197,0.23977089
181579619,0.390233,0.30479097,0.30497608
181584535,0.46880284,0.2652961,0.26590103
181726221,0.19845894,0.4043076,0.39723346
181852544,0.43096766,0.26479986,0.30423245
181975665,0.16567291,0.48256195,0.35176516
182026013,0.3328459,0.26315203,0.40400213
183348882,0.695998,0.1063527,0.19764931
184148886,0.3380231,0.33237177,0.3296052
184368450,0.2685216,0.35191566,0.37956274
184518781,0.27391028,0.37190813,0.35418156
184529232,0.4043627,0.28632015,0.30931717
184819442,0.628607,0.17325175,0.19814125
185775215,0.5869103,0.18142916,0.23166056
186305875,0.22034924,0.42118338,0.35846743
186911298,0.5468086,0.19850516,0.2546863
187157431,0.3629033,0.33390144,0.30319524
187555518,0.5274499,0.19235553,0.28019452
187952362,0.45683053,0.21839973,0.32476974
187977355,0.5231529,0.19267443,0.28417265
190100483,0.07069896,0.6078374,0.32146367
190120251,0.41246125,0.2965988,0.2909399
190321456,0.5380356,0.21569465,0.24626978
190820279,0.2706698,0.23006982,0.4992604
192433798,0.20639418,0.48232993,0.31127587
193149461,0.5455137,0.2841284,0.1703579
193321358,0.381592,0.32350728,0.29490077
194115466,0.64788175,0.17529188,0.17682637
194273723,0.70710576,0.11131865,0.18157554
194863118,0.6233551,0.19586512,0.18077981
195081872,0.2463741,0.54213053,0.21149537
196253478,0.38907465,0.32892853,0.2819969
196814462,0.35915315,0.24125579,0.39959103
197061918,0.51435894,0.2815697,0.20407136
197292572,0.57017815,0.10905137,0.32077047
197324655,0.6336728,0.10894376,0.2573834
197892566,0.36394387,0.31122288,0.3248332
197894508,0.30811426,0.3160509,0.37583482
198110984,0.5388491,0.22230111,0.2388498
198197233,0.36628306,0.2571228,0.37659416
199233633,0.61059904,0.13497373,0.25442722
199263495,0.3761705,0.38122392,0.24260563
199291802,0.4582281,0.2743863,0.26738557
199319578,0.5250855,0.18848601,0.28642848
199851565,0.80391365,0.07119903,0.12488737
200418591,0.12386819,0.6960077,0.18012404
200811762,0.48473832,0.24286851,0.2723932
201436038,0.5200897,0.20039797,0.2795123
201612283,0.677421,0.09532647,0.22725262
201683895,0.1078483,0.7575031,0.13464865
201906803,0.21496719,0.41760996,0.3674229
201911861,0.39137617,0.29808018,0.31054366
202025783,0.25306523,0.47905195,0.26788282
203064111,0.1672886,0.28038982,0.5523216
203773530,0.34069815,0.13705014,0.5222517
204271913,0.230831,0.4878846,0.28128433
204354662,0.29917052,0.37305632,0.32777315
204588668,0.24142031,0.33794877,0.42063087
204621322,0.43141937,0.36267823,0.20590247
205157314,0.2599331,0.37341812,0.36664876
205321954,0.23967412,0.2784689,0.481857
205520067,0.17708963,0.5782172,0.24469316
206584844,0.18785103,0.60773104,0.2044179
206682921,0.83559036,0.06441523,0.09999439
206917370,0.1832976,0.5051793,0.3115231
207307882,0.22765699,0.52459526,0.24774769
207572673,0.3744897,0.30033842,0.32517186
207609056,0.41018218,0.29180527,0.29801258
208241505,0.23397446,0.40759772,0.35842782
208540904,0.605901,0.12737244,0.26672655
208572281,0.26995754,0.08352267,0.6465198
209332411,0.23037295,0.5132288,0.2563983
209548908,0.42736626,0.33246607,0.24016762
209554151,0.17016654,0.38188824,0.44794515
209657847,0.30684987,0.4578083,0.23534186
209666353,0.11393877,0.5731896,0.31287163
210302780,0.42857245,0.28395543,0.2874721
211157604,0.31833172,0.32911953,0.35254878
212397784,0.25333095,0.3269706,0.41969845
212409560,0.63296765,0.13952409,0.22750828
212784272,0.3800514,0.3226264,0.29732215
213331234,0.41684526,0.27592248,0.30723226
214054171,0.24123155,0.29282543,0.46594307
214096961,0.2905153,0.48770195,0.22178267
214290150,0.3695148,0.26278642,0.36769882
214344677,0.44632307,0.3272513,0.2264257
214525000,0.15244152,0.43575227,0.41180617
216251817,0.3117977,0.32666624,0.36153606
216945281,0.18118,0.38848758,0.43033245
217178618,0.4250045,0.28236791,0.2926275
217188703,0.30581203,0.27190742,0.42228064
217696823,0.5303428,0.2420465,0.22761066
217717249,0.1897865,0.40418592,0.4060276
218034551,0.64971167,0.16962366,0.18066473
218180077,0.09673979,0.6689346,0.23432565
218312736,0.31545523,0.42106473,0.26348
219367387,0.22562502,0.35014609,0.42422885
219785323,0.5769757,0.123392805,0.2996315
219844212,0.37431383,0.36058694,0.2650992
220085926,0.29259783,0.3657528,0.3416494
220210104,0.11202192,0.600512,0.28746602
220314497,0.31094044,0.50764525,0.18141428
220934632,0.57511145,0.0964963,0.32839227
220979019,0.38327855,0.3052956,0.3114259
221031547,0.6320278,0.18177608,0.18619607
222235567,0.11706632,0.7498377,0.13309596
222513701,0.34206986,0.26347733,0.39445287
222825163,0.3835837,0.2778578,0.3385585
223086691,0.3559697,0.34815702,0.29587334
223128448,0.12057405,0.41385636,0.46556962
223289381,0.16596545,0.6190195,0.2150151
223667535,0.30624098,0.43170667,0.2620523
223846341,0.2889998,0.33044887,0.3805513
224054156,0.29977438,0.3150095,0.38521612
226301612,0.2240136,0.4670171,0.30896926
226377820,0.4962721,0.27506548,0.22866242
226647899,0.34075615,0.32855675,0.33068705
226913705,0.023058092,0.87895465,0.097987264
227092557,0.6652785,0.18346407,0.15125751
227206157,0.3467998,0.35451123,0.29868892
227373345,0.3539577,0.31109378,0.33494848
227943659,0.42846537,0.28144374,0.29009095
228244297,0.4186231,0.2885992,0.29277772
228370816,0.28281942,0.39530578,0.32187483
228375007,0.30930012,0.3725959,0.318104
228700508,0.5712273,0.16857032,0.26020238
228717863,0.12439867,0.65151304,0.22408836
229006703,0.69441235,0.11365373,0.19193393
229125420,0.5149729,0.25564423,0.22938281
229347207,0.5118924,0.23727773,0.25082988
229415538,0.40481356,0.3690498,0.22613665
230578544,0.58289105,0.2211401,0.19596885
231046913,0.3654558,0.33151054,0.30303368
231261754,0.16718897,0.64726377,0.18554723
232320729,0.2202877,0.19313718,0.5865751
232434929,0.34680268,0.36704364,0.28615364
232522495,0.312287,0.3794571,0.30825594
232645361,0.67999953,0.0812677,0.23873281
232940873,0.29734635,0.29857582,0.4040778
233223043,0.37737304,0.28344893,0.33917803
233395001,0.3960739,0.3012852,0.30264083
233704924,0.418902,0.1772543,0.40384364
233906414,0.56408334,0.21724981,0.21866684
234190763,0.23056872,0.53905267,0.23037863
234209089,0.5834589,0.14503014,0.27151096
234685090,0.3352811,0.27339265,0.39132622
234797241,0.15743624,0.53062487,0.3119389
235203061,0.5014568,0.22526796,0.27327523
235995350,0.27385217,0.38155976,0.3445881
236064445,0.33044544,0.33620042,0.33335418
236598485,0.3351471,0.28316578,0.38168716
236609955,0.36294922,0.35105187,0.2859989
237030727,0.17446658,0.58825,0.23728344
237090135,0.26455855,0.25135067,0.4840908
238380049,0.5168062,0.24983999,0.2333538
238720291,0.439349,0.28919438,0.27145666
239033301,0.33334473,0.2860531,0.38060212
239265382,0.22778048,0.37573758,0.3964819
239956932,0.60369873,0.14584765,0.25045365
240431630,0.37702695,0.36744082,0.25553223
240465493,0.08786346,0.7770789,0.13505766
241090572,0.48673642,0.16739643,0.34586716
241115855,0.463854,0.27676833,0.25937766
241656101,0.21949787,0.19567655,0.58482563
241820502,0.4628977,0.26485664,0.27224573
242177248,0.27975094,0.40744883,0.31280026
242943516,0.17751615,0.3518139,0.47066998
243069123,0.0654989,0.8485182,0.08598292
243291222,0.45341817,0.33260146,0.21398033
245078018,0.454377,0.35891053,0.18671258
245852983,0.69199556,0.119935386,0.18806909
246812212,0.31023335,0.34585226,0.34391436
247208571,0.27487886,0.43595284,0.28916833
248759460,0.41532493,0.4101932,0.17448185
248847526,0.25919366,0.3795621,0.3612442
248924758,0.455206,0.24618343,0.29861057
249030114,0.46816084,0.17465994,0.35717922
249132971,0.32433552,0.40401536,0.2716491
249576331,0.2884098,0.30231896,0.4092713
249612785,0.42126065,0.37511092,0.20362845
249792697,0.18278815,0.35158762,0.46562418
249999818,0.29770815,0.46043834,0.24185358
250289355,0.29231203,0.35144472,0.35624328
251423687,0.3751634,0.37764558,0.24719095
251632392,0.1762588,0.48185042,0.34189078
252027515,0.4169998,0.23920724,0.343793
252199957,0.19823265,0.35244903,0.44931835
252309854,0.55971867,0.26484168,0.17543967
254425416,0.31355578,0.3375848,0.34885946
254452076,0.24198745,0.53066427,0.2273483
256182991,0.484993,0.27544922,0.23955771
256445235,0.67860085,0.12888032,0.19251883
256658965,0.47711158,0.23760991,0.28527853
256867676,0.49010044,0.13077335,0.3791262
257570283,0.6385466,0.14230067,0.21915272
259300359,0.4384485,0.28161886,0.27993262
259374874,0.2642049,0.37893343,0.35686165
259438075,0.27899328,0.5059242,0.21508247
259452234,0.894729,0.03282826,0.07244273
259457531,0.4349081,0.20703615,0.3580557
259689678,0.40807512,0.26123956,0.33068538
261295060,0.30391604,0.40325728,0.29282674
261401677,0.5032698,0.22086279,0.2758674
262391614,0.23728077,0.34468716,0.41803205
262574911,0.19556178,0.59435534,0.21008287
263049634,0.45448732,0.2824457,0.26306695
264800053,0.3891968,0.24709482,0.36370835
264849965,0.34086642,0.3223458,0.3367878
265256150,0.51686853,0.11664721,0.36648422
265428506,0.092241995,0.75584334,0.15191461
265713993,0.2038814,0.51258796,0.2835306
267403487,0.24050345,0.40766907,0.35182753
267783660,0.40919232,0.18844415,0.4023635
267833545,0.15234873,0.70179164,0.1458596
268521172,0.37483817,0.31179613,0.31336564
268628461,0.65578455,0.16439086,0.17982455
269510283,0.32160085,0.28660583,0.39179334
269532871,0.37109935,0.36307153,0.26582906
269565899,0.29051298,0.4861544,0.22333266
269810334,0.32863823,0.33568677,0.33567503
270069532,0.32963938,0.3622414,0.30811918
270443160,0.20673303,0.303786,0.48948094
270480756,0.78191036,0.088475354,0.12961423
271495619,0.6766402,0.12170053,0.20165926
272619686,0.27276745,0.48635375,0.24087887
273017319,0.26936245,0.30240193,0.42823565
273064269,0.302877,0.4545058,0.24261723
273123576,0.27526322,0.48842457,0.23631217
273276943,0.9440419,0.011304327,0.044653874
273613148,0.30393964,0.45140922,0.24465115
274060331,0.39583346,0.36213797,0.2420286
274606150,0.27534068,0.43609756,0.28856176
274920545,0.19346683,0.5724854,0.23404779
275328904,0.3059365,0.31784034,0.3762232
275703517,0.4219084,0.26194873,0.31614292
276171902,0.44720125,0.2639386,0.2888602
276370240,0.15602443,0.6032267,0.24074884
276626996,0.25343028,0.30740747,0.43916222
276668082,0.7548643,0.083545454,0.16159025
276832371,0.43455324,0.27721936,0.2882274
277601230,0.18203056,0.5442755,0.27369392
279111868,0.24212076,0.40314317,0.35473603
279140191,0.26821336,0.37294617,0.35884044
279435501,0.20915937,0.40593916,0.38490146
279660306,0.37954527,0.30513278,0.31532198
279947452,0.40956414,0.2583911,0.33204475
280235151,0.5685047,0.1445664,0.28692886
280944753,0.4107442,0.36017144,0.22908439
281102393,0.4445274,0.4183086,0.13716401
281485683,0.16237728,0.60377383,0.23384888
281646734,0.3231271,0.24643359,0.43043935
282172956,0.2656094,0.4166586,0.31773198
282349914,0.32933238,0.26445934,0.40620825
282439334,0.24955897,0.46815285,0.28228813
282869732,0.4257148,0.31096485,0.2633203
282944252,0.3737889,0.19504067,0.4311705
282994777,0.540931,0.16087534,0.29819372
284058939,0.20631991,0.48094997,0.3127302
284559825,0.27175218,0.4476072,0.2806407
284730564,0.42489502,0.23634519,0.3387598
285047803,0.695571,0.09709972,0.20732923
285213370,0.20156899,0.43902645,0.3594045
285265357,0.14849275,0.697016,0.15449125
285881161,0.28275058,0.25107706,0.4661724
286264130,0.42321384,0.22602406,0.35076207
287001340,0.5893662,0.14466926,0.2659645
287552817,0.34247324,0.09688885,0.56063795
287804056,0.20694268,0.23907883,0.5539785
288424329,0.28070113,0.22298966,0.4963092
288488203,0.33853891,0.4321341,0.229327
288488905,0.4493983,0.18267891,0.3679228
289244098,0.6329024,0.17400831,0.19308928
289861908,0.19131637,0.3612395,0.4474441
290460507,0.33611146,0.38284084,0.28104767
291113862,0.28615755,0.28343436,0.43040812
291295348,0.5083921,0.17044942,0.32115844
291380261,0.4379682,0.2797338,0.28229797
291426455,0.86146754,0.0372182,0.101314306
291523295,0.37112963,0.31024447,0.31862596
291586211,0.38250515,0.20357458,0.41392028
292394576,0.2888865,0.2865898,0.4245237
292602396,0.5389345,0.22936293,0.2317026
292740726,0.4552267,0.34970436,0.19506891
293524357,0.796335,0.09713417,0.10653086
293577192,0.2819541,0.1785948,0.53945106
293578416,0.35231632,0.40794465,0.23973903
294302775,0.25740126,0.4246225,0.31797627
294957258,0.19882216,0.6232533,0.17792454
295925706,0.3946177,0.30071965,0.3046627
295985693,0.3610677,0.33396813,0.30496413
296015498,0.45347965,0.24456991,0.30195048
296262025,0.29476276,0.33114645,0.37409082
296595474,0.09734601,0.59658515,0.30606878
296800616,0.33532625,0.28362224,0.38105154
297163843,0.40063715,0.2328976,0.36646533
297629703,0.26303345,0.38164622,0.35532036
300389469,0.35416353,0.32633835,0.3194981
300411034,0.34517866,0.4159287,0.23889259
300865981,0.30512205,0.2604022,0.43447578
301240043,0.32447043,0.4658768,0.20965281
301484288,0.5323751,0.23440377,0.23322108
302567104,0.395902,0.20526078,0.39883715
302739688,0.39557648,0.337945,0.26647854
303148701,0.28675237,0.45067763,0.26256996
303331602,0.49581456,0.20132624,0.30285928
304022898,0.34243438,0.40661693,0.25094867
304129942,0.15841411,0.5498916,0.29169428
304652999,0.3013836,0.3454501,0.35316625
305100096,0.49936053,0.2499043,0.2507351
305116860,0.2786001,0.44201028,0.2793896
305704866,0.41077328,0.38776278,0.20146397
305803618,0.11416057,0.72000855,0.16583087
306604003,0.3776113,0.30852798,0.31386077
306889533,0.14612526,0.65938777,0.19448696
307169703,0.3331454,0.23905545,0.42779917
307424150,0.14456593,0.6629552,0.1924788
307565603,0.50721115,0.24262229,0.25016654
307845036,0.40018788,0.2877955,0.31201658
307851657,0.47678122,0.24639672,0.27682203
308152272,0.37497917,0.29727706,0.32774377
308693576,0.25995988,0.29900703,0.44103312
308799449,0.6630349,0.16299832,0.17396669
309326206,0.5531692,0.19557592,0.25125486
309991256,0.36690003,0.332116,0.30098397
310084277,0.49303582,0.16963218,0.33733195
310365700,0.28107974,0.5635919,0.1553284
310459236,0.68028945,0.0918326,0.227878
311526977,0.38773358,0.3210077,0.2912587
313571130,0.58739954,0.18654275,0.22605772
313754011,0.4779418,0.16540955,0.35664868
314033886,0.2549401,0.39271247,0.3523474
314378862,0.4389637,0.2330558,0.3279805
315105010,0.49174,0.26319087,0.24506918
315594468,0.232675,0.47041318,0.29691184
315782301,0.31679586,0.39626038,0.2869438
316009756,0.51115537,0.19445463,0.29439002
316167977,0.30569538,0.21831213,0.47599256
316490766,0.40887296,0.30340675,0.28772035
316706868,0.24903809,0.3528306,0.39813128
317334063,0.22822998,0.5314101,0.24035993
317895928,0.09769236,0.2596199,0.64268774
317896017,0.19992255,0.37365636,0.42642108
317928438,0.56328857,0.29373023,0.14298129
318524430,0.32326627,0.35803494,0.31869876
318654582,0.40367633,0.22196881,0.37435487
319183076,0.13087434,0.69849044,0.17063524
319500633,0.282486,0.25239965,0.4651144
319594291,0.5967325,0.20403533,0.19923219
320068988,0.6237081,0.18521726,0.19107458
320070813,0.192396,0.6020293,0.20557465
320138985,0.32670438,0.36298716,0.31030843
320402549,0.36983898,0.31755432,0.31260675
321221901,0.30470228,0.25070888,0.4445889
321363040,0.3489048,0.34858084,0.3025144
321469753,0.3641858,0.23305084,0.40276337
321490617,0.35843492,0.3748601,0.266705
321537150,0.15745036,0.6247196,0.21783003
321806190,0.20192169,0.58530974,0.2127686
322824750,0.24390157,0.52345765,0.23264077
322901872,0.3202564,0.3922229,0.28752062
323672856,0.2948173,0.3676661,0.33751664
324487575,0.32613072,0.36944818,0.3044211
324758970,0.3557356,0.44098163,0.2032828
324924419,0.31239808,0.33702606,0.35057583
325160955,0.4674913,0.17849112,0.35401756
325398368,0.41335645,0.32209787,0.2645457
326127314,0.22574349,0.5140397,0.2602168
326342559,0.30410793,0.34604204,0.34985003
326703211,0.61600715,0.20686735,0.17712553
327084401,0.587935,0.15401226,0.2580528
327129433,0.3690652,0.34186667,0.2890682
327541338,0.43002483,0.16348772,0.40648744
327573777,0.24984357,0.2824019,0.46775454
328699265,0.4851273,0.23966725,0.27520546
328967204,0.39876413,0.23472644,0.36650947
329158905,0.28844133,0.34150663,0.37005198
329165161,0.5011877,0.18351568,0.31529665
329420467,0.29016545,0.33569068,0.37414387
329620322,0.42949536,0.26232898,0.30817562
329622665,0.31021008,0.17661937,0.5131706
330172765,0.4244293,0.2390622,0.3365085
330250536,0.30290666,0.40164053,0.29545286
330464106,0.41038555,0.288154,0.30146047
331128328,0.41593996,0.23293552,0.35112453
331250412,0.5665824,0.22201842,0.21139918
331535074,0.27576348,0.4540698,0.27016672
332241361,0.36987078,0.28203866,0.34809056
332296539,0.28150743,0.45701802,0.26147458
332742037,0.31549835,0.406576,0.2779256
333001312,0.19480596,0.59119135,0.2140027
333415295,0.29876375,0.29180652,0.40942967
333448781,0.44060287,0.1284542,0.430943
334744990,0.5366041,0.21101195,0.25238395
335874334,0.56913036,0.16690177,0.2639679
336180284,0.10665069,0.57444715,0.31890213
336390019,0.49608502,0.2645435,0.23937146
336543504,0.46877632,0.20429288,0.32693082
336892314,0.19951585,0.37593764,0.42454648
337080153,0.31787091,0.32812333,0.35400575
337125018,0.5863842,0.09486563,0.31875017
337372954,0.11452154,0.6328617,0.25261682
337449862,0.47465473,0.18447767,0.34086755
337820504,0.5491009,0.16490549,0.28599367
338236601,0.26832542,0.48511288,0.24656169
339170439,0.08221687,0.7605681,0.157215
339829617,0.28178138,0.3796038,0.33861485
342169845,0.48188058,0.20484777,0.31327173
342330743,0.5612775,0.22034965,0.2183728
342463300,0.20224403,0.2357962,0.56195974
343444830,0.44580454,0.089748286,0.4644471
344146814,0.24243607,0.34116608,0.41639793
344152535,0.4240075,0.17794086,0.3980516
345489079,0.3368034,0.32576218,0.3374344
345885367,0.30036828,0.30377573,0.3958559
346159496,0.4251577,0.28939092,0.28545135
347234259,0.26598415,0.29033685,0.44367906
347390127,0.2446369,0.54230744,0.2130557
347894670,0.22071992,0.48522654,0.2940536
348159690,0.31399482,0.44089025,0.2451149
348668015,0.56429434,0.16323909,0.27246657
348766230,0.5964181,0.20330226,0.20027967
348969514,0.1839372,0.49872604,0.31733677
349334042,0.37764034,0.24278708,0.37957263
349390192,0.45141086,0.26021984,0.28836936
349898359,0.39698884,0.1763164,0.42669472
349924366,0.026954306,0.8447721,0.12827359
350190056,0.57211506,0.25720683,0.1706781
352283722,0.5139264,0.20801389,0.27805975
352645264,0.3622319,0.2800398,0.3577283
353289144,0.5326776,0.24936864,0.21795371
353684069,0.28892526,0.35574287,0.3553319
353989191,0.32547817,0.42305043,0.25147137
354144095,0.5999835,0.19255017,0.20746629
354514130,0.36668155,0.30351013,0.32980832
354892390,0.05544005,0.75534576,0.18921418
355380171,0.44429925,0.24345215,0.3122486
355851619,0.300509,0.364361,0.33513004
356250034,0.42196274,0.35284376,0.2251935
356928483,0.73103845,0.101246305,0.16771522
357098226,0.39004365,0.23839784,0.37155852
357298861,0.60034627,0.1982042,0.20144956
357584627,0.35867637,0.4377218,0.2036018
358905844,0.31897214,0.2776695,0.40335843
359141736,0.45479903,0.40839446,0.13680656
359290744,0.18985736,0.16142027,0.6487224
360056777,0.29355636,0.34305662,0.36338705
360271164,0.40294108,0.31298137,0.28407758
360863559,0.3395349,0.45280284,0.20766228
360959577,0.56892514,0.18647256,0.24460234
361154579,0.40226865,0.19692175,0.40080965
361612932,0.5475411,0.15004958,0.30240935
361763375,0.25024134,0.48307934,0.26667932
361813861,0.28986531,0.26371828,0.4464164
361925887,0.4580186,0.20910797,0.33287337
362366041,0.285272,0.17798635,0.5367417
362373471,0.18939619,0.5875383,0.2230655
362549065,0.64836466,0.15960689,0.19202848
362970244,0.035518564,0.8776911,0.086790375
364476656,0.3999282,0.2678096,0.33226222
364899585,0.6024122,0.17044303,0.22714481
365007410,0.32690543,0.32883564,0.34425893
365466841,0.36155245,0.33882874,0.2996189
366626643,0.8232895,0.040068537,0.13664195
367646263,0.45225286,0.32869422,0.21905294
367980354,0.401602,0.29932493,0.2990731
368008734,0.6620519,0.15596136,0.18198678
368415328,0.34807888,0.36764,0.28428108
368540439,0.15485276,0.6736668,0.17148048
369015368,0.37355435,0.29930815,0.32713753
369031390,0.4351009,0.13038383,0.4345152
369154107,0.47652885,0.23289092,0.29058018
369364005,0.1063171,0.76363283,0.13005006
369428029,0.27834317,0.27651113,0.44514567
370503668,0.26390994,0.45731533,0.2787747
370602056,0.1522512,0.6566611,0.19108774
370705859,0.3806841,0.21062559,0.4086903
370813215,0.3558341,0.38344607,0.26071984
370909212,0.34200516,0.2999051,0.35808977
371123062,0.22527428,0.557955,0.21677071
371316125,0.37135154,0.25920805,0.36944038
371607881,0.3108179,0.4191692,0.27001292
371725230,0.30802163,0.21299773,0.47898063
372206684,0.3261808,0.33678356,0.33703566
372292023,0.24768104,0.33589524,0.41642374
372763478,0.37845862,0.31697407,0.30456728
373087254,0.63952285,0.11744874,0.24302837
374345018,0.32935414,0.30921072,0.36143515
374372562,0.3201192,0.2855835,0.3942973
374386226,0.45397583,0.32800964,0.21801454
375117611,0.24346629,0.53467155,0.22186214
375221229,0.30201074,0.46190304,0.2360862
375299117,0.5624183,0.21398728,0.22359438
375407818,0.39533085,0.30146262,0.30320653
375618635,0.8991827,0.010401199,0.09041616
375931470,0.010782397,0.9491117,0.040105928
376312916,0.2638975,0.566049,0.17005348
376746439,0.28584206,0.4665451,0.24761288
377164762,0.22346023,0.5729552,0.20358457
377855493,0.22036876,0.5329231,0.24670812
378293701,0.22181815,0.22724073,0.55094117
378601442,0.3267009,0.36595455,0.30734453
378826598,0.39989048,0.2669063,0.33320326
379142697,0.42183593,0.20827848,0.36988553
379479968,0.30999652,0.33520517,0.35479832
379533801,0.53652406,0.19942002,0.2640559
379857194,0.5545148,0.18755554,0.25792956
380022078,0.59758747,0.13991767,0.26249492
380237906,0.32529736,0.4268196,0.24788305
380415504,0.36464623,0.37403136,0.26132238
380781098,0.39392665,0.31661507,0.28945822
380993692,0.6316007,0.080498986,0.2879003
381020211,0.3048705,0.38103604,0.3140935
381089032,0.41592503,0.24147733,0.34259766
381967256,0.36548513,0.3137044,0.32081044
382487137,0.3253677,0.32301822,0.3516141
382726818,0.29006067,0.4283709,0.28156844
383058372,0.31852186,0.41450936,0.26696876
385835624,0.34694296,0.16951866,0.48353836
386302503,0.4413683,0.2681298,0.2905019
386860242,0.6084531,0.19042183,0.20112512
387112924,0.34863055,0.25931525,0.39205426
387204548,0.25899938,0.29344693,0.4475537
387246498,0.20429146,0.58181626,0.21389233
387605778,0.5501794,0.24607155,0.203749
387713094,0.28097337,0.49716562,0.22186106
387731492,0.30725843,0.16231568,0.53042597
387910804,0.3467995,0.3656235,0.287577
387966435,0.26808926,0.4843401,0.24757059
387993673,0.31962353,0.46729976,0.21307679
388682667,0.16163893,0.5527076,0.28565344
389133706,0.31824136,0.36744806,0.31431052
389996002,0.47117975,0.2251305,0.30368975
390059360,0.23694812,0.52115273,0.24189915
390118351,0.34592694,0.30837294,0.34570014
390330593,0.3435432,0.40768325,0.24877352
390339649,0.51521844,0.23290929,0.25187236
390533556,0.31151426,0.43295783,0.25552785
390563763,0.71251625,0.11088767,0.17659606
391070673,0.43283775,0.14794688,0.41921535
391172336,0.83188015,0.027484553,0.14063528
391444052,0.300934,0.3404726,0.35859343
391960660,0.4767621,0.2822471,0.24099083
392457516,0.52698076,0.25848413,0.21453512
392856958,0.40975606,0.351395,0.23884892
392888488,0.43848905,0.25107887,0.31043208
394051435,0.13924666,0.38418958,0.47656372
394171552,0.13414168,0.6951257,0.17073263
394349771,0.3401878,0.33297637,0.32683584
394363641,0.25523892,0.5042799,0.24048117
394683374,0.02952077,0.9077701,0.06270911
394885321,0.393853,0.28481218,0.3213348
395908030,0.2182492,0.22704494,0.55470586
395908270,0.4425659,0.19961719,0.357817
395996153,0.32709616,0.32516587,0.347738
396220029,0.16696776,0.43182898,0.4012033
396230179,0.45664367,0.2856687,0.25768766
396301960,0.2381898,0.5224941,0.23931614
396334921,0.32650962,0.556522,0.11696841
398014667,0.41868025,0.2831013,0.29821846
399138675,0.546115,0.22124262,0.23264237
399148423,0.18852335,0.6642923,0.14718439
399752544,0.33459702,0.32106784,0.34433517
399893238,0.31082252,0.39953625,0.2896412
401954194,0.39324304,0.30126897,0.305488
402012473,0.6186239,0.17585911,0.20551696
402355535,0.1733608,0.6391191,0.18752012
402565586,0.72881293,0.11910163,0.1520854
402592601,0.26803464,0.31330374,0.41866156
403162678,0.13173696,0.62012106,0.24814197
403246330,0.31198835,0.4573068,0.23070489
404197774,0.3956422,0.35151562,0.25284216
404967448,0.3409431,0.3456112,0.3134457
405019833,0.7955713,0.06184619,0.14258255
405033514,0.22182426,0.4898234,0.28835228
405233008,0.5555286,0.0901529,0.35431847
405423487,0.35441294,0.36630112,0.2792859
405590492,0.32312575,0.36464667,0.3122276
406617500,0.31572878,0.25335345,0.4309178
406814229,0.35289514,0.20162843,0.44547638
406952878,0.45759287,0.1295145,0.41289264
407111256,0.8574604,0.005038135,0.13750143
407589571,0.33289826,0.32531533,0.34178644
408120403,0.32764775,0.2876346,0.38471764
408131242,0.4864709,0.28446588,0.22906324
408660492,0.33142117,0.33806744,0.3305114
408689746,0.44214508,0.2661482,0.29170668
408728682,0.54389113,0.20397522,0.2521336
408810108,0.27172774,0.30028856,0.4279837
409636075,0.7451036,0.10104702,0.15384941
409792593,0.59546745,0.19803734,0.20649521
411028067,0.47867507,0.22724669,0.29407823
411075842,0.75246596,0.1192312,0.12830278
413959987,0.42886105,0.2879064,0.2832325
414572077,0.52405137,0.18097135,0.29497725
414788971,0.34538868,0.40642327,0.24818802
414807889,0.27829224,0.43251234,0.28919536
414981263,0.45573077,0.26371288,0.28055632
414984165,0.5969431,0.12693864,0.2761183
415052119,0.44267204,0.2788285,0.27849942
415087080,0.30192587,0.3439626,0.3541115
415138212,0.14275089,0.68452257,0.17272647
415383353,0.086516425,0.67647773,0.23700589
415430806,0.5016024,0.23058988,0.2678077
415853569,0.32993376,0.41051537,0.2595509
416670612,0.22618051,0.5587051,0.21511438
416685329,0.13624436,0.68277866,0.18097691
416691321,0.31410366,0.36600897,0.31988737
417770169,0.34079272,0.1611202,0.49808708
418523110,0.4556567,0.23071177,0.31363156
419373343,0.3941181,0.2744511,0.33143085
419633347,0.14360005,0.5531281,0.30327183
420504247,0.10520839,0.78915477,0.10563678
420523344,0.32187235,0.26269534,0.41543227
420609680,0.37178093,0.29186702,0.33635205
420787305,0.34218204,0.3714383,0.28637967
421132265,0.12321283,0.6000298,0.27675736
421488799,0.3077569,0.2735084,0.4187347
421745238,0.61871105,0.03587369,0.34541523
422227944,0.66403615,0.07104386,0.26492003
422500179,0.1925237,0.42334494,0.38413134
422505685,0.56983215,0.22604637,0.20412147
422883853,0.57705986,0.21344584,0.20949426
424096235,0.3130044,0.42503837,0.26195723
424287895,0.27575746,0.346354,0.3778885
424326076,0.26167217,0.6016557,0.13667211
424438145,0.30137396,0.19701321,0.5016128
424901606,0.2821238,0.23905268,0.4788235
425293236,0.18471605,0.4435951,0.3716888
425372025,0.5223171,0.19238849,0.2852944
425770095,0.80516356,0.07613261,0.118703745
425804144,0.5766812,0.1668621,0.25645667
425929979,0.31551936,0.14638151,0.5380991
426153475,0.55249035,0.2078171,0.2396925
426172269,0.15290068,0.6165168,0.23058252
426965390,0.24068488,0.5548712,0.20444395
427995200,0.41058537,0.29963508,0.28977954
428241932,0.32728875,0.4125706,0.26014063
428427013,0.6972759,0.11084569,0.1918784
428444149,0.17148758,0.26619506,0.5623174
428992552,0.19360125,0.23319218,0.5732066
429183612,0.124093056,0.39046326,0.48544365
429448260,0.2660617,0.36352143,0.3704169
429602545,0.3320119,0.33379766,0.3341905
429613686,0.22420402,0.43954724,0.33624876
429656795,0.4131825,0.30583057,0.28098685
429812034,0.22046368,0.5440567,0.23547964
430221680,0.41108757,0.2167495,0.37216294
430519139,0.51592124,0.21010868,0.27397007
430572885,0.101308376,0.6751377,0.22355396
431042760,0.6010804,0.23134719,0.16757244
431262967,0.3772074,0.25475684,0.36803585
431762861,0.043467052,0.15600431,0.8005286
432120926,0.42649373,0.22986333,0.34364292
432821369,0.28594592,0.31921378,0.39484027
433400572,0.4107224,0.16052566,0.4287519
433635688,0.17119673,0.5650575,0.26374578
434654573,0.4711962,0.15358013,0.37522364
435037752,0.41905388,0.24731521,0.33363092
435335176,0.8673671,0.044260222,0.08837273
435878448,0.3494862,0.36186817,0.2886456
436231145,0.37672397,0.27440804,0.34886804
436796364,0.28201938,0.3706819,0.3472987
437766111,0.68129396,0.10207728,0.21662872
438236614,0.29313368,0.41339737,0.29346898
438429905,0.4108979,0.22379442,0.36530766
440569223,0.40172437,0.2793384,0.31893727
441500796,0.40872744,0.29504845,0.29622412
441585444,0.23219165,0.6069708,0.16083758
442069946,0.37852746,0.38771963,0.23375294
442791356,0.35284495,0.32181543,0.32533962
442910346,0.63563263,0.09326983,0.27109748
443104959,0.38509768,0.39004296,0.22485936
443142195,0.62151164,0.15959546,0.2188929
444022275,0.45877033,0.2317194,0.30951026
444031859,0.16262,0.6546067,0.18277332
444320028,0.23583627,0.49557495,0.2685888
444332984,0.29568338,0.37604815,0.32826853
445178573,0.12525903,0.7056208,0.16912019
445189383,0.52093875,0.28069317,0.19836807
445463139,0.3629729,0.28598014,0.35104692
446128929,0.31536,0.4127866,0.27185336
446257684,0.18829589,0.6641229,0.14758125
446284671,0.21075086,0.5929219,0.19632721
446773242,0.55630744,0.1895797,0.25411284
446886988,0.41228992,0.36610192,0.22160819
446922957,0.14772014,0.6547567,0.19752318
446976751,0.29702097,0.35368952,0.3492895
447049655,0.52707505,0.2547554,0.21816956
447518728,0.40112343,0.30471903,0.29415748
448385104,0.49263301,0.2695819,0.23778513
449035781,0.3598661,0.2321558,0.4079781
449765455,0.26460624,0.436366,0.2990278
449952443,0.48492002,0.12391598,0.391164
450377796,0.5707384,0.18245625,0.24680535
450506525,0.44862714,0.23602521,0.3153476
451513142,0.58181465,0.19184491,0.22634049
451987788,0.2938548,0.4021844,0.30396083
451995301,0.2391182,0.3939795,0.36690232
452006065,0.37482157,0.30141363,0.32376483
452682374,0.039104037,0.86060804,0.10028792
452745234,0.6015922,0.1508323,0.2475755
452841268,0.6608794,0.16067061,0.17844999
453100324,0.60034424,0.18920971,0.2104461
453743623,0.39890063,0.34790212,0.25319728
453823463,0.35038292,0.36928108,0.28033602
454774906,0.24363732,0.5160805,0.24028221
456112330,0.3664952,0.30941105,0.32409382
456340115,0.2769689,0.4645661,0.25846502
457298007,0.48581177,0.13496096,0.37922725
457742814,0.23231961,0.55367506,0.21400537
458328633,0.77090776,0.10684098,0.122251235
458752841,0.5167663,0.24065974,0.24257396
458799359,0.30532104,0.38196284,0.3127162
459146542,0.3587873,0.19429678,0.4469159
459924375,0.18825394,0.35366678,0.45807928
460751101,0.36120042,0.2691324,0.36966717
460933190,0.41033122,0.33309016,0.25657862
460965622,0.47651598,0.21716735,0.30631667
461270519,0.2149106,0.30189207,0.4831974
461285321,0.23592325,0.5146922,0.24938455
461343366,0.227649,0.2752801,0.49707094
461413054,0.16833267,0.6907027,0.14096469
461583114,0.40161288,0.25770837,0.34067872
461878654,0.34323153,0.17438489,0.48238358
462097477,0.50037813,0.22587068,0.27375117
462749421,0.30651736,0.31496963,0.37851307
463159915,0.4832731,0.10298586,0.41374108
463350103,0.51564753,0.24674097,0.23761153
463467410,0.3403962,0.41648027,0.24312356
463737412,0.36002275,0.35928455,0.2806927
463974240,0.3076106,0.27836856,0.41402084
464383872,0.29797375,0.34481832,0.35720792
464397045,0.35967907,0.39447445,0.24584645
464524480,0.6647077,0.122333474,0.21295878
464759100,0.37843204,0.43187395,0.18969406
465053697,0.2833315,0.38651955,0.33014897
465248579,0.17253524,0.59832233,0.22914243
465410778,0.30703494,0.4486482,0.24431682
465638359,0.5360184,0.18339925,0.2805824
465660401,0.6385838,0.17217611,0.18924005
465664098,0.36588034,0.3176043,0.3165154
466147717,0.19380869,0.41330916,0.39288217
466671063,0.25402227,0.3738468,0.37213093
466725709,0.6292435,0.13740538,0.2333511
467024889,0.6212577,0.10376258,0.2749797
467233266,0.40308696,0.23770809,0.359205
467245506,0.33842686,0.33537412,0.32619905
467874429,0.49216074,0.315035,0.19280425
468492900,0.77910405,0.092607535,0.12828836
469018035,0.19528915,0.39718348,0.40752742
469996842,0.22536887,0.35245657,0.42217463
470015525,0.708982,0.08303706,0.20798093
470035810,0.32570636,0.1950477,0.479246
470523934,0.26121813,0.49876484,0.24001706
470737341,0.47976902,0.2551063,0.26512462
471087834,0.39728916,0.31062025,0.29209068
472745624,0.5105274,0.30182993,0.1876427
474520900,0.34492174,0.45952275,0.19555545
474994014,0.4547518,0.16464746,0.38060072
475036459,0.37381256,0.25769237,0.36849508
475147152,0.3533491,0.24811977,0.39853114
475443477,0.28137365,0.29863888,0.41998747
475516149,0.7779363,0.032602362,0.18946145
475629845,0.47334978,0.22308794,0.30356237
475863404,0.2024618,0.47807363,0.31946453
476609334,0.33741453,0.34750456,0.3150809
477022683,0.18349524,0.48040494,0.33609977
477188550,0.5278903,0.22511148,0.24699822
477195031,0.2425484,0.25310552,0.5043461
477221064,0.343558,0.33084574,0.3255962
478017323,0.15162385,0.67131686,0.1770593
478074431,0.19169186,0.4868441,0.321464
478154758,0.43353558,0.28249386,0.28397053
479011110,0.5258218,0.20939377,0.26478434
479064468,0.16352332,0.53373164,0.30274504
479427608,0.62970144,0.08078092,0.28951767
479654178,0.26534697,0.29204452,0.44260848
480221231,0.33968794,0.27995464,0.3803574
480801801,0.11469283,0.5841145,0.3011927
481427643,0.3875162,0.23722214,0.37526163
482138633,0.8377201,0.032990962,0.129289
482261469,0.67274797,0.049416218,0.27783582
483149747,0.25015637,0.52369756,0.22614607
483442448,0.08669245,0.6321775,0.28113014
484043008,0.6740834,0.13464954,0.191267
484336606,0.42061925,0.3285013,0.25087944
484480070,0.35839003,0.2093268,0.43228316
485047091,0.6596455,0.11419572,0.22615878
485183826,0.15868816,0.6461136,0.1951983
485216899,0.2460503,0.4561917,0.29775804
486999369,0.5121979,0.22990942,0.25789273
488805379,0.45837092,0.26933476,0.27229428
488814667,0.2073168,0.29729062,0.49539262
489016776,0.33442053,0.33519453,0.33038488
489143130,0.13099787,0.6622326,0.20676954
489587903,0.25843093,0.48851296,0.25305614
489847740,0.1801524,0.5211578,0.29868984
490208446,0.2156495,0.51865906,0.26569146
490298675,0.21798334,0.29643527,0.48558146
490744374,0.34274563,0.32843134,0.32882303
490850497,0.22154881,0.5157955,0.26265565
491142401,0.34814736,0.35291335,0.29893932
491635816,0.2920727,0.2569734,0.45095393
492151451,0.15797101,0.6902633,0.15176576
492374535,0.25297093,0.17435518,0.5726739
492410769,0.68793887,0.123998776,0.18806237
493257416,0.35556433,0.3711325,0.27330318
494397284,0.67229784,0.11563658,0.2120656
494913692,0.7846413,0.0956385,0.11972026
495131138,0.27421737,0.19747359,0.52830905
495311712,0.48127905,0.26185486,0.2568661
496111089,0.30020073,0.3285531,0.37124616
496114605,0.14483082,0.6800533,0.17511584
496147327,0.3606784,0.36775923,0.27156237
496298384,0.46487764,0.26367435,0.271448
496635295,0.19396563,0.54032385,0.26571053
496894995,0.13930714,0.58432025,0.27637255
496998812,0.13381538,0.71546644,0.15071823
497033277,0.51609385,0.21151066,0.2723955
497107087,0.2640089,0.5301302,0.20586084
497377531,0.49880913,0.20502205,0.29616874
497608926,0.27593237,0.49970287,0.22436476
497747132,0.2679137,0.36305395,0.36903235
498357276,0.5826955,0.20741932,0.2098852
498707823,0.19072968,0.60681283,0.20245746
499869810,0.4939805,0.23788926,0.26813027
500133797,0.7286403,0.090524614,0.18083501
500701582,0.6422568,0.18617347,0.17156975
501014667,0.3294877,0.3334397,0.33707252
501098655,0.22628853,0.52620816,0.24750333
501380141,0.39776132,0.25231782,0.3499209
501423738,0.5869526,0.13628224,0.27676517
501961931,0.23233685,0.30160975,0.46605337
502229264,0.29480112,0.4357779,0.26942092
502782572,0.2798074,0.46107724,0.25911537
502916800,0.77624685,0.08318619,0.14056693
503043953,0.4288964,0.36048117,0.21062249
503394248,0.38009614,0.3591211,0.2607828
504409958,0.3132976,0.352683,0.33401936
504475239,0.033740647,0.07435492,0.8919045
504729889,0.49533916,0.25155625,0.2531046
506363782,0.311538,0.44066355,0.24779847
506614492,0.5002166,0.24605557,0.25372782
506642930,0.27788395,0.45171955,0.2703965
507901290,0.42264283,0.29459757,0.28275964
508237759,0.5615821,0.1745114,0.26390654
508276111,0.122260585,0.73247665,0.14526282
508443338,0.31983685,0.4331576,0.24700558
508832158,0.39486575,0.23537092,0.36976328
509285712,0.79963356,0.06588295,0.13448355
509341455,0.13886388,0.5855192,0.2756169
509821302,0.30603302,0.20206498,0.49190202
510278107,0.11135011,0.50912815,0.37952173
510329131,0.30311728,0.48700705,0.20987569
510383062,0.6816623,0.1553432,0.16299449
510890521,0.21153651,0.43075642,0.35770708
510914314,0.10177947,0.72034055,0.17787997
510941606,0.2551633,0.52196944,0.22286732
511157939,0.5406767,0.18789175,0.27143154
511196698,0.63087296,0.17763557,0.19149151
511269855,0.6169163,0.15775354,0.22533023
511306896,0.36612764,0.31320947,0.32066295
512175291,0.5573141,0.23688985,0.20579614
512274847,0.5038179,0.23090121,0.26528087
512610823,0.4392551,0.30784526,0.25289974
512725726,0.46060994,0.18057846,0.3588116
512727382,0.41951302,0.24368449,0.3368025
513474144,0.24929705,0.37369907,0.37700385
513777183,0.27864462,0.4676467,0.2537087
514078565,0.21310616,0.5927338,0.19416
514708277,0.35767412,0.32937926,0.31294662
514835108,0.34394255,0.34670067,0.30935675
515597137,0.51433206,0.2101629,0.27550507
515669152,0.59323287,0.14006709,0.26670006
515671137,0.5721006,0.15698999,0.27090943
516215684,0.39567563,0.29443768,0.30988663
516278382,0.40456113,0.29320204,0.30223688
516486386,0.516452,0.207288,0.27626002
516519479,0.29184887,0.40317008,0.30498102
516843134,0.12365388,0.7126358,0.16371028
516864484,0.13383132,0.50596493,0.36020374
518316966,0.27850828,0.5413064,0.18018533
518616629,0.13246328,0.6063943,0.26114243
518632298,0.2775398,0.3784132,0.344047
518662688,0.49318528,0.2520117,0.2548031
518707168,0.5094235,0.21700884,0.27356762
518939643,0.25188252,0.16235477,0.5857627
519102593,0.33358818,0.4004134,0.26599842
519564529,0.3982917,0.29822016,0.30348817
519670423,0.56024516,0.16813551,0.27161938
519719535,0.84144026,0.072826765,0.085733004
519814969,0.22689001,0.57258856,0.2005214
520776446,0.42166093,0.22912371,0.34921533
520824759,0.23481591,0.43941996,0.32576412
520875859,0.39693776,0.2689899,0.33407232
520897180,0.16310969,0.5964495,0.24044076
522210971,0.41976687,0.27482817,0.30540493
522376474,0.45192984,0.32365415,0.22441602
522480195,0.47094527,0.3121979,0.2168569
522975020,0.23488854,0.5000635,0.26504797
523347391,0.46205497,0.33299914,0.2049459
524039288,0.052596707,0.86827207,0.079131246
524116051,0.41456392,0.37015283,0.21528323
524423720,0.46531346,0.14488399,0.38980255
524628672,0.49816474,0.27969217,0.2221431
524680419,0.45673805,0.29696366,0.24629836
524971073,0.18200247,0.6458031,0.17219438
525082011,0.3502251,0.13162014,0.51815474
525155305,0.27927896,0.27552032,0.44520065
525739793,0.70178306,0.14853312,0.14968383
525829138,0.37558478,0.30973372,0.3146815
526131011,0.50083834,0.19566445,0.30349725
526733633,0.5070768,0.244068,0.24885523
526769611,0.339791,0.27847597,0.3817331
527194687,0.45493636,0.24745834,0.29760534
527646240,0.31186992,0.41147187,0.27665827
528043107,0.16961394,0.677246,0.15314005
528099668,0.34699157,0.355058,0.29795042
528442462,0.4968307,0.25503695,0.2481324
528733015,0.86098313,0.049401354,0.08961551
528733849,0.048101835,0.31620258,0.6356956
529049956,0.4649874,0.3080638,0.22694878
529119930,0.34733513,0.40796372,0.24470116
529149317,0.16742429,0.15579127,0.6767845
529347270,0.31509507,0.46819255,0.21671245
530237079,0.29189315,0.07718272,0.6309241
531712820,0.2993174,0.4348005,0.2658821
531742674,0.23011796,0.29442948,0.47545254
531762876,0.21186492,0.5794186,0.20871647
531802177,0.6201199,0.19390061,0.18597944
532564564,0.1734174,0.6646236,0.161959
532784338,0.29667845,0.50221527,0.20110627
533709279,0.23981383,0.5032688,0.2569174
533716847,0.16249922,0.5179037,0.3195971
534009280,0.42251462,0.29161292,0.28587246
534128256,0.6381553,0.1687246,0.19312009
534783084,0.25940192,0.51558465,0.22501339
535913956,0.4520479,0.3833081,0.16464394
536197453,0.051592015,0.8239674,0.12444055
536271761,0.3138495,0.35466328,0.3314872
536372485,0.15414792,0.7143997,0.13145234
536671942,0.24325289,0.4865299,0.2702173
536996793,0.022483781,0.030977856,0.94653845
537197772,0.24072045,0.43660614,0.3226734
537656047,0.35255846,0.31176528,0.33567628
537844111,0.36982828,0.31056744,0.3196043
538776576,0.57551223,0.15215605,0.27233177
540690343,0.40395388,0.2858274,0.31021872
541193619,0.25091973,0.4610769,0.2880034
542429495,0.6290703,0.15893799,0.21199173
542504862,0.49532574,0.18906808,0.31560612
542820231,0.8277073,0.05552517,0.116767585
542841085,0.4802817,0.17472352,0.34499472
543120523,0.29856783,0.43229493,0.26913726
543145444,0.31963718,0.31677336,0.36358947
543234609,0.39288798,0.38276157,0.22435044
543940711,0.20280041,0.5902667,0.2069329
544214786,0.39479432,0.4162963,0.18890935
544225345,0.5107808,0.26611555,0.22310366
544872274,0.1893098,0.42222112,0.3884691
545566626,0.37495884,0.3142935,0.31074768
546225186,0.6309251,0.14185461,0.2272203
546315077,0.25208744,0.34188703,0.40602556
546417633,0.15326574,0.56604826,0.28068596
546861510,0.4670957,0.21339475,0.31950957
547306174,0.011254355,0.030382713,0.9583629
547824489,0.43861997,0.2757433,0.28563666
547834505,0.23818783,0.55047125,0.21134089
548162287,0.11859425,0.59873164,0.28267413
548347711,0.3205579,0.27284107,0.406601
548419421,0.18193068,0.4921933,0.32587603
551039925,0.24613346,0.4782887,0.27557778
551387146,0.2925293,0.33637843,0.37109226
551523309,0.57328963,0.2596552,0.16705516
551666087,0.6310025,0.08943508,0.27956247
552003462,0.15553471,0.21347703,0.6309883
552460694,0.51007736,0.19854236,0.29138032
552754988,0.6061721,0.16148245,0.23234554
553169707,0.778135,0.038164705,0.18370031
553373646,0.36569104,0.41693607,0.2173729
554874554,0.35507825,0.46967492,0.17524686
555347592,0.21562012,0.34344208,0.44093776
555533992,0.35677573,0.36104447,0.28217983
555841080,0.05012798,0.5158872,0.43398476
556080585,0.56575,0.21883559,0.21541443
556267339,0.13329338,0.23199737,0.6347093
556641624,0.41382074,0.29611987,0.29005945
556806653,0.31524843,0.23370823,0.45104334
557127512,0.49837634,0.07125408,0.43036962
557447408,0.3839641,0.24949299,0.3665429
557792385,0.32722196,0.18301974,0.4897583
558546196,0.08040492,0.7804874,0.13910764
558650447,0.5778752,0.19350077,0.22862397
558672462,0.32236254,0.42360178,0.25403565
558939421,0.14840499,0.41878003,0.432815
559034161,0.21909864,0.5664155,0.21448587
559841020,0.4039592,0.36975488,0.22628592
559857624,0.22396968,0.36230022,0.4137301
560429456,0.39546925,0.3871901,0.21734068
562228476,0.28147632,0.4161523,0.30237147
562430896,0.19446158,0.3163148,0.48922357
562680966,0.008678663,0.95575106,0.03557027
562961343,0.38900208,0.28173575,0.32926217
563068360,0.3196391,0.33959803,0.3407629
563104997,0.23914121,0.4773055,0.28355333
563148670,0.20611285,0.54373634,0.25015077
564662663,0.2654642,0.2993804,0.43515545
565340720,0.6226851,0.19817995,0.17913498
565815983,0.3458581,0.2565166,0.39762533
566392918,0.19597305,0.5985768,0.20545015
566884218,0.48304474,0.20903036,0.3079249
566895084,0.54474366,0.17098403,0.28427228
567469867,0.27712858,0.4534339,0.26943752
567550094,0.18704967,0.61821467,0.1947357
567577713,0.45738354,0.29123077,0.25138572
568010629,0.38520715,0.30820584,0.306587
568066402,0.55022895,0.19620603,0.253565
568649004,0.5196335,0.22851346,0.25185305
568663419,0.52186996,0.23944424,0.23868576
569459919,0.27266127,0.35311753,0.37422115
570218060,0.19957311,0.5889394,0.21148749
570308949,0.5257217,0.26632753,0.20795071
570996161,0.359992,0.33821735,0.30179068
571041841,0.26284096,0.39426687,0.34289217
571209053,0.27005732,0.51988673,0.21005596
571277067,0.40117943,0.29363343,0.30518714
571988185,0.22340477,0.5323579,0.24423738
572276973,0.2842472,0.2023756,0.51337725
572313038,0.24530669,0.24831985,0.5063735
572744633,0.40625063,0.34190133,0.25184804
574045697,0.54696625,0.21295229,0.24008147
574380887,0.818455,0.044927813,0.13661712
574580866,0.6864657,0.1258446,0.18768977
575158595,0.21945296,0.54436195,0.23618504
576218656,0.29260302,0.35737526,0.35002175
576757059,0.5941491,0.15905264,0.24679826
577249205,0.23355706,0.36289543,0.4035475
577723078,0.062370744,0.85672146,0.080907755
577745968,0.4802545,0.21319929,0.30654618
577981192,0.28594485,0.39701945,0.3170357
579278125,0.48139122,0.21706344,0.3015453
579529388,0.85524,0.022154933,0.12260514
579642428,0.20049562,0.20011294,0.59939146
579715355,0.09508817,0.58627313,0.31863865
580083281,0.3748729,0.334268,0.29085913
580505326,0.5197848,0.2307065,0.24950874
580817462,0.3449778,0.39733544,0.25768676
580852563,0.40192145,0.25681117,0.34126738
581195851,0.33768147,0.16164194,0.50067663
581547722,0.44363376,0.3370434,0.2193228
581563108,0.44203734,0.31243908,0.24552365
581685587,0.44105044,0.28296173,0.27598792
582308709,0.3904534,0.3657609,0.24378571
582476417,0.4424191,0.30988654,0.24769434
583290120,0.17078382,0.7426036,0.0866125
583401128,0.24776977,0.50732094,0.2449093
583719575,0.27736723,0.43518728,0.2874455
583848021,0.29672572,0.43367442,0.26959977
584741583,0.5295511,0.24684642,0.22360243
585865171,0.25565484,0.43951234,0.30483282
586101746,0.4169058,0.3418799,0.24121433
586250115,0.37044916,0.34309432,0.2864565
586297191,0.18647045,0.56431615,0.24921337
586892805,0.5965042,0.10916605,0.29432976
587898721,0.5660441,0.11016287,0.32379308
587899679,0.31668738,0.2685749,0.41473776
588180192,0.37249738,0.36979684,0.25770578
588311493,0.4969607,0.17056455,0.33247468
589133701,0.12862375,0.7031656,0.16821063
589175293,0.21642235,0.31420693,0.4693707
589502042,0.44926798,0.3249605,0.22577152
589612364,0.22532083,0.5204639,0.25421524
589614948,0.7898254,0.06305067,0.14712396
590196040,0.2993128,0.40076968,0.29991758
590232571,0.475373,0.20955758,0.31506944
590502031,0.31139213,0.33771512,0.35089272
591739967,0.32768437,0.41769212,0.25462347
591814569,0.64722466,0.13314457,0.21963076
592137130,0.31537127,0.35375893,0.33086982
592267907,0.54058635,0.1680998,0.29131386
592339714,0.18759504,0.3327662,0.4796388
592361031,0.25059196,0.47235817,0.2770499
592802352,0.6622513,0.11258461,0.22516416
592824435,0.28968972,0.31657586,0.39373437
592880070,0.32173145,0.29996476,0.37830374
593623660,0.26712236,0.42432895,0.3085487
593824050,0.0813674,0.81889874,0.09973389
593926914,0.39615488,0.29237586,0.31146923
594444177,0.27480602,0.19234745,0.5328465
594593614,0.25240535,0.52446383,0.22313085
594972106,0.18987752,0.66907436,0.14104813
596729828,0.22249426,0.5935542,0.18395148
597139217,0.27943408,0.1809269,0.539639
597452644,0.28472805,0.51675856,0.1985134
597628228,0.45377594,0.26255655,0.28366753
598977526,0.3299745,0.35601857,0.31400692
600369566,0.24835348,0.17459325,0.57705325
600392410,0.23994525,0.56469715,0.19535756
600671742,0.50007224,0.12766685,0.3722609
600998034,0.37729052,0.32140058,0.3013089
601615534,0.19781731,0.29103723,0.5111455
601752232,0.29421672,0.3723957,0.33338758
601782553,0.2358667,0.27626434,0.48786893
601795468,0.53391415,0.19071895,0.27536696
601977109,0.47548833,0.18062773,0.34388393
602400438,0.3704102,0.32473156,0.3048583
603184557,0.551659,0.1573294,0.29101166
603564745,0.3336337,0.30947047,0.35689577
603606046,0.23045209,0.47383082,0.295717
604000745,0.28080675,0.43955138,0.27964193
604459389,0.30170628,0.42349827,0.2747955
604482704,0.35103336,0.35494336,0.29402325
605355263,0.479163,0.28284746,0.23798949
605594223,0.21352315,0.57493603,0.21154082
606126039,0.101924926,0.7710485,0.12702657
606135544,0.13188516,0.6951176,0.17299722
606281151,0.11718364,0.69013804,0.1926783
606339898,0.29517323,0.30307156,0.4017552
606534673,0.4087928,0.34740782,0.24379936
606751072,0.44254127,0.2107512,0.3467075
607447957,0.49583495,0.20941292,0.2947521
607485751,0.41539052,0.27881956,0.30578995
608212960,0.13444436,0.7412565,0.12429918
608267147,0.38424635,0.29272738,0.32302624
608285613,0.37776166,0.20362906,0.4186093
608376886,0.30966327,0.4468448,0.24349192
608628789,0.3561438,0.2456602,0.39819595
608935608,0.27514946,0.32071212,0.40413842
609256004,0.3794407,0.25583822,0.3647211
610172207,0.2731555,0.2614986,0.46534595
610527295,0.56781715,0.10504981,0.32713303
610610895,0.058730993,0.84533966,0.09592941
612733077,0.46575835,0.22207229,0.31216925
613610889,0.21513882,0.50284815,0.28201303
613957102,0.3935726,0.22284792,0.38357943
614039879,0.5273112,0.25782582,0.21486297
614293699,0.72394073,0.09833795,0.1777213
614835124,0.8265425,0.06560184,0.107855655
615412233,0.33145785,0.4294441,0.23909812
615438484,0.40039843,0.3810605,0.21854107
615728639,0.3018161,0.3428041,0.35537982
616276616,0.5521893,0.23407018,0.21374056
616655203,0.22575499,0.49486014,0.2793848
616738734,0.3166761,0.4804638,0.2028601
616981423,0.46391514,0.19761857,0.33846626
616983496,0.4576335,0.29469463,0.24767181
617415618,0.90284246,0.020667927,0.07648959
617524277,0.12206925,0.35963064,0.51830006
617814634,0.44626796,0.253658,0.3000741
618726767,0.20277683,0.53941816,0.25780502
618796641,0.26259023,0.5645094,0.17290035
618915607,0.13434203,0.2666671,0.59899086
618976282,0.24382,0.45866546,0.2975145
619135224,0.48010272,0.24839273,0.2715045
619258698,0.43826532,0.18879773,0.37293696
619754987,0.5717919,0.16503362,0.26317444
619808478,0.30732843,0.33653495,0.35613665
620473724,0.4455646,0.20616892,0.34826642
620603737,0.28846467,0.39782056,0.3137147
620648682,0.33997348,0.32341376,0.3366128
620732984,0.34453005,0.28840575,0.3670642
621618295,0.5803197,0.20960997,0.21007033
621778716,0.6143905,0.15137435,0.23423506
622645726,0.27591717,0.47130772,0.25277513
622961338,0.4006917,0.26569882,0.33360946
623152842,0.34739578,0.2802651,0.3723392
623369789,0.5409054,0.23627049,0.22282411
624057439,0.41986793,0.33861467,0.24151738
624300941,0.40560547,0.32095414,0.27344042
624501541,0.5437649,0.20950127,0.24673387
625625335,0.39460146,0.2040106,0.40138793
625966769,0.19722812,0.5551686,0.24760321
626800367,0.4055694,0.27973244,0.31469816
627364006,0.61602277,0.22092558,0.1630516
627707203,0.1698227,0.8209553,0.009222039
627739421,0.35305092,0.34126487,0.3056842
628934369,0.40649405,0.26872823,0.32477772
629138111,0.28324023,0.36882704,0.34793273
629377595,0.29435992,0.48610866,0.21953148
629867876,0.3488506,0.32413948,0.3270099
629931733,0.019892816,0.76779,0.2123172
630163751,0.28430718,0.20273301,0.5129598
631035919,0.32143983,0.34981924,0.3287409
631378742,0.26896223,0.44558915,0.28544858
631465125,0.17670296,0.5638961,0.25940093
631872196,0.37191957,0.32900488,0.29907557
633526540,0.54179674,0.16043787,0.29776537
633885714,0.47583687,0.21425653,0.30990657
633953047,0.57799155,0.27438903,0.14761944
634054182,0.28596964,0.489962,0.22406833
635369785,0.5641908,0.07326124,0.36254793
635773769,0.46317485,0.17688027,0.3599448
636158648,0.57738006,0.18963525,0.23298472
637254910,0.56018925,0.18476693,0.25504383
637709252,0.45557827,0.26538634,0.27903536
638560335,0.6809468,0.11715936,0.20189379
638796249,0.5637715,0.18726188,0.24896665
638858569,0.2992243,0.22759624,0.47317943
638900637,0.35609987,0.3021282,0.34177193
639347682,0.21865268,0.64760673,0.13374056
639670437,0.3983509,0.29526317,0.3063859
639924357,0.29827607,0.36495063,0.33677325
640333247,0.44269705,0.27454734,0.28275558
640412363,0.51545614,0.23579304,0.24875084
641073309,0.2672073,0.46403503,0.26875767
641156730,0.25638172,0.5178544,0.2257639
641404672,0.24576008,0.43843773,0.31580222
641560508,0.25008056,0.33158433,0.4183351
641574918,0.105934426,0.44790244,0.44616315
641602779,0.37401208,0.35555953,0.2704284
641783507,0.28253448,0.40689096,0.31057453
642287101,0.3373102,0.3437843,0.3189055
642560031,0.2618633,0.50513613,0.23300059
642631728,0.22083217,0.32734737,0.45182052
643884486,0.185593,0.5787213,0.23568574
644083060,0.24450281,0.31833956,0.43715763
644106073,0.33428088,0.3685902,0.29712892
644142937,0.22688149,0.5690782,0.20404027
644263884,0.41712257,0.28715587,0.29572153
645037218,0.5509395,0.20607413,0.24298641
645327812,0.3261478,0.41070822,0.26314396
645973321,0.3888867,0.15488282,0.4562305
646125203,0.19365792,0.6442652,0.16207689
646521383,0.3118625,0.4286696,0.25946784
646819108,0.3069105,0.3708852,0.32220426
646882355,0.250364,0.47939166,0.2702443
647050109,0.5880836,0.08988088,0.32203543
647103697,0.13631852,0.6810051,0.18267636
647585104,0.38621253,0.36725324,0.24653421
647706301,0.45536914,0.0990397,0.44559118
647817701,0.34400547,0.33475414,0.3212404
648578639,0.25769827,0.48693904,0.2553627
648745391,0.5360505,0.23178267,0.23216683
649147579,0.62347245,0.15140831,0.22511925
649561047,0.2843831,0.38859436,0.32702252
650676781,0.27297086,0.36030933,0.36671984
651006780,0.2875181,0.43074375,0.28173816
651081595,0.28743753,0.35588375,0.3566787
651252897,0.2234433,0.49016985,0.28638688
652030126,0.28592446,0.46220374,0.2518718
652168688,0.37981853,0.28710437,0.33307716
652243796,0.122128814,0.38597378,0.4918974
652365545,0.5358687,0.22074744,0.24338385
653141643,0.21481515,0.5360755,0.24910939
653382237,0.0872864,0.66388196,0.24883163
653856301,0.49798346,0.26683912,0.23517746
654045991,0.114445396,0.4724057,0.41314894
654413412,0.47774526,0.13052803,0.3917267
654459974,0.36206308,0.45260334,0.18533365
654531963,0.6121701,0.17162985,0.2162001
655026800,0.12406453,0.32250765,0.5534278
655258324,0.121935904,0.7122,0.16586405
655474973,0.2878298,0.39469516,0.31747508
655503953,0.26588503,0.4895337,0.24458134
655513578,0.93932605,0.010584312,0.050089583
655586138,0.366635,0.3232854,0.31007954
655689915,0.116686985,0.68650705,0.19680598
656063143,0.68393534,0.17449322,0.14157148
656096058,0.50239676,0.26837724,0.22922598
656359553,0.16037346,0.6768967,0.16272984
656738576,0.34411842,0.40822583,0.24765575
656926194,0.4756358,0.2564017,0.26796255
657155211,0.38479328,0.1858476,0.4293591
657172356,0.6781718,0.09979381,0.2220344
657663123,0.37891185,0.2702464,0.35084176
658036226,0.26943034,0.49664447,0.23392518
658322743,0.5563156,0.22113998,0.22254442
658368759,0.34153262,0.29341072,0.3650567
658835196,0.5224328,0.19357552,0.28399163
658940391,0.498052,0.20089388,0.30105418
659000092,0.3293793,0.24480721,0.42581347
659031444,0.28574657,0.3867774,0.32747597
659096165,0.83328986,0.059165817,0.1075443
659405039,0.13410935,0.71811604,0.14777455
660330681,0.36736938,0.42965415,0.20297645
660573572,0.27271402,0.2270904,0.50019556
660696498,0.022483781,0.030977856,0.94653845
660837283,0.3661584,0.2550751,0.3787665
661584705,0.4006242,0.29897752,0.30039835
661634986,0.23840271,0.52448577,0.23711155
662041526,0.3671841,0.2645365,0.36827937
663275954,0.6642875,0.15126891,0.18444352
663505936,0.26247612,0.48462301,0.25290087
663596873,0.2955528,0.50061184,0.20383538
663641436,0.13328676,0.42661175,0.44010144
664050173,0.23019597,0.269363,0.5004411
664636162,0.14446469,0.6791808,0.17635457
665012441,0.23037255,0.32113984,0.44848764
665186115,0.34892946,0.26050684,0.39056373
665350638,0.28078553,0.4844952,0.2347192
665725038,0.6454792,0.096800976,0.25771984
665911339,0.418463,0.28213406,0.29940295
666472411,0.41287702,0.37520692,0.21191609
667479481,0.118320175,0.7544835,0.1271963
667613362,0.4198705,0.28523365,0.29489592
669973172,0.25926736,0.13780166,0.6029309
670430260,0.24918385,0.07031348,0.68050265
670626922,0.34832597,0.40371814,0.24795593
670682613,0.0889803,0.16679531,0.7442244
671119891,0.3920428,0.33140963,0.27654758
671658366,0.65196264,0.13715534,0.210882
673270883,0.9332531,0.018384652,0.048362207
673317986,0.35944968,0.4048491,0.23570122
673686316,0.37890765,0.3075982,0.3134941
673901034,0.8004329,0.0482965,0.1512706
673941660,0.26200926,0.49704385,0.24094684
673959517,0.19819507,0.5607664,0.24103852
674416108,0.38084453,0.21414927,0.4050062
674888997,0.41880527,0.12001704,0.46117774
675078324,0.32673,0.28597438,0.3872956
676480503,0.24938801,0.361141,0.38947096
676698890,0.16621569,0.65671766,0.17706667
676801749,0.25453633,0.5099781,0.23548555
676837218,0.19535807,0.1617813,0.64286065
676859711,0.4065396,0.36476845,0.22869192
676996700,0.35079297,0.31609842,0.33310857
677770110,0.3010379,0.22534314,0.47361895
677826140,0.43288884,0.21001193,0.35709924
678702467,0.5162118,0.23839764,0.24539052
678737842,0.42084208,0.32446957,0.25468832
679068289,0.07949747,0.793309,0.12719357
679218544,0.607392,0.1541294,0.2384786
679568865,0.26692936,0.3996362,0.3334344
679731104,0.57823724,0.18490636,0.23685646
679793221,0.38673547,0.3095595,0.30370504
679936958,0.48696992,0.34120956,0.17182043
680499042,0.39618078,0.31303787,0.29078138
680733195,0.4423456,0.277154,0.2805004
681807508,0.31399626,0.3897843,0.29621947
681889716,0.14411525,0.680718,0.1751667
682104918,0.5101348,0.28451994,0.20534524
682365957,0.4890575,0.24382833,0.26711413
682489476,0.068128966,0.68872124,0.24314985
682574289,0.065339155,0.83317786,0.101482935
682973709,0.34189713,0.19741501,0.46068785
683702449,0.3811803,0.2661478,0.35267192
683899688,0.42806074,0.28758577,0.2843535
684010270,0.31193924,0.44134182,0.24671896
686070041,0.24778984,0.30213022,0.4500799
686286920,0.39406058,0.27013686,0.33580258
686457079,0.5229242,0.17995317,0.29712266
686462898,0.48584008,0.19660707,0.3175528
686662972,0.3943612,0.32004333,0.28559548
687551799,0.2445885,0.5405263,0.21488522
687591918,0.2512621,0.30523217,0.44350576
687812280,0.24339426,0.41808677,0.33851898
687837478,0.3537613,0.32085565,0.32538307
688096818,0.7610387,0.035206586,0.20375466
688105810,0.5769187,0.10987641,0.31320488
688455809,0.5681371,0.11167051,0.32019234
688706246,0.15563597,0.5793444,0.26501969
688752848,0.3933842,0.39062846,0.21598735
689927743,0.2593723,0.35832843,0.38229924
690027544,0.24483417,0.4198026,0.33536324
690301786,0.33382455,0.3803918,0.28578365
690471494,0.32932818,0.43803716,0.23263463
691110298,0.40408596,0.17186563,0.42404842
691684000,0.29045463,0.41236117,0.2971842
691827418,0.2187346,0.20062108,0.5806443
692455146,0.25383314,0.3693346,0.3768323
692565969,0.38809544,0.14298004,0.4689245
692748238,0.06442548,0.84595037,0.08962411
692905067,0.49098948,0.19880518,0.3102053
693187585,0.3527242,0.37762824,0.2696476
694521999,0.36405474,0.4750312,0.16091406
694908195,0.35712913,0.24723217,0.39563867
696201527,0.66240203,0.14917195,0.188426
696349075,0.15656132,0.55560726,0.2878315
696847650,0.3852529,0.33087957,0.2838675
697643140,0.18666694,0.6090011,0.20433196
697692199,0.20239958,0.562308,0.23529236
697891184,0.29744425,0.36575943,0.33679628
697961982,0.40420395,0.25857696,0.33721915
697992086,0.69208354,0.10617046,0.20174605
698396473,0.5281524,0.19945532,0.2723923
698629835,0.37689376,0.23053434,0.3925719
699730587,0.22609848,0.45671666,0.3171849
700833248,0.47615105,0.27264994,0.2511991
701066676,0.20687845,0.33926728,0.4538543
701281102,0.25943822,0.39504135,0.34552038
701950675,0.30741376,0.21836397,0.47422227
702393997,0.4448212,0.24439023,0.31078863
703062767,0.36071798,0.31190857,0.32737342
703316830,0.31739816,0.3727772,0.30982468
704622304,0.20702757,0.5541027,0.23886967
704878730,0.5152869,0.27286983,0.21184333
705462213,0.43838942,0.2781953,0.28341532
705834285,0.40057546,0.32239765,0.2770269
705903164,0.36748016,0.39479598,0.23772381
706242139,0.42916507,0.25476214,0.31607276
706733495,0.3316932,0.35021257,0.3180942
707075322,0.12174665,0.70937485,0.1688785
707164709,0.07471771,0.77314126,0.15214105
707208336,0.2663293,0.39531082,0.33835995
707221983,0.32921118,0.33230534,0.33848345
707416409,0.31128314,0.3413714,0.34734544
707601034,0.29380396,0.63370925,0.07248683
709553495,0.54047704,0.22917722,0.2303457
709929698,0.43108955,0.33365434,0.23525609
710286670,0.20142138,0.45493883,0.3436398
710520312,0.79379374,0.050243784,0.15596259
710836443,0.3636925,0.26003805,0.3762695
710886493,0.42490003,0.373963,0.201137
711176714,0.3320368,0.45599538,0.21196781
711847684,0.2616875,0.45766842,0.28064415
711989467,0.23039809,0.49229416,0.27730775
712127635,0.21884482,0.5930844,0.18807077
712273615,0.36017838,0.26763907,0.37218258
713228176,0.38773414,0.30927083,0.30299506
713694309,0.25135425,0.46664587,0.28199992
713781164,0.39314783,0.36708358,0.23976856
714078928,0.30211926,0.31499863,0.38288212
714713883,0.5907598,0.27146524,0.13777499
714790975,0.44167042,0.2222089,0.3361207
714938899,0.3554525,0.34758937,0.29695815
715443817,0.40531465,0.35343793,0.24124737
715837668,0.2976298,0.36617932,0.33619085
715939405,0.38134888,0.2710746,0.34757653
716424535,0.29093406,0.36510164,0.34396428
716841346,0.12570673,0.49050054,0.38379273
716852385,0.23442422,0.3890614,0.37651435
716989034,0.2924469,0.43816382,0.2693892
717515506,0.40126637,0.3163769,0.28235674
717707503,0.26147646,0.48444283,0.25408077
718073662,0.7263628,0.12714553,0.14649166
718751268,0.2726562,0.4762911,0.25105268
719211729,0.30431896,0.28617373,0.40950727
719424726,0.61773384,0.17142685,0.21083932
719705991,0.38008326,0.28552234,0.3343944
719937718,0.3959845,0.40079072,0.20322481
720178956,0.34778664,0.35684463,0.2953687
720298015,0.3671839,0.30456758,0.3282485
720727081,0.2028346,0.22578207,0.57138336
721206209,0.45015785,0.2688712,0.28097102
721313802,0.38775587,0.36853278,0.24371141
722150854,0.6563876,0.092398465,0.25121388
722598282,0.08163917,0.75508964,0.16327113
722928219,0.35651553,0.31142652,0.33205798
723087212,0.17177162,0.1558955,0.6723328
724122706,0.44602385,0.22739393,0.32658222
724301501,0.5722345,0.20248032,0.22528516
725437706,0.3712409,0.2393947,0.38936442
725561579,0.5873447,0.16563381,0.24702147
725740894,0.3383742,0.3950261,0.26659968
726263415,0.3625953,0.21290402,0.42450073
726366958,0.36112103,0.1382293,0.5006497
726404169,0.31631517,0.3197221,0.3639627
726526458,0.3285111,0.3620514,0.30943754
726851833,0.5267955,0.2316876,0.24151692
727422554,0.5997624,0.16521,0.23502761
727567457,0.5569657,0.26314417,0.17989013
727787855,0.45341906,0.2754341,0.27114674
728810270,0.18542689,0.28980196,0.52477115
729598974,0.5441518,0.2589596,0.19688863
729755643,0.19220003,0.28148025,0.5263197
729941520,0.60518366,0.13508694,0.25972942
730201702,0.36067298,0.19780597,0.44152108
730298009,0.6830598,0.05665622,0.260284
730305057,0.28085577,0.39207077,0.32707345
730946701,0.121779166,0.69401443,0.18420643
731144877,0.18611589,0.5000898,0.31379429
731683978,0.15965973,0.6950855,0.14525475
732056765,0.51582384,0.25665846,0.22751766
732489087,0.38864815,0.23909344,0.37225848
732656950,0.46893513,0.22086477,0.31020015
732895580,0.27223715,0.43169335,0.2960695
733296181,0.27937612,0.33164486,0.38897902
733860008,0.73167247,0.12354703,0.14478049
733939013,0.257235,0.16742499,0.57534003
734693203,0.14569414,0.23100705,0.62329876
735787581,0.6479334,0.039525744,0.3125409
735929597,0.30042505,0.47319597,0.2263789
736372075,0.35277253,0.46128744,0.18594006
736875382,0.31044802,0.45170724,0.23784472
737005289,0.26571837,0.43609965,0.29818198
737131407,0.22496064,0.56617916,0.20886025
738005775,0.58206123,0.202254,0.21568477
738776913,0.37143624,0.3140415,0.3145223
739194968,0.26861173,0.33272207,0.39866623
739317287,0.3534162,0.31961638,0.32696748
739462574,0.12268039,0.71111846,0.16620116
739679063,0.5459308,0.23682742,0.21724184
740379158,0.34320343,0.3942128,0.26258376
740499078,0.20157936,0.5667106,0.23171005
740658432,0.39949957,0.3578805,0.24261996
740715880,0.23316793,0.35728303,0.40954912
741494977,0.33160156,0.33435562,0.33404282
741626533,0.51546156,0.22035275,0.2641856
741858402,0.42262965,0.24572518,0.33164513
742339597,0.26679775,0.28569168,0.4475105
742536184,0.15583523,0.70368046,0.14048432
743068495,0.5035458,0.21056718,0.28588706
743558482,0.5257865,0.24965751,0.22455595
743813489,0.17479114,0.56822884,0.25698006
744531722,0.44384837,0.35736832,0.19878325
745085593,0.7538317,0.08665282,0.15951546
745151072,0.7689443,0.10209661,0.12895906
745182401,0.22204551,0.3360151,0.44193935
746235401,0.457278,0.33971116,0.20301086
746379034,0.5458125,0.22596256,0.228225
746476011,0.69948786,0.11131156,0.18920061
746866579,0.17932646,0.6104314,0.21024212
748126861,0.2890391,0.3413207,0.3696402
748212891,0.28055745,0.5092453,0.21019728
749487665,0.2437065,0.42425075,0.33204278
749510108,0.50858396,0.19954768,0.29186836
749871207,0.35919702,0.26858944,0.37221348
749951216,0.49055716,0.28084466,0.2285982
750184753,0.29772758,0.15814176,0.5441307
750254005,0.45595038,0.27075696,0.2732927
750293902,0.3307947,0.46227828,0.206927
750715657,0.2861468,0.3793247,0.33452848
751177002,0.26180965,0.50196105,0.2362293
751917033,0.50630546,0.18896013,0.3047344
752041170,0.21033952,0.5517028,0.2379577
752474325,0.22130607,0.5827853,0.19590865
752499740,0.38769773,0.30791488,0.3043874
752578279,0.3102407,0.21060735,0.479152
752700137,0.3864321,0.23311642,0.38045144
752788370,0.20552933,0.59244514,0.20202555
754005766,0.35884666,0.3732841,0.2678693
754282219,0.45419946,0.22555178,0.32024866
755415587,0.6798146,0.13788122,0.18230416
755496986,0.4054904,0.30290228,0.2916073
755613127,0.29696944,0.24116063,0.46186987
755775876,0.4179994,0.29634947,0.28565118
755893152,0.28173858,0.45660684,0.2616546
756193681,0.29051584,0.3591859,0.35029826
756378651,0.14477001,0.7174812,0.13774876
756865722,0.109587334,0.70280737,0.18760532
756907137,0.5937393,0.15670863,0.24955209
757373866,0.3153489,0.24463564,0.44001547
757724402,0.29799777,0.28534612,0.4166561
757983870,0.22795968,0.5073511,0.26468924
758849482,0.29326737,0.3121964,0.39453623
758876399,0.5236085,0.21365574,0.2627358
759261823,0.19358814,0.5586755,0.24773638
759277000,0.50770587,0.19079918,0.301495
759336167,0.19175728,0.59559655,0.21264616
759672267,0.7906974,0.059102576,0.15020001
760439663,0.500319,0.24751318,0.2521678
760453636,0.30923367,0.33668137,0.35408494
760565716,0.47725537,0.24124856,0.28149605
760745724,0.5066237,0.23308623,0.2602901
760926556,0.21552426,0.39627936,0.38819635
761022137,0.4615336,0.21729831,0.32116807
761676718,0.5734724,0.18504775,0.24147986
762309839,0.6148636,0.20364358,0.18149291
762987277,0.3476543,0.30097473,0.35137093
764002960,0.22544536,0.5053756,0.26917902
764229391,0.25932243,0.3240853,0.41659233
764686941,0.2728861,0.09724918,0.62986475
765141950,0.25995517,0.40341133,0.33663353
765333581,0.30034044,0.13099287,0.5686667
765714873,0.4177417,0.21893558,0.36332273
766251514,0.16598988,0.43963507,0.39437503
766386767,0.2706026,0.30923444,0.42016295
766400103,0.38067153,0.2605675,0.358761
766612952,0.3022324,0.42904872,0.26871887
766722692,0.3526431,0.2536551,0.3937018
766932726,0.5655072,0.19789563,0.23659715
767177121,0.35177296,0.28713936,0.36108765
767246588,0.25303757,0.16357772,0.58338475
767335610,0.24158067,0.32267627,0.435743
767762989,0.22896132,0.4293989,0.34163976
767832946,0.34353825,0.3103598,0.34610194
768729488,0.44589546,0.21415769,0.33994684
768775087,0.11862205,0.6447371,0.23664083
768887092,0.37852553,0.27425203,0.34722248
769279558,0.38192806,0.30787852,0.3101934
769367026,0.49836302,0.21226726,0.28936973
769656894,0.43785563,0.28691056,0.27523378
769724993,0.2930594,0.2172302,0.48971045
769862955,0.47362992,0.36219594,0.16417418
770180100,0.6198122,0.19254707,0.18764067
770315429,0.2622349,0.45957065,0.2781945
770367099,0.65085423,0.16351822,0.18562758
770665678,0.6134864,0.12250503,0.2640085
770756393,0.3750794,0.30563504,0.3192856
772642297,0.24818265,0.19135663,0.56046075
772977288,0.20051645,0.27819586,0.5212877
773095797,0.5054769,0.23708531,0.25743783
773119245,0.21790995,0.56264776,0.21944231
773209063,0.33200958,0.31314945,0.35484096
773612197,0.075522855,0.78016394,0.14431319
774107155,0.63680947,0.121363275,0.24182723
774668956,0.28139547,0.48037603,0.23822848
774779768,0.3862407,0.30998865,0.30377066
775179909,0.18250646,0.38246435,0.43502924
775375578,0.37853357,0.21895522,0.4025112
775939321,0.028496237,0.9006268,0.070876956
776133752,0.47168502,0.21085253,0.31746247
776588401,0.30455336,0.40658012,0.28886658
777100057,0.1472976,0.6983079,0.15439455
777182159,0.45233253,0.27204064,0.2756269
778769616,0.30329487,0.14147082,0.5552343
778992448,0.72757196,0.09346028,0.17896776
779084824,0.12441358,0.71896225,0.15662417
779313044,0.71982,0.11817826,0.16200174
780105077,0.2642509,0.4079735,0.3277756
780787165,0.67264503,0.14319254,0.18416248
780817472,0.30438247,0.4742663,0.2213512
782629653,0.31495297,0.46985584,0.2151912
782753531,0.4570445,0.29277697,0.25017852
782879180,0.10691447,0.6663885,0.22669706
782886254,0.8492318,0.051319763,0.09944853
783217410,0.73652744,0.047769256,0.21570328
783325507,0.49832207,0.09845044,0.40322748
783375389,0.15244068,0.64901984,0.19853951
783886855,0.20607251,0.6514388,0.14248875
784098937,0.7498167,0.077903,0.17228039
784259889,0.70466185,0.088367075,0.2069711
785003804,0.17889114,0.6097287,0.21138018
785111360,0.3516982,0.30951527,0.3387866
785376197,0.40216547,0.33246413,0.26537034
785631402,0.45140105,0.22669873,0.3219002
786207655,0.2087633,0.5561651,0.23507155
786626012,0.13283631,0.68776053,0.17940316
786803335,0.49530908,0.2743706,0.2303203
787155552,0.8331092,0.011187576,0.15570328
787210188,0.241439,0.286551,0.47200996
787241355,0.0562409,0.84188765,0.10187149
787251782,0.3374509,0.42984018,0.23270887
787390419,0.44608596,0.12662901,0.42728508
787664513,0.20950812,0.39480934,0.3956826
787762984,0.33582202,0.26891807,0.3952599
788043928,0.24776681,0.46765038,0.28458276
788417573,0.2673001,0.2840745,0.44862542
788618045,0.21423055,0.5264324,0.25933704
789025604,0.41596347,0.32967815,0.2543584
789036812,0.3116591,0.445184,0.24315691
789046088,0.65885335,0.13333529,0.20781143
789528669,0.48051786,0.24692953,0.27255258
790347119,0.35625824,0.3235619,0.32017982
790604621,0.3551048,0.31489614,0.3299991
791119613,0.33245966,0.44707486,0.22046545
791814044,0.41788235,0.28623903,0.29587862
793305609,0.6027591,0.15861237,0.23862848
793959663,0.32470936,0.2050275,0.47026312
794401166,0.49843624,0.29762775,0.20393607
794421504,0.45854932,0.30152708,0.23992366
794511537,0.28297618,0.43516424,0.28185955
794523605,0.24197371,0.49152243,0.26650384
794645357,0.36011007,0.28716168,0.35272822
795049146,0.25015235,0.53932774,0.2105199
795273803,0.13437219,0.6582927,0.20733516
796039373,0.38208467,0.30378845,0.31412694
796111440,0.3604693,0.33709222,0.3024385
796273532,0.31842014,0.44738728,0.23419254
796779245,0.42009422,0.21408275,0.36582294
797580868,0.12956716,0.6933439,0.17708893
797947496,0.6577996,0.13625193,0.2059485
798111732,0.43042892,0.28085285,0.28871822
798390416,0.08863741,0.81239164,0.09897097
798759243,0.18938117,0.37454042,0.4360784
799099699,0.24604723,0.44258213,0.3113707
801177483,0.4395186,0.28212547,0.27835596
801610829,0.15627082,0.5540206,0.28970858
801750304,0.26111674,0.28366798,0.45521533
801841311,0.6142992,0.1836241,0.20207676
802140433,0.42143178,0.10205331,0.47651488
802382754,0.41274107,0.2897812,0.2974777
802496863,0.1826176,0.45635444,0.36102793
802508480,0.5116974,0.24956794,0.23873465
803033356,0.47470722,0.2563866,0.26890624
803421317,0.5342486,0.18797083,0.27778056
803755354,0.61586857,0.16396005,0.22017138
804670237,0.18439038,0.3449,0.4707096
805052962,0.32016575,0.4698717,0.20996252
805166016,0.29440114,0.2861403,0.4194586
805218091,0.5309428,0.22785929,0.24119796
805672468,0.3183967,0.39084795,0.29075533
806352566,0.41985798,0.2825794,0.2975626
806361759,0.8586906,0.037945252,0.103364095
806490979,0.5552669,0.16185059,0.28288257
806537741,0.34868702,0.32537064,0.3259424
806773863,0.23903476,0.47252148,0.28844374
807302486,0.30542278,0.39363357,0.3009436
807533503,0.1152333,0.30062217,0.5841446
807948782,0.4579652,0.21036887,0.3316659
808284062,0.27225095,0.48762563,0.24012336
808724574,0.46633705,0.12533228,0.40833068
809592779,0.5712322,0.19932985,0.22943798
810365751,0.41009143,0.19369972,0.39620882
810664849,0.29789722,0.35194424,0.35015848
810865152,0.15155996,0.5142788,0.3341612
810963872,0.05982762,0.3506794,0.5894929
811251686,0.30376917,0.40073824,0.2954926
811700473,0.48686883,0.23585165,0.2772795
812069136,0.73839617,0.12692787,0.13467601
812238034,0.7495684,0.060835853,0.18959579
812843511,0.55267096,0.14387983,0.3034492
813380743,0.56495756,0.17376809,0.26127434
813585561,0.2044239,0.26372075,0.53185534
814256860,0.30033448,0.22849786,0.47116768
814910645,0.91687506,0.018888595,0.064236365
815192636,0.69714266,0.12454533,0.17831206
815240256,0.51170385,0.29515254,0.19314364
815650367,0.36545685,0.38635844,0.24818474
816116403,0.12028343,0.5464103,0.33330622
816553274,0.23009928,0.39866915,0.3712316
816949584,0.55913734,0.23256439,0.20829831
817052032,0.40293533,0.3919774,0.2050873
818888212,0.4308134,0.3287293,0.24045728
819867609,0.44371435,0.2401306,0.31615502
820070283,0.27710587,0.25503388,0.4678603
821029719,0.20393233,0.56775135,0.22831634
821058180,0.22622615,0.56117123,0.21260263
821387852,0.30476087,0.47132143,0.22391768
822175390,0.5710995,0.20945984,0.2194406
822273149,0.52489704,0.24384156,0.23126145
822325505,0.40282816,0.31022534,0.28694648
822444951,0.4962385,0.10818529,0.3955762
822471354,0.3518568,0.3356675,0.31247568
822597250,0.1765281,0.66151506,0.16195686
822609301,0.37360618,0.36608934,0.26030445
822716820,0.30601233,0.42631027,0.26767734
823017940,0.21109697,0.54794765,0.24095538
823518029,0.55517846,0.2199911,0.22483048
823763694,0.47824752,0.10763303,0.41411945
823880359,0.55512834,0.12618081,0.3186908
824150097,0.49510333,0.260498,0.24439873
824819740,0.26556098,0.44244307,0.2919959
825074528,0.24013455,0.5843294,0.17553605
825088230,0.19941413,0.19225606,0.6083298
825396381,0.5767803,0.16530594,0.25791377
825406291,0.35015243,0.32023415,0.32961336
826200682,0.449952,0.23294654,0.3171015
826445353,0.25159386,0.24162027,0.50678587
828695300,0.460791,0.34768692,0.19152209
828984250,0.22047849,0.49185622,0.2876652
829239840,0.54481715,0.22041509,0.23476772
829779419,0.29858264,0.36957642,0.33184096
830625399,0.49469236,0.1934877,0.31181994
830626466,0.23952754,0.15992452,0.60054797
830895804,0.12117602,0.7107179,0.16810606
831167918,0.4682428,0.13828239,0.39347482
831596017,0.21963088,0.51512766,0.26524147
831611698,0.47563797,0.24820736,0.27615476
831778902,0.12094326,0.46654138,0.41251543
831914526,0.11395665,0.46918556,0.41685772
832033816,0.6889513,0.13147147,0.17957716
832141352,0.08360307,0.63973075,0.27666622
832276412,0.8183932,0.06363103,0.117975794
832453013,0.60606146,0.1275961,0.26634243
832472146,0.7806154,0.07965302,0.13973157
832736097,0.17618906,0.49883857,0.3249724
832834015,0.20152995,0.103400186,0.69506985
833599586,0.18013048,0.6673177,0.1525518
833616571,0.23917477,0.47038177,0.29044348
834307597,0.4426708,0.3192805,0.23804867
834664688,0.19436288,0.19823985,0.60739726
834686163,0.17992218,0.344554,0.47552374
835133821,0.49343202,0.2784829,0.22808506
835146954,0.13620865,0.6983191,0.16547227
835588426,0.16344152,0.56253403,0.27402446
836453240,0.42552623,0.28442818,0.2900456
836952406,0.40874386,0.2967498,0.2945064
837095892,0.47069323,0.23295467,0.2963521
837311860,0.5282611,0.21757998,0.25415897
837616963,0.4003786,0.30223283,0.29738855
838970803,0.2048943,0.40601772,0.38908798
839449645,0.2722457,0.420183,0.30757132
839662237,0.357314,0.33476493,0.30792108
839950707,0.15621936,0.67895114,0.16482948
840112419,0.14075144,0.5730156,0.28623298
840632522,0.2899147,0.24212794,0.46795735
841186724,0.8356174,0.025817841,0.13856483
841479690,0.11330655,0.7896743,0.09701918
841681293,0.39008942,0.380959,0.22895157
842309291,0.17926078,0.61059856,0.21014069
842654057,0.40578252,0.13479422,0.45942324
843109668,0.5052463,0.24467349,0.25008026
843430239,0.5742542,0.16803484,0.25771093
843990056,0.21674414,0.31346613,0.46978974
844604674,0.75735444,0.07584284,0.16680276
845048452,0.28251868,0.42529064,0.29219064
845237690,0.16874693,0.60978574,0.22146735
845265580,0.7366517,0.106428444,0.15691985
845993694,0.3265937,0.146774,0.5266323
847234925,0.4918861,0.2449585,0.26315543
847634904,0.50969505,0.2394963,0.25080863
847978890,0.35842782,0.38979644,0.25177574
848298774,0.8102244,0.07536868,0.1144069
848317770,0.30170658,0.3954129,0.3028805
849169182,0.2525033,0.5676109,0.17988583
849212621,0.291744,0.35287672,0.3553793
849214417,0.33943707,0.31239754,0.34816542
849463785,0.24331728,0.5433825,0.21330023
849476077,0.12449767,0.56612325,0.30937907
849544505,0.2809707,0.45498127,0.26404804
849890960,1.4582283e-05,0.00079120154,0.9991943
849949482,0.8567699,0.018043095,0.12518696
850049946,0.41162354,0.28779438,0.30058208
850140804,0.2641666,0.52393335,0.21190007
850529512,0.40648475,0.23377326,0.35974205
851033521,0.15717728,0.19169205,0.6511307
852746279,0.4707048,0.2685205,0.2607747
852751257,0.55524594,0.13423577,0.31051832
852806371,0.46275434,0.251639,0.28560665
853215317,0.21372034,0.5478238,0.23845588
853500653,0.5076103,0.28862736,0.20376234
853649431,0.25008127,0.36079684,0.38912192
854078055,0.4648517,0.36605957,0.16908868
854443148,0.22785422,0.17191862,0.6002271
854466301,0.31158143,0.42131466,0.2671039
854620291,0.29880896,0.22355022,0.4776408
854836773,0.38892123,0.37899718,0.23208159
854877526,0.38754198,0.24959312,0.36286488
855290034,0.31893933,0.30128595,0.37977472
855331520,0.20851894,0.6165212,0.17495988
855346087,0.2870373,0.35149845,0.36146426
855357174,0.46556032,0.2195227,0.31491697
857109430,0.83100176,0.060633924,0.10836428
857883885,0.37777722,0.31304383,0.30917892
857917077,0.4091276,0.289372,0.30150044
858101086,0.39961213,0.25597888,0.34440905
858515772,0.62960464,0.18780036,0.18259503
858844108,0.3514695,0.3283805,0.32015002
859121706,0.56979066,0.19656152,0.23364782
859860391,0.6355875,0.13968904,0.22472341
860825645,0.25718892,0.3751443,0.36766672
860898552,0.33826104,0.35993364,0.3018053
862488948,0.37317473,0.3693164,0.2575089
863784902,0.15429638,0.66749597,0.17820764
864141600,0.12659484,0.71301854,0.16038664
864584149,0.62799823,0.14551553,0.22648625
865466460,0.29707927,0.4321938,0.27072704
865468193,0.37025574,0.28731284,0.3424315
865558089,0.5146098,0.21486874,0.27052146
865766846,0.23442686,0.4274842,0.33808893
866171894,0.18540254,0.39885733,0.41574016
867094927,0.5238716,0.14486794,0.3312604
867680273,0.27649403,0.27446917,0.44903675
867741996,0.44777253,0.29143175,0.26079577
868418350,0.58614886,0.20755298,0.20629813
868634213,0.026958486,0.8807006,0.092340976
868637515,0.18636416,0.25812086,0.55551493
868760386,0.34245604,0.27073342,0.3868105
869028273,0.5088354,0.22039028,0.2707743
869098038,0.76518285,0.06085261,0.17396455
869162108,0.06543187,0.6044414,0.33012673
869691985,0.35781354,0.25301653,0.3891699
870069737,0.29394495,0.23805198,0.4680031
870172212,0.6973002,0.15566054,0.14703919
870836568,0.29453793,0.5172402,0.18822189
870871610,0.36481693,0.20383053,0.4313526
871064588,0.36006585,0.1898297,0.45010445
871754751,0.519663,0.20921007,0.27112702
872216528,0.2658462,0.37384528,0.3603085
872382018,0.31170166,0.4181277,0.27017072
872576021,0.14929019,0.62938046,0.22132933
873036866,0.4838774,0.16178404,0.35433856
874911504,0.36715996,0.37657142,0.2562686
874948267,0.4682414,0.29329216,0.23846655
875220664,0.19874565,0.62727666,0.17397772
876185192,0.335601,0.20156229,0.4628367
876571797,0.4403822,0.27700213,0.2826156
876712463,0.6192459,0.17718409,0.20357001
877344476,0.18893312,0.57772064,0.23334625
877374294,0.5831011,0.16250822,0.2543906
877445733,0.27478665,0.24755725,0.4776561
877737601,0.23156354,0.49116609,0.27727044
878044690,0.12846215,0.44310594,0.42843187
878573617,0.44108748,0.3561843,0.20272818
879355934,0.6411871,0.045049876,0.31376302
879479757,0.49311662,0.201118,0.30576536
879764233,0.22129628,0.41597012,0.3627336
879891010,0.7130716,0.10161197,0.18531653
880384436,0.26021978,0.31718436,0.4225959
880426277,0.43504116,0.29194012,0.27301875
880897320,0.64374906,0.16339394,0.19285697
880982072,0.25486377,0.3260591,0.41907716
882477558,0.65455276,0.16409831,0.1813489
882915423,0.31358305,0.45316976,0.23324722
883779002,0.5692179,0.13354363,0.29723847
884375226,0.5529731,0.13692483,0.31010208
885134542,0.2277658,0.21946879,0.5527654
885504314,0.104169466,0.7135947,0.1822358
885545927,0.25353798,0.3538631,0.39259893
885711579,0.3844253,0.28055546,0.3350192
885923017,0.3850861,0.22598954,0.3889244
886011876,0.25159922,0.2724837,0.47591704
886549178,0.48522183,0.28130573,0.23347239
886613989,0.3054983,0.5188722,0.17562948
886674823,0.3523862,0.41342625,0.23418754
886872127,0.46461985,0.19979146,0.3355887
887453621,0.30901647,0.42003816,0.27094537
888572407,0.5191605,0.19199371,0.28884578
888628447,0.46929023,0.32417002,0.20653974
889653394,0.5083403,0.20225708,0.28940263
889708808,0.24589024,0.24190946,0.5122003
889801571,0.5331391,0.20870744,0.2581535
890236179,0.4126778,0.22328697,0.3640352
890725417,0.09948974,0.6651471,0.23536311
891070216,0.4440042,0.2377883,0.31820744
891676173,0.59263176,0.13472667,0.2726416
891786614,0.24278435,0.2076408,0.54957485
891797796,0.27168995,0.43759122,0.29071888
891805780,0.18577012,0.40466166,0.4095682
891931176,0.41609943,0.29447153,0.289429
892092857,0.4146764,0.1804592,0.40486434
892105044,0.7544808,0.08549907,0.16002008
892126137,0.46204835,0.1981403,0.33981138
892383489,0.7729035,0.20894408,0.018152423
893200530,0.18420698,0.5629386,0.2528544
893670199,0.21643959,0.5768194,0.20674098
894288127,0.6208239,0.0909577,0.28821838
894540368,0.30468014,0.48910838,0.20621142
895450513,0.023396438,0.8825674,0.09403616
895637682,0.45687306,0.24454741,0.29857957
896074583,0.36700848,0.357241,0.2757505
896423351,0.59540546,0.17059298,0.23400149
896454359,0.31609482,0.4239959,0.25990933
896462787,0.33671823,0.2110279,0.4522539
896894512,0.37444517,0.3304376,0.29511726
897369643,0.32073995,0.33276555,0.34649456
897589369,0.15208204,0.6130661,0.23485185
899047295,0.6036555,0.06911083,0.32723367
900076905,0.37335834,0.31170285,0.31493878
900177685,0.27772355,0.29509333,0.42718312
900241154,0.37802804,0.3061005,0.31587145
900774276,0.13103464,0.711188,0.1577773
900877828,0.12422645,0.73822737,0.13754618
901652211,0.36773643,0.40869424,0.22356929
901663424,0.3152711,0.2758665,0.40886232
902593904,0.44179168,0.2748892,0.28331912
903911945,0.2907238,0.30767867,0.40159753
904052441,0.45157894,0.2615665,0.28685457
904241511,0.44631907,0.23078004,0.3229009
904537257,0.16700758,0.56077963,0.27221274
905252323,0.43495065,0.2548586,0.31019068
905451513,0.4737982,0.28163406,0.24456778
905642996,0.226523,0.4868623,0.2866147
905901676,0.33357096,0.3357928,0.33063626
906299216,0.22609648,0.48013952,0.293764
906527120,0.46750778,0.21796392,0.31452832
907140130,0.28562897,0.2004037,0.51396734
907955796,0.34266374,0.34915084,0.3081854
909518881,0.39504403,0.30447733,0.30047873
909649366,0.47907162,0.18985854,0.33106986
909713736,0.035144806,0.89400464,0.07085059
909970847,0.319785,0.12749223,0.5527228
910172143,0.14327589,0.53981906,0.31690508
910404336,0.2521283,0.50825816,0.23961355
911067219,0.1954779,0.6476156,0.15690646
911128251,0.4021938,0.22419806,0.3736081
911613763,0.30139923,0.37917018,0.3194306
911743896,0.25028712,0.49427873,0.25543416
912729357,0.31551772,0.37281886,0.31166336
912733121,0.15585779,0.27838784,0.56575435
912915213,0.43904993,0.26721007,0.29374
913077910,0.36434993,0.41595432,0.21969575
913398466,0.37859818,0.43029746,0.19110441
913458719,0.3066174,0.44407967,0.24930298
914415290,0.32899055,0.33438262,0.33662683
914964978,0.26061708,0.37597337,0.36340955
915355120,0.1546461,0.5249551,0.32039875
915957756,0.31096128,0.36595953,0.32307914
915993618,0.43783858,0.26006496,0.30209646
916085248,0.29587415,0.47162378,0.23250209
916364857,0.25618592,0.40791973,0.33589432
916501520,0.5517491,0.25497007,0.19328083
916667632,0.3109915,0.45412475,0.23488371
917904983,0.31844598,0.37124273,0.31031126
918123351,0.35643628,0.31641832,0.32714543
918613553,0.6644697,0.124931425,0.2105988
918646978,0.097318664,0.24074541,0.6619359
918701898,0.588567,0.19165182,0.21978119
919338791,0.37999737,0.31388423,0.30611843
920056513,0.1902028,0.4165304,0.39326683
920499857,0.699159,0.10101532,0.19982567
920774665,0.3692133,0.33751225,0.29327443
921600398,0.8434445,0.06662201,0.08993344
921675180,0.39498538,0.35827544,0.24673916
922503562,0.13337354,0.44521725,0.42140922
924419985,0.38366413,0.3725629,0.243773
924573773,0.06209112,0.7253245,0.21258433
924715445,0.34768283,0.37533095,0.27698615
925053528,0.14212914,0.34137565,0.5164952
926074212,0.47977287,0.27803344,0.24219373
926668576,0.18094851,0.41597536,0.40307617
927677770,0.35249218,0.41334704,0.23416074
928543595,0.20353806,0.6127217,0.18374029
928812405,0.103501655,0.06785189,0.8286464
929280140,0.48757303,0.24701045,0.26541647
929753614,0.7507442,0.082549915,0.16670585
929767900,0.27228928,0.5417492,0.1859615
930115633,0.1585143,0.32872108,0.5127646
930872751,0.3608384,0.25396642,0.38519523
930931170,0.28429955,0.19931835,0.5163821
931054726,0.39579883,0.22890542,0.3752957
931223835,0.28100675,0.448538,0.2704553
931282186,0.3000542,0.42090738,0.27903843
931371452,0.11173218,0.60873854,0.27952927
931764638,0.3721633,0.23484357,0.39299312
932276048,0.32393292,0.2969105,0.37915662
932302238,0.2432862,0.3129854,0.44372845
932355913,0.51335114,0.20210463,0.28454426
932532632,0.43611082,0.28483376,0.27905548
932657047,0.25394055,0.37069106,0.37536845
932672877,0.75366277,0.06523198,0.18110527
932695607,0.5058919,0.19506802,0.29904008
932781247,0.22070388,0.5657691,0.21352702
932981559,0.35065854,0.32322907,0.32611242
933151756,0.34921157,0.25598967,0.39479876
933453495,0.47204298,0.33119175,0.19676529
933770220,0.49301842,0.26372665,0.24325502
934001808,0.2172703,0.54763335,0.2350964
934564006,0.40229893,0.17714493,0.4205562
935011976,0.41873303,0.31335407,0.2679129
935211863,0.54174566,0.15016226,0.30809212
935975859,0.2659561,0.50036365,0.23368026
936863232,0.24722427,0.3011414,0.45163432
937280858,0.01996391,0.8447613,0.13527478
937402421,0.34174395,0.27531078,0.38294536
937505382,0.12073242,0.6975722,0.18169542
938529952,0.25587183,0.57602155,0.16810662
938633217,0.633814,0.09709028,0.26909578
938875281,0.6275969,0.1616722,0.21073088
939060355,0.46851122,0.19264436,0.3388444
939279990,0.31103435,0.41622362,0.27274206
939306619,0.39491493,0.41937688,0.1857082
939608831,0.41130736,0.18154101,0.4071516
939782712,0.2609924,0.5124434,0.22656411
940092881,0.32980418,0.33150384,0.33869198
940285709,0.38609043,0.38799575,0.22591376
940990878,0.10208444,0.52764225,0.37027332
941679315,0.32306167,0.3406792,0.33625907
941980201,0.035912614,0.8284369,0.13565044
942931389,0.20676331,0.5819751,0.21126159
943354779,0.7982668,0.07688375,0.12484942
943697087,0.55081296,0.2006161,0.24857096
943763927,0.36860362,0.36918694,0.26220945
943774640,0.23093283,0.29695407,0.47211307
944107289,0.44121876,0.3315644,0.22721687
944493882,0.29128987,0.315413,0.39329717
944517366,0.19386736,0.3558684,0.45026428
944636510,0.21166162,0.4746202,0.31371823
946241409,0.16351925,0.7044092,0.13207157
946275357,0.25212824,0.29747775,0.450394
946406462,0.609658,0.19322462,0.1971174
946705923,0.21348454,0.5344491,0.25206637
947111962,0.063791126,0.25468212,0.6815268
948430718,0.08764379,0.7120657,0.20029055
949732432,0.2819721,0.3383859,0.379642
949935336,0.561106,0.20751888,0.23137514
950532629,0.69559366,0.155297,0.14910927
950685101,0.3716573,0.24982573,0.37851703
951282686,0.46701518,0.20669296,0.32629186
952175928,0.59596634,0.16729455,0.23673913
952825461,0.19967948,0.5623612,0.23795931
954014528,0.66342705,0.0790309,0.257542
954219870,0.19710939,0.54884297,0.25404763
954251217,0.5274689,0.21633224,0.25619885
954299079,0.4842232,0.17298016,0.34279662
954332976,0.40893847,0.3164663,0.27459526
955139849,0.7153191,0.08930866,0.19537225
955358785,0.5985301,0.0841783,0.31729156
956831685,0.3242441,0.20185804,0.47389784
956996799,0.36402404,0.28150678,0.35446918
957900600,0.336186,0.21244246,0.45137158
958258557,0.17592143,0.53257763,0.29150096
958411412,0.27204245,0.2505092,0.4774484
958998735,0.38343832,0.31048918,0.30607247
959165030,0.21244384,0.48501545,0.30254078
959367835,0.3063329,0.33499774,0.35866937
959446032,0.23989819,0.51110864,0.24899322
959474894,0.72974455,0.10411247,0.16614291
959498459,0.42584127,0.22067498,0.35348377
959564076,0.3461373,0.26606148,0.38780126
960324118,0.2578159,0.3732795,0.3689046
960519093,0.22403593,0.53404504,0.24191898
961038794,0.16406734,0.44202635,0.3939063
961358785,0.2249752,0.4342748,0.34074998
961397633,0.24898441,0.34484476,0.40617085
961628654,0.3381056,0.39106482,0.27082962
961737897,0.72358966,0.10698996,0.16942038
961804320,0.4789093,0.24252053,0.27857023
962071569,0.27520427,0.5703349,0.15446083
962071772,0.25215736,0.50284564,0.24499702
962160793,0.46909085,0.2167805,0.31412864
962332189,0.39581302,0.17100301,0.433184
962425022,0.24619737,0.49253953,0.26126316
964435534,0.15026362,0.40118766,0.4485487
964740428,0.09520248,0.7399076,0.16488984
964961295,0.39041016,0.3010605,0.30852932
965413813,0.3294986,0.21225834,0.45824307
965635510,0.5220906,0.19260634,0.28530306
965999507,0.21389508,0.35349184,0.4326131
966440124,0.34062853,0.35856026,0.30081123
966730580,0.18768711,0.3484589,0.46385407
966924689,0.44685224,0.27207592,0.2810718
967092547,0.2670902,0.44031462,0.2925952
968034905,0.795116,0.061085213,0.14379889
968066686,0.27391082,0.2940276,0.43206158
969182678,0.35687456,0.1614991,0.48162627
969661703,0.40935212,0.25742534,0.33322254
970059692,0.24721198,0.44934818,0.3034399
970614408,0.32892752,0.27449968,0.39657277
970694370,0.5981827,0.118494265,0.28332302
971573063,0.27044958,0.48604614,0.2435043
971802428,0.59413636,0.20534497,0.2005186
971930382,0.56994116,0.15521504,0.27484375
972283786,0.102280006,0.09690976,0.80081016
972611310,0.13304861,0.5802784,0.28667298
972633989,0.68139845,0.084876046,0.23372547
972639420,0.4851072,0.31651655,0.1983762
973434949,0.23207556,0.4345169,0.3334075
973798437,0.18797986,0.5916451,0.22037506
973908167,0.70983624,0.14259535,0.14756837
973976117,0.5544517,0.19890513,0.24664323
974269050,0.13337053,0.72785556,0.13877396
974365133,0.3232432,0.38685536,0.28990144
974434915,0.38516498,0.30396467,0.31087038
975492536,0.35222837,0.27628484,0.37148678
975563938,0.3719702,0.27542073,0.352609
975726905,0.23532662,0.5829493,0.1817241
976367149,0.3927384,0.31688815,0.29037347
976647167,0.73668194,0.09095736,0.1723607
976877047,0.58455765,0.2256989,0.18974343
978061782,0.12715477,0.72241175,0.1504335
978145715,0.37889484,0.28852257,0.3325826
978900222,0.044198815,0.43929923,0.51650196
980502997,0.513336,0.2402798,0.24638419
980978812,0.33736923,0.24948679,0.413144
981138999,0.5395013,0.22642107,0.23407762
981688841,0.33662793,0.25202677,0.41134524
982797381,0.38851544,0.3232321,0.28825235
983120682,0.3797451,0.3801317,0.24012317
983148076,0.22542526,0.38757873,0.38699603
983349697,0.32433328,0.3601771,0.31548965
983450870,0.26872188,0.15780735,0.5734708
984028459,0.24699575,0.22642699,0.5265773
985055077,0.41013128,0.10871736,0.4811514
985079084,0.5984254,0.17605272,0.2255219
985556469,0.29751563,0.14115137,0.56133306
985865249,0.43319765,0.2173824,0.34941995
986084062,0.30598938,0.46253955,0.231471
986275245,0.45941705,0.17484197,0.365741
986347158,0.5391069,0.29477748,0.1661156
987638378,0.4766228,0.18262538,0.3407519
987910217,0.446255,0.2787572,0.27498776
987938465,0.011293586,0.94596845,0.04273792
988284837,0.52881193,0.20939204,0.26179603
988624169,0.76789945,0.098701686,0.13339883
989566097,0.5688645,0.14715196,0.2839835
990715314,0.33173093,0.42916754,0.23910156
990825007,0.4151253,0.27282965,0.31204507
991833452,0.39481688,0.3788013,0.22638178
991978654,0.2987409,0.47208092,0.2291781
992362842,0.6063373,0.112456575,0.28120613
992547400,0.3057715,0.43986338,0.25436518
992845099,0.46419397,0.27899864,0.25680742
993187594,0.34960887,0.3200708,0.33032036
993809613,0.29725295,0.5068195,0.19592752
994536346,0.50716597,0.19566672,0.2971673
994831344,0.4274484,0.2713976,0.30115396
995035995,0.5630838,0.2993616,0.13755462
995710570,0.36539954,0.39007503,0.24452539
995817980,0.38647908,0.21592465,0.39759627
995875367,0.54812896,0.12557231,0.32629877
996195240,0.27723667,0.3871344,0.33562893
996874003,0.36842614,0.41429055,0.21728335
997063537,0.40637055,0.26727837,0.3263511
997211074,0.14572072,0.46650636,0.3877729
997311174,0.45683944,0.31564787,0.22751264
997406946,0.386819,0.3073692,0.30581173
998167472,0.24682797,0.18564652,0.5675255
999029435,0.39459214,0.30870345,0.29670447
999039216,0.3883014,0.25074753,0.36095104
999220631,0.44527507,0.18476065,0.36996427
1000267947,0.48259428,0.25145754,0.2659482
1000688326,0.26360413,0.2436868,0.4927091
1001532674,0.26157138,0.3167218,0.42170691
1001544487,0.6762208,0.08456805,0.23921111
1002512422,0.2657156,0.43536764,0.29891676
1002704037,0.23826328,0.25603053,0.5057062
1003956953,0.46836963,0.2353012,0.29632917
1004725841,0.20506664,0.42614967,0.36878368
1004778711,0.36178163,0.40412837,0.23409
1005453665,0.33573586,0.2705252,0.39373899
1005579593,0.22863816,0.5833098,0.188052
1006246244,0.24778455,0.43408075,0.31813467
1006727825,0.33279923,0.3451246,0.32207617
1007007815,0.03965435,0.87903094,0.081314765
1007465097,0.29990745,0.36905146,0.33104113
1007610679,0.28382996,0.37185585,0.3443142
1007721281,0.23978437,0.5045403,0.2556753
1008189211,0.25579548,0.3837033,0.3605012
1008455780,0.4150638,0.31754827,0.26738793
1008747765,0.48750752,0.29753834,0.21495423
1008940343,0.47329217,0.2541032,0.2726047
1009116848,0.2723593,0.3679733,0.3596674
1010003853,0.42484444,0.15167153,0.423484
1010095456,0.55152565,0.22563429,0.22283998
1010760175,0.33112425,0.30489022,0.36398557
1010836405,0.48456314,0.29652512,0.21891169
1011951726,0.300944,0.29746935,0.40158665
1012122343,0.21659367,0.5453978,0.23800848
1012537405,0.24553926,0.43220672,0.32225397
1012945934,0.67682666,0.08185997,0.24131335
1012990709,0.30116293,0.39980948,0.2990276
1012997218,0.22057542,0.54637444,0.23305015
1015269231,0.51173604,0.22891517,0.25934875
1015405504,0.4111556,0.2865379,0.30230653
1016221575,0.5915809,0.1605129,0.24790616
1016394493,0.15279837,0.2657262,0.58147544
1016886310,0.32692286,0.111207865,0.56186926
1017042871,0.41535372,0.26732635,0.31732002
1017350287,0.37766898,0.31032404,0.31200698
1017414914,0.35436976,0.40697816,0.23865211
1017418820,0.31636748,0.36998704,0.31364545
1017531429,0.49825883,0.28967828,0.21206288
1017722417,0.25228533,0.51921916,0.22849551
1018340716,0.2263752,0.46837115,0.3052536
1018771854,0.36986485,0.2910283,0.33910683
1018929464,0.4846859,0.26280215,0.252512
1018957962,0.27804884,0.40726748,0.31468368
1019686644,0.51941305,0.27179712,0.20878983
1019867367,0.3752413,0.25605133,0.36870733
1020614776,0.46279365,0.25176355,0.28544277
1020937915,0.58318144,0.21206015,0.20475845
1021646757,0.36096144,0.33980232,0.2992362
1021940567,0.15044434,0.3805908,0.46896482
1022002069,0.31698897,0.33377257,0.34923843
1022010722,0.4895106,0.18768089,0.32280853
1022146250,0.34062803,0.3314579,0.32791406
1023736000,0.5944102,0.18482465,0.22076517
1024730987,0.16759542,0.56260544,0.26979917
1024847176,0.6472728,0.13575538,0.2169718
1025007673,0.44923156,0.26965576,0.28111267
1025024630,0.40620935,0.23290974,0.36088094
1025349912,0.3019075,0.44822854,0.24986391
1025614538,0.3613097,0.33719927,0.301491
1025914252,0.33623767,0.2588302,0.40493214
1026104697,0.5331969,0.2943563,0.17244676
1028504287,0.19320373,0.19403388,0.61276245
1028643940,0.28299153,0.20004794,0.51696056
1028884741,0.11931756,0.74201316,0.13866928
1029538238,0.62442315,0.16672356,0.20885329
1029863876,0.29908273,0.386298,0.31461924
1030145086,0.34919167,0.433427,0.21738133
1030437461,0.33544147,0.3439148,0.32064372
1031891849,0.40441224,0.18737338,0.4082144
1032460727,0.4481274,0.2754441,0.27642855
1032494167,0.42643103,0.3247342,0.24883474
1032525832,0.7120358,0.13171293,0.15625134
1032657157,0.27817267,0.50524867,0.21657863
1032884564,0.14850132,0.28898948,0.5625092
1034070499,0.13219447,0.5770341,0.29077142
1034371215,0.29272637,0.45303768,0.25423595
1034963224,0.2590699,0.36463416,0.37629598
1037235568,0.39911866,0.26510298,0.33577833
1037446735,0.16404827,0.56214714,0.2738046
1037627006,0.1494945,0.6017386,0.24876694
1037703621,0.34758908,0.26441216,0.38799873
1037803883,0.6356159,0.17264605,0.19173807
1038041779,0.5602891,0.1332831,0.30642784
1038230950,0.45862716,0.17975143,0.36162144
1038334701,0.32214367,0.344596,0.33326033
1038354707,0.5767106,0.18489882,0.23839062
1038709115,0.2403984,0.45692512,0.30267644
1038834021,0.40275002,0.35132068,0.24592923
1038889108,0.084020026,0.7590153,0.15696464
1038915862,0.3168228,0.3750635,0.3081137
1039056157,0.40299624,0.1705214,0.42648238
1039111841,0.31312847,0.3202334,0.36663818
1039299190,0.3224877,0.33929676,0.3382155
1040606000,0.6230473,0.16557385,0.21137884
1040726159,0.31633642,0.4618661,0.22179744
1040788755,0.69454247,0.14022511,0.16523243
1041066907,0.33670634,0.4745362,0.1887575
1041477568,0.47677693,0.19697589,0.3262472
1041539232,0.54088235,0.19417031,0.2649474
1042206341,0.121738985,0.7048916,0.1733694
1043189365,0.4237797,0.36773285,0.2084875
1043215975,0.3241201,0.21421348,0.46166646
1043270039,0.40238443,0.29431084,0.3033048
1043373781,0.24851947,0.52385247,0.22762802
1043656490,0.292925,0.18412276,0.5229522
1045104564,0.3196684,0.331385,0.34894663
1045212351,0.6092494,0.17647377,0.2142768
1046249394,0.5278091,0.13212402,0.34006685
1046750392,0.88996196,0.022343459,0.087694615
1046972594,0.05851038,0.7021248,0.23936483
1047009981,0.3540591,0.29467738,0.35126355
1047156677,0.061098956,0.82441926,0.11448174
1047412447,0.30556673,0.3671804,0.32725292
1047600934,0.35304523,0.3292594,0.31769535
1047708357,0.19980787,0.5241564,0.2760358
1048098488,0.28917783,0.49938124,0.21144088
1048217962,0.06492866,0.78647465,0.14859667
1049157031,0.1263579,0.73618853,0.1374535
1050090590,0.68574494,0.1265176,0.18773739
1050196628,0.3138781,0.44504052,0.24108145
1050352030,0.8209364,0.029553076,0.14951058
1050383062,0.16364259,0.64074236,0.19561507
1050807203,0.578065,0.14694811,0.27498695
1050924060,0.2988051,0.38143587,0.319759
1051194045,0.80237603,0.09486194,0.102761984
1052052380,0.23052932,0.47065836,0.2988123
1052483660,0.5278667,0.11057457,0.36155868
1052790378,0.3852382,0.26478747,0.3499744
1052961360,0.8940709,0.037151325,0.068777725
1053059969,0.4641036,0.25308815,0.2828083
1053898173,0.15751944,0.541967,0.30051363
1054141973,0.4338804,0.15223263,0.41388693
1054954411,0.34963053,0.22375491,0.42661455
1054963861,0.2175391,0.54422116,0.23823969
1055086493,0.44363186,0.26919028,0.28717792
1055967575,0.41893667,0.36345258,0.21761078
1056010710,0.46332532,0.21048333,0.32619134
1056138999,0.7960135,0.058424238,0.14556225
1056393454,0.31241688,0.3582222,0.32936093
1056537056,0.28965807,0.3735862,0.3367557
1057422285,0.40244463,0.08618686,0.5113685
1057439879,0.2292918,0.30831435,0.4623939
1057826425,0.23116684,0.33046594,0.43836722
1058058280,0.5575344,0.14690934,0.2955562
1058594409,0.29152945,0.40433392,0.30413663
1059872276,0.42315146,0.2890713,0.28777725
1060113319,0.33010545,0.33925515,0.3306394
1060119667,0.25715947,0.5451788,0.19766173
1060533486,0.26504138,0.49667892,0.23827972
1060678225,0.33131623,0.34388584,0.324798
1060914576,0.13941191,0.69447064,0.1661175
1061596905,0.45439142,0.26948127,0.27612728
1061648691,0.37286144,0.16264658,0.46449196
1062266218,0.9135624,0.02691661,0.059520967
1062456186,0.27982914,0.41299006,0.30718073
1063386958,0.3143948,0.33246642,0.35313877
1063447962,0.6918643,0.14322247,0.16491319
1063456166,0.21715009,0.37987342,0.40297645
1063705297,0.4712832,0.090281196,0.43843564
1064399018,0.62726015,0.17036779,0.20237204
1064781182,0.5036578,0.19715297,0.29918918
1065062810,0.41020584,0.35882667,0.23096749
1065464409,0.14882416,0.6546848,0.19649102
1065505252,0.3976643,0.1571139,0.44522178
1066448118,0.3978331,0.360637,0.24152985
1066687113,0.5172735,0.2388247,0.24390183
1066763754,0.55278504,0.20577669,0.24143825
1067024982,0.38581327,0.3212935,0.29289326
1068054799,0.28944758,0.4029654,0.30758706
1068847299,0.40102643,0.26764232,0.3313313
1069327317,0.27402416,0.47426715,0.25170863
1069458841,0.33404356,0.3353576,0.33059883
1069918765,0.36766928,0.3421932,0.29013753
1070206407,0.28523794,0.62662,0.088142045
1070294251,0.5403214,0.24642588,0.21325274
1070572378,0.38444316,0.25966367,0.35589314
1070911163,0.2724806,0.32029265,0.4072268
1071034057,0.46669042,0.27617025,0.25713935
1071234816,0.17794615,0.5720068,0.25004697
1071682645,0.26406056,0.3731532,0.3627862
1071856479,0.40843338,0.26721212,0.3243545
1071922813,0.27303806,0.4755705,0.25139144
1072474498,0.44384572,0.22650619,0.32964808
1073313563,0.40816432,0.31400734,0.27782828
1073550289,0.23966482,0.36737236,0.39296278
1074132658,0.2745622,0.41338372,0.3120541
1074284579,0.5687969,0.18002568,0.2511775
1074487059,0.3335612,0.33295205,0.33348668
1076006355,0.7125285,0.16001812,0.12745345
1076863692,0.030489072,0.48581082,0.4837001
1077669069,0.15970911,0.16266032,0.67763066
1077669130,0.46086973,0.26491246,0.27421787
1078129804,0.23126145,0.32998517,0.43875337
1079288146,0.23349413,0.42196184,0.344544
1079378721,0.23638894,0.5441329,0.21947818
1079641802,0.024185836,0.20904334,0.76677084
1079666094,0.27611223,0.07079947,0.65308833
1080187102,0.33098385,0.31743363,0.35158253
1081092427,0.8652505,0.030574007,0.10417554
1081257301,0.28102952,0.31668252,0.40228796
1081784684,0.5188235,0.22658435,0.2545922
1082567922,0.51686907,0.18780859,0.2953223
1082604719,0.16273685,0.35480726,0.48245582
1083018452,0.9181775,0.016609438,0.06521315
1083135096,0.37910178,0.26832768,0.35257056
1083832850,0.3933762,0.28471187,0.32191193
1084631992,0.22438812,0.51090825,0.2647036
1084989248,0.340359,0.33410132,0.32553968
1085459097,0.2992653,0.36364618,0.33708853
1086055244,0.2423026,0.5223259,0.23537149
1087238561,0.44521466,0.20782802,0.3469573
1087411458,0.73586136,0.09735595,0.16678272
1087626685,0.11596748,0.71363693,0.17039557
1088417945,0.6005132,0.14046478,0.25902197
1088814378,0.5611611,0.15260296,0.28623593
1088969093,0.42160428,0.3615017,0.21689403
1089037854,0.16043407,0.5243297,0.31523615
1089455965,0.733662,0.06093346,0.20540455
1090151891,0.24575132,0.4785508,0.27569786
1090803800,0.46284774,0.32816902,0.20898327
1091278509,0.36741176,0.35517377,0.27741453
1092759478,0.44861305,0.24007459,0.3113124
1092814376,0.3656436,0.30237985,0.3319766
1092834080,0.29296532,0.39940488,0.3076298
1092878827,0.33525077,0.3141175,0.35063177
1093494550,0.3333843,0.168995,0.4976207
1093497082,0.3793131,0.15207225,0.4686146
1094448955,0.437895,0.293284,0.26882106
1094761396,0.54053706,0.18321525,0.27624768
1094805362,0.49381882,0.22594063,0.28024054
1095102828,0.14486195,0.51309544,0.34204262
1095415091,0.26380408,0.4098944,0.32630152
1096371877,0.55674297,0.22572215,0.21753488
1096617405,0.7974905,0.027229827,0.17527968
1097144952,0.2729831,0.45634094,0.27067593
1097748675,0.61700755,0.15950742,0.22348501
1097977605,0.26964864,0.32003984,0.41031152
1098215729,0.3186974,0.44029114,0.24101153
1098744163,0.4310827,0.34228572,0.2266316
1098756541,0.34530726,0.21625565,0.43843713
1098885863,0.31641543,0.4332841,0.2503005
1098978144,0.55833095,0.17827682,0.2633922
1098993315,0.43435302,0.28333908,0.28230783
1099121425,0.29480916,0.43648928,0.26870158
1099741154,0.5199614,0.23058273,0.24945593
1099744457,0.30401927,0.40741602,0.28856474
1099800383,0.20882651,0.36851025,0.42266327
1099827099,0.34819806,0.31530225,0.33649972
1100518173,0.3518103,0.43127564,0.216914
1100722545,0.09639627,0.781657,0.12194676
1100727747,0.19692636,0.7246501,0.07842355
1100736428,0.1285398,0.48726398,0.38419625
1100964331,0.6760384,0.14672107,0.1772406
1101141884,0.044441305,0.8456573,0.10990141
1101612070,0.5917157,0.19605084,0.2122335
1103239730,0.5655162,0.20036797,0.23411585
1103941209,0.40726534,0.3409708,0.25176385
1103945169,0.27137765,0.44893777,0.27968457
1104307809,0.24575602,0.48738673,0.2668572
1104457769,0.59163886,0.1745472,0.23381393
1105087435,0.16909349,0.590356,0.24055053
1105596193,0.18625282,0.45317703,0.36057007
1105789299,0.54452693,0.156197,0.29927605
1105822557,0.43214184,0.2894032,0.27845493
1105923941,0.14511442,0.54830414,0.30658144
1106713509,0.41640517,0.32189056,0.2617043
1106948448,0.1867818,0.54767644,0.26554176
1108714435,0.3917926,0.362483,0.24572445
1108957656,0.3416535,0.41722378,0.2411227
1109708771,0.38250893,0.4176128,0.19987825
1110348055,0.41342482,0.25445142,0.33212373
1110558757,0.26093128,0.3005647,0.43850404
1110666122,0.32454777,0.30581015,0.3696421
1111435292,0.44920534,0.2065112,0.3442835
1111687631,0.48727053,0.20069653,0.31203288
1111892649,0.66325855,0.12553975,0.21120167
1112638524,0.34777674,0.30659908,0.34562412
1112788679,0.59870255,0.18144722,0.21985018
1112844420,0.4061729,0.35483217,0.23899496
1113216811,0.37071306,0.32749468,0.30179226
1114077019,0.090825856,0.5730099,0.3361643
1114670760,0.6686739,0.08910995,0.24221621
1114736218,0.07937926,0.8017364,0.11888433
1115126701,0.1246959,0.64769536,0.22760876
1115149336,0.54002213,0.23495689,0.22502095
1115243433,0.38930595,0.27525136,0.3354427
1115952286,0.40379518,0.11229042,0.48391435
1116202476,0.39125973,0.30465117,0.30408913
1116348017,0.109069005,0.31363222,0.57729876
1116434460,0.6615416,0.1128642,0.22559427
1116475042,0.47647655,0.28146482,0.24205868
1117109898,0.2929363,0.4143856,0.29267818
1117579696,0.37778696,0.29091966,0.33129334
1118123971,0.44798282,0.24131164,0.3107055
1118168607,0.33040982,0.23320134,0.43638882
1118842746,0.5258771,0.17826265,0.29586023
1119371228,0.33086777,0.25757962,0.41155264
1119825410,0.20034419,0.22383346,0.57582235
1120109315,0.45351005,0.26059154,0.28589848
1120136553,0.25502998,0.5490955,0.19587451
1120437439,0.38801846,0.21013926,0.40184224
1120479832,0.26005235,0.4996405,0.24030714
1120706576,0.26679227,0.1444314,0.58877635
1121170372,0.40666273,0.29209,0.30124724
1121470386,0.51357377,0.246573,0.23985323
1121774935,0.4481397,0.29232803,0.25953227
1122501456,0.19555992,0.44464228,0.35979784
1122781348,0.33266228,0.2671937,0.400144
1123028907,0.49550158,0.08102866,0.4234698
1123295747,0.32965323,0.4086428,0.2617039
1123846564,0.18218943,0.28321734,0.5345933
1124250043,0.46865758,0.263283,0.26805937
1124250917,0.37151468,0.32116908,0.30731618
1124318451,0.21565586,0.46264163,0.32170248
1124445046,0.70765895,0.10679471,0.18554641
1124550222,0.40390262,0.19659567,0.39950168
1124619106,0.15829048,0.18791789,0.6537916
1124935797,0.413488,0.23584794,0.35066408
1125448573,0.54616106,0.2232036,0.23063534
1125616917,0.25132227,0.3105406,0.43813714
1126021641,0.6097291,0.18393415,0.20633672
1126463559,0.61236,0.18723442,0.2004056
1126473963,0.21506076,0.28160027,0.503339
1126877122,0.5115037,0.21763326,0.27086303
1127470351,0.13988793,0.70218027,0.15793176
1127770158,0.24512748,0.5253185,0.22955398
1128244137,0.34435737,0.33916146,0.31648117
1128359078,0.21192612,0.46555844,0.32251546
1128453043,0.6661342,0.2096171,0.124248706
1128648633,0.17128949,0.5188095,0.30990103
1129284971,0.1662999,0.6386532,0.19504684
1129931158,0.67874676,0.15064397,0.17060922
1130163357,0.25308707,0.4846925,0.2622205
1130205766,0.46471187,0.2683082,0.2669799
1131292017,0.51565623,0.24592176,0.23842199
1131483519,0.10174927,0.7030848,0.19516583
1132487234,0.34192967,0.3781814,0.2798889
1132498353,0.3310102,0.44256374,0.22642611
1132968414,0.26027226,0.46530822,0.27441958
1133521490,0.31227607,0.33753407,0.3501899
1133958135,0.5609272,0.17114726,0.2679255
1134056607,0.39945427,0.29993334,0.30061236
1134198159,0.20102438,0.59950584,0.19946983
1135213764,0.42162302,0.27468842,0.30368862
1135639858,0.14122123,0.40416104,0.4546177
1136372588,0.22470339,0.23833466,0.536962
1136775926,0.29877102,0.34087667,0.36035237
1137086430,0.44416997,0.28210723,0.27372277
1137361322,0.280642,0.50759035,0.21176761
1138129748,0.4522447,0.2653238,0.2824316
1138210616,0.75909704,0.110008694,0.1308943
1138211603,0.29188773,0.32843733,0.37967494
1138581707,0.30215448,0.28266603,0.41517946
1138690036,0.2387731,0.41291904,0.34830788
1139784129,0.670365,0.10767047,0.22196457
1139805607,0.2857407,0.23013327,0.48412612
1139959336,0.33198848,0.3328359,0.33517563
1140033346,0.5306428,0.19564138,0.27371576
1140098299,0.41432688,0.3047732,0.2808999
1140781017,0.33042514,0.32803687,0.341538
1140813391,0.48187774,0.17093512,0.34718713
1141039596,0.29893723,0.45639193,0.24467087
1142047828,0.35696492,0.2476462,0.39538893
1142670809,0.32812005,0.3447537,0.3271262
1143244356,0.31442818,0.33305088,0.35252094
1143612349,0.36032858,0.23772833,0.4019431
1143667968,0.4089015,0.19013539,0.40096307
1143968733,0.4011211,0.2698708,0.32900807
1144276635,0.71548074,0.09355515,0.19096415
1144545891,0.5191295,0.20664336,0.27422708
1144595175,0.8293076,0.047421813,0.12327059
1144993677,0.19097096,0.5308856,0.27814344
1146177937,0.44798884,0.28230813,0.269703
1146282142,0.14309439,0.40503886,0.45186675
1147006420,0.4062181,0.300858,0.2929239
1147397220,0.4383028,0.21466872,0.34702852
1147621364,0.24067144,0.37284037,0.3864882
1147895330,0.45787737,0.4361934,0.10592917
1148696013,0.08971582,0.79773825,0.11254591
1148851513,0.57881665,0.18610805,0.23507527
1148876589,0.16854838,0.5996502,0.23180144
1149320323,0.5752609,0.20414707,0.22059207
1149664111,0.75851244,0.08115854,0.16032903
1150152397,0.074068524,0.81600755,0.10992397
1150800074,0.4735181,0.19003645,0.33644548
1150887176,0.31359014,0.35053757,0.33587232
1151358232,0.16754471,0.5969883,0.23546699
1151852306,0.22389218,0.3152307,0.46087718
1151917228,0.3687463,0.24187976,0.38937396
1152180996,0.3672525,0.3619772,0.27077034
1152586736,0.5900738,0.14350508,0.2664211
1152839427,0.5204651,0.18565267,0.2938822
1153169536,0.4674463,0.3092928,0.22326092
1153573874,0.18260637,0.5992602,0.2181334
1153934864,0.38996923,0.23133874,0.37869203
1155772062,0.3471993,0.21516223,0.43763852
1156116032,0.4012949,0.14905144,0.44965369
1156470780,0.13870953,0.40895137,0.45233905
1157487309,0.6221232,0.13167056,0.24620624
1157526414,0.33410197,0.119152404,0.5467456
1157910929,0.3226238,0.37673554,0.30064064
1159169230,0.45839354,0.24900743,0.29259905
1159984707,0.1742244,0.526418,0.29935762
1160117545,0.14953539,0.3755744,0.47489017
1160328414,0.57463914,0.21440427,0.21095662
1161668709,0.7554045,0.09723322,0.1473624
1161868519,0.2471522,0.54629093,0.20655689
1162093315,0.4829921,0.17910613,0.33790174
1162209692,0.44738492,0.3490269,0.20358819
1162369152,0.07456249,0.03288666,0.8925509
1162926607,0.19206959,0.25011536,0.5578151
1162956685,0.3714087,0.2861578,0.34243345
1162968851,0.39445692,0.2815427,0.32400033
1163307196,0.39506996,0.073127955,0.53180206
1163322100,0.47022927,0.30163175,0.22813894
1163408368,0.14422148,0.66016716,0.19561136
1163472445,0.26293087,0.48678437,0.2502848
1164490429,0.20631857,0.655083,0.13859837
1165552997,0.6683909,0.15601571,0.17559339
1166453476,0.39915574,0.32655406,0.2742902
1166537613,0.11199109,0.74430346,0.14370552
1166583821,0.34247205,0.41764793,0.23988001
1167774009,0.88630396,0.03836287,0.07533324
1167836267,0.49921298,0.15484284,0.3459442
1168116883,0.116555974,0.73009044,0.15335354
1168320904,0.3476065,0.2599621,0.39243144
1169419727,0.48143327,0.26922348,0.24934325
1170087510,0.45147988,0.27481365,0.27370647
1170995112,0.24080071,0.5681555,0.19104384
1171265851,0.38925883,0.37931573,0.23142546
1171524729,0.64582473,0.17114301,0.18303226
1171539077,0.5294752,0.18951792,0.2810069
1172030107,0.4367477,0.2513304,0.31192183
1172736222,0.39791167,0.2893519,0.31273645
1173281873,0.17025192,0.6557472,0.17400084
1173541235,0.49852747,0.21151654,0.28995606
1173603382,0.8252648,0.058489706,0.116245456
1174048310,0.29465127,0.42294666,0.28240207
1174273511,0.43897313,0.2675313,0.2934956
1174455600,0.59324497,0.1546501,0.2521049
1175059383,0.39573345,0.38620773,0.21805882
1175229379,0.3803881,0.29633325,0.32327867
1175513342,0.5679147,0.22814626,0.203939
1175869758,0.27164164,0.46291885,0.26543954
1176333207,0.35367426,0.33362728,0.31269845
1177339902,0.50780374,0.22064885,0.27154744
1177489597,0.21999547,0.4009443,0.37906024
1177599278,0.6872813,0.130155,0.18256372
1177857726,0.5206811,0.2186625,0.26065636
1178248276,0.1492528,0.16540922,0.68533796
1178527134,0.13236468,0.24763691,0.61999846
1179000248,0.80103636,0.16218987,0.036773793
1179407784,0.31465706,0.40582606,0.2795169
1179493554,0.38243213,0.261757,0.3558109
1180455698,0.21491325,0.5978652,0.18722156
1180612834,0.34048465,0.3783789,0.28113645
1180705749,0.35911265,0.3215679,0.31931946
1180735447,0.08646361,0.68646383,0.22707255
1180875516,0.6784769,0.15233563,0.1691874
1181083294,0.3096231,0.3023548,0.38802204
1181118100,0.77420634,0.0075997,0.21819384
1181376402,0.5945094,0.18160553,0.22388503
1181459839,0.3396311,0.39082062,0.26954827
1181740961,0.18767792,0.5989545,0.21336758
1181761316,0.60674816,0.11440934,0.27884245
1182061990,0.29517004,0.40524426,0.2995857
1182242685,0.18786415,0.22275563,0.5893802
1185527251,0.57241774,0.24094154,0.18664074
1185671047,0.14542328,0.6672487,0.18732803
1185745905,0.6669799,0.094162285,0.23885788
1185951272,0.72197926,0.100026295,0.17799443
1186106750,0.2513753,0.48567137,0.26295337
1186422690,0.3246877,0.34857583,0.32673645
1187063828,0.2786751,0.43949547,0.2818294
1187758719,0.58739525,0.1976051,0.21499969
1188107814,0.33750197,0.33501786,0.32748014
1188128005,0.7527885,0.026759366,0.22045214
1188170440,0.55863154,0.23275958,0.2086089
1188489867,0.3197593,0.41201624,0.26822448
1188972538,0.6245537,0.18058157,0.19486474
1191335929,0.43107194,0.2150366,0.35389152
1191850967,0.1574245,0.35019276,0.49238276
1192135014,0.3796394,0.41158557,0.20877504
1192665168,0.12502417,0.7348111,0.14016476
1192924684,0.50876725,0.16301154,0.32822126
1193294174,0.5839809,0.1707444,0.24527465
1194649314,0.19591042,0.54194736,0.2621422
1194748282,0.40983567,0.36759233,0.22257203
1194943107,0.113809675,0.7642436,0.12194675
1195628140,0.4004947,0.33176777,0.26773757
1197131424,0.17597285,0.6799988,0.14402834
1197298103,0.23397544,0.49379504,0.27222958
1197659926,0.2736755,0.48623496,0.24008954
1197892624,0.5459591,0.23995265,0.21408823
1198248770,0.27269086,0.486712,0.24059707
1199570882,0.15335415,0.4936405,0.35300535
1199793812,0.6752158,0.12547126,0.19931303
1199804768,0.30775777,0.46645316,0.22578903
1199910790,0.23811395,0.23575345,0.52613264
1200768569,0.3455442,0.35222992,0.30222592
1200818601,0.53910524,0.21347702,0.24741775
1200850446,0.28546348,0.46596605,0.24857052
1201359234,0.23213047,0.3913488,0.3765207
1201964215,0.3881556,0.31082925,0.3010152
1202045853,0.786549,0.080813155,0.13263783
1202270903,0.55530155,0.17822894,0.2664695
1202404779,0.76330847,0.086868614,0.14982288
1202497583,0.2004403,0.22166583,0.57789385
1202626703,0.37717208,0.31775922,0.30506876
1202645552,0.35654342,0.37649974,0.2669568
1202745908,0.3509729,0.3224409,0.32658625
1202808027,0.4603938,0.32398286,0.21562338
1202867273,0.36824942,0.35438916,0.27736145
1202954676,0.29551333,0.26231584,0.4421709
1203225641,0.63646716,0.14205949,0.22147328
1203777519,0.116414584,0.5064111,0.3771744
1203967039,0.32019666,0.36600897,0.3137944
1204029193,0.42792973,0.2675306,0.30453974
1204463270,0.33972597,0.35861832,0.30165574
1204642197,0.2525082,0.5276366,0.21985523
1204720596,0.557678,0.25316322,0.18915878
1205000597,0.47329962,0.31896558,0.20773482
1205291661,0.47518086,0.29508337,0.2297358
1205522508,0.4928132,0.27193642,0.2352504
1205949115,0.7320986,0.08502463,0.18287683
1206091639,0.29278773,0.33294144,0.3742709
1206094915,0.47196767,0.16357395,0.3644583
1206308226,0.3758318,0.2785047,0.3456635
1206654249,0.48429793,0.19477217,0.32092986
1207050933,0.4056792,0.17338039,0.4209405
1207666648,0.39794275,0.21519963,0.3868576
1207747802,0.11149897,0.7423513,0.14614975
1208001393,0.3938966,0.29387972,0.3122236
1208253500,0.8213699,0.07122317,0.107406914
1208319345,0.21432552,0.552689,0.23298544
1209056631,0.7613508,0.08371429,0.15493494
1209399376,0.28007135,0.3368174,0.3831113
1209485390,0.640815,0.14262597,0.21655901
1210514157,0.67668486,0.08231528,0.24099983
1210622721,0.399221,0.3141493,0.2866297
1210654159,0.18960138,0.30723128,0.50316733
1211036063,0.4197266,0.35938302,0.22089036
1211660088,0.28476608,0.4717713,0.24346264
1211739432,0.3099551,0.16160437,0.5284406
1212472425,0.37590244,0.3158587,0.30823886
1212511895,0.48644367,0.11828974,0.39526662
1213114206,0.40216175,0.24998243,0.3478558
1213312428,0.3432754,0.40098307,0.25574154
1213507185,0.18061525,0.42266172,0.39672306
1214399117,0.31154472,0.43040514,0.2580501
1214762622,0.2072867,0.531835,0.26087824
1214877876,0.34152758,0.22185934,0.43661305
1214936586,0.49969912,0.15877505,0.34152576
1215183365,0.67536473,0.15898599,0.16564931
1215614075,0.16198151,0.43431628,0.4037022
1215701963,0.28111765,0.4878441,0.23103835
1216363059,0.44975904,0.16668336,0.38355762
1216663906,0.04988304,0.7934718,0.15664516
1216785162,0.5107515,0.27506652,0.214182
1217829647,0.29947895,0.3583319,0.34218913
1217900829,0.28690025,0.3862518,0.32684794
1217950144,0.3011289,0.34508497,0.3537861
1218044788,0.5928099,0.17626554,0.23092452
1218311626,0.21724369,0.5833064,0.19945
1218695867,0.21532315,0.6064641,0.17821276
1219157793,0.74450696,0.09998371,0.15550932
1219505119,0.31905818,0.3370486,0.34389323
1219635881,0.2836932,0.31310803,0.40319884
1219664692,0.43568906,0.2363079,0.328003
1219737101,0.2454061,0.4715743,0.2830196
1219767839,0.11681754,0.71961635,0.16356617
1220115146,0.47819144,0.17586622,0.34594235
1220888562,0.27446288,0.28833827,0.43719885
1220923380,0.5673598,0.14731322,0.28532693
1222265181,0.40036568,0.29968807,0.29994628
1222675264,0.6841091,0.16220093,0.15368997
1222683882,0.44993272,0.30125165,0.24881558
1222897858,0.24921325,0.5166788,0.23410799
1223679493,0.45606446,0.27692303,0.26701245
1223899477,0.21998642,0.5274545,0.2525591
1224600442,0.3762668,0.36445096,0.2592823
1225052712,0.17657568,0.32448012,0.49894413
1225570580,0.5409907,0.19630438,0.26270494
1225712256,0.29626584,0.33761737,0.36611673
1225920511,0.524261,0.25594726,0.21979174
1226149481,0.39903313,0.35292125,0.24804565
1226393160,0.18101369,0.6475544,0.1714319
1226575296,0.1880658,0.6129032,0.19903101
1226959107,0.5981635,0.13353601,0.2683005
1227698543,0.17327906,0.20172805,0.62499285
1227950943,0.31364733,0.28460768,0.401745
1229210157,0.5844656,0.19696333,0.2185711
1229271370,0.35787827,0.3574387,0.28468293
1229464450,0.36846232,0.28752214,0.3440155
1229467508,0.081636414,0.5545602,0.36380336
1230197111,0.7025196,0.102109835,0.1953705
1231317077,0.4714726,0.26093212,0.26759535
1231454730,0.30763948,0.18703476,0.5053258
1231602466,0.3882021,0.30367786,0.30811995
1231864881,0.47173846,0.2485845,0.2796771
1232071881,0.37568533,0.3114476,0.31286708
1232281536,0.6215028,0.15716359,0.22133358
1232283379,0.48194975,0.23118237,0.28686792
1232335683,0.40295583,0.2147812,0.38226295
1232681799,0.077281855,0.50443023,0.41828793
1232979333,0.24533115,0.19080146,0.5638674
1233097462,0.44239643,0.35729247,0.20031108
1233119177,0.31981522,0.43398073,0.24620403
1233353148,0.22075173,0.585988,0.19326027
1233498238,0.6814581,0.08310834,0.23543356
1233659541,0.200595,0.41053453,0.38887045
1233798389,0.28211972,0.39877838,0.31910187
1233902208,0.31107765,0.30674928,0.38217306
1233953546,0.39141357,0.39189646,0.21669
1234284627,0.45101193,0.2755462,0.2734419
1234590593,0.38646483,0.35055655,0.26297864
1234764934,0.33163092,0.40016097,0.26820812
1234848042,0.3202509,0.39907882,0.28067032
1235042178,0.3492279,0.3024866,0.34828544
1236022892,0.3624254,0.31681302,0.3207616
1236090007,0.41749778,0.13069808,0.45180416
1236211627,0.88764226,0.030664187,0.0816936
1236393507,0.3510251,0.39294535,0.25602955
1236469023,0.35117474,0.32822627,0.32059896
1236711396,0.23947842,0.53707224,0.22344929
1237843407,0.52021736,0.14418754,0.33559513
1237957054,0.20589995,0.57501006,0.21909
1238967683,0.1891807,0.12724407,0.6835752
1240803814,0.40074605,0.22446623,0.37478775
1241290696,0.54579365,0.22208092,0.23212548
1243104568,0.31744477,0.18903051,0.49352476
1243375439,0.5316401,0.29703426,0.17132567
1243466116,0.36417153,0.29315194,0.34267658
1244409554,0.4240575,0.333868,0.24207449
1244794249,0.47918168,0.18587165,0.3349467
1244827015,0.40181407,0.35747504,0.24071085
1245495103,0.48623264,0.2417849,0.2719824
1245593306,0.67381835,0.1321837,0.19399789
1246210336,0.33931762,0.33571833,0.32496408
1247001132,0.30000374,0.3709153,0.32908094
1247039275,0.33540764,0.3344552,0.33013713
1247442846,0.55452806,0.18169954,0.2637724
1247443950,0.7976143,0.07542676,0.12695895
1247448417,0.24585432,0.32016882,0.43397686
1247729984,0.44818377,0.2747673,0.27704892
1248437744,0.2833303,0.5101802,0.20648955
1249148682,0.32555568,0.39020768,0.28423667
1249162294,0.3340465,0.42708623,0.23886728
1249822885,0.1783893,0.055575363,0.7660354
1249965249,0.5895945,0.18355542,0.2268501
1250652570,0.48957172,0.29751396,0.2129143
1250765794,0.55551773,0.16025943,0.2842229
1250986511,0.21286552,0.5483048,0.23882967
1251032049,0.52954495,0.17824799,0.29220706
1251091657,0.20754166,0.4136609,0.37879738
1251153973,0.4029896,0.23967241,0.35733798
1251258732,0.17175002,0.6246724,0.20357761
1251500018,0.81810445,0.0542736,0.127622
1251844649,0.18104659,0.22626191,0.5926915
1252078906,0.38136628,0.2749155,0.34371823
1252104829,0.42147276,0.29402423,0.284503
1252231217,0.39261556,0.28435317,0.32303125
1252541137,0.022698713,0.89268667,0.08461463
1253105240,0.36476973,0.38291445,0.25231582
1253535053,0.28550053,0.41761604,0.2968835
1253677761,0.25954005,0.24259213,0.49786782
1253917466,0.28956404,0.26572394,0.444712
1254193387,0.43199182,0.24711818,0.32089004
1254458678,0.09722175,0.26226985,0.6405083
1255603426,0.31309775,0.40190685,0.28499544
1255769391,0.41645962,0.2891672,0.29437324
1256132686,0.58891004,0.18294524,0.22814472
1256140076,0.4258435,0.3430586,0.23109783
1256145141,0.4611471,0.3469755,0.1918774
1256291687,0.2264253,0.5036551,0.26991966
1256612177,0.47563985,0.23133883,0.2930213
1257255887,0.24144046,0.56640375,0.19215576
1257398820,0.29527208,0.4138863,0.29084167
1257555692,0.3319989,0.3480629,0.3199382
1258871699,0.52762944,0.23017645,0.24219413
1259441815,0.29283822,0.41227686,0.2948849
1259783812,0.24511877,0.5666176,0.18826362
1259783918,0.18880883,0.52649593,0.2846952
1260841102,0.3128513,0.40375805,0.2833906
1261000361,0.41342923,0.23655888,0.35001186
1261302881,0.36598843,0.24097995,0.3930316
1261311208,0.22177762,0.5307578,0.2474646
1261371520,0.36717585,0.3963879,0.23643629
1261413512,0.27536198,0.47059065,0.2540474
1261624097,0.2026746,0.41768748,0.379638
1261978454,0.19828692,0.26209602,0.53961706
1264286037,0.30319417,0.29869318,0.3981126
1264688930,0.26039994,0.5327981,0.206802
1265581822,0.41657445,0.3542521,0.22917345
1265694900,0.54648685,0.16420212,0.289311
1267242906,0.09651345,0.7253577,0.17812885
1267439750,0.29111823,0.5122075,0.19667429
1267699086,0.31866172,0.32288417,0.3584541
1267737329,0.33945748,0.29032266,0.37021983
1268135045,0.20262678,0.58462864,0.21274455
1268377181,0.65130514,0.10630581,0.24238908
1268729195,0.33687687,0.33994034,0.32318276
1268901284,0.5058549,0.29321295,0.20093215
1269687813,0.5327792,0.29361504,0.17360573
1269819610,0.84233576,0.040779144,0.116885096
1271415496,0.43393216,0.3760121,0.19005579
1271835342,0.2342729,0.5248221,0.24090493
1271875894,0.25950468,0.4897538,0.25074154
1271950713,0.42665815,0.25633538,0.31700647
1272893350,0.2534192,0.314845,0.4317358
1272911893,0.4458652,0.19578546,0.3583493
1272989700,0.521363,0.21134198,0.26729497
1273344482,0.90208644,0.007573449,0.090340205
1273678988,0.27456987,0.48088965,0.24454051
1273942062,0.03514343,0.9137877,0.051068835
1273942742,0.18740767,0.5436057,0.26898664
1274439861,0.08772974,0.78456736,0.12770288
1275778345,0.41264698,0.23288864,0.35446444
1276278100,0.32857338,0.337326,0.3341006
1276568766,0.41521037,0.22539832,0.3593913
1276858352,0.34585282,0.31937018,0.334777
1277153972,0.27616957,0.35729733,0.36653313
1277890342,0.2680339,0.4533052,0.2786609
1279038259,0.52774376,0.20898283,0.2632734
1279083612,0.102993906,0.61379606,0.28321004
1280077092,0.374305,0.28706965,0.33862534
1280662030,0.24238834,0.26818556,0.48942605
1280810443,0.2963613,0.376998,0.3266407
1282503121,0.41554588,0.30008742,0.28436673
1283064558,0.3938248,0.31067172,0.29550353
1283270727,0.3438278,0.38294032,0.27323186
1283692047,0.61645013,0.19280577,0.19074413
1283727809,0.39408314,0.28312793,0.3227889
1284126696,0.16147733,0.65097606,0.18754663
1284331691,0.47571748,0.19701001,0.32727244
1284579960,0.5221166,0.16721165,0.31067175
1285149110,0.29277682,0.3778329,0.32939026
1285178387,0.36250824,0.4573942,0.1800975
1285287287,0.3413367,0.31944537,0.33921793
1285538219,0.090198755,0.75228524,0.15751596
1285866549,0.5028277,0.2488775,0.24829479
1286310593,0.516769,0.23036906,0.25286192
1288043032,0.100009434,0.3090579,0.59093267
1288871775,0.427423,0.32419416,0.2483828
1289121274,0.73714775,0.10466614,0.1581861
1289590730,0.42545786,0.3288283,0.2457138
1289670735,0.2745927,0.3549656,0.3704417
1289870215,0.37607035,0.3019616,0.32196802
1290890850,0.18395105,0.27973565,0.53631335
1291392690,0.3949387,0.27734816,0.32771313
1291557620,0.11153143,0.6499662,0.23850232
1291722430,0.2044887,0.19110279,0.6044085
1292061881,0.28341764,0.17875946,0.5378229
1292855782,0.35219944,0.4338632,0.2139374
1292869662,0.45489118,0.3005557,0.24455306
1292945180,0.57494277,0.12219005,0.30286717
1293650632,0.28260416,0.46917748,0.24821834
1294096621,0.41768843,0.26404646,0.31826514
1294356630,0.493847,0.15529005,0.35086286
1294926401,0.34769586,0.37072474,0.28157946
1294934194,0.30164066,0.27672368,0.42163563
1295337539,0.37522435,0.44300866,0.18176699
1296045600,0.44042966,0.20113476,0.35843557
1296459359,0.52521944,0.23670477,0.2380758
1296577536,0.51792526,0.24553119,0.2365436
1298031429,0.4362279,0.15400997,0.40976217
1298538343,0.27905226,0.31329226,0.40765548
1298548560,0.39223185,0.32510683,0.2826613
1298999627,0.6281156,0.119496085,0.25238833
1299229354,0.23366028,0.49419457,0.27214512
1299239254,0.32525873,0.35377464,0.32096663
1299647672,0.1310097,0.6181201,0.25087023
1300089349,0.5492602,0.20576988,0.24496998
1300158675,0.37655228,0.3422129,0.28123486
1300330752,0.8242127,0.06376093,0.11202647
1300547363,0.27808005,0.40256923,0.3193507
1300750915,0.3703027,0.30905804,0.32063922
1301870821,0.3093384,0.39507815,0.2955835
1301892048,0.27011544,0.15843685,0.57144773
1302393680,0.07927745,0.10082466,0.8198979
1302428275,0.41876748,0.3398152,0.24141733
1302566540,0.14446867,0.6674134,0.18811792
1303185668,0.61897904,0.11003256,0.27098837
1303528044,0.5850505,0.16425014,0.25069937
1303742686,0.56527823,0.20630273,0.22841898
1304308545,0.5034137,0.27970275,0.2168836
1304434183,0.24426025,0.47179157,0.28394815
1304982930,0.15613545,0.19714639,0.64671814
1305805512,0.22411415,0.55267406,0.22321177
1306280009,0.60711247,0.17532179,0.21756577
1307474368,0.3001238,0.31093827,0.3889379
1307809752,0.19318275,0.6894539,0.117363274
1308013715,0.26057816,0.45218915,0.2872327
1309093161,0.62361944,0.15321492,0.22316565
1309095105,0.2817646,0.33284298,0.3853924
1309804361,0.4774597,0.2684403,0.25409997
1310025043,0.52195203,0.22493131,0.2531167
1310311006,0.26570693,0.48453987,0.24975318
1310408098,0.40370232,0.21383359,0.38246417
1310875305,0.307076,0.3369133,0.3560107
1310939756,0.50788903,0.26308995,0.22902104
1311099862,0.48181647,0.34314868,0.17503491
1311447679,0.27370533,0.44261867,0.28367594
1311534608,0.37435335,0.31199762,0.31364903
1311634710,0.19696137,0.24160449,0.5614341
1311973638,0.34023923,0.36678842,0.29297236
1312086808,0.30483747,0.14507489,0.5500877
1312196828,0.27743083,0.50266564,0.21990354
1312281426,0.6753619,0.0894453,0.23519278
1312298757,0.5396077,0.21839476,0.24199753
1312416182,0.4846062,0.21847942,0.29691437
1313062486,0.3688594,0.31441626,0.3167243
1313660927,0.20394532,0.17991535,0.6161393
1313759320,0.4821058,0.2606797,0.2572146
1314104669,0.3103361,0.33970833,0.3499556
1314503909,0.32923836,0.41709906,0.2536626
1315366970,0.590997,0.18727385,0.22172917
1315377012,0.5286106,0.19045089,0.2809385
1315588859,0.3434662,0.39115787,0.26537597
1316205664,0.14410065,0.4143961,0.44150317
1316366596,0.6028715,0.15730323,0.23982523
1316574719,0.49741584,0.2452551,0.257329
1316612294,0.5980286,0.14722453,0.2547469
1317081555,0.2907822,0.44987646,0.25934133
1317390939,0.35536054,0.3218457,0.32279378
1317443662,0.17450354,0.39775267,0.42774376
1317604164,0.20892122,0.2235541,0.5675247
1318196309,0.34884712,0.33609608,0.3150568
1318261886,0.1706364,0.6944027,0.13496096
1318562583,0.23168224,0.42883304,0.33948472
1318897126,0.37415951,0.3011274,0.32471308
1319899831,0.60275626,0.17774868,0.21949506
1319960610,0.13055728,0.13305686,0.73638594
1320603883,0.3324558,0.3235066,0.34403762
1320678024,0.59791356,0.15308528,0.24900116
1320937227,0.1804005,0.36364076,0.4559588
1321483311,0.3486857,0.4003766,0.25093767
1321561427,0.40018854,0.2583037,0.34150776
1321562281,0.23986694,0.21246615,0.54766685
1321847781,0.19772927,0.62956506,0.17270572
1321945676,0.183054,0.62624794,0.19069807
1322096209,0.6681287,0.14335144,0.18851991
1322231942,0.46861014,0.27886736,0.2525225
1322279394,0.49253872,0.25571007,0.2517512
1322318187,0.15392281,0.6143456,0.23173153
1322401191,0.3942479,0.32697403,0.27877808
1322495130,0.4767754,0.20870776,0.31451684
1322501468,0.16616897,0.6304324,0.20339859
1323369759,0.23737459,0.4453631,0.31726235
1323458972,0.25642747,0.42467028,0.31890225
1327072024,0.15995957,0.41187215,0.42816824
1327861781,0.7127336,0.09472633,0.19254011
1328164240,0.18963961,0.40856278,0.40179765
1328330506,0.4701938,0.2174444,0.31236178
1328883106,0.44075853,0.21483041,0.34441102
1329039209,0.37104067,0.32871565,0.30024368
1329047899,0.4314682,0.24288204,0.32564974
1329545194,0.41144234,0.3350124,0.25354522
1329830857,0.23815562,0.4781115,0.28373292
1330044180,0.066521324,0.3423327,0.59114605
1330157007,0.24302226,0.48468298,0.27229476
1330831115,0.5482478,0.17801802,0.27373412
1331460207,0.65720636,0.14615689,0.19663672
1332538599,0.5522734,0.22294374,0.22478281
1332635944,0.4037085,0.36212194,0.23416959
1332672674,0.6183697,0.18747717,0.19415316
1333055596,0.5102551,0.18400519,0.3057397
1333098482,0.5676668,0.17307228,0.25926095
1335150544,0.31810567,0.46045485,0.22143947
1335254561,0.33971086,0.333038,0.32725117
1335709915,0.40835702,0.29097828,0.30066466
1335710970,0.20228791,0.6676957,0.13001636
1336204972,0.3965098,0.39486846,0.20862176
1337375102,0.2662505,0.081224844,0.65252465
1337697746,0.32616162,0.34420913,0.32962924
1337847908,0.62628853,0.1508469,0.22286463
1337977109,0.6223349,0.16092697,0.21673812
1338312976,0.40133485,0.27669463,0.32197058
1338370231,0.18701659,0.5612407,0.25174272
1338423046,0.38237768,0.2909211,0.32670122
1338496964,0.3949529,0.33803788,0.26700923
1339680801,0.45003024,0.27807575,0.27189392
1340109125,0.42584443,0.3480543,0.2261013
1340352319,0.4213331,0.33220312,0.24646378
1341752377,0.5263707,0.18746991,0.28615943
1341894016,0.19899523,0.42232165,0.37868312
1343028095,0.2871297,0.39617163,0.31669867
1343329085,0.23694019,0.47525424,0.28780556
1343816926,0.3694248,0.2578374,0.37273782
1344207526,0.344743,0.34414035,0.31111667
1344670745,0.51863354,0.29429317,0.1870733
1345427989,0.3044703,0.33889687,0.35663283
1345449145,0.32868633,0.20573153,0.46558216
1345664181,0.23841062,0.51183254,0.24975684
1345900468,0.19468266,0.2770348,0.5282825
1346134893,0.87298566,0.023332825,0.103681594
1346150599,0.09462136,0.5819498,0.3234289
1346173233,0.31470647,0.36387146,0.32142207
1346256583,0.21917042,0.2829856,0.497844
1346322172,0.26108447,0.38568696,0.35322854
1346417292,0.22413778,0.48049363,0.2953686
1347155858,0.17750525,0.5989684,0.22352637
1347169240,0.50980866,0.24705298,0.24313839
1347173048,0.2010219,0.5295059,0.26947224
1347725151,0.33210972,0.40985352,0.2580367
1347877510,0.5099839,0.2703325,0.21968365
1348199042,0.21561627,0.5140959,0.2702878
1349827952,0.18044364,0.30056244,0.51899385
1349951233,0.7951297,0.048587203,0.15628311
1349995071,0.30826774,0.32178423,0.369948
1350408619,0.08702932,0.30021355,0.6127571
1350631459,0.2222511,0.33585647,0.4418925
1351666641,0.26481286,0.3152905,0.41989666
1351840584,0.37926236,0.20332631,0.41741133
1352071229,0.24830784,0.50892997,0.24276216
1352524649,0.14419332,0.42782137,0.42798537
1352839830,0.4200822,0.287924,0.29199386
1352919106,0.5943418,0.21670638,0.18895186
1353134673,0.24859561,0.5631014,0.18830302
1353277271,0.029938802,0.033717006,0.93634415
1353311781,0.34473893,0.39854753,0.2567135
1353790481,0.29155347,0.51908004,0.18936647
1354175560,0.15987808,0.55753046,0.28259143
1354393027,0.4281123,0.15907225,0.41281548
1354466660,0.30512252,0.33623648,0.35864097
1355320625,0.22477497,0.41660872,0.3586163
1355397103,0.2579509,0.4795901,0.26245898
1355818701,0.38120934,0.22425905,0.39453167
1356046198,0.26795992,0.11486452,0.6171755
1356361415,0.407667,0.2393365,0.35299653
1356727678,0.36370665,0.28187916,0.35441414
1357009874,0.530203,0.14526105,0.32453594
1357390286,0.67244095,0.070009455,0.25754964
1357455531,0.46399668,0.32904762,0.20695569
1357655438,0.5338103,0.17616203,0.29002762
1357881952,0.37109312,0.32507372,0.30383316
1358160921,0.42673737,0.25669432,0.31656826
1358637503,0.24667384,0.3030606,0.4502656
1358696276,0.38274807,0.41249728,0.20475465
1358809142,0.45586258,0.2718536,0.27228376
1358937087,0.33917198,0.20199183,0.45883623
1359118029,0.36325464,0.33536345,0.3013819
1359434044,0.12644951,0.6245666,0.24898385
1359485205,0.31974012,0.4361239,0.24413596
1359503720,0.115342416,0.7327469,0.15191068
1359820215,0.2940055,0.42800522,0.27798924
1359906785,0.4781259,0.24722074,0.2746534
1360599007,0.22545084,0.3734211,0.40112796
1360694269,0.15414849,0.67528975,0.17056178
1361007912,0.29325455,0.36285985,0.34388557
1361160439,0.46050575,0.39356112,0.14593315
1361167972,0.6607222,0.14589298,0.19338483
1361200216,0.47903895,0.19621696,0.32474405
1361251512,0.4836937,0.31284723,0.20345907
1361407764,0.43382716,0.30024952,0.26592326
1363118024,0.47300443,0.18387029,0.34312528
1363544693,0.77288544,0.08419051,0.14292403
1363587149,0.39957932,0.15542933,0.44499132
1363707778,0.45889193,0.27488136,0.26622662
1364629972,0.47263855,0.21271826,0.31464317
1364713953,0.2925216,0.47949168,0.22798677
1365152137,0.09926373,0.71573615,0.18500009
1365280092,0.1840189,0.5774507,0.23853041
1365791476,0.20154731,0.4822181,0.31623465
1366344081,0.2953993,0.14105625,0.5635445
1367533183,0.23785138,0.4477169,0.31443167
1368921610,0.1829816,0.5670275,0.24999094
1369278644,0.44864038,0.27205873,0.2793009
1369689252,0.37239447,0.40482944,0.2227761
1369876862,0.5495158,0.2266122,0.223872
1370635467,0.097655006,0.744582,0.157763
1371433032,0.48728684,0.14746544,0.3652476
1372731951,0.5120756,0.23764615,0.25027826
1372870539,0.28631234,0.43066853,0.28301913
1373359616,0.12178302,0.6830498,0.19516718
1373429891,0.22114165,0.61764556,0.16121279
1374197436,0.30236635,0.24029167,0.457342
1374252405,0.12351719,0.7268293,0.1496535
1374736198,0.6937325,0.10314752,0.20311996
1375088356,0.20744888,0.5725025,0.22004862
1376444207,0.66444314,0.1356264,0.19993046
1376973923,0.14928494,0.5930092,0.2577059
1377392116,0.13372903,0.6963475,0.16992348
1377440828,0.17649661,0.27275133,0.55075204
1377506550,0.4053764,0.29900852,0.2956151
1377727363,0.3221343,0.3963407,0.28152496
1378834616,0.231201,0.23064473,0.5381543
1379238332,0.5083631,0.2569548,0.2346821
1379255720,0.26396146,0.425827,0.31021157
1379839810,0.65861666,0.16135204,0.18003125
1380472670,0.7449102,0.12069091,0.13439886
1380723083,0.30397347,0.26648676,0.4295397
1381629195,0.5606937,0.18837376,0.2509326
1382285172,0.5522493,0.21611191,0.23163877
1383440897,0.26406762,0.44276506,0.29316732
1383441610,0.29536113,0.29797456,0.40666428
1385548105,0.6322054,0.13257843,0.23521611
1385554312,0.41680577,0.20780446,0.37538972
1385906328,0.17838374,0.53287995,0.28873634
1385935551,0.20968099,0.53508455,0.2552345
1387075958,0.20071194,0.35073274,0.44855532
1387386267,0.22419257,0.5634784,0.21232899
1387672484,0.27218762,0.20693992,0.5208725
1387710245,0.3064185,0.2658032,0.42777827
1387777340,0.6631121,0.14372206,0.19316584
1387898471,0.5897619,0.15650482,0.25373325
1388199580,0.73163885,0.11502849,0.15333267
1389121302,0.22492981,0.46960285,0.30546737
1389420302,0.40812716,0.28929698,0.30257583
1389555397,0.20700653,0.33949813,0.45349538
1389702873,0.23139425,0.56180406,0.20680165
1389771253,0.55143136,0.22905453,0.21951409
1390262757,0.9062885,0.009234572,0.08447694
1390520637,0.6557711,0.13920547,0.20502342
1390859853,0.07551015,0.59603345,0.32845637
1390997763,0.31103298,0.4213186,0.26764843
1391020960,0.085451715,0.8032895,0.11125883
1392105266,0.38546717,0.20460908,0.40992376
1392209547,0.41424417,0.2907421,0.29501373
1392226577,0.11389834,0.6995355,0.18656617
1392334184,0.25948593,0.23325846,0.5072557
1393150851,0.45872757,0.22385213,0.31742033
1393885138,0.5814523,0.19178605,0.22676165
1394027934,0.33313763,0.33541137,0.33145097
1394893882,0.48423654,0.2557393,0.2600242
1395720449,0.32258552,0.3381466,0.33926785
1396132414,0.34014574,0.31894466,0.3409096
1396562178,0.2653815,0.33609504,0.39852345
1396671661,0.5444523,0.14300872,0.31253892
1397024201,0.2397108,0.48665857,0.27363065
1397267815,0.22737387,0.12029617,0.65233
1397585358,0.39654115,0.28511074,0.3183481
1397736996,0.6093744,0.1313606,0.2592649
1397972502,0.25862762,0.22510149,0.5162709
1399212694,0.45069814,0.24238339,0.3069184
1399828751,0.32399663,0.35513428,0.32086912
1400253798,0.55150545,0.20046988,0.24802466
1401802131,0.16398841,0.18991572,0.6460958
1401827456,0.3232826,0.39573845,0.28097895
1401943697,0.4133977,0.29292178,0.29368055
1402366185,0.36298555,0.43397844,0.20303601
1402389420,0.2881765,0.07819726,0.6336263
1402391471,0.5222019,0.22288756,0.25491053
1402504655,0.6632258,0.058066763,0.27870739
1402699423,0.94778454,0.0035284841,0.04868693
1402949788,0.54445857,0.36282855,0.092712834
1403763143,0.4971108,0.21944417,0.28344503
1404153349,0.18429513,0.57385343,0.24185145
1404163344,0.007023784,0.9495226,0.043453638
1404672215,0.2951733,0.25206923,0.45275748
1405359044,0.30117673,0.47814193,0.22068131
1406229150,0.3438124,0.3451031,0.31108445
1406269506,0.45999104,0.26475918,0.27524978
1406341563,0.16548373,0.6153898,0.21912643
1406693141,0.27054858,0.41244283,0.31700858
1406862971,0.302397,0.3566383,0.34096467
1407228058,0.2611251,0.47378168,0.26509327
1408395083,0.22087789,0.5916738,0.18744832
1408912893,0.16381533,0.6135755,0.22260918
1409180353,0.27293128,0.39036736,0.33670136
1409228309,0.34365705,0.3403848,0.3159581
1409529590,0.35346624,0.34161222,0.30492154
1409690310,0.35270196,0.31209466,0.33520338
1410804470,0.2776529,0.33962986,0.38271722
1411153915,0.0328255,0.91217256,0.055001967
1412363938,0.39009672,0.23881729,0.37108594
1412437124,0.34716535,0.24087837,0.41195628
1412692063,0.3486429,0.3900381,0.26131898
1413001075,0.60305536,0.1744592,0.22248544
1413281898,0.3417347,0.33887178,0.3193935
1413334459,0.68134457,0.10983902,0.20881638
1413833246,0.61065716,0.21272087,0.17662194
1414367496,0.20325303,0.46277022,0.3339767
1414977918,0.43827724,0.27282837,0.28889433
1415548931,0.13625407,0.6845445,0.17920148
1415964419,0.48382202,0.17916374,0.3370143
1416030202,0.6358138,0.18813084,0.17605542
1416426355,0.3679296,0.2466523,0.3854181
1416674908,0.12148366,0.6993683,0.179148
1416848801,0.29381526,0.44595206,0.26023275
1416917671,0.6057716,0.18268447,0.21154393
1416989232,0.303357,0.18120857,0.51543444
1417169032,0.23016912,0.38826272,0.38156816
1417558861,0.59780544,0.20484117,0.19735341
1417712717,0.18298829,0.43197918,0.38503253
1417928463,0.18984267,0.3875021,0.42265522
1418138977,0.40431228,0.29691732,0.29877046
1418621230,0.5736829,0.21407484,0.21224223
1418779531,0.34965444,0.2654313,0.38491422
1419555734,0.67630047,0.13843471,0.18526489
1420458467,0.255747,0.49277803,0.251475
1421221820,0.6981034,0.14106539,0.16083117
1421354214,0.62622195,0.13802305,0.23575498
1421660520,0.1872775,0.3887405,0.42398196
1422266323,0.09305484,0.7840948,0.1228503
1423691433,0.243526,0.49405026,0.26242366
1423800173,0.23620102,0.40714598,0.35665298
1423873186,0.7911868,0.09298702,0.11582619
1424360742,0.27327037,0.5147095,0.21202023
1424630854,0.56492555,0.24852774,0.18654674
1424672477,0.48209304,0.14943466,0.3684723
1424985834,0.50774163,0.18394117,0.3083172
1425276265,0.5316536,0.28429213,0.18405427
1426442280,0.46384832,0.2627443,0.27340734
1426974466,0.2558928,0.578577,0.16553025
1427018813,0.6704058,0.12962393,0.19997033
1427291432,0.359645,0.18666999,0.45368502
1427979009,0.5774871,0.20804636,0.21446657
1428143548,0.03929969,0.86084354,0.09985676
1428328520,0.52210814,0.2977541,0.18013774
1428464001,0.25240937,0.5214888,0.2261018
1428694254,0.5612339,0.21425197,0.22451413
1428895715,0.40003052,0.25765604,0.3423134
1429306681,0.46982515,0.2867899,0.24338493
1429660037,0.39665434,0.4006791,0.20266652
1429783071,0.45595112,0.27226737,0.27178147
1429833978,0.20439813,0.35623562,0.4393662
1429990576,0.21927756,0.5317151,0.24900736
1430269838,0.1277366,0.63236886,0.23989454
1430675901,0.43567148,0.15388823,0.4104403
1430803906,0.2792375,0.54095197,0.17981054
1431462641,0.3773947,0.14527299,0.47733235
1431495504,0.46448338,0.1925762,0.34294042
1432032997,0.6135752,0.16328742,0.22313741
1432094757,0.3851252,0.3700139,0.24486093
1432443034,0.19799475,0.40300342,0.39900184
1432482766,0.30335906,0.42525157,0.2713894
1432729181,0.26951,0.3802739,0.35021606
1432828603,0.56440014,0.16598053,0.2696193
1432993472,0.32652703,0.39726973,0.2762032
1433021456,0.65863967,0.16482942,0.17653094
1433499660,0.16729927,0.6475541,0.18514663
1433968841,0.38724974,0.43426555,0.17848472
1434045348,0.4887482,0.16974373,0.34150803
1434086091,0.45885584,0.22041021,0.320734
1434910009,0.097103715,0.54880387,0.35409245
1434992725,0.20873669,0.5048564,0.2864069
1435527197,0.3295776,0.21508725,0.45533523
1435898196,0.24646409,0.51173407,0.24180187
1436082146,0.3675892,0.20850226,0.42390853
1436275158,0.29514727,0.30807415,0.39677855
1436611893,0.37187833,0.3482669,0.27985477
1436631749,0.02531528,0.89314234,0.081542395
1437181218,0.39308968,0.29197696,0.31493333
1437272536,0.2038806,0.26501015,0.5311092
1437446456,0.3648709,0.19532326,0.4398059
1437491031,0.17378011,0.5806659,0.24555399
1437774850,0.3762135,0.29500967,0.3287769
1438434643,0.21116298,0.18472373,0.6041133
1439208676,0.25769803,0.5119358,0.23036617
1439290553,0.26593944,0.31558806,0.41847253
1439374665,0.35257143,0.29507366,0.35235488
1439394013,0.15201752,0.535679,0.31230348
1439541777,0.5026829,0.20736702,0.28995004
1439909253,0.44377953,0.26903617,0.28718433
1440801039,0.24313334,0.5457847,0.21108195
1441173111,0.6707609,0.16597608,0.163263
1441511750,0.3705462,0.1907861,0.43866768
1442127966,0.36433133,0.3312243,0.30444434
1442290195,0.14067031,0.66118085,0.19814883
1442635458,0.283487,0.2520311,0.4644819
1443084227,0.4620999,0.2064293,0.33147076
1443321183,0.2624748,0.20559715,0.53192806
1443375222,0.36738232,0.34418947,0.2884282
1443710886,0.28290072,0.34229544,0.3748039
1443860815,0.48537377,0.33951882,0.17510737
1444070294,0.26603812,0.15657225,0.5773896
1444219431,0.17500211,0.062152714,0.76284516
1446455294,0.34081942,0.38853234,0.27064827
1446619243,0.27415094,0.1954595,0.53038955
1446823475,0.28788853,0.20466329,0.5074482
1446852302,0.42984134,0.29738563,0.2727731
1446946826,0.3482376,0.3469713,0.30479112
1447285983,0.3437661,0.2600348,0.39619908
1447468192,0.4007706,0.18750899,0.41172045
1447852109,0.5207889,0.20254116,0.27666992
1447867415,0.47384018,0.18666635,0.3394934
1448205571,0.36055577,0.38188723,0.257557
1448239683,0.19181319,0.4266323,0.38155457
1448266458,0.4203306,0.28886813,0.29080126
1448434031,0.11537011,0.72996706,0.15466279
1448468165,0.18980664,0.54146725,0.26872605
1448719568,0.2555181,0.18631154,0.5581703
1448964072,0.33854908,0.3922216,0.26922935
1449669209,0.73196304,0.08809487,0.17994207
1449784621,0.49322963,0.17254674,0.33422363
1450470352,0.59461075,0.15071611,0.25467312
1451458914,0.2634988,0.19292118,0.54357994
1452099658,0.17767529,0.63287836,0.18944629
1452805160,0.34053597,0.42569286,0.23377123
1453014744,0.3162125,0.40577537,0.27801216
1453172489,0.4515961,0.20969895,0.3387049
1453275667,0.68302774,0.12948078,0.18749148
1453966150,0.24406457,0.26485303,0.49108237
1454812018,0.25109074,0.45116267,0.29774654
1455124015,0.092958584,0.08760567,0.8194358
1455161464,0.3580968,0.21696469,0.42493844
1455170812,0.48182645,0.33273503,0.18543848
1455390930,0.19769605,0.5738877,0.22841626
1455428622,0.2167097,0.46103716,0.3222531
1455606913,0.10984025,0.28833663,0.60182315
1456028759,0.3362105,0.36316583,0.3006237
1456938572,0.28725922,0.54248035,0.1702604
1457201321,0.5416588,0.19603601,0.26230517
1457778041,0.4504478,0.33119455,0.21835762
1457810821,0.31641865,0.24671568,0.43686566
1458259549,0.52351886,0.16977157,0.3067096
1458343383,0.5092655,0.17716394,0.3135706
1458376709,0.48422402,0.17634988,0.33942613
1458412720,0.21368262,0.20844199,0.5778754
1459091276,0.318125,0.18625154,0.49562344
1459641443,0.33064812,0.3413969,0.32795504
1460120830,0.29321083,0.2868635,0.41992566
1460515574,0.1329987,0.59809977,0.26890153
1460820187,0.36409006,0.31700805,0.31890193
1460966532,0.42450184,0.2476012,0.32789704
1461302100,0.4054298,0.30079937,0.29377085
1461438052,0.22323553,0.44014022,0.33662418
1462308585,0.50968724,0.18871878,0.30159396
1463226054,0.43863937,0.22260904,0.33875152
1463408806,0.25590613,0.39947358,0.34462032
1463842068,0.31013548,0.27592474,0.41393977
1464441625,0.63841325,0.07754437,0.28404242
1464850086,0.45269623,0.26789114,0.27941266
1465290540,0.420792,0.2669549,0.31225315
1465472990,0.38592437,0.30766737,0.30640823
1466612810,0.29457563,0.44034407,0.26508036
1467136925,0.24069272,0.47844228,0.280865
1467738484,0.35333937,0.118238755,0.5284219
1468083829,0.59506,0.15251648,0.25242355
1468451882,0.28622577,0.503285,0.21048924
1468837828,0.5334793,0.22544706,0.2410737
1469693662,0.22442451,0.3203759,0.45519963
1470135466,0.48241338,0.2700996,0.24748701
1470858439,0.104853675,0.7534858,0.1416605
1471365560,0.669441,0.12277494,0.20778415
1471543805,0.39656362,0.23560221,0.36783415
1471628453,0.27091396,0.55240905,0.17667697
1471695906,0.18862537,0.24601777,0.56535685
1472264995,0.23003878,0.47160825,0.298353
1472614161,0.57604927,0.16328326,0.2606674
1472698280,0.49314794,0.24911866,0.25773346
1472832402,0.1364123,0.6835898,0.17999794
1473082325,0.89613634,0.018807244,0.08505637
1473492501,0.43352067,0.22825438,0.338225
1473730148,0.17747775,0.5663871,0.25613517
1474115426,0.45118997,0.22302373,0.3257863
1474314415,0.3431508,0.36916384,0.2876854
1474982314,0.24751112,0.37491253,0.37757635
1475002576,0.19361751,0.67474717,0.13163528
1475377205,0.39153793,0.28685254,0.32160953
1475666594,0.400425,0.30349344,0.2960816
1475714846,0.38437173,0.3086436,0.30698463
1475813571,0.3212893,0.39887485,0.27983576
1476431807,0.3615372,0.39519808,0.24326476
1476454327,0.11391349,0.7733991,0.11268739
1476537456,0.26161063,0.5211941,0.21719521
1476729719,0.09892189,0.74691427,0.1541639
1476756914,0.3327135,0.33458123,0.3327053
1477181263,0.3205898,0.41482258,0.2645876
1477751980,0.3115837,0.3883441,0.30007216
1478625468,0.3429018,0.37307927,0.28401887
1478669098,0.36107087,0.31080443,0.32812476
1479293673,0.20785774,0.5137729,0.27836934
1480202930,0.3076139,0.16430943,0.5280767
1480223808,0.3634459,0.40651768,0.23003645
1482379888,0.43652216,0.2559297,0.30754814
1482720536,0.33658466,0.33438045,0.32903486
1483480798,0.6183276,0.1931044,0.18856797
1484852887,0.17351621,0.5373195,0.28916433
1485080075,0.37034798,0.31849176,0.31116024
1485115590,0.28746274,0.28210655,0.4304307
1485267511,0.6548026,0.07860977,0.26658762
1485508512,0.17532775,0.6173107,0.20736156
1485817729,0.63187855,0.1537582,0.21436328
1485934446,0.30924928,0.34177315,0.34897757
1486124275,0.77142465,0.06038123,0.16819416
1486197657,0.28524885,0.33263505,0.38211614
1486465505,0.386619,0.36831385,0.24506713
1486588998,0.32774985,0.27222207,0.40002808
1486816158,0.1323082,0.70725363,0.16043821
1486855190,0.6202218,0.16641773,0.21336052
1487289828,0.37040752,0.3868315,0.24276105
1488090695,0.26933518,0.4637991,0.2668658
1488299482,0.21245898,0.5409089,0.2466322
1488356237,0.5405353,0.21577784,0.24368687
1488513448,0.26893768,0.10585558,0.6252067
1488797794,0.28026083,0.3722914,0.3474478
1488849978,0.39757675,0.12995775,0.47246552
1489033021,0.07197897,0.8272602,0.100760825
1489341217,0.4528343,0.24699655,0.30016917
1489687292,0.3032429,0.371182,0.32557508
1490403547,0.20588385,0.5794057,0.21471047
1490494206,0.58567053,0.2046068,0.20972268
1490741381,0.32290527,0.31780455,0.3592902
1491056071,0.32990092,0.36098933,0.30910978
1491887725,0.42605168,0.33306593,0.24088232
1491948372,0.3386419,0.22676528,0.43459272
1492451179,0.74747616,0.092158556,0.16036533
1492598402,0.4714991,0.2202833,0.30821759
1493206165,0.3522822,0.27367222,0.37404555
1493609851,0.21811435,0.553091,0.22879465
1493974534,0.011150841,0.01796859,0.97088057
1494015614,0.3647284,0.26584017,0.36943144
1494755516,0.24408953,0.4674638,0.28844666
1494914031,0.38996956,0.5477955,0.062234927
1494982303,0.32478434,0.37048402,0.30473164
1495497926,0.41785014,0.31570098,0.26644892
1495901768,0.04731376,0.8592589,0.093427286
1496063118,0.21475479,0.54741055,0.23783463
1497580769,0.69335026,0.13795868,0.16869111
1497911862,0.234947,0.2931733,0.47187963
1498457024,0.17963165,0.48252386,0.3378445
1498879216,0.6951429,0.15338647,0.1514706
1498882785,0.12996602,0.6982138,0.17182018
1499109074,0.36377865,0.2525476,0.38367373
1499295074,0.32103795,0.26872745,0.41023454
1499619749,0.47485647,0.17864339,0.3465002
1499707688,0.27330884,0.52297556,0.20371553
1499948738,0.28824195,0.481914,0.22984405
1500015293,0.5230667,0.14109497,0.33583838
1500283498,0.21791936,0.6216352,0.16044547
1500309264,0.19410193,0.5370662,0.26883188
1500588399,0.26770377,0.48716357,0.24513261
1500850984,0.43607244,0.2136025,0.350325
1501024156,0.06779258,0.87708366,0.055123735
1501041282,0.43867144,0.28150824,0.27982032
1502720069,0.73362154,0.13278666,0.13359185
1503116999,0.5219897,0.16451012,0.3135002
1503438274,0.13578247,0.67936426,0.18485326
1503878284,0.41827664,0.23809202,0.3436314
1504379369,0.30264235,0.17412162,0.523236
1504412172,0.3731351,0.37946633,0.24739857
1504517733,0.43992972,0.18722153,0.37284878
1504618613,0.55728,0.17675361,0.26596633
1504983499,0.26685932,0.35752645,0.37561426
1505689958,0.26219675,0.45587045,0.28193283
1505733120,0.21818547,0.18252599,0.5992885
1506521225,0.39947712,0.25234964,0.34817326
1506890350,0.19405411,0.53919023,0.26675564
1507188408,0.6655247,0.16516003,0.16931531
1507408700,0.23334937,0.5307844,0.23586619
1507549345,0.15100081,0.15852657,0.69047266
1508472249,0.38787913,0.13333383,0.47878706
1509374546,0.8551626,0.044598844,0.10023851
1509730800,0.45673382,0.25595242,0.28731373
1509898027,0.6474536,0.17456323,0.17798312
1510095995,0.34012318,0.3613061,0.29857075
1510676826,0.10333662,0.7199061,0.17675726
1510677307,0.23545858,0.51231194,0.25222945
1511095709,0.771655,0.07513934,0.15320562
1511202082,0.8787533,0.01557995,0.10566673
1511228396,0.42418826,0.29393354,0.28187823
1511689026,0.066217065,0.6571022,0.27668065
1512207463,0.16498114,0.51665103,0.31836784
1512947637,0.25272965,0.3355718,0.41169855
1513204349,0.24228674,0.5054323,0.25228095
1513262633,0.19454937,0.2010032,0.6044474
1513405948,0.27280086,0.51595926,0.21123986
1513773651,0.21825624,0.44859168,0.3331521
1513917216,0.4635758,0.22675437,0.30966988
1514050590,0.4209344,0.3004394,0.2786262
1514434817,0.30999762,0.46139896,0.22860342
1514547798,0.30495858,0.2402025,0.45483893
1514619514,0.3864168,0.22575395,0.3878293
1515591121,0.5676093,0.07994283,0.35244787
1516225383,0.439315,0.28573987,0.2749452
1516546377,0.4646888,0.23994468,0.2953665
1517021709,0.24145357,0.592089,0.16645743
1517393005,0.3653506,0.31873524,0.31591418
1518799982,0.5196585,0.15932983,0.32101163
1519450988,0.5896831,0.19590911,0.21440785
1519971857,0.40009114,0.25064555,0.34926328
1520369416,0.44609672,0.2717715,0.28213173
1520768066,0.38486066,0.27650782,0.33863148
1521799271,0.36327687,0.48760873,0.14911439
1522423329,0.395503,0.29610908,0.30838788
1522815986,0.06724626,0.72629184,0.20646197
1524059431,0.53981686,0.26893726,0.19124594
1524348158,0.425608,0.2778171,0.2965748
1524543158,0.4750546,0.20505492,0.31989047
1524611475,0.5864443,0.06367218,0.34988344
1525517155,0.2849586,0.3497788,0.36526266
1525691491,0.69291836,0.106073715,0.20100795
1526327941,0.52508855,0.3019176,0.1729938
1526969475,0.32184193,0.3736008,0.30455723
1527155920,0.42264876,0.26463863,0.31271264
1527156169,0.6510394,0.093526945,0.25543356
1527192180,0.28824723,0.3698539,0.34189892
1527285751,0.26604512,0.4548086,0.27914622
1527395079,0.5222311,0.22344035,0.25432855
1527471634,0.50331527,0.25701278,0.23967195
1527554219,0.38554874,0.1783233,0.436128
1529272443,0.61427677,0.15028605,0.23543717
1529604460,0.36784172,0.25249866,0.37965962
1529866973,0.5629921,0.25282973,0.1841782
1530504165,0.11780492,0.7251699,0.15702516
1531039297,0.39060897,0.2788247,0.33056638
1531118601,0.33182395,0.33712336,0.3310527
1531662818,0.4081299,0.15253732,0.43933275
1531899161,0.30719492,0.28501105,0.4077941
1532994835,0.2738152,0.46831855,0.25786626
1533072745,0.14101095,0.5539863,0.30500272
1533598664,0.30998555,0.31784058,0.37217388
1533992469,0.47523248,0.23276791,0.29199958
1534167246,0.27325928,0.26194626,0.4647945
1534402659,0.42602554,0.2914334,0.28254107
1534653188,0.41548285,0.2809653,0.3035518
1535079472,0.44123438,0.13526829,0.4234973
1535147814,0.2795196,0.40923166,0.31124875
1536180227,0.51463586,0.24585892,0.23950523
1536365366,0.32372174,0.34031728,0.33596098
1536704536,0.1904612,0.2418323,0.5677065
1536913543,0.24739917,0.40416777,0.34843305
1537913922,0.09691477,0.6770085,0.22607677
1538192042,0.33378914,0.33042783,0.33578306
1538212165,0.16325748,0.5743905,0.26235208
1539100235,0.12266842,0.68915564,0.18817587
1539430733,0.09351873,0.7483733,0.15810794
1539702339,0.20497099,0.5681747,0.2268543
1539855068,0.3539564,0.39723545,0.24880816
1539956334,0.3633158,0.30282745,0.33385673
1540010313,0.32394072,0.36732325,0.308736
1540272698,0.16613463,0.66521966,0.16864574
1541217915,0.43896738,0.34145033,0.21958226
1541488452,0.36237937,0.3931501,0.24447057
1541584741,0.6903231,0.12124344,0.18843345
1541722295,0.3154837,0.3074251,0.37709123
1541812836,0.4190268,0.29405424,0.286919
1542059307,0.048472375,0.8385257,0.11300192
1543074530,0.44759634,0.2891338,0.26326987
1543157848,0.28748938,0.4627265,0.24978413
1543895287,0.35736495,0.3618188,0.28081632
1544873196,0.63373184,0.16661589,0.19965224
1545061118,0.12417033,0.46753645,0.40829328
1545731189,0.27724183,0.31303895,0.40971923
1545927872,0.6496534,0.1703679,0.17997874
1546122676,0.64010674,0.16194302,0.19795021
1546206990,0.1567723,0.62838644,0.21484128
1546577432,0.3672464,0.3887931,0.24396046
1546655768,0.14217323,0.37756392,0.4802628
1546662619,0.35531506,0.4011796,0.24350533
1548552219,0.3272429,0.3180979,0.35465923
1548902860,0.45441735,0.25467902,0.29090363
1550205100,0.5022755,0.25943437,0.23829007
1550303111,0.639254,0.111939155,0.24880694
1550723982,0.33840036,0.3638942,0.2977055
1550821548,0.33109975,0.1938232,0.4750771
1551177751,0.374894,0.42039067,0.2047153
1551548454,0.7977691,0.08625838,0.11597243
1551910009,0.56203324,0.19810283,0.23986393
1552549145,0.124759346,0.095540605,0.77970004
1552662924,0.4309921,0.2752566,0.2937513
1553519118,0.3802196,0.33606544,0.28371495
1553877406,0.27770507,0.4361669,0.28612798
1554040007,0.37330285,0.32878143,0.29791573
1554123495,0.3888476,0.2117378,0.39941463
1555149570,0.42713115,0.24113785,0.331731
1556521592,0.52899563,0.2216446,0.2493598
1556795265,0.72270745,0.07520323,0.20208925
1556900097,0.35108507,0.21399538,0.43491954
1558191336,0.35182965,0.1946177,0.45355272
1558259444,0.3508798,0.35795113,0.2911691
1558571802,0.36191347,0.34182048,0.29626605
1558587124,0.28769064,0.37064555,0.34166378
1558777899,0.31537476,0.34621117,0.33841404
1558912027,0.30854428,0.32122916,0.37022656
1558927094,0.36120865,0.27646682,0.36232457
1558951820,0.4159391,0.27037776,0.3136832
1558982800,0.73704886,0.07858342,0.18436776
1559720207,0.31682765,0.2867443,0.39642805
1559913144,0.42334324,0.28575018,0.29090658
1560594781,0.2887628,0.37200567,0.3392315
1560700239,0.26175702,0.14943658,0.58880645
1560799471,0.5797304,0.091483325,0.3287863
1560872156,0.39019358,0.23830444,0.37150198
1561345296,0.28593302,0.2445909,0.469476
1561349153,0.24591835,0.48407856,0.27000305
1562226463,0.16749924,0.6195223,0.21297844
1562500237,0.3979199,0.2340649,0.36801526
1562683773,0.24837612,0.20678571,0.5448382
1562795825,0.63447565,0.11302211,0.2525023
1563145088,0.6373782,0.11109809,0.25152364
1563306175,0.23181151,0.5189538,0.24923472
1564030860,0.20246248,0.5097585,0.28777906
1564270024,0.6352708,0.15451758,0.21021159
1564503224,0.30659136,0.39185447,0.30155414
1564677098,0.63859034,0.1632716,0.19813803
1564719155,0.27743018,0.2896924,0.43287742
1564918885,0.27938828,0.32698616,0.39362565
1565296683,0.04824036,0.8465958,0.105163865
1565949492,0.28879705,0.46348917,0.24771377
1566783308,0.3895631,0.32998085,0.28045604
1566954372,0.4228952,0.28767642,0.2894284
1567884189,0.47855413,0.21203525,0.30941063
1568170498,0.65615106,0.15071826,0.19313064
1568646123,0.6233469,0.13997626,0.23667675
1569845106,0.3195548,0.33841383,0.34203136
1570574380,0.2749129,0.47049195,0.2545952
1571475596,0.2798401,0.2604001,0.45975983
1571748016,0.49640095,0.19232589,0.3112731
1571869710,0.155358,0.5455435,0.29909858
1572532364,0.0926931,0.6049884,0.30231854
1573041293,0.60432506,0.21793999,0.17773488
1573212317,0.39175084,0.28150436,0.3267448
1574662905,0.29521555,0.2694282,0.43535626
1574759770,0.27037546,0.4693277,0.2602969
1575052556,0.15325968,0.52979624,0.31694406
1575251701,0.19924279,0.56234586,0.2384114
1575555457,0.094359756,0.76877576,0.13686451
1575814848,0.1980055,0.44105107,0.36094347
1575867410,0.09879285,0.708236,0.19297117
1576617046,0.17847611,0.54708666,0.27443725
1576667106,0.23868288,0.51530504,0.24601208
1576677757,0.4018575,0.34147847,0.2566641
1576832390,0.33233652,0.3365526,0.3311109
1577083695,0.18021014,0.6148104,0.20497942
1578374094,0.41254044,0.2192509,0.36820865
1579331830,0.16351625,0.66898036,0.16750336
1579331845,0.5416942,0.1919723,0.26633346
1579576872,0.48179722,0.2400228,0.2781799
1579624624,0.33193526,0.40724233,0.26082242
1580014003,0.12068131,0.8044946,0.07482406
1580414987,0.13100046,0.41847894,0.45052055
1580562923,0.07929241,0.7976539,0.12305366
1580582369,0.26664874,0.5242453,0.20910595
1580970194,0.5890689,0.22243822,0.1884929
1581527303,0.5182801,0.19014804,0.29157183
1581677926,0.47718132,0.36732453,0.15549412
1582090564,0.55526525,0.17811915,0.26661563
1582256615,0.23011744,0.2638741,0.5060085
1582902417,0.6012988,0.12862425,0.2700769
1582928543,0.18493609,0.5768831,0.23818079
1583075693,0.33661267,0.3972477,0.2661396
1583128758,0.42462927,0.29496014,0.2804106
1583472637,0.36405882,0.4473237,0.18861744
1583637741,0.15193376,0.5823426,0.2657236
1583752046,0.68305516,0.16593206,0.15101284
1585380248,0.38466638,0.25042072,0.36491287
1586608645,0.33460552,0.36492792,0.30046663
1587107095,0.33536008,0.3365986,0.32804134
1587169170,0.46071112,0.29878148,0.24050733
1587194833,0.50845486,0.23778318,0.25376192
1587433367,0.45091048,0.22969426,0.31939518
1588105720,0.38918045,0.35050943,0.26031008
1588239586,0.30756545,0.4785881,0.21384649
1588393459,0.1581295,0.55733424,0.28453624
1588462653,0.21244371,0.48566332,0.30189306
1588917103,0.36315817,0.26000327,0.3768386
1588948633,0.26281402,0.5036074,0.23357862
1589226234,0.50671464,0.21917589,0.27410948
1589332090,0.19278021,0.48457798,0.32264176
1589721142,0.20593299,0.6054877,0.18857934
1589888986,0.25129753,0.44773003,0.30097246
1590080958,0.38033497,0.4012992,0.21836577
1590114635,0.3026137,0.43492097,0.26246527
1590208245,0.22497499,0.45433486,0.3206902
1590236491,0.20696522,0.26534727,0.5276875
1591114772,0.29953724,0.35629192,0.3441708
1591287203,0.5286059,0.2033752,0.2680189
1591366972,0.3105271,0.3476363,0.3418366
1591413411,0.31376037,0.4050867,0.28115296
1591469791,0.4099939,0.3730688,0.21693723
1591777615,0.3334675,0.27669388,0.38983864
1591924742,0.3855661,0.40967986,0.20475404
1592037539,0.014604514,0.9072484,0.07814709
1592475350,0.44450068,0.24069856,0.31480077
1592986657,0.3632785,0.34616223,0.2905593
1593832383,0.5880151,0.14371245,0.2682725
1593997946,0.27819386,0.3174053,0.40440077
1594311609,0.71275043,0.1052512,0.18199834
1594444499,0.23271324,0.5777952,0.18949151
1594545725,0.54113257,0.23055811,0.22830929
1594831514,0.2730525,0.23432174,0.4926257
1595360794,0.12188051,0.65122724,0.22689229
1596022201,0.11518184,0.57345617,0.311362
1596027091,0.15057445,0.610994,0.23843156
1596381647,0.064529024,0.69906723,0.23640378
1596685760,0.14951406,0.62480515,0.22568078
1596745329,0.42983308,0.24182813,0.3283388
1596897776,0.72068787,0.12709728,0.15221487
1597955185,0.25040552,0.21593064,0.5336638
1598071968,0.23005888,0.6419195,0.12802157
1598463363,0.6479466,0.13832793,0.21372542
1598528295,0.14380936,0.3556603,0.5005303
1598955966,0.5070563,0.2609444,0.2319993
1599123199,0.42677864,0.19419923,0.37902212
1599267076,0.3012473,0.36010674,0.338646
1599338338,0.42485937,0.24757613,0.32756448
1600997639,0.21509147,0.57250166,0.21240687
1601310078,0.29872826,0.36514488,0.3361268
1601858576,0.3603249,0.326184,0.31349108
1601966183,0.23406324,0.45158267,0.3143541
1601990898,0.5380401,0.22996505,0.23199491
1602025984,0.4364979,0.26507965,0.2984224
1602242007,0.20000091,0.5341726,0.2658265
1602446510,0.18492837,0.65891486,0.15615673
1602546889,0.37862566,0.35134432,0.27003002
1602730606,0.40840474,0.24871095,0.34288427
1603072180,0.20956083,0.52882123,0.26161793
1603497276,0.39956635,0.24171212,0.35872155
1603505794,0.6226486,0.18528117,0.19207019
1603573542,0.62753916,0.15393744,0.21852341
1603683361,0.15273531,0.6197945,0.2274702
1603768828,0.69454473,0.11727197,0.1881833
1603870571,0.44327113,0.24410859,0.3126203
1605077531,0.6104959,0.15167604,0.23782805
1605475658,0.41428635,0.27410012,0.31161353
1605698283,0.23574659,0.2002697,0.56398374
1605905924,0.36025187,0.32620203,0.31354606
1605996051,0.125051,0.7022399,0.17270906
1606003020,0.62331456,0.15238865,0.2242968
1606083607,0.38831466,0.32270858,0.2889767
1606296406,0.344752,0.21475367,0.44049436
1606395278,0.121816725,0.13894992,0.7392334
1606407543,0.22747429,0.5256254,0.24690035
1606738061,0.4455383,0.3054252,0.24903654
1606954938,0.4306757,0.35449722,0.2148271
1607191102,0.18727535,0.6477196,0.16500504
1607248697,0.7305068,0.09702265,0.17247051
1607875755,0.37410724,0.3320962,0.2937966
1608032905,0.72165954,0.094744176,0.18359633
1608906901,0.6445743,0.16831447,0.18711124
1609089622,0.7024248,0.099427335,0.19814782
1610043516,0.32911685,0.35861686,0.31226623
1610205099,0.23979518,0.48538226,0.27482256
1610231338,0.48855308,0.249266,0.26218095
1610365006,0.5185714,0.18214709,0.29928154
1610774104,0.3799681,0.19424964,0.42578226
1610872536,0.32281485,0.26045698,0.41672808
1610968410,0.41256443,0.35535762,0.23207791
1611402474,0.067367546,0.22391784,0.70871466
1612091231,0.0947927,0.64256424,0.26264307
1612433188,0.59569305,0.3677562,0.03655076
1612488724,0.3468219,0.2913841,0.36179397
1612875011,0.013624394,0.9321125,0.054263137
1613737445,0.5292655,0.21275166,0.2579828
1614354108,0.5047298,0.19305177,0.30221847
1614557080,0.078951664,0.6720809,0.24896744
1615087207,0.57902163,0.17404763,0.2469307
1615296273,0.26247495,0.5332647,0.20426032
1615783648,0.32793918,0.40295222,0.26910856
1615956280,0.40594319,0.3896657,0.20439112
1616262993,0.3307618,0.42212626,0.24711189
1616322521,0.37530953,0.16069861,0.4639919
1616390305,0.11303796,0.57687867,0.31008336
1616544667,0.36708316,0.33882433,0.2940925
1616715686,0.3824332,0.30914316,0.30842364
1618329558,0.2700417,0.39782348,0.3321348
1618763092,0.23788463,0.5520085,0.21010686
1618809025,0.27988452,0.3884495,0.331666
1619102855,0.14029007,0.68958235,0.17012762
1619320065,0.59194434,0.2008244,0.20723124
1620143181,0.3740118,0.3346495,0.29133865
1620268752,0.3666778,0.39218476,0.24113742
1620276284,0.1319212,0.6038587,0.26422015
1620414224,0.2789196,0.40595552,0.31512484
1620814709,0.28075847,0.28197315,0.4372684
1620990590,0.5663679,0.1930072,0.24062486
1621068592,0.028058747,0.8581566,0.113784686
1621287312,0.22997381,0.18847789,0.58154833
1621786615,0.21795145,0.51170516,0.27034336
1622313624,0.30380931,0.40646088,0.28972983
1623001652,0.6693492,0.08405269,0.2465981
1623011038,0.24115762,0.49716002,0.2616824
1623478562,0.8375947,0.054725725,0.10767962
1623658908,0.58221287,0.14116347,0.2766236
1624270527,0.2870961,0.30309334,0.4098106
1624294480,0.36270687,0.3068658,0.33042735
1624346643,0.2697721,0.49829268,0.23193516
1624372771,0.29183623,0.39457148,0.31359228
1624567981,0.7404315,0.076663494,0.18290503
1625062895,0.19075802,0.2102817,0.5989603
1626650461,0.36587203,0.43676218,0.19736587
1626681340,0.21798158,0.56041825,0.22160015
1626787875,0.4635977,0.19874862,0.33765367
1626950757,0.31208184,0.32446668,0.36345145
1628658023,0.13986243,0.6916711,0.16846651
1628982727,0.41772765,0.2570847,0.32518765
1629612058,0.3130085,0.5227398,0.16425167
1630176001,0.48833865,0.21353301,0.29812837
1630242303,0.8676415,0.032541342,0.099817194
1630685162,0.49985072,0.21594325,0.28420597
1630744222,0.30731705,0.35599628,0.3366866
1631688231,0.1613369,0.591944,0.24671912
1631736828,0.270384,0.3248106,0.4048054
1631877069,0.29722214,0.2787849,0.4239929
1631879974,0.5172484,0.28473622,0.19801538
1632391908,0.28751728,0.29903382,0.41344896
1632801516,0.57866275,0.12552437,0.29581288
1633992539,0.43251926,0.3411455,0.22633526
1634013642,0.28227997,0.27113578,0.44658425
1634533328,0.16801678,0.5765832,0.2554
1634930691,0.06495317,0.6344088,0.30063805
1635053961,0.3890954,0.37575036,0.23515424
1635118542,0.5765991,0.19808649,0.22531436
1635128471,0.5037078,0.23979613,0.256496
1635206642,0.47862872,0.24547695,0.2758943
1635646242,0.5344161,0.23109733,0.23448662
1636172063,0.52579784,0.26191038,0.2122917
1636235993,0.58488613,0.20631164,0.20880216
1636328074,0.3153009,0.376876,0.30782306
1636380589,0.22473183,0.5593122,0.21595596
1636986956,0.30592567,0.33749372,0.3565806
1637144335,0.32716313,0.449108,0.22372894
1638126002,0.7294855,0.098786004,0.17172846
1638552680,0.2574307,0.4379891,0.30458018
1638709941,0.5659474,0.2730041,0.16104849
1638951002,0.23652156,0.33366928,0.42980918
1639243060,0.27078488,0.48866767,0.24054752
1639275309,0.76994425,0.09161569,0.13844007
1639464536,0.29039016,0.26442516,0.44518468
1640253668,0.43623495,0.27582577,0.2879393
1640690923,0.2701912,0.48515958,0.2446492
1640872488,0.56539285,0.1459123,0.28869483
1641028392,0.5242003,0.26030964,0.21549009
1641318958,0.13327165,0.37115964,0.4955687
1641645273,0.40626243,0.2974659,0.29627168
1641829791,0.23448254,0.2152483,0.5502692
1641935848,0.6788856,0.15053068,0.17058374
1642193750,0.43597078,0.22423318,0.339796
1642354775,0.34657487,0.30088007,0.35254508
1642598639,0.24543802,0.31887877,0.43568322
1642641931,0.29037532,0.44916144,0.2604633
1642688813,0.34588107,0.368434,0.2856849
1643484773,0.21982679,0.3059835,0.47418964
1643825719,0.39514935,0.36087036,0.24398027
1644007534,0.7037208,0.06815904,0.2281201
1644011137,0.20321265,0.56940264,0.22738469
1644112296,0.3963191,0.29470503,0.30897585
1644386354,0.79696256,0.06264548,0.14039192
1644615318,0.3538481,0.41461226,0.23153965
1644961529,0.45097288,0.26522657,0.28380054
1645099022,0.33102995,0.38942364,0.2795464
1645707647,0.71859235,0.13576174,0.14564595
1646666396,0.7034496,0.1131067,0.1834436
1647221496,0.3717109,0.28211093,0.34617814
1647743315,0.37378544,0.18260123,0.44361332
1647979205,0.34468865,0.3821736,0.27313772
1648261975,0.25806007,0.47967762,0.26226237
1648795672,0.40302306,0.27918357,0.3177934
1649027546,0.35727683,0.24828912,0.394434
1649419005,0.25909808,0.44130495,0.29959697
1649419811,0.062275525,0.85484886,0.08287561
1649475434,0.094773255,0.49631366,0.40891308
1649645620,0.39312285,0.33743298,0.2694442
1649785633,0.66648567,0.10162104,0.23189326
1650117310,0.45788625,0.24137317,0.3007405
1651951271,0.6352541,0.15548238,0.2092635
1653433752,0.31858006,0.29347727,0.38794264
1653835720,0.33639786,0.23979066,0.42381144
1654888257,0.3182753,0.44276986,0.23895478
1655561531,0.6721713,0.08971584,0.23811284
1656528167,0.35953373,0.3734515,0.26701477
1656813360,0.26320934,0.44906273,0.28772792
1657335830,0.42503595,0.2924995,0.28246456
1657791259,0.70107776,0.08263244,0.2162898
1657808253,0.4546281,0.2844487,0.26092324
1658483063,0.31775546,0.45583215,0.22641245
1658546420,0.4914956,0.1790844,0.32941994
1658621707,0.2687796,0.07809295,0.65312743
1658687754,0.27469704,0.45147136,0.2738316
1658789068,0.18671022,0.51510334,0.29818642
1658792732,0.21854271,0.53060865,0.25084865
1658941768,0.21386164,0.32265514,0.46348318
1659134652,0.7631631,0.09291198,0.14392486
1659275860,0.47169924,0.3184895,0.20981121
1660268686,0.47267836,0.21630709,0.3110145
1660841661,0.26943472,0.35371357,0.3768517
1661185087,0.24672379,0.43940583,0.3138704
1661204994,0.1885474,0.5601476,0.25130495
1661524368,0.4132511,0.28360003,0.30314887
1661644518,0.34733185,0.28507054,0.36759767
1661766548,0.17253774,0.25579023,0.57167196
1661907067,0.48019615,0.23226255,0.28754127
1662385511,0.22371088,0.53075385,0.24553531
1662765253,0.306355,0.4313702,0.26227483
1662909424,0.5369178,0.17864542,0.28443676
1662978733,0.5904358,0.19613916,0.21342506
1663299127,0.18579651,0.613896,0.20030743
1664008977,0.07558627,0.7917931,0.13262056
1665848614,0.6227916,0.16704318,0.21016522
1666516973,0.30881694,0.1588939,0.53228915
1667407429,0.36326504,0.36354738,0.27318755
1668140157,0.27857047,0.30956715,0.41186234
1668392464,0.30479345,0.30169326,0.39351338
1668617250,0.45901746,0.34326532,0.1977172
1668827988,0.39908782,0.2763714,0.3245408
1668953590,0.31207433,0.23939426,0.44853142
1669416484,0.305704,0.28433695,0.40995908
1669423776,0.54559886,0.20112753,0.25327364
1669455624,0.25123608,0.48275492,0.266009
1669646156,0.39235774,0.45547387,0.15216833
1670946045,0.25787985,0.49649626,0.24562386
1671045684,0.4319314,0.320458,0.24761054
1671802062,0.40865624,0.1296757,0.46166813
1672198421,0.58388656,0.17185698,0.2442564
1672491713,0.36492732,0.29196748,0.34310514
1672567438,0.5201412,0.16207269,0.31778607
1672741985,0.20407312,0.5304769,0.26544994
1673324865,0.2866514,0.38065904,0.33268955
1674005311,0.42169133,0.35235876,0.22594997
1674026797,0.51234865,0.31989986,0.16775146
1674036589,0.32312834,0.31012753,0.36674416
1674118767,0.32994822,0.24465856,0.42539322
1674142701,0.18649332,0.5384631,0.27504355
1674209836,0.3815744,0.3130427,0.30538285
1674325162,0.59214884,0.15233685,0.2555143
1674444560,0.29854766,0.31865057,0.38280174
1674741971,0.56677026,0.19026504,0.2429647
1674752413,0.3877409,0.2805604,0.3316987
1674884847,0.28557613,0.45494545,0.2594784
1675075229,0.27184922,0.36172852,0.3664223
1675149454,0.2740484,0.15862548,0.5673261
1675969735,0.319226,0.39113194,0.28964204
1676262995,0.65111333,0.113794625,0.23509209
1676572337,0.4113978,0.351324,0.23727822
1677176783,0.38189325,0.23234247,0.38576424
1677242997,0.39462146,0.23434092,0.37103763
1678305776,0.40110508,0.21591112,0.38298383
1678540854,0.41852948,0.28288254,0.29858798
1678643448,0.22422726,0.5025836,0.27318907
1679886909,0.2687481,0.5003753,0.23087667
1680260847,0.3507765,0.19854532,0.45067817
1681094675,0.4655395,0.15477851,0.37968194
1681429236,0.4849074,0.2506439,0.26444867
1681881453,0.41575348,0.2963579,0.2878886
1681896853,0.3180176,0.37483406,0.30714828
1683964124,0.29668596,0.46667674,0.23663731
1684710989,0.65460163,0.12957497,0.21582344
1684712957,0.36196285,0.32188973,0.31614742
1685151491,0.58194643,0.08960998,0.32844362
1685474310,0.30680212,0.40886623,0.28433168
1686782003,0.20528036,0.6212753,0.17344432
1687308591,0.33344045,0.35928422,0.30727538
1687324183,0.26648226,0.18016917,0.55334854
1687703522,0.52862096,0.15242437,0.31895468
1687851394,0.320607,0.35804164,0.32135132
1687961168,0.2958397,0.38812974,0.3160306
1689026321,0.42976964,0.28958088,0.28064957
1689111044,0.16556774,0.6359499,0.19848233
1689113901,0.5148536,0.27459845,0.21054797
1689843164,0.5557756,0.11975145,0.32447293
1690490188,0.24478306,0.5531422,0.20207474
1690603264,0.33465222,0.3322794,0.33306837
1690796873,0.459999,0.26543626,0.27456468
1691173071,0.24496625,0.59642965,0.15860404
1691696486,0.37673342,0.3146765,0.30859008
1691822487,0.43810526,0.23191087,0.3299838
1691993974,0.33574572,0.42466268,0.23959161
1691995928,0.6670208,0.08926716,0.24371201
1692147442,0.3649007,0.2136633,0.421436
1692512857,0.45552674,0.2864845,0.25798875
1693157430,0.39350364,0.3055421,0.3009542
1693544479,0.48451215,0.24374275,0.27174503
1694231004,0.37575686,0.35713705,0.26710612
1694748446,0.40343547,0.24014401,0.35642046
1694852609,0.31596518,0.32827362,0.35576123
1694893412,0.38525423,0.2849891,0.32975668
1695336100,0.647813,0.07631252,0.27587444
1695378735,0.47375274,0.24863806,0.2776092
1695645555,0.2775565,0.38694397,0.33549955
1696551148,0.37118602,0.34617662,0.28263742
1696786782,0.2775112,0.45222044,0.27026838
1696896205,0.20463265,0.5585073,0.23686
1696953885,0.37062,0.36476648,0.26461348
1697004492,0.15178514,0.66517144,0.18304344
1697804885,0.28749573,0.15621077,0.5562935
1698118763,0.3555218,0.358173,0.28630522
1698179769,0.39150253,0.32210678,0.2863907
1698355940,0.21769007,0.5851362,0.19717376
1698393049,0.29461905,0.28310233,0.42227858
1698531514,0.7429746,0.0868366,0.17018883
1699607344,0.27979544,0.42083645,0.29936808
1699909980,0.6520466,0.13513325,0.21282013
1700540254,0.47410452,0.27864116,0.24725424
1701382450,0.39216402,0.2385957,0.36924025
1701400238,0.36266005,0.34197834,0.29536155
1701429124,0.39160824,0.25381893,0.3545728
1701833100,0.5873724,0.14657241,0.2660552
1701869418,0.34873345,0.309778,0.34148857
1701869469,0.31923553,0.4135998,0.26716465
1702236031,0.14539474,0.703825,0.15078028
1702253932,0.25371137,0.5139186,0.23237
1702458599,0.5938985,0.1431952,0.2629063
1702781517,0.4468699,0.29216948,0.26096064
1703202880,0.14271878,0.4930783,0.3642029
1703579951,0.41368032,0.34197047,0.24434924
1703791790,0.18197271,0.44332498,0.37470233
1704968274,0.37325794,0.37423855,0.25250354
1705517008,0.074994445,0.8228032,0.10220234
1705717796,0.48286885,0.2142871,0.30284414
1705759496,0.69684297,0.119671695,0.18348537
1706106815,0.38862634,0.23588353,0.37549016
1706225713,0.5608048,0.13779122,0.30140397
1707452320,0.14391513,0.69279826,0.16328661
1707559411,0.02670814,0.06586306,0.90742874
1707809334,0.22000287,0.49593163,0.2840655
1708750130,0.58163345,0.17608178,0.24228482
1708751795,0.49541724,0.25036696,0.25421578
1709009838,0.21931483,0.4212173,0.35946792
1709201081,0.5557864,0.2499647,0.19424893
1709331184,0.3678021,0.38026404,0.2519338
1709833562,0.33982185,0.33862385,0.32155427
1710357115,0.1705259,0.25349572,0.57597834
1710374387,0.42312518,0.28258997,0.2942848
1711165180,0.5144505,0.1618777,0.32367173
1711449809,0.26803908,0.50823885,0.22372207
1711705347,0.2763409,0.47655377,0.2471054
1712092208,0.1861736,0.33330208,0.4805243
1712211949,0.30241817,0.28454116,0.41304067
1712358857,0.17497598,0.66193706,0.1630869
1712459088,0.44679964,0.28377736,0.26942304
1713618786,0.47313267,0.22326389,0.3036035
1713918922,0.39631554,0.38026854,0.22341593
1714469710,0.17746262,0.5708376,0.25169975
1714480516,0.35467687,0.35317498,0.29214817
1714625142,0.015791552,0.9139799,0.07022857
1715034145,0.391663,0.35035568,0.25798133
1715901933,0.28971618,0.2322942,0.47798958
1715939092,0.60128564,0.13874911,0.2599653
1716701012,0.043442532,0.85379434,0.102763176
1716878448,0.316074,0.44345728,0.24046877
1717499706,0.26469728,0.51499337,0.2203093
1718196048,0.47275797,0.2637239,0.2635181
1718393889,0.25492138,0.54416484,0.20091374
1718442063,0.022483781,0.030977856,0.94653845
1718492494,0.56811094,0.16976334,0.26212576
1719190274,0.32316068,0.40528855,0.27155074
1719553749,0.2709766,0.45203906,0.2769844
1720732200,0.105772816,0.74924576,0.1449814
1721124299,0.7420352,0.07477713,0.18318766
1721485134,0.3018816,0.39148217,0.30663618
1721531304,0.3220764,0.44168487,0.23623867
1721790205,0.5952809,0.18821146,0.21650767
1723780952,0.36000746,0.33099234,0.3090002
1724724907,0.46517733,0.28170535,0.25311738
1724736940,0.12732197,0.6776245,0.19505356
1725662863,0.56912744,0.18942083,0.24145168
1725975147,0.21099918,0.6557757,0.13322508
1726028627,0.21986905,0.24503174,0.5350992
1726233067,0.22984783,0.21568945,0.55446273
1726238362,0.3044758,0.3464383,0.34908593
1726608997,0.5658705,0.24957055,0.18455891
1726669132,0.32565257,0.39137924,0.2829682
1726803987,0.24704316,0.30643597,0.4465208
1727003714,0.23916398,0.46281502,0.29802102
1727117026,0.4571708,0.28371352,0.25911567
1727544159,0.48991525,0.27664062,0.23344415
1729197804,0.23084876,0.5657782,0.20337304
1729505410,0.71381557,0.11105248,0.1751319
1729972900,0.5298611,0.12509437,0.34504452
1730227863,0.49773625,0.2546623,0.24760148
1730282689,0.27922913,0.45535627,0.26541457
1730316708,0.6082209,0.15145354,0.24032561
1730503979,0.43678072,0.2661729,0.29704642
1731367518,0.2974218,0.32598963,0.37658852
1731847910,0.30520126,0.46077895,0.23401974
1731942510,0.16979448,0.6909367,0.13926879
1732077490,0.28147602,0.4564743,0.26204973
1732292935,0.74061066,0.10675632,0.15263304
1733550244,0.74663293,0.103567556,0.14979953
1734221711,0.44629452,0.2617286,0.29197687
1735024514,0.49360055,0.22451591,0.28188348
1735279981,0.33076644,0.36885154,0.30038205
1735391902,0.4790967,0.2594488,0.26145458
1735988940,0.14420485,0.68306726,0.17272785
1736020897,0.1284818,0.69686204,0.1746562
1736324458,0.37050343,0.337106,0.29239058
1738348760,0.5152543,0.2959708,0.1887749
1739200962,0.1692472,0.21767268,0.61308014
1739216143,0.44956145,0.17915559,0.37128296
1739226511,0.19919363,0.5666954,0.23411097
1739421378,0.52586347,0.1625558,0.31158072
1739431180,0.45566872,0.2870769,0.25725436
1740242588,0.32027453,0.22402242,0.455703
1740488468,0.15177482,0.6946054,0.1536198
1740846676,0.3263929,0.3297622,0.3438449
1741842995,0.2797353,0.38678256,0.33348218
1742397502,0.39822644,0.300909,0.30086458
1742700921,0.3438022,0.35784006,0.29835767
1742973325,0.24677002,0.5580079,0.1952221
1743498555,0.20174603,0.59697485,0.20127909
1743616057,0.00909048,0.94999415,0.040915336
1743997133,0.48095056,0.21177469,0.30727476
1744275624,0.25052798,0.47191074,0.27756128
1744290588,0.6673869,0.13244873,0.20016441
1745364303,0.4840527,0.20147325,0.31447402
1745404445,0.14693205,0.4755567,0.37751126
1745502944,0.3748268,0.30383256,0.32134062
1745912669,0.55181986,0.13398497,0.31419522
1746524880,0.92633885,0.008721273,0.064939894
1746632869,0.28595608,0.44440904,0.26963487
1746715166,0.2541257,0.2641974,0.48167694
1747019545,0.4349334,0.31549448,0.2495722
1747060223,0.37277696,0.39168435,0.23553875
1747212833,0.43800643,0.2163458,0.34564778
1747781204,0.2499194,0.2521598,0.49792084
1748178046,0.30719432,0.5089775,0.1838282
1748578389,0.4085904,0.2722304,0.3191792
1749433064,0.4560318,0.24219058,0.3017776
1750477058,0.28398982,0.33949593,0.3765143
1751016912,0.43125516,0.301967,0.26677787
1751174384,0.4089584,0.35359654,0.23744504
1751301693,0.2533979,0.567473,0.17912905
1751428213,0.14400898,0.6948788,0.16111222
1751469307,0.22984073,0.49713805,0.27302128
1752008067,0.33636916,0.37822273,0.28540814
1752433274,0.28954962,0.39532268,0.31512767
1752518483,0.2319968,0.52809715,0.23990607
1752594608,0.47614032,0.058897987,0.46496168
1752775926,0.15335655,0.27802774,0.56861573
1753813509,0.47565243,0.21820319,0.3061444
1753831633,0.5674975,0.19340296,0.23909952
1754058826,0.073854394,0.30186126,0.6242844
1754235471,0.3845544,0.2561224,0.35932317
1754554906,0.22686732,0.46753237,0.30560026
1755061975,0.34405622,0.3285202,0.32742357
1755517259,0.30649835,0.25176394,0.4417377
1755580987,0.2035508,0.16196913,0.6344801
1755634810,0.43346244,0.29135087,0.27518663
1755825938,0.26342732,0.34728298,0.38928968
1756377209,0.26369643,0.40405115,0.3322524
1757003473,0.45777357,0.23303223,0.30919427
1757101493,0.18903933,0.5283818,0.28257883
1757534368,0.32454073,0.3456053,0.32985392
1758513915,0.30310592,0.3891554,0.30773866
1758661122,0.17591967,0.6283714,0.19570893
1759176115,0.7195826,0.11886347,0.16155386
1760220395,0.51689154,0.22185606,0.26125243
1761278802,0.61922866,0.18025075,0.20052059
1761465961,0.37613297,0.21852264,0.40534437
1761770990,0.40558925,0.2190426,0.37536812
1761903056,0.7296677,0.09975945,0.17057288
1762166855,0.38163218,0.28189695,0.3364709
1762179255,0.2632706,0.47095123,0.26577815
1762532067,0.43651167,0.27823365,0.2852547
1762544024,0.3299437,0.32869026,0.34136605
1762652827,0.3502027,0.3152974,0.3344999
1763381260,0.4924869,0.20547609,0.302037
1763994858,0.42498404,0.17478381,0.40023214
1764087102,0.3302485,0.32402265,0.34572887
1764711169,0.8484241,0.021062301,0.1305136
1764788149,0.31879583,0.19834973,0.48285446
1765976880,0.35773075,0.3252968,0.31697243
1766431844,0.056797393,0.8226798,0.120522715
1766523746,0.3873337,0.34891734,0.2637489
1766550786,0.49271172,0.21561874,0.29166958
1767825762,0.49116552,0.19689372,0.3119408
1767934450,0.034820206,0.19136941,0.7738103
1769377660,0.14729236,0.43198982,0.4207178
1769447174,0.3613785,0.23722544,0.40139607
1769769269,0.102713846,0.76445335,0.13283275
1769960079,0.36721355,0.3159614,0.31682506
1770205446,0.34898934,0.3097027,0.34130794
1770277986,0.8668538,0.040176176,0.09296999
1770350850,0.26779905,0.45108497,0.28111598
1770927891,0.42732814,0.16085257,0.41181928
1770982546,0.06112914,0.82347655,0.11539433
1771265247,0.58103997,0.13964471,0.2793153
1772376754,0.37660992,0.28820986,0.33518016
1772401101,0.3068042,0.37990445,0.3132913
1772507594,0.5734796,0.16923064,0.25728974
1772561108,0.21159428,0.5401893,0.24821636
1772866012,0.50847316,0.20412077,0.2874061
1773367328,0.17192817,0.6095859,0.21848595
1773674906,0.35188353,0.32340255,0.32471398
1774005540,0.26657337,0.3329922,0.40043443
1774130976,0.39749384,0.31308874,0.28941748
1774602599,0.5764179,0.13253856,0.29104355
1775130281,0.31387192,0.390674,0.2954541
1775421556,0.42883605,0.2965314,0.2746325
1775482394,0.3796591,0.32691953,0.29342136
1775500186,0.45809355,0.23442985,0.3074766
1775909064,0.4704032,0.1713681,0.3582287
1776218371,0.2874661,0.40637606,0.30615783
1776831865,0.24996951,0.49179637,0.25823417
1777463648,0.31240895,0.37600797,0.3115831
1778024720,0.37453833,0.42409477,0.20136689
1778621296,0.5168508,0.23632312,0.24682607
1778676178,0.49724424,0.23644595,0.26630977
1779006905,0.38032082,0.28628454,0.33339465
1779654536,0.42088136,0.27732813,0.30179054
1780398222,0.5223576,0.21775354,0.2598889
1780885331,0.50416124,0.18449219,0.31134653
1780999606,0.58665943,0.20898615,0.20435444
1782822354,0.23113172,0.60959107,0.1592772
1783300540,0.4957871,0.22654064,0.27767223
1783684063,0.32130212,0.24669045,0.4320074
1784217052,0.30073512,0.31235072,0.3869142
1784669181,0.5466536,0.21998355,0.23336284
1784954473,0.31923878,0.46884507,0.21191618
1785564736,0.21157806,0.5454168,0.2430052
1785657638,0.6866794,0.10583387,0.20748664
1786049557,0.03718458,0.67650706,0.2863084
1787460094,0.15794392,0.64174426,0.20031185
1787649523,0.15743604,0.6699068,0.17265713
1788323141,0.5094042,0.18359067,0.30700514
1788506108,0.17327449,0.5459724,0.2807531
1788948997,0.4959595,0.13870558,0.365335
1789333187,0.2973113,0.44970876,0.25297996
1789482639,0.11901339,0.7259121,0.15507455
1789556888,0.5331835,0.18293378,0.2838827
1789894210,0.43256462,0.2830468,0.28438854
1790510063,0.86952144,0.012247222,0.11823129
1790771359,0.31962574,0.21523674,0.46513757
1790953968,0.12939751,0.708159,0.1624435
1791122089,0.38237253,0.33679885,0.28082868
1791136776,0.36482248,0.25570464,0.37947288
1791218030,0.2542157,0.3888561,0.35692817
1791700068,0.33373365,0.39706728,0.26919904
1791974108,0.21996859,0.35130915,0.42872226
1793321345,0.21605536,0.2696901,0.51425457
1793434078,0.15059984,0.7377375,0.11166261
1793447422,0.4710856,0.36261213,0.16630232
1794184502,0.30392444,0.48321006,0.21286547
1794410424,0.3793922,0.2771106,0.34349716
1795305669,0.23840553,0.5087932,0.2528013
1795477419,0.348986,0.24447271,0.40654126
1795524093,0.2641957,0.49779144,0.23801292
1795641663,0.5380885,0.22967106,0.2322404
1796011465,0.5137634,0.21159211,0.27464446
1796371207,0.120632716,0.70257926,0.17678808
1796844946,0.5208422,0.24346529,0.23569256
1797402617,0.19606672,0.38573387,0.41819942
1797554060,0.33499083,0.45433447,0.21067473
1797671239,0.70812005,0.11807373,0.17380624
1797774643,0.463082,0.29937142,0.23754664
1798234253,0.3219266,0.2825871,0.39548627
1798258535,0.36562285,0.40487626,0.22950086
1798923415,0.2640939,0.31604558,0.4198605
1799294275,0.25655207,0.25120273,0.49224517
1799585493,0.20535143,0.33727238,0.45737615
1799741625,0.7615774,0.07220694,0.1662156
1800602479,0.4503343,0.23171997,0.31794575
1801562345,0.30908805,0.26503155,0.42588037
1801856113,0.4307193,0.39165926,0.17762142
1802037856,0.3012616,0.27684358,0.42189485
1802105104,0.21419966,0.47203067,0.3137696
1802168950,0.2414523,0.33305204,0.42549568
1802186582,0.21899854,0.5190068,0.26199466
1802218093,0.18446153,0.2279947,0.5875438
1802700996,0.43555617,0.3273523,0.23709156
1802768227,0.5540967,0.1551532,0.29075006
1803000766,0.42169398,0.2890378,0.28926823
1803108102,0.124523684,0.6920067,0.18346962
1803188221,0.23423049,0.22421983,0.5415497
1803206667,0.59679854,0.16189249,0.24130899
1803554706,0.37884524,0.30928677,0.31186798
1804006730,0.3899523,0.27636567,0.333682
1804225791,0.59376127,0.17143796,0.23480074
1804227876,0.4571789,0.23740767,0.30541345
1804276960,0.38070518,0.18460396,0.43469092
1804464905,0.4670659,0.22841476,0.3045193
1805127647,0.5964392,0.18760021,0.2159606
1805140932,0.36065134,0.19550441,0.44384423
1805429516,0.43747506,0.28573814,0.27678683
1805673435,0.0037434886,0.97580045,0.020456033
1806180897,0.3301253,0.33870536,0.3311693
1806472045,0.69874614,0.1279232,0.17333068
1806483375,0.26789284,0.47646552,0.2556417
1807015390,0.13392384,0.16165997,0.7044162
1807182097,0.25742963,0.4892928,0.2532776
1808177001,0.46953925,0.13133945,0.39912128
1808653992,0.4152366,0.26551798,0.31924552
1809354546,0.36953217,0.21993591,0.4105319
1809785983,0.35348314,0.25749305,0.38902378
1809875162,0.45741615,0.32593855,0.21664532
1810155202,0.36646065,0.24869871,0.38484067
1810646243,0.8124482,0.049428154,0.13812365
1811388707,0.5193788,0.22169709,0.2589241
1812253143,0.22859037,0.5322367,0.2391729
1812612759,0.25250912,0.46008742,0.2874035
1812631745,0.1076788,0.33265433,0.5596669
1812998541,0.42293108,0.32667127,0.2503976
1813026885,0.4910804,0.18117404,0.3277456
1813173049,0.24066055,0.48296186,0.27637762
1813422541,0.46791604,0.33228377,0.1998002
1813622491,0.2010432,0.5721754,0.22678144
1814953331,0.62049127,0.15618192,0.22332686
1815032485,0.16756552,0.6420503,0.19038412
1815034985,0.2723431,0.43151334,0.2961436
1815235731,0.38678834,0.3129417,0.30026996
1815297323,0.30147198,0.45338324,0.24514483
1815578015,0.2819493,0.3489315,0.3691192
1816153712,0.2646951,0.43946242,0.29584244
1816561782,0.40630394,0.26749647,0.32619962
1817421803,0.3739506,0.25822538,0.36782405
1817428113,0.1235834,0.049145482,0.82727116
1817476398,0.42781335,0.24428968,0.32789695
1817505718,0.4709431,0.2094628,0.31959406
1817914721,0.2240369,0.27178106,0.50418204
1818110155,0.13397264,0.3823564,0.4836709
1818543222,0.5317327,0.22605027,0.24221711
1819269834,0.47278196,0.30283532,0.22438273
1819373590,0.20710345,0.12143503,0.67146146
1819389383,0.33610564,0.3687646,0.29512972
1820012640,0.26986706,0.32154733,0.40858555
1820217208,0.2996424,0.48138773,0.21896985
1820879029,0.39232954,0.18053976,0.42713067
1821022702,0.5892181,0.11491493,0.29586703
1821037238,0.7170462,0.036679093,0.24627474
1821419717,0.7111917,0.115072824,0.1737355
1822075736,0.6201978,0.1410439,0.23875834
1822532015,0.34976155,0.36052665,0.2897118
1822755889,0.101739764,0.7349537,0.16330655
1822981529,0.3914906,0.36702648,0.24148291
1824002166,0.47409475,0.28828606,0.23761924
1824256736,0.22850664,0.5419888,0.22950451
1824478791,0.17866375,0.16831803,0.65301824
1824673763,0.3035908,0.46424457,0.23216468
1825243803,0.34889093,0.3967683,0.25434077
1825579435,0.27199793,0.45072526,0.27727687
1825608662,0.39294294,0.31516173,0.29189533
1825787332,0.25418544,0.24820761,0.49760693
1825990535,0.20996363,0.41560063,0.3744357
1826562754,0.31502193,0.3546219,0.33035615
1827076732,0.2540585,0.33347797,0.41246352
1827179908,0.5147834,0.13442484,0.3507918
1827186646,0.5310961,0.2799436,0.1889603
1827521100,0.20978789,0.5726707,0.21754144
1828236191,0.19505732,0.36123213,0.4437105
1828455979,0.13644548,0.64499307,0.21856144
1828953299,0.215154,0.3746494,0.41019654
1829327877,0.22940344,0.5981984,0.17239816
1829631841,0.3258212,0.511002,0.16317682
1829634011,0.5467099,0.17392275,0.27936736
1829724349,0.13550825,0.7261196,0.13837223
1829934430,0.31585518,0.30355737,0.38058746
1830481520,0.42392448,0.32259947,0.25347605
1830721550,0.583042,0.09310585,0.32385212
1830870543,0.16065824,0.6266285,0.21271327
1831189292,0.16612154,0.36938488,0.4644935
1831515884,0.5388748,0.17261465,0.2885106
1831645067,0.13316712,0.59762204,0.26921082
1831920956,0.34633628,0.37734467,0.27631903
1833595232,0.33410323,0.40516672,0.2607301
1833854449,0.2298329,0.4987524,0.27141476
1834065799,0.5911414,0.15598725,0.2528714
1834487358,0.3255448,0.40586925,0.2685859
1836271539,0.114502005,0.72342306,0.16207491
1836325564,0.37022057,0.32553405,0.3042454
1837117878,0.25102937,0.43365413,0.3153165
1837331696,0.26940438,0.3314053,0.39919034
1837762732,0.62322605,0.13412225,0.24265178
1837762775,0.42483494,0.17446855,0.40069652
1838033308,0.10728153,0.6649556,0.22776288
1838070745,0.5142024,0.17922051,0.3065771
1838534554,0.30564997,0.34735322,0.34699684
1838678344,0.32689002,0.3468413,0.3262687
1840198621,0.121662386,0.3364994,0.5418383
1840202119,0.292546,0.46158344,0.24587056
1840479821,0.2977442,0.35237542,0.34988034
1840674434,0.19988753,0.5249473,0.27516517
1841063476,0.2755776,0.4251089,0.29931346
1841913603,0.6253674,0.14286052,0.231772
1843310883,0.63938123,0.092424504,0.26819423
1843614249,0.31970018,0.36892918,0.31137064
1844522373,0.12993373,0.6818674,0.18819885
1844807561,0.17407835,0.41736045,0.40856126
1845786735,0.8057123,0.084791556,0.10949619
1846924347,0.3663499,0.2502942,0.38335592
1847079349,0.36897126,0.3126211,0.31840768
1847122214,0.6374744,0.08791949,0.2746061
1847613432,0.1913447,0.47558188,0.3330734
1847763790,0.3254852,0.31384477,0.36067
1847807284,0.35326326,0.57225317,0.07448351
1848135285,0.49178973,0.21075961,0.29745063
1849091883,0.16868962,0.37360197,0.45770836
1849252562,0.26201957,0.46942016,0.26856026
1849493893,0.632935,0.14680022,0.2202647
1850619834,0.29857528,0.28781644,0.41360828
1851124946,0.5055542,0.15498881,0.33945695
1851209061,0.20329121,0.59954596,0.1971629
1851436430,0.63564235,0.13542941,0.22892822
1851833960,0.7099693,0.11692787,0.17310278
1851912975,0.15730378,0.32098475,0.52171147
1851927793,0.22116373,0.51190794,0.26692834
1851931273,0.16645658,0.09948557,0.7340579
1852385839,0.6922749,0.13588203,0.17184308
1852416184,0.27330384,0.38367316,0.343023
1852500553,0.42009154,0.41547313,0.16443534
1852806729,0.20251527,0.32619333,0.47129133
1853072853,0.51868963,0.31286842,0.16844192
1854453600,0.23879497,0.45470408,0.30650094
1854599015,0.26897228,0.36250538,0.3685224
1855600187,0.3217398,0.41490343,0.26335678
1856205123,0.3948287,0.41937006,0.18580121
1856280286,0.5817658,0.09805754,0.32017675
1856781197,0.5196533,0.21659212,0.26375458
1856843522,0.26269713,0.45400777,0.28329512
1857983045,0.21337384,0.2825147,0.50411147
1858161305,0.20919207,0.5918897,0.19891824
1858192224,0.4479536,0.2760293,0.2760171
1858559703,0.21766281,0.5607922,0.22154495
1858660198,0.20830958,0.56321895,0.22847146
1858687401,0.7817229,0.09123586,0.12704124
1858864981,0.31913084,0.4153285,0.26554063
1859082292,0.3087539,0.3041289,0.38711715
1859578541,0.36227602,0.4324285,0.20529552
1860275029,0.39535278,0.30830178,0.29634547
1860857426,0.13254651,0.086827174,0.78062636
1861222165,0.11642504,0.54273915,0.3408358
1861295003,0.23111135,0.4783092,0.2905795
1861724173,0.06378749,0.7990076,0.13720495
1861726332,0.09462725,0.6746686,0.23070417
1862340086,0.27121592,0.39413565,0.33464843
1863562859,0.3258617,0.3426555,0.33148277
1863815751,0.30846724,0.2657813,0.42575148
1864022887,0.41274545,0.32199836,0.26525623
1864141623,0.005450716,0.94788414,0.046665102
1864166566,0.20225011,0.5396421,0.25810775
1864174615,0.66660106,0.105055176,0.22834376
1864607000,0.6986449,0.12096061,0.18039452
1864751204,0.47692603,0.27055585,0.25251806
1865238616,0.2801117,0.4537406,0.26614767
1865766131,0.4971744,0.16742484,0.33540082
1866112716,0.8098549,0.05385255,0.13629252
1866613370,0.5464854,0.21461101,0.23890357
1866831838,0.37194243,0.11359499,0.51446253
1867189402,0.36796668,0.26523116,0.36680216
1867563464,0.31760028,0.26587132,0.41652837
1868023576,0.76935315,0.07790763,0.15273923
1868040201,0.48396176,0.203097,0.31294128
1868058930,0.28368372,0.34797552,0.3683408
1868239586,0.13184035,0.55602914,0.3121305
1868614913,0.5250204,0.21302229,0.26195726
1868934535,0.22624728,0.36482134,0.40893137
1869326017,0.13091925,0.6163314,0.25274932
1869533716,0.29641494,0.31912783,0.38445717
1869540883,0.28238904,0.52606523,0.1915457
1870005528,0.60964864,0.11361933,0.276732
1871329492,0.31836656,0.27738732,0.40424615
1872011943,0.24456866,0.51662064,0.23881072
1872067872,0.45137066,0.29862598,0.2500033
1872763242,0.32317942,0.24380007,0.43302053
1873828465,0.058538195,0.8191962,0.12226559
1874385839,0.6414893,0.14534229,0.21316838
1874630422,0.14452146,0.18326767,0.67221093
1875137677,0.2775915,0.4734933,0.24891518
1875295461,0.14175563,0.727814,0.13043039
1876098326,0.53794366,0.21754767,0.24450864
1876206857,0.2026031,0.6563475,0.14104941
1876581285,0.39329144,0.3989917,0.20771684
1877277793,0.21152815,0.43475536,0.35371646
1877711278,0.23401341,0.5341212,0.23186539
1877929927,0.66694,0.12958261,0.20347743
1878737018,0.4598307,0.25333035,0.28683895
1879012866,0.43455032,0.259823,0.30562666
1879083434,0.3069712,0.36047295,0.33255583
1879729085,0.3253709,0.25863406,0.41599506
1880071104,0.5715977,0.12748863,0.30091366
1880712623,0.46715432,0.37557662,0.15726912
1881249808,0.39241222,0.3441953,0.26339248
1881464382,0.10742225,0.020550188,0.8720276
1881540325,0.15067393,0.061432153,0.787894
1881628556,0.3022473,0.44269052,0.2550622
1882966420,0.17896529,0.5795388,0.24149592
1883269752,0.40473723,0.27714142,0.31812134
1883790313,0.36459258,0.23255058,0.40285683
1884228105,0.38580093,0.3053622,0.30883688
1884261713,0.5688313,0.22662811,0.20454061
1884747909,0.40902042,0.2422595,0.34872
1885000608,0.299493,0.14180267,0.5587044
1885287315,0.59366757,0.17885582,0.22747666
1885497351,0.35453618,0.25824955,0.38721427
1885617945,0.27735677,0.30903268,0.41361058
1885740547,0.20416379,0.5842612,0.211575
1886909701,0.33690837,0.14007956,0.5230121
1887262924,0.47762525,0.35839587,0.16397889
1887800433,0.6781101,0.13858578,0.18330406
1888127475,0.6000627,0.14370678,0.2562305
1888184779,0.36387077,0.3157031,0.3204261
1888213653,0.057786774,0.7437154,0.19849783
1888290995,0.33004048,0.32898653,0.34097296
1888796790,0.41349268,0.2769952,0.30951208
1889039208,0.37428454,0.34932074,0.27639472
1889065705,0.41717848,0.2504888,0.33233273
1889370344,0.2759749,0.4786313,0.24539377
1889712219,0.40846324,0.3096253,0.2819115
1889727819,0.44149092,0.24658522,0.31192392
1889794525,0.27695885,0.50965136,0.21338977
1890566684,0.39056194,0.27160674,0.33783132
1890921731,0.3200591,0.20042977,0.47951114
1891035279,0.16601983,0.092916526,0.74106365
1891331196,0.27906913,0.45265374,0.2682772
1891413241,0.5359824,0.20427768,0.25974
1891786725,0.4446842,0.20030783,0.35500795
1892514381,0.6094932,0.14839399,0.2421128
1893152967,0.46012992,0.3003786,0.2394915
1893160339,0.33329383,0.2893032,0.3774029
1893745272,0.45997956,0.21798337,0.32203704
1895002528,0.27510464,0.42595738,0.29893798
1895716042,0.40806544,0.3147908,0.27714384
1895734265,0.32554096,0.29461747,0.37984154
1895932541,0.87267286,0.033425096,0.093902044
1896058806,0.34739527,0.2953128,0.35729185
1896202026,0.22518262,0.2873692,0.4874482
1896650442,0.25290552,0.3988995,0.348195
1897285531,0.8622155,0.038867287,0.0989172
1897365126,0.2675055,0.492616,0.23987854
1897851703,0.38486287,0.37723,0.23790708
1898371447,0.43995026,0.2751528,0.28489697
1898796270,0.4810135,0.23663142,0.28235504
1898853504,0.50708914,0.24279979,0.25011107
1899424313,0.49566597,0.18961748,0.31471652
1900152143,0.52408016,0.18435666,0.29156318
1900823525,0.3267448,0.29706082,0.37619442
1901082050,0.17323267,0.60643035,0.22033699
1902662537,0.6227518,0.10642119,0.27082708
1902892307,0.2684156,0.4887048,0.24287966
1903057605,0.40068156,0.12044866,0.47886977
1903201862,0.8564207,0.04118844,0.10239088
1903729255,0.27499884,0.40361413,0.32138702
1903772790,0.1282288,0.5421388,0.32963243
1903843250,0.36617646,0.33076203,0.30306152
1904135405,0.40455148,0.3877521,0.20769641
1904720328,0.4594511,0.2940281,0.24652082
1904832657,0.26198176,0.26803538,0.46998283
1905421999,0.36812767,0.29450005,0.3373723
1905624227,0.38661754,0.3221453,0.29123718
1905923101,0.5088932,0.21631156,0.27479523
1905968293,0.54110813,0.17535359,0.28353825
1905998021,0.40254834,0.2939681,0.30348355
1906343285,0.31542593,0.4589544,0.22561964
1906725677,0.23381272,0.42877907,0.33740824
1906768438,0.21889167,0.40198073,0.37912762
1906836378,0.2954074,0.14038323,0.56420934
1907292578,0.34404844,0.31102195,0.3449296
1907411910,0.7250987,0.0845856,0.19031563
1908268081,0.36131778,0.35529652,0.2833857
1908571335,0.1716778,0.3577309,0.4705913
1909081698,0.14600107,0.6756048,0.1783941
1909283543,0.062095378,0.720992,0.21691255
1909338815,0.5168633,0.24435236,0.23878437
1909410681,0.46100032,0.31513372,0.223866
1909479936,0.4249816,0.29496944,0.28004897
1909872555,0.24061355,0.422634,0.33675244
1909878163,0.2775934,0.4712665,0.25114003
1910662084,0.11239689,0.66746837,0.22013475
1911788689,0.39150175,0.27152967,0.3369686
1912169582,0.39531663,0.3169118,0.28777152
1912534125,0.18197943,0.17991017,0.6381104
1912846077,0.50887215,0.18545818,0.30566967
1913931511,0.21828103,0.56674033,0.2149786
1914026266,0.80980974,0.037131738,0.15305848
1914614315,0.22462161,0.5035167,0.27186167
1914628669,0.45946068,0.22962937,0.31090993
1914689048,0.43049917,0.34944636,0.22005446
1915565273,0.36080292,0.33201692,0.30718014
1915613064,0.32286686,0.35276887,0.32436427
1915721421,0.35413444,0.36054423,0.28532133
1915910537,0.5243381,0.17634204,0.2993199
1916201412,0.29231715,0.43772182,0.26996097
1916501863,0.29620254,0.3901491,0.31364834
1916668244,0.23371951,0.47004598,0.2962345
1916996256,0.45409077,0.36170074,0.18420845
1918445911,0.35934517,0.30998638,0.33066842
1918739047,0.4440046,0.25114292,0.30485246
1918996088,0.29841807,0.36466876,0.33691317
1919278047,0.3074178,0.19256222,0.50002
1919606171,0.56548524,0.21383987,0.22067487
1920196315,0.29879493,0.4212408,0.27996427
1920272336,0.33478463,0.44525027,0.21996512
1920457913,0.5230761,0.20384365,0.27308023
1921030040,0.286832,0.2860692,0.42709878
1921452850,0.36055797,0.2728175,0.3666245
1921955739,0.46308497,0.32289702,0.21401794
1922126421,0.27564308,0.3316169,0.39273998
1922135646,0.29298225,0.44668463,0.2603331
1922338900,0.2713389,0.40819892,0.32046217
1922510022,0.6105791,0.19492471,0.19449617
1922970158,0.103526674,0.72922194,0.16725142
1923029103,0.5073498,0.29698917,0.19566105
1923225965,0.42858422,0.23143718,0.3399786
1923281437,0.6160618,0.19351077,0.19042742
1923355232,0.43862066,0.29949865,0.2618807
1924784149,0.41196135,0.34409112,0.24394754
1925468702,0.34453174,0.25505552,0.4004127
1925698567,0.11609791,0.7841833,0.09971876
1926963468,0.17221567,0.15429197,0.6734924
1927398576,0.44588375,0.21000288,0.34411338
1928028629,0.38744956,0.24542567,0.36712474
1928630441,0.14811303,0.70531344,0.14657353
1928731144,0.4207164,0.28317565,0.2961079
1929448580,0.020873444,0.9382373,0.040889304
1929525304,0.44111592,0.26831707,0.29056698
1929679200,0.75878555,0.09843369,0.1427807
1929865000,0.33762547,0.4214441,0.2409304
1930239615,0.054114837,0.74700785,0.1988774
1930308380,0.19190994,0.4937332,0.31435686
1930770088,0.24557278,0.33501285,0.41941443
1930819902,0.2891924,0.46627915,0.24452843
1930874922,0.29520908,0.3504217,0.35436922
1930886822,0.4502971,0.3188487,0.23085418
1931505998,0.4411757,0.37324744,0.18557692
1931738263,0.32302833,0.4430676,0.23390408
1931819914,0.15052763,0.7003658,0.14910662
1932517558,0.512131,0.25039372,0.23747526
1933363885,0.25888494,0.30995825,0.43115675
1933528534,0.114971444,0.28554255,0.599486
1934016691,0.2685811,0.39439198,0.33702695
1934179789,0.14671086,0.6663645,0.18692467
1934487984,0.31401548,0.27911574,0.40686882
1934927273,0.2929404,0.2928312,0.41422835
1934929637,0.3235284,0.39749554,0.27897608
1935047265,0.3193418,0.2788188,0.40183946
1935286483,0.45063657,0.35405427,0.19530918
1935940770,0.17548168,0.4010503,0.423468
1936085390,0.2953649,0.43761137,0.26702374
1937076497,0.3027829,0.4480555,0.24916159
1937116817,0.39779818,0.35119513,0.25100672
1937646122,0.40408736,0.2914441,0.30446857
1938338402,0.6450424,0.14267729,0.21228033
1938478536,0.46062386,0.23710972,0.30226636
1938725275,0.068881884,0.81029373,0.12082441
1939179742,0.215154,0.3746494,0.41019654
1939861353,0.23792261,0.3189352,0.44314218
1940318071,0.6341435,0.17439348,0.1914631
1940603481,0.381161,0.28202188,0.33681718
1941070775,0.32169178,0.3142859,0.3640223
1941357254,0.4221708,0.36684737,0.21098183
1942187869,0.5204819,0.2072969,0.2722212
1942766368,0.33807784,0.4082367,0.25368547
1942991277,0.29945213,0.39744887,0.30309904
1943404286,0.11114975,0.22601087,0.6628394
1943429475,0.47063988,0.23996018,0.28939992
1943924714,0.5743517,0.1977026,0.22794569
1945014857,0.38555932,0.24930404,0.36513665
1945088288,0.2840048,0.19238655,0.5236087
1945150677,0.30734193,0.39674395,0.29591405
1945530747,0.22063206,0.5932165,0.18615142
1945975305,0.54810697,0.18953864,0.26235446
1946003778,0.727479,0.108120926,0.16440018
1946376452,0.47947222,0.2358157,0.28471208
1947145709,0.44683987,0.32778797,0.22537214
1948006976,0.21627213,0.53215027,0.25157765
1948045589,0.3587597,0.30989453,0.33134574
1948696218,0.9320251,0.007848752,0.060126185
1948829155,0.3895622,0.2869402,0.32349765
1949016164,0.45600408,0.24541034,0.29858556
1949301310,0.5270763,0.19484805,0.27807564
1949370792,0.12910198,0.48011798,0.39078
1950145745,0.48839083,0.22540829,0.28620082
1950196442,0.4679011,0.14874451,0.3833543
1950353060,0.37560734,0.20463844,0.4197542
1950526355,0.26078656,0.5763813,0.16283208
1951173249,0.41655463,0.27340272,0.31004262
1951968908,0.2804609,0.30985424,0.40968487
1952278171,0.36168563,0.21848105,0.41983336
1952381316,0.13736442,0.70682234,0.15581323
1952415615,0.2100769,0.5531332,0.23678993
1952637069,0.60612667,0.18453391,0.20933944
1952639136,0.057512756,0.7406936,0.20179361
1952702405,0.0025200804,0.4161029,0.581377
1953047267,0.38666752,0.28994206,0.32339042
1953111629,0.11578553,0.3939298,0.49028468
1953709907,0.26670545,0.4384824,0.29481214
1953843140,0.45921147,0.27939665,0.26139185
1953960789,0.35872367,0.3644994,0.2767769
1954122660,0.34847856,0.30934554,0.34217593
1954154836,0.1995063,0.47948143,0.3210122
1954312258,0.28750762,0.41468334,0.29780906
1954625092,0.61499226,0.16514601,0.21986172
1955943203,0.2682441,0.28446007,0.44729584
1956108041,0.2471217,0.5561027,0.1967756
1956198928,0.19828647,0.59105945,0.21065405
1956231132,0.65701383,0.10747808,0.23550813
1956650689,0.5536751,0.1967058,0.24961911
1956822964,0.10033817,0.58213174,0.31753013
1957332042,0.43831512,0.21136753,0.3503174
1957395595,0.40081862,0.338266,0.26091534
1957894108,0.2551344,0.5583752,0.18649039
1957988452,0.72603697,0.08536359,0.18859941
1958113052,0.64065033,0.17190194,0.18744776
1958185995,0.47786382,0.2829936,0.2391426
1958220056,0.32095507,0.18079442,0.49825048
1958533078,0.35398093,0.24128722,0.40473187
1958638672,0.148065,0.22535191,0.6265831
1959007963,0.3494494,0.33688882,0.31366172
1959135607,0.17340358,0.4161774,0.410419
1959422442,0.7921478,0.09509815,0.11275402
1959636715,0.48547044,0.20734945,0.3071801
1959789641,0.18959352,0.5199884,0.29041806
1959992602,0.3036528,0.18812858,0.50821865
1960675267,0.46676472,0.27329272,0.25994253
1960710343,0.52768534,0.20460524,0.2677094
1960930593,0.33015853,0.40380684,0.2660346
1961229859,0.26017925,0.29079866,0.44902208
1961241847,0.24644054,0.40023458,0.35332486
1961699612,0.10646607,0.5935163,0.30001765
1962306286,0.45089737,0.23841341,0.3106892
1962326497,0.4323151,0.14532863,0.42235625
1962555467,0.32296827,0.27896422,0.39806747
1963424818,0.36716542,0.31461775,0.31821686
1963561224,0.39449564,0.22701477,0.37848964
1964206035,0.5359701,0.2009951,0.2630348
1964268799,0.6638601,0.043919068,0.2922209
1964354621,0.26532325,0.37592864,0.35874814
1965019309,0.19260699,0.52567995,0.2817131
1965482858,0.19322945,0.5783442,0.22842634
1965537067,0.28955817,0.4968887,0.21355313
1965805436,0.22824444,0.31652746,0.45522812
1966856991,0.40752187,0.35083452,0.24164352
1967562362,0.36360472,0.2591573,0.37723795
1968480417,0.31948912,0.32485798,0.3556529
1968786668,0.24606639,0.5609442,0.1929894
1969332395,0.38168514,0.44900522,0.16930965
1970063535,0.13235213,0.7384681,0.12917978
1970459147,0.48305002,0.24997143,0.26697847
1970700700,0.23133466,0.5288706,0.23979473
1971281245,0.51577264,0.30855033,0.17567699
1971353300,0.54294443,0.22541441,0.23164117
1971454241,0.41422793,0.2161531,0.36961892
1972062473,0.28488806,0.34724808,0.3678639
1973364483,0.30081496,0.39847046,0.30071464
1973543302,0.69090253,0.08936222,0.21973532
1973768515,0.20984928,0.60292727,0.18722348
1974547526,0.56514704,0.15425235,0.28060064
1974603581,0.13549402,0.70645916,0.15804684
1975021646,0.7680848,0.086513855,0.14540122
1975127646,0.19529176,0.54534435,0.25936386
1975161431,0.6408922,0.1186206,0.24048726
1975200686,0.36787912,0.3147016,0.31741923
1975200918,0.47722703,0.30574197,0.21703105
1975382564,0.50017107,0.20021509,0.2996138
1975888582,0.44874686,0.26491153,0.2863416
1976098111,0.16909547,0.5970822,0.23382239
1976831047,0.2965055,0.42465463,0.27883983
1976852704,0.23830125,0.48373035,0.27796835
1977001831,0.64114666,0.16993938,0.1889139
1978567091,0.3476094,0.30136266,0.3510279
1978817458,0.40212527,0.29777756,0.3000972
1979276703,0.2598145,0.5097557,0.23042986
1979536620,0.08779723,0.797548,0.11465478
1979776943,0.28728372,0.3697137,0.3430026
1979878273,0.78526443,0.1010015,0.11373402
1979889974,0.37419954,0.31516734,0.3106331
1980609368,0.21365377,0.5665444,0.21980181
1980729686,0.35469157,0.44415224,0.20115621
1981057741,0.30538467,0.23960356,0.45501173
1981141275,0.18364273,0.5112103,0.30514696
1981325015,0.2924814,0.22103643,0.4864822
1981330905,0.16537987,0.6499279,0.18469223
1981400782,0.2923838,0.38687387,0.32074228
1981670392,0.7314227,0.08115009,0.18742718
1981772121,0.3808654,0.4469209,0.1722137
1982711514,0.42596763,0.16842197,0.40561044
1983087171,0.10012236,0.7431514,0.15672621
1983141514,0.40565148,0.2831457,0.31120282
1983278661,0.31403184,0.34467056,0.34129757
1983323519,0.4814062,0.23812877,0.28046507
1983364153,0.20625927,0.36385635,0.4298844
1984509907,0.25613973,0.36111102,0.38274923
1985061371,0.5336663,0.15213643,0.31419724
1985061890,0.3388335,0.41024855,0.25091797
1985110046,0.21022397,0.4400615,0.34971455
1985244147,0.45008013,0.25024354,0.29967636
1985905529,0.21868762,0.59390837,0.187404
1985922735,0.5127319,0.14545372,0.3418144
1986382587,0.36059636,0.39702937,0.24237426
1986515950,0.36918992,0.34906834,0.28174177
1987046622,0.53567034,0.16012771,0.30420196
1987065399,0.76921505,0.07781802,0.15296686
1987975591,0.3260217,0.43708828,0.23689005
1989519028,0.409155,0.36325112,0.22759387
1989916913,0.4352968,0.3117961,0.25290716
1990440373,0.532738,0.12778354,0.33947846
1991408795,0.38914096,0.21684504,0.394014
1992829621,0.42772016,0.316201,0.25607878
1993374241,0.17659453,0.41447812,0.40892738
1993470073,0.49614492,0.1946066,0.30924848
1993508894,0.3283193,0.38202852,0.2896522
1994409432,0.45782638,0.24144757,0.300726
1995791856,0.33245865,0.32487166,0.34266973
1996108199,0.27133936,0.48595867,0.24270198
1996795461,0.65837055,0.10519407,0.23643537
1997096721,0.10039746,0.7753677,0.12423494
1997112132,0.09028481,0.26947266,0.6402425
1997396270,0.5658174,0.15422846,0.27995408
1997667155,0.014080912,0.9221023,0.06381685
1997789128,0.5178768,0.16161673,0.32050645
1997944773,0.043614775,0.74861133,0.20777385
1998366514,0.79989785,0.05107103,0.14903107
1999032159,0.3113412,0.19764233,0.49101654
2000687191,0.6206179,0.09138725,0.28799486
2000917426,0.38152003,0.22518617,0.39329383
2001375420,0.22312762,0.49817058,0.27870175
2002455046,0.5463324,0.18241985,0.27124774
2002549438,0.43304276,0.23920582,0.32775137
2002861609,0.6578504,0.16973814,0.17241146
2002948551,0.3158243,0.4247655,0.25941023
2003469369,0.4381614,0.30219236,0.25964624
2003518404,0.43706086,0.34915507,0.21378407
2003986602,0.35442114,0.31318015,0.33239877
2004279155,0.35438013,0.2905904,0.3550294
2004834533,0.7315061,0.11148678,0.15700708
2005129540,0.250929,0.20839448,0.54067653
2005147627,0.54984415,0.16905259,0.28110322
2005668941,0.16925102,0.61001796,0.22073108
2006208658,0.12801433,0.7017908,0.17019483
2006490422,0.12433989,0.69273716,0.18292296
2006619666,0.42733744,0.2701647,0.30249795
2006672047,0.69129694,0.09159072,0.21711238
2006871879,0.66688585,0.11849865,0.21461545
2007085861,0.40893197,0.19325669,0.39781135
2007697166,0.089988135,0.32981312,0.58019876
2008712758,0.6518707,0.18032669,0.16780262
2009245721,0.49569207,0.19685224,0.30745572
2009619087,0.18757631,0.6432367,0.16918701
2010069401,0.33976856,0.29036847,0.369863
2010142503,0.7829161,0.06099388,0.15608999
2010662752,0.062004514,0.86847144,0.06952404
2011114111,0.38463134,0.32209936,0.29326928
2011392115,0.54285747,0.16515394,0.29198867
2011831189,0.35347393,0.23576301,0.41076306
2012114981,0.633158,0.11887743,0.24796458
2012875992,0.15988234,0.1538265,0.6862912
2013211715,0.29172665,0.3435795,0.36469382
2013441224,0.29770997,0.42827773,0.27401236
2013578314,0.18576679,0.5323986,0.28183466
2013744351,0.43576202,0.2323406,0.33189735
2014338121,0.43288234,0.25876617,0.30835155
2014491560,0.5274355,0.13475296,0.33781156
2014566289,0.24987021,0.21364479,0.536485
2014642458,0.3444169,0.22960983,0.42597327
2014705262,0.571478,0.22434053,0.20418142
2014769092,0.72725576,0.111985,0.16075921
2014913197,0.2120952,0.09681467,0.69109017
2015429054,0.42944393,0.32072538,0.24983072
2015491977,0.4119911,0.21030308,0.37770584
2016082640,0.2775332,0.45787215,0.2645946
2016238451,0.4759076,0.27638453,0.24770792
2016378424,0.95536685,0.0086154025,0.036017716
2016850515,0.3379788,0.29696947,0.36505175
2016864806,0.3093881,0.32817632,0.36243552
2017254710,0.6481872,0.20358248,0.14823028
2017366630,0.058551718,0.7606549,0.18079336
2017736139,0.6409839,0.21731278,0.14170332
2017752666,0.54038185,0.2253572,0.234261
2018055806,0.318374,0.2744456,0.40718046
2018606744,0.33074808,0.3373519,0.3319
2018759522,0.53731984,0.11490687,0.34777334
2019054143,0.35857987,0.15929188,0.48212823
2019671601,0.29433674,0.3520009,0.3536624
2020047493,0.19744188,0.58949,0.21306807
2020116656,0.8307599,0.044130668,0.12510946
2020582390,0.19177265,0.5938188,0.21440859
2020767299,0.32049477,0.3407637,0.3387415
2022034358,0.26938558,0.4092559,0.32135847
2022394365,0.18065178,0.68112177,0.13822643
2022523485,0.3974069,0.25956038,0.34303266
2023228694,0.6894584,0.10181279,0.20872891
2023318972,0.69907737,0.14054139,0.16038132
2023604029,0.5713977,0.1920312,0.23657109
2024192981,0.13793729,0.7189608,0.1431019
2024680136,0.34932297,0.33178312,0.31889388
2025112600,0.31342554,0.4470733,0.23950121
2025931603,0.333931,0.4569901,0.20907892
2026828158,0.26725227,0.23851155,0.4942362
2027011649,0.3666512,0.32597283,0.30737597
2027407860,0.59522516,0.20403777,0.20073709
2027659245,0.5952728,0.2556702,0.14905702
2027834504,0.58855784,0.15871339,0.25272876
2029447167,0.39798173,0.30643606,0.29558223
2030058519,0.15617861,0.62423927,0.21958213
2030805286,0.1898624,0.5297929,0.2803447
2031236487,0.3688884,0.3191832,0.31192842
2031583468,0.4304889,0.26705277,0.30245838
2031595614,0.6025857,0.16900522,0.22840911
2031993147,0.2596257,0.4996075,0.24076675
2032348389,0.69377613,0.14570221,0.16052166
2032456938,0.5844329,0.20275299,0.2128141
2032504715,0.3516325,0.36070043,0.2876671
2034174885,0.572627,0.110847935,0.31652507
2034203959,0.29383868,0.23784561,0.46831572
2034206309,0.25191203,0.20317301,0.54491496
2034732425,0.3582878,0.26751983,0.37419233
2034756241,0.24840899,0.28715155,0.46443945
2035564046,0.3393083,0.39940065,0.26129103
2035593417,0.5026613,0.21513325,0.28220546
2036037766,0.38302526,0.15357494,0.46339977
2036265262,0.339242,0.39941767,0.2613403
2036314696,0.5171352,0.22842391,0.25444087
2036376342,0.18129338,0.59652966,0.22217697
2036626157,0.33874142,0.31422728,0.34703133
2037055295,0.3495238,0.32805496,0.3224212
2037648711,0.6685956,0.09234797,0.23905636
2038264336,0.17196648,0.68652177,0.14151181
2038892160,0.84509,0.0473681,0.10754188
2039071331,0.355469,0.255222,0.38930902
2039255366,0.82286143,0.069813594,0.10732502
2039689527,0.58435553,0.18523005,0.23041445
2039764749,0.4351796,0.12574624,0.43907413
2040130502,0.2037228,0.62331367,0.17296356
2040378302,0.38068587,0.3099593,0.3093548
2040947624,0.34179714,0.33073118,0.32747167
2041030349,0.07699047,0.794976,0.12803353
2041140760,0.25055057,0.51477236,0.23467706
2041164643,0.087960035,0.6553147,0.25672525
2041510296,0.10864897,0.60327995,0.28807113
2042048334,0.46168303,0.26389727,0.2744197
2042083907,0.068367705,0.7497141,0.18191816
2042247073,0.44007096,0.25296432,0.30696473
2042276055,0.207386,0.53432536,0.25828862
2042496946,0.2590011,0.5712758,0.16972312
2042570816,0.52347726,0.17205408,0.30446863
2042713033,0.54426885,0.21562728,0.24010386
2042764845,0.32223278,0.32847568,0.3492915
2042982082,0.61590093,0.14156555,0.24253353
2043058757,0.34163475,0.38686806,0.27149716
2043179426,0.21484539,0.50705516,0.2780994
2043333755,0.2527661,0.536066,0.2111679
2044878597,0.2636916,0.46131322,0.27499512
2045100131,0.6771077,0.1441664,0.17872591
2045321139,0.20410033,0.3137125,0.48218715
2045455561,0.5998377,0.20080654,0.19935575
2046580265,0.59866977,0.20177367,0.19955657
2046663205,0.41387954,0.2526301,0.3334904
2046842481,0.11845293,0.7039292,0.17761788
2047888579,0.34861147,0.3245851,0.3268034
2048865514,0.57058376,0.21344815,0.21596815
2049194872,0.44393218,0.2837376,0.27233022
2049273519,0.19201668,0.20809345,0.5998899
2050536121,0.7055921,0.11278902,0.18161893
2050590880,0.14911884,0.6100441,0.24083702
2050704857,0.10363568,0.2167792,0.6795851
2050934139,0.2606692,0.5585161,0.18081473
2051355056,0.1726983,0.62301785,0.20428386
2052477783,0.3897697,0.1932359,0.41699436
2052661836,0.51312715,0.23277105,0.25410172
2053800209,0.39868927,0.21697247,0.38433826
2053870086,0.7228124,0.07713951,0.20004803
2054058212,0.7295452,0.096838765,0.17361604
2054189430,0.33361906,0.5031162,0.16326477
2054337496,0.16872159,0.36959255,0.46168584
2054396232,0.4122748,0.33161807,0.25610712
2054606384,0.60066754,0.18954933,0.20978315
2054971856,0.106251135,0.7654135,0.12833527
2055124130,0.33151868,0.34418344,0.32429788
2055388324,0.32809603,0.48275068,0.18915333
2055982865,0.46419424,0.21875028,0.3170555
2056317969,0.4682414,0.19168878,0.34006986
2056804621,0.66144407,0.18471399,0.15384193
2056903005,0.19739372,0.63433266,0.16827358
2056966488,0.30421215,0.34704238,0.3487455
2057901219,0.7552064,0.053272203,0.19152139
2057944024,0.62322974,0.13931446,0.23745584
2058195535,0.25148302,0.51931536,0.2292016
2058373939,0.2139563,0.35281911,0.43322462
2058826890,0.36278132,0.38426247,0.2529562
2058984376,0.42458898,0.31161588,0.26379508
2059295475,0.5116225,0.29467076,0.19370677
2059352448,0.39606288,0.24890977,0.35502738
2059746785,0.45223144,0.16742252,0.38034603
2060650091,0.18422478,0.45891535,0.35685986
2061206865,0.3352309,0.18034054,0.4844286
2061476319,0.2966495,0.27707988,0.42627063
2061833504,0.3723839,0.4051396,0.22247645
2061969853,0.4976765,0.24214222,0.26018128
2062076959,0.29613248,0.26312035,0.44074714
2062272179,0.37665176,0.24231151,0.3810368
2062856702,0.356831,0.18450303,0.45866597
2063490204,0.56274134,0.23518096,0.20207773
2064263586,0.31526518,0.33328542,0.35144943
2064377407,0.6247004,0.18575093,0.18954866
2064556103,0.5260954,0.27361235,0.20029226
2066415489,0.122787714,0.7408927,0.13631953
2066799892,0.08416781,0.56452435,0.35130784
2067132981,0.44452575,0.3015186,0.2539556
2067643545,0.2378194,0.48558584,0.27659482
2067894858,0.3530852,0.33343285,0.31348193
2068912113,0.25200057,0.38361472,0.36438474
2069029113,0.03615091,0.8883897,0.075459376
2070121304,0.72565067,0.11598555,0.15836379
2070934758,0.60968393,0.1852007,0.20511541
2071474937,0.06559181,0.81104237,0.12336583
2073255022,0.65196335,0.12814805,0.21988855
2073375152,0.03040518,0.63053346,0.33906135
2073578407,0.1874331,0.59338444,0.2191825
2073740161,0.13324489,0.08291768,0.7838374
2074217660,0.29678902,0.36624944,0.3369616
2075300625,0.34143355,0.32862064,0.3299458
2075581176,0.048224278,0.8743416,0.0774341
2075657525,0.65686077,0.116236284,0.22690298
2076757761,0.1902963,0.49373087,0.3159729
2076777708,0.3270923,0.4136249,0.25928274
2076945505,0.29743055,0.380793,0.32177645
2077844650,0.31385833,0.380844,0.30529767
2078398351,0.109518416,0.6430324,0.24744925
2078493475,0.22912204,0.45998105,0.31089693
2078586314,0.18375999,0.5784341,0.23780589
2078714492,0.45694444,0.23047039,0.31258523
2079765652,0.15105559,0.70452315,0.1444212
2079835752,0.40827477,0.2298921,0.36183316
2079929732,0.36360925,0.3100961,0.32629463
2080024540,0.35640344,0.37698168,0.26661485
2080177673,0.23831838,0.35428834,0.4073933
2080248371,0.40297952,0.3127702,0.28425032
2080311372,0.498451,0.29009083,0.21145819
2080880541,0.9168992,0.015363133,0.06773766
2080920500,0.40926775,0.2861441,0.3045882
2081554820,0.23746072,0.5364329,0.22610638
2081807597,0.16920406,0.56477827,0.26601762
2081938254,0.25189853,0.4891384,0.25896305
2082248054,0.44040513,0.3528901,0.20670469
2082612272,0.22142217,0.5610333,0.21754448
2082675871,0.107246175,0.6015712,0.29118258
2083172395,0.32061824,0.3976142,0.28176755
2084077781,0.10182388,0.75863814,0.13953798
2084170107,0.17838249,0.5853281,0.2362894
2084684631,0.20813029,0.4751135,0.31675622
2084963758,0.7995619,0.07326472,0.12717341
2085026902,0.5259092,0.06252795,0.4115629
2085520877,0.19569488,0.38105232,0.42325276
2085932430,0.8870767,0.014762878,0.098160364
2086142469,0.31046602,0.36012498,0.329409
2086375885,0.65058947,0.118970014,0.2304405
2087651117,0.35431102,0.1668494,0.47883955
2087770914,0.52229816,0.1825844,0.29511747
2088438266,0.29392213,0.4129048,0.29317307
2088545365,0.5055509,0.20419292,0.29025614
2088656149,0.55065477,0.120380044,0.32896516
2088680755,0.24574094,0.56742525,0.18683384
2089431647,0.8469749,0.028012276,0.12501286
2089632855,0.31582335,0.35853854,0.3256381
2089862480,0.2765043,0.46278226,0.2607134
2089889597,0.40386617,0.31437862,0.2817552
2090002930,0.60490066,0.19571422,0.1993851
2090165219,0.27965307,0.44396916,0.2763778
2090252650,0.5247628,0.20271897,0.27251822
2090274753,0.3714886,0.22378863,0.4047227
2090489396,0.71344775,0.17438333,0.11216894
2091156351,0.24670963,0.1647826,0.5885078
2091811368,0.4034948,0.29701525,0.29948992
2091814425,0.46508908,0.25279418,0.28211674
2092181205,0.43337026,0.29108122,0.27554846
2092324746,0.5384481,0.22945103,0.2321009
2092837771,0.5810956,0.1814755,0.23742892
2092877678,0.62817156,0.17637095,0.19545752
2092989146,0.28490523,0.30571163,0.4093831
2093657934,0.14735696,0.6381072,0.2145359
2093715023,0.37823766,0.26837042,0.35339195
2094036512,0.23333928,0.2997623,0.46689838
2094594582,0.111994974,0.118780605,0.7692244
2095318829,0.2969321,0.3248148,0.37825313
2095325431,0.27776176,0.35451,0.36772826
2095387875,0.5295461,0.20049882,0.26995507
2095694708,0.5581283,0.22363894,0.21823277
2095733673,0.38451055,0.38651338,0.22897604
2096761726,0.25575367,0.28644055,0.45780578
2097602157,0.3120939,0.21439442,0.47351164
2097794730,0.17675577,0.21079507,0.61244917
2097984974,0.3891704,0.20004652,0.41078305
2098224555,0.25291616,0.39196017,0.35512367
2098233919,0.400168,0.26389542,0.33593664
2098985264,0.19698031,0.122074716,0.680945
2099182807,0.57415557,0.19037467,0.23546973
2099329861,0.27096263,0.473853,0.25518444
2100158846,0.29592118,0.49266252,0.2114163
2100379692,0.3108422,0.31752017,0.3716376
2101201344,0.41984144,0.31548396,0.26467463
2101936242,0.4556317,0.29254013,0.2518282
2102068818,0.24315816,0.28831014,0.46853173
2103379343,0.43168467,0.24621949,0.3220959
2104159307,0.23592125,0.4496479,0.31443083
2104611963,0.46774438,0.28379804,0.24845755
2105162995,0.4757025,0.3148502,0.2094473
2105287834,0.22831881,0.45058888,0.32109237
2105750353,0.114635795,0.73413515,0.15122905
2106457410,0.8565475,0.047872543,0.09558002
2107071287,0.25780052,0.3574137,0.38478574
2107659006,0.71213007,0.16183639,0.12603356
2107738271,0.46220595,0.34275272,0.19504133
2108407267,0.20349582,0.4416376,0.35486653
2108612501,0.30653408,0.3975408,0.2959251
2109229277,0.4494306,0.2734047,0.2771647
2109831581,0.47368544,0.21586925,0.31044534
2110502490,0.35648826,0.32458445,0.31892732
2110954909,0.23772912,0.31581378,0.44645703
2111270879,0.5528513,0.1765992,0.2705495
2111603971,0.4558159,0.27693054,0.26725355
2111805587,0.32583213,0.2920576,0.38211027
2111824211,0.5890625,0.14451772,0.2664198
2112277267,0.4888216,0.262085,0.24909346
2112296699,0.28014848,0.5053504,0.21450107
2112778763,0.70336425,0.12380144,0.1728343
2112999506,0.40476686,0.4270569,0.16817623
2113426978,0.93828076,0.009844046,0.05187515
2113714461,0.3068608,0.33147687,0.36166233
2114033861,0.76777333,0.09195524,0.14027138
2114458938,0.38479227,0.21068086,0.4045269
2114989744,0.13291731,0.77646977,0.090613
2115261687,0.43563408,0.16826254,0.3961034
2115652902,0.2122486,0.40503725,0.38271412
2115833019,0.17593516,0.63249856,0.19156626
2116316841,0.2622674,0.35391328,0.38381934
2116481272,0.1343911,0.6918148,0.17379408
2117428602,0.60277224,0.18013595,0.21709183
2117515957,0.28504708,0.4617063,0.25324658
2118019615,0.2529133,0.4295823,0.3175044
2118339565,0.37483418,0.2575239,0.36764196
2119209052,0.3429852,0.34739426,0.30962056
2120057359,0.1637161,0.21316665,0.6231172
2120427897,0.697096,0.048928518,0.25397542
2120539100,0.20370002,0.5398355,0.25646445
2120707096,0.535079,0.23433203,0.23058897
2120980641,0.17496727,0.5950757,0.22995701
2121139283,0.31496313,0.28344265,0.40159416
2121151876,0.31403983,0.3815947,0.3043655
2121586503,0.4380847,0.31907606,0.2428392
2121929081,0.2994197,0.39490107,0.3056792
2122567870,0.8724179,0.042020835,0.08556123
2123657334,0.22183645,0.20786159,0.570302
2123993420,0.3717353,0.21025716,0.41800755
2124269868,0.38477826,0.36001962,0.2552021
2124514759,0.409058,0.2929057,0.2980363
2124583902,0.39097306,0.29982644,0.30920053
2124847002,0.43234003,0.38684475,0.1808152
2124936833,0.277978,0.454536,0.26748604
2125465305,0.48020518,0.21334408,0.30645078
2125691185,0.41158494,0.23397486,0.35444024
2126161002,0.2375806,0.3774967,0.38492274
2126610264,0.19495171,0.3260046,0.47904363
2126792253,0.2925461,0.34264478,0.36480907
2126811368,0.2376893,0.26741594,0.49489483
2126867620,0.16931626,0.6183738,0.21230991
2128497619,0.31879008,0.4235962,0.25761375
2128650003,0.22740434,0.23582092,0.5367747
2129276316,0.33641982,0.35296547,0.3106147
2129285620,0.42844817,0.34736007,0.22419177
2129302427,0.1764737,0.51998615,0.30354017
2129680098,0.12214139,0.73061734,0.14724128
2129940782,0.13835417,0.6862594,0.17538644
2130034711,0.62632656,0.14338517,0.23028833
2130099028,0.44411117,0.13348491,0.4224039
2130125480,0.31366616,0.30944198,0.37689188
2130670074,0.42425117,0.2342397,0.34150913
2130982970,0.45763725,0.3513639,0.1909988
2131071830,0.47657833,0.23312552,0.29029623
2132061277,0.16878389,0.049873058,0.7813431
2132064505,0.29758626,0.45524952,0.2471642
2132069256,0.38843712,0.3236511,0.28791177
2132148232,0.3931838,0.28656268,0.32025346
2132972327,0.3499959,0.28980982,0.36019424
2132986860,0.64435333,0.13267054,0.22297613
2133460492,0.72418755,0.063076966,0.21273549
2133875579,0.1908337,0.65345496,0.15571128
2134396700,0.4167625,0.28962246,0.29361504
2134464422,0.23078537,0.56638265,0.20283198
2135556407,0.366459,0.41651174,0.21702929
2135850670,0.23472238,0.4096128,0.3556648
2136328503,0.47808948,0.24675182,0.2751587
2136672620,0.13552791,0.6917399,0.17273222
2137285913,0.52874315,0.23802452,0.2332324
2137288298,0.2435561,0.3957779,0.360666
2137717256,0.27566677,0.41940558,0.30492762
2137805891,0.39297926,0.3239799,0.28304085
2137846170,0.57626474,0.17878573,0.24494949
2138173964,0.8982859,0.021745248,0.079968855
2138634730,0.32439095,0.43382964,0.24177943
2139098999,0.37161347,0.2946233,0.33376318
2139171555,0.91464776,0.034060445,0.051291816
2139671101,0.52573466,0.17803763,0.2962277
2140136494,0.42821825,0.31198317,0.25979853
2140200884,0.14351404,0.7048495,0.15163653
2140482423,0.46250916,0.23236921,0.30512166
2140503130,0.25339687,0.5630682,0.18353489
2140612627,0.48972893,0.25838092,0.25189015
2140634225,0.269378,0.37297496,0.3576471
2141111099,0.4915762,0.31344345,0.19498041
2142407077,0.4174188,0.2991155,0.28346565
2142873844,0.57412,0.19662389,0.22925615
2143640300,0.7836377,0.10244993,0.11391242
2143810174,0.36983,0.26701418,0.36315587
2144622745,0.28468424,0.38639063,0.3289251
2145285349,0.46650153,0.27883348,0.25466502
2145387345,0.5134417,0.20314214,0.28341618
2146448414,0.3569591,0.262407,0.38063383
2147267531,0.3618555,0.366423,0.27172145
2148372569,0.2968581,0.057267718,0.6458742
2148542446,0.29649237,0.43850648,0.26500115
2148551638,0.33627912,0.4069299,0.256791
2148893700,0.38521585,0.34085342,0.27393067
2149259662,0.10420891,0.7649127,0.13087839
2149428234,0.513839,0.18684334,0.2993177
2149614950,0.46182597,0.23423825,0.30393577
2149700604,0.17811489,0.29464072,0.52724445
2149718066,0.3053131,0.21472247,0.47996438
2150700485,0.123878814,0.7463409,0.1297803
2150715364,0.4141485,0.40957683,0.17627467
2150874692,0.55788,0.16178933,0.2803307
2150925815,0.48373717,0.24815181,0.26811096
2151961620,0.2809263,0.25862122,0.46045247
2152106954,0.29814544,0.4140127,0.2878418
2152113832,0.3162497,0.4129828,0.2707675
2152753621,0.23323674,0.51943403,0.24732922
2153037908,0.09734292,0.70783645,0.19482064
2153363521,0.41317782,0.26592222,0.32089996
2154353122,0.55133176,0.2129243,0.23574397
2155620288,0.42141184,0.27719954,0.30138862
2155871246,0.5067447,0.2677181,0.22553724
2156136369,0.2950132,0.27780917,0.42717764
2156409373,0.036629993,0.84749335,0.11587663
2157080652,0.16857104,0.6031321,0.22829683
2157284975,0.32354772,0.23065592,0.44579637
2157535047,0.44519594,0.36079758,0.1940065
2158389962,0.46863088,0.27151245,0.2598567
2158716252,0.53118736,0.31018323,0.15862952
2159340579,0.11451741,0.6862782,0.19920437
2159340832,0.45343968,0.17800777,0.36855254
2159535415,0.14505066,0.5271539,0.32779542
2159586922,0.35646468,0.39198858,0.25154677
2159854472,0.4994903,0.2504449,0.25006485
2160116337,0.29931363,0.33627075,0.36441568
2160308270,0.18348466,0.6321644,0.18435097
2160488025,0.59787464,0.24125414,0.16087124
2160904083,0.09775,0.6472316,0.2550184
2161247027,0.5671118,0.22986831,0.20301981
2161975912,0.31148732,0.3021492,0.3863635
2162603884,0.5938246,0.21774931,0.18842608
2162672333,0.5526166,0.23073061,0.21665278
2162996268,0.3765364,0.34997153,0.27349207
2163357863,0.54833513,0.16888382,0.2827811
2163460956,0.17488718,0.7007583,0.12435452
2164093548,0.30046305,0.19716646,0.50237054
2164827201,0.4390664,0.25010297,0.3108306
2164882716,0.14781302,0.67890066,0.17328632
2165357967,0.42216522,0.21459182,0.36324298
2165385415,0.3492243,0.31900775,0.33176798
2166922771,0.51052403,0.22539356,0.2640825
2168358285,0.26968467,0.36361036,0.366705
2169133450,0.3880172,0.2075783,0.40440452
2169887525,0.10856072,0.6830959,0.20834339
2170166973,0.7818132,0.02131481,0.19687201
2170294676,0.27733755,0.42087188,0.30179054
2170314577,0.33775952,0.32084307,0.3413974
2170389631,0.3379768,0.32743326,0.3345899
2170615283,0.4618088,0.20559186,0.33259937
2170641224,0.38028878,0.06831726,0.551394
2170902937,0.3866859,0.26559412,0.34772
2171219862,0.24403928,0.39297214,0.36298862
2171329887,0.20096952,0.5011139,0.29791662
2171569810,0.32878724,0.5026849,0.16852787
2172066281,0.29702383,0.42263898,0.2803372
2172128016,0.375177,0.36650032,0.2583227
2172163384,0.5380186,0.21882614,0.24315523
2172369102,0.14302182,0.66586185,0.19111636
2172704447,0.18058398,0.6302842,0.18913183
2172944134,0.32199526,0.2952455,0.3827593
2173267310,0.59299564,0.1992472,0.20775715
2173298038,0.31730494,0.37911898,0.3035761
2173982661,0.54058534,0.23229828,0.22711632
2174145825,0.23373216,0.55696434,0.20930347
2174609570,0.64854914,0.10601102,0.24543986
2174649068,0.06181782,0.22522593,0.7129563
2175065349,0.4455176,0.2509802,0.30350217
2175829973,0.14995748,0.6892267,0.16081582
2177336130,0.22614016,0.44113982,0.33272
2178038967,0.2657504,0.43148497,0.30276462
2178391630,0.21971208,0.5474352,0.23285268
2179754789,0.41152522,0.2936311,0.29484367
2180185806,0.5788304,0.16922936,0.25194028
2180797699,0.3754711,0.30013564,0.32439324
2181153268,0.34602723,0.12344515,0.53052765
2182695655,0.37482575,0.3020801,0.3230942
2183045733,0.12399672,0.69841385,0.1775895
2183088011,0.3327468,0.19084026,0.47641292
2183561763,0.3174551,0.41460264,0.26794225
2183882204,0.2002508,0.35681656,0.44293267
2184380217,0.2856665,0.3913869,0.3229466
2184743439,0.60696405,0.07525075,0.31778517
2185367668,0.17635512,0.6371446,0.1865002
2185521419,0.23433755,0.51810217,0.2475603
2185612369,0.3133393,0.3825174,0.30414337
2185754749,0.3129637,0.31990385,0.36713246
2185882038,0.11639453,0.5341986,0.3494069
2185994394,0.45115945,0.26182523,0.28701535
2187153423,0.5508906,0.1692452,0.27986416
2187207198,0.56468207,0.1252154,0.31010252
2187715006,0.14660497,0.6816384,0.17175664
2187805196,0.26748246,0.21325871,0.5192588
2187924745,0.13889827,0.69548523,0.16561648
2187997322,0.18575624,0.60538733,0.20885648
2188456564,0.8059381,0.056229368,0.13783251
2188600284,0.54570425,0.19953373,0.25476202
2189062100,0.14840871,0.34565577,0.50593555
2189417247,0.55134696,0.16363028,0.28502285
2190135987,0.31689817,0.41226417,0.2708376
2191744280,0.15195075,0.27344635,0.5746029
2191963668,0.43501323,0.30748588,0.25750083
2192105566,0.054029316,0.7877187,0.15825194
2192121083,0.30887547,0.41268134,0.27844322
2192934766,0.64467895,0.10892631,0.24639471
2193362867,0.42770773,0.2366826,0.33560964
2193399412,0.24924818,0.43489245,0.3158594
2193406008,0.2906862,0.32223448,0.38707936
2193660798,0.1831288,0.30512106,0.5117501
2193723982,0.17898494,0.34379885,0.4772162
2193769046,0.12236406,0.18497753,0.69265836
2193970423,0.5888889,0.10557995,0.3055311
2194619559,0.22631827,0.5003576,0.27332413
2194629296,0.5087474,0.23874658,0.25250605
2195058478,0.4412347,0.24029572,0.3184696
2195132191,0.49721998,0.2529718,0.24980828
2196875845,0.47013107,0.3211689,0.20870003
2197210068,0.36903015,0.4052514,0.22571842
2197247371,0.6479152,0.122017756,0.23006703
2197601363,0.4107341,0.2991698,0.29009613
2198390800,0.31661063,0.39400902,0.28938037
2198502993,0.20065725,0.2786783,0.52066445
2199552111,0.30921602,0.45994726,0.23083678
2199589600,0.5353291,0.24969442,0.21497647
2200539142,0.21101816,0.50702524,0.2819566
2201026851,0.30834138,0.40750387,0.28415477
2201161539,0.6277516,0.091434695,0.2808137
2201444344,0.27991378,0.4465553,0.27353096
2201457375,0.47495222,0.26470882,0.26033896
2201798602,0.4620825,0.2355364,0.30238113
2202404130,0.41468415,0.34218964,0.2431262
2202872181,0.26521587,0.29565996,0.4391242
2202970786,0.46586674,0.17587596,0.35825732
2202989652,0.64936393,0.09583443,0.2548017
2203430737,0.46807253,0.18858819,0.34333926
2203544654,0.38283932,0.35146493,0.2656958
2203671357,0.46194053,0.20034947,0.33770996
2203773770,0.3543701,0.38611978,0.2595102
2204143403,0.2801181,0.41959116,0.30029073
2204440828,0.56805634,0.184407,0.24753661
2204570508,0.32360828,0.2820864,0.39430535
2205029462,0.108628884,0.7323049,0.15906624
2206086474,0.67516613,0.10848461,0.21634927
2206107717,0.23282507,0.3007873,0.46638766
2206254027,0.19808525,0.5715601,0.23035464
2206386265,0.36085013,0.47547475,0.16367513
2207746654,0.4292866,0.24576893,0.32494444
2207819937,0.4483118,0.24626814,0.30542007
2207977545,0.3154708,0.4965428,0.18798631
2208838923,0.3357338,0.14434522,0.519921
2209210360,0.2185348,0.5500965,0.2313687
2209356033,0.42737666,0.20506822,0.36755514
2209533273,0.4459973,0.25296548,0.30103716
2209636559,0.3753867,0.38156483,0.24304843
2209846522,0.30325815,0.48949814,0.20724371
2210403189,0.29989854,0.3619332,0.3381683
2211059561,0.3158028,0.31409428,0.37010294
2211472373,0.15229142,0.6695619,0.17814669
2211884963,0.36810294,0.173169,0.45872808
2212200400,0.3345527,0.14463602,0.52081126
2212456961,0.1850159,0.583248,0.23173612
2213598791,0.49128932,0.28831205,0.2203986
2214766295,0.27145657,0.24903725,0.47950613
2214835295,0.37402987,0.17061323,0.455357
2215004757,0.3343038,0.33493078,0.3307654
2215247186,0.30003175,0.44364738,0.2563209
2215420104,0.47567835,0.1571369,0.36718473
2216081009,0.32955313,0.24410225,0.4263446
2216312914,0.3440179,0.4160479,0.23993419
2216357506,0.6046205,0.18209474,0.21328476
2216737075,0.4852261,0.13316442,0.38160953
2217249332,0.018606447,0.843627,0.13776657
2217619276,0.23872757,0.61053854,0.15073392
2217727652,0.27483016,0.24861595,0.47655398
2217952017,0.4935614,0.25149357,0.25494498
2218309474,0.20078489,0.45846257,0.34075254
2218402013,0.3011819,0.24704853,0.4517696
2218746051,0.37389228,0.31369945,0.31240827
2219076257,0.19634938,0.55176437,0.25188628
2219250732,0.4536251,0.26541686,0.28095797
2219634890,0.8570915,0.049477093,0.093431406
2219917767,0.30787215,0.46807286,0.22405504
2220041676,0.4552755,0.27864543,0.266079
2220195175,0.2745162,0.44441798,0.28106585
2220399570,0.660867,0.12626775,0.21286528
2220590916,0.38110846,0.35026863,0.26862293
2220711246,0.09800834,0.6097198,0.29227185
2220761176,0.4160027,0.20750841,0.37648883
2220866176,0.4328249,0.38883764,0.17833747
2221319574,0.4840375,0.2914521,0.22451039
2221526575,0.66913056,0.08219202,0.24867745
2221603875,0.25410008,0.5316711,0.21422881
2221652417,0.26856622,0.5540355,0.1773983
2221803121,0.69136417,0.13128519,0.17735063
2222124499,0.2475003,0.37665936,0.37584034
2222169054,0.5703736,0.14967608,0.27995026
2222739776,0.2450407,0.52803206,0.22692725
2223006008,0.355537,0.32877058,0.31569245
2223232595,0.19816265,0.53567606,0.26616132
2223788993,0.15024897,0.6309382,0.21881284
2223824129,0.57803214,0.20853832,0.2134295
2224813060,0.34795502,0.34318358,0.30886146
2226007862,0.28847978,0.591073,0.12044722
2226971871,0.6338835,0.1557159,0.21040058
2227521253,0.21996954,0.5134922,0.26653823
2228226856,0.5922334,0.18087666,0.22688995
2228879262,0.5170134,0.18414338,0.2988433
2229450001,0.5348669,0.18038175,0.2847513
2229567364,0.69183266,0.11153018,0.19663712
2230189683,0.34472975,0.3110438,0.3442264
2230373425,0.283627,0.31882045,0.3975526
2230490451,0.55699897,0.16513063,0.2778704
2230577655,0.22053549,0.2325144,0.5469501
2231078833,0.39506832,0.29517406,0.30975765
2231089720,0.4262641,0.40688252,0.1668533
2231149122,0.13510829,0.65055734,0.21433437
2231453694,0.7897327,0.042932805,0.16733447
2231800101,0.13420013,0.65198636,0.21381345
2231830378,0.743994,0.072897784,0.18310821
2232017903,0.278939,0.25975496,0.461306
2232293135,0.30858567,0.40910643,0.2823079
2232608521,0.35392043,0.36087793,0.28520164
2232889772,0.28727606,0.4038343,0.30888966
2232999735,0.19202954,0.495122,0.31284854
2233729781,0.42707774,0.300487,0.2724353
2233733742,0.43078676,0.3490146,0.22019866
2234359501,0.12374034,0.75506026,0.1211994
2234684996,0.48533636,0.26727366,0.24739
2234790440,0.1481931,0.364628,0.48717886
2235222016,0.35624376,0.30124176,0.34251446
2235585427,0.30235967,0.17619808,0.52144223
2236327909,0.20308289,0.21428932,0.5826278
2236509980,0.39339998,0.29697087,0.30962917
2236755557,0.4110501,0.18864092,0.40030903
2236887519,0.5742936,0.18561487,0.24009153
2237263377,0.06783869,0.7438353,0.188326
2237534851,0.06026059,0.9184197,0.021319637
2238130727,0.46937117,0.31750292,0.21312597
2238283727,0.5898057,0.096905984,0.31328827
2238367374,0.42974856,0.26938725,0.30086416
2239632718,0.418678,0.21092832,0.37039363
2239711152,0.82717735,0.07575497,0.097067714
2239867231,0.38308057,0.3069823,0.3099371
2240293149,0.46489272,0.2977594,0.23734789
2240346615,0.3064181,0.46432692,0.22925495
2241183216,0.39319062,0.27636015,0.3304492
2242157227,0.2642912,0.3371014,0.3986074
2242492320,0.20245916,0.5109939,0.28654692
2242769958,0.3893359,0.3038579,0.30680615
2242854420,0.40041238,0.2926472,0.3069404
2242947853,0.17583875,0.57327294,0.25088835
2243780214,0.33233818,0.28595293,0.3817089
2243938710,0.394758,0.32294965,0.28229234
2244526251,0.1781285,0.17977446,0.64209706
2244954187,0.20663854,0.6200569,0.17330454
2245551107,0.32160643,0.42596158,0.25243196
2245812667,0.42060745,0.15105285,0.4283397
2246018876,0.13955548,0.849492,0.010952484
2246262036,0.35980016,0.17930079,0.46089906
2247316302,0.65613335,0.15412626,0.18974037
2247618147,0.219951,0.17126219,0.60878676
2247635553,0.29894912,0.2527058,0.44834507
2248075480,0.27286804,0.3322742,0.39485776
2248090018,0.51095134,0.19966415,0.28938454
2249557420,0.36458462,0.3079041,0.3275113
2249973675,0.24951923,0.44047654,0.3100042
2250499313,0.24913374,0.4161849,0.3346813
2250982149,0.7710275,0.1051653,0.12380722
2251132047,0.38295588,0.2623581,0.35468602
2251308934,0.29236656,0.27275997,0.4348735
2251743450,0.25639635,0.16547771,0.57812595
2252182653,0.2208693,0.30114123,0.47798952
2253230644,0.41780427,0.354613,0.22758272
2254049087,0.45050526,0.2117498,0.33774495
2254256351,0.3937464,0.27167177,0.33458176
2254415746,0.38738498,0.3123592,0.30025584
2254553245,0.27007598,0.4777463,0.2521777
2254740599,0.46401772,0.2591633,0.276819
2254853848,0.31986266,0.40753135,0.27260602
2255076496,0.43208963,0.2738156,0.29409477
2255355243,0.6237803,0.19387388,0.18234582
2255449278,0.54505074,0.20136535,0.25358394
2255478221,0.15063673,0.4058735,0.44348982
2256031281,0.36421174,0.2540005,0.38178775
2256225408,0.30405006,0.40688255,0.28906745
2257316452,0.49197513,0.24734014,0.26068473
2257369091,0.310332,0.40177858,0.28788948
2257531837,0.18978982,0.3139323,0.4962779
2257767527,0.33960256,0.33863968,0.3217577
2257839218,0.3680253,0.33660698,0.29536778
2258050080,0.31125042,0.45904607,0.22970355
2258059902,0.50075513,0.2506867,0.24855816
2258935853,0.29562515,0.4669466,0.23742828
2259131549,0.2133305,0.24069479,0.5459747
2259160443,0.23480825,0.46044242,0.30474934
2260290866,0.28121254,0.4693687,0.24941881
2260565634,0.22380282,0.54475534,0.23144186
2260669454,0.45669004,0.2834652,0.25984475
2260888405,0.27220562,0.35256937,0.37522507
2262219885,0.40728515,0.25395954,0.3387553
2262729258,0.30901292,0.42509797,0.26588908
2262984262,0.25549027,0.27532503,0.4691846
2263068461,0.5556172,0.11705529,0.32732743
2263319810,0.30471736,0.34915307,0.34612957
2263473957,0.15888998,0.66886723,0.17224278
2263654950,0.084957756,0.15302716,0.76201516
2263764985,0.15170291,0.5646929,0.28360417
2263793654,0.25231636,0.44832522,0.29935846
2264684163,0.14751482,0.67647177,0.1760134
2264807611,0.47189975,0.28345257,0.24464767
2265446642,0.34928253,0.42052934,0.23018815
2265703564,0.76095885,0.104352,0.13468908
2266011438,0.48604804,0.21776344,0.2961885
2266396135,0.34803268,0.2834484,0.36851895
2266762540,0.26525342,0.37852305,0.35622352
2266943167,0.19860812,0.28129894,0.520093
2267017888,0.30703536,0.366797,0.32616764
2267571209,0.22641963,0.22152887,0.5520515
2267668361,0.17238076,0.38714072,0.44047847
2268008057,0.3014554,0.37155062,0.32699403
2268027020,0.50591815,0.20517729,0.28890458
2268195059,0.2763561,0.4163388,0.30730516
2269004033,0.27827173,0.40509257,0.31663576
2269707932,0.72243613,0.093581,0.18398292
2269934771,0.24250785,0.41600737,0.34148476
2270935320,0.6288907,0.14372738,0.22738193
2271050263,0.3048904,0.26916873,0.4259409
2271643969,0.18036471,0.34501642,0.47461888
2271646574,0.30569628,0.43504676,0.25925702
2271801363,0.24239461,0.5288436,0.22876179
2272118578,0.5878129,0.25311464,0.15907244
2272619561,0.49465898,0.24195296,0.2633881
2273093418,0.43673775,0.23768307,0.3255792
2273156554,0.42280766,0.25166652,0.3255258
2273268701,0.34947556,0.32978848,0.32073596
2273765543,0.6461901,0.15081218,0.2029977
2273830963,0.21559714,0.46355647,0.32084635
2274188790,0.8745172,0.0371179,0.08836485
2274812571,0.27556908,0.4090626,0.31536835
2275196632,0.37626863,0.13200411,0.49172717
2275408546,0.54599786,0.1700793,0.28392285
2275838773,0.1921621,0.5555546,0.2522833
2276933411,0.38686568,0.27298367,0.34015062
2277870743,0.17801735,0.45565078,0.3663319
2277899066,0.49365133,0.17113927,0.33520946
2278000869,0.42846516,0.25935423,0.31218067
2278065708,0.42252928,0.192897,0.38457367
2278273398,0.6404865,0.1621313,0.19738232
2278365498,0.24734412,0.18813035,0.5645255
2278373542,0.3244203,0.3819287,0.29365098
2279077414,0.16137552,0.24239805,0.5962264
2279437074,0.5157506,0.24400271,0.24024676
2280051715,0.22774774,0.27325028,0.49900195
2280327386,0.3733113,0.2917927,0.33489594
2280645086,0.24550568,0.54910743,0.20538686
2280854288,0.3357799,0.33062378,0.3335963
2280994492,0.5167959,0.21551414,0.26768997
2281139611,0.20204867,0.40308693,0.39486444
2281386593,0.26525947,0.40872854,0.32601196
2282865392,0.24636781,0.56572396,0.18790828
2283403797,0.30951646,0.35722786,0.33325568
2284210243,0.24551053,0.14537421,0.60911524
2284533661,0.3272622,0.34567758,0.32706025
2284759470,0.6894666,0.06385168,0.24668173
2285457781,0.22196636,0.31345788,0.4645758
2285895847,0.60728484,0.19121222,0.20150293
2285910191,0.6494733,0.09272956,0.25779715
2286660757,0.19262879,0.60171545,0.20565575
2287081793,0.32758737,0.4749323,0.1974803
2287683987,0.35214627,0.36680704,0.2810467
2287815533,0.3202545,0.47453126,0.20521428
2287851223,0.20903172,0.5833403,0.20762797
2288361124,0.35510454,0.3539306,0.29096487
2289389172,0.36525372,0.37294853,0.2617978
2289517779,0.27240095,0.4233139,0.30428514
2289684245,0.4241573,0.23202668,0.34381607
2289729730,0.43401945,0.24946593,0.3165147
2289740215,0.23949909,0.4888121,0.27168873
2289812097,0.28042403,0.36885655,0.3507194
2289947494,0.29876226,0.33485216,0.3663856
2290329997,0.437228,0.25444955,0.30832246
2290555103,0.40612894,0.33586556,0.25800547
2290892037,0.3968679,0.2855252,0.31760693
2290962342,0.4444894,0.3724114,0.18309925
2291723570,0.34892845,0.2834352,0.36763632
2291733501,0.45915335,0.26824877,0.27259788
2291808103,0.26667106,0.4294901,0.30383885
2291864173,0.30924043,0.34510273,0.34565687
2292155636,0.82145834,0.06295217,0.11558943
2293399016,0.6235745,0.17030662,0.2061189
2293835844,0.52976274,0.23899764,0.23123963
2293955653,0.27567488,0.47253108,0.25179407
2293979269,0.5434333,0.23673871,0.21982796
2294165229,0.2604895,0.4959992,0.24351136
2294486120,0.37783203,0.28200507,0.3401629
2294828168,0.29252174,0.50575477,0.20172353
2295055565,0.27038643,0.47620508,0.2534084
2295127697,0.21985553,0.3970367,0.38310778
2295159014,0.52519685,0.21622929,0.2585738
2295781502,0.31514654,0.2951107,0.38974276
2296460771,0.39538133,0.2980462,0.3065724
2296546760,0.47478324,0.3183485,0.2068682
2297058199,0.22530608,0.5234532,0.25124073
2297063421,0.31832373,0.42495352,0.25672278
2297274590,0.346124,0.31034884,0.34352714
2297583177,0.20139554,0.5789971,0.21960741
2298369228,0.21595724,0.093478665,0.69056416
2298429166,0.4464845,0.25919008,0.29432547
2299107697,0.34240246,0.4129667,0.24463084
2299114145,0.67842543,0.08648016,0.23509444
2299497095,0.3528658,0.18868738,0.4584469
2299555816,0.23752251,0.46495587,0.29752165
2300049402,0.42967898,0.2096499,0.36067113
2300272834,0.33193052,0.33425,0.33381954
2301258056,0.25452286,0.51972115,0.22575603
2301681585,0.27737322,0.27140105,0.45122567
2301743679,0.23909612,0.56068873,0.20021516
2302660513,0.54089457,0.23808303,0.22102247
2302898595,0.45762342,0.122036085,0.42034054
2303123446,0.22296704,0.57054865,0.2064843
2303500060,0.2213379,0.58076924,0.19789286
2304932627,0.4657233,0.293882,0.24039462
2305125462,0.27578312,0.46687323,0.2573437
2305773365,0.28096193,0.40499172,0.3140464
2305832519,0.20001166,0.57443416,0.22555417
2306158892,0.23357773,0.2954499,0.47097233
2306728147,0.5389708,0.1421424,0.3188868
2306780720,0.21135722,0.60766405,0.1809787
2307613803,0.2730308,0.1986037,0.52836555
2307738287,0.17740689,0.6045705,0.21802264
2308056653,0.5608574,0.10492452,0.33421808
2308195178,0.5988751,0.1616237,0.23950122
2308330725,0.35234472,0.3725468,0.27510846
2308479717,0.34142956,0.3219232,0.33664724
2309166917,0.34279567,0.26525316,0.39195117
2309750044,0.22674267,0.3443416,0.42891565
2309995677,0.59159267,0.18735863,0.2210487
2310008278,0.25763762,0.5235397,0.21882263
2310055574,0.19833452,0.2077807,0.5938848
2310319268,0.35978854,0.31769904,0.3225124
2310790161,0.3278627,0.34711635,0.32502094
2311217018,0.46710193,0.26224712,0.27065092
2311267838,0.3620122,0.31963947,0.31834832
2311282983,0.27155277,0.54369515,0.18475205
2311514100,0.58286935,0.22888751,0.18824318
2311660940,0.052421372,0.8401597,0.10741897
2312249551,0.29775372,0.32237422,0.37987205
2312648846,0.630488,0.12547745,0.24403451
2312693749,0.7812868,0.072237454,0.14647578
2313201247,0.21216774,0.5082054,0.27962688
2313258219,0.19141993,0.5748477,0.23373231
2313406746,0.7098317,0.07341419,0.21675408
2313502473,0.7422554,0.09436839,0.16337617
2313754418,0.32512465,0.31541726,0.3594581
2314174093,0.6566043,0.14659525,0.19680046
2314225819,0.39445397,0.1864101,0.41913593
2314932729,0.26522437,0.31484348,0.41993213
2315645004,0.17760725,0.62357485,0.19881794
2315831687,0.21643081,0.497652,0.2859172
2317251819,0.29506737,0.4261483,0.2787844
2317786994,0.29254255,0.50101775,0.2064397
2318076349,0.32284823,0.40230796,0.27484378
2318864134,0.25976083,0.34718573,0.39305344
2319386245,0.1978412,0.57414126,0.22801752
2320409844,0.8252771,0.062343072,0.11237985
2321393773,0.23409563,0.4948487,0.2710557
2321702360,0.8341118,0.03276098,0.1331272
2323063862,0.26092282,0.39220172,0.34687546
2323099772,0.26410824,0.5009607,0.23493108
2323578808,0.24764073,0.24145009,0.5109092
2323876640,0.46821293,0.15840913,0.3733779
2324047978,0.36609235,0.35542387,0.27848372
2325095439,0.49082565,0.15744404,0.35173032
2325299363,0.28676108,0.24968508,0.46355388
2325510231,0.31519237,0.34940112,0.3354065
2326031568,0.32237333,0.3391624,0.3384642
2326268774,0.11992732,0.65209836,0.22797431
2326759839,0.42895022,0.28443882,0.286611
2328035627,0.21041904,0.42696792,0.36261302
2330244104,0.38128227,0.38528144,0.23343626
2331286007,0.37160948,0.33549288,0.29289767
2331395679,0.6607752,0.11406461,0.22516024
2331947344,0.38675612,0.40546498,0.20777892
2331952789,0.24353763,0.33235797,0.42410445
2332425877,0.5569708,0.19558528,0.24744393
2332689386,0.28753784,0.29101622,0.42144594
2332929307,0.31013668,0.3861176,0.30374572
2332983134,0.10894687,0.6695285,0.22152461
2333320573,0.48231512,0.24815425,0.26953065
2333538607,0.36763462,0.26715145,0.36521393
2333714985,0.38694072,0.28706533,0.3259939
2333887206,0.42115104,0.28891194,0.28993693
2333925818,0.5932775,0.15201503,0.2547075
2333982364,0.5460428,0.22828428,0.22567287
2334840002,0.7006085,0.14147456,0.15791701
2335551785,0.59311426,0.17529549,0.23159024
2336199642,0.21946478,0.25459582,0.5259394
2336550039,0.7017389,0.05278154,0.24547954
2336585598,0.5327793,0.17537136,0.29184932
2336837527,0.4915032,0.2632854,0.2452114
2338085144,0.17979251,0.58808714,0.23212036
2338132555,0.14831553,0.52602816,0.32565632
2338208996,0.69032824,0.1565208,0.1531509
2338237681,0.3946327,0.3381542,0.2672131
2338622811,0.28332338,0.37835693,0.33831972
2339554642,0.40127903,0.32290447,0.27581647
2339747669,0.23134449,0.5153593,0.25329623
2339996787,0.3071664,0.2758568,0.41697678
2340590860,0.268775,0.44070452,0.29052046
2341722441,0.20694318,0.56515986,0.22789693
2341866992,0.2604911,0.4293457,0.3101632
2342398307,0.22164816,0.53351253,0.2448393
2342576587,0.18178315,0.6208015,0.19741535
2343045079,0.20961016,0.49128616,0.29910368
2343503527,0.49240336,0.280231,0.22736567
2343519747,0.45617607,0.26074842,0.2830755
2344052197,0.2170362,0.5723829,0.21058087
2344456691,0.21007968,0.234948,0.5549723
2345035538,0.28950393,0.4437864,0.26670963
2345198242,0.3975977,0.3673105,0.23509176
2345379135,0.15143466,0.58084035,0.267725
2345613654,0.44306234,0.24538173,0.31155598
2345812599,0.20388089,0.40547872,0.39064035
2346275613,0.009478609,0.22233222,0.76818925
2346491499,0.21057063,0.4282174,0.361212
2346520795,0.36221558,0.24251448,0.39526996
2346673236,0.022483781,0.030977856,0.94653845
2346921569,0.27260655,0.31128109,0.41611236
2347112939,0.05778281,0.8119856,0.13023159
2347526893,0.476742,0.24884455,0.27441344
2348203972,0.45329508,0.21089527,0.3358097
2350338088,0.44463253,0.17065263,0.38471478
2351442663,0.49494478,0.19127336,0.31378195
2351935791,0.5313314,0.19162512,0.27704355
2352099868,0.26970512,0.51331687,0.21697801
2352180360,0.31700513,0.2706487,0.4123462
2352348601,0.6974193,0.12894203,0.17363866
2352431330,0.15567,0.23529346,0.6090365
2352867633,0.2019076,0.44035465,0.35773778
2353637742,0.57058173,0.21381041,0.2156078
2353648453,0.35927624,0.33049792,0.31022584
2353850388,0.55624413,0.06869449,0.37506133
2354592231,0.3205267,0.24896108,0.43051222
2355293466,0.42265248,0.2873014,0.29004613
2355415587,0.108680196,0.7203287,0.17099111
2355484813,0.3969819,0.24063793,0.36238018
2355619596,0.19361426,0.60096633,0.20541944
2355708514,0.20243704,0.59156984,0.20599309
2355875200,0.52916366,0.22227453,0.24856181
2355929182,0.22591577,0.43761706,0.33646718
2356017669,0.26940277,0.5190055,0.21159177
2356152393,0.3493426,0.37420282,0.27645454
2356290966,0.21348132,0.47374675,0.31277192
2356327797,0.59920305,0.19328754,0.20750946
2356489124,0.29972664,0.43817654,0.26209685
2356506776,0.5583703,0.20559876,0.23603094
2356592947,0.64745337,0.13224511,0.22030152
2356642656,0.27273694,0.3095338,0.41772923
2356752317,0.26307815,0.44787103,0.28905088
2357352435,0.6254799,0.14751734,0.22700283
2358305094,0.5524749,0.23550521,0.21201983
2358362875,0.2612702,0.45485198,0.28387782
2358731578,0.1938101,0.556419,0.24977088
2358770316,0.5100969,0.18733954,0.30256352
2359847421,0.23636337,0.5072137,0.2564229
2360118703,0.09571259,0.7603975,0.14388992
2360297429,0.10734623,0.65141773,0.241236
2361209345,0.35442767,0.3278669,0.3177054
2361248529,0.39429474,0.26591554,0.33978972
2361431683,0.8741929,0.03698009,0.088826984
2362653296,0.530347,0.11690172,0.3527513
2362689697,0.44723418,0.27883053,0.2739353
2362949082,0.16985077,0.117047675,0.7131016
2363068835,0.44982204,0.2142634,0.33591455
2363968375,0.5194141,0.18093464,0.2996512
2364109292,0.60751754,0.10771581,0.28476658
2364173573,0.26638475,0.48374212,0.2498731
2364294511,0.741941,0.047360394,0.21069862
2364673687,0.35121557,0.31698322,0.33180127
2365146496,0.57517874,0.18386109,0.24096015
2365475197,0.28805536,0.5073041,0.20464054
2365589842,0.08348901,0.8505376,0.065973446
2365656836,0.2910018,0.49548894,0.21350928
2365734185,0.4719049,0.25829965,0.2697954
2366827782,0.31678402,0.4672238,0.21599221
2367859175,0.5718394,0.17571962,0.25244096
2368250935,0.33081546,0.33501327,0.33417124
2369165481,0.3620313,0.43311474,0.204854
2369223533,0.21954302,0.52710867,0.25334832
2369334574,0.39568943,0.30125982,0.30305073
2369383479,0.43610722,0.2647962,0.29909655
2369622430,0.48521802,0.21403112,0.30075088
2369825058,0.34300902,0.32987243,0.32711858
2370023211,0.08271625,0.61994696,0.29733676
2370414599,0.41880903,0.27792105,0.30326995
2370674351,0.37073633,0.15411665,0.47514704
2370768447,0.27388665,0.3682193,0.3578941
2371473513,0.022483781,0.030977856,0.94653845
2371542691,0.20159492,0.5710114,0.22739364
2372260626,0.13623008,0.66299784,0.2007721
2372493127,0.36639404,0.38550857,0.24809739
2372837053,0.4380847,0.31907606,0.2428392
2373228432,0.29149514,0.2545044,0.45400044
2374017527,0.33213338,0.30492508,0.36294153
2374502905,0.30366287,0.39690235,0.2994348
2375051642,0.33123612,0.31591794,0.35284594
2375510515,0.27923056,0.39336646,0.32740295
2376124689,0.39038247,0.27498806,0.3346295
2376398310,0.2286951,0.4955982,0.27570665
2376408548,0.33712813,0.36169404,0.3011778
2376676271,0.38371682,0.41346166,0.20282155
2376977609,0.28612122,0.41997343,0.2939054
2378088335,0.31566387,0.370537,0.3137991
2379580836,0.12974054,0.30839336,0.5618661
2379788838,0.33145395,0.33697408,0.33157197
2379926825,0.47242028,0.23721123,0.29036856
2380014412,0.5429567,0.23521438,0.22182891
2380076794,0.4073007,0.20093149,0.39176777
2380445478,0.27073702,0.4523695,0.2768935
2380935263,0.15068679,0.52793133,0.32138187
2380960327,0.2862714,0.38072386,0.33300477
2381207637,0.40913346,0.30496848,0.2858981
2381848953,0.31529716,0.3433352,0.34136766
2381933184,0.16625606,0.65640235,0.17734161
2382079084,0.3380056,0.43209523,0.22989917
2382212556,0.14207992,0.5691951,0.28872496
2383312604,0.08658219,0.7772792,0.1361386
2383976338,0.18044981,0.39873686,0.42081332
2384961100,0.1982814,0.5571936,0.24452507
2385070867,0.29653782,0.40324056,0.30022162
2385445230,0.49125767,0.10267439,0.40606794
2385647784,0.47774914,0.21579497,0.3064559
2387156917,0.53931373,0.16866556,0.29202068
2387299949,0.26896164,0.38378003,0.34725833
2387870230,0.37103444,0.18778437,0.44118124
2388005029,0.54310673,0.30370265,0.15319064
2388758365,0.28628394,0.4310521,0.28266397
2390109336,0.69838524,0.120596245,0.18101855
2390163536,0.39224017,0.3065361,0.3012237
2390750850,0.32291165,0.25490597,0.42218238
2391180878,0.22531477,0.5276198,0.24706544
2391193825,0.6312211,0.17341276,0.1953661
2392219678,0.36059847,0.28606766,0.35333377
2392458879,0.4169769,0.268958,0.314065
2392503956,0.4154058,0.17210326,0.41249093
2392570114,0.24723062,0.46073693,0.29203248
2393235431,0.4783992,0.25210342,0.2694974
2393529819,0.23371397,0.17283721,0.5934488
2394275136,0.23129186,0.37505168,0.39365652
2394805352,0.41780218,0.21496588,0.3672319
2395286118,0.35704145,0.36362928,0.2793293
2395559659,0.30698162,0.2859329,0.40708545
2395615873,0.37596256,0.33241028,0.29162714
2395706227,0.58523846,0.18076508,0.23399647
2396072745,0.45628077,0.24519768,0.29852155
2397442769,0.3359568,0.330133,0.33391014
2397837688,0.42459354,0.2733033,0.30210313
2398095093,0.37774643,0.33198845,0.29026508
2398121704,0.21202333,0.5684215,0.21955518
2398514715,0.16932309,0.6311891,0.1994878
2399199971,0.292248,0.14239775,0.5653543
2400137366,0.46117896,0.24586844,0.29295263
2400585341,0.06637286,0.8459668,0.08766027
2400598961,0.4841974,0.1358511,0.37995157
2401599286,0.5439355,0.19296485,0.2630997
2402112717,0.1060829,0.6341542,0.25976297
2402143172,0.35218784,0.36963245,0.27817973
2402412891,0.59173816,0.15118447,0.25707734
2403336071,0.6749217,0.14313002,0.18194829
2403963555,0.36119536,0.27222922,0.3665754
2404318198,0.37764475,0.20948075,0.41287446
2404409629,0.4024422,0.2932076,0.30435026
2404672314,0.25245935,0.41192538,0.33561528
2404871099,0.5496181,0.1854644,0.26491746
2404911115,0.4683494,0.14068961,0.39096093
2404996904,0.41295466,0.33601233,0.25103304
2405290303,0.14674479,0.7124076,0.14084762
2405296846,0.45455047,0.27267745,0.2727721
2405845211,0.053003304,0.5934064,0.3535903
2405923122,0.29943773,0.3788731,0.3216892
2406200183,0.20988284,0.14084765,0.6492695
2406505814,0.4933513,0.20862134,0.29802734
2406867205,0.3367069,0.34212467,0.32116842
2406904841,0.42556497,0.20279264,0.37164235
2408268496,0.21808363,0.51676095,0.26515543
2408546081,0.6607196,0.123887286,0.21539311
2409415121,0.20950562,0.5544624,0.23603204
2409447887,0.29579505,0.44837144,0.25583354
2409463282,0.09180216,0.7640132,0.1441847
2409640027,0.26202208,0.4721812,0.2657967
2410111536,0.4685134,0.2910364,0.24045017
2410661221,0.28064314,0.44845533,0.27090156
2410848509,0.4135925,0.3403305,0.246077
2411012161,0.20064385,0.18951611,0.60984004
2411451508,0.3139434,0.16089508,0.52516145
2411832353,0.32718557,0.33107236,0.34174198
2412376208,0.3390975,0.20680775,0.45409477
2412378218,0.32959202,0.38965818,0.2807498
2413046500,0.15438618,0.3412383,0.5043756
2413434807,0.4723057,0.15074615,0.37694818
2413593685,0.49115607,0.25357708,0.25526688
2413676241,0.40934113,0.23745354,0.35320535
2413681479,0.2905064,0.4633871,0.24610652
2413712644,0.3814643,0.40351066,0.21502507
2414392673,0.368332,0.4138061,0.21786189
2414828967,0.48342812,0.29137787,0.22519404
2415045793,0.41345456,0.29572213,0.29082325
2415117415,0.49242932,0.17003098,0.33753967
2415203448,0.47173283,0.24252915,0.285738
2415848198,0.1835941,0.42262784,0.39377806
2416001324,0.36585146,0.3030759,0.33107266
2416147240,0.12224458,0.7461259,0.13162951
2416871302,0.18925437,0.18356009,0.6271855
2417173181,0.32026383,0.39206907,0.28766716
2417918030,0.48162085,0.27272528,0.2456539
2418670405,0.33290133,0.43288663,0.23421201
2418861878,0.25336108,0.27798295,0.46865597
2419250808,0.60442793,0.16859046,0.22698161
2419304517,0.26818147,0.3465661,0.38525242
2419646246,0.46475035,0.28634316,0.24890655
2419772457,0.37092498,0.22527039,0.4038046
2419934561,0.41637334,0.25014302,0.33348364
2420772777,0.34684423,0.3776413,0.27551445
2421396681,0.2904305,0.38411635,0.3254531
2422989664,0.34664577,0.37479314,0.27856115
2423133596,0.35506037,0.3203271,0.3246125
2424666996,0.1565202,0.6705855,0.17289431
2424797597,0.2686546,0.41512504,0.3162203
2425249061,0.14779481,0.6322442,0.21996099
2425323743,0.23359281,0.1374647,0.62894243
2425509651,0.36150452,0.3259969,0.31249857
2426531397,0.18012066,0.5706506,0.24922878
2426990576,0.24983603,0.5016148,0.24854913
2427267681,0.2873119,0.3388405,0.37384754
2428554762,0.24451195,0.5383566,0.21713145
2428573111,0.7693031,0.078516856,0.15218005
2428774139,0.6273408,0.13069145,0.24196771
2429897802,0.18650463,0.6099282,0.20356719
2432098968,0.25954652,0.46613488,0.27431855
2432229497,0.39271605,0.3870262,0.22025776
2432775037,0.101040296,0.76464397,0.13431571
2432910988,0.2111735,0.5248354,0.26399106
2432913498,0.4257114,0.3487958,0.22549285
2433383882,0.109516636,0.7497749,0.1407085
2434103443,0.38035157,0.26310027,0.35654822
2435006213,0.264357,0.37245426,0.36318874
2437410490,0.36936098,0.32635427,0.30428478
2438089886,0.26501846,0.30088255,0.43409905
2438122295,0.25148603,0.39968774,0.34882626
2438142445,0.28938138,0.19911426,0.5115044
2438299377,0.23718284,0.16459556,0.59822154
2438492230,0.30319434,0.37186325,0.32494238
2440276846,0.32288522,0.4019845,0.27513027
2440285544,0.5035774,0.17544346,0.3209791
2440321478,0.111395665,0.70489717,0.18370718
2440569942,0.25074655,0.42452925,0.32472426
2441659645,0.3721031,0.5260213,0.10187564
2441947142,0.50338215,0.25836012,0.23825769
2442163720,0.2560731,0.46996945,0.27395743
2442306753,0.30829865,0.28310674,0.40859464
2443031308,0.23015709,0.45561814,0.31422475
2443067680,0.18952145,0.087150544,0.72332793
2443219581,0.32896495,0.33784464,0.33319035
2444074088,0.37786832,0.31333247,0.3087992
2444220411,0.23216866,0.5305866,0.23724471
2444682958,0.40207443,0.30406046,0.2938651
2445416170,0.5045263,0.24693453,0.24853908
2445419698,0.17482717,0.61430043,0.21087244
2445425357,0.2539682,0.48145583,0.26457596
2445969931,0.33682403,0.46981436,0.19336157
2446339555,0.19813578,0.57653576,0.22532845
2446509163,0.43992916,0.28175658,0.27831423
2446981203,0.2792873,0.37285104,0.34786165
2447456729,0.33197266,0.4395409,0.22848648
2447683950,0.50485826,0.23098868,0.26415303
2447744300,0.4547808,0.30643278,0.23878638
2448129635,0.13229382,0.6955096,0.17219655
2448239722,0.14211619,0.31237572,0.5455081
2448375763,0.014797238,0.039095838,0.946107
2448409697,0.35453665,0.33048883,0.31497452
2448980882,0.1028953,0.6206084,0.2764963
2449433053,0.11838159,0.5276799,0.35393852
2449732011,0.6844869,0.06893549,0.24657755
2449743491,0.38460577,0.3755937,0.23980054
2449871281,0.45364985,0.17743142,0.36891872
2450365051,0.4416018,0.25182727,0.30657095
2450448242,0.24875459,0.25088003,0.5003654
2450579334,0.20323867,0.56924045,0.22752087
2451531444,0.3013141,0.27993473,0.4187511
2451577535,0.31840935,0.4343355,0.24725516
2453146369,0.18428782,0.6011097,0.21460254
2453159466,0.45117465,0.21527708,0.3335483
2454023635,0.22194803,0.5065777,0.2714743
2454545953,0.2587362,0.47770157,0.26356223
2454781969,0.036090888,0.8887592,0.075149894
2454831777,0.31759438,0.50170934,0.18069628
2455024904,0.34651896,0.33513537,0.31834564
2455118405,0.5697406,0.29114398,0.13911545
2455543957,0.7426085,0.06513859,0.19225286
2456018347,0.20644444,0.43963712,0.35391846
2456304485,0.26794788,0.38710868,0.34494343
2456307823,0.54064745,0.22407869,0.23527387
2456768208,0.37746114,0.37881848,0.24372037
2456855128,0.48051572,0.17877674,0.34070754
2457183502,0.42147574,0.20134209,0.3771822
2457643540,0.50357354,0.2150863,0.2813401
2457993649,0.40454718,0.23792964,0.3575232
2458355810,0.33619484,0.3731153,0.2906899
2459177433,0.36545566,0.39911866,0.23542571
2459634955,0.3723493,0.36092198,0.26672873
2459968571,0.44409662,0.24201849,0.31388485
2460075440,0.19650912,0.32116443,0.48232645
2460485003,0.35526034,0.37862486,0.26611474
2460680553,0.71279573,0.14124945,0.14595486
2461467284,0.30220452,0.22857787,0.46921763
2461590086,0.57337594,0.16106133,0.26556274
2462221623,0.5058132,0.2112494,0.28293744
2462471220,0.30765006,0.19180004,0.5005499
2463216319,0.616797,0.117728695,0.2654744
2463655956,0.52212644,0.26003984,0.2178337
2463769001,0.19348003,0.34745878,0.45906115
2463939314,0.26307726,0.43623435,0.3006884
2465091103,0.20068815,0.4859042,0.3134077
2465343087,0.21897104,0.519192,0.26183695
2465510959,0.3458153,0.28739098,0.36679375
2466153454,0.5037123,0.1560266,0.34026113
2466426038,0.17539826,0.6052215,0.21938024
2466477374,0.19374427,0.45660192,0.34965378
2466551982,0.52381146,0.20034254,0.27584606
2466648026,0.24340078,0.45359117,0.30300805
2466679068,0.013278245,0.93847126,0.048250437
2466909928,0.069175966,0.8363465,0.09447755
2467462780,0.22871645,0.5687294,0.20255417
2467781647,0.41962773,0.11940177,0.46097043
2467947734,0.41227013,0.23199329,0.3557366
2469034734,0.36429873,0.2715602,0.36414105
2470373437,0.37542546,0.40000778,0.22456676
2470475161,0.2915739,0.28829443,0.42013168
2470645155,0.56039965,0.19137326,0.24822709
2471181878,0.1969047,0.59223866,0.21085662
2471382860,0.33186078,0.18042646,0.4877127
2471509783,0.50107485,0.23248161,0.26644352
2471622224,0.3644447,0.2866566,0.34889868
2471688476,0.320926,0.36762828,0.3114457
2471866784,0.349858,0.38053676,0.26960525
2472048226,0.32336012,0.39081493,0.28582498
2472211990,0.42927787,0.11541319,0.45530897
2472850573,0.6521701,0.16303438,0.18479547
2472979577,0.34716886,0.18441156,0.46841958
2473368059,0.16786827,0.45979708,0.37233472
2473440587,0.40887585,0.37688676,0.21423733
2473552561,0.3335318,0.2594935,0.40697473
2474298165,0.1386499,0.675667,0.18568318
2474686327,0.57743657,0.1644742,0.25808924
2475067238,0.41121808,0.2528034,0.33597854
2475539676,0.43059936,0.21744218,0.35195842
2475801413,0.36824778,0.26623416,0.36551803
2476449091,0.52487355,0.21395215,0.2611743
2476480079,0.47412965,0.2556865,0.27018383
2476518123,0.22131361,0.26905602,0.5096304
2477158662,0.10409675,0.5081436,0.38775966
2477438213,0.4363155,0.24991626,0.3137682
2477680686,0.39378998,0.31859982,0.28761017
2478121335,0.51531905,0.16727008,0.31741083
2478130022,0.3141987,0.40836808,0.27743325
2478982353,0.71285033,0.16669433,0.120455354
2479143980,0.4521117,0.23581263,0.31207567
2480109929,0.36932093,0.16612503,0.464554
2481251550,0.36945757,0.24595046,0.38459197
2481402091,0.7431004,0.1072219,0.14967762
2482427328,0.25987574,0.4482036,0.29192066
2482857342,0.31728756,0.42606443,0.25664797
2484200150,0.4457474,0.24908336,0.3051692
2484512397,0.28073347,0.45033664,0.26892996
2484634319,0.38440764,0.34970254,0.26588982
2485091809,0.2690552,0.5353694,0.19557546
2485272549,0.4804736,0.25348446,0.2660419
2485326449,0.31969705,0.4241227,0.25618026
2485370883,0.68353254,0.11960737,0.19686002
2485898493,0.18314293,0.37600917,0.4408479
2486931548,0.3339423,0.3352661,0.33079162
2488403264,0.30600652,0.3568902,0.33710325
2488416969,0.31020716,0.4965693,0.1932235
2488949860,0.21663791,0.52610785,0.25725424
2489259655,0.67360985,0.16136347,0.1650266
2489348225,0.46041673,0.38668224,0.15290102
2489407890,0.48515177,0.2525059,0.26234233
2490072478,0.4304616,0.21181408,0.3577243
2490079144,0.4893991,0.27239674,0.23820409
2491208906,0.13560563,0.48915392,0.3752404
2491337969,0.28909913,0.25332332,0.45757753
2491473223,0.3956835,0.24975899,0.3545575
2492214957,0.27573165,0.46843478,0.25583363
2492680525,0.2025904,0.5921138,0.20529583
2492743513,0.43930775,0.38126874,0.17942345
2492870223,0.26510724,0.48237032,0.25252247
2493251791,0.25481114,0.6012609,0.14392795
2493704745,0.68953043,0.11530871,0.19516084
2494388229,0.18070962,0.6138818,0.20540859
2494566729,0.46947557,0.2944445,0.23607992
2495258723,0.1343351,0.47202334,0.3936415
2495266556,0.3859487,0.27159446,0.34245685
2495844896,0.306377,0.42160073,0.27202228
2496309727,0.19854487,0.60375506,0.19770007
2496853096,0.51030433,0.22863667,0.26105908
2496978677,0.49656174,0.12814009,0.37529814
2497623677,0.2500594,0.41367444,0.33626616
2497725738,0.37785494,0.22653727,0.39560786
2497807130,0.4546784,0.33007914,0.21524246
2497928834,0.4332366,0.27862838,0.288135
2498283988,0.11950205,0.45272753,0.4277704
2498324568,0.5503054,0.14363213,0.30606246
2499095146,0.5600807,0.08923667,0.35068265
2499739111,0.3279575,0.35497263,0.3170699
2500761714,0.46136653,0.30408862,0.23454484
2500967168,0.699362,0.09971077,0.2009272
2501377863,0.6761598,0.117116466,0.20672375
2501433346,0.40559906,0.34550318,0.24889776
2502120465,0.28629798,0.25491372,0.45878828
2502131368,0.23335081,0.17412719,0.59252197
2502431164,0.22122914,0.28278136,0.49598956
2503262105,0.503973,0.26064107,0.2353859
2503694814,0.70725614,0.13061458,0.16212925
2503719590,0.8065719,0.08483909,0.10858901
2503856786,0.25055617,0.53400165,0.21544218
2504076181,0.20209293,0.38145232,0.41645476
2504094206,0.37572432,0.38759118,0.23668455
2504592726,0.2969122,0.397511,0.30557683
2505685326,0.10084848,0.72689444,0.1722571
2505810749,0.26475307,0.50361115,0.2316358
2506209833,0.4243276,0.3811252,0.1945472
2506290487,0.31657815,0.23133549,0.4520863
2506297137,0.4291663,0.26812595,0.3027077
2506942834,0.22531205,0.5771493,0.19753866
2508271252,0.3221926,0.23015948,0.44764787
2508985976,0.46372172,0.26574156,0.27053672
2509100648,0.3416307,0.36113867,0.29723063
2509291530,0.40160808,0.23384626,0.3645456
2510220786,0.5293299,0.105804585,0.36486548
2511054918,0.29171306,0.47848424,0.22980273
2511076739,0.39459646,0.29023862,0.31516486
2511415612,0.32924557,0.15919971,0.5115548
2512074683,0.1438487,0.57062703,0.28552428
2512778137,0.12524901,0.39908764,0.47566336
2513727710,0.2408078,0.441169,0.31802318
2514049594,0.02291172,0.94391686,0.033171453
2514574341,0.39098325,0.30512616,0.30389062
2514743719,0.26448652,0.38818985,0.34732363
2515454919,0.4871673,0.21775015,0.2950826
2515747611,0.2188676,0.47131762,0.30981475
2515811271,0.5986947,0.16940293,0.23190242
2516162176,0.048010144,0.10249915,0.84949076
2516593334,0.2904782,0.35272098,0.35680088
2516885776,0.2967033,0.18649706,0.5167996
2517449521,0.4237934,0.30541378,0.27079287
2517671227,0.093232594,0.7957555,0.111011945
2519561520,0.3126036,0.3695211,0.31787524
2519601593,0.23791562,0.3651529,0.39693153
2520053944,0.16871546,0.6160859,0.2151987
2520217335,0.24980132,0.420077,0.33012173
2520584056,0.2965827,0.28363478,0.41978252
2521272800,0.45527536,0.29879183,0.2459328
2521434174,0.17856637,0.049823634,0.77160996
2521941896,0.03095935,0.84506893,0.12397171
2522003439,0.36968702,0.2627145,0.36759853
2522159886,0.331035,0.3879693,0.2809958
2523186442,0.290529,0.5002173,0.2092537
2523549271,0.40850383,0.29279718,0.298699
2523730984,0.14369582,0.6987025,0.15760164
2523852801,0.3297502,0.3369592,0.33329058
2523858493,0.44771984,0.2748523,0.27742788
2523882236,0.3441591,0.30835527,0.34748563
2523978998,0.73389727,0.12198268,0.14412005
2524135460,0.56419957,0.1668839,0.26891658
2524640349,0.079151735,0.5810296,0.3398187
2525171900,0.48443097,0.21307318,0.30249584
2525853381,0.7728598,0.071159996,0.15598023
2526378865,0.5237998,0.12281193,0.3533883
2526565046,0.25238478,0.46991664,0.27769855
2527049535,0.7373915,0.13055468,0.1320538
2527290915,0.5156995,0.20133492,0.2829656
2527298425,0.58197147,0.20089844,0.21713004
2527359801,0.32607883,0.20813258,0.4657885
2527655656,0.8769344,0.036986288,0.0860793
2527922056,0.23963824,0.44027254,0.3200892
2528312198,0.34158424,0.36802495,0.29039085
2528469555,0.3693575,0.3127437,0.3178988
2529574265,0.28063226,0.44130212,0.27806565
2529851736,0.1892866,0.32293186,0.48778152
2530561884,0.49491164,0.20024724,0.30484107
2531538134,0.7955241,0.07294917,0.13152671
2531541752,0.3207472,0.30211738,0.37713546
2531741861,0.6965967,0.08852486,0.21487841
2531907371,0.6684046,0.078359075,0.25323632
2532152100,0.5339233,0.29001024,0.1760665
2532561587,0.15761432,0.36611632,0.4762694
2532582172,0.1423321,0.5274071,0.3302608
2534012116,0.26529902,0.26468542,0.47001553
2535000291,0.17555481,0.5860544,0.23839083
2535041375,0.4156064,0.2534176,0.33097604
2535213928,0.42626804,0.21902685,0.35470513
2535289177,0.30017883,0.29424664,0.4055745
2535476923,0.6516886,0.13201377,0.21629763
2535722101,0.3482097,0.25890058,0.3928897
2536097988,0.42830426,0.23784631,0.33384937
2536395377,0.27494422,0.4535003,0.27155545
2536462370,0.35361966,0.31424168,0.33213872
2536577521,0.1908529,0.60060936,0.20853777
2536669978,0.47754532,0.19063605,0.33181864
2537647025,0.3190122,0.42392674,0.25706112
2537917892,0.69443804,0.14867353,0.15688846
2537996356,0.33560324,0.2986205,0.36577636
2538136286,0.33253384,0.36560622,0.30186
2538365707,0.4663679,0.27463678,0.25899532
2539053325,0.3600661,0.319797,0.32013687
2539120794,0.36532092,0.16519172,0.46948737
2539694555,0.22419018,0.3194131,0.45639682
2539903805,0.36105353,0.3528528,0.2860937
2540178480,0.6845711,0.1520759,0.16335303
2540455607,0.22452115,0.46429452,0.31118432
2540514991,0.46968743,0.21065241,0.31966013
2540882480,0.3285522,0.33749184,0.333956
2541012599,0.9110445,0.025588207,0.06336731
2541407986,0.30766758,0.35865152,0.3336809
2541761237,0.22002652,0.41174588,0.3682276
2541987004,0.31523898,0.3928425,0.29191855
2542703922,0.36117306,0.3908739,0.24795303
2543003841,0.11854549,0.65336335,0.2280912
2543145497,0.32462648,0.3355018,0.3398717
2543425177,0.28558308,0.18429938,0.5301175
2543643731,0.3846027,0.34150654,0.27389085
2545667283,0.61184967,0.18246086,0.20568949
2546127021,0.5019187,0.24091981,0.25716156
2546241146,0.4436893,0.3089113,0.2473994
2546431269,0.34079012,0.37409288,0.28511703
2546644172,0.38042575,0.33653468,0.28303954
2547369136,0.19984801,0.47782043,0.32233152
2547762701,0.27424777,0.5236639,0.20208839
2548148604,0.3792221,0.23318619,0.38759175
2548636060,0.1954323,0.5718088,0.23275888
2548823956,0.59869486,0.1337386,0.26756653
2549189756,0.26633778,0.37060925,0.36305296
2549357822,0.33932188,0.28331527,0.37736282
2549436998,0.17118254,0.63779765,0.19101985
2549540662,0.34920865,0.44853178,0.20225964
2549601699,0.2629502,0.2747557,0.46229413
2549952481,0.13448356,0.7043738,0.16114265
2549984791,0.41524696,0.26104695,0.32370606
2550100956,0.16797422,0.4238103,0.40821552
2550375872,0.5979012,0.10841102,0.2936878
2551628744,0.3297184,0.3852569,0.28502473
2552322088,0.30695403,0.40528193,0.2877641
2552365534,0.23483916,0.6080201,0.15714072
2552632082,0.8590796,0.023833435,0.11708703
2552784170,0.052279525,0.79733443,0.15038608
2553058517,0.36274046,0.3510565,0.286203
2553242423,0.5549387,0.16080727,0.2842541
2554298942,0.27109367,0.45363876,0.27526754
2554468532,0.42675152,0.24548157,0.3277669
2554755362,0.23813671,0.18094233,0.580921
2555290677,0.121145085,0.6621341,0.21672083
2555416077,0.73523515,0.0822092,0.18255569
2555569255,0.36207545,0.32704955,0.310875
2556111406,0.37263632,0.27850884,0.3488548
2556130462,0.5042287,0.31545752,0.18031372
2556741702,0.62389904,0.16165233,0.21444868
2557621764,0.4039861,0.25814116,0.3378728
2557902369,0.1824611,0.6215189,0.19601998
2558189332,0.26628557,0.42841214,0.30530232
2558368942,0.41309217,0.29215282,0.29475504
2558987635,0.32186902,0.3721566,0.3059744
2559028283,0.2180743,0.13554248,0.6463832
2559479990,0.4297322,0.20641424,0.36385363
2559525029,0.4613049,0.3392832,0.19941191
2559743854,0.4707925,0.25941882,0.26978865
2559848281,0.45237702,0.14539291,0.40223008
2559985301,0.53982985,0.22292113,0.237249
2560146097,0.03902134,0.09414071,0.866838
2560450378,0.35009003,0.2338184,0.4160915
2560530174,0.29476562,0.39067778,0.31455657
2560932501,0.713031,0.092328474,0.19464058
2561331620,0.66178244,0.15390323,0.18431437
2561355295,0.279923,0.42785084,0.29222614
2561485527,0.51607853,0.1176076,0.36631384
2561584512,0.5285442,0.20559257,0.26586324
2561988130,0.2374927,0.5192622,0.24324508
2562293514,0.5783248,0.2278337,0.19384152
2562418874,0.23727414,0.25317803,0.5095478
2562699371,0.4454979,0.20393471,0.3505674
2562752302,0.49016052,0.30309144,0.20674808
2563145483,0.15263319,0.1556035,0.6917633
2563496292,0.5515751,0.19372767,0.25469723
2563503308,0.6769579,0.066196546,0.2568455
2563663382,0.58703965,0.16791247,0.24504791
2563680990,0.48730043,0.24856766,0.26413187
2564516974,0.33431387,0.39268503,0.27300113
2564775726,0.29377028,0.33601344,0.3702163
2565030718,0.33629388,0.26226878,0.40143734
2565228957,0.42873988,0.30464014,0.26661998
2566059590,0.6244636,0.16925101,0.20628536
2566227372,0.6177432,0.18635565,0.19590113
2566404808,0.18041198,0.39195162,0.42763636
2567236013,0.48368806,0.31081298,0.205499
2567537496,0.34107152,0.38669667,0.27223176
2567970683,0.3234685,0.47789857,0.19863296
2568128555,0.20767318,0.591778,0.20054881
2568211184,0.24805917,0.52429974,0.2276411
2568213839,0.519077,0.22702996,0.25389308
2569441550,0.38526672,0.3454874,0.26924592
2569514283,0.09358647,0.77795917,0.12845433
2569549059,0.6643645,0.12997398,0.20566152
2570192656,0.3552828,0.32757616,0.31714106
2570775538,0.58057547,0.20641808,0.21300644
2570786781,0.49158898,0.27310207,0.2353089
2570845098,0.31738293,0.42657477,0.25604227
2571449535,0.3981078,0.28802472,0.31386748
2572173053,0.5446668,0.1622858,0.2930473
2572792478,0.31540906,0.40185252,0.2827384
2572951395,0.48073667,0.3246554,0.19460794
2574463656,0.2788534,0.36018425,0.36096236
2574639178,0.25542572,0.59109867,0.15347563
2575017047,0.2652429,0.26859683,0.46616033
2575888451,0.31922504,0.34718558,0.3335894
2575906208,0.41119716,0.24752226,0.34128055
2576684501,0.22985314,0.24830861,0.52183825
2577353930,0.36115602,0.2576698,0.3811742
2577378462,0.3110093,0.37739682,0.31159392
2577839865,0.3294031,0.3197065,0.35089043
2578883673,0.1900478,0.47475588,0.3351963
2579269395,0.21076305,0.34563017,0.44360673
2580286529,0.4761437,0.27925,0.24460639
2580787707,0.6006662,0.14487869,0.25445512
2580910997,0.4508425,0.22304769,0.32610983
2582116002,0.2777683,0.3931349,0.3290968
2582637048,0.29924387,0.25947207,0.44128412
2583158020,0.3793049,0.18308882,0.43760628
2583523069,0.2300013,0.56077164,0.20922704
2583865924,0.3014918,0.27888837,0.41961983
2583958129,0.10520581,0.7194928,0.1753014
2585006207,0.2675527,0.4855936,0.24685377
2585489869,0.6334334,0.14354075,0.22302577
2585609231,0.45479468,0.28786507,0.25734025
2585775492,0.3263738,0.43721318,0.236413
2585851496,0.086576924,0.19245188,0.7209713
2585974632,0.2865759,0.57170653,0.14171751
2586578494,0.27838933,0.316668,0.40494263
2586739655,0.22167219,0.4358089,0.34251887
2587262160,0.22481185,0.505482,0.2697061
2588523118,0.09225499,0.7172736,0.1904714
2588657183,0.25700226,0.5199247,0.22307304
2589131468,0.28734887,0.4440608,0.26859033
2589783532,0.4356723,0.22728519,0.33704245
2590031046,0.07581737,0.76431733,0.15986532
2590162089,0.5986766,0.1337662,0.26755717
2590836410,0.46478,0.18297929,0.3522407
2591702662,0.81139874,0.052226596,0.1363747
2591892208,0.39681298,0.30046844,0.30271858
2592571642,0.3914332,0.22999375,0.37857303
2592637974,0.3071727,0.1913698,0.5014575
2592911514,0.44014984,0.32350975,0.23634045
2593160066,0.5076999,0.09443519,0.39786488
2593462218,0.38937715,0.3202694,0.29035342
2593572647,0.37356406,0.47703344,0.14940245
2593594832,0.3513537,0.3112358,0.33741048
2593716338,0.2302831,0.13384941,0.6358676
2593854760,0.3883867,0.30270287,0.3089104
2594182224,0.29230568,0.33893025,0.36876407
2594574393,0.2612474,0.50989836,0.22885421
2594650909,0.44,0.2768453,0.28315476
2594705512,0.17677735,0.32105893,0.5021637
2595337033,0.17634997,0.67400944,0.14964058
2595683588,0.19704448,0.5693822,0.23357333
2595701261,0.50745404,0.2063025,0.28624344
2595925208,0.22631764,0.49747673,0.27620554
2597478685,0.23945174,0.48873845,0.27180982
2597865438,0.38553718,0.39735875,0.21710406
2598064259,0.24267027,0.5465247,0.21080506
2598065831,0.6615645,0.051790986,0.2866445
2598399363,0.47203794,0.1541257,0.37383634
2598576303,0.22199647,0.48703256,0.290971
2598849559,0.15622512,0.6632872,0.18048772
2599147869,0.17577693,0.6358608,0.18836227
2599246207,0.69112957,0.10056703,0.20830339
2599712404,0.39363882,0.37078148,0.23557965
2599914952,0.5706509,0.10212286,0.32722628
2600058357,0.2731652,0.53529316,0.19154161
2600177082,0.32832453,0.3834622,0.28821334
2600324280,0.22371061,0.56410927,0.2121801
2600626761,0.3438829,0.38153833,0.2745788
2600880964,0.102206215,0.77898955,0.11880421
2601591955,0.33000863,0.36177915,0.30821222
2601595226,0.48505324,0.18835905,0.32658762
2602214486,0.34127432,0.45683196,0.20189373
2602367263,0.35585263,0.20292576,0.44122162
2602446269,0.6756476,0.058313772,0.26603854
2602641242,0.4202318,0.31699955,0.2627687
2603225062,0.32222685,0.15721628,0.52055687
2603446320,0.80371845,0.06202622,0.13425532
2603872873,0.3541342,0.22555,0.42031583
2604501060,0.2109633,0.2471531,0.5418836
2604970839,0.27360937,0.48716244,0.23922825
2605279073,0.42236814,0.26590517,0.31172666
2605659277,0.63734454,0.16677493,0.19588052
2606589474,0.47582683,0.16897646,0.35519674
2606924514,0.27723125,0.3616485,0.36112025
2607352411,0.71869904,0.12298655,0.15831439
2607451225,0.5282266,0.1864099,0.28536353
2608004280,0.3053522,0.14107963,0.5535682
2610077677,0.18102646,0.4418151,0.37715843
2610640078,0.47499105,0.33299893,0.19200999
2610729802,0.62388724,0.15246335,0.22364943
2610815167,0.51904225,0.27977395,0.20118384
2612299159,0.15834132,0.307849,0.5338096
2612485957,0.34906262,0.37581348,0.2751239
2612871883,0.20343201,0.60023713,0.19633083
2612878108,0.51720935,0.07650667,0.40628397
2613092201,0.009726914,0.9324907,0.05778236
2613459533,0.31830814,0.34777284,0.33391905
2613588831,0.10546859,0.1920106,0.7025209
2614073384,0.28870127,0.47186175,0.23943695
2614386479,0.121895686,0.70797473,0.1701296
2615187016,0.08867868,0.30036703,0.6109543
2616148140,0.3365983,0.36588284,0.29751885
2616159708,0.48675326,0.26807153,0.2451753
2616859543,0.56461436,0.16842523,0.26696044
2617050258,0.021162814,0.15280423,0.82603294
2617710364,0.25386715,0.46108177,0.28505114
2619069881,0.20589861,0.6208976,0.17320384
2619784537,0.39155814,0.29728535,0.3111565
2620047373,0.3145441,0.3682375,0.3172184
2620229675,0.4953822,0.11754313,0.38707465
2620267064,0.6020637,0.22833624,0.16960002
2620509848,0.21893662,0.6032329,0.1778305
2620610734,0.34802613,0.37299064,0.27898324
2620703641,0.36006263,0.3454883,0.2944491
2620977801,0.715991,0.12943466,0.15457429
2621340907,0.57036906,0.1461548,0.28347614
2621872660,0.2527612,0.4090802,0.33815858
2621998475,0.6868964,0.10704988,0.20605373
2622116483,0.45160466,0.26074046,0.2876549
2622474511,0.36280894,0.1476049,0.48958614
2622685451,0.36684093,0.36805987,0.2650992
2623024106,0.39283118,0.2962375,0.31093135
2623070494,0.8745421,0.032994423,0.092463434
2623230145,0.7361232,0.108282335,0.15559445
2623676186,0.22014683,0.34571812,0.43413502
2624005720,0.10532169,0.7743882,0.120290115
2624418664,0.53635865,0.17625389,0.2873875
2624541470,0.31618175,0.30173334,0.38208497
2624561104,0.39276645,0.42036724,0.18686627
2624850642,0.69621754,0.11116009,0.19262238
2625971935,0.36969626,0.26030794,0.36999577
2626314476,0.4590712,0.25545022,0.28547853
2628423014,0.108860984,0.72514373,0.16599521
2628530656,0.40823984,0.22549298,0.36626714
2629046793,0.2678971,0.4498777,0.28222516
2630491666,0.46120632,0.26417467,0.274619
2630495139,0.606761,0.18502443,0.20821452
2631169024,0.59654284,0.10175229,0.3017049
2631536997,0.25259286,0.32109326,0.4263139
2631599461,0.44960588,0.18859755,0.36179656
2631622005,0.4217926,0.40481234,0.1733951
2632466926,0.5178982,0.21493828,0.26716354
2632554710,0.16000335,0.3247299,0.5152668
2635160633,0.34724134,0.23756136,0.41519728
2635426554,0.33945134,0.32533008,0.33521855
2635494118,0.41301697,0.23899536,0.34798768
2635973803,0.5607775,0.1742688,0.26495364
2636263061,0.42059147,0.310787,0.2686216
2636269275,0.16031513,0.6602771,0.17940773
2636360242,0.47584382,0.23382588,0.29033023
2636692683,0.4911815,0.20002633,0.30879217
2637094239,0.12402734,0.61861235,0.25736034
2637621738,0.33834994,0.3580974,0.30355266
2637813485,0.3082356,0.4757463,0.21601813
2637961956,0.29435474,0.38112903,0.3245162
2638011132,0.2772557,0.42491698,0.2978273
2638305338,0.33350757,0.33852378,0.32796866
2638374459,0.33986318,0.32145974,0.33867705
2638682929,0.42815813,0.14346652,0.4283753
2639136825,0.2694674,0.48645195,0.24408063
2639143054,0.46905008,0.25928098,0.2716689
2639159231,0.1399004,0.6578514,0.2022482
2639823871,0.7420504,0.09762457,0.160325
2639866772,0.24311604,0.39621451,0.3606694
2640100051,0.8439858,0.05521842,0.10079581
2641945281,0.26719907,0.5321582,0.20064269
2642478138,0.37324566,0.26684228,0.359912
2642770938,0.17963,0.46132854,0.3590414
2642911378,0.16451128,0.39538467,0.44010413
2642923752,0.35524634,0.40010673,0.2446469
2644787474,0.0888366,0.3018565,0.60930693
2644834426,0.28152165,0.47029433,0.24818403
2644889629,0.3283376,0.39139867,0.28026372
2645251296,0.27973223,0.3729495,0.34731826
2645366767,0.24799557,0.4815723,0.27043217
2645923026,0.07707554,0.7874975,0.13542698
2646031190,0.24780042,0.5389048,0.21329482
2646575177,0.36198342,0.31691185,0.32110474
2646578074,0.23167506,0.49527434,0.27305067
2646696359,0.28367323,0.26083145,0.45549524
2646790776,0.54888093,0.20251262,0.24860638
2647064555,0.7321525,0.053725846,0.21412167
2647219101,0.24169692,0.47096515,0.2873379
2647254638,0.21491517,0.5537664,0.23131844
2647436476,0.24439363,0.5048763,0.25073007
2647674265,0.27362987,0.3748765,0.35149363
2647696609,0.39416832,0.24047813,0.36535352
2647794441,0.43692446,0.2572633,0.30581224
2648355600,0.5209066,0.19871157,0.28038183
2648991818,0.3430971,0.41543734,0.2414656
2650180023,0.65039974,0.17028141,0.17931882
2650642918,0.46092114,0.22592507,0.3131538
2650849590,0.22345169,0.51971936,0.25682896
2650984770,0.09529189,0.48840824,0.41629982
2651502895,0.38102394,0.3689426,0.2500334
2651543928,0.22697891,0.27413085,0.49889025
2652431791,0.14632785,0.69915557,0.15451656
2652856364,0.4434747,0.12567201,0.4308533
2652882070,0.29809082,0.25711718,0.444792
2653302469,0.4253757,0.22381087,0.35081348
2654050984,0.51448333,0.23975964,0.24575697
2654219592,0.77336985,0.11049412,0.116136126
2654523734,0.6278875,0.18899204,0.1831205
2654571811,0.5177596,0.20911363,0.27312678
2655159773,0.47044745,0.34469095,0.18486159
2655181272,0.58466464,0.107282065,0.30805326
2655696394,0.37180826,0.30715686,0.32103482
2655798428,0.1984843,0.53456146,0.26695418
2656486110,0.25753322,0.34228235,0.40018448
2656604874,0.8228171,0.067420125,0.10976284
2656740470,0.3047244,0.43972093,0.2555547
2656859935,0.63525873,0.19432727,0.17041403
2656888061,0.794973,0.08393936,0.12108758
2657611729,0.15743883,0.54835075,0.2942104
2659229281,0.15806715,0.6989577,0.14297514
2659626506,0.22344297,0.45808467,0.31847233
2659907592,0.65177697,0.1581953,0.19002776
2660480894,0.48818284,0.25878313,0.25303403
2661413903,0.34400484,0.25770295,0.39829224
2662498634,0.47887388,0.20906389,0.31206223
2663067878,0.2724744,0.5125924,0.21493326
2663310693,0.32842785,0.48972172,0.18185048
2664435376,0.33479998,0.33122173,0.33397827
2665666615,0.46880206,0.18621506,0.34498283
2665729182,0.83308923,0.05778918,0.10912165
2666060796,0.6605498,0.12140669,0.21804352
2666255730,0.3218183,0.35123128,0.3269505
2666457989,0.060448494,0.6983395,0.24121197
2666927973,0.49228325,0.25630152,0.25141522
2667230101,0.6787416,0.1343078,0.18695064
2667350118,0.29079908,0.3720604,0.33714056
2667379709,0.53017974,0.22764479,0.24217546
2667594693,0.2768471,0.38852525,0.33462772
2667668809,0.34969786,0.38242838,0.2678738
2667971534,0.33878973,0.14733464,0.51387566
2668155920,0.33941215,0.33427507,0.3263128
2668852583,0.3302018,0.40636897,0.26342916
2669370583,0.39874494,0.28566992,0.3155851
2669502629,0.1812316,0.4526046,0.36616373
2669614421,0.102847286,0.44274533,0.45440742
2670126346,0.18190604,0.5753695,0.24272446
2670369468,0.30976284,0.42333663,0.2669006
2671224471,0.37680814,0.27841303,0.3447788
2671729816,0.21864004,0.3068499,0.4745101
2671833128,0.23675066,0.5757193,0.18753
2672133800,0.29701045,0.29812765,0.4048619
2672506577,0.40110284,0.30438387,0.2945133
2673070597,0.31747785,0.36854723,0.31397492
2673249733,0.52890456,0.2454094,0.22568601
2673310862,0.4729245,0.25545698,0.27161846
2673439228,0.42328355,0.32653975,0.25017673
2673962043,0.35103625,0.32568723,0.32327655
2674685986,0.3127369,0.4049428,0.28232032
2677908409,0.27864113,0.51272726,0.20863163
2677928157,0.20095904,0.56304055,0.23600045
2678569001,0.113716014,0.73796016,0.14832379
2678698939,0.27902758,0.047570784,0.6734017
2679484228,0.18291417,0.48317432,0.33391148
2679908331,0.560253,0.1526998,0.28704718
2680272568,0.3874917,0.2977881,0.3147202
2680295631,0.20424154,0.5859057,0.20985281
2681127254,0.35823736,0.32818925,0.31357333
2681218803,0.5384862,0.20324026,0.25827357
2681242063,0.55897516,0.1820724,0.25895244
2681566066,0.33100292,0.33876082,0.33023623
2682412137,0.2577077,0.3093609,0.43293142
2682646905,0.5726697,0.1802561,0.24707426
2682714837,0.5369333,0.13652287,0.3265438
2683338939,0.26778474,0.43292814,0.29928705
2683586759,0.26400444,0.44288412,0.2931115
2683701011,0.39944643,0.29463518,0.30591837
2683954381,0.33163074,0.29508927,0.37327993
2684180412,0.247473,0.51787937,0.23464763
2685676158,0.7544074,0.088557914,0.15703472
2686452795,0.13662505,0.36601862,0.49735636
2686573247,0.41921493,0.3194708,0.26131427
2687043539,0.3360558,0.371449,0.2924952
2687116762,0.15741138,0.64450085,0.19808774
2687392458,0.22526693,0.3870728,0.38766032
2687704557,0.40470183,0.27180305,0.32349512
2688344562,0.49684325,0.22543617,0.27772057
2688408720,0.6152383,0.18461826,0.20014338
2688508313,0.24020955,0.19983803,0.5599524
2689259578,0.37471765,0.3080068,0.31727558
2689612420,0.29975697,0.25785124,0.44239172
2689733368,0.52022153,0.22843479,0.2513437
2690113629,0.61612445,0.17032483,0.21355076
2691388599,0.3399227,0.24901566,0.41106167
2691520082,0.2176528,0.5269,0.25544718
2691884117,0.41428563,0.2741387,0.31157565
2691952001,0.22173695,0.45046172,0.32780138
2692454120,0.53964657,0.24510701,0.21524644
2692934521,0.61219203,0.18414049,0.20366748
2693401884,0.3053103,0.23373765,0.4609521
2693821928,0.27068487,0.52279013,0.20652503
2693984927,0.28326488,0.4669704,0.24976467
2695376717,0.42735115,0.16586277,0.4067861
2695903376,0.49223754,0.2155441,0.2922184
2696112023,0.37710688,0.30402127,0.31887183
2696126001,0.5101322,0.20235132,0.28751653
2696289611,0.2683673,0.45447236,0.27716035
2696850958,0.12796071,0.6470467,0.22499259
2698457358,0.119228855,0.73148763,0.14928348
2698518400,0.21194811,0.58694875,0.20110314
2698702284,0.27584845,0.45313522,0.2710163
2698719819,0.15570788,0.47544053,0.36885154
2698829030,0.5302075,0.21244036,0.25735214
2699705767,0.39165658,0.367429,0.24091442
2699848850,0.35203603,0.35339767,0.2945663
2700266005,0.4165654,0.19097944,0.39245522
2700504545,0.23797123,0.4642913,0.29773745
2701864605,0.25505978,0.2972486,0.44769165
2702188594,0.36316192,0.4163776,0.22046046
2703151568,0.18401648,0.59011596,0.2258676
2703264905,0.16567643,0.58287674,0.2514468
2703523598,0.32899597,0.316114,0.35489005
2703611094,0.3136847,0.377777,0.30853832
2704008725,0.20710953,0.38094968,0.4119408
2704987442,0.41431454,0.30711603,0.27856943
2705142395,0.14326167,0.47416374,0.38257462
2706017572,0.25346625,0.24058305,0.5059507
2706882358,0.510046,0.22392625,0.26602772
2706901179,0.35627422,0.21603791,0.4276879
2707121140,0.0789225,0.501321,0.4197565
2707228249,0.47770622,0.1990633,0.32323048
2707431687,0.4793858,0.18595254,0.33466166
2707787730,0.29338902,0.36630976,0.3403012
2708671719,0.23436056,0.4648415,0.30079788
2708755991,0.35709035,0.3245921,0.31831753
2709294493,0.6271497,0.19687444,0.17597586
2710137945,0.42496613,0.29119325,0.28384066
2710192798,0.35541803,0.081355035,0.563227
2710387517,0.72450936,0.08386988,0.19162074
2710407408,0.27364647,0.38681695,0.33953658
2711113510,0.5132022,0.2616245,0.22517328
2711202035,0.4867105,0.25660187,0.25668764
2711710286,0.5495755,0.26737309,0.18305142
2711791451,0.14808604,0.6497829,0.20213106
2712320794,0.1477224,0.7054896,0.14678802
2712456336,0.5242235,0.17661138,0.29916504
2712657513,0.28262785,0.37940338,0.33796877
2712895097,0.24337436,0.50801677,0.24860887
2713007274,0.39879572,0.13174975,0.46945453
2713136904,0.35822153,0.31323034,0.32854816
2713199363,0.15135449,0.645008,0.20363747
2713705035,0.12926689,0.7182558,0.1524773
2714604444,0.4077868,0.3246048,0.26760843
2714634718,0.40727204,0.23417348,0.3585545
2714900372,0.36029154,0.36844933,0.27125916
2714966016,0.40274158,0.2503572,0.34690118
2715483885,0.45674202,0.31535953,0.22789846
2716274631,0.566681,0.16107485,0.2722441
2716506438,0.31893808,0.42582077,0.25524113
2717049137,0.49888584,0.24569333,0.25542083
2717308652,0.43881598,0.29461205,0.266572
2717379320,0.29888785,0.47105533,0.2300568
2717424202,0.7088493,0.11017839,0.18097226
2717606783,0.38745865,0.45282087,0.15972042
2717734123,0.12630552,0.46722177,0.40647262
2717825179,0.57809025,0.2451663,0.17674348
2719064108,0.24856323,0.57330805,0.17812867
2719461306,0.22521599,0.43070668,0.3440773
2719658944,0.2792487,0.4605463,0.26020494
2720238765,0.34002328,0.41882056,0.24115618
2720650888,0.27879095,0.3709452,0.35026383
2720902045,0.07139925,0.7908364,0.1377644
2721365990,0.51334786,0.21122156,0.27543056
2723187919,0.30654773,0.38928184,0.30417037
2723221406,0.66141045,0.14808013,0.19050936
2723242865,0.4075598,0.39937434,0.19306587
2723580045,0.5412759,0.1933449,0.26537916
2723719675,0.18886697,0.49305153,0.31808153
2723821842,0.17544639,0.64680904,0.17774458
2723976559,0.28545257,0.44779518,0.26675224
2724565949,0.38392767,0.291612,0.32446036
2724936778,0.4114391,0.31665197,0.27190897
2725009478,0.294583,0.33052078,0.37489623
2725180824,0.447235,0.118202925,0.43456203
2725272487,0.18408076,0.5580364,0.25788286
2726087030,0.89390934,0.033867143,0.07222359
2727158562,0.34552485,0.3935622,0.26091295
2727217648,0.13863662,0.65438914,0.20697428
2727471596,0.2681529,0.22753544,0.5043116
2727631313,0.28564894,0.328601,0.38575003
2727700288,0.25343943,0.26190042,0.48466024
2728148224,0.2680789,0.37605426,0.35586688
2728404073,0.29039615,0.38745055,0.32215324
2728727771,0.26299766,0.37248334,0.36451903
2729702750,0.5834273,0.21533386,0.2012388
2730438664,0.55013925,0.22834997,0.22151083
2730628111,0.3119592,0.33957532,0.34846547
2730671551,0.28302276,0.45032305,0.26665416
2730684224,0.3037301,0.3461097,0.35016024
2731411537,0.16698454,0.6190766,0.21393882
2732333308,0.41408813,0.23668922,0.34922266
2732497402,0.27790245,0.19884881,0.5232487
2733175726,0.47338268,0.27458596,0.25203133
2734170300,0.33929253,0.3783072,0.28240028
2734614024,0.35984963,0.24371712,0.39643326
2735153641,0.17159559,0.26388878,0.56451565
2735964460,0.30964962,0.38557467,0.3047757
2736507624,0.21198939,0.60952806,0.17848259
2736667845,0.34883645,0.33798084,0.31318268
2736696905,0.20926932,0.5390701,0.25166053
2737229152,0.26015502,0.39184704,0.3479979
2738302620,0.293161,0.37598965,0.33084938
2738482792,0.7186372,0.1203848,0.160978
2738576924,0.37596014,0.40258622,0.22145365
2738913909,0.4467867,0.18630955,0.36690378
2738974709,0.4867652,0.17937659,0.3338582
2739086056,0.20665757,0.3061197,0.48722276
2739457182,0.38092434,0.21822383,0.40085185
2739854763,0.46490416,0.22624975,0.3088461
2740423743,0.38909715,0.19928537,0.4116175
2740893168,0.480432,0.2514013,0.2681667
2740961614,0.47160664,0.29552534,0.23286799
2741010695,0.44520056,0.23530366,0.3194957
2741592057,0.24616307,0.39080524,0.36303166
2742111925,0.24768214,0.550643,0.20167483
2742730648,0.5325052,0.21124136,0.25625348
2742891441,0.4591592,0.26685488,0.27398592
2743139402,0.230729,0.35598686,0.4132841
2743158373,0.6132292,0.22165695,0.16511388
2744104259,0.40499547,0.29152697,0.3034775
2744565923,0.27807152,0.30590415,0.41602436
2744756604,0.42660505,0.22780389,0.3455911
2746299010,0.5984472,0.15536466,0.24618806
2746900484,0.7376872,0.12777255,0.13454032
2747109329,0.2584099,0.3335548,0.40803537
2747540945,0.5612725,0.18339083,0.2553367
2747737922,0.4839964,0.22924964,0.28675395
2748246909,0.33585343,0.45669663,0.20744999
2748541003,0.123042986,0.72553176,0.15142527
2749017932,0.23159312,0.21528962,0.5531172
2749101001,0.38791904,0.3909004,0.22118053
2750309206,0.18796661,0.5476815,0.26435181
2751856049,0.81443065,0.08740947,0.09815984
2752014362,0.48293233,0.24897914,0.26808855
2752314831,0.5364599,0.094684325,0.36885568
2753326361,0.36874864,0.32058874,0.31066266
2753820279,0.44207588,0.21246013,0.345464
2753933297,0.11812848,0.11150754,0.77036405
2754236414,0.38958254,0.32861277,0.28180465
2754285354,0.28344533,0.22840235,0.4881523
2754329227,0.22592807,0.5794803,0.19459169
2754503904,0.31883594,0.36718574,0.3139783
2754559310,0.21938887,0.30523115,0.47537997
2754815769,0.30321327,0.4177464,0.2790403
2755109023,0.646684,0.1209407,0.23237531
2755324754,0.28413233,0.51507354,0.2007941
2756369956,0.13029473,0.7500928,0.11961251
2756910726,0.29668427,0.31936172,0.38395405
2757582499,0.632136,0.13288034,0.23498362
2758215036,0.81263345,0.06978595,0.11758059
2758466470,0.2967988,0.43312287,0.27007833
2758781532,0.47882867,0.2534327,0.26773867
2758791087,0.31324857,0.3580124,0.328739
2759672950,0.33917627,0.32079467,0.34002912
2759800309,0.29796922,0.3960642,0.30596662
2759803604,0.043815445,0.77266794,0.18351662
2759962121,0.22678755,0.20789388,0.5653185
2760800435,0.6384344,0.17827624,0.18328932
2760806000,0.27960205,0.5042319,0.21616602
2760965804,0.5213774,0.19156487,0.2870577
2761578140,0.28845367,0.3561478,0.3553986
2761659010,0.23825996,0.44800487,0.31373525
2761896132,0.35683626,0.2563525,0.38681123
2762091557,0.2941034,0.4389069,0.26698974
2762312318,0.23714143,0.52254415,0.24031444
2762426924,0.25101402,0.53883535,0.21015058
2762904449,0.64665586,0.14440455,0.20893955
2763002309,0.30366427,0.48244062,0.2138951
2763217070,0.2878199,0.3582064,0.3539737
2764558950,0.1896108,0.44351712,0.36687207
2764619923,0.57594556,0.20304528,0.22100912
2765726867,0.45608038,0.36763692,0.17628276
2766116256,0.29105255,0.41169742,0.29725003
2766313571,0.14686704,0.6979983,0.1551347
2766483170,0.36114314,0.32482445,0.31403244
2766533262,0.2883276,0.44466975,0.26700258
2766915597,0.71181536,0.041478857,0.24670584
2767292414,0.7326317,0.078172475,0.18919584
2767585605,0.6952063,0.09344829,0.21134546
2768444170,0.28082222,0.2752191,0.44395867
2769527133,0.633182,0.17802799,0.18879008
2769548390,0.25318927,0.48561952,0.26119122
2769662190,0.7059849,0.107909426,0.1861057
2770178305,0.15498303,0.3380418,0.5069752
2771200989,0.6037836,0.10409247,0.29212403
2772865476,0.33331066,0.20558897,0.46110037
2773287923,0.4067204,0.26421556,0.32906407
2773368724,0.28530252,0.3362059,0.37849155
2773703757,0.35117146,0.30134305,0.34748554
2773753108,0.31341922,0.39418033,0.29240042
2774343232,0.46277323,0.21442944,0.32279736
2774884565,0.3481606,0.4333331,0.2185063
2775016041,0.26571086,0.47584054,0.25844863
2775105658,0.44563097,0.26155496,0.29281408
2775136892,0.313999,0.44328573,0.24271522
2775509071,0.5946612,0.16783762,0.23750123
2775613184,0.3296612,0.37168264,0.29865614
2776306110,0.11546672,0.75771934,0.12681396
2776852995,0.23231348,0.5682517,0.19943476
2777735610,0.1427228,0.63006675,0.22721045
2777776509,0.43954825,0.23502217,0.3254295
2778703628,0.3315436,0.3896316,0.2788248
2778735109,0.7364612,0.08813253,0.1754062
2780322232,0.5756464,0.22825521,0.19609843
2780737000,0.2037447,0.5795027,0.21675262
2781108690,0.3957585,0.33021545,0.274026
2782424156,0.54040694,0.1961944,0.26339868
2782432770,0.5746865,0.26018783,0.16512565
2782476758,0.5061063,0.22345714,0.27043656
2782507609,0.2519359,0.3443043,0.40375975
2782662962,0.8308588,0.06590323,0.10323799
2783191559,0.36808994,0.37314567,0.25876436
2783407321,0.3115513,0.37659648,0.3118522
2783837623,0.0898025,0.8026987,0.107498854
2783965798,0.37997732,0.28033203,0.33969063
2784641785,0.17689832,0.62349594,0.1996057
2784782930,0.4676869,0.34040356,0.19190963
2784806152,0.34113073,0.28367326,0.37519604
2784883394,0.39896104,0.23813549,0.36290354
2785277708,0.10925656,0.69564307,0.19510037
2785753772,0.47615325,0.295625,0.22822176
2786865941,0.40195146,0.3964485,0.2016001
2787721829,0.112300426,0.7329429,0.15475672
2788490928,0.36475745,0.3102597,0.32498282
2788805389,0.17189951,0.6154435,0.21265697
2789033728,0.36239997,0.3552354,0.2823647
2790142929,0.22601251,0.21850172,0.5554857
2790617200,0.66882026,0.12840696,0.20277272
2790702735,0.449855,0.27109155,0.2790535
2790825744,0.40280896,0.28455043,0.31264058
2790942691,0.3729807,0.18474883,0.4422705
2791041980,0.2947081,0.2440096,0.46128225
2791113004,0.41694018,0.31438512,0.26867473
2791242501,0.42694384,0.31154594,0.2615102
2791278404,0.4581283,0.13717335,0.40469834
2791744281,0.22484687,0.37930754,0.39584553
2792057376,0.31349137,0.30553266,0.3809759
2792279219,0.3203021,0.2969405,0.3827574
2792286474,0.32002592,0.3166688,0.36330533
2792346895,0.2809479,0.3462218,0.37283027
2792851652,0.11263991,0.6843689,0.20299123
2792968320,0.29421717,0.49526122,0.21052161
2793242278,0.49406937,0.32872903,0.1772016
2793555783,0.34134644,0.27306148,0.38559207
2794357751,0.59373254,0.15276033,0.25350717
2794795380,0.14920755,0.16231257,0.6884799
2795165389,0.27474672,0.38936022,0.33589306
2795215372,0.3477666,0.41452488,0.23770854
2796272584,0.30647653,0.29880655,0.39471695
2797188904,0.40107614,0.29631808,0.30260575
2797364398,0.23654692,0.3121176,0.4513355
2797409166,0.21675302,0.15952039,0.62372655
2797651607,0.2555438,0.51768225,0.22677395
2797895224,0.7936477,0.09131116,0.11504118
2798120920,0.5686416,0.20095903,0.23039939
2798214016,0.28668392,0.27764413,0.435672
2799217807,0.47551048,0.23006125,0.2944282
2799573705,0.41541,0.27752757,0.30706245
2799621346,0.45237708,0.1402427,0.40738022
2799856996,0.5429854,0.22143108,0.23558356
2800068682,0.51971036,0.20094673,0.27934292
2800109441,0.8311317,0.040393423,0.12847486
2800548529,0.43977445,0.26363945,0.29658613
2800693920,0.7220925,0.099428914,0.17847855
2801000234,0.04035595,0.837395,0.122249015
2801522834,0.47621363,0.26944932,0.25433704
2802117873,0.65349126,0.17463109,0.17187762
2802224125,0.08070652,0.7818701,0.1374233
2802233559,0.3512315,0.3046203,0.34414825
2802324117,0.3192305,0.44727206,0.23349746
2802536261,0.33054045,0.3988854,0.27057415
2802893207,0.07461135,0.7929812,0.13240741
2803041200,0.46445382,0.24248235,0.2930638
2803092529,0.38045588,0.31692123,0.3026229
2803150902,0.09265813,0.53314537,0.3741965
2803175835,0.17657961,0.65977025,0.16365014
2803687235,0.22408617,0.33485895,0.44105488
2803711939,0.0371918,0.84555846,0.11724979
2803880610,0.32793754,0.3237781,0.34828433
2803945436,0.50897205,0.11791459,0.37311333
2804513962,0.26517144,0.40881404,0.32601452
2804532998,0.4301592,0.20825264,0.36158815
2804970102,0.30575648,0.24337557,0.45086798
2805872600,0.383395,0.27629903,0.34030598
2806006282,0.22034296,0.22797038,0.55168664
2806225154,0.4185397,0.35331535,0.22814493
2807303241,0.19504051,0.51075363,0.29420587
2807562685,0.3377695,0.30338627,0.35884428
2807723250,0.3407046,0.26111582,0.39817956
2807748354,0.35585997,0.39230427,0.25183576
2807955556,0.67368203,0.12417694,0.20214106
2808063210,0.38613227,0.24565797,0.36820978
2808239679,0.31774938,0.41528162,0.26696897
2808298647,0.3122281,0.2748993,0.41287255
2808687715,0.18229198,0.35516688,0.4625412
2808695571,0.63773763,0.15226768,0.20999473
2808916697,0.6760912,0.12254268,0.20136611
2808929227,0.39493454,0.22807941,0.37698606
2809143839,0.51809317,0.20450406,0.27740273
2809199892,0.34749556,0.234318,0.41818646
2809449378,0.19833197,0.6436333,0.15803473
2809553447,0.2355487,0.58512247,0.17932887
2809788430,0.266502,0.48560384,0.24789424
2810445839,0.25314245,0.3621574,0.38470018
2810458742,0.35280666,0.23647937,0.41071394
2810487906,0.32460168,0.41185057,0.26354775
2810889761,0.12064621,0.2943214,0.5850324
2810992935,0.3530704,0.41893572,0.22799394
2811226817,0.26300776,0.41567189,0.3213203
2812029405,0.20549218,0.57228315,0.22222468
2812225312,0.20338298,0.53083766,0.26577935
2812788782,0.09539509,0.2701864,0.63441855
2813196497,0.22255206,0.21512835,0.5623196
2814228858,0.23945831,0.3427713,0.4177704
2814726722,0.32267603,0.38510153,0.2922224
2814873758,0.36629093,0.31057072,0.3231384
2815235044,0.62256306,0.12491716,0.25251976
2815292658,0.35195044,0.09734361,0.55070597
2815666872,0.107241884,0.74202836,0.1507298
2815959309,0.024587886,0.923959,0.051453117
2816100389,0.35326982,0.37940863,0.2673216
2816160447,0.43614823,0.35167354,0.21217822
2816185127,0.39428023,0.30261952,0.30310032
2816185584,0.42133394,0.31795737,0.26070872
2816567644,0.41637924,0.13839477,0.44522604
2816610671,0.53625125,0.2315276,0.23222117
2816703344,0.64701957,0.17738119,0.17559928
2816923032,0.5136153,0.25368273,0.23270193
2816941045,0.39840093,0.2764622,0.32513684
2816942464,0.2911015,0.39261392,0.31628457
2817825453,0.55847746,0.23253833,0.20898418
2817867978,0.19823463,0.58135366,0.22041167
2818079822,0.32742956,0.31418377,0.35838667
2818322101,0.38487658,0.32695875,0.28816465
2818593407,0.2814094,0.4088662,0.30972436
2818941283,0.46239397,0.2163191,0.32128692
2819072522,0.38257965,0.32551542,0.29190496
2819504700,0.33893064,0.37740216,0.28366727
2820157142,0.49700946,0.23822078,0.26476973
2820415164,0.42001736,0.24740377,0.3325789
2820553192,0.4309011,0.2798803,0.2892186
2821962811,0.17720684,0.60037917,0.22241394
2822203610,0.26740995,0.38598606,0.346604
2822313243,0.4463078,0.17749727,0.3761949
2822335974,0.39921403,0.28514585,0.31564012
2822341492,0.5879664,0.18820801,0.22382562
2822909761,0.6461716,0.10436129,0.24946709
2823832173,0.66906506,0.15631095,0.17462406
2824305760,0.21464942,0.52236193,0.26298863
2824471395,0.39313394,0.22520024,0.38166586
2824702947,0.3295903,0.50914717,0.1612626
2825120447,0.13465889,0.22562358,0.6397176
2825291730,0.31955603,0.33588964,0.34455433
2825359759,0.22350249,0.5699515,0.20654605
2825578362,0.33851984,0.41235295,0.24912721
2826105728,0.52920556,0.16242675,0.30836767
2826485497,0.7101421,0.10989409,0.17996384
2826516631,0.024564655,0.9288206,0.046614695
2826542838,0.27023008,0.4912885,0.23848139
2826576082,0.56163293,0.13765328,0.3007138
2826804264,0.3589972,0.26079136,0.3802115
2826813949,0.59919256,0.107675724,0.29313177
2827065569,0.33564952,0.40204662,0.2623038
2827879917,0.13375041,0.6391423,0.22710732
2828289869,0.35375297,0.44339603,0.20285095
2828988878,0.4058889,0.15721576,0.43689528
2829439859,0.5584967,0.12701838,0.31448495
2829560839,0.26678336,0.3451846,0.38803208
2830039518,0.41168407,0.37394217,0.21437371
2830787294,0.19399841,0.3870941,0.41890746
2831694568,0.26403362,0.3426941,0.39327228
2831774893,0.345954,0.329763,0.32428303
2832718481,0.3991999,0.37027824,0.23052187
2832917947,0.34373662,0.2452811,0.41098225
2833072160,0.3499932,0.37654752,0.27345923
2833957821,0.14670758,0.13851748,0.71477497
2834359125,0.39468998,0.34717798,0.25813207
2834483231,0.5884125,0.19471063,0.21687683
2835768608,0.007811572,0.9330039,0.059184603
2836177710,0.6410847,0.1485439,0.21037143
2836472202,0.31621623,0.33656967,0.34721407
2836686558,0.48045248,0.20189936,0.3176481
2836828966,0.3408373,0.34230578,0.3168569
2837146660,0.010560869,0.95090204,0.038537104
2837511153,0.7077316,0.14773688,0.14453153
2837722094,0.1990545,0.33573204,0.4652135
2837738097,0.36297947,0.36149067,0.27552983
2837794466,0.19364123,0.5905668,0.21579199
2838439619,0.19487162,0.5790322,0.22609624
2838468237,0.55983156,0.16528143,0.27488697
2839047836,0.43050903,0.26917484,0.30031604
2839479587,0.23523307,0.55969673,0.20507021
2839533867,0.40830323,0.35176373,0.23993303
2839734023,0.40818003,0.224877,0.36694297
2840075767,0.63805014,0.16269723,0.19925262
2840606458,0.24797009,0.32015604,0.43187386
2842896696,0.4308146,0.18078849,0.38839695
2843037235,0.5031195,0.23965764,0.25722286
2843562217,0.31052557,0.2664528,0.42302167
2843933911,0.52756906,0.22088942,0.25154155
2845059039,0.26395458,0.30968234,0.4263631
2845582003,0.45748526,0.2889932,0.25352156
2846373473,0.23171227,0.6375298,0.13075794
2846616255,0.27848968,0.42176864,0.2997417
2846616904,0.37322396,0.3245835,0.30219254
2846916187,0.2554601,0.27931648,0.46522337
2847156518,0.14696093,0.62135404,0.23168498
2847340726,0.78735226,0.06423259,0.1484151
2848066800,0.19425823,0.4555352,0.35020652
2848490300,0.3808795,0.21634929,0.4027712
2848760497,0.57522416,0.19145614,0.23331973
2848850867,0.3223635,0.4066897,0.27094683
2848918391,0.21120939,0.59033877,0.19845188
2849070456,0.3236706,0.32774708,0.34858233
2849276257,0.67646503,0.16007555,0.16345945
2849350958,0.21912922,0.5043924,0.27647838
2849824941,0.21120837,0.2687385,0.52005315
2850094137,0.04300715,0.8644526,0.09254023
2850134968,0.43729284,0.3094797,0.25322738
2850275856,0.25166065,0.3487578,0.39958152
2850330978,0.44141158,0.21035467,0.34823376
2850554856,0.58938015,0.11986352,0.2907564
2851993201,0.4896904,0.21999715,0.29031244
2852067265,0.27285978,0.31452703,0.4126132
2852554604,0.5359557,0.14335449,0.32068983
2852779300,0.6103456,0.15532291,0.23433147
2853601658,0.46271196,0.27768818,0.25959992
2854019578,0.36983797,0.2689881,0.36117393
2854821940,0.16441317,0.21367781,0.621909
2854834321,0.3223007,0.1821777,0.4955216
2855062157,0.18993771,0.32974243,0.48031983
2855726924,0.41592878,0.3059745,0.27809665
2856351887,0.32393676,0.40454537,0.27151787
2856440682,0.20156331,0.555471,0.24296567
2859240619,0.18845163,0.58494633,0.22660199
2859537738,0.62359554,0.055632703,0.3207718
2860194353,0.34185135,0.31859168,0.339557
2861284384,0.2359649,0.46919858,0.29483652
2861746890,0.88630575,0.024424028,0.08927023
2861948210,0.20254454,0.5507235,0.24673195
2861963915,0.11672656,0.16371049,0.71956295
2861988108,0.7104036,0.13907003,0.15052634
2862232490,0.2928158,0.35710105,0.35008314
2862309754,0.24137466,0.3372199,0.42140543
2863522823,0.1654514,0.3888147,0.4457339
2863998871,0.5623115,0.19841486,0.23927368
2864377067,0.3196606,0.19144867,0.48889074
2865154639,0.6007836,0.17874117,0.22047526
2866349785,0.4238182,0.24066307,0.33551878
2867267733,0.47393206,0.34920597,0.17686194
2867398457,0.4439047,0.1937925,0.36230278
2869203241,0.26929697,0.4760651,0.25463796
2869520166,0.46059132,0.1781875,0.36122116
2870028113,0.38230395,0.29203922,0.3256569
2870050558,0.55183303,0.18216349,0.2660035
2870647550,0.21172155,0.5648884,0.22339
2870649494,0.3465604,0.31119892,0.34224066
2870904507,0.6365175,0.09968805,0.26379442
2871528400,0.19421227,0.5784368,0.22735097
2871603900,0.3406465,0.32261813,0.33673537
2874204586,0.45076525,0.2597006,0.2895341
2874332444,0.19504194,0.5265156,0.27844244
2874946670,0.5736656,0.1732216,0.2531128
2874990423,0.39437187,0.29619247,0.3094357
2876112050,0.3830371,0.35747042,0.2594925
2876399234,0.30043986,0.33160797,0.36795214
2876436701,0.43489847,0.14719835,0.41790324
2876607445,0.450586,0.3336561,0.21575786
2876771354,0.35315377,0.37032077,0.27652544
2876895323,0.39366227,0.4762597,0.13007803
2877482349,0.19123578,0.2223176,0.5864466
2878584381,0.340467,0.27045667,0.3890763
2878762843,0.8051873,0.06914605,0.12566662
2879152104,0.33295962,0.33444348,0.3325969
2879284734,0.33963984,0.34156922,0.31879094
2879444711,0.34638086,0.3933258,0.2602933
2879634211,0.89061,0.036469284,0.07292078
2880065141,0.45259264,0.20217256,0.34523484
2880146996,0.47060248,0.30282754,0.22657001
2881091008,0.5146632,0.23097278,0.25436395
2881097466,0.26329497,0.37069565,0.36600938
2881601704,0.42643416,0.36314243,0.2104234
2881785844,0.33365583,0.26852396,0.3978202
2881816543,0.1650244,0.66276747,0.17220818
2882137089,0.2618807,0.4254953,0.31262404
2882173195,0.1773535,0.5387322,0.28391433
2882319952,0.13197526,0.5083724,0.35965228
2882415535,0.41819617,0.416141,0.16566281
2882551698,0.23859371,0.24956752,0.51183873
2883122075,0.27820206,0.34699145,0.37480652
2883426612,0.30789107,0.3436666,0.34844235
2883744279,0.3292121,0.3390771,0.33171082
2883799486,0.03214509,0.9037178,0.06413708
2884049216,0.3331645,0.4083108,0.25852472
2884356124,0.6224676,0.14768815,0.22984429
2884420232,0.18735944,0.6045449,0.20809571
2885070187,0.3330647,0.24045008,0.42648515
2885113232,0.40737262,0.28971758,0.3029098
2885352641,0.29163858,0.35083616,0.35752526
2885498599,0.5680713,0.2785269,0.15340179
2885554941,0.22594029,0.5475103,0.22654939
2885778699,0.22784582,0.5094178,0.26273644
2885967315,0.3569653,0.34580758,0.29722714
2886181611,0.381405,0.19173728,0.4268577
2886220956,0.5917969,0.12631832,0.2818848
2886655223,0.4492138,0.2778646,0.27292165
2887078517,0.36505926,0.2679485,0.36699226
2887156393,0.66241187,0.1131953,0.22439285
2887467485,0.31696653,0.14707325,0.53596026
2887571821,0.42412174,0.3666496,0.20922863
2888250053,0.33402473,0.3319568,0.33401847
2888776172,0.5076668,0.19634447,0.2959887
2888797127,0.1553598,0.68809134,0.15654884
2889855769,0.5525177,0.279522,0.16796036
2890176205,0.3043082,0.12508549,0.5706063
2890211615,0.21882674,0.43977362,0.3413996
2890339286,0.4545622,0.21859746,0.3268403
2890665621,0.5790144,0.20080857,0.22017698
2891366692,0.21308967,0.53758657,0.24932379
2891438073,0.59734184,0.15269618,0.24996196
2892299197,0.5746075,0.2607846,0.16460791
2892351899,0.47625992,0.21739319,0.30634695
2892385551,0.34318963,0.44528913,0.2115212
2893003968,0.14952406,0.507611,0.34286496
2893421518,0.22331181,0.35991663,0.41677153
2894373581,0.34466568,0.3141162,0.34121808
2894542817,0.37498403,0.2535033,0.37151268
2894931281,0.54216367,0.2010706,0.25676575
2894983220,0.21866146,0.5756414,0.20569712
2895260823,0.6407556,0.14526944,0.21397501
2895737168,0.28750053,0.3816651,0.3308344
2896336452,0.4046418,0.3117425,0.28361565
2897152307,0.17822202,0.52391773,0.29786023
2897312351,0.23828992,0.5087822,0.25292787
2898785250,0.48374078,0.3180755,0.19818369
2898939748,0.71992457,0.115055196,0.16502017
2899074205,0.62147635,0.12483747,0.2536862
2899206978,0.23386072,0.46028867,0.3058506
2899513640,0.49933332,0.13939074,0.36127594
2900010778,0.29715705,0.37916595,0.32367703
2900133732,0.2806568,0.40194663,0.31739655
2900677051,0.37713596,0.31299287,0.3098712
2901354422,0.2742553,0.38998273,0.33576193
2901614615,0.3354134,0.41321883,0.2513678
2902401591,0.100579314,0.6621763,0.23724438
2902458185,0.21265817,0.28191993,0.5054219
2902886181,0.2888975,0.579002,0.13210051
2902923586,0.2662188,0.4584091,0.27537203
2902995334,0.3105073,0.46338087,0.22611186
2903259979,0.7317359,0.14024623,0.12801789
2903325552,0.45572373,0.30120966,0.24306661
2904191946,0.4212942,0.20147894,0.3772268
2904561733,0.33341137,0.35811165,0.308477
2905144563,0.40908933,0.35336873,0.23754194
2905243572,0.65162784,0.13402963,0.2143425
2905683443,0.20655873,0.5939984,0.19944292
2906045463,0.5486391,0.23274018,0.21862072
2907352135,0.26545966,0.41247958,0.3220608
2907591254,0.28214133,0.38152835,0.33633032
2907656893,0.791272,0.07698186,0.13174619
2908730769,0.5200014,0.22751176,0.25248682
2909431907,0.47789836,0.25306767,0.26903403
2909912236,0.395387,0.35244897,0.252164
2910145735,0.16864714,0.6301603,0.2011926
2911367206,0.53852546,0.2740415,0.18743302
2911480853,0.6596153,0.13547686,0.20490788
2911895656,0.41025108,0.09444936,0.49529955
2912375247,0.5236231,0.2737293,0.2026476
2912528444,0.31772822,0.3744065,0.30786526
2912685579,0.5575052,0.13482417,0.3076706
2912790842,0.2875109,0.38052878,0.3319603
2912862093,0.6797917,0.12099989,0.19920847
2913008980,0.6990942,0.0977996,0.20310622
2913027460,0.34138831,0.22333066,0.43528107
2914009780,0.5042164,0.2489019,0.2468817
2914929875,0.4312293,0.2396531,0.3291176
2915246489,0.17491032,0.19366989,0.63141984
2915808846,0.08581545,0.82131827,0.092866294
2915979120,0.4199564,0.30368888,0.2763547
2915983659,0.3167741,0.28569993,0.39752594
2916072231,0.42585856,0.27830273,0.29583868
2916254505,0.63214606,0.13174954,0.2361044
2916365840,0.3292402,0.46248665,0.20827311
2916409208,0.32371536,0.39367852,0.28260615
2916618973,0.5546918,0.14793263,0.2973756
2916875611,0.41900322,0.18097691,0.4000199
2917037667,0.41706422,0.25376096,0.32917488
2917121497,0.22011892,0.4581664,0.32171467
2917227062,0.18950993,0.37256253,0.43792748
2917334958,0.3321902,0.29531324,0.3724966
2917432356,0.27840763,0.3010136,0.42057875
2917563822,0.6105423,0.08454216,0.3049155
2917758882,0.4454155,0.34081566,0.2137688
2917911727,0.25848064,0.4880964,0.253423
2918157131,0.61345035,0.14746554,0.23908408
2918189679,0.39941537,0.21796511,0.3826195
2918588508,0.3682714,0.29614508,0.3355835
2918613272,0.16218732,0.5994554,0.23835729
2919206480,0.49503186,0.2581882,0.24678001
2919235235,0.24437939,0.3395174,0.41610315
2919308560,0.5656256,0.16650206,0.2678723
2919552199,0.9480187,0.0074439896,0.044537317
2920495732,0.5835703,0.21366413,0.20276554
2921455041,0.40772036,0.26459947,0.32768017
2921704645,0.5315997,0.29936665,0.16903366
2921730590,0.36583078,0.31832007,0.31584918
2922104087,0.37479845,0.2092332,0.41596833
2922219269,0.4681489,0.36925402,0.1625972
2923037683,0.35374868,0.19111577,0.45513555
2923577118,0.74067694,0.083331026,0.17599201
2923607626,0.20385411,0.4316546,0.3644913
2924594431,0.2795804,0.28109095,0.4393286
2924979802,0.26911673,0.40929312,0.32159021
2925318799,0.37791562,0.26307467,0.3590097
2926751432,0.36311126,0.2952461,0.3416427
2927803181,0.4587039,0.14451149,0.39678457
2927985191,0.35484248,0.22455518,0.42060232
2928006320,0.51230824,0.1789435,0.30874828
2928154900,0.45278046,0.27426854,0.27295098
2928791632,0.32237145,0.48307294,0.19455555
2929313803,0.20756522,0.5639544,0.22848032
2929788110,0.40502822,0.42260116,0.1723706
2929978533,0.31347793,0.2986013,0.38792068
2930976575,0.3416598,0.4628964,0.19544375
2931068986,0.24754597,0.44513252,0.3073215
2931145744,0.4932398,0.23943773,0.26732245
2931165096,0.16100223,0.6065769,0.23242083
2931472837,0.2621418,0.40799206,0.32986617
2931728461,0.13847554,0.4515292,0.40999526
2931842811,0.19041175,0.36969718,0.4398911
2931974329,0.16097172,0.6364203,0.20260791
2932168747,0.37063414,0.31103104,0.31833476
2932658085,0.49678427,0.22315873,0.280057
2933036036,0.37593582,0.2303968,0.39366734
2933500139,0.56727415,0.117343076,0.31538278
2933526465,0.43999788,0.14366318,0.41633892
2934255633,0.64066344,0.15236145,0.20697513
2934583801,0.24714512,0.4408815,0.31197333
2934898723,0.08033403,0.80585355,0.113812424
2935230604,0.30519876,0.36055273,0.33424857
2936562802,0.05850994,0.7958869,0.14560322
2936604950,0.14761285,0.49260148,0.3597857
2936719800,0.17875496,0.21509556,0.60614955
2937705250,0.41096067,0.36889154,0.22014785
2937793808,0.30438402,0.24373999,0.45187595
2937990594,0.042510703,0.87892693,0.07856231
2938259347,0.33709288,0.34984493,0.31306216
2938455255,0.21989128,0.18645221,0.5936565
2938945839,0.50185233,0.22713311,0.27101457
2939998037,0.46761128,0.26165155,0.27073714
2940069266,0.23996504,0.45209605,0.30793893
2940130914,0.597482,0.18152173,0.22099625
2940195150,0.49784827,0.25753674,0.24461491
2940316386,0.42983314,0.2555228,0.31464407
2940750951,0.22024325,0.35220385,0.4275529
2940871468,0.52913946,0.17350245,0.29735813
2940963885,0.45303273,0.3251313,0.22183597
2941489838,0.47746372,0.31591624,0.20662
2941489873,0.45112365,0.2673622,0.28151417
2941543839,0.23841104,0.3342943,0.42729458
2941557176,0.17873141,0.62910277,0.1921658
2941640893,0.47668657,0.2765189,0.24679461
2941953456,0.15753032,0.59685326,0.24561642
2942365675,0.6220038,0.1723562,0.20564003
2942821227,0.15128681,0.61301506,0.23569813
2942825954,0.31075814,0.38278946,0.3064524
2942949049,0.16196106,0.63738143,0.20065752
2942997062,0.36559036,0.24521348,0.3891961
2943315370,0.48280203,0.18131913,0.33587888
2944117944,0.24194507,0.32169938,0.43635553
2944577377,0.2767124,0.22944915,0.4938385
2944992345,0.21527562,0.6140096,0.17071472
2945984275,0.6127837,0.20297493,0.18424146
2946257704,0.7179624,0.09791975,0.18411788
2946349522,0.389793,0.39053124,0.21967569
2946793791,0.56045663,0.1684555,0.27108788
2946825047,0.31543043,0.33158985,0.3529797
2946826146,0.24923487,0.23384556,0.51691955
2946925102,0.40444314,0.30515462,0.29040226
2947436246,0.56402355,0.22412436,0.21185216
2947660630,0.68686557,0.13842997,0.17470446
2948550637,0.49787202,0.19015181,0.31197613
2950308905,0.07204099,0.65388304,0.27407593
2950325792,0.19590744,0.5887019,0.2153907
2950513819,0.43649435,0.23186582,0.3316398
2950785935,0.24893083,0.31177577,0.4392934
2950980582,0.3765098,0.19709775,0.42639253
2951274512,0.47988617,0.28539795,0.23471586
2951284577,0.4170114,0.32751316,0.2554754
2951536700,0.34055284,0.3825873,0.27685982
2951578692,0.32844064,0.33859217,0.3329672
2951760635,0.5088621,0.36999986,0.12113809
2951957563,0.18320194,0.48661307,0.330185
2952660816,0.2564112,0.35572517,0.3878636
2953617666,0.62693727,0.18755756,0.18550521
2954038785,0.28056458,0.3904261,0.32900932
2954494446,0.32414854,0.35052115,0.32533035
2954559248,0.4133653,0.13898885,0.44764587
2954907291,0.23558706,0.4354,0.3290129
2955007980,0.15042791,0.65312755,0.19644454
2955021807,0.33733255,0.33348733,0.32918015
2955172002,0.24141689,0.5419664,0.21661673
2955499252,0.23771611,0.4882615,0.27402243
2956065829,0.5383459,0.16562818,0.29602593
2956215638,0.2759368,0.28198966,0.44207358
2956811572,0.39694998,0.1486221,0.4544279
2956880320,0.42951506,0.33022675,0.2402582
2957214393,0.40915942,0.3214112,0.2694294
2957695237,0.22103028,0.43332922,0.3456405
2957912840,0.4841297,0.16192006,0.35395032
2957949550,0.25519183,0.27854127,0.4662669
2958530874,0.094570324,0.0996678,0.8057619
2959268875,0.42501253,0.28558668,0.2894008
2959390338,0.32811716,0.4114208,0.26046208
2960058155,0.45895937,0.26099578,0.28004482
2960179933,0.33252725,0.31715405,0.35031873
2960273311,0.53569955,0.17431486,0.2899856
2961116484,0.28730434,0.48589772,0.22679798
2961162320,0.3275561,0.28391236,0.3885315
2961364697,0.9411069,0.0068474095,0.05204562
2961545446,0.33786437,0.46192527,0.2002104
2963246339,0.7689969,0.041942663,0.18906045
2963409301,0.47695592,0.2779641,0.24507998
2963683993,0.381176,0.28900805,0.32981595
2963709907,0.79851854,0.065808944,0.13567252
2964918283,0.22834022,0.41922727,0.35243246
2965014126,0.34541658,0.2504335,0.40414998
2965700193,0.23355018,0.43861008,0.32783976
2965893963,0.5600469,0.21706451,0.2228885
2966401462,0.40551755,0.25970784,0.3347746
2966499573,0.47539252,0.3410408,0.18356672
2966770406,0.3910411,0.4316163,0.17734258
2966774248,0.25954497,0.473832,0.26662302
2967600249,0.47597322,0.2809491,0.24307767
2967861217,0.3052428,0.4034353,0.29132193
2967920656,0.3553403,0.42382908,0.22083059
2968089195,0.2787149,0.49006882,0.23121633
2968162472,0.749217,0.071354605,0.17942844
2968314620,0.36971745,0.4066503,0.2236322
2969078052,0.32884097,0.31616038,0.35499868
2969168899,0.28932095,0.45333946,0.25733966
2969697224,0.24739397,0.41324407,0.339362
2969835689,0.20403954,0.5072646,0.28869584
2970198583,0.35086358,0.40028986,0.24884658
2970276059,0.4160754,0.36863264,0.21529196
2970458348,0.40426716,0.24935593,0.34637687
2971608334,0.2590136,0.24010639,0.50088
2972129780,0.30814087,0.44347763,0.24838148
2972330297,0.3420261,0.24356219,0.4144117
2973159393,0.41965047,0.32824904,0.2521005
2973239905,0.460041,0.26088086,0.27907822
2973424128,0.43905038,0.31296605,0.24798356
2973658658,0.23238572,0.36928993,0.39832434
2975084799,0.47456557,0.21053608,0.31489843
2975277086,0.32860738,0.33238357,0.33900908
2975532518,0.32374102,0.29914087,0.37711805
2975741906,0.17329422,0.6676455,0.1590603
2975752322,0.21112415,0.572777,0.21609887
2975880318,0.50752133,0.14541757,0.34706107
2975963388,0.5516647,0.17263259,0.27570266
2977296794,0.5642483,0.23517051,0.20058116
2977300130,0.6652389,0.12158132,0.21317974
2977524550,0.3118055,0.38671693,0.30147752
2977800229,0.43036073,0.286057,0.2835822
2977984584,0.42620727,0.2712979,0.30249482
2978156796,0.5198061,0.21809512,0.2620988
2978440603,0.34170866,0.29767907,0.3606123
2978501017,0.35404107,0.21559213,0.43036675
2978542046,0.21828781,0.5961131,0.18559909
2979385172,0.44492105,0.228597,0.32648197
2979463809,0.13031226,0.13668492,0.7330028
2979547332,0.48288023,0.23487845,0.2822413
2979732971,0.3790375,0.31472865,0.30623376
2979918859,0.26532325,0.37592864,0.35874814
2980014630,0.12408921,0.6999584,0.17595237
2980278926,0.37160322,0.32290214,0.3054946
2980434387,0.46619523,0.20262486,0.3311799
2980595916,0.21527304,0.47880974,0.30591723
2980686279,0.3309012,0.13245767,0.5366411
2980756377,0.3533775,0.22598042,0.4206421
2980854341,0.35383275,0.28514346,0.36102372
2981174144,0.29649875,0.41322243,0.2902788
2981599344,0.56928456,0.16915867,0.26155677
2981817780,0.91553843,0.054610495,0.029851042
2982038531,0.20019831,0.5179838,0.28181788
2982125671,0.24539123,0.48703602,0.26757273
2982631321,0.32940954,0.32924774,0.34134278
2983257051,0.4463249,0.25911552,0.29455957
2983594452,0.39566416,0.3022157,0.30212012
2983984629,0.28565648,0.34030104,0.37404245
2984255407,0.44857553,0.27860335,0.27282107
2985031309,0.3310437,0.32563537,0.34332097
2985119588,0.24305464,0.45773864,0.29920676
2985158509,0.1529251,0.4443145,0.40276033
2985717658,0.40632877,0.4046604,0.18901084
2986364651,0.31548044,0.46885285,0.2156668
2986581090,0.35054144,0.3312411,0.3182174
2986938727,0.28233677,0.34809119,0.36957207
2987089864,0.3231712,0.37457374,0.30225506
2987387384,0.48728293,0.15486024,0.3578568
2987749109,0.2466397,0.45309305,0.30026722
2987974751,0.10081513,0.6740272,0.22515774
2988580438,0.22720657,0.53959316,0.23320028
2989122566,0.269117,0.45682824,0.27405477
2989207811,0.3666215,0.23172286,0.40165564
2990605336,0.3158928,0.36787483,0.31623238
2990768440,0.14421411,0.69154567,0.16424021
2991426422,0.34540772,0.32888997,0.3257023
2991523857,0.5454449,0.14960577,0.30494937
2991690994,0.4186335,0.34502715,0.2363394
2993297850,0.3783018,0.3824419,0.23925625
2993451087,0.32708678,0.34743968,0.32547355
2993562776,0.3699578,0.3441696,0.2858727
2993773233,0.37244567,0.3108701,0.31668425
2993926501,0.30420655,0.39558464,0.30020884
2994695380,0.112503015,0.51706517,0.37043184
2994757508,0.26766124,0.57313174,0.15920702
2994821494,0.16581948,0.6788586,0.15532194
2995326675,0.07830263,0.7813263,0.14037104
2995350053,0.3258217,0.27406016,0.40011814
2995795537,0.80857843,0.05310504,0.13831654
2995850263,0.42281315,0.27826318,0.2989236
2995950761,0.31296,0.48153692,0.20550308
2996189229,0.43863636,0.16335438,0.3980092
2996749502,0.3578715,0.31292,0.3292085
2997981780,0.6200147,0.17526303,0.20472223
2998410881,0.41451278,0.29911357,0.28637362
2998781680,0.30250615,0.32406345,0.37343037
2998884865,0.39100152,0.15994978,0.4490486
2999135845,0.29597494,0.4829256,0.22109947
2999384364,0.308166,0.37567496,0.31615907
2999435300,0.25086528,0.5147492,0.2343855
2999930181,0.07810011,0.7906004,0.1312995
3000543453,0.3273865,0.35110855,0.32150492
3000734251,0.2939047,0.35121363,0.3548816
3000766008,0.44911405,0.2680876,0.28279838
3002032318,0.207691,0.48763287,0.30467615
3002559220,0.49725273,0.2460531,0.25669408
3003648123,0.3345133,0.2776884,0.38779825
3003970943,0.6796403,0.1333051,0.18705462
3004006420,0.2925966,0.44835994,0.2590434
3004716829,0.4104226,0.0911417,0.4984357
3005521570,0.6241695,0.16681626,0.20901425
3006554749,0.3791472,0.39930484,0.22154798
3006817672,0.5659997,0.20131265,0.23268767
3007049811,0.5659795,0.2169584,0.2170621
3007193843,0.3429343,0.22169721,0.43536845
3007376645,0.3860629,0.22231637,0.39162076
3007491774,0.37571055,0.3010206,0.32326886
3007672399,0.5433134,0.20519584,0.25149074
3007987509,0.32759613,0.38142595,0.29097787
3008080992,0.5143146,0.17430463,0.31138074
3008181081,0.24432407,0.46513596,0.29054004
3008501287,0.53195846,0.17193066,0.2961109
3008741359,0.5817129,0.17523177,0.24305527
3008754185,0.20239006,0.21216986,0.58544016
3008840934,0.17487994,0.6024693,0.22265072
3008986891,0.110828154,0.26923057,0.6199413
3009286862,0.4547346,0.27447197,0.27079344
3009555017,0.019926893,0.020577889,0.95949525
3010141692,0.44716954,0.24466634,0.30816415
3010902618,0.4251056,0.38366202,0.1912324
3011325230,0.05366363,0.7855655,0.1607708
3011705533,0.496886,0.26077378,0.24234024
3011922901,0.33311906,0.27476433,0.39211667
3011970269,0.7586435,0.08923588,0.15212059
3012339666,0.24293461,0.41043562,0.34662983
3013203305,0.4205086,0.33359298,0.24589844
3013761720,0.45682853,0.25643727,0.28673422
3013799287,0.70319176,0.13905433,0.1577539
3014128026,0.40438485,0.29134202,0.30427307
3014305180,0.6815656,0.117684916,0.20074953
3014464287,0.29675308,0.41860762,0.28463927
3015020750,0.26875326,0.15168089,0.5795659
3015566685,0.63435435,0.096824855,0.2688208
3017098561,0.16701786,0.5566337,0.27634844
3018591812,0.28435454,0.4518625,0.26378292
3018904554,0.35415918,0.258653,0.3871878
3020274205,0.28129986,0.4949975,0.22370268
3020369113,0.19697417,0.4156595,0.38736635
3020987545,0.25849655,0.38133708,0.36016637
3021187538,0.4194085,0.25708216,0.32350937
3021225334,0.3641481,0.41112703,0.22472487
3021592859,0.7132622,0.0997452,0.18699257
3022153328,0.26910403,0.45326832,0.2776277
3022183355,0.48280254,0.23862173,0.27857578
3022612778,0.38135,0.3623441,0.2563059
3023411699,0.5950807,0.14974438,0.25517493
3023623439,0.36286435,0.29691178,0.34022388
3023985740,0.13214746,0.18475462,0.68309796
3024703787,0.2819542,0.32185638,0.39618942
3024937697,0.37563825,0.34760973,0.276752
3025060947,0.6887617,0.24082424,0.070414014
3026009430,0.8588279,0.030121485,0.11105063
3026180148,0.4415969,0.28426003,0.274143
3026192624,0.2765405,0.4597733,0.26368615
3026969590,0.24720344,0.5625586,0.19023798
3027034130,0.1671004,0.6067113,0.22618823
3027047688,0.53450125,0.1779077,0.28759098
3027188145,0.21825492,0.58179957,0.19994548
3027226430,0.12300653,0.3538965,0.52309704
3027346712,0.32334754,0.30155253,0.37509996
3027875665,0.3136771,0.34415817,0.34216473
3028490439,0.17357725,0.24256319,0.5838596
3029831891,0.5893665,0.16560522,0.24502821
3030959421,0.121801175,0.66566604,0.21253279
3031049214,0.21520506,0.51102716,0.2737678
3031326036,0.23071499,0.5700879,0.19919705
3031473799,0.39554256,0.28583318,0.3186243
3031480421,0.44956705,0.2932611,0.25717187
3031733204,0.4168402,0.27250943,0.31065038
3032713495,0.34347478,0.2845679,0.37195727
3032765534,0.23317178,0.5273752,0.23945302
3033346112,0.32662725,0.39697984,0.27639288
3035059726,0.27634302,0.516801,0.206856
3035116041,0.2854044,0.4837086,0.23088706
3035250425,0.47997755,0.18945539,0.33056706
3035423539,0.38863313,0.31903067,0.29233623
3036135325,0.33121833,0.07693192,0.59184974
3036327789,0.20454738,0.6061419,0.18931068
3036377112,0.5425459,0.18258752,0.27486667
3037080904,0.30029315,0.26137763,0.43832922
3037374247,0.40614915,0.19630378,0.39754707
3037815765,0.39652723,0.24945389,0.35401887
3037964412,0.18352254,0.55623645,0.260241
3038054808,0.46343842,0.24543971,0.29112184
3038477274,0.43711984,0.31236,0.2505201
3038818426,0.37941974,0.26186708,0.35871324
3039142251,0.34940377,0.3105666,0.34002963
3039457931,0.3614294,0.34953827,0.2890323
3039733878,0.10285952,0.74030834,0.15683213
3040012489,0.5103166,0.2673161,0.22236724
3040229149,0.274191,0.48495892,0.24085017
3040821052,0.27711147,0.46730885,0.25557965
3041082221,0.40103433,0.22544211,0.37352356
3042236674,0.408409,0.39121193,0.20037915
3042790568,0.6429698,0.17627111,0.18075913
3043028831,0.46180442,0.26413158,0.27406403
3043206759,0.5453952,0.10780594,0.3467989
3043264765,0.4722286,0.17041618,0.35735524
3043673338,0.14088093,0.52941835,0.3297007
3044348043,0.5434631,0.18364383,0.27289307
3044367089,0.21348253,0.5214279,0.2650896
3044514167,0.30042988,0.40270942,0.29686072
3044575948,0.20667654,0.52165747,0.27166596
3044903293,0.42722285,0.26988927,0.30288786
3044938437,0.31553587,0.19799761,0.48646656
3045117868,0.38011152,0.32247692,0.2974115
3045940321,0.25564378,0.2433814,0.5009749
3046466904,0.24296777,0.51136076,0.24567147
3046475404,0.35749936,0.3875429,0.2549577
3047335867,0.4587897,0.3347343,0.20647602
3047380557,0.5162455,0.24761349,0.23614106
3048018072,0.23889637,0.49987617,0.26122746
3048061448,0.30135906,0.46207112,0.23656987
3048994047,0.26080373,0.22680633,0.51238996
3049324777,0.49257764,0.26397368,0.24344869
3049379523,0.5264098,0.20927459,0.26431563
3049382203,0.16008879,0.6524517,0.1874595
3050293988,0.33784336,0.18620257,0.47595403
3050497475,0.21344976,0.53853047,0.24801978
3050548423,0.37866068,0.24099328,0.38034603
3051908615,0.35733184,0.31910774,0.32356042
3052885310,0.29970032,0.23092566,0.4693741
3053333537,0.12811515,0.7299357,0.14194916
3054499127,0.4383553,0.25503206,0.30661264
3054661935,0.14632465,0.5864254,0.2672499
3054766457,0.65718824,0.11878595,0.2240259
3054792416,0.21247447,0.42489657,0.362629
3055348763,0.68071383,0.15612094,0.1631652
3055584678,0.42162406,0.32729033,0.2510856
3055737370,0.42121118,0.29781863,0.28097013
3055833772,0.52132505,0.22717065,0.25150427
3056225277,0.5227314,0.12110168,0.35616693
3056355542,0.660826,0.14672326,0.1924508
3056376508,0.6670632,0.14380395,0.18913285
3056875773,0.24893135,0.5078722,0.24319643
3057103769,0.4319793,0.28528616,0.28273448
3057155011,0.37532768,0.31961104,0.30506128
3057346597,0.17439911,0.6121115,0.21348937
3057851728,0.6176188,0.20533536,0.17704582
3057928740,0.29311654,0.45251104,0.25437236
3058098156,0.38835564,0.19545078,0.41619357
3058329814,0.42693767,0.28364933,0.289413
3058467930,0.14693268,0.41184962,0.4412177
3059250189,0.5400669,0.29251054,0.16742258
3059416456,0.54433,0.22022769,0.23544231
3059663947,0.64505225,0.17400911,0.18093859
3059680487,0.33266637,0.32937345,0.33796015
3059931733,0.310253,0.4418676,0.2478794
3060194603,0.13823316,0.6818474,0.1799195
3060242283,0.38948312,0.2619172,0.34859967
3061211290,0.129813,0.6697163,0.20047067
3061528240,0.42542067,0.2720101,0.3025692
3061669195,0.11717364,0.74282396,0.14000235
3061832325,0.23538123,0.4794284,0.28519034
3061887170,0.35291213,0.35014498,0.2969429
3062694312,0.40333018,0.26009127,0.3365786
3063461500,0.59457296,0.14307266,0.2623544
3063757415,0.3218662,0.2341168,0.44401696
3064324506,0.12123521,0.65600824,0.2227566
3065079042,0.24681838,0.45767552,0.2955061
3065588705,0.370922,0.26865587,0.36042213
3065715113,0.39020595,0.32857046,0.28122362
3065912311,0.32442626,0.20797023,0.46760356
3065914132,0.4183572,0.22797754,0.35366523
3066031465,0.45515364,0.2966671,0.24817927
3066713141,0.45502827,0.18043196,0.36453974
3067200650,0.594004,0.19732909,0.20866697
3067476462,0.19680649,0.59402907,0.20916446
3068927495,0.46233204,0.23818474,0.29948324
3068997852,0.03242132,0.82744235,0.14013633
3069029997,0.51812917,0.1915046,0.2903663
3069375861,0.47987798,0.2591633,0.26095873
3069787959,0.36540386,0.37029752,0.26429862
3069844183,0.4554057,0.26721555,0.27737865
3069934393,0.31491002,0.34644058,0.3386494
3069943935,0.73964757,0.11955624,0.14079623
3070001296,0.23786281,0.50172186,0.26041535
3070098512,0.39271024,0.3926838,0.21460593
3070234979,0.28188547,0.4939623,0.2241522
3070257269,0.48800707,0.25422648,0.2577665
3071002312,0.65606105,0.06721277,0.27672616
3071077112,0.37678906,0.32630917,0.29690176
3071422999,0.56623405,0.19040166,0.24336432
3071548567,0.61596394,0.038986422,0.34504968
3071796803,0.3924063,0.3012302,0.30636343
3072319583,0.41846716,0.32466245,0.2568704
3072524804,0.42181653,0.22741185,0.3507716
3072554880,0.40836146,0.26534194,0.3262966
3073212449,0.28992823,0.35960433,0.3504674
3073315345,0.5192656,0.20640881,0.2743256
3073752994,0.44796875,0.28098577,0.27104542
3074143653,0.43242896,0.3160424,0.25152868
3074163896,0.42267677,0.29389647,0.28342673
3074360775,0.3246307,0.40976822,0.265601
3074396140,0.34139213,0.25275007,0.40585786
3074510442,0.40341464,0.2543831,0.34220228
3074559286,0.3862064,0.300494,0.3132997
3074726099,0.18228805,0.5774964,0.24021555
3074894555,0.25853983,0.30691013,0.43455005
3075232181,0.5271884,0.24709383,0.22571775
3075626294,0.36913458,0.45973495,0.17113046
3075973115,0.72932565,0.12844232,0.14223203
3076258185,0.42687622,0.28196496,0.29115877
3076453552,0.27048847,0.5317908,0.19772078
3076517475,0.44394553,0.30994472,0.24610972
3077129665,0.37398553,0.21722563,0.40878886
3078568142,0.45281446,0.29333055,0.253855
3079047142,0.11686705,0.8006906,0.08244235
3079116755,0.18542314,0.14017685,0.6744
3079280072,0.26299652,0.5046852,0.23231822
3079449080,0.15138783,0.62351424,0.22509795
3079773791,0.39551687,0.2384692,0.36601394
3079883005,0.53052956,0.2225647,0.24690576
3080054329,0.17834087,0.55449295,0.26716617
3080124195,0.3971153,0.29014033,0.31274438
3080396431,0.42025617,0.27818328,0.30156055
3080858026,0.63503,0.11034345,0.2546266
3082342023,0.40971303,0.3547729,0.23551409
3082902780,0.42008102,0.20917314,0.37074578
3083539562,0.5929068,0.17158906,0.23550421
3083670075,0.105326526,0.7564348,0.13823864
3083982692,0.31215876,0.39913794,0.28870326
3084513551,0.7222563,0.11330761,0.16443618
3084564901,0.2956203,0.24407563,0.4603041
3085295000,0.19023575,0.19938393,0.6103803
3085589448,0.4542577,0.26284274,0.28289962
3085908186,0.66285115,0.1700537,0.16709517
3085911180,0.54892814,0.2186893,0.23238258
3086067420,0.31830028,0.31054768,0.37115198
3086992094,0.42365012,0.2894876,0.28686225
3087191337,0.41104496,0.29250968,0.29644534
3087268927,0.7436934,0.11916573,0.13714088
3087375352,0.32994187,0.29649353,0.37356454
3087907846,0.3892634,0.23436171,0.3763749
3088060202,0.17462496,0.58000493,0.24537013
3088340839,0.20991851,0.602868,0.18721345
3088563252,0.4438448,0.269159,0.28699625
3089101616,0.5863811,0.15568374,0.25793517
3089157801,0.4746008,0.21761084,0.3077883
3089313547,0.67747515,0.15429203,0.16823278
3089770632,0.011150841,0.01796859,0.97088057
3090046073,0.35393384,0.4086735,0.23739265
3090213908,0.062435858,0.79070073,0.14686345
3090387607,0.30611503,0.39309743,0.30078754
3090509208,0.2540661,0.5203948,0.22553904
3090691482,0.24953791,0.36268258,0.38777944
3090869966,0.31750312,0.44084206,0.2416548
3090876077,0.607503,0.16932029,0.22317673
3091164532,0.46401396,0.25840697,0.27757904
3091626780,0.4260834,0.27649638,0.29742023
3092269785,0.2580562,0.3718588,0.370085
3092414999,0.63624996,0.17409283,0.18965712
3093619804,0.4275533,0.122702666,0.44974405
3093751502,0.26012096,0.3057306,0.43414846
3093916061,0.34140623,0.38314638,0.27544743
3094078886,0.32154843,0.35484493,0.3236066
3094149540,0.28049812,0.35677674,0.36272514
3094381713,0.04416072,0.06043089,0.89540845
3094843833,0.35018322,0.19141382,0.4584029
3094862692,0.18257256,0.5661893,0.25123814
3094983201,0.30269638,0.39955574,0.29774785
3095478682,0.18888825,0.5949883,0.2161235
3095831562,0.3170418,0.24370387,0.43925428
3095866924,0.118745536,0.59248596,0.2887685
3096378858,0.15204163,0.6231096,0.22484876
3096588795,0.3346112,0.33571595,0.32967287
3096996390,0.33212805,0.30628544,0.36158648
3097361978,0.41284028,0.2602717,0.32688805
3097427500,0.35961676,0.3070717,0.33331153
3097609055,0.39813888,0.27208936,0.32977167
3098064374,0.31504944,0.3602084,0.32474217
3098143032,0.3402194,0.48624793,0.17353268
3098513522,0.6382091,0.17516525,0.18662564
3100682988,0.2638658,0.4489197,0.2872145
3101848454,0.28292117,0.48763493,0.22944385
3102288035,0.08141116,0.7651114,0.15347739
3103197924,0.44211012,0.22929005,0.32859984
3103290908,0.28708878,0.44268394,0.2702273
3103789330,0.44071767,0.295429,0.2638534
3103815484,0.24954037,0.46073776,0.28972188
3104201540,0.19884402,0.55608577,0.24507022
3104293953,0.23633413,0.37418562,0.38948023
3104325707,0.18672311,0.57471806,0.23855881
3104494001,0.43250138,0.23144703,0.33605158
3104840822,0.32812297,0.22823998,0.44363704
3104915908,0.37728104,0.31016397,0.31255496
3105680636,0.6505149,0.13292164,0.21656348
3105902015,0.68268484,0.069670446,0.2476447
3106687065,0.2752961,0.420769,0.3039349
3106744162,0.32104477,0.2863135,0.39264166
3107251341,0.36556426,0.29619086,0.33824492
3109790409,0.5163279,0.25653747,0.2271346
3110012729,0.41568583,0.34191877,0.24239548
3110375853,0.30941704,0.42810807,0.26247486
3110692321,0.46082228,0.22567213,0.3135055
3111232716,0.32517514,0.3411958,0.33362907
3111320687,0.15126517,0.67194206,0.17679282
3111446318,0.28362364,0.32845783,0.38791853
3111754994,0.4872964,0.25853607,0.25416756
3111796895,0.50591373,0.26672226,0.22736406
3113188733,0.11352809,0.57160175,0.3148702
3113198560,0.53697306,0.16711996,0.29590696
3113219473,0.3514494,0.2995577,0.34899294
3113307428,0.5396289,0.19633467,0.26403642
3113489287,0.472492,0.35853314,0.16897486
3113585872,0.34905332,0.37927237,0.27167428
3113727121,0.51262,0.18285877,0.30452123
3114233780,0.5324729,0.16915469,0.29837248
3114419244,0.38661206,0.38654903,0.22683887
3114841125,0.5232606,0.20055881,0.27618057
3115084000,0.30675107,0.3134343,0.3798146
3115211109,0.57670546,0.17613539,0.24715918
3115455159,0.08136684,0.8042071,0.114426084
3115725723,0.21929538,0.58892256,0.19178206
3116140543,0.7582412,0.094981976,0.14677684
3116423749,0.3211901,0.3687895,0.31002042
3116717831,0.54026425,0.17344515,0.28629062
3116729160,0.16330157,0.21231504,0.6243834
3116734159,0.22667679,0.25101948,0.52230376
3117612221,0.5798067,0.2764,0.14379337
3117702480,0.2986385,0.34335145,0.35801005
3117729208,0.30690244,0.4259634,0.2671341
3117744046,0.23582187,0.5561892,0.20798889
3118612757,0.18761691,0.54937243,0.26301068
3119122409,0.20989811,0.41761357,0.37248832
3119395072,0.5366487,0.22154759,0.24180377
3119702711,0.41408935,0.2931777,0.29273295
3121888392,0.33882153,0.42731026,0.23386817
3121943818,0.19971566,0.5685667,0.23171766
3123291840,0.3735758,0.29474854,0.33167565
3123381052,0.2774226,0.44574955,0.2768278
3123501433,0.36600578,0.32723877,0.3067554
3124221261,0.5774444,0.14895786,0.2735978
3124234427,0.45969984,0.24569553,0.2946047
3124419674,0.19044282,0.57497734,0.2345798
3124874036,0.15656218,0.59982973,0.24360807
3124970366,0.39109275,0.28358296,0.32532433
3125075861,0.4407392,0.268841,0.29041982
3125589327,0.30579576,0.4053981,0.28880614
3125791465,0.583829,0.15450099,0.26167002
3126106024,0.3891212,0.1668244,0.44405442
3126269430,0.19539814,0.39135176,0.41325015
3127238840,0.20059328,0.57513046,0.22427629
3127429461,0.34207344,0.27782938,0.38009724
3127766303,0.52058834,0.20337297,0.2760387
3128245310,0.13981412,0.6366556,0.22353022
3128361922,0.6849072,0.17880394,0.1362889
3129568360,0.2825409,0.38589796,0.33156112
3130645471,0.2966335,0.47050178,0.23286465
3130764272,0.33743784,0.25248152,0.4100806
3130842562,0.4742477,0.23906322,0.2866891
3130871701,0.52171403,0.21371825,0.26456767
3131037074,0.7634079,0.06644005,0.17015204
3131161078,0.47985333,0.24715374,0.272993
3131238175,0.31844562,0.37116972,0.31038463
3131806717,0.57075965,0.2141827,0.21505764
3131886639,0.29101053,0.30880475,0.40018472
3132260018,0.44976988,0.18609016,0.36413997
3132783575,0.23152058,0.19148429,0.57699513
3133197572,0.49681458,0.23339392,0.2697915
3134143027,0.29574051,0.49124894,0.21301053
3134214200,0.6056343,0.18956469,0.204801
3134295633,0.698579,0.12415386,0.17726713
3134391356,0.4248448,0.27410856,0.3010466
3135035366,0.47160706,0.23646972,0.29192322
3135367776,0.33317968,0.38523763,0.28158262
3135422751,0.25601265,0.2723262,0.47166112
3135840932,0.28569347,0.38816643,0.32614008
3135871519,0.57844424,0.20719889,0.21435688
3135936182,0.6226355,0.15037052,0.22699398
3136011472,0.3734971,0.34440473,0.28209817
3136352539,0.3239453,0.34085995,0.33519474
3136639721,0.48774356,0.21741696,0.29483944
3136705430,0.36660156,0.26131055,0.3720879
3137303515,0.3497769,0.23258805,0.417635
3137684263,0.28895032,0.27536306,0.43568662
3137898956,0.09466879,0.7115993,0.19373192
3137954246,0.2633653,0.48626816,0.2503666
3137989468,0.44159025,0.22093065,0.33747914
3138245936,0.19095868,0.14254251,0.6664988
3139327708,0.34433544,0.34796825,0.3076963
3140140555,0.75442284,0.03886776,0.20670938
3140270455,0.30499572,0.38117394,0.31383032
3140319484,0.2278576,0.5145315,0.2576109
3140641722,0.2436486,0.50281763,0.25353378
3140807902,0.27022716,0.23214081,0.49763203
3141447629,0.33149034,0.41004592,0.2584637
3141467727,0.3961798,0.34135604,0.26246423
3141550738,0.21445452,0.5805932,0.20495224
3143630536,0.29263505,0.45450792,0.2528571
3144112588,0.31425455,0.3836761,0.3020693
3144171480,0.27111503,0.26529172,0.46359333
3144827818,0.30393302,0.41561377,0.28045318
3145091057,0.121358804,0.72374433,0.15489686
3145139755,0.58015627,0.20538373,0.21445996
3145616533,0.6480229,0.11574817,0.23622893
3146106552,0.4626987,0.30395448,0.2333468
3146561527,0.24841811,0.30547726,0.4461046
3147229327,0.4631768,0.29560664,0.2412166
3147444750,0.080756634,0.8172369,0.102006435
3147571473,0.21069278,0.5180704,0.2712368
3147938099,0.12798238,0.6769175,0.19510014
3147939056,0.57227427,0.16473493,0.26299083
3148028396,0.25098786,0.43258786,0.3164243
3148231392,0.27302948,0.44413128,0.28283927
3148430272,0.25725654,0.36581337,0.37693006
3148450888,0.29276922,0.3125736,0.39465722
3148531304,0.66204625,0.09132585,0.2466279
3148575965,0.4847591,0.32769477,0.18754613
3148596852,0.39713642,0.40525696,0.19760667
3149250801,0.34183192,0.36093143,0.29723665
3149860020,0.6926249,0.110760964,0.19661409
3149909127,0.56370574,0.19810103,0.2381932
3150155618,0.38662955,0.18957043,0.4238
3150175339,0.43975538,0.2444559,0.31578875
3151363915,0.3045939,0.37249142,0.32291466
3151523688,0.32340756,0.32811224,0.34848014
3151651525,0.47531822,0.20795153,0.31673023
3152623407,0.25503,0.4051194,0.3398506
3152672209,0.3642284,0.29944998,0.3363216
3153361518,0.639834,0.16240272,0.19776335
3153421296,0.24976729,0.5455766,0.20465615
3153546661,0.323926,0.41653532,0.25953874
3153745208,0.5192159,0.23263216,0.24815194
3154401889,0.22960235,0.45761457,0.312783
3154644118,0.31215048,0.33272812,0.35512146
3157455036,0.3403475,0.43625492,0.22339758
3158497131,0.29145485,0.40360084,0.30494434
3158702181,0.2479231,0.45989147,0.29218546
3158880787,0.48527846,0.24901031,0.26571116
3159771224,0.36857158,0.35504186,0.2763866
3160086106,0.07665263,0.81721026,0.10613707
3160387391,0.24818578,0.47029337,0.2815208
3160562372,0.43985727,0.3552138,0.20492896
3161515714,0.19942749,0.61696315,0.18360934
3162339548,0.48625812,0.27961785,0.23412411
3162376476,0.32191667,0.4484655,0.22961779
3162444767,0.30200726,0.42990592,0.26808682
3162516600,0.31488588,0.3856478,0.2994663
3163659689,0.41567433,0.27200612,0.31231955
3163701632,0.42696458,0.15262829,0.42040718
3163978458,0.34054622,0.29358175,0.365872
3165822918,0.35378432,0.26517972,0.38103595
3166078009,0.45271236,0.30966842,0.23761924
3166346374,0.27289918,0.4766626,0.25043818
3166707500,0.21028347,0.54403174,0.24568477
3166918560,0.41943341,0.2529172,0.32764935
3167023587,0.65496206,0.15889223,0.18614571
3167270274,0.39799222,0.34479955,0.2572082
3167280772,0.4709799,0.25683454,0.2721855
3167665192,0.88572204,0.019739896,0.09453809
3167711830,0.15146723,0.66207385,0.18645892
3167740410,0.3872791,0.3429425,0.26977843
3167885496,0.37707233,0.31346375,0.30946398
3167991102,0.29333508,0.23880951,0.4678554
3168066318,0.23736762,0.49668038,0.26595205
3169510936,0.4900383,0.21762349,0.29233822
3169805531,0.09999345,0.1434464,0.75656015
3170046941,0.22332975,0.4249541,0.35171613
3171023414,0.2322102,0.13984315,0.6279466
3171760569,0.36854354,0.31645423,0.3150023
3171903376,0.059301276,0.75593334,0.18476541
3172925793,0.26332632,0.45814997,0.27852365
3173055602,0.47300845,0.23785712,0.28913438
3173276147,0.23284012,0.39109203,0.37606788
3173488530,0.42037687,0.2525143,0.32710877
3173935456,0.31976315,0.35057813,0.32965875
3173968407,0.18263341,0.5750623,0.24230428
3174308010,0.2399775,0.57438684,0.18563566
3174392771,0.5036113,0.23467654,0.26171204
3174578167,0.55188227,0.22929561,0.2188221
3175324327,0.24814826,0.13790241,0.6139493
3175355383,0.33940881,0.29800376,0.3625874
3176050225,0.5758179,0.20829062,0.21589151
3176429953,0.4132164,0.33597115,0.25081247
3176890964,0.33185992,0.34032616,0.3278139
3177440683,0.48489547,0.22336705,0.29173744
3177662094,0.4306275,0.3184637,0.25090882
3178350266,0.22515604,0.45908508,0.31575894
3179274518,0.29993188,0.36837748,0.33169058
3180111963,0.24852492,0.29527804,0.4561971
3180308649,0.28463537,0.38258967,0.332775
3180661137,0.052393325,0.7524605,0.19514619
3181489675,0.42041948,0.173813,0.4057675
3182530569,0.81239265,0.060746137,0.12686123
3183261237,0.5212365,0.23998483,0.23877876
3183427831,0.32163668,0.3239111,0.35445222
3183850443,0.41945896,0.3023555,0.27818552
3184462970,0.23951405,0.4940869,0.2663991
3184847670,0.40201753,0.23962325,0.35835925
3185087828,0.2594159,0.43254313,0.308041
3185105267,0.5074231,0.23701064,0.25556624
3185316753,0.6643623,0.13067123,0.20496638
3185450823,0.52007866,0.26824805,0.21167323
3186547282,0.42624274,0.23807855,0.33567873
3186642294,0.16602951,0.51638585,0.31758463
3188706572,0.39306727,0.4208007,0.18613209
3189122670,0.3595929,0.39251167,0.2478954
3189187250,0.21478404,0.58643705,0.19877888
3189896702,0.27441457,0.477183,0.24840242
3190112824,0.4330267,0.31641686,0.2505564
3190701614,0.32918653,0.20411493,0.46669856
3191007554,0.27752736,0.46938324,0.25308937
3191693827,0.5274074,0.31388846,0.15870413
3192089305,0.18415631,0.37705305,0.43879062
3192307991,0.30780953,0.33854216,0.35364828
3192382918,0.6029611,0.21245925,0.18457961
3193173204,0.5192629,0.116551824,0.36418524
3193598860,0.2546645,0.40833476,0.33700076
3194299709,0.22699934,0.50537014,0.26763052
3194460509,0.38950068,0.39069334,0.21980597
3195231090,0.31203166,0.35282356,0.3351448
3195597578,0.2029962,0.25674435,0.5402594
3196723749,0.15466727,0.6894123,0.15592046
3197100555,0.021121627,0.0040280363,0.97485036
3197544354,0.4902661,0.19939347,0.31034034
3197982707,0.5516487,0.17112385,0.2772275
3198397424,0.2486915,0.20200427,0.5493042
3198456614,0.20170826,0.6564827,0.14180905
3198729063,0.36930615,0.14630805,0.48438576
3198913704,0.20256466,0.59985137,0.19758396
3198926011,0.30677631,0.3729337,0.32029
3199355046,0.46612322,0.21919343,0.31468338
3199434726,0.30475637,0.40132356,0.29392
3199435900,0.11226247,0.7791014,0.10863611
3200053718,0.49523976,0.25095022,0.25381002
3200077641,0.38787013,0.2959726,0.31615728
3200088648,0.3762332,0.26763403,0.35613275
3200459012,0.5750726,0.18169752,0.24322994
3201227210,0.3004512,0.20102042,0.49852842
3201504550,0.6937243,0.12147413,0.18480164
3202176241,0.34353837,0.38891643,0.26754516
3202183801,0.02368706,0.92877424,0.04753876
3202573841,0.32671916,0.34614778,0.32713303
3203602583,0.331699,0.33729357,0.33100742
3204154244,0.4940874,0.23675433,0.26915827
3205355780,0.27389416,0.37303483,0.353071
3205356899,0.4309666,0.19037037,0.37866306
3205358250,0.9378983,0.017379653,0.04472216
3205590233,0.3048834,0.3320877,0.36302888
3205614298,0.30444545,0.43683845,0.25871608
3206152483,0.5971354,0.20182066,0.20104395
3207461573,0.66074413,0.11648727,0.2227686
3207611030,0.22106785,0.35112697,0.4278052
3208102840,0.47164854,0.2260048,0.30234665
3208286494,0.5667914,0.20737325,0.22583525
3208339504,0.80114573,0.07838865,0.120465636
3208513553,0.19415107,0.5375358,0.2683132
3208944842,0.48365906,0.22911692,0.28722402
3208998358,0.265459,0.47308612,0.26145485
3210283778,0.29284662,0.32631874,0.3808346
3210443509,0.18347663,0.45255762,0.3639657
3211117262,0.5756448,0.17846932,0.2458859
3211645314,0.5448321,0.16651861,0.28864926
3212429718,0.3908799,0.24904846,0.36007163
3212556256,0.2771771,0.27566645,0.44715643
3213167022,0.5135856,0.23973815,0.24667628
3213289713,0.23271728,0.4813768,0.28590593
3213765962,0.5230295,0.22265424,0.25431624
3214839137,0.42518696,0.41310784,0.16170517
3215230045,0.3900177,0.29996148,0.31002086
3215362749,0.10557111,0.74689424,0.14753461
3216585235,0.39381433,0.22440514,0.3817805
3217364457,0.27803433,0.5546704,0.16729529
3217682404,0.30330467,0.45494875,0.24174654
3218065687,0.48081732,0.2243115,0.29487118
3218699619,0.47806978,0.30012476,0.2218055
3219341151,0.42600337,0.13820282,0.43579385
3220689602,0.19843324,0.6700837,0.13148303
3221276339,0.33406013,0.3339395,0.33200032
3221451757,0.36420578,0.32530978,0.31048444
3222222885,0.67739785,0.14140828,0.18119383
3223010823,0.107603274,0.79059976,0.101796985
3223962858,0.08280984,0.42025214,0.49693802
3224379249,0.2948612,0.22656497,0.4785738
3224652367,0.5729479,0.14405586,0.2829962
3224841161,0.43038508,0.2261043,0.34351066
3224946899,0.2145645,0.35563633,0.42979914
3225004220,0.078798056,0.79043025,0.13077168
3225630746,0.10311968,0.6792705,0.21760985
3226024159,0.27746475,0.4838601,0.23867519
3226138917,0.19090135,0.20909677,0.6000019
3226271925,0.23931742,0.6158473,0.14483531
3226530554,0.26334956,0.5407399,0.19591053
3226602653,0.21250825,0.5556845,0.23180726
3226809019,0.18479787,0.67392707,0.14127506
3227213427,0.26871642,0.5150407,0.2162429
3227399370,0.03471554,0.8902461,0.075038426
3227815628,0.31235036,0.21890245,0.4687472
3227836180,0.4565228,0.113102816,0.43037444
3229149394,0.28244963,0.42285502,0.2946954
3229562039,0.4732842,0.25533947,0.2713763
3229668981,0.40815455,0.29182792,0.30001748
3229789301,0.4740063,0.25628757,0.26970607
3229827917,0.7134081,0.10221176,0.1843801
3230237161,0.3675615,0.45092618,0.1815123
3230619383,0.5072137,0.30837947,0.18440676
3231591034,0.39484647,0.28454614,0.32060733
3232110570,0.5042683,0.15929237,0.33643934
3232161906,0.5526993,0.17686275,0.27043796
3232461670,0.15722792,0.40817815,0.43459395
3233854267,0.51192456,0.2066354,0.28144005
3233987119,0.21531552,0.47221076,0.31247368
3234029964,0.26546162,0.3387318,0.3958066
3234117231,0.117067926,0.75204504,0.13088709
3234248849,0.2934293,0.23820399,0.4683667
3235570281,0.30259812,0.41011515,0.2872867
3235733972,0.41524327,0.27825984,0.30649695
3236418191,0.4447764,0.23724839,0.31797516
3236672528,0.5381874,0.23345314,0.22835948
3237387100,0.16757284,0.5465186,0.28590855
3237464056,0.3999507,0.15968457,0.44036472
3237843914,0.3044177,0.34369946,0.35188287
3238756084,0.41994163,0.22240385,0.35765445
3238812519,0.20402642,0.5660221,0.2299515
3239274855,0.1334215,0.38358945,0.48298904
3239343866,0.26454693,0.3817966,0.3536565
3239695243,0.3391075,0.3254041,0.33548838
3239762814,0.12787132,0.65083677,0.22129194
3239809415,0.7491648,0.102154955,0.14868024
3240257653,0.35959375,0.06466659,0.5757397
3241067124,0.600782,0.14711511,0.25210288
3242533343,0.21631196,0.6085991,0.17508893
3242651302,0.21546292,0.56602764,0.21850939
3242881357,0.46186835,0.20035586,0.33777583
3243125378,0.22810897,0.33167118,0.44021982
3243600332,0.47207105,0.21187317,0.3160558
3244388572,0.16019373,0.62689537,0.21291088
3244406496,0.27184317,0.47454274,0.25361407
3244688462,0.18002492,0.5848519,0.23512314
3244787932,0.48090205,0.26437107,0.2547269
3244812904,0.86559105,0.034003556,0.100405455
3245077579,0.5388355,0.1809805,0.28018397
3246104141,0.25384519,0.48478538,0.26136938
3246172424,0.14342244,0.6948389,0.16173868
3246371047,0.037945315,0.69187796,0.27017677
3246528318,0.27221453,0.4221102,0.30567524
3246824527,0.24495836,0.21754022,0.53750145
3246920310,0.41812432,0.08510317,0.49677253
3247004225,0.3909202,0.22356549,0.3855143
3247646762,0.20552756,0.56715846,0.22731394
3249072991,0.6136404,0.12569377,0.26066574
3249137570,0.63203967,0.1234222,0.24453813
3249224827,0.54888594,0.11539476,0.33571932
3249251833,0.2677412,0.47441635,0.25784242
3249842481,0.14564718,0.55664015,0.2977127
3250329751,0.84831536,0.052202217,0.09948248
3250582698,0.33605373,0.28678223,0.377164
3251721464,0.46984518,0.28151175,0.24864313
3251946503,0.33173543,0.27449787,0.3937667
3252358917,0.31061807,0.48429313,0.20508882
3253002841,0.25019294,0.41502357,0.33478355
3253459245,0.530322,0.20800045,0.26167756
3253571844,0.19457144,0.5747414,0.23068716
3253587785,0.22411251,0.58292454,0.1929629
3254650670,0.22743252,0.48732132,0.2852462
3254703415,0.30514193,0.3628085,0.33204958
3255004444,0.18393578,0.5982354,0.21782883
3255229364,0.25686422,0.43729937,0.3058364
3255295624,0.39218616,0.41342196,0.19439194
3256446438,0.13897823,0.6977188,0.16330297
3257377589,0.49405503,0.28382573,0.22211918
3257409165,0.29918894,0.4703248,0.23048621
3257687542,0.4761179,0.33173293,0.19214918
3258195333,0.6524788,0.1297998,0.21772136
3258790666,0.3701763,0.27448118,0.35534257
3258839899,0.5917668,0.13768607,0.27054712
3259701606,0.20649824,0.33280548,0.4606963
3259768437,0.1569354,0.5578559,0.28520873
3259867051,0.5647103,0.24702622,0.18826348
3260020292,0.50572675,0.20122094,0.29305223
3260779556,0.47267008,0.17919236,0.34813762
3261076533,0.3195056,0.3339952,0.34649923
3261160494,0.3341382,0.0988052,0.5670566
3261487299,0.093860924,0.7483288,0.15781027
3262221863,0.33146906,0.39081657,0.27771437
3263246843,0.5381105,0.18073875,0.28115073
3263860634,0.28043652,0.37248266,0.34708086
3264666584,0.3447742,0.2941051,0.36112067
3265200944,0.4028228,0.3974624,0.1997148
3265285854,0.012265491,0.86902934,0.118705176
3265551571,0.24409755,0.11598594,0.63991654
3266326098,0.46938103,0.20486303,0.32575598
3268606925,0.39124587,0.34598327,0.26277083
3268756842,0.1885741,0.2775267,0.53389925
3269254745,0.44189516,0.32588837,0.23221646
3270065222,0.47412005,0.31831062,0.20756936
3270219302,0.2768947,0.39365017,0.32945517
3271198333,0.71325785,0.13168554,0.15505658
3271399767,0.3278449,0.29995733,0.3721978
3271471349,0.23483801,0.30472112,0.46044084
3272595727,0.6029809,0.1652162,0.23180288
3272986124,0.4079479,0.25505093,0.33700114
3273603859,0.45063645,0.2484077,0.3009559
3273909256,0.6944165,0.08326909,0.22231445
3273981796,0.4461645,0.3150238,0.2388117
3274059321,0.6063137,0.15975654,0.23392977
3274744653,0.28047404,0.42710045,0.29242554
3275383038,0.4530482,0.30795443,0.23899737
3275417729,0.25931957,0.46516305,0.2755174
3275528970,0.27317905,0.4596541,0.26716682
3275703911,0.5448912,0.2332105,0.22189833
3275812783,0.6376035,0.14392392,0.21847253
3275825706,0.5249674,0.2151713,0.25986132
3275922923,0.06165011,0.77127194,0.16707799
3277438064,0.42037523,0.3182462,0.26137862
3277991889,0.42061746,0.24655713,0.33282542
3278164834,0.33500844,0.4670894,0.19790211
3278263661,0.4847119,0.22579186,0.28949627
3278725740,0.23498374,0.21132703,0.55368924
3279790635,0.86041135,0.052042253,0.087546326
3279851364,0.17247508,0.25322402,0.5743009
3280223991,0.8795348,0.034494605,0.08597057
3280301903,0.43509805,0.23955174,0.3253502
3280349873,0.20464896,0.4235459,0.37180513
3280642116,0.33870712,0.37172,0.28957286
3280792310,0.29472044,0.4500881,0.25519148
3280889625,0.23427841,0.44206375,0.3236578
3281128683,0.05427914,0.76436055,0.18136033
3281701895,0.288114,0.31006563,0.40182033
3282645775,0.28056982,0.37809235,0.34133777
3283549480,0.59334064,0.1554142,0.25124517
3284424417,0.33347696,0.4128507,0.2536723
3284998494,0.82825065,0.048913296,0.12283608
3285579889,0.32043052,0.42156097,0.25800857
3285700033,0.25990102,0.17438628,0.5657127
3286202855,0.25441137,0.51014775,0.23544088
3286622734,0.6112249,0.13104314,0.25773197
3286663102,0.47068593,0.2609866,0.26832756
3287041646,0.23024249,0.37560913,0.39414832
3287219671,0.15959632,0.63531876,0.20508492
3287714380,0.5353465,0.19821152,0.2664419
3287758510,0.32375887,0.39241496,0.2838262
3287894083,0.34744725,0.4127763,0.23977643
3288093929,0.18012875,0.27722266,0.54264855
3288682688,0.5885855,0.16647588,0.24493863
3288844864,0.38571715,0.24812083,0.36616203
3289212861,0.32124498,0.41448325,0.26427177
3289421757,0.7259017,0.12566654,0.14843172
3289875948,0.4896222,0.20985906,0.30051875
3290591780,0.4744459,0.25247374,0.2730804
3290756845,0.4117852,0.43808773,0.15012713
3291140230,0.1790101,0.64362764,0.1773623
3291346667,0.47130024,0.22117598,0.30752385
3291401469,0.46993792,0.25199497,0.27806714
3291652831,0.4950172,0.221541,0.2834418
3291739294,0.36308882,0.4010782,0.23583303
3292368373,0.16748033,0.66639894,0.1661207
3292369624,0.19764973,0.51245373,0.28989652
3292672447,0.15276447,0.66784793,0.17938766
3292998498,0.42496565,0.29707834,0.27795592
3293113780,0.80498457,0.09280136,0.102214076
3293200532,0.5737185,0.20447133,0.22181018
3293220172,0.3473524,0.25263447,0.40001315
3293314129,0.21806176,0.29577625,0.48616198
3293330430,0.027860323,0.83558184,0.13655788
3293757122,0.5383109,0.13613062,0.3255585
3294439779,0.23530535,0.54497474,0.21971989
3295445342,0.37005347,0.20082204,0.4291245
3295697397,0.18414599,0.5695067,0.24634731
3295917428,0.34327167,0.35970336,0.29702497
3296042811,0.47318944,0.2605068,0.2663038
3296052260,0.6766776,0.09851932,0.22480309
3296086246,0.49622792,0.24460152,0.25917047
3296341828,0.17011598,0.6432509,0.18663308
3296896865,0.34112954,0.3149952,0.34387523
3297530762,0.461622,0.16616605,0.3722119
3297729401,0.5137893,0.23121934,0.25499132
3297866887,0.7096926,0.114377186,0.17593022
3299178964,0.1581668,0.65447015,0.18736306
3300230283,0.48978034,0.20191038,0.30830935
3300626227,0.22847956,0.39008498,0.38143542
3301182460,0.14386733,0.57504475,0.28108796
3301686759,0.31136146,0.47470108,0.21393742
3301951234,0.28232652,0.4245561,0.2931174
3301988760,0.26442418,0.48465547,0.2509203
3302150517,0.3628995,0.33625808,0.3008424
3302283988,0.1980231,0.17632067,0.6256562
3302843828,0.2628008,0.25806007,0.4791391
3303460987,0.3969084,0.16412559,0.43896598
3303940567,0.363713,0.20899178,0.4272952
3303942601,0.44295958,0.19422166,0.36281878
3304108288,0.12587701,0.72884256,0.14528045
3304598426,0.23306727,0.40179333,0.36513942
3304651921,0.35012382,0.43212423,0.217752
3304765632,0.32217932,0.29491016,0.3829105
3304826275,0.52695864,0.20558505,0.26745632
3305020956,0.26602188,0.53418016,0.19979799
3305052796,0.4493615,0.26770052,0.28293794
3305530888,0.47078863,0.26374954,0.26546192
3305606679,0.58536726,0.23051056,0.18412216
3305654660,0.52085334,0.24230179,0.23684487
3305768000,0.4001027,0.29521406,0.30468324
3306258563,0.6273351,0.22337107,0.14929384
3306581592,0.4615708,0.23849632,0.2999329
3307762788,0.38365883,0.1970109,0.41933027
3307987886,0.50961417,0.32195935,0.16842645
3308173593,0.2624677,0.37892404,0.3586083
3308555223,0.37541658,0.3097357,0.31484774
3308937662,0.39219588,0.24116768,0.36663648
3309213437,0.13361418,0.7236281,0.14275776
3309321766,0.13235079,0.69362384,0.17402528
3309833298,0.37013534,0.35817158,0.2716931
3309963246,0.37335673,0.38545564,0.24118766
3310520430,0.52508324,0.31573367,0.1591831
3310524686,0.47679722,0.2261139,0.29708892
3310616306,0.5303901,0.19931062,0.27029926
3310873172,0.11100776,0.70183635,0.18715587
3311057317,0.6134591,0.20785531,0.1786856
3311130832,0.36291888,0.36324608,0.27383506
3311205344,0.27863154,0.46274367,0.25862476
3311379817,0.6630017,0.12390477,0.2130935
3311553441,0.4159391,0.27037776,0.3136832
3312538394,0.53287345,0.21967691,0.24744965
3312590764,0.40028167,0.46940264,0.13031569
3312947361,0.4210311,0.26131362,0.3176553
3312975255,0.19587618,0.60908705,0.1950368
3313426229,0.29865837,0.34465256,0.35668907
3313532442,0.4682046,0.3139446,0.21785086
3313678694,0.21717978,0.56754047,0.21527974
3314494622,0.41749376,0.25287765,0.3296286
3314533209,0.36546156,0.31922904,0.31530944
3314577656,0.46746704,0.24149057,0.29104233
3314803571,0.077738725,0.7265604,0.1957008
3314901901,0.4400871,0.28793466,0.27197823
3316929275,0.26478156,0.45720127,0.27801716
3317054606,0.15860394,0.67086464,0.17053142
3317093358,0.4582925,0.26819202,0.27351552
3317414597,0.45586956,0.27048123,0.27364925
3318210602,0.39890265,0.3456513,0.255446
3318718919,0.5534091,0.20312485,0.24346605
3319050049,0.18642294,0.20103748,0.6125395
3319940106,0.09839904,0.7701822,0.13141878
3320227304,0.28856355,0.35055417,0.36088234
3320230231,0.5260014,0.24779026,0.22620837
3320247509,0.58023095,0.2256579,0.19411108
3320516689,0.30203888,0.5693256,0.12863551
3321392413,0.27130553,0.36402383,0.36467066
3321716636,0.44025573,0.21338543,0.34635887
3321735457,0.21194765,0.5558026,0.2322498
3321736312,0.19200268,0.603832,0.2041653
3321790929,0.61217844,0.11870844,0.26911303
3321945089,0.372309,0.39850512,0.22918583
3321950485,0.722821,0.09083197,0.18634701
3322179926,0.51385015,0.19218324,0.29396665
3322249442,0.331683,0.31409568,0.35422137
3323261137,0.48505747,0.2482766,0.2666659
3323604367,0.31594506,0.23246084,0.45159405
3324187078,0.48687375,0.19524734,0.31787887
3324342768,0.3800003,0.33397868,0.28602102
3324667349,0.7162186,0.11619169,0.16758966
3324793535,0.41416353,0.33939123,0.24644522
3324931261,0.5501852,0.13981037,0.31000444
3325077327,0.38659993,0.19049238,0.4229077
3325330778,0.3528646,0.16620168,0.4809337
3325472962,0.33609536,0.263014,0.40089065
3326372388,0.4067738,0.41289055,0.18033564
3326471543,0.40544742,0.26333347,0.33121914
3327512301,0.33644834,0.27763608,0.38591558
3328266156,0.11483905,0.05138245,0.83377856
3328829958,0.29969975,0.31159276,0.3887075
3328881563,0.3523521,0.28728554,0.36036232
3329299397,0.4763146,0.32869914,0.1949862
3329924442,0.1470902,0.5322386,0.32067126
3329992445,0.28002468,0.4649618,0.25501359
3330029003,0.28351608,0.41457507,0.30190885
3330143560,0.15201475,0.6574301,0.19055519
3330193608,0.48785767,0.17552355,0.3366188
3330767575,0.28229848,0.4035312,0.31417027
3331515063,0.24891156,0.50280565,0.24828278
3331972729,0.25409743,0.5087013,0.23720123
3332110787,0.24061723,0.35046768,0.408915
3332249008,0.4093217,0.29240856,0.29826978
3332346732,0.34784064,0.43712273,0.21503662
3332388062,0.87553895,0.039012104,0.08544895
3332437501,0.24986833,0.5008938,0.24923794
3332481942,0.31801626,0.37068158,0.31130216
3333018589,0.24732047,0.40479848,0.34788102
3333049468,0.38787076,0.32048488,0.29164436
3333574602,0.3324447,0.4792695,0.18828577
3333864071,0.7406852,0.09754964,0.16176511
3334583994,0.14504033,0.6643826,0.19057709
3334896497,0.19358417,0.21321169,0.59320414
3335056750,0.40287048,0.32113138,0.27599818
3335209791,0.32130596,0.06787018,0.6108239
3335352104,0.20554824,0.61357397,0.18087775
3336038242,0.2166765,0.48781267,0.29551086
3337221854,0.17812258,0.22913437,0.592743
3337395135,0.18091539,0.31233698,0.50674766
3337487422,0.31632888,0.34927693,0.33439416
3337535036,0.622807,0.17709994,0.20009302
3337790455,0.181707,0.6071837,0.21110933
3337805876,0.42598295,0.29071957,0.28329748
3338181862,0.18853763,0.13473988,0.67672247
3338498070,0.5400409,0.2050566,0.25490254
3338689688,0.55627,0.25556898,0.18816102
3338976828,0.29540756,0.30603844,0.39855394
3339005542,0.269836,0.406232,0.32393205
3340618718,0.24369213,0.4255641,0.3307438
3340960809,0.25517622,0.51336074,0.23146306
3341161271,0.3296222,0.4440461,0.22633176
3341228598,0.22981417,0.39010933,0.38007647
3341486139,0.37471372,0.2464801,0.37880617
3341491554,0.504229,0.25826848,0.23750249
3341841281,0.15785523,0.6416706,0.20047426
3342572822,0.35140324,0.36121693,0.28737983
3342586842,0.24731037,0.2962731,0.4564165
3343737943,0.5791419,0.12508924,0.2957689
3344502907,0.35379747,0.2637973,0.38240516
3344523617,0.61883587,0.07187408,0.30929
3344632870,0.59362984,0.1600642,0.24630599
3344638898,0.477301,0.19056784,0.33213115
3345077158,0.19565383,0.565285,0.2390612
3345206957,0.12443704,0.74806565,0.12749727
3345207283,0.14682268,0.66264313,0.19053419
3345579736,0.31763697,0.49007124,0.1922918
3345897485,0.18080877,0.43212047,0.3870708
3348943672,0.32563108,0.20580874,0.46856016
3349293429,0.39496,0.3928301,0.21220993
3349387040,0.078884296,0.4941843,0.4269314
3349399896,0.38674656,0.42900616,0.18424733
3349445537,0.44937125,0.30528462,0.24534413
3349925755,0.2298204,0.33263066,0.43754897
3350147534,0.4029286,0.29441294,0.30265847
3350336683,0.55333626,0.17187338,0.27479032
3352137713,0.30262747,0.37025735,0.3271152
3352582106,0.24995536,0.48036775,0.2696769
3352817530,0.4247977,0.15067983,0.42452243
3353955513,0.29409137,0.2626665,0.44324213
3354031937,0.34715387,0.40719974,0.24564639
3354279500,0.38090858,0.18146425,0.43762726
3354434384,0.32781604,0.39967164,0.2725123
3354571874,0.29594508,0.43430424,0.26975065
3354744901,0.2564604,0.2240963,0.51944333
3355411692,0.573288,0.20729768,0.21941431
3355947039,0.3127534,0.19390412,0.49334243
3356319578,0.4850061,0.2595641,0.2554298
3356384443,0.21926226,0.5672653,0.21347243
3356433736,0.15975913,0.68225235,0.15798853
3357585916,0.6776926,0.13779014,0.18451726
3357787504,0.35971737,0.30650932,0.33377334
3357948043,0.3456333,0.43155426,0.22281246
3358375725,0.2800735,0.23396227,0.48596424
3358720695,0.30150992,0.4047459,0.29374424
3358920805,0.49280128,0.16925469,0.33794406
3359537554,0.20935702,0.35837027,0.4322727
3359845914,0.3058024,0.37904277,0.31515485
3360235144,0.46589094,0.27252823,0.2615808
3360651773,0.09654921,0.74077904,0.16267176
3360662563,0.28319058,0.41983515,0.29697424
3361537116,0.620158,0.15086333,0.22897859
3362061224,0.3352939,0.17559415,0.489112
3362371327,0.45403513,0.2582311,0.2877338
3362458676,0.2554354,0.26685867,0.4777059
3362983758,0.22657497,0.6513803,0.12204473
3363889015,0.33834898,0.31302363,0.34862742
3364604548,0.12804128,0.7013047,0.17065403
3364748511,0.25520304,0.54776084,0.19703613
3364875671,0.3699639,0.42798284,0.20205328
3364880503,0.12538242,0.66531026,0.20930739
3364963704,0.052933455,0.16242026,0.7846463
3365695396,0.8171273,0.03350814,0.14936459
3365771976,0.7443489,0.08093641,0.17471471
3365892740,0.8864058,0.021408517,0.09218564
3366408720,0.43606693,0.32266355,0.24126951
3366768209,0.6786468,0.071720205,0.24963295
3366770114,0.15957463,0.34434095,0.49608436
3367560636,0.48990586,0.20236185,0.30773228
3367902908,0.3107874,0.3212523,0.3679603
3367922684,0.22149713,0.5746265,0.20387633
3368074795,0.07828153,0.46834123,0.45337722
3369173887,0.23073922,0.36416787,0.4050929
3369556566,0.63844347,0.16797505,0.19358148
3370217640,0.49367926,0.1842543,0.32206646
3370714248,0.3776959,0.2324878,0.38981628
3371413820,0.46819064,0.267416,0.26439336
3371718087,0.3380524,0.29769817,0.36424944
3371789288,0.25811118,0.3428208,0.399068
3371873823,0.36913812,0.29965636,0.3312055
3372056572,0.7032602,0.1126073,0.18413246
3372660488,0.34393573,0.35030907,0.3057552
3372673338,0.20570262,0.49970233,0.2945951
3372872731,0.6160809,0.13985261,0.24406654
3373136257,0.55317765,0.2076821,0.23914024
3373398764,0.26036078,0.28972182,0.44991738
3373629981,0.4970111,0.17616309,0.32682577
3374248712,0.42872214,0.2030282,0.36824965
3374516904,0.4608349,0.21414536,0.3250197
3375157980,0.40347072,0.34592703,0.25060222
3375641500,0.42993787,0.16807854,0.40198356
3376156437,0.547205,0.16641907,0.286376
3376439138,0.30264273,0.4024462,0.29491112
3376735819,0.21784075,0.25052136,0.53163785
3377014516,0.50894916,0.19234832,0.2987025
3377630717,0.5974849,0.15812406,0.24439108
3377767811,0.3896158,0.31347746,0.29690674
3378172920,0.28478897,0.42157242,0.2936386
3378320932,0.46696568,0.19708173,0.33595258
3378353447,0.3246669,0.5023517,0.17298146
3379546117,0.23893408,0.5302853,0.23078062
3379703096,0.5787239,0.09324927,0.3280268
3380362254,0.2512498,0.5012891,0.24746111
3380552885,0.5618171,0.18154737,0.2566355
3380781650,0.2983689,0.3920689,0.30956224
3381519123,0.29740492,0.2899332,0.41266185
3381699136,0.39171052,0.30273372,0.30555573
3382189162,0.17373486,0.6200343,0.20623086
3382593967,0.13421527,0.7300371,0.13574769
3384346567,0.53321135,0.15210034,0.31468832
3384423703,0.13833904,0.6012916,0.26036933
3384619529,0.40559545,0.348185,0.2462195
3384649576,0.44437423,0.2177482,0.3378776
3384665116,0.2970321,0.44545692,0.257511
3384852733,0.765522,0.072441064,0.16203687
3386133693,0.35656628,0.37978894,0.26364475
3386333347,0.160352,0.4058166,0.43383142
3386914940,0.3712622,0.46467805,0.16405979
3387278330,0.35226592,0.38562793,0.26210618
3387341654,0.3368774,0.40793616,0.25518647
3387447943,0.44472545,0.2714277,0.28384686
3387774369,0.21883906,0.292452,0.48870894
3388228671,0.28811067,0.17496161,0.5369277
3388449346,0.6931747,0.108641185,0.19818409
3388497501,0.16454057,0.69729674,0.13816273
3388510303,0.45911667,0.20586792,0.33501542
3388671475,0.34679297,0.28551936,0.36768773
3389047723,0.6404965,0.1630486,0.19645496
3389144119,0.39197868,0.051823087,0.5561983
3389288432,0.16615045,0.30754587,0.52630365
3389325202,0.29782367,0.24568795,0.45648834
3390323933,0.2203057,0.53716403,0.2425303
3391086143,0.52788174,0.24102549,0.23109275
3392179918,0.08048299,0.4155668,0.5039502
3392257355,0.30717868,0.39611632,0.296705
3392441161,0.16035374,0.28650883,0.5531374
3392920529,0.3006055,0.2362265,0.46316797
3393532656,0.28410363,0.303646,0.41225037
3393824845,0.33803946,0.15532039,0.5066402
3394060681,0.61160105,0.15426739,0.2341316
3394115074,0.53723264,0.26960593,0.1931614
3394222689,0.27534008,0.43658414,0.28807572
3394764119,0.3705819,0.28775662,0.34166145
3395159873,0.5002525,0.20664333,0.2931042
3395324679,0.5604141,0.1327486,0.30683735
3395325562,0.31882772,0.41901305,0.26215917
3395407302,0.14797589,0.14952727,0.7024968
3395827659,0.42441392,0.31232092,0.2632652
3396022675,0.7844272,0.07660331,0.13896954
3396106557,0.44417644,0.27374446,0.28207907
3396336419,0.20521112,0.27612162,0.5186673
3397052254,0.24264567,0.2313292,0.5260251
3397251660,0.30127433,0.23788953,0.4608361
3397455144,0.5782531,0.2105578,0.21118912
3398052197,0.15274997,0.6187604,0.22848962
3398136166,0.233671,0.4962443,0.2700847
3398179819,0.43158096,0.31045303,0.25796595
3398814123,0.38352084,0.2558246,0.36065453
3399500286,0.54605615,0.17244068,0.28150314
3399647606,0.25184005,0.5239751,0.22418489
3399677846,0.5134193,0.23376344,0.2528173
3400803619,0.39029035,0.30537474,0.3043349
3401306071,0.32360402,0.36188236,0.31451365
3402532114,0.13824762,0.46559468,0.3961577
3402716434,0.14655687,0.7066145,0.14682864
3403079859,0.3382269,0.33307043,0.32870263
3403487199,0.34765822,0.2997401,0.35260174
3403605737,0.37655404,0.427249,0.19619691
3404463115,0.36656848,0.36850655,0.264925
3405180242,0.41695753,0.14781143,0.43523112
3405449927,0.5188887,0.23532923,0.245782
3406238223,0.32808638,0.34933692,0.32257673
3407253994,0.08252105,0.8193315,0.09814742
3407842839,0.28686792,0.29250556,0.4206265
3408616104,0.6285927,0.16187207,0.20953523
3409080386,0.17794341,0.6247008,0.19735587
3409144036,0.21580751,0.53213567,0.25205684
3409157288,0.22893655,0.40829143,0.36277202
3410570413,0.29918024,0.4241388,0.27668098
3410764363,0.32229128,0.32634068,0.35136807
3410837504,0.6440299,0.08720225,0.2687679
3411084562,0.54951805,0.22937611,0.22110586
3411208058,0.4980436,0.22320446,0.27875188
3411756406,0.3604611,0.23294443,0.40659454
3412023386,0.69635165,0.13700102,0.16664734
3412031670,0.26234505,0.23207791,0.5055771
3412327269,0.4632956,0.1286098,0.40809458
3412360262,0.45012766,0.30404183,0.2458305
3412376913,0.4863817,0.29314438,0.22047392
3412542260,0.6315161,0.18728569,0.1811982
3412706592,0.38045764,0.34349987,0.27604246
3413104396,0.10087773,0.63633907,0.2627832
3413606772,0.29197067,0.36995402,0.33807525
3413780419,0.35987288,0.18620293,0.45392418
3414641731,0.29585218,0.42146048,0.28268728
3414786246,0.2584224,0.31019717,0.43138045
3415402053,0.41497642,0.3635852,0.22143841
3415464178,0.43784955,0.36109206,0.20105837
3415910644,0.40885463,0.2750531,0.31609234
3415962229,0.41023734,0.3176305,0.27213216
3416097572,0.4113446,0.23453899,0.35411638
3416153879,0.36361918,0.22581565,0.41056514
3416355795,0.16797376,0.42126197,0.41076434
3416399614,0.42939726,0.26737982,0.3032229
3416533275,0.21743354,0.53724134,0.24532507
3416627799,0.21952063,0.34483644,0.4356429
3416663188,0.15921101,0.4562686,0.38452032
3416676177,0.27379686,0.48816058,0.23804262
3418240338,0.5791985,0.24574882,0.17505269
3418299823,0.31141448,0.3662805,0.32230505
3418892487,0.22329038,0.55472964,0.22197996
3418960670,0.39307877,0.2006127,0.40630853
3419114134,0.33943534,0.27987176,0.38069293
3419126055,0.2210494,0.51318496,0.2657656
3419156134,0.2937546,0.25418755,0.4520578
3419747138,0.41649002,0.2545385,0.3289715
3419753352,0.36445662,0.31820843,0.31733495
3421065273,0.18513456,0.40250912,0.41235635
3421305180,0.3685656,0.25797367,0.3734608
3421336484,0.5479432,0.16821902,0.28383774
3421386569,0.49079132,0.36182705,0.14738162
3421403417,0.3520537,0.25998062,0.38796568
3421590249,0.102492385,0.7243733,0.17313427
3421682429,0.20466834,0.40912053,0.38621113
3421871419,0.28152356,0.32254988,0.39592654
3422936869,0.3500928,0.24057886,0.40932837
3423685025,0.301748,0.39716378,0.30108818
3424199926,0.25429556,0.30200332,0.44370112
3424223146,0.30854636,0.34668273,0.34477088
3424268089,0.2693259,0.36309648,0.3675776
3424382613,0.7881091,0.07604569,0.13584524
3425436763,0.5357871,0.2222656,0.2419473
3426770461,0.33701217,0.3963422,0.2666456
3426816577,0.43898526,0.26387993,0.2971348
3427418779,0.5690162,0.20209435,0.22888945
3427551310,0.7610664,0.10101812,0.13791546
3427586493,0.05205066,0.103203714,0.8447456
3428538810,0.39191553,0.35322577,0.2548587
3428927404,0.3516375,0.3053062,0.34305632
3429134109,0.6555392,0.12297357,0.22148724
3429274581,0.7114066,0.11762958,0.17096378
3429344000,0.3956418,0.29801077,0.30634746
3430777944,0.39294866,0.31544203,0.2916093
3430820314,0.58272946,0.14688185,0.2703887
3431180725,0.15964168,0.6249259,0.21543236
3431215910,0.2147244,0.5035533,0.28172234
3431322117,0.7445638,0.16674097,0.08869521
3431350406,0.4804569,0.29155493,0.22798815
3431921639,0.29631543,0.22056097,0.48312363
3432116228,0.71940416,0.10994576,0.17065004
3432935615,0.28123507,0.4619319,0.25683308
3433258944,0.6487875,0.16481182,0.18640064
3433597956,0.2981695,0.3445743,0.35725617
3433629782,0.72409546,0.12410856,0.15179601
3434174853,0.1863699,0.621781,0.1918491
3434377219,0.68286437,0.15252379,0.1646118
3434854914,0.28839236,0.40143418,0.31017345
3435297197,0.305272,0.393523,0.301205
3435480694,0.44885284,0.40116474,0.14998238
3435930500,0.4037894,0.30174422,0.29446635
3436066434,0.34439793,0.40035936,0.2552427
3436295697,0.42723086,0.38236293,0.19040614
3436676284,0.11593166,0.76474047,0.11932782
3436932764,0.4382263,0.32346115,0.23831254
3437255234,0.89522994,0.025816228,0.07895379
3437394992,0.4103031,0.29999828,0.28969863
3438544259,0.29357058,0.36788815,0.33854127
3439106290,0.48660326,0.2848178,0.22857888
3440589233,0.36492413,0.31988052,0.31519532
3441230664,0.38713804,0.3055643,0.30729768
3441803699,0.16663606,0.41633034,0.4170336
3442177398,0.46229228,0.24628721,0.29142052
3442234082,0.03508264,0.8289873,0.13593008
3442898913,0.23707308,0.5068523,0.25607458
3443015056,0.31011316,0.40208405,0.28780282
3443598603,0.2232577,0.3587161,0.4180262
3443688741,0.56209445,0.14996493,0.28794065
3444502471,0.59439737,0.15571252,0.2498901
3444550526,0.32265455,0.44393653,0.23340888
3444787168,0.39735103,0.23226033,0.3703886
3445889259,0.5130403,0.12544827,0.3615114
3446062508,0.6819202,0.10626485,0.21181495
3447365512,0.06780074,0.8231011,0.10909813
3447447133,0.06670362,0.71697384,0.21632262
3447477206,0.34581146,0.2345838,0.41960472
3447682031,0.36117056,0.41299388,0.22583555
3448060056,0.44358742,0.32621858,0.230194
3448092399,0.571386,0.19841476,0.2301993
3448411826,0.31899107,0.3872302,0.29377878
3448459996,0.48358,0.24009325,0.2763268
3448638081,0.4295692,0.27500322,0.29542756
3448834469,0.49344695,0.20193414,0.3046189
3449215999,0.25151843,0.3239196,0.424562
3449339588,0.29380286,0.43502966,0.2711675
3449420008,0.31475577,0.19699168,0.48825252
3449774469,0.24931194,0.21148954,0.53919846
3450198531,0.49282882,0.2589356,0.2482356
3450293563,0.60871214,0.13762024,0.25366765
3450950155,0.16768184,0.35265863,0.47965953
3451022191,0.5893117,0.1793797,0.23130862
3451042113,0.20830265,0.5623785,0.22931878
3451446350,0.42008364,0.21580255,0.3641138
3451474833,0.3915625,0.30210122,0.30633622
3452433390,0.35745203,0.27422103,0.36832693
3453252914,0.3433544,0.354526,0.3021196
3453442921,0.18197717,0.4376545,0.38036838
3453571863,0.34561428,0.2903914,0.36399433
3453700071,0.41228136,0.2738378,0.31388083
3453845272,0.3479582,0.43396798,0.21807384
3454149133,0.6985269,0.121924244,0.1795488
3454292647,0.83231515,0.05405225,0.11363262
3454440220,0.40404642,0.29443267,0.3015209
3455527728,0.65336853,0.120715536,0.22591585
3455559634,0.8906292,0.03256791,0.07680295
3455566204,0.65554076,0.12548532,0.21897392
3455576556,0.42746097,0.24219838,0.33034065
3455631217,0.3580118,0.41857842,0.22340973
3457190307,0.38193578,0.24367468,0.3743896
3457246440,0.28722546,0.4331738,0.27960077
3457628633,0.39415368,0.2539368,0.35190952
3458237630,0.07711074,0.57062227,0.35226706
3458317885,0.32460406,0.29485488,0.3805411
3460029689,0.33427557,0.34221956,0.3235049
3460058846,0.2481067,0.43748862,0.3144047
3460302774,0.17326525,0.25233892,0.57439584
3461494354,0.34605417,0.2638832,0.3900626
3461545231,0.14205389,0.6769684,0.18097769
3461584013,0.22088192,0.49342722,0.2856909
3462154593,0.3344924,0.33218935,0.33331826
3462183907,0.36625296,0.3029467,0.3308003
3462238776,0.47031364,0.1992524,0.330434
3462648960,0.4782634,0.26485953,0.25687698
3463144308,0.34540704,0.23784532,0.41674763
3463343811,0.34725496,0.23970623,0.41303888
3463741323,0.30560943,0.26176363,0.432627
3464019550,0.10236297,0.2512551,0.646382
3464407459,0.57278985,0.21568818,0.21152198
3464634926,0.313901,0.36225384,0.32384518
3464988948,0.28691766,0.41264033,0.30044207
3465117661,0.19052741,0.3061529,0.5033196
3465875882,0.51121855,0.22192265,0.26685882
3466235997,0.2622554,0.36409914,0.37364542
3466370711,0.30525595,0.41987163,0.27487242
3466684622,0.24126378,0.3706985,0.38803768
3466770055,0.23917499,0.5322065,0.22861852
3467045317,0.16880323,0.14049274,0.69070405
3467132830,0.39950722,0.30244434,0.29804847
3467135720,0.2891944,0.35390735,0.35689822
3467287823,0.4305025,0.26505274,0.30444473
3467500811,0.11464911,0.5865692,0.29878166
3467573530,0.7080409,0.11713753,0.17482163
3467723429,0.62563133,0.12661469,0.24775398
3468350320,0.4286279,0.22770731,0.3436648
3468394141,0.13969623,0.6142225,0.24608126
3468921230,0.45153597,0.2632896,0.2851745
3468961745,0.47998688,0.17636415,0.34364897
3469250179,0.45312545,0.2132508,0.3336237
3469379445,0.5011123,0.112327516,0.3865602
3469696531,0.09091698,0.7767988,0.13228421
3470590236,0.33676997,0.2216767,0.44155326
3470966595,0.21170384,0.5201171,0.26817906
3470977706,0.26918903,0.48740593,0.24340504
3471697663,0.3195355,0.37963396,0.30083048
3471770699,0.28363883,0.37166286,0.34469834
3472327999,0.27570248,0.43915272,0.28514484
3472508560,0.37142354,0.24249637,0.38608003
3472560204,0.41005394,0.30362785,0.2863182
3473057051,0.3039552,0.47836018,0.21768466
3473255857,0.24131808,0.5112487,0.24743322
3474184400,0.83614266,0.03745869,0.12639864
3474397433,0.39675426,0.3800714,0.22317435
3474456138,0.14571168,0.65278596,0.20150231
3474885650,0.39233905,0.28964603,0.31801492
3475113472,0.42712432,0.15153009,0.42134562
3475509417,0.2785459,0.36522406,0.35623005
3475687905,0.2913021,0.19490881,0.5137891
3476038138,0.40735605,0.29015166,0.30249232
3476251044,0.3850356,0.31340292,0.30156147
3476731994,0.37362802,0.37293276,0.2534392
3477017877,0.3234958,0.35608512,0.3204191
3477376193,0.8124583,0.046024613,0.14151715
3477762908,0.08882611,0.17991795,0.7312559
3478971768,0.53016055,0.18964444,0.28019503
3479813269,0.18282144,0.4659933,0.3511852
3479895045,0.5749243,0.18069208,0.24438368
3480206684,0.404845,0.3782651,0.21688992
3480299447,0.30683735,0.48939145,0.20377113
3481237131,0.40594357,0.2204214,0.373635
3482921510,0.5090158,0.28885975,0.2021244
3483027558,0.40570924,0.2624956,0.3317951
3484166652,0.27799457,0.22656302,0.49544248
3485044667,0.23721537,0.5251166,0.23766801
3485166418,0.13320799,0.68243515,0.18435688
3485221165,0.42878658,0.27865702,0.29255643
3485265256,0.4826738,0.31126815,0.2060581
3485996302,0.13006216,0.6981187,0.1718191
3486429815,0.13938165,0.20648675,0.6541316
3487045421,0.6315633,0.1560446,0.21239215
3487049659,0.45978424,0.28594288,0.25427282
3487087363,0.27892467,0.47438154,0.24669379
3487544972,0.23171231,0.56666374,0.20162396
3487668313,0.35060093,0.3006458,0.3487533
3487951344,0.32049644,0.25526005,0.42424348
3488285829,0.37472346,0.17858599,0.44669053
3488758743,0.44722462,0.15974237,0.39303306
3488958659,0.23674469,0.14234352,0.6209118
3488999840,0.13909215,0.40185115,0.45905674
3489340533,0.5488575,0.16822968,0.28291273
3489499136,0.08730071,0.82024455,0.092454806
3489646839,0.41804674,0.26305217,0.31890106
3490043441,0.70670205,0.03869084,0.2546071
3490193612,0.29680562,0.4119427,0.29125166
3490493348,0.26888242,0.44812927,0.2829883
3490672854,0.4962543,0.25203505,0.25171065
3490681836,0.33532485,0.34221214,0.32246304
3490790309,0.5212388,0.21380061,0.2649606
3491695912,0.36944583,0.3590974,0.27145675
3492638068,0.38448337,0.3183489,0.29716766
3492788116,0.24960208,0.43009332,0.32030457
3493341899,0.32552102,0.32803088,0.34644806
3493436158,0.2527775,0.42674354,0.32047898
3493767163,0.104898036,0.7295249,0.16557704
3493832410,0.087807775,0.7769655,0.13522673
3493858778,0.32102892,0.37007555,0.30889547
3493896947,0.23036343,0.5883058,0.18133081
3494107291,0.14601684,0.6567657,0.19721746
3494165044,0.2933272,0.27098086,0.43569186
3494234309,0.728922,0.09165952,0.17941841
3494739760,0.1817798,0.63056123,0.18765898
3494910485,0.36438635,0.2755951,0.36001855
3495734533,0.21061735,0.59081995,0.19856273
3496382221,0.38473788,0.18215504,0.43310705
3496526675,0.21236862,0.5564186,0.23121281
3496988303,0.5518561,0.20110516,0.24703869
3497230007,0.39238957,0.3015762,0.30603424
3497470147,0.27176413,0.30757543,0.4206604
3497604692,0.13800748,0.61870193,0.24329056
3497856755,0.17600125,0.15089893,0.6730998
3498485672,0.5043644,0.225951,0.2696846
3498727530,0.7456619,0.11091594,0.14342219
3499152484,0.30634627,0.39934498,0.29430872
3499394624,0.25849605,0.38777906,0.3537249
3501012709,0.46355465,0.17880923,0.35763612
3501324387,0.2485672,0.4412365,0.3101963
3501350777,0.38085434,0.3013935,0.3177522
3501589534,0.1983703,0.21879701,0.5828327
3502029779,0.28431678,0.43555546,0.28012782
3502351809,0.44093066,0.22653203,0.33253732
3503352060,0.41386622,0.33274114,0.25339273
3504047864,0.13443513,0.5578159,0.30774897
3504681372,0.3476789,0.33289924,0.31942186
3504872356,0.22688277,0.38548657,0.3876306
3505194919,0.32612482,0.32372025,0.35015488
3505598750,0.5168858,0.25526655,0.22784765
3505698790,0.4612717,0.14447865,0.39424962
3506032077,0.1235696,0.49957073,0.37685966
3506619581,0.13022049,0.21992745,0.64985204
3506949010,0.2249986,0.4204357,0.3545657
3506954939,0.38103226,0.30761233,0.31135538
3507552720,0.27411717,0.4032256,0.32265723
3507599857,0.31366217,0.33035344,0.3559844
3507679789,0.34323552,0.41075164,0.24601287
3508617863,0.32233298,0.48694786,0.19071911
3508650969,0.4160381,0.30963767,0.27432418
3508919204,0.28347895,0.49854228,0.21797876
3509232565,0.24847502,0.59611416,0.15541083
3509249940,0.12777382,0.41988117,0.452345
3509426667,0.44481826,0.14181188,0.4133699
3509876176,0.3180523,0.37613264,0.30581504
3511050181,0.61946714,0.1518997,0.22863315
3511150690,0.3582652,0.32231256,0.31942227
3511237996,0.29698387,0.47136456,0.23165154
3511663676,0.16473535,0.6442014,0.19106318
3512144523,0.28568703,0.29108167,0.4232313
3513371247,0.345417,0.40896714,0.24561588
3514269171,0.5917915,0.22084911,0.18735933
3515328738,0.19410235,0.42606136,0.37983632
3515422739,0.44424227,0.28337818,0.27237958
3517044974,0.19782452,0.5917187,0.21045682
3517527082,0.2272376,0.6335513,0.13921112
3517572951,0.17837247,0.38104352,0.44058397
3518028005,0.31590375,0.37284088,0.3112554
3518035213,0.56070924,0.2194664,0.2198244
3518536548,0.2245213,0.48582006,0.28965867
3519668301,0.39305305,0.3020869,0.3048601
3519904732,0.35576472,0.31066486,0.33357045
3520154956,0.51135164,0.22769643,0.2609519
3520184370,0.30907455,0.35409534,0.33683014
3520340014,0.5713777,0.19771384,0.23090847
3521716571,0.83286214,0.031551868,0.13558607
3521818404,0.54938483,0.2194528,0.2311624
3522109561,0.23420322,0.47447866,0.29131815
3523159720,0.4359456,0.24194588,0.3221085
3523521259,0.61175454,0.1256831,0.26256233
3524414252,0.32340214,0.36034554,0.3162523
3524775174,0.7062979,0.07042106,0.22328109
3525071398,0.18031013,0.55196655,0.26772332
3525186678,0.25451025,0.4506189,0.29487088
3525644426,0.3899598,0.2931952,0.31684494
3525710147,0.40616664,0.4289359,0.16489744
3526556209,0.21767569,0.42464927,0.35767502
3526607192,0.24096608,0.4858206,0.2732133
3526792037,0.28338534,0.35944727,0.3571674
3526902752,0.3353857,0.29940048,0.36521378
3527522804,0.3041718,0.43520936,0.26061884
3529087906,0.40906212,0.32326964,0.26766822
3529255383,0.41908717,0.27517122,0.30574158
3529257297,0.47889426,0.25523397,0.26587176
3529269016,0.5356599,0.25634056,0.20799948
3530088075,0.35754013,0.32028544,0.32217443
3530110386,0.51341575,0.2488051,0.23777916
3530619732,0.472038,0.2945631,0.2333989
3532441098,0.737063,0.10982028,0.15311675
3533049961,0.3053655,0.31410223,0.38053223
3533507129,0.3299576,0.42282382,0.24721855
3533910864,0.20767803,0.40108106,0.39124086
3534829221,0.23888402,0.5316568,0.22945918
3534989234,0.6898593,0.15770406,0.15243666
3535031313,0.20730264,0.55673665,0.23596069
3535103372,0.2893524,0.39222804,0.31841955
3535175277,0.15750432,0.48912835,0.35336736
3535316676,0.3696956,0.36428535,0.266019
3535815061,0.3120578,0.41379532,0.27414688
3535821939,0.14137217,0.31573275,0.5428951
3535895975,0.50049156,0.21904768,0.28046075
3536645952,0.28513575,0.37856922,0.33629504
3538014295,0.3691883,0.3132201,0.31759155
3538164249,0.45490158,0.3001732,0.24492528
3538185303,0.13958304,0.20527928,0.65513766
3538219206,0.50504476,0.22902034,0.2659349
3539050319,0.622851,0.22720663,0.14994235
3540312929,0.1310495,0.69568145,0.17326908
3540659873,0.15174942,0.679493,0.16875757
3540970619,0.51436025,0.17785747,0.30778226
3541015460,0.36734644,0.38017133,0.2524822
3541170149,0.52266103,0.19448419,0.28285477
3542067151,0.34429473,0.20432109,0.45138425
3542385981,0.36051714,0.31533918,0.32414374
3542793185,0.14313996,0.6779177,0.17894235
3543049949,0.288694,0.44389412,0.26741186
3543806878,0.5873141,0.1976149,0.21507089
3544068210,0.63143957,0.15786043,0.2107
3546782034,0.3047466,0.25056818,0.4446852
3547066642,0.37688634,0.31041512,0.3126985
3547146668,0.44947743,0.2497695,0.3007531
3547658051,0.20499247,0.63273525,0.16227229
3548404990,0.30476764,0.2580556,0.4371767
3548417835,0.5686012,0.12093974,0.31045908
3548977379,0.27367666,0.21132432,0.51499903
3550933821,0.12039389,0.6398246,0.23978144
3551901422,0.39127547,0.32009852,0.288626
3552006258,0.0856657,0.7393548,0.1749795
3552336859,0.1605434,0.55750096,0.28195566
3553273171,0.30652758,0.5397729,0.1536995
3553699109,0.6274021,0.124592505,0.24800533
3554601754,0.17770745,0.566699,0.2555935
3554634508,0.31480217,0.32319397,0.3620039
3554788811,0.48529863,0.23777418,0.2769273
3554896720,0.42939878,0.28795847,0.28264278
3555132465,0.23378707,0.5049719,0.26124102
3555400181,0.5520395,0.20814063,0.23981982
3555452953,0.692066,0.13369408,0.17423987
3555665795,0.24330886,0.541076,0.21561512
3556095456,0.1013629,0.37718064,0.5214564
3556098934,0.2137517,0.2971288,0.4891195
3556675330,0.3593287,0.44395876,0.19671258
3557653154,0.53654075,0.22709182,0.23636745
3557991702,0.24177392,0.49207112,0.26615494
3558009088,0.22542185,0.48632285,0.28825524
3558098864,0.29099107,0.46564135,0.24336758
3558215349,0.19906646,0.13293569,0.66799784
3558760613,0.6838577,0.15309902,0.16304334
3559597902,0.27000692,0.15154049,0.5784526
3559783028,0.14541766,0.67536527,0.17921703
3559804751,0.51762336,0.1607088,0.3216679
3560423527,0.409342,0.38202387,0.20863415
3560750590,0.11893195,0.71050185,0.17056626
3560886581,0.28203544,0.51793027,0.20003425
3561178324,0.20035017,0.32591945,0.47373042
3561294338,0.35993877,0.3607487,0.27931252
3561431227,0.57382625,0.22930813,0.19686559
3562475939,0.6846596,0.1076461,0.20769434
3562644414,0.37406594,0.28427508,0.34165898
3563201707,0.054208305,0.31352773,0.63226396
3564723397,0.5527653,0.21369746,0.2335372
3565181602,0.7388205,0.097534634,0.16364488
3566136276,0.22892383,0.598117,0.17295918
3566353875,0.26359075,0.5001265,0.23628277
3566362785,0.5920337,0.17224324,0.23572317
3566436476,0.49945104,0.18402842,0.3165206
3567166086,0.42680717,0.2090524,0.36414042
3567861835,0.176007,0.6224665,0.20152652
3567994939,0.50891936,0.2535638,0.2375168
3568005617,0.5998198,0.1527992,0.24738094
3568009981,0.2367786,0.51410526,0.24911617
3568038818,0.24914628,0.47538868,0.27546504
3568401638,0.4453553,0.27056623,0.28407848
3568405136,0.39035147,0.3047659,0.30488265
3568471936,0.48895752,0.20449466,0.30654785
3568672017,0.44824743,0.26335698,0.28839555
3568682616,0.47438657,0.21572672,0.30988666
3568827568,0.33017153,0.33959264,0.33023584
3570473906,0.19658017,0.27459195,0.5288279
3570570336,0.5318687,0.18609305,0.2820382
3570630814,0.6433193,0.15856591,0.19811481
3570663475,0.8154597,0.071920894,0.11261942
3570786623,0.15019363,0.58482134,0.26498502
3571116587,0.31951985,0.34263262,0.33784756
3571676119,0.32406744,0.32130775,0.35462484
3571763831,0.46205696,0.23196374,0.30597925
3571768479,0.42461532,0.23501204,0.34037268
3572027625,0.2909184,0.37239948,0.33668208
3572191442,0.29225865,0.34365785,0.36408353
3572318632,0.43522045,0.13483292,0.42994663
3572349551,0.41842592,0.3633785,0.2181956
3572785514,0.27244818,0.4068224,0.32072943
3574703778,0.27776858,0.4554956,0.2667358
3575511295,0.45987517,0.30692723,0.23319757
3576153193,0.33018556,0.3326988,0.33711562
3576315095,0.5822351,0.19740674,0.22035815
3576327563,0.28228864,0.25502965,0.4626817
3577648062,0.5173388,0.23493865,0.24772254
3578415196,0.33605853,0.47937676,0.18456477
3578893481,0.10068635,0.77320844,0.12610514
3579152296,0.3128511,0.33967,0.34747893
3579221622,0.3359666,0.33376735,0.33026603
3579338407,0.30329612,0.2731668,0.4235371
3579360377,0.84680957,0.04942254,0.10376798
3579445515,0.34560725,0.27295613,0.38143662
3579577868,0.48701933,0.21312855,0.2998521
3579962041,0.72093356,0.114876,0.1641904
3580303784,0.46162006,0.25141197,0.28696796
3580339106,0.54495525,0.21478158,0.24026313
3580887518,0.36868736,0.30734754,0.3239651
3580995549,0.22513907,0.5979257,0.1769352
3581177026,0.2823926,0.16800514,0.5496022
3582266096,0.3146366,0.23707023,0.4482932
3582373289,0.47803664,0.20698617,0.31497717
3582439719,0.70166206,0.14102982,0.15730818
3582895174,0.46363074,0.18674591,0.34962338
3583047218,0.3147194,0.38695258,0.29832798
3583108057,0.104981564,0.6953287,0.1996898
3583156948,0.47899497,0.27772504,0.24327993
3583548852,0.45452312,0.30491388,0.2405629
3584609073,0.18040766,0.55470973,0.26488262
3584890120,0.07145428,0.6182886,0.31025717
3585151291,0.31123462,0.35781145,0.33095393
3585604082,0.3611631,0.3962455,0.24259141
3586941925,0.5924779,0.14560023,0.26192188
3587100965,0.2774547,0.13308437,0.5894609
3587523121,0.27016354,0.29974657,0.43008992
3589410058,0.38420886,0.2005203,0.41527084
3589679742,0.43101683,0.3399573,0.22902592
3589975224,0.39884293,0.26447085,0.33668622
3590583605,0.2986512,0.46568766,0.2356611
3591090855,0.1480714,0.50895387,0.34297478
3591394864,0.34340876,0.35409796,0.3024933
3592695558,0.11990816,0.71440285,0.16568904
3592831911,0.6230085,0.15557396,0.22141756
3593319069,0.21923536,0.37276193,0.4080027
3593585617,0.31232047,0.35636958,0.33131
3593599878,0.22551917,0.16815586,0.6063249
3593704499,0.12689844,0.11135262,0.7617489
3594466557,0.36136135,0.32270578,0.3159328
3594849932,0.17747185,0.63805175,0.18447645
3595155982,0.3115308,0.42475522,0.26371402
3595630470,0.5620043,0.2907029,0.14729278
3596177910,0.3012685,0.37788808,0.32084346
3596855474,0.33216128,0.4178739,0.24996479
3596857246,0.30611828,0.26453316,0.42934853
3597370458,0.29639468,0.41644594,0.28715938
3597473471,0.16641648,0.6915888,0.14199467
3597586445,0.6034343,0.13786013,0.25870556
3598450820,0.6056944,0.14309144,0.2512141
3598699537,0.095369354,0.7932497,0.11138092
3599670510,0.53151566,0.24175815,0.22672616
3600114959,0.5801149,0.10633452,0.3135506
3600336384,0.35227764,0.3385266,0.30919573
3600752792,0.6171315,0.13943754,0.24343103
3600898690,0.21429992,0.5740634,0.21163663
3600970455,0.43443185,0.28429866,0.28126946
3601127041,0.3706302,0.090941764,0.538428
3601216283,0.4195397,0.29955107,0.28090924
3601409622,0.4336847,0.29463753,0.2716778
3601802873,0.38713974,0.29953036,0.31332994
3601915072,0.2528685,0.41036856,0.33676296
3602670452,0.53773105,0.16841891,0.29385003
3602964062,0.42189413,0.28608054,0.29202533
3603054799,0.5226261,0.20223661,0.27513734
3603060059,0.47707585,0.27591798,0.24700621
3604806039,0.3411469,0.46007752,0.19877562
3604848087,0.31890458,0.34895477,0.33214068
3605154553,0.57909614,0.21180117,0.20910268
3605224596,0.040045656,0.8504692,0.10948521
3606130183,0.33533928,0.45445964,0.2102011
3606250816,0.3071224,0.32689226,0.36598533
3606516482,0.36421925,0.27108568,0.36469507
3607196438,0.13969743,0.5705673,0.2897353
3607443084,0.4196765,0.3408142,0.23950925
3607821489,0.32990324,0.30519155,0.36490524
3608229249,0.20516181,0.17210273,0.6227355
3608274908,0.34515044,0.28590426,0.36894527
3608426223,0.49102136,0.17486699,0.33411166
3608583149,0.36818877,0.28218484,0.34962642
3609693282,0.67346114,0.15891588,0.16762294
3609705721,0.53226316,0.16141023,0.30632663
3609866548,0.34673315,0.27495033,0.37831652
3609905997,0.30263248,0.30245432,0.3949132
3610273175,0.3569064,0.3199799,0.32311365
3610853986,0.38448846,0.30861565,0.30689594
3610873465,0.25567487,0.2884786,0.45584643
3611698972,0.53941256,0.1925659,0.26802158
3611963243,0.31673318,0.33997595,0.34329087
3612029867,0.22892842,0.5116532,0.25941837
3612239350,0.15223584,0.6832187,0.16454545
3612325801,0.53486377,0.20572181,0.2594144
3612505035,0.13423832,0.33216378,0.5335979
3613917804,0.29470247,0.32182387,0.3834737
3614033611,0.6132448,0.2355647,0.15119049
3614168752,0.32170328,0.35436466,0.32393205
3614458466,0.31573075,0.31466728,0.36960196
3614617547,0.4381351,0.26161584,0.30024898
3615344117,0.3344709,0.332025,0.33350408
3615358587,0.18818298,0.28151596,0.5303011
3615621116,0.5115076,0.3027964,0.18569604
3615741639,0.41931552,0.23733585,0.34334868
3616064204,0.27074826,0.3307726,0.39847907
3617447786,0.34154412,0.26696765,0.39148825
3617589480,0.37466124,0.37145698,0.25388175
3617595887,0.7834528,0.082876794,0.13367033
3618108998,0.3043976,0.356439,0.3391634
3618668450,0.357218,0.35280094,0.28998104
3618748717,0.21745004,0.5853391,0.19721083
3618823831,0.13535596,0.13768691,0.7269571
3619394441,0.30001935,0.3220203,0.37796032
3619531555,0.5722884,0.19602205,0.23168954
3619798446,0.66790795,0.10881071,0.22328132
3619828900,0.29952696,0.30607012,0.3944029
3619925520,0.47306046,0.25668365,0.2702559
3620050099,0.13019805,0.60346305,0.2663389
3620331924,0.5885296,0.16408902,0.2473814
3620464025,0.38921395,0.2096385,0.40114754
3621365415,0.39636388,0.30182397,0.30181214
3621696833,0.2591864,0.40917996,0.33163372
3622323786,0.61949253,0.22787327,0.15263419
3622683690,0.13451245,0.08453741,0.7809501
3622813341,0.26352575,0.47390524,0.26256898
3622912011,0.3955673,0.25820857,0.3462242
3622947487,0.49403152,0.26065436,0.24531412
3623148314,0.3522087,0.23565982,0.4121314
3623477408,0.17572822,0.6063281,0.21794368
3623548267,0.61813456,0.15175895,0.2301065
3623672299,0.16044712,0.6711272,0.16842571
3624342657,0.710997,0.06449619,0.22450683
3624413008,0.2762024,0.48905832,0.23473926
3624662571,0.2709004,0.50773835,0.22136122
3624696931,0.36406443,0.350711,0.28522462
3625182849,0.24154402,0.4324392,0.32601675
3625290889,0.74041337,0.10106746,0.15851918
3625602871,0.32925984,0.39586902,0.2748711
3625881563,0.27427784,0.47278175,0.25294048
3626098394,0.29456168,0.15066865,0.55476964
3626495616,0.19205919,0.62854564,0.17939512
3626677286,0.46009684,0.2029245,0.3369786
3626850518,0.32295454,0.4028971,0.2741484
3627185553,0.14266063,0.6894469,0.16789244
3627260148,0.2912476,0.32650453,0.38224787
3627498909,0.34739038,0.30720463,0.34540498
3628341441,0.20625135,0.40883052,0.38491812
3628543761,0.55127126,0.21915741,0.2295713
3629536328,0.3573608,0.48928824,0.15335102
3629811372,0.6804502,0.117037855,0.20251194
3630245308,0.44213012,0.25728646,0.30058348
3630270153,0.40129855,0.27372348,0.32497793
3630523326,0.71985316,0.13722256,0.14292425
3630679975,0.255055,0.16343445,0.58151054
3630817505,0.3253375,0.48433912,0.19032337
3631306518,0.2881977,0.40120843,0.31059387
3631413746,0.33795494,0.3090939,0.3529511
3631780299,0.5321958,0.18567894,0.28212515
3632016896,0.35430694,0.29450563,0.3511874
3633311816,0.4456579,0.18260252,0.37173957
3634153527,0.3620008,0.30954224,0.328457
3634701119,0.30015728,0.39245248,0.30739024
3634959367,0.29446617,0.34772092,0.3578129
3635230344,0.31540462,0.37242237,0.31217298
3635579152,0.26647043,0.29183167,0.44169793
3635654138,0.38680324,0.29886127,0.31433553
3635743746,0.49315488,0.21935186,0.2874933
3635880065,0.41608977,0.26155674,0.3223535
3636203216,0.75843245,0.053447478,0.18812013
3636724754,0.63542926,0.14802638,0.21654429
3637084588,0.5496394,0.257514,0.19284663
3637218980,0.36662805,0.30356938,0.3298026
3637590492,0.4288787,0.32082698,0.2502943
3637736902,0.46443647,0.3182334,0.21733016
3637786810,0.3209056,0.28007385,0.39902055
3637827997,0.2857189,0.4596015,0.25467965
3638178383,0.27963313,0.4626616,0.2577053
3638849817,0.5013733,0.21801558,0.28061107
3639587425,0.4269314,0.19215602,0.3809126
3640268156,0.24794587,0.26302415,0.48902997
3640301759,0.2981198,0.428709,0.27317122
3641531226,0.48203897,0.25453708,0.26342392
3642299455,0.21353112,0.6215198,0.16494906
3642594431,0.43410033,0.27413812,0.29176155
3642904542,0.5443863,0.17961057,0.27600303
3643033261,0.08720198,0.674121,0.23867702
3643137226,0.14806856,0.6452136,0.20671783
3643258090,0.21089984,0.59209675,0.19700344
3643631284,0.4124208,0.30584604,0.28173313
3643757964,0.6509998,0.12554727,0.22345296
3644669781,0.43818352,0.31598005,0.24583648
3645993188,0.48036537,0.27915648,0.2404782
3646145223,0.46804804,0.23424734,0.29770458
3646594052,0.44254026,0.28048456,0.27697518
3646868117,0.47452536,0.27202225,0.2534524
3647399393,0.7527324,0.11995054,0.12731701
3647814249,0.79317,0.07154492,0.13528503
3648055152,0.26104447,0.20389815,0.5350574
3648343961,0.17858104,0.4911339,0.33028513
3648344386,0.6734163,0.1270579,0.19952577
3648472911,0.5525844,0.21900605,0.22840948
3648523933,0.15493906,0.5948921,0.2501689
3648536826,0.38721988,0.280557,0.33222312
3648755308,0.22555213,0.39523497,0.37921295
3648833216,0.5672454,0.14722565,0.2855289
3649309032,0.48607147,0.1882717,0.3256568
3649441817,0.5105074,0.16975987,0.31973264
3649458962,0.31757146,0.42278597,0.25964254
3649689558,0.04930876,0.8261657,0.12452556
3649706457,0.2880232,0.48696437,0.22501238
3650297289,0.18004408,0.6174125,0.20254341
3650564731,0.3256833,0.3212888,0.35302794
3651390431,0.21111836,0.5213063,0.26757535
3651625533,0.54305357,0.20836502,0.24858138
3651786559,0.12775229,0.6575996,0.21464804
3651796686,0.6004283,0.213996,0.18557574
3652085364,0.29509136,0.37061048,0.3342982
3652963745,0.32597375,0.34699404,0.3270322
3652973805,0.4683562,0.24178027,0.2898635
3654391968,0.6451992,0.16157192,0.19322892
3654820777,0.34105927,0.41305694,0.24588387
3654895945,0.321581,0.4109192,0.26749986
3655402913,0.32652515,0.38126925,0.29220563
3655874963,0.35187227,0.2906216,0.3575062
3656327574,0.34907442,0.38408217,0.26684347
3656424002,0.16617715,0.6425114,0.19131142
3657119254,0.31117243,0.14148638,0.5473412
3657304598,0.39200604,0.38316685,0.22482714
3657612859,0.3093465,0.35520357,0.33545
3657764601,0.2605427,0.247132,0.4923253
3657801254,0.28771654,0.3587097,0.3535738
3657861493,0.5870569,0.20235743,0.21058567
3658121753,0.24347562,0.5767751,0.1797493
3658380911,0.10248335,0.78114206,0.11637466
3658680456,0.009633205,0.9300125,0.060354304
3658705542,0.28604087,0.35153854,0.36242062
3659596565,0.14063111,0.58240366,0.27696526
3660277709,0.53927046,0.2293591,0.23137045
3660302350,0.23439485,0.24085966,0.52474546
3660531720,0.19154927,0.24561279,0.56283796
3660850580,0.28376523,0.4573567,0.25887802
3660932823,0.4810106,0.2604056,0.2585838
3661029551,0.27133912,0.44271153,0.28594938
3661116957,0.43865618,0.34193337,0.21941037
3661361346,0.244238,0.50273335,0.25302863
3661371584,0.26107877,0.4092844,0.3296368
3663124022,0.22393791,0.5831857,0.19287646
3663730448,0.16810071,0.70202154,0.12987772
3663733323,0.20835947,0.33840814,0.45323238
3663973000,0.28631622,0.24388453,0.46979928
3663980897,0.4505252,0.23029523,0.31917953
3664086244,0.35944042,0.36040515,0.2801544
3664772136,0.31900188,0.47995305,0.20104502
3664781998,0.35313562,0.3000629,0.34680143
3665569780,0.7136833,0.11900615,0.16731049
3665936827,0.28879312,0.4851011,0.22610582
3666132562,0.17217232,0.5236624,0.3041653
3666334400,0.3667761,0.2765373,0.35668653
3666625434,0.19032477,0.5895894,0.22008581
3667591909,0.32451004,0.44819933,0.22729069
3667834028,0.12807964,0.7890438,0.082876526
3668369328,0.37258905,0.46622938,0.16118151
3669580463,0.5678447,0.1579109,0.27424437
3669704738,0.715502,0.13567874,0.14881927
3670373159,0.71825635,0.14510474,0.13663886
3670487849,0.65192544,0.18533443,0.16274014
3671357633,0.2850566,0.25562721,0.45931613
3671621704,0.2637951,0.43300083,0.30320403
3671891887,0.28164494,0.306207,0.41214806
3672057573,0.17791218,0.1930786,0.6290092
3672399914,0.10567158,0.7335093,0.16081913
3672813751,0.2913772,0.5314884,0.17713441
3673573425,0.4523889,0.19843426,0.3491768
3674220736,0.29236847,0.37479368,0.3328379
3674909307,0.3317299,0.39966056,0.26860955
3675052073,0.5360733,0.14230412,0.32162255
3675470930,0.39302948,0.24253753,0.36443296
3676556156,0.18573454,0.61325216,0.20101333
3676884742,0.1893483,0.32405666,0.486595
3677042146,0.37245768,0.36084658,0.26669577
3677242851,0.4762372,0.2296071,0.29415563
3677472526,0.38649273,0.36218467,0.25132263
3677666042,0.47517186,0.21304351,0.31178465
3677809919,0.14451763,0.67137027,0.18411204
3678234055,0.19080266,0.61761,0.19158736
3678314759,0.17890784,0.47409508,0.34699702
3678863989,0.21776487,0.5040658,0.27816933
3679087670,0.4951139,0.23369448,0.27119157
3679535066,0.21838544,0.42776808,0.35384646
3680031316,0.30946356,0.42688057,0.2636558
3680613291,0.33396047,0.037549186,0.6284903
3680678754,0.44566822,0.26076633,0.29356548
3680721070,0.3191182,0.24736586,0.43351585
3680868481,0.38851136,0.35963407,0.2518546
3681122136,0.013741116,0.9338564,0.052402437
3681312843,0.52807814,0.27273867,0.19918318
3682116501,0.11315331,0.7708714,0.11597527
3682173708,0.43173045,0.2809612,0.28730834
3682707117,0.43487152,0.24364829,0.32148015
3682941009,0.39086804,0.3438457,0.26528633
3683616020,0.34754592,0.31319007,0.33926404
3683690755,0.46915197,0.2066096,0.32423842
3684280330,0.7118397,0.124036536,0.16412376
3684627889,0.46590266,0.26855928,0.26553807
3684951393,0.36614448,0.41126052,0.22259504
3686152160,0.26631635,0.4956304,0.23805317
3687082825,0.47644755,0.26828465,0.2552678
3687161968,0.76941705,0.079504885,0.15107803
3687595941,0.6661337,0.13704897,0.1968173
3687854081,0.29757306,0.4804658,0.22196122
3688226303,0.258227,0.4563103,0.28546268
3688321088,0.40034488,0.2953016,0.3043535
3688555096,0.16325995,0.29217756,0.5445625
3688676242,0.2756111,0.06786629,0.65652263
3688891241,0.40989348,0.23745692,0.3526496
3688936406,0.34989363,0.1316071,0.51849926
3689041027,0.12343513,0.52976817,0.3467967
3689434174,0.40809816,0.35133222,0.24056967
3689522908,0.3186424,0.3357514,0.3456062
3689803229,0.4059705,0.31539324,0.27863622
3689807178,0.51031196,0.24477977,0.24490824
3690757682,0.76849014,0.06754929,0.16396055
3691720121,0.38010836,0.30699086,0.31290084
3691848438,0.38302496,0.414124,0.202851
3691887330,0.66273445,0.20461108,0.13265446
3692499121,0.86094373,0.045568686,0.09348757
3693125506,0.39613542,0.29627514,0.30758947
3693522072,0.19074737,0.5763153,0.23293737
3693574479,0.44351426,0.28015372,0.27633208
3693621168,0.14216986,0.7216027,0.1362275
3693888999,0.42351726,0.13658261,0.4399001
3694095504,0.15197784,0.6586368,0.18938532
3694157864,0.32580894,0.43762478,0.23656629
3694234981,0.3516444,0.2374652,0.41089037
3695893003,0.48268175,0.21990146,0.2974168
3696025079,0.4715805,0.15889977,0.36951968
3696050003,0.3897508,0.2301411,0.38010815
3696778961,0.24094366,0.3301835,0.42887288
3696927226,0.45262423,0.2705801,0.2767957
3697201848,0.44081518,0.3290077,0.23017715
3697295617,0.45559052,0.30768734,0.23672222
3697979962,0.37545928,0.33840144,0.2861393
3698182249,0.33601993,0.3270749,0.3369052
3699369595,0.46634343,0.24383496,0.28982154
3699764199,0.26285517,0.45482156,0.28232324
3700426648,0.42450085,0.21240413,0.363095
3701074401,0.43243578,0.29176545,0.2757988
3701475482,0.16468,0.5068383,0.32848167
3701900348,0.31199548,0.38212955,0.30587497
3702614679,0.39337048,0.24321929,0.36341026
3703119501,0.22858958,0.32628518,0.44512522
3703141146,0.27963522,0.51243675,0.20792802
3703401303,0.28460863,0.4447754,0.27061594
3703826432,0.29800662,0.43545836,0.26653498
3704431379,0.2892484,0.16508336,0.54566824
3704664857,0.37364516,0.30196613,0.32438868
3705027930,0.45072758,0.24696156,0.3023109
3705157874,0.38178122,0.3929317,0.2252871
3705519877,0.38730934,0.14675692,0.4659337
3705563586,0.33946416,0.30610377,0.35443205
3705730049,0.58972275,0.13298394,0.27729326
3705760677,0.43429327,0.12744328,0.43826342
3708529438,0.6166225,0.11014706,0.27323046
3708591548,0.25224954,0.31051946,0.43723103
3708759483,0.4221096,0.25870582,0.31918454
3709299191,0.26361382,0.22838037,0.5080058
3709663467,0.0247171,0.7711279,0.20415503
3710500400,0.4100652,0.201269,0.38866583
3710679182,0.5969607,0.14662069,0.2564186
3711440916,0.44180048,0.36638525,0.19181427
3711485475,0.21267562,0.52343,0.2638944
3711699654,0.23745084,0.47529715,0.28725204
3712043652,0.30304867,0.31088075,0.38607058
3712392764,0.3866099,0.24405462,0.36933544
3712498996,0.3920433,0.063719735,0.54423696
3712523567,0.61947376,0.13668717,0.24383909
3712616095,0.2863043,0.27900395,0.43469182
3712643744,0.372203,0.31593284,0.3118641
3713046666,0.25392407,0.48965004,0.25642586
3713435944,0.72010225,0.10901266,0.1708851
3713567712,0.35700056,0.22717805,0.4158214
3713829923,0.38804007,0.44974512,0.16221483
3713868738,0.49455124,0.26561192,0.23983677
3714189502,0.30896786,0.37993774,0.31109437
3714334729,0.32186717,0.41439492,0.2637379
3714378603,0.4219816,0.27456456,0.3034538
3714775970,0.49772668,0.2640677,0.23820566
3715401887,0.32449058,0.34458184,0.33092755
3715928276,0.20843945,0.1324327,0.65912783
3717005065,0.34191802,0.17155007,0.48653197
3717101898,0.5733984,0.21259522,0.21400633
3717360871,0.5426865,0.17774302,0.27957046
3717465904,0.3567783,0.33786705,0.3053547
3718312839,0.30879167,0.3408252,0.35038313
3718406458,0.4192284,0.28001228,0.30075935
3718467835,0.41353244,0.25750986,0.32895774
3718489573,0.20463422,0.5621799,0.23318581
3719060601,0.7647342,0.04644311,0.18882272
3719107224,0.2646475,0.50402534,0.2313271
3719380885,0.23670131,0.22668095,0.5366178
3719777594,0.20409116,0.53894687,0.25696197
3720038219,0.25089285,0.45900628,0.2901008
3720620747,0.42070848,0.34852278,0.23076878
3720709833,0.47616407,0.26358685,0.26024908
3720762636,0.5700274,0.1936586,0.23631394
3720928395,0.29758593,0.43352818,0.2688859
3721077798,0.35212883,0.24877907,0.39909208
3722067249,0.4244557,0.29205072,0.28349355
3722068641,0.39863193,0.28731912,0.3140489
3722494442,0.18755655,0.59945124,0.21299222
3722826231,0.26069358,0.31177616,0.42753026
3724242453,0.22738853,0.5341059,0.23850562
3724943600,0.3772196,0.3016085,0.32117182
3725486005,0.44778776,0.29935277,0.25285944
3725726453,0.26342204,0.49370238,0.2428755
3726433876,0.2752515,0.20285888,0.52188957
3727304104,0.38856217,0.27107075,0.34036708
3727371622,0.37102917,0.29294494,0.33602592
3727792927,0.566678,0.18518479,0.24813722
3727869361,0.12969933,0.6921607,0.17813994
3727978045,0.249675,0.37503484,0.37529016
3728246220,0.3307229,0.32534534,0.34393176
3728314032,0.64428717,0.14935924,0.20635353
3728672010,0.2558969,0.48774704,0.25635606
3729257358,0.5729215,0.16372542,0.2633531
3729581395,0.21407923,0.3795838,0.406337
3729656827,0.47767383,0.27358553,0.24874061
3729833889,0.593783,0.21449795,0.19171903
3729897140,0.2526941,0.37136394,0.37594196
3730302850,0.29119736,0.22980288,0.47899976
3730388304,0.3678195,0.383442,0.24873845
3730481112,0.54949176,0.15180907,0.29869917
3731042597,0.33672434,0.25518784,0.40808785
3731135687,0.78859556,0.06400543,0.14739905
3731148637,0.43739855,0.2694486,0.2931528
3731895431,0.43542862,0.21053845,0.3540329
3732086202,0.1078955,0.75839764,0.1337069
3732327482,0.7050776,0.10374942,0.19117293
3732404309,0.5507085,0.17917602,0.27011552
3732571378,0.55353117,0.2061395,0.24032931
3732843490,0.34185025,0.31306857,0.34508115
3732958258,0.05405927,0.46958244,0.47635832
3733078820,0.2508419,0.52472854,0.22442956
3733218516,0.7648572,0.06102965,0.17411312
3733267506,0.2064677,0.53407615,0.25945613
3733798004,0.42114145,0.29539618,0.28346238
3733868143,0.5120778,0.19318162,0.29474062
3734147079,0.38145927,0.27745065,0.34109005
3734330395,0.28540784,0.37107515,0.34351707
3735585610,0.90079546,0.031217141,0.06798741
3735730700,0.28946498,0.37555116,0.33498392
3736337847,0.72327536,0.13784523,0.1388794
3736960442,0.3862418,0.2769917,0.33676657
3737015423,0.45512202,0.3116442,0.23323378
3737257757,0.23720334,0.53360045,0.2291962
3737444300,0.25335512,0.42522314,0.3214218
3737474138,0.49450868,0.2796294,0.22586188
3737984919,0.3812221,0.3990582,0.21971971
3738232163,0.37070677,0.44953597,0.17975727
3738243442,0.34614235,0.38509187,0.26876578
3738456599,0.39340958,0.2652288,0.3413616
3739042517,0.2652979,0.46903303,0.26566908
3739602374,0.1898958,0.4883136,0.3217906
3739666136,0.20851907,0.32499814,0.4664828
3740188909,0.6422079,0.14841995,0.20937207
3740295668,0.16091406,0.58975345,0.24933249
3741781378,0.2613516,0.26028904,0.4783594
3742252703,0.19838776,0.5553577,0.24625453
3742478187,0.7143816,0.1375581,0.14806025
3742599824,0.54924124,0.22252825,0.22823048
3742642618,0.262079,0.5289535,0.20896749
3742686654,0.21088672,0.48348814,0.30562523
3742932642,0.6684781,0.10186853,0.2296534
3743054600,0.34740183,0.2968067,0.35579148
3743232910,0.37561783,0.30820748,0.3161747
3744015319,0.1276932,0.55611783,0.31618893
3744180200,0.4713477,0.20087236,0.32777998
3745155179,0.5129099,0.26663217,0.22045794
3745181406,0.54114795,0.27165693,0.18719517
3745457646,0.33871952,0.4202944,0.2409861
3745503703,0.22550248,0.5647097,0.20978783
3745816177,0.23499711,0.48250416,0.28249872
3745958052,0.34561375,0.30873352,0.34565276
3746195187,0.18522358,0.5135076,0.30126885
3746261075,0.3479956,0.23646033,0.41554406
3746301976,0.37345535,0.27154738,0.35499725
3746494995,0.38973895,0.2772707,0.33299032
3747093474,0.21841538,0.50255513,0.2790295
3747541139,0.46156293,0.25005952,0.28837758
3747675779,0.21003748,0.4844267,0.30553573
3748156535,0.3735091,0.3764863,0.2500046
3748377195,0.17380197,0.23678125,0.5894168
3748518295,0.32747993,0.3460445,0.32647556
3748957253,0.6126735,0.15780622,0.22952026
3749019136,0.3513604,0.051225133,0.59741443
3749023236,0.4263175,0.266747,0.3069355
3749297763,0.30827865,0.37480825,0.31691307
3749525184,0.22254735,0.2890335,0.48841918
3749646233,0.7011039,0.1430393,0.15585679
3749877656,0.3456081,0.23921339,0.41517857
3749975439,0.24330677,0.5138933,0.24279992
3750126352,0.33603263,0.42772105,0.2362463
3750606520,0.35804233,0.26255774,0.37939996
3750610280,0.44389722,0.21376134,0.3423414
3750626655,0.2515014,0.41157624,0.33692232
3750833887,0.35112295,0.34762925,0.30124786
3751571607,0.3820733,0.39424554,0.22368123
3751749550,0.4352443,0.28845224,0.2763035
3751815232,0.21905081,0.6050511,0.17589812
3751861492,0.37035382,0.42407277,0.20557338
3752164241,0.23284172,0.49416575,0.27299246
3752482833,0.20679204,0.5928252,0.2003828
3752850843,0.27949283,0.4169305,0.30357668
3753168292,0.45319232,0.316075,0.23073275
3753176000,0.30921912,0.4350739,0.25570694
3753348653,0.20467448,0.1550646,0.64026093
3753391914,0.34054706,0.3986482,0.26080474
3753802269,0.44663018,0.2865305,0.26683936
3753882781,0.41121152,0.17989506,0.40889347
3754118767,0.6005629,0.24739163,0.15204553
3754136899,0.44042793,0.4152324,0.14433962
3754726950,0.59457594,0.15956718,0.24585693
3756063037,0.6541022,0.11632032,0.22957744
3756420604,0.32673427,0.33514327,0.3381224
3757099105,0.5504629,0.02762903,0.42190805
3757700160,0.3523206,0.31415623,0.33352315
3757808274,0.20533592,0.60566545,0.18899862
3757897517,0.33555624,0.3979288,0.266515
3758070308,0.39170223,0.29861975,0.30967802
3758376998,0.17382596,0.23109104,0.595083
3758448267,0.17296344,0.19139357,0.635643
3758715968,0.22575067,0.4454198,0.32882953
3758896284,0.31862497,0.3656538,0.3157212
3759323482,0.3575705,0.37899157,0.2634379
3759352585,0.26552707,0.21518686,0.5192861
3759751639,0.22197357,0.5137184,0.264308
3759956951,0.19409594,0.5727171,0.233187
3759997228,0.4853862,0.22733706,0.28727672
3760216111,0.06728849,0.80151594,0.13119562
3760455711,0.16332252,0.678848,0.1578295
3761431876,0.1820304,0.3893958,0.42857385
3761792089,0.37470046,0.31286135,0.3124382
3763184161,0.25659895,0.4293002,0.3141009
3763700560,0.40468517,0.2070674,0.38824743
3763916938,0.36976936,0.41895613,0.21127452
3764094717,0.18222392,0.45673954,0.36103663
3764493735,0.5524101,0.16773473,0.2798551
3764660351,0.3373204,0.36904928,0.29363036
3764660837,0.13684815,0.5991294,0.2640225
3764668563,0.33261585,0.33199948,0.33538464
3764686981,0.6056402,0.18694836,0.20741145
3765940499,0.46438834,0.174195,0.36141667
3766138211,0.46842766,0.29344937,0.23812306
3766821786,0.37153596,0.3884759,0.23998816
3767500421,0.34205413,0.44350988,0.21443596
3767624105,0.6603035,0.07018052,0.26951608
3768267378,0.26828724,0.25677705,0.4749357
3768637134,0.18529335,0.34310696,0.4715997
3769310431,0.55986226,0.15658359,0.28355417
3769913719,0.2531918,0.44586596,0.30094227
3770628473,0.35932112,0.32129535,0.31938347
3770774049,0.29973856,0.37429446,0.325967
3770827494,0.28800172,0.36223134,0.3497669
3770942318,0.31374913,0.26206037,0.42419055
3771135279,0.4196639,0.25129217,0.3290439
3771265728,0.29928482,0.20302552,0.49768972
3771724399,0.57466966,0.080302976,0.34502736
3771771183,0.5402666,0.1844243,0.27530918
3773163717,0.3303897,0.33939412,0.33021617
3775771101,0.4126193,0.28691992,0.30046076
3775856409,0.110032745,0.75692266,0.13304463
3776152299,0.27851757,0.45340607,0.2680764
3776717931,0.38736695,0.2767238,0.33590928
3776862851,0.44818673,0.25284553,0.29896775
3776958886,0.30958745,0.41607702,0.2743355
3777819795,0.2723403,0.5200827,0.20757699
3777987118,0.32496485,0.28461716,0.39041802
3778446072,0.070543915,0.64518625,0.28426993
3778626211,0.26304173,0.09756622,0.639392
3778644944,0.30901584,0.23941663,0.45156747
3779011382,0.48806486,0.29942572,0.21250942
3779387466,0.43038538,0.24721958,0.322395
3779451444,0.3896914,0.3595425,0.25076613
3779884751,0.52100575,0.24567914,0.23331514
3779889354,0.4656997,0.39557806,0.13872227
3780579605,0.36662987,0.3752099,0.25816023
3781083209,0.3245096,0.11256291,0.56292754
3781372084,0.5972324,0.16617256,0.23659503
3781865383,0.88179135,0.032492932,0.085715696
3782148912,0.40193483,0.2618408,0.33622438
3782823683,0.4565368,0.17756255,0.3659006
3783220661,0.17218296,0.5719037,0.25591335
3783844300,0.3775699,0.31265077,0.30977938
3784062847,0.54461724,0.19656828,0.25881448
3784282755,0.28217468,0.44931749,0.2685078
3785258599,0.23652905,0.53041345,0.23305751
3785385075,0.28757557,0.42178172,0.2906427
3785935973,0.6448691,0.1721961,0.18293482
3785951189,0.44281632,0.19139232,0.36579135
3786284482,0.42386368,0.13955669,0.43657959
3786568837,0.31619573,0.37752393,0.30628034
3786706288,0.4562422,0.2678249,0.27593285
3787372254,0.46442613,0.33424932,0.20132458
3787387849,0.15084898,0.6853533,0.16379775
3787578630,0.48591617,0.20911576,0.304968
3788213295,0.1884918,0.587308,0.22420017
3789345998,0.18651703,0.3374542,0.47602874
3789612581,0.31614366,0.25259677,0.4312595
3789890465,0.611914,0.09474613,0.2933399
3790435011,0.4638234,0.31082156,0.22535506
3790513417,0.30338997,0.35712552,0.3394845
3790616720,0.2813439,0.45770958,0.26094657
3790688075,0.27078032,0.5062274,0.22299232
3790843015,0.39014035,0.3294038,0.2804559
3790876907,0.4262469,0.22287644,0.35087666
3791558212,0.28672943,0.39157858,0.321692
3792831840,0.3104368,0.2669798,0.42258337
3793074797,0.38692436,0.11936735,0.49370825
3793119258,0.33549383,0.34126267,0.32324353
3793210675,0.46690065,0.2971369,0.23596238
3793569901,0.12947834,0.6526901,0.2178315
3793799160,0.45417166,0.27096102,0.27486733
3793926111,0.29526448,0.15920417,0.5455314
3794197274,0.40506148,0.35165122,0.24328725
3794415117,0.10353912,0.7491084,0.14735247
3795313370,0.2511109,0.54238766,0.20650145
3795775397,0.303926,0.19506042,0.5010135
3796838265,0.8816614,0.035080705,0.08325785
3797407118,0.54455316,0.19123359,0.2642133
3797667232,0.8132622,0.01765232,0.16908541
3797948287,0.3608486,0.29159075,0.34756067
3798464023,0.44098082,0.21264592,0.3463732
3798668614,0.105622225,0.7304212,0.1639566
3798766599,0.27628526,0.30341506,0.4202997
3799496003,0.90770966,0.026472032,0.06581821
3799666746,0.24769692,0.5172559,0.23504722
3799855442,0.69435835,0.13386932,0.17177227
3800070905,0.50436056,0.18663011,0.30900934
3800554880,0.45736954,0.32569194,0.2169385
3800743261,0.37396398,0.32832316,0.2977129
3802013968,0.55553794,0.25579077,0.18867134
3802464503,0.28004697,0.43306425,0.28688878
3803172970,0.3019296,0.113679096,0.5843913
3803222747,0.34317753,0.4317606,0.22506182
3803354242,0.16634046,0.57884705,0.25481248
3803457080,0.46841636,0.21637866,0.31520504
3804447856,0.04815761,0.8759963,0.075846106
3804548820,0.3383323,0.32718745,0.33448026
3804703117,0.3874353,0.33193132,0.28063342
3804867283,0.23519488,0.33768716,0.42711797
3805054113,0.12656008,0.5651649,0.30827498
3805577563,0.32351726,0.46569383,0.21078885
3805760210,0.25446737,0.46515572,0.2803769
3806194791,0.32628214,0.3875743,0.2861436
3806568781,0.33948678,0.38732973,0.27318352
3806714304,0.5133678,0.19091281,0.2957194
3806786746,0.32389474,0.36334032,0.31276497
3807031957,0.26398915,0.25156662,0.48444423
3807229967,0.28266346,0.29110062,0.42623585
3807298714,0.27148643,0.10913926,0.61937433
3807800729,0.25254583,0.5099515,0.23750272
3809558774,0.3216935,0.42296875,0.25533774
3809956582,0.63565475,0.099352054,0.2649932
3810063895,0.20751399,0.50179523,0.29069075
3810499716,0.3943681,0.2463038,0.35932812
3810875998,0.5360378,0.2576839,0.20627826
3811223084,0.16878535,0.35461396,0.47660077
3811484485,0.61541134,0.19189432,0.19269438
3811635033,0.19445239,0.30796915,0.4975784
3811892793,0.28284842,0.27921677,0.43793482
3812212401,0.2046233,0.58805746,0.2073192
3812243874,0.6597821,0.15237708,0.1878408
3812443553,0.16223836,0.57774776,0.26001388
3812938758,0.4444225,0.2287872,0.32679033
3813350965,0.13809568,0.6328906,0.22901371
3813525143,0.1205228,0.696146,0.18333122
3813970625,0.4155511,0.28726268,0.2971862
3813979806,0.38561064,0.32412362,0.2902657
3814425967,0.23824859,0.26915246,0.49259892
3815803871,0.3657215,0.32360953,0.31066898
3815876714,0.3838723,0.30877686,0.30735087
3816209365,0.49456763,0.24396656,0.2614658
3816221050,0.47274652,0.28353864,0.24371481
3816869371,0.32950905,0.36761367,0.30287728
3817012018,0.4251808,0.30811483,0.26670438
3817223871,0.17890465,0.6442263,0.17686905
3817953939,0.30935767,0.3334833,0.35715902
3818171346,0.25538975,0.4882437,0.25636655
3818256821,0.813474,0.053695094,0.13283092
3818681926,0.5389177,0.21936987,0.24171247
3818831974,0.36951077,0.38994068,0.24054858
3818854885,0.5031967,0.25962028,0.23718305
3819551605,0.3981438,0.29439712,0.30745915
3819861204,0.28245363,0.4922773,0.22526912
3820393335,0.38909888,0.33122608,0.27967507
3822091752,0.3256156,0.35482234,0.31956205
3822248037,0.4436241,0.36296394,0.1934119
3823401351,0.4869669,0.26154986,0.25148326
3823426145,0.28592825,0.35578504,0.35828674
3823457998,0.3213377,0.36674938,0.3119129
3824155549,0.3198264,0.2821607,0.39801285
3824172136,0.4406918,0.27507576,0.2842324
3824193742,0.37252158,0.21585146,0.41162694
3824797147,0.2611208,0.507824,0.23105523
3825849457,0.3459888,0.28532746,0.3686837
3826007279,0.65398437,0.11145515,0.23456046
3826252854,0.39599988,0.2869427,0.3170575
3827320587,0.13500033,0.57740015,0.28759953
3827640795,0.22732395,0.23906483,0.5336112
3827775193,0.43081608,0.2277358,0.34144807
3827849726,0.5103349,0.26246163,0.22720347
3828000408,0.45287788,0.15571775,0.39140436
3828306374,0.30816245,0.4497818,0.24205571
3828323914,0.22212286,0.23620006,0.54167706
3829250495,0.26398635,0.34380996,0.39220366
3829836931,0.44036338,0.19707842,0.36255822
3829863969,0.38245642,0.35471675,0.26282686
3830234001,0.9670437,0.0064979615,0.026458412
3830506849,0.38109994,0.19005914,0.42884097
3831468989,0.2088205,0.5040508,0.28712872
3831625470,0.2851149,0.4354387,0.27944633
3831647198,0.8215924,0.08618379,0.09222386
3832018749,0.4311548,0.34723368,0.22161153
3832080230,0.3195093,0.36517453,0.31531614
3832401433,0.48840195,0.12445584,0.3871422
3833240473,0.38966212,0.32210374,0.28823417
3833856738,0.28369603,0.41833198,0.29797202
3834411551,0.47995844,0.15775503,0.36228648
3835732623,0.19602524,0.34817058,0.45580417
3836183189,0.44546425,0.16491027,0.3896254
3836317466,0.24073811,0.55832386,0.20093805
3836593981,0.23753582,0.46478537,0.2976788
3836658084,0.38694683,0.3007614,0.31229183
3836731171,0.46401757,0.12951225,0.40647015
3837262602,0.1994602,0.4843861,0.31615376
3837283488,0.42908928,0.36807033,0.20284045
3837518005,0.34218463,0.353713,0.30410233
3837863346,0.5983005,0.14014995,0.26154953
3837897588,0.49939722,0.19513114,0.30547163
3839018711,0.2247195,0.4690759,0.30620465
3839262465,0.5325143,0.19415788,0.27332783
3839633528,0.27154246,0.46604863,0.26240888
3839832482,0.077530295,0.530814,0.39165574
3840265293,0.5457673,0.16178393,0.29244882
3840480022,0.5532243,0.2689688,0.17780684
3840543709,0.44588783,0.34260872,0.2115035
3840579676,0.03397171,0.80807817,0.15795012
3841264020,0.72015125,0.084914334,0.19493444
3841525218,0.28146762,0.23984037,0.478692
3841960105,0.485341,0.37298575,0.14167328
3842524248,0.2194818,0.23985903,0.5406591
3842873412,0.78129977,0.07242692,0.14627324
3842955974,0.28909522,0.39873993,0.31216484
3843008180,0.20295164,0.5591612,0.23788716
3843387608,0.17210284,0.31294692,0.5149503
3843692526,0.3718177,0.20619766,0.42198458
3843884754,0.29717907,0.3416519,0.361169
3844060605,0.84411573,0.051481936,0.104402356
3844493476,0.304404,0.38703153,0.30856448
3844910215,0.52441454,0.22275971,0.25282577
3845031799,0.056086738,0.79256535,0.15134795
3846256700,0.161124,0.6122748,0.22660121
3846451314,0.8077657,0.030363576,0.16187072
3847965685,0.4337727,0.26733997,0.29888728
3849459401,0.392641,0.18839552,0.41896343
3849780705,0.7335519,0.08627324,0.18017484
3850047472,0.37530577,0.30040476,0.32428944
3851283146,0.13654856,0.6790682,0.18438321
3851535539,0.25463367,0.48986277,0.2555035
3851820979,0.58259404,0.16606486,0.25134116
3851880093,0.108830646,0.67734134,0.21382803
3853098432,0.4603286,0.09084063,0.44883072
3853163263,0.26407725,0.34566626,0.39025652
3855345057,0.2912632,0.38979906,0.31893775
3855630640,0.12687428,0.027087715,0.846038
3855682779,0.5869607,0.13601863,0.2770207
3855982766,0.64356786,0.14863063,0.20780146
3856101117,0.10643691,0.44123238,0.4523307
3856142487,0.3302555,0.30005267,0.36969182
3856335422,0.61311746,0.15299954,0.233883
3856849510,0.4223959,0.20263073,0.37497333
3856985617,0.42277592,0.2145352,0.36268887
3857258064,0.5886596,0.2571626,0.15417786
3857719707,0.6086272,0.18738452,0.20398822
3857875933,0.2950751,0.26383445,0.44109046
3857908722,0.15148048,0.66293526,0.18558426
3858249350,0.34106624,0.33268794,0.32624584
3858584635,0.51816386,0.19616769,0.28566843
3858585889,0.40202358,0.25175905,0.34621736
3859330081,0.7044019,0.10428022,0.19131792
3859623347,0.07952668,0.74777776,0.17269553
3861098115,0.3691297,0.3654564,0.265414
3861280997,0.6245331,0.07490674,0.30056015
3861372873,0.52468616,0.18829423,0.28701955
3861555615,0.23853453,0.34489173,0.4165738
3862004022,0.51110977,0.016904151,0.4719861
3862349858,0.39359564,0.34990153,0.2565028
3862540884,0.59368956,0.115045786,0.29126465
3862684363,0.47960907,0.2792167,0.2411743
3863145070,0.37817723,0.28646433,0.3353585
3863409656,0.16081597,0.5653276,0.2738564
3863473349,0.6181616,0.18102777,0.20081061
3863852903,0.34392792,0.4290627,0.22700934
3864597027,0.3615237,0.366704,0.27177235
3864908536,0.20372213,0.26790604,0.5283718
3864979662,0.28363916,0.4225952,0.29376563
3865130151,0.675642,0.12124527,0.20311268
3867415492,0.31874892,0.3482222,0.33302888
3867456326,0.416538,0.36476508,0.21869686
3867935774,0.2382846,0.55035996,0.21135545
3869093745,0.5143424,0.22960049,0.25605714
3869186518,0.34499708,0.34181908,0.3131838
3869324588,0.36868578,0.25637993,0.3749343
3869454658,0.3641666,0.23957478,0.3962586
3869626405,0.39860898,0.3330828,0.26830825
3869668228,0.40640303,0.368017,0.22557996
3870048179,0.36667585,0.324643,0.3086811
3870079612,0.27703735,0.43380594,0.28915665
3870644356,0.36801642,0.18221337,0.44977015
3870722629,0.4630093,0.2156571,0.32133368
3872092678,0.12358174,0.5299803,0.34643796
3872229174,0.39323512,0.29901907,0.3077458
3872559850,0.35007545,0.35336313,0.2965614
3872614978,0.44655734,0.27693176,0.2765109
3873587901,0.62200934,0.11700857,0.26098213
3873633034,0.43811673,0.32853478,0.23334852
3874199022,0.2858152,0.2771702,0.43701455
3874251392,0.35462704,0.32923156,0.31614143
3874393803,0.3124895,0.46504247,0.22246805
3875555311,0.43668732,0.28352383,0.2797888
3875741665,0.41558525,0.29580048,0.2886142
3875773403,0.45670706,0.2229946,0.3202983
3875938317,0.4872028,0.09581518,0.41698202
3876073306,0.2365888,0.5063768,0.2570344
3876107739,0.33870685,0.27719298,0.3841001
3876114934,0.33865517,0.15271404,0.5086308
3876386933,0.37532556,0.16142511,0.46324933
3876496299,0.1981861,0.48124415,0.32056975
3877054222,0.1783871,0.4856027,0.33601025
3877201091,0.29127374,0.43749928,0.27122694
3877347785,0.66899145,0.14525779,0.18575077
3877392936,0.3271232,0.27348953,0.3993873
3878377780,0.6740155,0.13955438,0.18643005
3878510540,0.5270132,0.26524273,0.20774414
3878522245,0.55686545,0.141333,0.30180162
3878554146,0.3847991,0.17820294,0.43699798
3878827897,0.25407958,0.5251918,0.22072862
3878988663,0.31696182,0.23983866,0.44319946
3881144659,0.27148926,0.35200238,0.3765084
3881809610,0.201604,0.5106983,0.2876977
3881893749,0.5763322,0.20574358,0.21792422
3881903898,0.5812332,0.2158109,0.2029559
3882194213,0.44638884,0.30115378,0.25245738
3882804494,0.3640378,0.34254026,0.29342195
3883237950,0.5992909,0.12355639,0.27715275
3883350584,0.24363603,0.4925172,0.26384684
3884096015,0.26525593,0.56382287,0.17092119
3884342165,0.26227432,0.36242166,0.37530404
3884415755,0.47852117,0.24033119,0.2811477
3884873304,0.15262704,0.6743306,0.17304233
3885373301,0.32568228,0.40555587,0.26876184
3887055292,0.25046402,0.41771057,0.33182546
3887702165,0.5737988,0.20307556,0.22312562
3887970466,0.54007506,0.24485125,0.21507376
3888015284,0.37454033,0.27851757,0.34694213
3888094942,0.12536372,0.025885394,0.8487509
3889477144,0.483412,0.23472995,0.28185806
3889657583,0.32862654,0.4376909,0.23368251
3890836868,0.0991347,0.7248539,0.1760114
3891831159,0.15950055,0.106960654,0.73353875
3892491345,0.3994846,0.29585543,0.30465996
3893191031,0.28281087,0.43558955,0.28159952
3893433059,0.81444395,0.029782556,0.1557736
3893927683,0.43022704,0.35641617,0.21335684
3894215666,0.6236039,0.15294906,0.22344714
3894474436,0.5473212,0.15483212,0.29784667
3895158283,0.38241044,0.41658735,0.2010022
3895656231,0.39568168,0.42060596,0.18371236
3895919907,0.24693029,0.50070965,0.25236008
3897141669,0.38259602,0.307813,0.309591
3897360597,0.39443508,0.22923023,0.37633467
3897465532,0.6987233,0.12536308,0.17591354
3898479363,0.21509017,0.58552754,0.19938235
3899015371,0.2496128,0.48538253,0.26500463
3899936606,0.2354942,0.4322567,0.33224913
3900619134,0.53655094,0.22944574,0.2340033
3900709960,0.27769798,0.38021138,0.3420907
3901195795,0.5897653,0.14297551,0.26725924
3901478656,0.29300052,0.24241719,0.46458232
3901622240,0.045940746,0.74779975,0.20625952
3901734267,0.45314345,0.21794766,0.32890883
3901988477,0.23923837,0.5626169,0.19814476
3902257376,0.6026243,0.1841227,0.21325298
3902497039,0.3298013,0.33194208,0.3382566
3902857699,0.28957137,0.39062414,0.31980452
3903810011,0.5694809,0.20634066,0.22417842
3904053384,0.4947171,0.25209042,0.2531925
3905433590,0.4192956,0.23392917,0.34677517
3905747779,0.6412908,0.14909774,0.20961148
3905798894,0.45418313,0.27266943,0.27314737
3905820932,0.62474614,0.16805843,0.20719542
3905984827,0.19044772,0.654377,0.15517528
3906090901,0.5449554,0.11573088,0.33931366
3906099970,0.20160763,0.5934369,0.20495547
3906744317,0.124799274,0.65898913,0.21621162
3908391224,0.50396097,0.23114501,0.264894
3908393785,0.33158952,0.37003383,0.2983766
3909301210,0.21304004,0.39992422,0.38703576
3909715931,0.32239148,0.32496604,0.3526424
3909932312,0.21499819,0.21442492,0.5705769
3910229630,0.38688895,0.2543708,0.3587402
3910526259,0.27832925,0.48613447,0.2355363
3911083427,0.71330476,0.10672245,0.1799728
3912280024,0.19298635,0.51809335,0.28892034
3912424494,0.31268504,0.3791166,0.3081984
3912767999,0.01812421,0.91562164,0.06625408
3913295078,0.4960258,0.28444254,0.2195316
3913481541,0.23955391,0.55913377,0.20131235
3913525632,0.82658195,0.069870204,0.10354789
3914093550,0.5800711,0.2354242,0.1845047
3914365523,0.061114285,0.72056615,0.21831952
3914737402,0.39027014,0.3031788,0.30655107
3915369683,0.3389826,0.24118562,0.41983175
3915523573,0.41146594,0.20678027,0.38175374
3915559845,0.20776038,0.3561766,0.43606296
3915874583,0.3983087,0.34049043,0.26120088
3916086636,0.25782594,0.20402005,0.53815395
3916180552,0.33093268,0.23290147,0.4361658
3916220028,0.32178777,0.4585929,0.21961936
3916362458,0.23508455,0.5532526,0.21166287
3916472482,0.636168,0.15991555,0.2039164
3916480261,0.16868004,0.18924883,0.64207107
3916574329,0.13025269,0.5111544,0.3585929
3917042930,0.46351692,0.21846281,0.31802028
3917099082,0.24559945,0.4588182,0.2955824
3917141657,0.2462688,0.15527758,0.5984536
3917491293,0.40212905,0.18446577,0.41340518
3918193061,0.5419496,0.14350267,0.31454766
3918286936,0.36976278,0.29191,0.33832726
3918547915,0.23319659,0.2506077,0.5161957
3919112683,0.47890514,0.18205178,0.33904305
3919443243,0.24024554,0.5296536,0.23010086
3919701810,0.37896127,0.2916191,0.32941964
3919810040,0.2882247,0.30989903,0.40187633
3920126816,0.69430935,0.12661302,0.17907757
3920467789,0.34962636,0.45328617,0.19708747
3921461538,0.31012633,0.27940196,0.41047177
3922483515,0.56906503,0.26451612,0.1664189
3922827642,0.14342211,0.53850543,0.3180725
3922994000,0.3215818,0.24304713,0.43537098
3923786288,0.22693382,0.5433448,0.22972134
3925606043,0.33927393,0.24490371,0.41582236
3925763044,0.31103516,0.41940516,0.26955974
3925927738,0.43160444,0.21125633,0.35713926
3926699182,0.21482079,0.54704976,0.23812947
3927121071,0.5307892,0.07288951,0.39632133
3927235213,0.1433688,0.15823348,0.6983977
3927292705,0.040173337,0.8565928,0.10323383
3927577134,0.53653973,0.20783009,0.25563017
3927792368,0.06581405,0.41602328,0.51816267
3928005292,0.3281265,0.3394493,0.33242416
3928092928,0.29291007,0.5399596,0.1671303
3928738806,0.50149584,0.28497195,0.21353222
3928930075,0.27293587,0.46936175,0.25770235
3929808010,0.5357578,0.18367094,0.28057122
3929854020,0.39010042,0.25263518,0.35726443
3930336590,0.3594003,0.24363564,0.39696407
3930676060,0.24711603,0.25818613,0.49469778
3930943946,0.37067613,0.22120218,0.4081217
3931400861,0.64467925,0.08416446,0.27115628
3931638227,0.63102114,0.1456647,0.22331414
3931657115,0.029043006,0.90304655,0.06791049
3931825199,0.67295897,0.1198958,0.20714526
3931961965,0.41571292,0.27768707,0.30660006
3932296927,0.1272562,0.65187323,0.22087054
3932467319,0.05793534,0.7599894,0.1820753
3932697545,0.27520993,0.065266915,0.6595232
3932907465,0.46985757,0.26019418,0.26994824
3933124938,0.35957038,0.4156977,0.22473192
3933366448,0.5748917,0.18983637,0.23527195
3933844503,0.5043948,0.20951734,0.28608784
3933864949,0.56571436,0.1860986,0.248187
3933963514,0.118585505,0.15796047,0.72345406
3934186342,0.5872911,0.15782157,0.25488728
3934965551,0.15342271,0.6362771,0.21030027
3934994485,0.10056972,0.6948493,0.20458096
3936099447,0.05442519,0.32518637,0.6203885
3936102724,0.548948,0.25255075,0.19850123
3936202165,0.47638303,0.23006923,0.2935478
3936360763,0.29029348,0.3868539,0.32285267
3936569242,0.04652226,0.71098894,0.2424888
3937128804,0.62997144,0.1450116,0.22501694
3937184393,0.0063529713,0.9612377,0.032409355
3937516019,0.39235297,0.35529965,0.2523474
3939156539,0.5508041,0.2026684,0.24652754
3939207133,0.3059554,0.4607064,0.23333815
3939415568,0.35682368,0.40849718,0.23467913
3939445067,0.12394531,0.69640565,0.17964901
3940287339,0.6387156,0.2100006,0.15128376
3941069646,0.47326106,0.25505617,0.27168283
3941077781,0.6466423,0.080697276,0.27266043
3941328920,0.3207675,0.45549202,0.22374052
3941339810,0.153124,0.5797901,0.26708588
3941392243,0.39324817,0.3261101,0.2806417
3941621870,0.38179356,0.42918003,0.18902639
3942710055,0.09310289,0.057531543,0.8493656
3942818392,0.17919067,0.4906429,0.3301665
3942925071,0.33647195,0.24896535,0.41456264
3943120934,0.45972204,0.23741414,0.3028638
3943638651,0.1714439,0.5292871,0.299269
3944852622,0.42373595,0.291779,0.28448504
3944975013,0.54583776,0.22107758,0.2330847
3945147487,0.3085711,0.3890278,0.30240107
3946481149,0.44834182,0.3218669,0.22979131
3946672326,0.046264883,0.82577956,0.12795554
3947217991,0.41797626,0.18461935,0.39740434
3947356798,0.15856142,0.63127625,0.2101623
3948002108,0.2741567,0.37826902,0.3475743
3948097930,0.29952082,0.32842314,0.3720561
3948397250,0.51644284,0.2117787,0.27177846
3948609048,0.20138186,0.5259955,0.27262262
3948830383,0.21460786,0.5185525,0.26683965
3949362957,0.2866852,0.4023503,0.3109645
3949421872,0.21951577,0.20761201,0.5728723
3949455389,0.30985805,0.3944194,0.29572257
3949491296,0.29404256,0.31807387,0.38788354
3951206528,0.106592394,0.3841023,0.5093053
3951574771,0.3168411,0.34820366,0.33495528
3951773323,0.39126068,0.4004594,0.2082799
3952091805,0.41166148,0.34309593,0.24524254
3952301861,0.3102175,0.29194805,0.3978345
3952650731,0.5400733,0.20355625,0.25637048
3952862062,0.39007157,0.2950386,0.31488982
3954033445,0.47329193,0.27652115,0.2501869
3954414812,0.23303838,0.41603076,0.35093087
3954796032,0.23218778,0.23423032,0.53358185
3954969113,0.16253443,0.22173905,0.61572653
3955128841,0.37676898,0.23651944,0.38671163
3955839763,0.27734947,0.4455583,0.27709222
3955928079,0.33100283,0.42510673,0.24389046
3956082157,0.31034285,0.39950752,0.2901497
3956244066,0.62432784,0.13134107,0.2443311
3956996196,0.41877127,0.14141543,0.4398133
3957433605,0.26908708,0.32107604,0.40983686
3957511480,0.67226547,0.067065254,0.26066932
3957639727,0.3325345,0.33651823,0.33094722
3958341447,0.39651948,0.17472547,0.42875502
3958714906,0.7393133,0.09425031,0.16643642
3959177911,0.32796168,0.39513668,0.27690166
3960050044,0.3130356,0.33972105,0.34724337
3960072693,0.18540892,0.40885827,0.4057328
3960203945,0.3919613,0.21514896,0.3928897
3960683314,0.2963855,0.3518469,0.3517676
3961721975,0.23486565,0.47717285,0.2879615
3961997682,0.41219965,0.27342826,0.31437212
3962189815,0.11074052,0.7439054,0.14535402
3962426912,0.36548832,0.39218095,0.24233074
3962719269,0.42796072,0.25653508,0.31550416
3962923793,0.35464984,0.32355645,0.32179365
3963205435,0.2803868,0.46410465,0.25550854
3963304115,0.31370854,0.28320462,0.40308687
3963594982,0.5301232,0.19881272,0.2710641
3964253771,0.22612435,0.55138737,0.2224883
3964473538,0.3757156,0.31071937,0.313565
3964704857,0.36144868,0.4222391,0.21631224
3965208933,0.24317707,0.5041056,0.25271732
3965368290,0.18156055,0.58190703,0.23653242
3966001042,0.45475474,0.24337444,0.3018708
3966345766,0.2348059,0.3360844,0.42910975
3966788489,0.3031918,0.19609267,0.50071555
3966886010,0.48586804,0.23400094,0.28013104
3966912601,0.2001834,0.5378365,0.2619801
3967160669,0.4265327,0.30005905,0.2734083
3967359794,0.28128088,0.25601473,0.46270442
3968615472,0.48120603,0.27693212,0.24186179
3968955670,0.7272203,0.10559142,0.16718829
3969070304,0.48803952,0.24620916,0.26575133
3969234712,0.2970034,0.43544978,0.26754686
3969658692,0.58507556,0.14731838,0.26760608
3970154622,0.30510068,0.32610443,0.36879486
3970161970,0.06574167,0.79062223,0.14363603
3970162689,0.6195356,0.19083813,0.18962626
3970247555,0.30945653,0.39071226,0.29983115
3970398998,0.7684531,0.05325762,0.17828928
3971152966,0.1043519,0.02676506,0.86888295
3971576426,0.2154877,0.36169472,0.42281756
3971623668,0.38586962,0.17984489,0.43428552
3971700372,0.55197537,0.17966527,0.26835936
3972159059,0.25405958,0.4939246,0.2520158
3972215266,0.26559,0.29771698,0.43669295
3972345317,0.3535326,0.3325904,0.31387702
3972699106,0.33125404,0.3390226,0.32972336
3973578664,0.5198685,0.1944288,0.2857027
3973626014,0.34262407,0.27551684,0.38185906
3973855557,0.38116604,0.33800521,0.28082877
3974091353,0.38650498,0.30682912,0.30666584
3975204890,0.47072592,0.17621762,0.35305643
3975914707,0.54667604,0.18402924,0.26929465
3977022178,0.27752236,0.50535285,0.21712478
3977035936,0.3645941,0.31852204,0.31688383
3977354410,0.5893549,0.21438026,0.19626485
3977970431,0.7415151,0.136412,0.122072935
3978451681,0.11298631,0.74278504,0.14422862
3978759570,0.20377828,0.38934237,0.4068793
3979136091,0.26164743,0.45775637,0.28059623
3979226587,0.82716435,0.0723592,0.100476414
3979355118,0.084769,0.40818277,0.5070483
3979978006,0.7126343,0.10588477,0.18148088
3980137419,0.42990142,0.34749222,0.22260638
3980739859,0.5805099,0.14124253,0.27824757
3981003752,0.506739,0.074027464,0.41923356
3981062121,0.43600056,0.27967495,0.2843245
3981264127,0.7612363,0.061614793,0.17714882
3981305325,0.4687617,0.18690725,0.34433106
3981354072,0.2945958,0.4209295,0.28447476
3981400223,0.4447159,0.2791487,0.27613544
3981442867,0.56733847,0.18675153,0.24590996
3981648188,0.3735792,0.25841764,0.3680032
3981845520,0.27674633,0.40974432,0.31350935
3982463491,0.271523,0.24773723,0.4807397
3982584189,0.44957075,0.34686887,0.20356034
3983572561,0.31199935,0.3301436,0.35785702
3983732971,0.5972534,0.15019475,0.25255185
3984087407,0.18843178,0.6146641,0.19690414
3984342433,0.28863695,0.34460595,0.36675712
3984670886,0.6502175,0.1407501,0.2090324
3985272329,0.453794,0.22502269,0.32118335
3985411604,0.25039864,0.55900055,0.19060087
3985463127,0.38273275,0.30201223,0.315255
3985907622,0.3151921,0.381431,0.30337688
3985949557,0.31003943,0.34265837,0.34730217
3985990568,0.46929264,0.19716348,0.3335438
3986510316,0.35838914,0.27551964,0.3660912
3986748513,0.5149624,0.19540247,0.28963512
3987765570,0.2019121,0.33287555,0.46521237
3988166935,0.2303605,0.5359875,0.233652
3988873836,0.3025669,0.37771365,0.31971946
3988920895,0.12867816,0.6217393,0.24958253
3989016570,0.6428276,0.12610614,0.23106626
3989686747,0.69067085,0.16623257,0.14309661
3989706640,0.028954506,0.85378724,0.11725832
3990347911,0.58661765,0.159049,0.25433335
3990802424,0.4145275,0.2530748,0.3323977
3990992552,0.21069732,0.4416872,0.3476155
3991243349,0.42715067,0.16258739,0.41026196
3991512627,0.20846112,0.30137217,0.4901667
3991859105,0.20004573,0.5349785,0.2649758
3991984273,0.51954013,0.21692754,0.2635323
3992318704,0.29418012,0.37153032,0.3342895
3993099210,0.2833131,0.43501705,0.2816698
3995076333,0.52733904,0.2841764,0.18848455
3995597196,0.48892257,0.25428924,0.2567882
3996720556,0.45436636,0.26138586,0.2842478
3996893806,0.09933868,0.7315175,0.16914387
3997498305,0.686834,0.14472966,0.16843635
3998277847,0.5067093,0.20809142,0.2851993
3998315566,0.5278981,0.1845754,0.28752655
3998756786,0.20938666,0.15508808,0.6355253
3998793248,0.2252283,0.5704733,0.2042984
3998798695,0.62576324,0.21282555,0.1614112
3998998104,0.25281337,0.2066793,0.5405073
3999343615,0.3185754,0.3149201,0.36650446
3999429660,0.5787978,0.20527907,0.21592309
3999649677,0.14033665,0.71844053,0.14122283
4000085659,0.3155421,0.52967167,0.15478623
4000456708,0.50216275,0.25093094,0.2469063
4000873603,0.5839984,0.16204333,0.25395826
4000894741,0.6003043,0.17359708,0.22609857
4001737262,0.80293155,0.080359675,0.11670876
4001976690,0.16808572,0.564795,0.2671193
4002679868,0.34652314,0.36527705,0.28819987
4003187453,0.34079218,0.36350164,0.29570618
4003192630,0.29786643,0.26750067,0.4346329
4003464890,0.2512909,0.37285212,0.375857
4003852226,0.30569172,0.4643453,0.22996299
4004049078,0.40280527,0.36859062,0.22860411
4004533732,0.43684232,0.2756038,0.28755388
4005045149,0.22067519,0.36731127,0.41201353
4005355288,0.10972158,0.7175034,0.172775
4005699514,0.26627287,0.37455967,0.35916743
4006668635,0.44032058,0.1841944,0.37548503
4007787260,0.27145198,0.5085031,0.22004496
4008003607,0.11362059,0.71991795,0.16646147
4008212089,0.6786329,0.19581665,0.12555046
4008723344,0.6363535,0.18426195,0.17938459
4008727757,0.29345188,0.414178,0.29237014
4008825945,0.22527571,0.6254865,0.14923784
4009315793,0.26626173,0.33759332,0.396145
4009699348,0.38661227,0.23888975,0.37449792
4009727518,0.41067702,0.29858562,0.2907374
4010298246,0.36339945,0.31412345,0.32247707
4010631296,0.276404,0.48348758,0.2401085
4011531113,0.3263361,0.33609158,0.3375723
4012279407,0.59133327,0.1288522,0.2798145
4012758407,0.43618992,0.17097959,0.3928305
4013251001,0.5432338,0.20974715,0.24701901
4013563204,0.26045436,0.42051545,0.31903023
4014219776,0.47285685,0.26269412,0.2644491
4014312207,0.25306728,0.420338,0.32659468
4014677265,0.3021522,0.50328153,0.19456626
4014722691,0.1768406,0.21787937,0.60528
4014785240,0.35880983,0.35247034,0.28871977
4015660924,0.5068009,0.16694187,0.32625726
4015710648,0.29252177,0.31632474,0.39115345
4015824844,0.7819683,0.090939306,0.12709242
4015830479,0.500033,0.29043216,0.20953484
4015878960,0.49541086,0.18559588,0.31899327
4016133108,0.25493258,0.5052169,0.23985055
4016236749,0.19817583,0.57005596,0.23176819
4016448592,0.62441033,0.14675398,0.22883567
4017281056,0.28575954,0.22110666,0.49313378
4019437410,0.18979311,0.23504476,0.5751621
4019522693,0.3853388,0.23633961,0.37832153
4020067556,0.39167684,0.29812402,0.3101991
4020518018,0.16694842,0.31251875,0.52053285
4020564669,0.26166245,0.38784218,0.35049534
4021321623,0.3214183,0.268359,0.4102227
4021614693,0.33954313,0.29757616,0.3628807
4022548344,0.5446078,0.13520536,0.32018685
4023755124,0.20550188,0.5428828,0.25161535
4024056014,0.30163476,0.3867471,0.3116181
4024195991,0.20111996,0.57568604,0.22319399
4024881409,0.2086107,0.5109042,0.2804851
4024917088,0.16875827,0.4193794,0.4118623
4025139490,0.5297974,0.23702931,0.23317333
4025338122,0.15623526,0.566074,0.2776907
4026281212,0.33097586,0.25084296,0.41818118
4026542400,0.40519166,0.14688277,0.44792554
4026585193,0.48607868,0.19931082,0.31461042
4026779554,0.26814422,0.48622215,0.24563368
4026808802,0.52030593,0.18684018,0.29285395
4027134404,0.35893735,0.2175984,0.42346427
4028376357,0.1899213,0.40676284,0.4033158
4028481835,0.34736824,0.3349832,0.31764853
4028539127,0.3246679,0.11972543,0.55560666
4029062077,0.33392295,0.38893834,0.27713874
4029064209,0.2978042,0.35871634,0.34347942
4029743570,0.5399539,0.16362658,0.29641953
4030417457,0.43494213,0.23186731,0.3331906
4030688076,0.42434835,0.27620897,0.29944265
4030864886,0.13693623,0.21398021,0.6490836
4031110408,0.594198,0.19520308,0.21059898
4032119842,0.18596107,0.608823,0.20521593
4032671083,0.2301446,0.56434035,0.205515
4033013357,0.23174639,0.37002587,0.39822772
4033037614,0.5013765,0.27529994,0.22332358
4035783812,0.32321787,0.5175502,0.15923204
4035954597,0.17302783,0.43590924,0.39106286
4037310255,0.48683792,0.22333099,0.28983107
4037472079,0.1641966,0.55386734,0.2819361
4037796431,0.3851229,0.3093397,0.3055374
4039389316,0.39696652,0.29329285,0.3097406
4039889294,0.3549647,0.28677908,0.35825622
4040142607,0.6749351,0.15513639,0.1699285
4040237800,0.52549744,0.21796572,0.25653678
4040576313,0.2918129,0.4542156,0.25397152
4040895591,0.5572458,0.20488966,0.23786455
4041396983,0.34087503,0.370062,0.28906295
4041802842,0.3646362,0.31819177,0.31717202
4042573683,0.5331012,0.18260613,0.2842927
4042591504,0.32724386,0.30911472,0.36364144
4042871858,0.25457424,0.51819956,0.22722618
4043963436,0.300018,0.4082385,0.2917435
4044415496,0.5372198,0.18961674,0.27316347
4044771762,0.79413676,0.05222873,0.15363455
4045200368,0.29351553,0.25127253,0.45521188
4045548167,0.60041827,0.17813703,0.22144471
4046891963,0.79798424,0.046973746,0.15504196
4047574803,0.39026365,0.29815975,0.31157666
4047726749,0.29219356,0.44350088,0.26430556
4047792589,0.67046744,0.12810072,0.20143175
4047907447,0.30521852,0.3628572,0.33192423
4047933439,0.3025262,0.2962253,0.40124846
4048607986,0.47465998,0.2679388,0.2574012
4048739775,0.29038867,0.2828937,0.42671764
4048768709,0.21768731,0.3678439,0.41446882
4049161728,0.45078856,0.30253148,0.24668
4049731998,0.45909455,0.22038186,0.3205236
4050137843,0.081078775,0.47040033,0.44852093
4051474676,0.7097368,0.1454156,0.14484756
4051511627,0.29157722,0.413371,0.29505175
4051687690,0.45518768,0.18752453,0.35728788
4051756036,0.116240524,0.7266585,0.15710092
4051770283,0.23032482,0.49521014,0.274465
4052401770,0.35650632,0.257658,0.38583565
4052483883,0.29746357,0.33653793,0.3659985
4052506220,0.15128994,0.38376144,0.46494865
4053234109,0.4362438,0.3574098,0.20634635
4053465269,0.5811973,0.18844028,0.2303624
4053754921,0.36352265,0.28580502,0.3506723
4055792717,0.3278129,0.36252058,0.3096665
4055993547,0.57130325,0.18674576,0.241951
4056209120,0.09337613,0.7793446,0.12727925
4056818558,0.28903142,0.31097913,0.39998943
4056822588,0.41681892,0.23193732,0.3512438
4056837920,0.6654331,0.1254562,0.20911066
4057409656,0.47030246,0.25328532,0.27641222
4057675455,0.6108738,0.15501204,0.23411411
4057834944,0.25212333,0.26217866,0.48569807
4058056382,0.12905358,0.7018372,0.16910918
4058634282,0.28429675,0.21944131,0.49626192
4059085234,0.61326057,0.16014937,0.22659005
4059291501,0.3114783,0.48582268,0.202699
4059672628,0.3280236,0.40411937,0.26785707
4060365805,0.6577704,0.16225642,0.1799732
4060869737,0.43406668,0.2843884,0.2815449
4061186081,0.41633198,0.22107755,0.36259052
4061197664,0.3531383,0.34570563,0.30115616
4061569249,0.5316436,0.10326444,0.36509195
4061971615,0.29008275,0.25743672,0.45248052
4062605905,0.28429118,0.4352044,0.2805045
4063049298,0.15947165,0.1526562,0.6878722
4063596813,0.24630986,0.17794494,0.57574517
4064229124,0.28092414,0.44500503,0.27407083
4064290570,0.18524556,0.25969452,0.5550599
4065118456,0.5796029,0.15844238,0.26195472
4065825171,0.36171263,0.34161004,0.29667732
4066251065,0.30136588,0.2538888,0.44474524
4066917963,0.5346337,0.207483,0.25788328
4066925330,0.5826298,0.18946303,0.22790717
4066946516,0.40459934,0.2914032,0.30399752
4067822142,0.43208724,0.33245504,0.23545775
4067951191,0.22539791,0.4805304,0.29407164
4068011808,0.40361345,0.2997407,0.29664582
4068237004,0.30733314,0.39692226,0.29574457
4068538780,0.73559374,0.12165714,0.14274912
4069154160,0.43665615,0.2686753,0.29466856
4069451437,0.52861863,0.12391361,0.34746778
4069772273,0.40573448,0.39481467,0.19945085
4069775959,0.18899877,0.5705585,0.24044277
4070087005,0.22636153,0.4742813,0.29935715
4070292061,0.5680862,0.15923288,0.27268094
4070397160,0.3307913,0.41509092,0.25411776
4071205860,0.5076784,0.2616747,0.2306469
4071485143,0.32806972,0.18169339,0.49023694
4071848956,0.4037638,0.31004512,0.28619114
4071858930,0.27397206,0.4336935,0.29233444
4072067885,0.41174832,0.18351215,0.40473953
4072429268,0.59424925,0.16509849,0.24065225
4072472007,0.043666802,0.06102738,0.8953058
4073067681,0.27521446,0.42661202,0.2981735
4073106694,0.6040361,0.15077235,0.24519156
4073120635,0.31837574,0.3886757,0.29294857
4073271189,0.24040729,0.47099367,0.28859907
4074558345,0.5559554,0.18789296,0.2561516
4074564166,0.26712388,0.4552951,0.277581
4074601120,0.53039545,0.28496358,0.18464097
4075075044,0.43617833,0.37175968,0.19206195
4075466007,0.5345108,0.26158664,0.20390256
4075780465,0.26584274,0.5516573,0.18249996
4076601828,0.4858601,0.23032188,0.28381795
4076800112,0.45269692,0.20018695,0.34711608
4077124495,0.35897243,0.21529838,0.4257292
4077131721,0.4836483,0.18027164,0.33608
4077499245,0.09121253,0.37609154,0.53269595
4077499967,0.6041682,0.15378918,0.24204263
4077730080,0.36839655,0.43035072,0.20125271
4079331824,0.16461946,0.5478726,0.28750792
4079697941,0.24615034,0.28299,0.47085968
4081002165,0.4156417,0.21015982,0.37419847
4081376472,0.3262862,0.3501187,0.3235951
4081740913,0.6589061,0.06769931,0.27339458
4081980820,0.32228747,0.48236322,0.19534932
4082093551,0.29159153,0.42139456,0.28701395
4082822557,0.67148906,0.14955771,0.17895326
4083088339,0.61324453,0.15401198,0.23274353
4083166084,0.16081387,0.45735258,0.38183358
4083355146,0.26531535,0.4576728,0.27701184
4083568916,0.5361268,0.15143622,0.31243697
4084385399,0.17336144,0.5688067,0.25783187
4085773173,0.2927378,0.3554498,0.3518124
4085952889,0.529582,0.1930805,0.27733743
4086108665,0.4388235,0.26397407,0.2972024
4086234554,0.3624533,0.28928453,0.34826216
4086236987,0.23789923,0.31784803,0.4442527
4086401818,0.40842938,0.29883528,0.29273534
4088157285,0.38147122,0.3088587,0.30967006
4088288439,0.1602062,0.68713754,0.15265627
4088719450,0.8237834,0.05468621,0.121530406
4090440655,0.47715178,0.29168284,0.23116536
4090534886,0.029504308,0.7633442,0.20715152
4091115902,0.4546312,0.29407236,0.25129652
4091694775,0.22913782,0.50259113,0.26827103
4091880241,0.18000558,0.21650787,0.60348654
4092550162,0.6136928,0.1791253,0.2071819
4092785683,0.29725012,0.47885135,0.22389854
4093550403,0.13491379,0.51104414,0.35404202
4093666973,0.23798075,0.6004706,0.16154861
4093721585,0.4810168,0.21389414,0.30508903
4093937346,0.53218186,0.18802443,0.27979368
4094198877,0.33946225,0.3682569,0.29228085
4094498349,0.19092831,0.27462426,0.53444743
4094540335,0.61056477,0.16261415,0.22682104
4094696013,0.30442104,0.33498937,0.3605896
4095242985,0.32737324,0.27891245,0.39371437
4095827278,0.4546035,0.26995754,0.27543896
4095888653,0.49256173,0.17531669,0.33212158
4096360913,0.23693182,0.34782687,0.41524127
4096539808,0.56889516,0.19752736,0.23357747
4096560698,0.11235392,0.6304064,0.2572397
4096600816,0.4143607,0.19276439,0.39287487
4097595534,0.3548056,0.40247625,0.24271812
4097780779,0.54973626,0.18282035,0.26744333
4098428963,0.4251547,0.28060374,0.29424158
4099636883,0.33436522,0.34089613,0.3247387
4100476656,0.21896133,0.38689518,0.39414352
4101012217,0.10184869,0.7713862,0.1267651
4101374004,0.16986433,0.062754914,0.76738083
4102024572,0.334353,0.21958214,0.4460649
4102433799,0.34820038,0.35156107,0.30023855
4102737657,0.3967953,0.20436922,0.39883542
4102846412,0.27133697,0.53306067,0.19560234
4102918499,0.48179922,0.20750295,0.3106979
4103698096,0.4147721,0.25616845,0.32905948
4104600530,0.18633279,0.54301834,0.2706489
4104822338,0.4291587,0.23691842,0.33392292
4105253362,0.2837639,0.45287865,0.2633574
4105271336,0.40920487,0.25070083,0.3400944
4105482687,0.3090666,0.33711517,0.3538182
4107388705,0.24275571,0.5052727,0.25197163
4108015523,0.58334297,0.20442264,0.2122344
4108073171,0.3326215,0.34458023,0.32279822
4108135172,0.41871524,0.2204696,0.36081514
4108143800,0.803822,0.078165404,0.118012644
4108489858,0.28151616,0.4065112,0.31197268
4108925044,0.15377189,0.66251516,0.18371297
4109051050,0.21702465,0.55716544,0.22580989
4109222940,0.3101997,0.35302106,0.33677918
4109942794,0.3082255,0.48326486,0.20850967
4110243756,0.47035804,0.24639581,0.28324616
4111595641,0.78772587,0.08234601,0.12992807
4111622453,0.20976926,0.62464976,0.16558099
4111797815,0.18317562,0.2511797,0.5656447
4112349114,0.12596396,0.67387784,0.20015821
4113656197,0.5623594,0.28397563,0.15366499
4114090318,0.79079914,0.07893444,0.13026643
4114230697,0.2776417,0.24574234,0.47661594
4114348953,0.47707397,0.24195237,0.28097367
4114932932,0.3428065,0.42268252,0.23451105
4115105884,0.44410914,0.17075068,0.38514015
4115176872,0.3045505,0.12162361,0.57382596
4119202219,0.4211735,0.29525405,0.28357244
4119571986,0.19580317,0.63835984,0.16583699
4119871729,0.54110485,0.22729714,0.23159806
4120217174,0.37992463,0.34676433,0.27331108
4120549802,0.52444303,0.08149168,0.39406532
4120965643,0.3134304,0.14910088,0.53746873
4120973398,0.28658462,0.41161773,0.3017976
4121028686,0.32995445,0.20602055,0.46402496
4121269481,0.14933768,0.61982846,0.23083386
4121735287,0.7422189,0.09103714,0.16674396
4121838459,0.5232705,0.32650593,0.1502236
4121982145,0.1889261,0.57420415,0.23686977
4122205000,0.40485346,0.31924385,0.27590275
4123099272,0.453501,0.22037432,0.32612473
4123732069,0.24407747,0.45766875,0.2982538
4123964154,0.45196858,0.31925583,0.22877564
4124033072,0.4611353,0.26325807,0.2756066
4124286259,0.38282496,0.26030317,0.35687184
4124430166,0.4014475,0.31386375,0.28468874
4125029023,0.30520386,0.42450717,0.270289
4125061563,0.27806267,0.43368614,0.28825122
4125075530,0.1455792,0.6761754,0.17824543
4125104329,0.49031562,0.18258227,0.327102
4125484124,0.30866873,0.40932328,0.28200802
4126109433,0.20964497,0.45566002,0.33469498
4126281991,0.50562745,0.17746395,0.3169086
4126761898,0.30361876,0.45607612,0.24030507
4126794935,0.28215554,0.38139877,0.33644575
4127100823,0.41496184,0.20978299,0.37525526
4127402581,0.15383431,0.35129753,0.49486822
4127597432,0.41557017,0.2954703,0.2889596
4127989386,0.10001254,0.6628231,0.23716438
4128018884,0.35599387,0.305394,0.33861217
4128289626,0.37587947,0.45945773,0.16466284
4128746334,0.5585009,0.2017529,0.23974621
4130069713,0.35447443,0.16967276,0.47585285
4130402713,0.617781,0.19661298,0.18560606
4130489037,0.10138643,0.27517638,0.62343717
4130590499,0.49613014,0.21509165,0.2887783
4130752406,0.4249607,0.2308204,0.3442189
4130974375,0.7487649,0.098754875,0.15248024
4131378465,0.56291807,0.16320844,0.27387348
4131770726,0.3373328,0.354147,0.30852026
4132252590,0.7094712,0.11148876,0.17904003
4132714299,0.36603874,0.3410138,0.29294747
4132906941,0.38981745,0.25146195,0.3587206
4132922382,0.66833174,0.13999446,0.1916738
4133103340,0.3483253,0.47413146,0.17754324
4133162476,0.23435117,0.375644,0.39000484
4133332508,0.65190077,0.11127313,0.23682612
4133685563,0.28776345,0.47037372,0.24186283
4134007184,0.5165772,0.15457939,0.32884344
4134219738,0.5657564,0.17273052,0.26151314
4134805500,0.1442954,0.6322276,0.22347705
4135784562,0.5321214,0.21313359,0.25474504
4136042924,0.28981617,0.43928778,0.27089602
4136203848,0.20977908,0.2142897,0.57593125
4136666407,0.30865395,0.33961448,0.3517315
4136709444,0.8474374,0.046435382,0.106127284
4136853169,0.5684623,0.18271336,0.24882433
4136972964,0.2524417,0.57532346,0.17223482
4137481105,0.45039356,0.19629447,0.35331196
4137592403,0.3836257,0.19806197,0.41831234
4137996970,0.41504273,0.24895878,0.33599848
4139851842,0.34951463,0.4431511,0.20733427
4139914835,0.32408714,0.22291528,0.45299762
4140781624,0.3177985,0.25946218,0.42273936
4141231081,0.106877424,0.7150599,0.17806263
4141240228,0.5886112,0.13165249,0.2797363
4141416656,0.45546046,0.20320395,0.3413356
4142243865,0.6421772,0.1621006,0.19572222
4142522243,0.24819481,0.34200963,0.40979558
4143415875,0.13058257,0.65973806,0.20967937
4143970976,0.192244,0.46106726,0.34668872
4144115042,0.42755976,0.26278055,0.30965972
4144436775,0.3525204,0.32436323,0.32311636
4144749065,0.10890378,0.5804224,0.31067383
4144838203,0.36947897,0.41361946,0.21690156
4144909849,0.62184757,0.14114627,0.23700617
4145173669,0.46902674,0.26252946,0.2684438
4145287130,0.30425546,0.37397462,0.32176998
4145443448,0.5974493,0.17636982,0.2261809
4145449233,0.07247832,0.81564635,0.111875325
4145549851,0.7868786,0.022750657,0.19037078
4145815259,0.38909832,0.30144525,0.30945638
4146759700,0.35222825,0.35572264,0.29204908
4147391374,0.2380684,0.5504544,0.21147725
4148107077,0.2717582,0.40312737,0.32511443
4149209343,0.44682208,0.2911234,0.26205453
4149374031,0.30667913,0.4100531,0.2832678
4150646111,0.7395719,0.10890626,0.15152182
4153460417,0.20245786,0.56199807,0.23554407
4153518401,0.18821555,0.37774324,0.43404126
4154627784,0.35535228,0.3997916,0.24485615
4155821431,0.23677318,0.5602363,0.20299055
4156241840,0.7417892,0.034861334,0.2233495
4157121856,0.43116578,0.28044593,0.28838828
4157328519,0.6122404,0.18487246,0.20288713
4158384386,0.41582108,0.18753232,0.39664662
4158451273,0.53282136,0.093581855,0.37359676
4158743498,0.7497168,0.07302392,0.17725928
4159132124,0.26142177,0.5038813,0.23469701
4159245152,0.3678492,0.33029225,0.30185854
4159309891,0.545357,0.15430504,0.300338
4159507048,0.5377076,0.1551442,0.30714822
4159678504,0.21091062,0.42157036,0.36751905
4159948020,0.5105399,0.30080697,0.18865317
4160041844,0.34324402,0.37313992,0.28361607
4160080732,0.33606333,0.4038081,0.26012862
4161848152,0.34527272,0.3978678,0.25685948
4161900564,0.16399933,0.65258455,0.18341613
4163224880,0.19977011,0.48571303,0.3145169
4165049322,0.6878408,0.10356683,0.20859233
4165271952,0.6688363,0.14511879,0.18604492
4165744583,0.27979743,0.4530209,0.26718172
4165888321,0.65640414,0.09991415,0.24368168
4166070957,0.4651304,0.20008457,0.334785
4167041644,0.23549251,0.39323816,0.37126935
4167510653,0.4554375,0.22485964,0.31970283
4167987440,0.25752723,0.35584867,0.38662416
4168035588,0.21115771,0.10917248,0.67966986
4168221952,0.13483408,0.19846778,0.66669816
4168612425,0.5655696,0.2038767,0.2305537
4169040683,0.18077888,0.21699588,0.60222524
4169063775,0.14588751,0.6481818,0.20593074
4169152145,0.2363263,0.4885989,0.27507478
4169233066,0.46166712,0.22261289,0.31571996
4169672936,0.40575,0.21158835,0.3826616
4169808721,0.40288246,0.17709978,0.4200178
4170309703,0.23571847,0.39974204,0.36453947
4171574309,0.20113851,0.52689296,0.27196854
4172199233,0.3415718,0.40667245,0.25175574
4172633408,0.46125567,0.32300085,0.21574353
4173848971,0.18289791,0.6019425,0.21515964
4174491416,0.58713436,0.19237654,0.22048905
4174492587,0.3656176,0.3032808,0.3311016
4174542085,0.20868252,0.5608842,0.23043332
4175808371,0.083863646,0.7960532,0.1200832
4176523478,0.40143314,0.24609375,0.3524731
4176579531,0.32843974,0.30022988,0.37133038
4176634784,0.504043,0.31761053,0.1783465
4176660341,0.32913455,0.37701222,0.29385322
4178875598,0.49826494,0.24030615,0.26142886
4178943362,0.3500435,0.33025426,0.31970227
4179296178,0.606248,0.11465611,0.27909583
4179381779,0.7385663,0.11027346,0.1511602
4180035916,0.40947044,0.37073278,0.21979679
4180555882,0.49279645,0.12914003,0.3780635
4180691754,0.3926977,0.2550018,0.35230055
4181145755,0.30708647,0.28270885,0.41020468
4181333398,0.15391976,0.65901595,0.18706432
4181782696,0.4077282,0.26649156,0.32578027
4181836058,0.3041618,0.44546488,0.2503734
4182616832,0.5880534,0.15255113,0.2593955
4182804422,0.5170802,0.15616901,0.32675081
4183250484,0.37977523,0.23326181,0.38696298
4183528909,0.39083478,0.269976,0.33918926
4183802871,0.5186148,0.19251673,0.28886843
4185040809,0.23472512,0.3014124,0.46386248
4185590859,0.29656157,0.43465677,0.2687816
4185651940,0.13714233,0.3520995,0.51075816
4185904846,0.4463246,0.22892019,0.32475525
4186030397,0.21750899,0.44698364,0.3355074
4187058305,0.35052696,0.32558227,0.32389078
4187953419,0.47287917,0.21002574,0.3170951
4188329461,0.6060943,0.20756318,0.18634248
4188445429,0.114054665,0.37782112,0.50812423
4188701931,0.44246832,0.28718132,0.27035037
4188718061,0.6058472,0.21092807,0.1832247
4188719719,0.30968416,0.4297218,0.2605941
4189673017,0.53201085,0.17260192,0.2953872
4189903114,0.44178855,0.23654683,0.32166463
4190123713,0.18233243,0.5146926,0.30297497
4190625764,0.12792459,0.6868781,0.18519731
4190694161,0.29123855,0.42191666,0.28684482
4191278050,0.27449617,0.3012069,0.42429695
4191560269,0.728608,0.09849344,0.17289864
4191582295,0.23203439,0.50451297,0.26345265
4191601943,0.1136529,0.592958,0.2933891
4192070310,0.39715433,0.4109608,0.19188488
4192504949,0.28634945,0.31939447,0.39425606
4192767001,0.39141682,0.3220479,0.28653523
4193064537,0.7291032,0.09728466,0.17361212
4193318395,0.2579314,0.50496876,0.23709984
4194365901,0.44000292,0.31100506,0.24899204
4194842638,0.33885926,0.33226702,0.32887375
4194936305,0.91276115,0.012987013,0.07425187
4195185784,0.15016913,0.6183075,0.2315234
4195418175,0.6850821,0.11272082,0.20219712
4195574869,0.32371554,0.40306884,0.2732156
4196281932,0.63884,0.123556666,0.23760332
4196962833,0.24095437,0.5737511,0.18529457
4197054597,0.7177818,0.12012817,0.16209002
4197297122,0.26975054,0.55564505,0.17460443
4198361575,0.36773318,0.3438844,0.28838244
4198495861,0.44999844,0.27001435,0.2799872
4198991505,0.18522455,0.66217184,0.15260363
4199527387,0.65405905,0.11888336,0.2270576
4200041412,0.28198817,0.11767101,0.60034084
4200232113,0.28174642,0.46867377,0.24957986
4200624010,0.4975066,0.2988989,0.20359455
4200906337,0.65985996,0.020799406,0.31934068
4201190277,0.25190154,0.43632296,0.3117755
4201405075,0.50655115,0.17128997,0.32215884
4202216689,0.50434,0.062153753,0.43350625
4202313126,0.71500754,0.13466598,0.15032642
4202449564,0.30752796,0.44401315,0.24845888
4202628431,0.33904055,0.21207833,0.44888118
4202758869,0.47530267,0.13127042,0.39342695
4202792520,0.3614566,0.25152287,0.38702047
4202867269,0.09731819,0.21782988,0.68485194
4203001345,0.336221,0.32600895,0.33777004
4203049462,0.6954358,0.14172995,0.16283421
4203226639,0.548622,0.1787231,0.2726549
4203271127,0.35508442,0.3470558,0.2978598
4203336799,0.36353672,0.35120982,0.2852534
4203897703,0.64880997,0.1564565,0.19473355
4203921554,0.3580921,0.20466495,0.43724298
4203929745,0.38869998,0.28485236,0.3264477
4204314195,0.3943751,0.26953816,0.33608678
4204597476,0.37786314,0.3049137,0.3172231
4205227067,0.3309063,0.33928597,0.32980776
4205236413,0.3239672,0.4744429,0.20158997
4205448449,0.10995901,0.71601427,0.17402677
4205539430,0.21613689,0.24841408,0.535449
4206620868,0.41763753,0.33820188,0.2441606
4206928033,0.16193247,0.6601003,0.17796725
4207350137,0.5966982,0.19429745,0.20900428
4207399881,0.28837353,0.43089196,0.28073457
4207458018,0.41544887,0.1896091,0.39494205
4208094018,0.49395496,0.28161895,0.22442602
4208245481,0.40218654,0.26748157,0.3303319
4208315932,0.3854791,0.37871554,0.23580539
4208697224,0.5190556,0.17737046,0.30357394
4209248786,0.27561763,0.4547252,0.26965716
4209382341,0.121694036,0.6690399,0.20926605
4209560151,0.7096871,0.1013536,0.18895926
4209717362,0.33348456,0.33622494,0.33029047
4209884162,0.4186553,0.27753404,0.30381066
4210113770,0.04190505,0.054690007,0.90340495
4210219819,0.60667336,0.19082442,0.20250219
4210274742,0.6118433,0.17738175,0.21077491
4210933969,0.24227902,0.4054563,0.35226467
4211385637,0.49336,0.22538203,0.28125796
4211405339,0.8744941,0.035381883,0.090123974
4211877091,0.62299544,0.1824446,0.19456
4212250620,0.14779261,0.5099052,0.34230217
4212432760,0.26373968,0.44322732,0.29303297
4212517026,0.3233654,0.48347354,0.19316106
4213461981,0.4350921,0.27985948,0.2850484
4213576227,0.22035371,0.27854562,0.5011007
4213950427,0.2376252,0.5034819,0.25889292
4214279148,0.013243997,0.91736084,0.06939517
4214325799,0.18771523,0.31585005,0.49643472
4214785258,0.37169513,0.31460956,0.3136953
4214893518,0.46091464,0.20600991,0.33307546
4215257267,0.7696845,0.08608086,0.14423461
4216024617,0.1360068,0.7334346,0.1305586
4216204587,0.22258238,0.4579153,0.31950232
4216751888,0.28721416,0.2041546,0.5086312
4217158358,0.5863886,0.162424,0.2511874
4217667437,0.6504261,0.12396195,0.22561197
4217724456,0.31325778,0.2124494,0.47429284
4217960996,0.18569289,0.60312456,0.21118256
4218567078,0.3270443,0.32607657,0.3468791
4219164523,0.5057849,0.199144,0.29507107
4219212483,0.31840563,0.23581895,0.44577545
4219667568,0.44275078,0.23762448,0.31962472
4219980097,0.2978918,0.46823588,0.23387234
4220056378,0.37713853,0.3767739,0.24608758
4220233372,0.2717999,0.47107628,0.2571239
4220521423,0.52102375,0.23513564,0.24384063
4220767928,0.23184587,0.5644788,0.20367531
4220898398,0.21925382,0.4980597,0.28268656
4221564991,0.47629535,0.2847208,0.23898377
4221594129,0.48532435,0.25525767,0.259418
4221790380,0.3891838,0.40850493,0.2023113
4222267907,0.61294484,0.21605022,0.17100494
4222362831,0.16712987,0.65152174,0.18134838
4222536975,0.2442599,0.437839,0.31790113
4222545106,0.21132673,0.43330017,0.35537305
4222806304,0.28980035,0.44012812,0.27007148
4223413602,0.3448552,0.31808206,0.3370628
4223763439,0.24958023,0.16711333,0.58330643
4223786561,0.56846935,0.19368309,0.23784761
4224546335,0.28131208,0.2914321,0.4272558
4224707626,0.5299127,0.22018722,0.2499001
4224812135,0.48355213,0.24330373,0.27314422
4225011878,0.21584404,0.38340005,0.40075588
4225023243,0.36861864,0.15199745,0.4793839
4225093378,0.19077356,0.47234258,0.3368838
4225138094,0.3104398,0.49732834,0.1922319
4225163398,0.4318643,0.25741297,0.31072277
4225353156,0.32180834,0.3036484,0.37454325
4225571345,0.5185862,0.14726236,0.33415142
4226163107,0.8096624,0.08360692,0.10673065
4226180259,0.44287524,0.27653873,0.28058597
4226335147,0.36745608,0.31618923,0.31635463
4227253840,0.26474696,0.22461241,0.51064056
4227312268,0.6327657,0.1938585,0.17337582
4227725606,0.50829864,0.27037048,0.22133088
4228007665,0.55482185,0.15813337,0.2870447
4228138689,0.5895862,0.13275571,0.2776581
4228256019,0.6726896,0.11998527,0.20732518
4228318696,0.29453477,0.43568465,0.2697806
4228353914,0.585995,0.15908042,0.2549246
4228604298,0.401246,0.32590026,0.27285367
4228695445,0.42457914,0.34843156,0.22698933
4228984049,0.4590078,0.24447729,0.2965149
4229029324,0.65139616,0.16999458,0.17860922
4229393037,0.69819814,0.16679259,0.13500926
4229911856,0.31357613,0.34850866,0.33791518
4230038459,0.25842163,0.2808404,0.460738
4230051950,0.28250054,0.29887512,0.41862434
4230209886,0.48601618,0.2242086,0.28977522
4230441485,0.1919386,0.6287873,0.17927419
4230725414,0.531042,0.18396951,0.28498846
4230739518,0.42473978,0.34601194,0.22924833
4230892453,0.35944575,0.28830135,0.3522529
4231384754,0.35417634,0.30034703,0.3454766
4231741198,0.6846687,0.14657263,0.16875862
4231776347,0.24926704,0.4505417,0.30019122
4231882408,0.3892675,0.326037,0.28469554
4232369605,0.31809574,0.35707065,0.3248336
4232370083,0.39342472,0.2920107,0.3145645
4232938051,0.20796052,0.5599297,0.23210977
4233715289,0.18150423,0.3642708,0.45422494
4234169862,0.435581,0.28054792,0.28387105
4234476464,0.3072706,0.40987876,0.28285068
4234523403,0.42505783,0.3065853,0.26835686
4234712904,0.2735272,0.5130252,0.21344757
4234765453,0.18644245,0.2225039,0.59105366
4234795762,0.2006373,0.55648583,0.24287683
4234950574,0.273029,0.35958976,0.36738122
4235255992,0.45770648,0.24173367,0.30055982
4235648171,0.36166236,0.39438194,0.24395564
4235860183,0.24347812,0.045976333,0.71054554
4238232738,0.43488735,0.2991989,0.2659137
4238625973,0.33412707,0.3294132,0.3364597
4238884365,0.7322946,0.10718586,0.16051953
4239786468,0.6396442,0.15451692,0.2058389
4239797148,0.51628006,0.2036674,0.2800525
4240290277,0.5451361,0.26745036,0.18741356
4240586774,0.33707583,0.27852753,0.38439667
4240757348,0.5011414,0.19000241,0.3088562
4241624870,0.121895835,0.74066144,0.13744272
4241628733,0.33991477,0.32975414,0.33033106
4241735652,0.5115487,0.21506809,0.2733832
4241740209,0.58204645,0.19063406,0.2273195
4242799175,0.38399476,0.2997142,0.31629103
4242852890,0.28694117,0.18102305,0.5320358
4243481980,0.61803496,0.18051149,0.20145355
4243571764,0.2855664,0.37690413,0.3375295
4243595775,0.31812677,0.3185126,0.36336064
4243823481,0.38929272,0.30944997,0.30125728
4243849908,0.74456316,0.1308766,0.124560244
4243946394,0.51768154,0.27855158,0.20376687
4244070647,0.43259528,0.29241464,0.27499014
4244250227,0.10779849,0.71122617,0.18097532
4244417844,0.32713398,0.33516142,0.33770457
4244431598,0.20969142,0.5289607,0.26134783
4244624277,0.70102674,0.14988685,0.14908645
4245042959,0.4511134,0.264224,0.2846626
4245742064,0.33007497,0.4196895,0.25023556
4245852874,0.5641122,0.15275866,0.28312916
4246104267,0.20047072,0.60042,0.19910927
4246145958,0.543144,0.25031552,0.20654048
4246910794,0.27142435,0.29812354,0.43045208
4248248688,0.08836824,0.6551355,0.25649625
4248918673,0.36153048,0.308326,0.33014348
4249061273,0.48061544,0.24760173,0.27178276
4249591092,0.33301783,0.18113679,0.48584542
4250152966,0.4728925,0.3264618,0.20064566
4250303195,0.20888533,0.30327916,0.48783547
4250431344,0.34086138,0.33001554,0.3291231
4250515153,0.35010615,0.43130508,0.21858881
4251419663,0.30009782,0.400077,0.29982522
4251655740,0.3871602,0.33203983,0.28079998
4251997215,0.24741653,0.3537947,0.39878878
4252105159,0.23956917,0.37628245,0.38414845
4252148758,0.8007804,0.04392137,0.15529826
4252236885,0.24364586,0.5442118,0.21214229
4252278635,0.53484195,0.2032549,0.2619031
4252611580,0.5577659,0.19663443,0.24559975
4252780540,0.3195652,0.3548358,0.32559898
4253133475,0.27180946,0.4908116,0.23737898
4253458875,0.1825439,0.1209162,0.6965399
4253743033,0.23624934,0.5323872,0.2313635
4253855217,0.3284813,0.41985244,0.25166634
4253954230,0.15567252,0.66527665,0.17905085
4254014246,0.40247813,0.2916872,0.30583465
4254030033,0.4570365,0.25882694,0.2841366
4254291157,0.32745335,0.46906373,0.20348296
4254627312,0.4897222,0.24219626,0.26808158
4254718393,0.41439697,0.29350913,0.29209393
4255396969,0.7237687,0.07067459,0.20555672
4255946083,0.09003421,0.092285305,0.8176804
4256267847,0.5160311,0.15552785,0.3284411
4257682815,0.16202933,0.6601809,0.17778975
4257769834,0.40600935,0.28009385,0.31389683
4258399976,0.23500605,0.41919547,0.34579846
4258496722,0.28831008,0.31926215,0.3924278
4259226169,0.36985314,0.30683678,0.32331002
4259402419,0.6281781,0.08809295,0.28372887
4260108353,0.2908139,0.44654712,0.26263905
4260299428,0.71402884,0.06970576,0.2162654
4260686685,0.1660356,0.5923389,0.24162555
4260952099,0.3455781,0.3975242,0.25689772
4261028517,0.34818536,0.09096576,0.56084883
4261237457,0.53320056,0.2763435,0.19045593
4261273385,0.4420394,0.13481453,0.42314604
4261336515,0.2519284,0.40263087,0.34544075
4261497204,0.1932672,0.24380772,0.56292516
4262605526,0.33352414,0.349672,0.31680387
4262902523,0.54195446,0.23082995,0.22721559
4264659096,0.3773926,0.3402912,0.2823162
4264681933,0.32876682,0.39564952,0.27558368
4267006161,0.4917605,0.10648058,0.40175897
4267061034,0.48967177,0.3462908,0.16403751
4267097719,0.4574651,0.18369846,0.35883644
4267196458,0.42237887,0.3050278,0.27259332
4267369230,0.279255,0.1774814,0.54326355
4267658380,0.25627443,0.43510196,0.3086236
4267816052,0.3277096,0.33964327,0.33264711
4267825232,0.31053856,0.31819764,0.3712638
4267842464,0.3302817,0.3572465,0.31247178
4268463572,0.2422156,0.26489764,0.49288675
4268623850,0.38776785,0.34515595,0.26707625
4269176867,0.37902933,0.29760924,0.32336143
4269432262,0.5544984,0.1345894,0.3109122
4269875860,0.20858131,0.3807334,0.41068527
4269942668,0.14120084,0.60261315,0.256186
4270119062,0.32647517,0.3004566,0.37306818
4270319858,0.20340832,0.5197722,0.27681947
4270462930,0.52987474,0.26840177,0.2017235
4270976008,0.5782476,0.15596554,0.26578683
4270999872,0.42562422,0.19539651,0.37897927
4271142424,0.46807078,0.34143266,0.1904966
4272156486,0.15258336,0.6927183,0.15469836
4272676520,0.29956385,0.25761187,0.44282433
4273071664,0.3957467,0.19245657,0.41179675
4273873978,0.30350715,0.42890513,0.26758775
4274051522,0.18971771,0.52052563,0.28975666
4274103601,0.43731847,0.2742127,0.28846884
4275302318,0.30766344,0.2812103,0.41112623
4275450265,0.19497445,0.22071964,0.58430594
4276805534,0.119583905,0.64396423,0.23645186
4277008043,0.39441487,0.28071752,0.3248676
4277223851,0.428041,0.24802905,0.32392994
4277271545,0.23879914,0.5489377,0.21226315
4277509038,0.37987307,0.23418616,0.38594082
4277837113,0.66767645,0.18919992,0.14312367
4278458723,0.2475465,0.18471591,0.5677376
4278482422,0.42835736,0.3377473,0.2338954
4279223698,0.5551802,0.14549194,0.29932794
4279561409,0.3639957,0.3245914,0.31141287
4279681581,0.4377327,0.28959668,0.2726706
4281154579,0.6038388,0.18185186,0.21430935
4281253512,0.6070087,0.16667442,0.22631691
4281352225,0.6481819,0.11477823,0.23703986
4281865286,0.5134626,0.20937802,0.2771594
4282275530,0.3586876,0.32222635,0.31908602
4282382142,0.21006739,0.63271445,0.15721811
4282389129,0.43031543,0.30449268,0.26519182
4282391095,0.1745734,0.53820175,0.28722486
4283090386,0.32260743,0.29088297,0.3865096
4283551632,0.43295693,0.32115462,0.24588837
4283656635,0.3441669,0.32346702,0.33236608
4284651189,0.47927365,0.214969,0.3057573
4286063033,0.38308704,0.27508393,0.34182897
4286370847,0.45082262,0.37423536,0.17494199
4286870218,0.4828048,0.2701976,0.24699768
4287112149,0.28984004,0.5054021,0.20475788
4287142896,0.697268,0.1197463,0.18298572
4287311513,0.1748688,0.66345453,0.16167662
4287338112,0.3661736,0.31417447,0.319652
4287998773,0.45941037,0.31273174,0.22785787
4288100799,0.3858008,0.36795732,0.24624191
4288748445,0.1765348,0.65206707,0.17139815
4289338231,0.50383365,0.29096326,0.20520301
4289597006,0.19507614,0.5652743,0.23964956
4289792977,0.27848905,0.39889693,0.32261404
4290288634,0.47092122,0.2665811,0.26249772
4291235817,0.22016566,0.62854964,0.15128477
4291300179,0.70636857,0.078327894,0.21530357
4291970601,0.2687204,0.4623596,0.26892003
4292359809,0.39774472,0.35626295,0.24599233
4292563026,0.3716227,0.3544258,0.2739515
4292709507,0.35510015,0.23355058,0.41134927
4293430216,0.3237814,0.39859542,0.27762315
4293765835,0.31894112,0.37781027,0.3032486
4293849459,0.5894536,0.1580056,0.2525408
4293990653,0.37018043,0.3443043,0.2855153
4294349169,0.12613234,0.70099217,0.17287554
4294656694,0.42272034,0.19560999,0.3816697
4294899228,0.42828766,0.29098052,0.28073186
65089,0.3625024,0.32022026,0.31727734
441448,0.4664514,0.23136178,0.30218676
738614,0.22910374,0.47460207,0.29629415
863398,0.44082865,0.29480916,0.26436222
1458108,0.32460847,0.24024041,0.43515107
2388511,0.5206005,0.25833198,0.22106744
3373963,0.5032362,0.23726417,0.25949967
3567106,0.27990678,0.29662856,0.42346466
3578663,0.30814263,0.3828554,0.30900195
3622781,0.17828591,0.5513147,0.2703994
3777134,0.6172413,0.17877534,0.2039834
3994811,0.2898241,0.50772285,0.20245303
4356730,0.29196182,0.43296677,0.27507135
4486480,0.27265903,0.26693466,0.46040624
5166668,0.81649894,0.056158867,0.12734221
5498037,0.3759664,0.31411287,0.30992076
5530797,0.09793241,0.6997393,0.20232831
6058088,0.3768693,0.2952592,0.3278715
6223290,0.589772,0.1681102,0.24211773
6241568,0.33553296,0.38749573,0.27697128
6447538,0.7901595,0.031252995,0.17858745
6570133,0.24728425,0.50056964,0.2521461
7271889,0.451208,0.12781443,0.42097756
7484756,0.45385277,0.2388885,0.30725867
8027538,0.30137038,0.45792064,0.24070902
8173595,0.7420936,0.116153024,0.14175327
8639923,0.5106444,0.22302446,0.2663312
9424912,0.15377462,0.59415245,0.25207296
9601406,0.381268,0.32155216,0.2971799
10403116,0.12985802,0.7142898,0.15585214
10622974,0.48220557,0.2269356,0.2908589
10909236,0.16956636,0.58990836,0.24052525
10966560,0.4079187,0.24653184,0.34554946
11955851,0.33484197,0.39588976,0.26926824
12688674,0.56019944,0.16846465,0.27133593
13657431,0.49682507,0.17492022,0.32825467
13797059,0.50495625,0.24180666,0.25323704
14354101,0.31616,0.22646658,0.45737335
14451315,0.37343356,0.4078326,0.21873389
14819628,0.4010626,0.31219906,0.28673837
15193241,0.630077,0.18166421,0.1882588
15214568,0.21284929,0.3881809,0.39896986
15551443,0.25292972,0.54513615,0.20193414
15762385,0.4210047,0.35982913,0.2191662
15945921,0.2548961,0.14787109,0.59723276
16503078,0.19192287,0.10770991,0.7003672
16587778,0.4239509,0.23971073,0.33633837
17441805,0.6479991,0.1706093,0.18139158
17697317,0.14964426,0.05110329,0.7992524
17994707,0.37969372,0.20629857,0.4140077
18161882,0.742553,0.07775273,0.17969428
18240359,0.10117415,0.08832209,0.8105038
18667468,0.22808003,0.3153407,0.45657933
19610571,0.76375747,0.051930152,0.18431233
20317893,0.35185742,0.39935073,0.24879187
21363092,0.6259102,0.13735992,0.23672988
21397191,0.2567366,0.34966528,0.39359805
22179610,0.12919743,0.6116128,0.25918975
22225330,0.4517446,0.21300207,0.3352534
22513174,0.5182414,0.16864376,0.3131148
22730772,0.6094488,0.13019529,0.2603559
22921409,0.1899031,0.47712013,0.3329767
23109454,0.53697383,0.07029846,0.3927277
23626873,0.10727358,0.6701198,0.22260663
23981422,0.23347962,0.46088928,0.30563107
24156886,0.2961349,0.5231936,0.18067145
24212890,0.064772576,0.7522555,0.18297191
24866717,0.38028368,0.26207104,0.35764518
25419050,0.2865248,0.45684162,0.25663364
25545380,0.22956848,0.46799764,0.30243388
25560438,0.2645148,0.4184564,0.31702882
26009090,0.43791088,0.22411835,0.33797073
26092030,0.41943985,0.2984153,0.2821448
26344235,0.43219227,0.2522364,0.31557137
26752065,0.2863553,0.47012734,0.24351735
26786929,0.37766144,0.28765386,0.33468476
27094543,0.26500145,0.41209882,0.32289967
27368944,0.3710061,0.28012758,0.3488663
28084074,0.502015,0.3095776,0.18840739
28683800,0.35864228,0.3267665,0.31459126
29781135,0.66209686,0.16324504,0.17465818
29819376,0.45667443,0.31850395,0.22482163
30116192,0.2907409,0.44185936,0.26739976
30614122,0.21863756,0.54674107,0.2346214
30621995,0.270328,0.32541326,0.40425873
31538450,0.1519375,0.62930715,0.2187554
31731551,0.16669245,0.06178003,0.7715276
32574248,0.21810554,0.5216972,0.26019725
32619509,0.52421856,0.2235446,0.25223678
32638273,0.5720651,0.32210675,0.10582819
33583573,0.3876873,0.29878753,0.3135252
33944248,0.11436734,0.721038,0.16459471
34378632,0.53410435,0.19544698,0.27044868
34480121,0.14640546,0.16622552,0.687369
34504374,0.45704195,0.18575242,0.35720563
34649448,0.48922825,0.29043585,0.22033593
35073394,0.20407769,0.19833544,0.59758687
35076201,0.3300779,0.34591427,0.32400784
35235817,0.31105578,0.40390548,0.2850387
35322214,0.17931129,0.6626917,0.15799701
35662089,0.8147339,0.058831267,0.1264348
36278274,0.049996346,0.82289016,0.1271135
36545767,0.31143433,0.51722413,0.17134157
36963252,0.31417698,0.1801303,0.5056927
37058073,0.26025942,0.5653085,0.17443204
37132737,0.5858973,0.24760379,0.16649887
37358949,0.28053936,0.33899206,0.38046855
37951752,0.4517295,0.29031575,0.2579547
38558732,0.29547772,0.44421333,0.26030892
38857249,0.44351757,0.3004166,0.25606588
39145012,0.29452637,0.41981044,0.28566322
39180293,0.57399553,0.21096797,0.21503656
39962815,0.20360923,0.5409018,0.255489
40222815,0.33063778,0.39949188,0.2698703
40307655,0.053040836,0.8041761,0.14278302
41123370,0.3025939,0.23781149,0.4595946
41689846,0.26115295,0.23102196,0.5078251
41729147,0.40308046,0.29618692,0.3007326
42363635,0.31857207,0.34325013,0.3381778
42439658,0.30106437,0.23809426,0.46084133
42584195,0.3896407,0.24329698,0.36706227
42832538,0.6362623,0.14489138,0.2188463
43053669,0.2925619,0.47653216,0.23090594
44113499,0.5573658,0.19147238,0.25116187
44216523,0.6301559,0.12657279,0.24327129
44341326,0.2253121,0.49612918,0.27855864
44654591,0.49665675,0.2730469,0.23029639
44801794,0.36405244,0.28530422,0.35064334
45239136,0.69544804,0.05667291,0.24787907
45768623,0.53438836,0.24530154,0.2203101
45813536,0.31181282,0.42111066,0.26707655
45963597,0.4041619,0.25040537,0.3454328
45978184,0.3383832,0.36715716,0.29445964
46626014,0.18046772,0.5253443,0.29418796
46944333,0.3487878,0.3602785,0.29093373
47717262,0.5063207,0.25646174,0.23721762
47734761,0.6103203,0.19785653,0.19182315
47769825,0.26341394,0.49622676,0.24035934
47964341,0.6444968,0.16595055,0.18955259
48015690,0.6493937,0.14149427,0.20911205
48081420,0.3150734,0.38046637,0.30446023
48139544,0.455615,0.22546586,0.31891912
48259531,0.5988239,0.14748652,0.25368956
48430092,0.3496083,0.1686537,0.481738
48469580,0.18699437,0.5984549,0.21455072
48656223,0.36489865,0.31764266,0.31745866
48707291,0.39061978,0.29832008,0.31106016
49568525,0.47078767,0.23771091,0.29150134
49697314,0.6644731,0.11899744,0.21652952
50045381,0.6193941,0.10656836,0.27403748
50656327,0.48483953,0.17813641,0.3370241
50756439,0.2040531,0.39876482,0.39718205
51473653,0.38463905,0.30694562,0.30841535
51526530,0.3163885,0.39747104,0.2861405
51618708,0.25770608,0.51114416,0.2311498
52934238,0.14086421,0.65576017,0.20337565
54024689,0.18970631,0.62900037,0.18129334
54080316,0.1423154,0.7025777,0.15510689
54148055,0.70039576,0.09236566,0.20723857
54447870,0.5959605,0.21510918,0.18893032
54551429,0.57966435,0.07708011,0.34325558
54931325,0.36249545,0.31976143,0.3177431
56345886,0.0569437,0.6664182,0.2766381
56470233,0.29309487,0.40595824,0.30094692
56591099,0.16568342,0.6123595,0.221957
56649304,0.47174314,0.33255136,0.19570553
56787434,0.5553262,0.16183902,0.28283483
56969406,0.23031268,0.4878905,0.28179678
57581451,0.05161279,0.03401708,0.9143701
58127902,0.42309636,0.35975543,0.2171482
58200921,0.35651186,0.32076532,0.32272282
58730565,0.19333756,0.55079156,0.25587085
58844122,0.14619184,0.68715173,0.16665645
59076194,0.3846858,0.2622464,0.35306782
59131163,0.32241693,0.2648827,0.41270038
59346615,0.15673007,0.62594724,0.21732274
59377658,0.44983262,0.16572244,0.38444492
59404377,0.4842537,0.25832495,0.25742128
59808824,0.5010235,0.20656587,0.29241064
59939964,0.29606834,0.40999198,0.29393968
60193558,0.44254902,0.27579713,0.28165385
60545540,0.27583724,0.41903308,0.30512965
61303490,0.5215149,0.22209695,0.2563881
61327490,0.3721453,0.32662195,0.30123276
61999541,0.28744042,0.37661442,0.33594516
62077669,0.70910424,0.14019138,0.15070444
62142106,0.22647859,0.47844312,0.29507828
62750940,0.5266933,0.2777067,0.19559999
62764458,0.366465,0.2590737,0.3744613
63619026,0.25449523,0.31868055,0.42682424
63699891,0.7345753,0.13181455,0.13361013
64112033,0.6550541,0.14807996,0.19686587
64150085,0.31225267,0.27627653,0.41147077
64247839,0.34148565,0.44518176,0.21333256
64711480,0.18110946,0.31269446,0.506196
64887855,0.58012086,0.16296451,0.2569146
64987913,0.542308,0.23108113,0.22661087
65555822,0.35384822,0.34287187,0.3032799
65632389,0.6156103,0.13991907,0.24447061
65900695,0.3358678,0.31370023,0.35043195
66155606,0.34363243,0.39936385,0.25700375
66258110,0.32777762,0.110310905,0.56191146
66440298,0.25460514,0.3702162,0.3751786
66507627,0.6255005,0.13641703,0.23808247
66663160,0.20128836,0.38654143,0.4121702
68299707,0.20144087,0.5091202,0.2894389
68920028,0.28030038,0.47107458,0.24862504
69721128,0.34772512,0.302249,0.35002583
69753463,0.25920478,0.3058919,0.43490335
69767403,0.52590096,0.17172506,0.30237398
70186050,0.10131606,0.7150215,0.18366244
70585397,0.23981352,0.48840877,0.27177766
70977611,0.48047608,0.33335117,0.18617275
71955180,0.18334092,0.5466804,0.2699787
72035655,0.37488145,0.2983843,0.32673427
72350385,0.27411932,0.23002958,0.49585107
73249283,0.13419236,0.20964274,0.6561648
73298758,0.38685012,0.3379892,0.27516067
73323467,0.21705598,0.6581432,0.12480076
73704096,0.38458142,0.2849814,0.3304372
73821264,0.68360895,0.1295345,0.18685648
74109885,0.47110587,0.21439223,0.31450185
74125158,0.3954219,0.25563046,0.34894767
74321866,0.1823499,0.26762936,0.55002075
75636523,0.3420574,0.32936463,0.32857794
76043195,0.26704615,0.40167028,0.3312836
76089710,0.16989294,0.6011488,0.22895831
76189828,0.3123605,0.43931586,0.24832359
76316376,0.27769735,0.21963663,0.502666
77139482,0.46135217,0.26123217,0.27741566
77367943,0.14707898,0.42839608,0.42452493
78445775,0.16281484,0.6421377,0.19504751
78726841,0.09801699,0.7304332,0.17154977
79293841,0.13535741,0.66125906,0.20338354
79818028,0.25118393,0.25529432,0.49352178
80014216,0.12978855,0.5527664,0.31744504
80186619,0.3492255,0.21607676,0.43469772
80552572,0.21737854,0.45262125,0.33000022
80704803,0.56740165,0.19115312,0.24144524
80968808,0.32157162,0.34318456,0.3352438
81238423,0.14893621,0.46110255,0.3899613
81304812,0.40673336,0.25625926,0.33700737
81562417,0.57462054,0.1554119,0.26996753
82826838,0.32224008,0.32752588,0.35023403
82880589,0.31864074,0.30809826,0.373261
83379819,0.5302405,0.11682711,0.35293236
83407252,0.29492116,0.49402106,0.21105774
83732566,0.22136341,0.48581976,0.2928168
84096412,0.35957408,0.30685297,0.33357295
84762535,0.46101612,0.1835742,0.3554097
85115442,0.29742926,0.2685731,0.43399772
86015370,0.12686399,0.5521407,0.3209953
86491823,0.23966436,0.32747674,0.43285888
86721623,0.2677638,0.46773592,0.26450035
87127901,0.37500986,0.46462646,0.16036367
87907321,0.37384123,0.17217705,0.45398173
88189114,0.33447403,0.4023457,0.2631803
88362449,0.10685812,0.65760106,0.23554084
88506917,0.34312335,0.29745293,0.35942376
88787348,0.3746698,0.21260059,0.41272965
88927863,0.32280478,0.29411575,0.38307953
89112337,0.3631563,0.21590792,0.42093584
89253632,0.21752124,0.55046713,0.23201165
89555505,0.43160135,0.1135154,0.45488322
89633373,0.6624807,0.12882611,0.20869316
90264798,0.39460745,0.347512,0.2578805
90353060,0.27178028,0.53590274,0.192317
90752096,0.2964219,0.479935,0.22364315
90898779,0.06692039,0.5386364,0.39444324
91135016,0.8379445,0.035391998,0.12666355
91249465,0.6070582,0.1808335,0.21210827
91542193,0.20751569,0.49499875,0.29748553
91574025,0.2639356,0.55544925,0.18061516
93119658,0.46759576,0.31791645,0.21448776
93187704,0.18823387,0.42719173,0.3845744
93800091,0.26361778,0.28721005,0.44917217
94324643,0.50413984,0.24549429,0.25036588
94505586,0.26945826,0.5298214,0.20072037
94550320,0.3945044,0.2734682,0.33202744
94675401,0.57359,0.164106,0.26230398
95912792,0.24565178,0.5734452,0.18090305
95981558,0.29756054,0.46548533,0.23695415
95989196,0.42276382,0.13783915,0.439397
96519810,0.22985344,0.46183357,0.30831295
96946600,0.22719288,0.24873723,0.5240699
97484822,0.108720526,0.5558413,0.33543816
97774303,0.36169913,0.13892218,0.49937868
98000427,0.4610449,0.35014084,0.18881428
98828183,0.14466254,0.66432935,0.19100812
99419594,0.19268557,0.56915736,0.23815711
99810117,0.69149417,0.14407055,0.16443528
100242235,0.696131,0.12607011,0.17779899
100683546,0.2194856,0.5992182,0.18129624
101218967,0.21827617,0.58467764,0.1970462
101577952,0.30018875,0.33875555,0.3610557
101762713,0.48955476,0.20578708,0.3046582
101892776,0.28371942,0.47023875,0.24604183
102274264,0.323124,0.39895597,0.27792007
102440574,0.595834,0.2253417,0.17882425
102481158,0.33671296,0.33419716,0.32908985
102557686,0.17348774,0.28442726,0.542085
102766546,0.20281687,0.28260216,0.5145809
102800243,0.43270564,0.28173512,0.28555918
103513055,0.4159641,0.27557686,0.3084591
103521570,0.27144346,0.43532842,0.2932281
103706682,0.37209004,0.32035813,0.3075518
104062312,0.32097837,0.33228087,0.34674072
104234339,0.37400565,0.33954003,0.28645426
104419242,0.40604675,0.29685932,0.29709393
105091542,0.19487637,0.3893199,0.41580376
105651124,0.67167896,0.12803258,0.20028844
105706836,0.27390775,0.42078897,0.30530334
105763138,0.27583763,0.401805,0.32235733
105949611,0.6440843,0.1694726,0.18644306
106083975,0.41693312,0.064257346,0.5188095
106235130,0.22845714,0.5211693,0.2503736
106390115,0.18120971,0.2469746,0.5718157
106419164,0.06403535,0.08396571,0.851999
107269005,0.43024752,0.2887859,0.28096655
107283019,0.58538604,0.16308218,0.25153178
107674127,0.201809,0.5942212,0.20396982
108309396,0.27519053,0.32169455,0.40311489
108666474,0.66807,0.11585918,0.21607079
109525309,0.27285743,0.3661226,0.36101994
110883364,0.59007853,0.14384438,0.26607716
111333777,0.38984436,0.4034006,0.20675504
111472473,0.24354914,0.53762156,0.21882929
111478329,0.3064924,0.23171155,0.46179602
111741281,0.3084731,0.40914288,0.28238404
112344150,0.6817664,0.1086994,0.20953423
112573067,0.37007743,0.34379658,0.28612596
112587107,0.30514914,0.38525695,0.3095939
112768373,0.6991493,0.15342799,0.14742269
112938333,0.13592158,0.6029689,0.2611095
113136348,0.4918826,0.15902092,0.34909648
113333607,0.52920455,0.20094056,0.26985487
113396996,0.23870623,0.2787252,0.48256856
113814017,0.37461194,0.21188135,0.41350666
113972794,0.21338914,0.49392578,0.29268515
115196411,0.48377103,0.3077854,0.20844355
117138881,0.17641817,0.4803904,0.34319147
118119544,0.5117811,0.2130002,0.27521867
118341212,0.27851164,0.21764378,0.50384456
118627274,0.2982926,0.30924758,0.39245984
118731531,0.3664237,0.37037218,0.26320413
119392660,0.34901333,0.29430038,0.35668626
119447867,0.67860425,0.1526937,0.16870196
120072579,0.5650036,0.19505851,0.23993787
121111099,0.4033745,0.25033876,0.34628668
121504720,0.20498626,0.5296213,0.26539242
122227197,0.3784692,0.25445965,0.3670712
122790857,0.24802501,0.36165398,0.39032096
122947958,0.48451188,0.13703601,0.37845215
125476722,0.5417754,0.21342915,0.24479546
125876648,0.15082404,0.62885654,0.22031942
127305631,0.36000603,0.34838232,0.29161164
128263276,0.43092546,0.23970279,0.32937175
128420893,0.244004,0.5168412,0.23915485
130204179,0.5627713,0.20288055,0.23434815
130376213,0.33365566,0.36274824,0.30359617
130620240,0.39704278,0.30190858,0.30104864
131021828,0.7471683,0.07648428,0.1763474
131288722,0.42206314,0.29396605,0.28397074
131379339,0.2662272,0.48599032,0.24778253
131454827,0.21834238,0.48941505,0.2922426
131561875,0.2811771,0.24166459,0.47715837
131590828,0.5721805,0.092760906,0.33505863
131844960,0.45694673,0.09646812,0.44658515
133025844,0.16487935,0.5693316,0.26578903
133488887,0.6626454,0.16271557,0.17463905
133832350,0.3199643,0.448224,0.23181175
134416987,0.43104047,0.3408538,0.22810575
134603786,0.68418473,0.12311361,0.19270168
135387742,0.2160312,0.543096,0.2408728
135540059,0.3578776,0.33779362,0.30432877
135614151,0.5449965,0.21770626,0.23729722
135703586,0.36886355,0.2676465,0.36348996
135869560,0.7892432,0.08956245,0.12119438
136065660,0.6122591,0.1720791,0.21566178
137083004,0.27632946,0.42369968,0.29997092
137935393,0.2744253,0.45841172,0.26716298
138789190,0.42171296,0.3123865,0.26590055
139032486,0.15916847,0.47814056,0.36269096
140074501,0.26093468,0.2667806,0.47228473
140286518,0.24284747,0.5437151,0.21343742
141071487,0.1857249,0.6962532,0.11802191
141222451,0.17828603,0.66861606,0.15309796
141477074,0.14275278,0.66512,0.19212715
141938012,0.527898,0.1712687,0.30083328
142188832,0.06820636,0.7759032,0.15589036
142505097,0.29768184,0.40417045,0.29814765
142666279,0.22358546,0.32610604,0.4503085
143010462,0.3782501,0.31275743,0.30899245
143051684,0.290091,0.30575892,0.4041501
143183970,0.18529423,0.6395311,0.17517464
143198280,0.3404648,0.39036843,0.26916677
143611734,0.18587898,0.60238856,0.21173248
144093798,0.35407197,0.27562952,0.3702985
144254638,0.23015456,0.47161406,0.29823136
144419082,0.35186672,0.34640077,0.30173254
144563009,0.36599854,0.31378523,0.3202162
145160168,0.381861,0.16697328,0.45116577
145295832,0.23802221,0.48637,0.27560773
145627477,0.22982271,0.5290417,0.24113555
145812756,0.31731072,0.3779225,0.3047668
146112016,0.6402175,0.14235407,0.21742854
146305248,0.55848074,0.21352935,0.22798988
146542743,0.2965197,0.38106823,0.32241207
146957224,0.30003917,0.1896387,0.51032215
147089206,0.15390676,0.27560186,0.57049143
147424573,0.7631024,0.07773753,0.15916003
147859717,0.46601406,0.2687041,0.26528192
148003798,0.38877445,0.3830864,0.22813907
148414331,0.3504661,0.3328259,0.31670797
148742523,0.60506046,0.10371698,0.29122254
148918567,0.2812044,0.45028472,0.26851082
149119807,0.2360071,0.52859545,0.23539749
149773683,0.18604894,0.6478527,0.16609839
149801266,0.17889166,0.5977956,0.22331275
149977326,0.1453623,0.68960917,0.16502851
150023885,0.3728664,0.31093535,0.3161983
150793045,0.38792023,0.39291883,0.21916099
152026087,0.23128395,0.52221954,0.2464965
152052607,0.43704146,0.22910619,0.33385235
152173215,0.23632327,0.3662802,0.39739656
152580015,0.70572615,0.1138149,0.18045892
152585393,0.32529467,0.27628163,0.39842376
153006036,0.42387465,0.35465947,0.2214659
153507087,0.60001767,0.1950734,0.20490894
153818336,0.25440302,0.2480423,0.4975547
154592823,0.30133024,0.4602069,0.23846288
155772487,0.22111669,0.51267177,0.26621154
156080546,0.33969492,0.44005743,0.22024769
156534274,0.8319187,0.1013291,0.066752195
156969775,0.57603097,0.1907345,0.23323454
157215465,0.11912754,0.644478,0.23639439
157381519,0.4595242,0.25066873,0.28980705
157491002,0.24278776,0.5134511,0.24376117
157859809,0.510074,0.23667431,0.2532517
158195097,0.34289637,0.24137624,0.41572744
158468964,0.6701928,0.092672914,0.23713432
158748523,0.3193494,0.33129555,0.349355
158817196,0.5206272,0.20370513,0.27566764
159022796,0.6367412,0.07581497,0.2874438
159177395,0.3692277,0.2506183,0.38015398
159262910,0.1608147,0.62841564,0.21076962
159834707,0.5126452,0.124559134,0.36279568
160293935,0.34835586,0.3351717,0.31647247
160651448,0.40158176,0.35591048,0.2425077
160934951,0.121458374,0.47926927,0.39927238
160964387,0.4926476,0.18381573,0.3235367
162244409,0.32266408,0.4441525,0.23318338
162293818,0.57884645,0.16614321,0.25501028
162600684,0.45327342,0.234536,0.31219056
163994800,0.2915238,0.4971948,0.21128136
165653338,0.2926584,0.2003736,0.506968
165924848,0.24411155,0.31543976,0.4404487
165987197,0.46417886,0.1946808,0.34114033
166031989,0.52856547,0.19560008,0.2758344
166194228,0.37143144,0.31236312,0.3162054
166277414,0.43898973,0.14120455,0.41980577
166294441,0.3500233,0.29137394,0.35860276
166595865,0.45662686,0.26404753,0.27932557
166850569,0.7802324,0.07585885,0.14390881
167005382,0.47532,0.15769018,0.3669898
167080911,0.46429572,0.12988801,0.40581623
167247924,0.60088116,0.09820587,0.30091298
167265396,0.5756473,0.14841682,0.27593586
167957798,0.42291293,0.28755292,0.2895342
168065211,0.4180133,0.1714872,0.4104995
168363086,0.34243476,0.26253676,0.39502844
168490370,0.046695646,0.8359852,0.1173192
168817429,0.3221099,0.45972422,0.21816592
168946856,0.5962709,0.17741205,0.22631705
169055261,0.2736602,0.47588184,0.2504579
169063413,0.022483781,0.030977856,0.94653845
169269197,0.33034205,0.36496127,0.30469662
169715561,0.43997055,0.3128463,0.24718311
169751275,0.49660525,0.266611,0.23678373
170172663,0.51846623,0.22383907,0.25769478
170319345,0.49162182,0.11016298,0.39821523
170580450,0.48303777,0.19203131,0.324931
171203885,0.33060077,0.33741173,0.33198753
171385530,0.22518238,0.53595537,0.23886226
172087456,0.2883459,0.20392735,0.5077267
173799147,0.2990089,0.36362657,0.33736452
173825002,0.44029987,0.20598082,0.35371932
173884962,0.21804257,0.4948127,0.28714472
173942635,0.41322607,0.3356454,0.2511285
174165605,0.36341065,0.2683432,0.3682461
174365281,0.20409982,0.33560553,0.46029463
174564892,0.35883155,0.21060126,0.4305672
174580045,0.88140833,0.024441931,0.094149694
174799786,0.12464203,0.71337885,0.16197912
175483328,0.34387797,0.4399036,0.21621838
175804640,0.3333715,0.275276,0.3913525
175978056,0.58558583,0.22511311,0.1893011
177844613,0.42777243,0.31063664,0.26159093
178181746,0.42157385,0.26000896,0.31841716
178826818,0.3704281,0.43246007,0.19711187
179343898,0.43167442,0.28639385,0.28193176
179639424,0.40687492,0.29449907,0.29862604
180585934,0.2024962,0.60161006,0.19589373
180795941,0.5764585,0.17962125,0.24392022
181183126,0.28200984,0.37660128,0.34138885
181333923,0.25833172,0.45973963,0.2819287
181419851,0.29594335,0.42965224,0.27440435
181579619,0.39262724,0.3035868,0.30378598
181584535,0.31771067,0.45862907,0.22366029
181726221,0.38042894,0.22935252,0.39021853
181852544,0.35119122,0.32968184,0.31912693
181975665,0.46866056,0.15566412,0.37567535
182026013,0.31585276,0.28835392,0.39579335
183348882,0.13931695,0.6536621,0.20702094
184148886,0.3512189,0.3208581,0.327923
184368450,0.3751172,0.26182374,0.36305904
184518781,0.36411422,0.2358732,0.40001255
184529232,0.18855487,0.5390755,0.27236962
184819442,0.30017665,0.5089092,0.19091408
185775215,0.17953713,0.59589386,0.22456902
186305875,0.382279,0.21239075,0.40533027
186911298,0.2708371,0.4822255,0.24693742
187157431,0.3558404,0.34964868,0.29451093
187555518,0.25040334,0.5033643,0.24623232
187952362,0.27724966,0.4091102,0.31364018
187977355,0.38458446,0.3354614,0.2799541
190100483,0.7054063,0.048162024,0.24643171
190120251,0.3111788,0.39456967,0.2942515
190321456,0.23341101,0.50149906,0.26508996
190820279,0.2692764,0.24582945,0.48489416
192433798,0.431657,0.23252821,0.33581477
193149461,0.32158116,0.4980487,0.18037017
193321358,0.4209147,0.29172274,0.28736258
194115466,0.30798015,0.4512433,0.2407765
194273723,0.18257432,0.5699071,0.24751857
194863118,0.22381637,0.5909374,0.18524621
195081872,0.64380276,0.16536234,0.19083482
196253478,0.35627747,0.36271375,0.28100875
196814462,0.22636081,0.41188258,0.3617566
197061918,0.3703218,0.42953354,0.20014465
197292572,0.13320808,0.60251546,0.2642765
197324655,0.17726557,0.56368935,0.25904506
197892566,0.3301534,0.37172684,0.29811978
197894508,0.43256584,0.20187116,0.36556298
198110984,0.23296823,0.47964126,0.2873905
198197233,0.23452145,0.46636686,0.29911172
199233633,0.19710504,0.5310191,0.2718759
199263495,0.33587176,0.41772056,0.24640767
199291802,0.2863568,0.44625515,0.267388
199319578,0.2532066,0.49152952,0.2552638
199851565,0.10502528,0.754557,0.14041777
200418591,0.6364436,0.17259736,0.19095905
200811762,0.2712115,0.4615198,0.26726875
201436038,0.41744062,0.29063964,0.2919198
201612283,0.11367303,0.68279374,0.2035332
201683895,0.7958855,0.073587336,0.13052711
201906803,0.4196217,0.21974806,0.36063027
201911861,0.45085126,0.24214375,0.307005
202025783,0.5002228,0.21638902,0.28338817
203064111,0.19063127,0.23581299,0.57355577
203773530,0.18148299,0.2993613,0.5191557
204271913,0.5992733,0.15047385,0.25025278
204354662,0.52304345,0.17142439,0.30553213
204588668,0.45851323,0.14683664,0.3946502
204621322,0.43511674,0.35766745,0.20721577
205157314,0.48946136,0.22476417,0.28577456
205321954,0.3674565,0.17968462,0.45285887
205520067,0.5872375,0.13721873,0.27554378
206584844,0.58053035,0.17937227,0.2400974
206682921,0.075330645,0.8269186,0.09775075
206917370,0.46454927,0.2171688,0.31828198
207307882,0.5979148,0.15454207,0.24754308
207572673,0.30954388,0.42232847,0.26812765
207609056,0.3568543,0.3160655,0.32708025
208241505,0.46028274,0.17409955,0.36561763
208540904,0.18214162,0.5707476,0.24711078
208572281,0.1368997,0.36275437,0.50034595
209332411,0.45724362,0.24302514,0.2997312
209548908,0.4506283,0.31527194,0.23409979
209554151,0.33899507,0.17650422,0.48450074
209657847,0.5126941,0.22730571,0.2600002
209666353,0.61340106,0.07721507,0.3093839
210302780,0.37450975,0.3567987,0.26869157
211157604,0.4051175,0.25013036,0.3447522
212397784,0.49306032,0.104088426,0.40285122
212409560,0.14717059,0.6461302,0.20669918
212784272,0.33861673,0.38642132,0.27496192
213331234,0.30621508,0.35930878,0.33447608
214054171,0.39900875,0.17189907,0.42909223
214096961,0.5047826,0.2661227,0.22909468
214290150,0.28002435,0.33638602,0.38358966
214344677,0.28817603,0.51896715,0.19285682
214525000,0.34705684,0.14975001,0.50319314
216251817,0.35882124,0.23900898,0.4021698
216945281,0.34390017,0.23209566,0.42400414
217178618,0.27101985,0.49530357,0.23367663
217188703,0.31364185,0.26170924,0.424649
217696823,0.26288173,0.5006677,0.23645054
217717249,0.30717757,0.18970728,0.5031151
218034551,0.14628933,0.6782775,0.17543317
218180077,0.72062486,0.06958961,0.2097855
218312736,0.5374635,0.22845066,0.2340858
219367387,0.53941303,0.118056655,0.34253034
219785323,0.09967856,0.6719482,0.22837321
219844212,0.3549209,0.3315715,0.3135076
220085926,0.3799599,0.28891394,0.33112618
220210104,0.6115248,0.07666601,0.31180918
220314497,0.50271195,0.29552802,0.20176001
220934632,0.13453364,0.52561545,0.33985096
220979019,0.3513028,0.30164668,0.3470505
221031547,0.24068248,0.61075217,0.14856529
222235567,0.77986974,0.08868063,0.13144964
222513701,0.31802794,0.25115052,0.43082154
222825163,0.32169965,0.34521562,0.3330847
223086691,0.5174018,0.24136554,0.24123266
223128448,0.50026196,0.09216063,0.40757746
223289381,0.6308665,0.13699268,0.23214084
223667535,0.4796095,0.25138876,0.26900175
223846341,0.2982174,0.32487166,0.37691092
224054156,0.29002655,0.30338347,0.40658996
226301612,0.39407423,0.24135679,0.364569
226377820,0.3338512,0.4789731,0.18717574
226647899,0.38041934,0.30934256,0.31023806
226913705,0.88048714,0.0207925,0.09872032
227092557,0.2353096,0.5803553,0.18433513
227206157,0.44964337,0.26987636,0.28048027
227373345,0.27190584,0.4556493,0.2724449
227943659,0.31378093,0.38214874,0.30407035
228244297,0.30329916,0.39563408,0.30106673
228370816,0.38056704,0.31185648,0.3075765
228375007,0.41202337,0.29665524,0.29132137
228700508,0.20528688,0.548789,0.24592406
228717863,0.68275815,0.110653944,0.20658785
229006703,0.14364506,0.6709453,0.18540968
229125420,0.24297269,0.5288676,0.22815971
229347207,0.46858695,0.2688139,0.26259908
229415538,0.4151904,0.36890486,0.21590479
230578544,0.22077924,0.56342024,0.21580052
231046913,0.3976641,0.30380395,0.29853195
231261754,0.6295598,0.13478199,0.2356582
232320729,0.28520215,0.22868158,0.48611632
232434929,0.5102006,0.21084537,0.27895403
232522495,0.3525326,0.3148728,0.33259463
232645361,0.06816372,0.7335077,0.19832855
232940873,0.46876192,0.15369372,0.37754437
233223043,0.2722843,0.381724,0.34599164
233395001,0.3088992,0.4396287,0.25147206
233704924,0.2715759,0.30922344,0.4192006
233906414,0.30947757,0.47867298,0.21184951
234190763,0.41560003,0.25045627,0.33394372
234209089,0.33030635,0.39097008,0.2787236
234685090,0.2472978,0.3464018,0.4063005
234797241,0.51646435,0.14425515,0.33928052
235203061,0.258076,0.45325384,0.2886701
235995350,0.5267806,0.1782077,0.29501167
236064445,0.33819535,0.33403698,0.3277676
236598485,0.26537105,0.368024,0.36660495
236609955,0.32102525,0.3960988,0.28287596
237030727,0.5328511,0.17725112,0.2898978
237090135,0.24862802,0.27511427,0.4762577
238380049,0.4372342,0.33186814,0.23089767
238720291,0.36041948,0.35995135,0.27962917
239033301,0.32241344,0.28505313,0.39253342
239265382,0.32787353,0.24912709,0.42299938
239956932,0.18420385,0.5651037,0.25069243
240431630,0.42989525,0.34754395,0.22256088
240465493,0.7709536,0.06459832,0.16444805
241090572,0.20581836,0.52174276,0.27243885
241115855,0.28418946,0.47262475,0.24318577
241656101,0.22597452,0.21118462,0.5628408
241820502,0.2744224,0.45717734,0.2684003
242177248,0.4127561,0.30237418,0.28486973
242943516,0.3839819,0.10318158,0.5128365
243069123,0.8875735,0.03772588,0.0747006
243291222,0.31758386,0.45911708,0.22329904
245078018,0.4047208,0.38461006,0.21066913
245852983,0.18965852,0.6101134,0.20022811
246812212,0.30866572,0.34936282,0.3419715
247208571,0.465034,0.24216956,0.29279643
248759460,0.34055373,0.49448916,0.16495715
248847526,0.4040729,0.22527324,0.3706538
248924758,0.25803366,0.37827983,0.36368653
249030114,0.19673665,0.4849208,0.3183426
249132971,0.4320539,0.2759071,0.29203904
249576331,0.2884098,0.30231896,0.4092713
249612785,0.32092997,0.48653632,0.19253378
249792697,0.44159335,0.1323871,0.42601958
249999818,0.49224147,0.2943788,0.21337977
250289355,0.40949902,0.25119096,0.33931002
251423687,0.32972038,0.43998158,0.23029798
251632392,0.5000105,0.13086456,0.36912495
252027515,0.2650221,0.4170569,0.31792104
252199957,0.34625554,0.21160325,0.4421412
252309854,0.36399326,0.46723154,0.16877526
254425416,0.4563252,0.21627592,0.32739887
254452076,0.53755736,0.21621257,0.24623005
256182991,0.512551,0.26643595,0.22101302
256445235,0.16433248,0.6607698,0.17489766
256658965,0.2898783,0.42669895,0.2834228
256867676,0.20393585,0.37032282,0.42574129
257570283,0.1922996,0.5900083,0.21769208
259300359,0.31251416,0.42516863,0.26231715
259374874,0.5275048,0.14788651,0.32460862
259438075,0.51023006,0.28953633,0.20023364
259452234,0.0729357,0.794823,0.13224137
259457531,0.2817871,0.3056638,0.4125491
259689678,0.40143964,0.2688904,0.32966998
261295060,0.4345863,0.27634564,0.28906804
261401677,0.37540308,0.3707107,0.2538862
262391614,0.42495933,0.20488366,0.370157
262574911,0.6533171,0.14744312,0.19923984
263049634,0.2649543,0.49327344,0.24177223
264800053,0.3158138,0.33792078,0.34626535
264849965,0.360033,0.2941172,0.34584972
265256150,0.206866,0.4118698,0.38126424
265428506,0.8526071,0.04598588,0.101407
265713993,0.5443401,0.16569865,0.28996128
267403487,0.63620055,0.13844828,0.2253512
267783660,0.28277707,0.33314374,0.3840792
267833545,0.7285767,0.11223854,0.15918478
268521172,0.37842324,0.311006,0.31057078
268628461,0.18808919,0.64525664,0.16665415
269510283,0.33592275,0.2715309,0.39254636
269532871,0.4092365,0.30715695,0.28360653
269565899,0.55926424,0.19896753,0.24176818
269810334,0.33191267,0.33636245,0.33172488
270069532,0.42100564,0.31051272,0.2684816
270443160,0.34847263,0.20324132,0.4482861
270480756,0.15949291,0.7067656,0.13374147
271495619,0.13347845,0.6968684,0.1696531
272619686,0.5084835,0.22639672,0.26511973
273017319,0.335084,0.27157164,0.3933444
273064269,0.38924882,0.35069925,0.2600519
273123576,0.5831101,0.19185872,0.22503118
273276943,0.010847127,0.95690465,0.032248184
273613148,0.47619277,0.2641282,0.259679
274060331,0.45399985,0.32063335,0.22536674
274606150,0.4413567,0.2378777,0.32076564
274920545,0.56479305,0.18083847,0.25436848
275328904,0.36086208,0.2560061,0.38313186
275703517,0.31433994,0.39503002,0.29063
276171902,0.32586375,0.3752533,0.29888293
276370240,0.54126567,0.16331774,0.2954166
276626996,0.32710654,0.20270169,0.47019178
276668082,0.12357408,0.69631726,0.1801087
276832371,0.29707706,0.40431726,0.29860562
277601230,0.63968664,0.115043305,0.2452701
279111868,0.39805847,0.26230448,0.33963704
279140191,0.4207983,0.20484419,0.37435755
279435501,0.54143125,0.1324517,0.3261171
279660306,0.32189986,0.40268788,0.27541223
279947452,0.28085327,0.3646671,0.35447964
280235151,0.29115257,0.37066466,0.33818275
280944753,0.4389278,0.33619052,0.22488163
281102393,0.30502224,0.44267508,0.25230268
281485683,0.5496175,0.19531797,0.2550645
281646734,0.1945985,0.4155844,0.38981715
282172956,0.53329825,0.1703719,0.2963298
282349914,0.26653898,0.2887524,0.44470862
282439334,0.40730026,0.24004197,0.3526578
282869732,0.39369652,0.3259209,0.28038263
282944252,0.38114613,0.2920132,0.32684067
282994777,0.20600697,0.50844187,0.28555116
284058939,0.49205473,0.16021937,0.347726
284559825,0.55320984,0.18769602,0.25909415
284730564,0.2756226,0.43274054,0.2916369
285047803,0.095331855,0.74827904,0.15638912
285213370,0.45069826,0.20874599,0.34055573
285265357,0.75834113,0.10451832,0.13714054
285881161,0.32033756,0.21927562,0.4603868
286264130,0.23065512,0.30926245,0.4600824
287001340,0.2499888,0.54732907,0.20268217
287552817,0.12166968,0.29818234,0.580148
287804056,0.24100019,0.16473012,0.5942697
288424329,0.28070113,0.22298966,0.4963092
288488203,0.44946828,0.3055519,0.2449798
288488905,0.24586384,0.36194855,0.39218757
289244098,0.20557189,0.6218696,0.17255849
289861908,0.24961327,0.23972993,0.51065683
290460507,0.46969643,0.31206256,0.21824102
291113862,0.3614759,0.23068222,0.4078419
291295348,0.24200937,0.36738718,0.3906034
291380261,0.4139144,0.29929867,0.28678694
291426455,0.052369893,0.82027984,0.12735026
291523295,0.31537423,0.37997356,0.30465224
291586211,0.25764105,0.32451162,0.4178474
292394576,0.24922949,0.33901915,0.41175133
292602396,0.20345014,0.5372807,0.25926918
292740726,0.3900077,0.42437935,0.185613
293524357,0.122549474,0.73304045,0.14441004
293577192,0.29919153,0.22211228,0.47869614
293578416,0.39178056,0.28614587,0.3220735
294302775,0.50745237,0.1751916,0.31735602
294957258,0.6642016,0.13475408,0.20104429
295925706,0.3523317,0.36280572,0.28486264
295985693,0.4810087,0.20383036,0.3151609
296015498,0.28459552,0.40605274,0.3093517
296262025,0.24154258,0.3823162,0.3761412
296595474,0.7113909,0.057883207,0.23072578
296800616,0.36126682,0.23614356,0.40258962
297163843,0.22688945,0.4599518,0.31315872
297629703,0.5101187,0.16387147,0.32600972
300389469,0.34197143,0.33301616,0.32501242
300411034,0.56919146,0.22214241,0.20866612
300865981,0.20719661,0.3984279,0.39437547
301240043,0.35386065,0.39800686,0.2481325
301484288,0.3229548,0.46121734,0.21582784
302567104,0.28595176,0.31692007,0.39712822
302739688,0.39675272,0.31547642,0.28777084
303148701,0.49554735,0.19777907,0.3066736
303331602,0.18875481,0.5062313,0.30501387
304022898,0.5664872,0.21459727,0.21891554
304129942,0.57813585,0.13825998,0.28360417
304652999,0.33840972,0.2971634,0.3644269
305100096,0.2609065,0.45083192,0.28826153
305116860,0.38870084,0.28030238,0.33099675
305704866,0.42301136,0.3735185,0.20347019
305803618,0.67513263,0.09477276,0.23009464
306604003,0.30551675,0.3670279,0.3274553
306889533,0.6445659,0.13517869,0.22025545
307169703,0.3069971,0.26232708,0.43067586
307424150,0.73432773,0.08650873,0.17916362
307565603,0.29753557,0.4089921,0.29347232
307845036,0.36778265,0.29160234,0.34061497
307851657,0.26028368,0.47049278,0.26922354
308152272,0.42087775,0.2743751,0.30474713
308693576,0.30539212,0.24521723,0.44939065
308799449,0.1738364,0.67328805,0.15287556
309326206,0.18064943,0.6078685,0.21148206
309991256,0.2990875,0.37459075,0.32632178
310084277,0.26118362,0.40423527,0.33458117
310365700,0.6383943,0.19443752,0.16716817
310459236,0.15096273,0.58281493,0.26622236
311526977,0.4207027,0.29672003,0.28257722
313571130,0.25902376,0.43104282,0.30993345
313754011,0.24898322,0.41023627,0.3407805
314033886,0.46247324,0.18390188,0.35362488
314378862,0.23719496,0.46845308,0.29435202
315105010,0.32562497,0.3948021,0.2795729
315594468,0.5885744,0.13506152,0.27636403
315782301,0.41564882,0.29077318,0.29357794
316009756,0.2591447,0.45649576,0.28435948
316167977,0.289181,0.23278353,0.47803554
316490766,0.32961407,0.39406544,0.27632046
316706868,0.30255714,0.2739967,0.4234462
317334063,0.6088056,0.12481203,0.26638243
317895928,0.24402702,0.09086608,0.6651069
317896017,0.35526776,0.22466291,0.42006925
317928438,0.29628342,0.57624507,0.12747155
318524430,0.4197659,0.25902668,0.3212074
318654582,0.21594723,0.40540862,0.37864417
319183076,0.6685613,0.121495716,0.20994298
319500633,0.3519851,0.16672032,0.48129457
319594291,0.27523717,0.523449,0.20131382
320068988,0.20173968,0.6151304,0.18312989
320070813,0.6191961,0.15646629,0.22433761
320138985,0.2972539,0.38153115,0.3212149
320402549,0.33049983,0.33741707,0.33208305
321221901,0.29831538,0.22392179,0.4777629
321363040,0.4983621,0.23149975,0.2701382
321469753,0.32655236,0.2784045,0.3950432
321490617,0.49698755,0.25023627,0.25277612
321537150,0.6862975,0.09987223,0.2138303
321806190,0.64128804,0.13175765,0.22695433
322824750,0.5340038,0.23497039,0.2310258
322901872,0.35339087,0.39513505,0.25147405
323672856,0.4641278,0.20269217,0.33317998
324487575,0.36015484,0.3135076,0.3263376
324758970,0.46952942,0.3174928,0.21297774
324924419,0.35386902,0.30476603,0.34136495
325160955,0.23946312,0.38771835,0.37281856
325398368,0.37473267,0.3772917,0.2479756
326127314,0.5727734,0.15706761,0.27015898
326342559,0.31491467,0.3524324,0.33265293
326703211,0.21998109,0.56727046,0.21274851
327084401,0.28063297,0.40170816,0.31765884
327129433,0.4785769,0.26143533,0.25998774
327541338,0.24659047,0.31618816,0.43722132
327573777,0.35522157,0.19436762,0.4504108
328699265,0.3471575,0.37768558,0.27515694
328967204,0.28715053,0.30554846,0.407301
329158905,0.28844133,0.34150663,0.37005198
329165161,0.21634635,0.5006118,0.28304183
329420467,0.47625777,0.18863891,0.33510327
329620322,0.27277848,0.3858167,0.34140486
329622665,0.17916155,0.381312,0.43952647
330172765,0.30365717,0.37112877,0.32521406
330250536,0.39955837,0.2890634,0.31137833
330464106,0.34170806,0.36763138,0.29066053
331128328,0.2898888,0.33639485,0.37371635
331250412,0.34662187,0.44444957,0.20892859
331535074,0.50173795,0.23438504,0.263877
332241361,0.38508597,0.26654947,0.3483645
332296539,0.47711438,0.26019305,0.2626925
332742037,0.4195759,0.2880245,0.29239964
333001312,0.7113056,0.11906417,0.16963023
333415295,0.3986817,0.19582795,0.40549037
333448781,0.1958622,0.3869159,0.41722187
334744990,0.25662974,0.48107365,0.26229665
335874334,0.21036656,0.5374332,0.25220025
336180284,0.6731924,0.080038756,0.24676882
336390019,0.34483194,0.4140968,0.24107128
336543504,0.2267436,0.40990022,0.36335614
336892314,0.42114133,0.12886338,0.44999534
337080153,0.35654372,0.319507,0.3239493
337125018,0.1301529,0.58145934,0.28838778
337372954,0.6430041,0.09126049,0.26573542
337449862,0.29472542,0.32427293,0.3810016
337820504,0.20036371,0.567453,0.2321833
338236601,0.50453466,0.25015882,0.24530652
339170439,0.7873101,0.051368695,0.16132118
339829617,0.3699849,0.31549692,0.31451815
342169845,0.28120542,0.42639548,0.29239908
342330743,0.27053007,0.55572116,0.17374873
342463300,0.17945352,0.2577912,0.56275535
343444830,0.13937177,0.30779123,0.552837
344146814,0.2831314,0.28358433,0.43328422
344152535,0.1799813,0.43563664,0.38438204
345489079,0.44364414,0.23202617,0.3243296
345885367,0.31933853,0.2667476,0.41391385
346159496,0.425662,0.27281916,0.3015189
347234259,0.28925884,0.29459113,0.41615006
347390127,0.42192766,0.29542917,0.2826432
347894670,0.44401902,0.20364179,0.3523392
348159690,0.5220034,0.23929307,0.2387035
348668015,0.30159172,0.42577356,0.27263477
348766230,0.24055246,0.5591408,0.20030679
348969514,0.4705629,0.17697483,0.3524623
349334042,0.29868767,0.30283892,0.3984734
349390192,0.33582732,0.36406365,0.30010906
349898359,0.18206061,0.4290263,0.3889131
349924366,0.69611686,0.019211395,0.28467178
350190056,0.20823671,0.46683237,0.32493085
352283722,0.24500154,0.50399035,0.25100815
352645264,0.31146523,0.3570454,0.3314893
353289144,0.39910784,0.37604508,0.2248471
353684069,0.49624825,0.15828407,0.34546775
353989191,0.42343304,0.28581873,0.29074815
354144095,0.2537427,0.5155259,0.23073146
354514130,0.3731453,0.28104216,0.3458126
354892390,0.7201613,0.041543145,0.23829558
355380171,0.31596145,0.4115837,0.27245483
355851619,0.31489235,0.32788768,0.35721996
356250034,0.51885426,0.23212563,0.24902013
356928483,0.169717,0.63108367,0.19919935
357098226,0.27466387,0.3018956,0.42344055
357298861,0.1944975,0.6530386,0.1524639
357584627,0.5905596,0.20829852,0.20114185
358905844,0.32836357,0.28055984,0.39107656
359141736,0.34589386,0.38964975,0.26445642
359290744,0.1332496,0.22181232,0.64493805
360056777,0.3455049,0.30360708,0.35088804
360271164,0.40294108,0.31298137,0.28407758
360863559,0.4317193,0.3274857,0.24079503
360959577,0.22005658,0.51878774,0.2611557
361154579,0.23286778,0.33626902,0.43086317
361612932,0.33588472,0.31515023,0.34896502
361763375,0.6139712,0.14687967,0.23914914
361813861,0.34987518,0.22191022,0.4282146
361925887,0.2969829,0.3540703,0.3489468
362366041,0.24390592,0.31538197,0.44071212
362373471,0.5820847,0.15553898,0.26237625
362549065,0.2037435,0.5789482,0.21730827
362970244,0.92107373,0.016594037,0.062332265
364476656,0.28824914,0.3929966,0.31875426
364899585,0.17770384,0.61326814,0.20902802
365007410,0.3702115,0.26900277,0.36078578
365466841,0.42683718,0.2727635,0.30039933
366626643,0.053725228,0.8126418,0.133633
367646263,0.16493818,0.48314902,0.35191283
367980354,0.38812587,0.2969962,0.3148779
368008734,0.19552751,0.5873527,0.21711978
368415328,0.45752937,0.26426402,0.27820662
368540439,0.711482,0.14241533,0.14610271
369015368,0.46628457,0.25531766,0.2783977
369031390,0.20098385,0.37829885,0.42071733
369154107,0.2957544,0.42961434,0.2746313
369364005,0.77466786,0.09467966,0.13065244
369428029,0.21169539,0.3731785,0.4151261
370503668,0.4927016,0.20250297,0.3047954
370602056,0.6851887,0.11023588,0.20457539
370705859,0.27789912,0.30319968,0.4189012
370813215,0.3953921,0.30759534,0.29701263
370909212,0.32217193,0.30082178,0.37700632
371123062,0.47998008,0.25577602,0.26424387
371316125,0.26522306,0.3794643,0.35531265
371607881,0.59992224,0.18058965,0.21948819
371725230,0.23619507,0.2663592,0.4974457
372206684,0.37144965,0.31023848,0.31831184
372292023,0.384871,0.19483872,0.42029023
372763478,0.32525194,0.3591251,0.315623
373087254,0.14131671,0.55791384,0.3007695
374345018,0.2833894,0.33219844,0.38441214
374372562,0.3290204,0.28730053,0.3836791
374386226,0.2779208,0.4881755,0.23390368
375117611,0.65296006,0.13952702,0.20751293
375221229,0.43391973,0.28162837,0.28445187
375299117,0.24540748,0.5356053,0.2189872
375407818,0.3197571,0.369523,0.3107199
375618635,0.021623844,0.9010234,0.07735276
375931470,0.9643239,0.0041703824,0.031505752
376312916,0.67930645,0.15610638,0.16458714
376746439,0.50101924,0.2797848,0.21919598
377164762,0.58229715,0.17533566,0.24236715
377855493,0.6463429,0.15050991,0.2031472
378293701,0.22181815,0.22724073,0.55094117
378601442,0.42402026,0.26507747,0.31090224
378826598,0.3441426,0.396628,0.25922945
379142697,0.2601921,0.3512256,0.38858232
379479968,0.36945015,0.30063066,0.3299192
379533801,0.25185043,0.45372248,0.29442713
379857194,0.29481676,0.4145106,0.29067266
380022078,0.14884958,0.5798567,0.27129373
380237906,0.5364898,0.23146719,0.23204309
380415504,0.4046484,0.2943389,0.3010127
380781098,0.41776073,0.24435504,0.33788422
380993692,0.06971829,0.7270428,0.2032389
381020211,0.40244573,0.29296258,0.30459163
381089032,0.44067368,0.23350383,0.3258225
381967256,0.34546843,0.32672223,0.3278093
382487137,0.3500576,0.29844084,0.35150155
382726818,0.4427251,0.2567242,0.3005508
383058372,0.33306128,0.39864996,0.26828873
385835624,0.25450262,0.27801162,0.4674857
386302503,0.27482226,0.44826165,0.27691612
386860242,0.25712442,0.5156753,0.22720031
387112924,0.31652123,0.3070563,0.37642252
387204548,0.27466136,0.2584826,0.46685597
387246498,0.5993393,0.17766747,0.22299327
387605778,0.27850586,0.5302666,0.19122757
387713094,0.49937904,0.2513662,0.24925476
387731492,0.2035928,0.29824013,0.49816704
387910804,0.3231065,0.3793722,0.29752126
387966435,0.49699867,0.22478984,0.27821153
387993673,0.35015374,0.3909957,0.2588505
388682667,0.6117883,0.12982477,0.2583869
389133706,0.36716393,0.31849554,0.31434056
389996002,0.27798116,0.3873507,0.33466813
390059360,0.42503905,0.25834385,0.31661707
390118351,0.39218712,0.24932826,0.35848463
390330593,0.4537488,0.26952443,0.27672675
390339649,0.25410715,0.47528252,0.27061036
390533556,0.4678112,0.27089077,0.261298
390563763,0.24227707,0.5474351,0.21028781
391070673,0.1804333,0.3453691,0.47419763
391172336,0.021994231,0.8923338,0.085671924
391444052,0.44667152,0.22811627,0.32521215
391960660,0.30415887,0.45495424,0.24088685
392457516,0.3424546,0.4427479,0.21479744
392856958,0.4718629,0.31171995,0.21641713
392888488,0.29880682,0.4265361,0.2746571
394051435,0.48754838,0.10066611,0.4117855
394171552,0.76528764,0.07926315,0.15544924
394349771,0.33429515,0.33547094,0.33023387
394363641,0.60182077,0.19060524,0.20757402
394683374,0.9321706,0.013033203,0.05479615
394885321,0.33201736,0.33468783,0.3332948
395908030,0.22230327,0.33062118,0.44707558
395908270,0.33442667,0.31560355,0.3499698
395996153,0.39509737,0.25668514,0.34821752
396220029,0.4308824,0.14199871,0.4271189
396230179,0.38415205,0.36146966,0.2543783
396301960,0.6153441,0.16993845,0.21471755
396334921,0.585785,0.28737202,0.12684305
398014667,0.25851467,0.48751277,0.25397256
399138675,0.2401541,0.5516844,0.2081615
399148423,0.6415236,0.17011312,0.18836328
399752544,0.31441438,0.34606466,0.33952093
399893238,0.380026,0.30979198,0.31018206
401954194,0.44978297,0.24533108,0.30488595
402012473,0.17989993,0.6479882,0.17211182
402355535,0.6145217,0.13475525,0.25072306
402565586,0.17414224,0.6420769,0.18378082
402592601,0.26405263,0.29534516,0.4406022
403162678,0.58846116,0.14140646,0.27013236
403246330,0.44453093,0.34865606,0.206813
404197774,0.3977615,0.35489953,0.24733897
404967448,0.4147133,0.25952765,0.3257591
405019833,0.099053405,0.7313507,0.16959587
405033514,0.54413426,0.18021965,0.2756461
405233008,0.14641646,0.492956,0.3606275
405423487,0.34932536,0.3691114,0.28156325
405590492,0.5164559,0.19074412,0.29280007
406617500,0.23353371,0.35136816,0.41509813
406814229,0.35289514,0.20162843,0.44547638
406952878,0.15088715,0.43271038,0.4164025
407111256,0.0072164135,0.9292325,0.06355111
407589571,0.35236356,0.31334943,0.33428702
408120403,0.294203,0.33959308,0.3662039
408131242,0.32152325,0.43916848,0.2393083
408660492,0.4009952,0.3083436,0.29066128
408689746,0.3500667,0.3661615,0.28377184
408728682,0.30184436,0.4498914,0.24826422
408810108,0.3592922,0.18388256,0.45682526
409636075,0.13882111,0.68020004,0.1809788
409792593,0.25272062,0.52524984,0.22202952
411028067,0.2643397,0.415916,0.31974432
411075842,0.16002442,0.6652219,0.1747536
413959987,0.31157333,0.37198094,0.31644574
414572077,0.26344812,0.45681345,0.2797384
414788971,0.53893924,0.23298489,0.22807588
414807889,0.43894002,0.24917741,0.31188262
414981263,0.4181213,0.33106428,0.25081444
414984165,0.1902829,0.5681245,0.24159263
415052119,0.25985628,0.52917916,0.21096456
415087080,0.341931,0.32758904,0.33048
415138212,0.7036861,0.10456621,0.19174762
415383353,0.6230568,0.066373914,0.3105692
415430806,0.30205485,0.40386784,0.29407737
415853569,0.4539909,0.29578882,0.25022027
416670612,0.50969064,0.19493747,0.2953719
416685329,0.721817,0.096037254,0.1821457
416691321,0.37218556,0.35252646,0.27528793
417770169,0.1917104,0.33592469,0.47236493
418523110,0.3504174,0.3568622,0.29272044
419373343,0.356474,0.31653044,0.32699546
419633347,0.608925,0.1362213,0.2548537
420504247,0.80661637,0.06854487,0.124838784
420523344,0.26888043,0.35091326,0.38020626
420609680,0.38453072,0.26728937,0.34817994
420787305,0.36796042,0.2964715,0.3355681
421132265,0.7033249,0.08197771,0.21469744
421488799,0.36848593,0.24385735,0.38765675
421745238,0.036602996,0.6494024,0.3139946
422227944,0.12732254,0.5832722,0.2894053
422500179,0.36391866,0.22660546,0.40947592
422505685,0.25888738,0.5389621,0.20215045
422883853,0.23068842,0.56903887,0.2002727
424096235,0.50032455,0.2449978,0.2546776
424287895,0.45698377,0.18443532,0.35858098
424326076,0.6879349,0.18336782,0.12869737
424438145,0.28935397,0.28109643,0.42954955
424901606,0.27558607,0.244776,0.479638
425293236,0.45213747,0.18488723,0.36297527
425372025,0.21990398,0.5078969,0.27219915
425770095,0.11452788,0.74584115,0.13963103
425804144,0.31386632,0.3706701,0.31546357
425929979,0.17986283,0.28463668,0.53550047
426153475,0.2823829,0.47302616,0.24459091
426172269,0.7066749,0.10202524,0.19129986
426965390,0.70699126,0.14006175,0.15294695
427995200,0.2928377,0.41276112,0.29440117
428241932,0.41046736,0.3045409,0.2849918
428427013,0.1723205,0.61309206,0.21458742
428444149,0.22646785,0.22859886,0.5449333
428992552,0.19360125,0.23319218,0.5732066
429183612,0.4579353,0.08937902,0.4526857
429448260,0.46739927,0.16388834,0.3687124
429602545,0.35331905,0.3297933,0.31688762
429613686,0.39120713,0.28832504,0.3204678
429656795,0.380948,0.34027037,0.27878156
429812034,0.5864843,0.19731389,0.21620186
430221680,0.23961034,0.34921348,0.41117617
430519139,0.31889892,0.36913028,0.31197083
430572885,0.7311351,0.064755194,0.20410976
431042760,0.33902827,0.54212064,0.118851066
431262967,0.29666984,0.35023856,0.35309163
431762861,0.090034954,0.035609346,0.8743556
432120926,0.3819068,0.29198945,0.32610378
432821369,0.37800097,0.27394518,0.34805387
433400572,0.20249283,0.31949446,0.4780127
433635688,0.7220312,0.12044145,0.15752739
434654573,0.23791805,0.33323658,0.42884532
435037752,0.20040368,0.53891206,0.26068422
435335176,0.084447935,0.78160197,0.13395011
435878448,0.4550227,0.25103268,0.29394466
436231145,0.22944319,0.4184434,0.3521134
436796364,0.35536566,0.23666061,0.40797374
437766111,0.100718826,0.69729453,0.20198661
438236614,0.43423918,0.26286072,0.3029001
438429905,0.32795218,0.270956,0.4010918
440569223,0.25396934,0.44377267,0.30225796
441500796,0.34459373,0.35830152,0.29710475
441585444,0.71401244,0.14445941,0.14152817
442069946,0.3631972,0.3331305,0.3036723
442791356,0.36877775,0.31948432,0.31173792
442910346,0.1285785,0.6550733,0.21634817
443104959,0.299721,0.43393746,0.26634154
443142195,0.22354819,0.53406954,0.24238224
444022275,0.2873283,0.4121432,0.30052847
444031859,0.70793307,0.106414236,0.18565269
444320028,0.57148904,0.15749691,0.2710141
444332984,0.40816513,0.29310983,0.29872504
445178573,0.6808367,0.13716877,0.1819946
445189383,0.38265577,0.41214907,0.20519516
445463139,0.36274606,0.30378783,0.33346614
446128929,0.4546257,0.25893566,0.28643858
446257684,0.68662316,0.13768584,0.175691
446284671,0.6166577,0.18517318,0.1981692
446773242,0.2821158,0.45505768,0.26282653
446886988,0.32938918,0.45932245,0.2112884
446922957,0.69561493,0.10342205,0.20096302
446976751,0.34846455,0.3273133,0.32422215
447049655,0.272894,0.51341397,0.213692
447518728,0.35257792,0.34412885,0.30329323
448385104,0.52927536,0.25104275,0.21968189
449035781,0.33429977,0.23573975,0.42996058
449765455,0.45447418,0.2553675,0.2901584
449952443,0.1468404,0.39686105,0.4562986
450377796,0.26225215,0.4701471,0.26760074
450506525,0.33830616,0.3268387,0.33485514
451513142,0.20425934,0.63941747,0.15632318
451987788,0.38176167,0.3258831,0.29235524
451995301,0.19871728,0.39855862,0.40272412
452006065,0.36136132,0.31379524,0.32484344
452682374,0.8510106,0.02581487,0.123174585
452745234,0.1798146,0.60896695,0.21121845
452841268,0.20397055,0.61291885,0.18311058
453100324,0.32298538,0.46742228,0.20959233
453743623,0.3414391,0.40981707,0.24874377
453823463,0.3220249,0.33096045,0.34701464
454774906,0.46657997,0.263152,0.27026805
456112330,0.36829644,0.2731468,0.35855672
456340115,0.5280551,0.16895571,0.3029892
457298007,0.12602717,0.6051914,0.26878142
457742814,0.52179945,0.22612748,0.25207308
458328633,0.15662368,0.663423,0.17995334
458752841,0.43381482,0.29312038,0.27306482
458799359,0.41896504,0.25760236,0.32343256
459146542,0.29860052,0.21376635,0.4876331
459924375,0.418667,0.16691582,0.4144172
460751101,0.37679622,0.2528505,0.37035328
460933190,0.33899367,0.43613943,0.22486693
460965622,0.2850425,0.45045227,0.2645052
461270519,0.33981416,0.1988274,0.4613585
461285321,0.5131277,0.20821247,0.27865985
461343366,0.38196084,0.1503173,0.46772185
461413054,0.7414257,0.11907594,0.13949837
461583114,0.3437883,0.3021299,0.35408184
461878654,0.17483097,0.3965122,0.42865682
462097477,0.23640077,0.4955763,0.26802287
462749421,0.33486646,0.29112068,0.3740129
463159915,0.14570946,0.35200292,0.5022876
463350103,0.2692543,0.4810603,0.24968539
463467410,0.4303532,0.30629638,0.26335046
463737412,0.27541038,0.46669492,0.25789472
463974240,0.30046365,0.2770509,0.42248544
464383872,0.31783956,0.3083894,0.37377104
464397045,0.35489458,0.41726223,0.22784318
464524480,0.16992456,0.61513746,0.21493797
464759100,0.5043672,0.3012223,0.19441049
465053697,0.48113528,0.19896358,0.31990117
465248579,0.58151644,0.15952076,0.25896275
465410778,0.41064668,0.28845102,0.30090228
465638359,0.20898359,0.53808814,0.25292823
465660401,0.16595583,0.6575897,0.17645445
465664098,0.39283842,0.2791303,0.32803124
466147717,0.6137642,0.103997186,0.28223857
466671063,0.44478497,0.22181308,0.33340195
466725709,0.18053168,0.59473175,0.22473662
467024889,0.15060382,0.5262651,0.32313105
467233266,0.45078036,0.1961311,0.35308847
467245506,0.37330198,0.30945742,0.31724057
467874429,0.3214267,0.4843078,0.19426556
468492900,0.14432755,0.71873,0.13694249
469018035,0.29757407,0.26090884,0.44151708
469996842,0.42630616,0.13791469,0.43577912
470015525,0.09224456,0.7180715,0.18968385
470035810,0.2308346,0.30745423,0.46171123
470523934,0.5179633,0.23204638,0.24999027
470737341,0.3255792,0.39866528,0.27575555
471087834,0.31346676,0.38315043,0.3033828
472745624,0.3165828,0.47641617,0.207001
474520900,0.42100582,0.3625637,0.21643052
474994014,0.24441166,0.3440699,0.41151842
475036459,0.32769838,0.33848262,0.33381897
475147152,0.37396368,0.22532015,0.40071625
475443477,0.46388772,0.17779711,0.35831514
475516149,0.05539623,0.69576204,0.24884175
475629845,0.3372707,0.37731707,0.28541228
475863404,0.46738827,0.23834756,0.29426414
476609334,0.3098942,0.3892052,0.30090058
477022683,0.5192297,0.14740758,0.3333627
477188550,0.24360578,0.567427,0.18896721
477195031,0.3093495,0.21496369,0.47568673
477221064,0.3956823,0.30114487,0.3031728
478017323,0.70724016,0.115561105,0.17719866
478074431,0.52588177,0.1565716,0.31754667
478154758,0.2845517,0.46900958,0.24643871
479011110,0.3277206,0.430219,0.24206045
479064468,0.5188247,0.16011833,0.32105696
479427608,0.05488132,0.70114815,0.24397048
479654178,0.34980068,0.22804692,0.42215243
480221231,0.30069205,0.28762868,0.4116792
480801801,0.47203258,0.078455284,0.4495121
481427643,0.32606804,0.27773443,0.39619753
482138633,0.03194249,0.8840118,0.08404572
482261469,0.06429978,0.6610503,0.27464998
483149747,0.58237195,0.20474961,0.21287844
483442448,0.61739856,0.054406956,0.32819444
484043008,0.157449,0.67825943,0.16429162
484336606,0.3654873,0.3841427,0.25037
484480070,0.25721124,0.25647482,0.48631394
485047091,0.16011363,0.61685777,0.2230286
485183826,0.7718054,0.07951545,0.1486791
485216899,0.6396397,0.12648317,0.23387715
486999369,0.3145016,0.4329311,0.25256726
488805379,0.30838245,0.42872563,0.26289195
488814667,0.20865367,0.3075128,0.48383346
489016776,0.36886355,0.2977993,0.3333371
489143130,0.7753118,0.07445549,0.15023269
489587903,0.51805305,0.24275789,0.239189
489847740,0.49248087,0.15868273,0.3488364
490208446,0.5451172,0.20055503,0.25432777
490298675,0.30696222,0.23704329,0.4559945
490744374,0.39750627,0.30194408,0.3005496
490850497,0.6144712,0.14367998,0.2418488
491142401,0.45122895,0.27029213,0.27847895
491635816,0.26077154,0.26382446,0.475404
492151451,0.76708174,0.11831237,0.11460594
492374535,0.23712729,0.20560196,0.55727077
492410769,0.2356467,0.5768976,0.18745567
493257416,0.43736234,0.29661268,0.26602492
494397284,0.17370671,0.589923,0.23637025
494913692,0.122774035,0.74206537,0.13516057
495131138,0.21032026,0.17488,0.61479974
495311712,0.31836185,0.40415436,0.2774838
496111089,0.21395226,0.45076331,0.33528444
496114605,0.7636136,0.09399251,0.14239392
496147327,0.4910145,0.2540142,0.25497133
496298384,0.3753086,0.35187453,0.27281693
496635295,0.6402741,0.11818878,0.24153708
496894995,0.58817446,0.11643571,0.29538986
496998812,0.759161,0.09600267,0.14483635
497033277,0.3361682,0.36740074,0.2964311
497107087,0.54797244,0.23099904,0.22102846
497377531,0.26874164,0.43273458,0.29852375
497608926,0.41754004,0.29328474,0.28917527
497747132,0.5559229,0.15948339,0.2845937
498357276,0.20827731,0.5502184,0.2415043
498707823,0.5460163,0.20649415,0.24748957
499869810,0.26703334,0.4857308,0.24723582
500133797,0.14392889,0.69918287,0.15688826
500701582,0.36793408,0.44508916,0.18697673
501014667,0.31228858,0.36021087,0.3275005
501098655,0.49723104,0.19625014,0.30651885
501380141,0.26166788,0.42147642,0.31685576
501423738,0.16915223,0.55230325,0.27854457
501961931,0.2902162,0.22333525,0.4864485
502229264,0.48067212,0.23640703,0.28292084
502782572,0.5348549,0.2261764,0.23896867
502916800,0.14500335,0.65972275,0.19527398
503043953,0.41865417,0.3289794,0.25236642
503394248,0.40013283,0.34898823,0.25087893
504409958,0.46119508,0.22355169,0.31525323
504475239,0.041382756,0.030914603,0.9277026
504729889,0.39052314,0.3414055,0.26807132
506363782,0.43848002,0.3149305,0.24658951
506614492,0.31146547,0.46512493,0.2234096
506642930,0.51931435,0.20656566,0.27412003
507901290,0.26098093,0.4670996,0.27191946
508237759,0.39086464,0.38960055,0.21953484
508276111,0.8004572,0.079422474,0.12012036
508443338,0.45618966,0.28792205,0.25588828
508832158,0.25872412,0.368664,0.37261194
509285712,0.11050339,0.73752564,0.15197098
509341455,0.6445969,0.0936701,0.26173303
509821302,0.25257075,0.22074449,0.52668476
510278107,0.54409134,0.10355469,0.35235393
510329131,0.6476736,0.16806002,0.18426633
510383062,0.2026562,0.59825575,0.19908808
510890521,0.50624955,0.15596132,0.33778912
510914314,0.71926636,0.07025496,0.21047865
510941606,0.5258437,0.2239929,0.25016338
511157939,0.20366468,0.48156068,0.3147747
511196698,0.22653486,0.57628274,0.19718243
511269855,0.34829143,0.37604612,0.27566248
511306896,0.36465645,0.3193753,0.31596825
512175291,0.4701714,0.33097187,0.19885674
512274847,0.25905356,0.46933976,0.2716067
512610823,0.44675705,0.2784062,0.27483672
512725726,0.20222656,0.5523026,0.24547082
512727382,0.27341244,0.42772326,0.29886436
513474144,0.34946603,0.280758,0.36977598
513777183,0.48088533,0.26154512,0.2575695
514078565,0.5896742,0.18514888,0.22517689
514708277,0.36093172,0.3211582,0.31791005
514835108,0.4467804,0.2138319,0.33938769
515597137,0.31552914,0.434765,0.24970593
515669152,0.30173558,0.366428,0.33183637
515671137,0.20608765,0.5626098,0.23130257
516215684,0.36544338,0.35408375,0.2804729
516278382,0.30772915,0.43864632,0.2536245
516486386,0.28660068,0.4036566,0.30974275
516519479,0.4970022,0.20814711,0.29485068
516843134,0.73737293,0.08130704,0.18132001
516864484,0.56968516,0.08231197,0.34800288
518316966,0.5778485,0.22969213,0.1924594
518616629,0.52651155,0.14314862,0.33033985
518632298,0.39126998,0.2290881,0.3796419
518662688,0.24899755,0.54530656,0.20569591
518707168,0.3463482,0.408734,0.24491787
518939643,0.17623442,0.28782833,0.53593725
519102593,0.43875805,0.27993166,0.28131038
519564529,0.43050814,0.25691536,0.31257644
519670423,0.20726079,0.50314593,0.2895933
519719535,0.11640637,0.7541011,0.12949252
519814969,0.61244625,0.20026413,0.18728964
520776446,0.18231061,0.5064985,0.31119087
520824759,0.56178826,0.12765786,0.31055385
520875859,0.39943177,0.2671226,0.33344567
520897180,0.52699757,0.18576185,0.2872406
522210971,0.3191682,0.39472654,0.28610528
522376474,0.43776894,0.31917125,0.24305977
522480195,0.3950813,0.41048583,0.19443288
522975020,0.43941885,0.28133115,0.27925006
523347391,0.34925196,0.4372371,0.21351092
524039288,0.8900673,0.03177084,0.07816194
524116051,0.3151889,0.47870728,0.20610379
524423720,0.24140811,0.3002676,0.4583243
524628672,0.34142032,0.44108605,0.2174937
524680419,0.33804205,0.41419354,0.2477644
524971073,0.7608586,0.095861524,0.14327997
525082011,0.17266178,0.29948992,0.52784836
525155305,0.29584083,0.2881696,0.41598958
525739793,0.20301041,0.61952496,0.1774646
525829138,0.37566906,0.2936625,0.33066848
526131011,0.19382931,0.5778172,0.22835349
526733633,0.2805193,0.4640663,0.25541437
526769611,0.28909275,0.29485416,0.41605306
527194687,0.3007078,0.41901314,0.28027904
527646240,0.5188016,0.24592248,0.2352759
528043107,0.6801861,0.1367548,0.18305917
528099668,0.35792667,0.32868156,0.31339175
528442462,0.20755689,0.55047137,0.24197176
528733015,0.100722834,0.77782893,0.121448286
528733849,0.18513542,0.03296703,0.78189754
529049956,0.24319763,0.5528103,0.20399205
529119930,0.40860924,0.34261376,0.24877694
529149317,0.11455276,0.12333711,0.76211005
529347270,0.5925017,0.20424096,0.20325737
530237079,0.09465283,0.3740798,0.53126734
531712820,0.542704,0.23179102,0.22550495
531742674,0.4561525,0.164015,0.3798325
531762876,0.61761916,0.17560163,0.2067792
531802177,0.35076746,0.37708998,0.27214253
532564564,0.5407826,0.22149876,0.23771875
532784338,0.49286166,0.30269745,0.2044409
533709279,0.56667346,0.21823902,0.21508753
533716847,0.5816577,0.10667651,0.31166574
534009280,0.40563825,0.29081634,0.3035454
534128256,0.22364661,0.57234424,0.20400916
534783084,0.49356604,0.22341703,0.28301686
535913956,0.40178168,0.42685813,0.17136021
536197453,0.7519195,0.06278222,0.18529825
536271761,0.2822974,0.40929806,0.30840454
536372485,0.7589643,0.11362606,0.12740964
536671942,0.5464207,0.19525138,0.258328
536996793,0.022483781,0.030977856,0.94653845
537197772,0.42119807,0.23612648,0.34267542
537656047,0.36266494,0.303999,0.33333606
537844111,0.35138333,0.37705156,0.27156514
538776576,0.16695346,0.5864094,0.24663715
540690343,0.2573371,0.41744158,0.3252213
541193619,0.45048517,0.21657152,0.33294332
542429495,0.1220149,0.69913274,0.17885233
542504862,0.33253163,0.3710309,0.29643744
542820231,0.09571914,0.7334502,0.17083068
542841085,0.32034877,0.32294542,0.35670587
543120523,0.39858812,0.2961687,0.30524313
543145444,0.32025015,0.3246679,0.35508195
543234609,0.40311116,0.35842526,0.23846355
543940711,0.6327337,0.16678633,0.20048
544214786,0.36265025,0.45331526,0.18403451
544225345,0.40713924,0.36107317,0.23178759
544872274,0.42619342,0.19384064,0.379966
545566626,0.45714962,0.25039718,0.29245323
546225186,0.16065003,0.5815782,0.25777176
546315077,0.28672937,0.26239097,0.45087972
546417633,0.479242,0.18738097,0.33337694
546861510,0.3456593,0.26910213,0.38523856
547306174,0.013767579,0.018725486,0.9675069
547824489,0.26976204,0.45469648,0.2755415
547834505,0.6671892,0.14928475,0.1835261
548162287,0.63403887,0.088443354,0.2775178
548347711,0.26570684,0.35096213,0.38333097
548419421,0.5111007,0.1582652,0.33063403
551039925,0.48344138,0.23935287,0.27720574
551387146,0.32014683,0.3279282,0.35192493
551523309,0.3597518,0.45960146,0.18064675
551666087,0.14316466,0.58296424,0.2738711
552003462,0.28803283,0.10032629,0.6116409
552460694,0.17929071,0.5851533,0.23555602
552754988,0.15347137,0.63540715,0.21112145
553169707,0.0479084,0.79766965,0.15442204
553373646,0.5386777,0.24979681,0.21152551
554874554,0.40186438,0.38125908,0.21687652
555347592,0.34343028,0.20295642,0.45361325
555533992,0.42028788,0.29296112,0.28675097
555841080,0.24452849,0.053055555,0.70241594
556080585,0.2630522,0.49892858,0.23801924
556267339,0.13492534,0.16213824,0.7029365
556641624,0.36378998,0.3337536,0.30245653
556806653,0.2861619,0.27063093,0.44320717
557127512,0.09127569,0.5237161,0.3850082
557447408,0.24659708,0.35108298,0.40231994
557792385,0.21868771,0.28005084,0.5012614
558546196,0.8015273,0.04816675,0.1503059
558650447,0.31448355,0.42875394,0.25676247
558672462,0.41985807,0.29796922,0.28217268
558939421,0.49652252,0.10456143,0.398916
559034161,0.5808994,0.20188384,0.21721673
559841020,0.4690758,0.30653235,0.22439191
559857624,0.35053015,0.25784728,0.39162257
560429456,0.5131868,0.2741991,0.21261407
562228476,0.39656985,0.29056555,0.3128646
562430896,0.19956125,0.09363874,0.70680004
562680966,0.94507664,0.004196172,0.050727203
562961343,0.34605783,0.3164533,0.33748883
563068360,0.3356971,0.33475173,0.32955116
563104997,0.5304226,0.19306855,0.27650884
563148670,0.47631422,0.19701757,0.3266683
564662663,0.34491438,0.23519902,0.41988662
565340720,0.24868476,0.5443594,0.20695585
565815983,0.30850968,0.34260148,0.34888878
566392918,0.63508487,0.14943911,0.215476
566884218,0.20937689,0.53856736,0.2520558
566895084,0.19462094,0.53926283,0.26611623
567469867,0.60206205,0.18841265,0.20952527
567550094,0.58266014,0.17049919,0.24684064
567577713,0.23184426,0.5289115,0.2392443
568010629,0.3360362,0.39164847,0.2723153
568066402,0.23576683,0.5300529,0.23418026
568649004,0.32716593,0.45134875,0.22148532
568663419,0.27075168,0.47504458,0.2542037
569459919,0.4999854,0.1521964,0.34781817
570218060,0.4392903,0.26580277,0.29490688
570308949,0.35899743,0.41796786,0.22303472
570996161,0.4253934,0.28130496,0.29330167
571041841,0.38847277,0.2296877,0.38183954
571209053,0.5625608,0.20557965,0.23185958
571277067,0.3124615,0.339245,0.34829348
571988185,0.56342626,0.21427436,0.22229941
572276973,0.28811985,0.18322282,0.5286573
572313038,0.3211158,0.21055774,0.4683265
572744633,0.28626657,0.446919,0.26681444
574045697,0.2845103,0.47930738,0.23618227
574380887,0.07946747,0.7854874,0.13504519
574580866,0.13683906,0.6756097,0.18755119
575158595,0.58200234,0.1587181,0.25927955
576218656,0.33693048,0.29022026,0.37284926
576757059,0.1792492,0.6008728,0.21987799
577249205,0.38309777,0.2094574,0.40744483
577723078,0.8666126,0.04733873,0.086048625
577745968,0.25368577,0.4512506,0.29506359
577981192,0.41763026,0.29295203,0.28941774
579278125,0.3351798,0.36327034,0.30154985
579529388,0.033393998,0.805407,0.16119896
579642428,0.2826125,0.17904921,0.5383383
579715355,0.47958878,0.10008124,0.42033002
580083281,0.39822543,0.3112478,0.29052684
580505326,0.21526629,0.55659425,0.22813946
580817462,0.44071054,0.26764822,0.29164127
580852563,0.24892385,0.41630515,0.33477098
581195851,0.14847146,0.3636255,0.48790312
581547722,0.43543985,0.34808016,0.21647991
581563108,0.47609878,0.31039038,0.21351086
581685587,0.4469076,0.31097344,0.2421189
582308709,0.42203248,0.35623822,0.22172926
582476417,0.33519986,0.44632804,0.21847208
583290120,0.642371,0.21562834,0.14200066
583401128,0.64538485,0.14311999,0.21149512
583719575,0.43671638,0.27269438,0.29058927
583848021,0.4389688,0.26068404,0.3003472
584741583,0.38243812,0.39933074,0.21823119
585865171,0.51180035,0.20861183,0.2795878
586101746,0.2884458,0.4951823,0.21637183
586250115,0.3477235,0.36909744,0.28317901
586297191,0.5838249,0.14170273,0.2744724
586892805,0.15885642,0.56501484,0.2761287
587898721,0.128906,0.53633887,0.33475515
587899679,0.39482182,0.23387146,0.3713067
588180192,0.39711177,0.28813487,0.3147533
588311493,0.14298065,0.5652347,0.29178458
589133701,0.69303805,0.09928966,0.20767233
589175293,0.35433558,0.17602259,0.4696419
589502042,0.44926798,0.3249605,0.22577152
589612364,0.5656473,0.17409301,0.2602597
589614948,0.07777778,0.7961626,0.12605962
590196040,0.4198606,0.2667915,0.31334785
590232571,0.30773562,0.39859226,0.29367208
590502031,0.42577776,0.2711438,0.30307844
591739967,0.37117782,0.3713835,0.25743863
591814569,0.16537146,0.6356861,0.19894247
592137130,0.39020938,0.26796493,0.34182566
592267907,0.37643626,0.29923707,0.32432666
592339714,0.22402741,0.28719813,0.48877445
592361031,0.47082654,0.20112905,0.3280444
592802352,0.18633793,0.59144527,0.22221681
592824435,0.38528368,0.2209833,0.39373305
592880070,0.4150789,0.19776124,0.3871598
593623660,0.48182783,0.2603796,0.25779256
593824050,0.837994,0.066027045,0.09597902
593926914,0.29870895,0.37692413,0.32436696
594444177,0.22978732,0.22048388,0.5497288
594593614,0.4657202,0.2776019,0.2566779
594972106,0.585345,0.23594415,0.1787109
596729828,0.59776384,0.19503649,0.2071997
597139217,0.16186522,0.27597207,0.5621627
597452644,0.5767421,0.2185713,0.20468657
597628228,0.3632819,0.29300848,0.3437096
598977526,0.32836884,0.36966422,0.301967
600369566,0.22105291,0.18475653,0.5941906
600392410,0.6423076,0.17186178,0.1858306
600671742,0.15738793,0.4620677,0.38054436
600998034,0.34989554,0.35805556,0.2920489
601615534,0.29992345,0.16868158,0.531395
601752232,0.5140655,0.226302,0.25963253
601782553,0.26309696,0.20651628,0.53038675
601795468,0.2712084,0.44609198,0.28269967
601977109,0.36770648,0.26982763,0.36246586
602400438,0.3691108,0.3511798,0.2797094
603184557,0.14812595,0.56116843,0.29070562
603564745,0.3207306,0.35594568,0.32332373
603606046,0.38214016,0.24022834,0.37763155
604000745,0.55234617,0.22137868,0.22627518
604459389,0.44565114,0.2594752,0.29487368
604482704,0.48471063,0.21762064,0.2976687
605355263,0.257015,0.49644876,0.24653625
605594223,0.6093117,0.19541837,0.19526996
606126039,0.8213363,0.06294254,0.11572111
606135544,0.7412165,0.10176847,0.15701495
606281151,0.7559693,0.08741321,0.1566175
606339898,0.2954792,0.31945542,0.38506532
606534673,0.30491057,0.44534558,0.2497439
606751072,0.3104383,0.31555533,0.37400636
607447957,0.29138976,0.4274528,0.2811575
607485751,0.26329255,0.4374201,0.29928738
608212960,0.7060549,0.14569834,0.14824672
608267147,0.3199869,0.34534886,0.33466423
608285613,0.28483343,0.2593046,0.45586193
608376886,0.46258932,0.3089107,0.22849996
608628789,0.22129923,0.52526444,0.25343633
608935608,0.35716468,0.32642984,0.3164055
609256004,0.3794407,0.25583822,0.3647211
610172207,0.23894158,0.26295218,0.49810624
610527295,0.18180549,0.5013504,0.31684408
610610895,0.8112658,0.05447054,0.13426363
612733077,0.3138957,0.35811728,0.32798702
613610889,0.62830234,0.11481101,0.25688666
613957102,0.21884382,0.3794362,0.40171996
614039879,0.23219998,0.5867056,0.18109441
614293699,0.17617364,0.5651741,0.2586523
614835124,0.08988557,0.7953161,0.11479835
615412233,0.45618558,0.3255286,0.21828577
615438484,0.42134574,0.3089293,0.26972494
615728639,0.53530365,0.17235841,0.29233798
616276616,0.27542508,0.47599918,0.24857573
616655203,0.47155055,0.18523581,0.34321365
616738734,0.5231489,0.2599063,0.21694478
616981423,0.24538794,0.4339683,0.32064372
616983496,0.2207364,0.58376515,0.19549842
617415618,0.03348403,0.8630158,0.10350025
617524277,0.34872916,0.1284049,0.52286595
617814634,0.3640836,0.33677006,0.2991464
618726767,0.42939684,0.34133905,0.2292641
618796641,0.56446433,0.2061706,0.22936504
618915607,0.35202172,0.117895424,0.5300828
618976282,0.44095695,0.23633058,0.32271245
619135224,0.25392333,0.48151812,0.26455852
619258698,0.20659807,0.48033264,0.3130692
619754987,0.17146628,0.6274501,0.20108363
619808478,0.35565948,0.3076959,0.3366446
620473724,0.17139573,0.5502758,0.27832845
620603737,0.43304494,0.24409588,0.3228592
620648682,0.37070292,0.27120945,0.35808763
620732984,0.38407043,0.27686757,0.33906204
621618295,0.20470716,0.57762504,0.21766777
621778716,0.19752164,0.57432145,0.2281569
622645726,0.49529833,0.25829667,0.24640496
622961338,0.28214058,0.36243233,0.35542706
623152842,0.25325274,0.40170988,0.3450374
623369789,0.27956158,0.5016823,0.21875615
624057439,0.49390563,0.26790792,0.23818645
624300941,0.4288658,0.30912393,0.26201028
624501541,0.22982149,0.49151707,0.27866137
625625335,0.2416515,0.32098466,0.4373639
625966769,0.5588134,0.18545558,0.25573105
626800367,0.29598263,0.39633468,0.30768266
627364006,0.25649753,0.6050554,0.13844706
627707203,0.77678984,0.19426382,0.028946308
627739421,0.48402017,0.21387589,0.30210394
628934369,0.46353877,0.22511114,0.3113501
629138111,0.36253947,0.2914528,0.34600767
629377595,0.51168716,0.25127968,0.23703322
629867876,0.31863683,0.33112085,0.3502423
629931733,0.75868905,0.0073803705,0.23393053
630163751,0.2516382,0.2554062,0.49295563
631035919,0.38277417,0.31248748,0.30473834
631378742,0.4969793,0.19857377,0.3044469
631465125,0.5856814,0.157834,0.25648466
631872196,0.45325005,0.2558986,0.2908513
633526540,0.21795349,0.5854354,0.1966111
633885714,0.28090337,0.40622905,0.31286758
633953047,0.36502367,0.47957867,0.15539764
634054182,0.66313833,0.14260736,0.1942544
635369785,0.050731014,0.68492264,0.26434633
635773769,0.18377014,0.50604475,0.3101851
636158648,0.26056075,0.4541968,0.2852424
637254910,0.22158957,0.5520031,0.22640736
637709252,0.42337164,0.31869045,0.25793785
638560335,0.08587211,0.7298134,0.18431446
638796249,0.31288284,0.3914569,0.29566026
638858569,0.27427626,0.22752947,0.49819434
638900637,0.2984204,0.35194418,0.34963536
639347682,0.70105916,0.14225344,0.15668738
639670437,0.39012927,0.31548113,0.29438967
639924357,0.3993843,0.29659402,0.30402172
640333247,0.2838435,0.51058066,0.20557582
640412363,0.2635664,0.4798646,0.256569
641073309,0.42566016,0.27114496,0.30319494
641156730,0.48621005,0.22976689,0.2840231
641404672,0.47445112,0.19788419,0.32766476
641560508,0.30765578,0.23749633,0.45484784
641574918,0.4173487,0.08831772,0.49433354
641602779,0.5148354,0.24284911,0.24231546
641783507,0.45796594,0.21000092,0.3320331
642287101,0.4352002,0.26003426,0.30476546
642560031,0.53001916,0.24336477,0.22661607
642631728,0.409916,0.2038404,0.38624352
643884486,0.6138028,0.15187187,0.23432529
644083060,0.22882979,0.34384662,0.42732358
644106073,0.41119438,0.30618083,0.28262478
644142937,0.48012507,0.22776817,0.29210672
644263884,0.52303714,0.2143372,0.26262566
645037218,0.21293966,0.5040656,0.28299478
645327812,0.47814465,0.2764068,0.24544863
645973321,0.2559405,0.31458667,0.42947277
646125203,0.7083451,0.11726263,0.17439222
646521383,0.52035326,0.2332044,0.24644238
646819108,0.3587156,0.28714252,0.3541419
646882355,0.47482392,0.22838478,0.29679132
647050109,0.14824224,0.50561357,0.34614423
647103697,0.7015246,0.098033175,0.2004423
647585104,0.4436751,0.29385227,0.26247257
647706301,0.1346546,0.37566438,0.48968107
647817701,0.34757102,0.31856343,0.33386555
648578639,0.52789366,0.19046672,0.28163967
648745391,0.41259673,0.3440222,0.2433811
649147579,0.30715117,0.48078027,0.2120685
649561047,0.4385137,0.25357383,0.30791244
650676781,0.42884514,0.21776354,0.35339138
651006780,0.5438548,0.18346049,0.27268475
651081595,0.31675845,0.29950646,0.38373512
651252897,0.45561972,0.21379222,0.33058798
652030126,0.5154182,0.25083926,0.23374256
652168688,0.36738244,0.31323028,0.31938726
652243796,0.2955055,0.124448955,0.5800456
652365545,0.26716286,0.44912148,0.28371567
653141643,0.54866964,0.18647493,0.26485544
653382237,0.737186,0.045061473,0.21775249
653856301,0.4178042,0.32755244,0.2546434
654045991,0.48169625,0.095834725,0.42246905
654413412,0.09460007,0.5565052,0.34889477
654459974,0.43577093,0.36640194,0.1978271
654531963,0.17822169,0.60764265,0.21413569
655026800,0.37605637,0.12546837,0.49847525
655258324,0.6885921,0.1085419,0.20286597
655474973,0.43131113,0.23160523,0.33708367
655503953,0.48126817,0.2410133,0.2777185
655513578,0.041266404,0.8423749,0.11635866
655586138,0.36204636,0.3373864,0.3005672
655689915,0.6488971,0.12283664,0.22826616
656063143,0.23484877,0.5224576,0.24269365
656096058,0.25204647,0.5248462,0.22310732
656359553,0.65949595,0.16777694,0.17272705
656738576,0.42979503,0.33358565,0.23661935
656926194,0.3403549,0.41428992,0.24535519
657155211,0.19310752,0.34038457,0.46650785
657172356,0.12772363,0.65345734,0.21881905
657663123,0.29551202,0.3552356,0.34925237
658036226,0.48529908,0.23610067,0.27860022
658322743,0.26643947,0.47220588,0.26135463
658368759,0.26822716,0.39374182,0.33803105
658835196,0.19556327,0.58338654,0.22105019
658940391,0.24419507,0.46103543,0.29476944
659000092,0.32187706,0.27202377,0.40609914
659031444,0.43724978,0.274586,0.28816423
659096165,0.09836682,0.79950464,0.10212853
659405039,0.80296785,0.06840505,0.1286271
660330681,0.3896752,0.3595993,0.2507255
660573572,0.2871189,0.21918239,0.4936987
660696498,0.022483781,0.030977856,0.94653845
660837283,0.32454684,0.2929203,0.3825328
661584705,0.40771627,0.3161803,0.27610344
661634986,0.56141055,0.21599291,0.22259653
662041526,0.34638193,0.3194002,0.33421785
663275954,0.15427586,0.7146359,0.1310882
663505936,0.5861681,0.1764581,0.23737378
663596873,0.52258253,0.2784332,0.19898431
663641436,0.4203888,0.2320392,0.34757194
664050173,0.28443378,0.24718317,0.46838298
664636162,0.7738604,0.10777821,0.118361406
665012441,0.34641382,0.20025665,0.45332947
665186115,0.2963506,0.33586293,0.36778644
665350638,0.49194288,0.27163246,0.23642461
665725038,0.18678351,0.4904264,0.32279012
665911339,0.41630903,0.2766008,0.30709013
666472411,0.46043807,0.33344305,0.20611887
667479481,0.7831665,0.08435594,0.13247752
667613362,0.25997752,0.46037138,0.27965108
669973172,0.16859016,0.18403272,0.64737713
670430260,0.08313948,0.34416124,0.57269925
670626922,0.2805007,0.4451878,0.2743115
670682613,0.13000159,0.123255946,0.7467425
671119891,0.34927082,0.33985865,0.31087053
671658366,0.17021185,0.5398697,0.2899184
673270883,0.032628633,0.9110215,0.05634992
673317986,0.5533426,0.22990185,0.21675558
673686316,0.37538216,0.30986992,0.3147479
673901034,0.19733779,0.5975131,0.20514917
673941660,0.5932583,0.17738505,0.22935665
673959517,0.60538095,0.14987981,0.2447392
674416108,0.28490916,0.2949633,0.42012757
674888997,0.17388442,0.30100653,0.525109
675078324,0.36540234,0.26718336,0.3674143
676480503,0.36811936,0.18823639,0.44364423
676698890,0.603683,0.18053196,0.21578507
676801749,0.4829399,0.2343167,0.28274336
676837218,0.21729662,0.12817225,0.6545311
676859711,0.3826308,0.36632496,0.2510442
676996700,0.3441747,0.30728146,0.34854376
677770110,0.28529888,0.28680646,0.42789468
677826140,0.32981923,0.29596233,0.37421846
678702467,0.2959855,0.45370987,0.25030467
678737842,0.35934734,0.4038758,0.23677687
679068289,0.75371116,0.099633984,0.14665483
679218544,0.29986247,0.38088784,0.3192497
679568865,0.39054564,0.2416701,0.36778426
679731104,0.2336895,0.53166336,0.23464717
679793221,0.39345655,0.33061633,0.27592713
679936958,0.4699564,0.3433538,0.18668982
680499042,0.4568286,0.25497252,0.28819886
680733195,0.31497532,0.4470099,0.23801479
681807508,0.3649662,0.32927024,0.3057635
681889716,0.6352721,0.13939777,0.22533017
682104918,0.23094209,0.57287,0.19618793
682365957,0.24840935,0.46336898,0.28822172
682489476,0.6486406,0.048511256,0.30284813
682574289,0.8844247,0.041401457,0.07417393
682973709,0.23565693,0.2944275,0.46991554
683702449,0.38632768,0.29127282,0.32239947
683899688,0.29725766,0.43589485,0.2668475
684010270,0.47630483,0.25688064,0.26681444
686070041,0.49732214,0.12837256,0.37430522
686286920,0.34595755,0.32484075,0.3292017
686457079,0.28318343,0.43863946,0.27817708
686462898,0.28825772,0.347552,0.3641903
686662972,0.34122494,0.4101456,0.24862942
687551799,0.5426216,0.22813138,0.22924702
687591918,0.3123836,0.23579994,0.4518164
687812280,0.2734288,0.24330054,0.4832707
687837478,0.37224263,0.29491794,0.3328394
688096818,0.047577314,0.7484266,0.20399602
688105810,0.20159183,0.41182548,0.38658276
688455809,0.15432262,0.51058257,0.33509478
688706246,0.66889256,0.122776,0.20833135
688752848,0.40393895,0.36450246,0.23155858
689927743,0.40514413,0.21219435,0.38266155
690027544,0.37606245,0.2999538,0.32398373
690301786,0.38893846,0.31329435,0.29776722
690471494,0.4626232,0.2881823,0.24919447
691110298,0.22383386,0.375624,0.40054214
691684000,0.3301315,0.33150026,0.33836824
691827418,0.18054487,0.22295721,0.5964979
692455146,0.451246,0.1767906,0.3719634
692565969,0.18726659,0.28179163,0.5309418
692748238,0.8627603,0.049864292,0.087375395
692905067,0.21188036,0.5077277,0.28039193
693187585,0.33386105,0.4035544,0.2625845
694521999,0.58478147,0.23687865,0.17833981
694908195,0.35712913,0.24723217,0.39563867
696201527,0.19230776,0.59966063,0.20803162
696349075,0.37813246,0.29061943,0.33124804
696847650,0.35349032,0.30500132,0.34150836
697643140,0.5989645,0.18122031,0.21981514
697692199,0.5360408,0.229923,0.23403622
697891184,0.41840872,0.22137679,0.36021453
697961982,0.27750218,0.36212793,0.36036992
697992086,0.167713,0.61188596,0.22040097
698396473,0.26558506,0.45435208,0.28006282
698629835,0.2513736,0.36937055,0.37925583
699730587,0.514158,0.166081,0.31976098
700833248,0.2904233,0.49115545,0.21842125
701066676,0.42228067,0.14981548,0.4279039
701281102,0.43014026,0.20924287,0.36061695
701950675,0.3420318,0.24363382,0.41433433
702393997,0.3920871,0.30797738,0.29993546
703062767,0.33743143,0.35447192,0.30809665
703316830,0.44048482,0.2703725,0.28914267
704622304,0.6245595,0.13603066,0.23940988
704878730,0.45578268,0.3358637,0.2083536
705462213,0.2938135,0.4289944,0.2771921
705834285,0.32912275,0.41344053,0.25743675
705903164,0.46738437,0.28656802,0.2460476
706242139,0.34470853,0.36281025,0.29248115
706733495,0.4829056,0.240472,0.27662244
707075322,0.6561046,0.16541909,0.1784763
707164709,0.79001397,0.049068112,0.1609179
707208336,0.46248284,0.20880815,0.32870895
707221983,0.39701536,0.2365822,0.36640242
707416409,0.36731234,0.2637787,0.36890894
707601034,0.3336564,0.3476531,0.31869054
709553495,0.25733253,0.51311827,0.22954921
709929698,0.37587962,0.39210984,0.2320106
710286670,0.51338154,0.13369218,0.35292625
710520312,0.094885714,0.7192407,0.18587361
710836443,0.25934327,0.3175981,0.42305872
710886493,0.43365866,0.3808674,0.18547398
711176714,0.5247707,0.27095836,0.20427096
711847684,0.5197203,0.21016538,0.27011433
711989467,0.53645927,0.1909244,0.2726163
712127635,0.5403914,0.21874164,0.24086693
712273615,0.35846657,0.3129407,0.32859275
713228176,0.39229295,0.31458724,0.29311985
713694309,0.49055612,0.22055505,0.28888884
713781164,0.40294793,0.35349873,0.2435533
714078928,0.28659692,0.3473755,0.3660276
714713883,0.44387043,0.37955642,0.17657313
714790975,0.3311279,0.3428256,0.3260465
714938899,0.28950036,0.4138055,0.2966941
715443817,0.3151165,0.42831773,0.2565658
715837668,0.43510294,0.24578409,0.31911293
715939405,0.21906778,0.47047505,0.31045717
716424535,0.359432,0.31003296,0.33053502
716841346,0.3474927,0.15931135,0.49319595
716852385,0.41911986,0.2330572,0.34782293
716989034,0.43434268,0.29028046,0.2753768
717515506,0.329282,0.33950052,0.33121756
717707503,0.47895715,0.24806981,0.27297306
718073662,0.19163853,0.6507588,0.1576027
718751268,0.56889015,0.20274554,0.2283643
719211729,0.2830855,0.2937287,0.42318583
719424726,0.257049,0.49247694,0.25047407
719705991,0.2532394,0.40343004,0.3433305
719937718,0.31488726,0.4903893,0.19472349
720178956,0.4307159,0.28018972,0.28909436
720298015,0.35458696,0.34996334,0.2954497
720727081,0.24583772,0.17661338,0.57754886
721206209,0.23868378,0.42075866,0.34055752
721313802,0.434863,0.30529803,0.25983894
722150854,0.11606979,0.70671296,0.17721729
722598282,0.84447664,0.034852,0.12067139
722928219,0.49131075,0.22138833,0.28730088
723087212,0.19099584,0.16753884,0.64146537
724122706,0.24973488,0.45842144,0.2918437
724301501,0.29143113,0.42337874,0.28519017
725437706,0.39430302,0.21137075,0.3943262
725561579,0.22981565,0.5491069,0.22107744
725740894,0.38936633,0.34652174,0.26411185
726263415,0.26123035,0.31906328,0.4197064
726366958,0.35317597,0.23387083,0.41295314
726404169,0.3321657,0.28383514,0.3839991
726526458,0.42134705,0.22430752,0.35434544
726851833,0.2636595,0.4534174,0.28292304
727422554,0.24429512,0.4901769,0.26552802
727567457,0.3708918,0.44063443,0.18847373
727787855,0.41608676,0.31439593,0.2695173
728810270,0.23506407,0.18507333,0.5798626
729598974,0.34868324,0.43899816,0.21231858
729755643,0.30135816,0.16206942,0.5365724
729941520,0.2726199,0.4471755,0.28020453
730201702,0.17643936,0.42509246,0.39846823
730298009,0.08373487,0.67493016,0.24133502
730305057,0.47737998,0.21208283,0.31053713
730946701,0.6451616,0.11800601,0.2368323
731144877,0.695247,0.0957588,0.20899428
731683978,0.7533442,0.1058194,0.14083637
732056765,0.3284601,0.45587525,0.2156647
732489087,0.39593178,0.26283547,0.34123275
732656950,0.22902143,0.54334223,0.22763634
732895580,0.4686744,0.22167146,0.30965412
733296181,0.2936366,0.31221783,0.39414564
733860008,0.16190936,0.6610847,0.1770059
733939013,0.12212729,0.24650674,0.631366
734693203,0.3233541,0.11742127,0.5592246
735787581,0.0380445,0.7366133,0.22534218
735929597,0.36613545,0.29248017,0.3413844
736372075,0.56195086,0.2751103,0.16293885
736875382,0.4824215,0.24955447,0.26802406
737005289,0.5124697,0.18452102,0.3030093
737131407,0.6514421,0.16813974,0.18041821
738005775,0.18701272,0.6602911,0.15269619
738776913,0.31855097,0.3724035,0.3090455
739194968,0.36384147,0.2497743,0.38638422
739317287,0.4150954,0.2615951,0.32330945
739462574,0.7037107,0.114251584,0.18203773
739679063,0.28982037,0.49335977,0.21681988
740379158,0.470453,0.25556114,0.27398583
740499078,0.63258886,0.16229391,0.2051172
740658432,0.3619148,0.32141373,0.31667143
740715880,0.34655863,0.24473403,0.40870735
741494977,0.22395606,0.26605642,0.5099876
741626533,0.30592737,0.405576,0.28849667
741858402,0.2791848,0.3969134,0.3239018
742339597,0.2527942,0.29573774,0.45146805
742536184,0.6775854,0.18239325,0.14002135
743068495,0.28523326,0.44703746,0.26772928
743558482,0.33607543,0.40930513,0.25461945
743813489,0.5782583,0.13905343,0.2826883
744531722,0.5728199,0.24044639,0.18673374
745085593,0.086313084,0.78538233,0.12830463
745151072,0.117012545,0.72013736,0.1628501
745182401,0.32079786,0.20809154,0.47111058
746235401,0.33198944,0.4302702,0.23774034
746379034,0.22148801,0.5890504,0.18946159
746476011,0.17131932,0.57454824,0.25413242
746866579,0.65329295,0.12598012,0.22072689
748126861,0.38100544,0.28055757,0.33843696
748212891,0.5425283,0.2444625,0.21300922
749487665,0.41487783,0.23501275,0.35010946
749510108,0.42720148,0.2726443,0.30015418
749871207,0.254805,0.370004,0.37519103
749951216,0.30471388,0.50720316,0.18808298
750184753,0.2313147,0.21928175,0.54940355
750254005,0.25774637,0.47555783,0.26669583
750293902,0.43094796,0.32379797,0.24525411
750715657,0.40281022,0.28077975,0.31641006
751177002,0.5390759,0.23200862,0.22891541
751917033,0.20084713,0.53700924,0.2621436
752041170,0.5435417,0.20183614,0.25462213
752474325,0.5697845,0.22626151,0.20395403
752499740,0.3518909,0.3443368,0.3037723
752578279,0.24705277,0.29027942,0.46266782
752700137,0.26378122,0.29008484,0.4461339
752788370,0.6454968,0.15499845,0.19950475
754005766,0.30339882,0.43270376,0.26389742
754282219,0.39535692,0.28370094,0.32094216
755415587,0.11587917,0.7421575,0.14196329
755496986,0.32897317,0.34402505,0.32700175
755613127,0.1891358,0.38244486,0.42841938
755775876,0.34635183,0.37684464,0.2768035
755893152,0.38837323,0.3043874,0.30723935
756193681,0.34938866,0.30671164,0.3438997
756378651,0.67777616,0.14953497,0.17268889
756865722,0.78027105,0.05552386,0.16420509
756907137,0.30415946,0.43747514,0.2583654
757373866,0.3028231,0.2596819,0.4374949
757724402,0.24911688,0.35815957,0.39272362
757983870,0.66797835,0.11343776,0.21858396
758849482,0.3637166,0.23296432,0.403319
758876399,0.29488122,0.36965013,0.33546862
759261823,0.5616262,0.17800038,0.26037344
759277000,0.2543831,0.3855867,0.3600302
759336167,0.5932587,0.15642565,0.2503157
759672267,0.09886609,0.71824604,0.18288793
760439663,0.2517722,0.51303595,0.23519185
760453636,0.5407653,0.18706949,0.27216518
760565716,0.2743888,0.44491297,0.28069827
760745724,0.2929214,0.45974532,0.2473333
760926556,0.485044,0.14702512,0.36793083
761022137,0.22193308,0.44468236,0.33338457
761676718,0.17298947,0.64445996,0.18255058
762309839,0.25895435,0.5528832,0.18816246
762987277,0.37160784,0.28709868,0.34129342
764002960,0.6165643,0.15213764,0.23129812
764229391,0.33616126,0.27320015,0.3906386
764686941,0.080839604,0.39158347,0.527577
765141950,0.5082393,0.2106522,0.28110844
765333581,0.07538521,0.45526388,0.46935087
765714873,0.26570114,0.3953568,0.33894208
766251514,0.432067,0.16109173,0.40684125
766386767,0.34760755,0.23561558,0.41677684
766400103,0.2582588,0.31300277,0.4287384
766612952,0.41771534,0.2928914,0.28939325
766722692,0.35176778,0.249814,0.39841825
766932726,0.30519298,0.46162313,0.23318392
767177121,0.3372915,0.28220883,0.38049966
767246588,0.15447797,0.25340304,0.592119
767335610,0.33117408,0.20328228,0.46554366
767762989,0.5149638,0.15857431,0.3264619
767832946,0.33276543,0.34965426,0.3175803
768729488,0.31430173,0.35180172,0.3338965
768775087,0.5442546,0.16166425,0.2940812
768887092,0.29942006,0.3643578,0.33622217
769279558,0.24669996,0.48029062,0.27300942
769367026,0.21312428,0.56172043,0.22515528
769656894,0.39742258,0.34097356,0.26160395
769724993,0.24129654,0.37736112,0.38134238
769862955,0.44914502,0.38176075,0.16909423
770180100,0.21854699,0.557884,0.223569
770315429,0.5187158,0.20471968,0.2765645
770367099,0.36045358,0.43424174,0.20530467
770665678,0.15948309,0.6100531,0.23046379
770756393,0.3019744,0.36604482,0.33198076
772642297,0.20365542,0.27545914,0.52088547
772977288,0.21246043,0.23854429,0.5489953
773095797,0.25230616,0.5583675,0.1893264
773119245,0.48596853,0.2417415,0.27228993
773209063,0.24306479,0.3920928,0.36484239
773612197,0.76923764,0.07925674,0.15150565
774107155,0.14117198,0.6672027,0.19162533
774668956,0.52193993,0.23957285,0.23848721
774779768,0.40757582,0.2848544,0.3075698
775179909,0.40098682,0.1676767,0.43133646
775375578,0.23585959,0.32686263,0.4372778
775939321,0.9159265,0.017791657,0.06628178
776133752,0.2838542,0.4318654,0.28428042
776588401,0.4776709,0.2628959,0.25943312
777100057,0.67434466,0.15252182,0.17313352
777182159,0.27542493,0.45951444,0.26506063
778769616,0.15015917,0.27890795,0.57093287
778992448,0.09577079,0.7313115,0.17291772
779084824,0.77575886,0.08120038,0.14304072
779313044,0.16365041,0.6530845,0.18326512
780105077,0.42554048,0.29050896,0.28395054
780787165,0.17308219,0.63935035,0.1875674
780817472,0.52822745,0.22407939,0.2476931
782629653,0.50168455,0.26399907,0.23431633
782753531,0.3388316,0.3749521,0.2862163
782879180,0.5875482,0.10552967,0.30692208
782886254,0.067885794,0.84750414,0.084610015
783217410,0.06617859,0.75242406,0.18139733
783325507,0.11119693,0.46159098,0.42721212
783375389,0.6882594,0.117987275,0.19375333
783886855,0.6646654,0.15704125,0.17829336
784098937,0.104523316,0.74119246,0.15428424
784259889,0.11262779,0.71394134,0.17343082
785003804,0.6576479,0.16806005,0.17429203
785111360,0.34841117,0.31344008,0.3381487
785376197,0.3967958,0.3236842,0.27952003
785631402,0.250371,0.46423542,0.2853935
786207655,0.5969892,0.17730372,0.2257071
786626012,0.8308066,0.054529443,0.11466388
786803335,0.41816095,0.34266979,0.23916933
787155552,0.019635422,0.8520836,0.12828097
787210188,0.41772947,0.16244039,0.41983008
787241355,0.8611084,0.037568755,0.10132288
787251782,0.5146529,0.2847995,0.20054755
787390419,0.1781978,0.44843912,0.37336314
787664513,0.3279136,0.23926185,0.43282458
787762984,0.34472936,0.265115,0.3901556
788043928,0.5048582,0.20494258,0.29019922
788417573,0.2673001,0.2840745,0.44862542
788618045,0.58966374,0.15498266,0.2553536
789025604,0.341399,0.43569115,0.22290988
789036812,0.43821117,0.29736152,0.26442727
789046088,0.21714908,0.567717,0.21513389
789528669,0.31569588,0.37913817,0.30516598
790347119,0.33268854,0.33567226,0.33163917
790604621,0.39326558,0.28810307,0.31863132
791119613,0.41462612,0.29110545,0.2942684
791814044,0.36062914,0.34043044,0.2989404
793305609,0.2313983,0.50023913,0.26836252
793959663,0.20981207,0.3342149,0.45597303
794401166,0.24363711,0.52287,0.23349288
794421504,0.35085326,0.3848969,0.26424983
794511537,0.41933203,0.25407934,0.32658863
794523605,0.58930457,0.1742076,0.2364878
794645357,0.30068347,0.3050612,0.3942553
795049146,0.76997256,0.08275138,0.14727603
795273803,0.7887846,0.06377127,0.14744404
796039373,0.365919,0.32438195,0.309699
796111440,0.33687335,0.4556726,0.20745406
796273532,0.49927714,0.22811812,0.27260473
796779245,0.27524135,0.31990737,0.40485135
797580868,0.7260551,0.12000552,0.15393944
797947496,0.11749846,0.71680695,0.16569464
798111732,0.27310303,0.44533828,0.28155872
798390416,0.8512,0.047378555,0.10142154
798759243,0.2726236,0.22562407,0.5017524
799099699,0.54136866,0.16676201,0.29186937
801177483,0.28945893,0.54497105,0.16557004
801610829,0.5059594,0.16390264,0.33013794
801750304,0.34125963,0.20800789,0.4507324
801841311,0.21345364,0.6103355,0.1762108
802140433,0.18043473,0.28758353,0.53198177
802382754,0.37323323,0.3176058,0.30916098
802496863,0.43530744,0.20859542,0.3560971
802508480,0.37480694,0.39461625,0.23057678
803033356,0.29253325,0.44643417,0.2610326
803421317,0.23767403,0.51792604,0.24439995
803755354,0.31422782,0.40668386,0.27908832
804670237,0.3066802,0.1964188,0.49690095
805052962,0.53224653,0.25087643,0.21687701
805166016,0.3386883,0.21199843,0.44931322
805218091,0.31443608,0.4442656,0.24129833
805672468,0.42503655,0.2445162,0.3304473
806352566,0.32835907,0.38986734,0.28177357
806361759,0.06554017,0.8096628,0.12479701
806490979,0.18740487,0.5213399,0.29125524
806537741,0.37451723,0.29881084,0.32667193
806773863,0.48645657,0.1913489,0.32219455
807302486,0.42815876,0.29056942,0.28127182
807533503,0.19141485,0.14128713,0.6672981
807948782,0.2556578,0.44533065,0.2990116
808284062,0.4994395,0.2236389,0.27692148
808724574,0.21009363,0.35720357,0.43270278
809592779,0.32474962,0.4362875,0.23896287
810365751,0.22829969,0.40095466,0.37074566
810664849,0.32295078,0.32064232,0.35640693
810865152,0.51011586,0.15418996,0.3356942
810963872,0.28095803,0.0492006,0.66984135
811251686,0.4503634,0.26979783,0.2798388
811700473,0.33558798,0.36168113,0.30273092
812069136,0.1522804,0.7121726,0.13554697
812238034,0.06702429,0.7733435,0.1596322
812843511,0.18870579,0.53927124,0.27202296
813380743,0.1942546,0.5940513,0.21169408
813585561,0.25726163,0.13134421,0.6113941
814256860,0.18730429,0.4087268,0.40396884
814910645,0.036142316,0.8778371,0.08602062
815192636,0.13750955,0.72040963,0.14208087
815240256,0.25386015,0.53443223,0.21170765
815650367,0.53675115,0.21591982,0.24732904
816116403,0.5285056,0.077243306,0.39425105
816553274,0.49195212,0.15850785,0.34954002
816949584,0.4771329,0.31145668,0.21141039
817052032,0.4362609,0.3637265,0.20001261
818888212,0.3556531,0.46111873,0.18322815
819867609,0.2873777,0.448571,0.26405123
820070283,0.18688917,0.24054758,0.57256323
821029719,0.49895564,0.24270393,0.2583404
821058180,0.5513269,0.2060715,0.24260163
821387852,0.4689345,0.24588817,0.28517732
822175390,0.24081913,0.5485353,0.21064557
822273149,0.34431216,0.4232935,0.23239432
822325505,0.2992974,0.38630512,0.3143975
822444951,0.16030397,0.52368385,0.3160122
822471354,0.26723382,0.3857756,0.34699056
822597250,0.66083556,0.18272449,0.15643996
822609301,0.50286084,0.23982783,0.2573113
822716820,0.35327774,0.33209887,0.31462342
823017940,0.5852316,0.18129073,0.23347764
823518029,0.2567782,0.50932187,0.23389992
823763694,0.109714106,0.53405386,0.35623208
823880359,0.16551776,0.5223662,0.312116
824150097,0.34461173,0.36336532,0.292023
824819740,0.45647022,0.3045352,0.2389946
825074528,0.5522392,0.2844675,0.16329335
825088230,0.27882764,0.14773907,0.5734333
825396381,0.26754034,0.4717928,0.26066694
825406291,0.3145898,0.38676688,0.29864335
826200682,0.24837188,0.4460345,0.30559358
826445353,0.3219579,0.16712104,0.51092106
828695300,0.33037087,0.44215152,0.22747758
828984250,0.48040196,0.20447046,0.3151276
829239840,0.24955294,0.5330895,0.21735755
829779419,0.46593055,0.18965127,0.3444183
830625399,0.26521537,0.45473558,0.28004912
830626466,0.18496582,0.20578387,0.6092503
830895804,0.7495676,0.0912607,0.15917166
831167918,0.23629384,0.35504714,0.40865904
831596017,0.5901694,0.15683666,0.25299394
831611698,0.22783045,0.49488455,0.27728504
831778902,0.4247819,0.19389856,0.38131952
831914526,0.34574524,0.14042194,0.51383287
832033816,0.20671465,0.6076129,0.1856724
832141352,0.6203082,0.07478871,0.3049031
832276412,0.10622534,0.7900184,0.103756316
832453013,0.18597353,0.5446564,0.2693701
832472146,0.10564185,0.7749563,0.119401895
832736097,0.52449936,0.14647304,0.3290276
832834015,0.18232131,0.14356254,0.6741162
833599586,0.5570202,0.24937369,0.19360606
833616571,0.5176081,0.21450673,0.26788518
834307597,0.43541527,0.29705098,0.26753378
834664688,0.30324826,0.15318894,0.54356277
834686163,0.3743318,0.1481359,0.47753233
835133821,0.36559188,0.413443,0.22096515
835146954,0.623146,0.1553801,0.22147393
835588426,0.5527834,0.17126875,0.2759478
836453240,0.35086522,0.33914244,0.30999228
836952406,0.35475945,0.32502457,0.32021597
837095892,0.17564705,0.5627064,0.26164654
837311860,0.25001726,0.5038494,0.24613337
837616963,0.3016808,0.42586306,0.27245617
838970803,0.32414356,0.24718635,0.42867014
839449645,0.4123484,0.28354257,0.30410904
839662237,0.3882498,0.28211483,0.3296353
839950707,0.6590945,0.16083261,0.1800729
840112419,0.7517793,0.06793399,0.1802867
840632522,0.20792522,0.2813552,0.51071954
841186724,0.04729706,0.802897,0.149806
841479690,0.86176777,0.066665545,0.071566686
841681293,0.3689934,0.40845835,0.22254823
842309291,0.53485787,0.21707089,0.24807122
842654057,0.14302775,0.42211726,0.43485495
843109668,0.29082343,0.43943948,0.26973704
843430239,0.17425673,0.5958844,0.22985888
843990056,0.42473254,0.15811507,0.41715237
844604674,0.13948672,0.6622906,0.19822271
845048452,0.51052606,0.22691268,0.26256123
845237690,0.49688214,0.2480385,0.25507936
845265580,0.2019305,0.61388004,0.18418945
845993694,0.19001482,0.3601632,0.44982198
847234925,0.40796348,0.32888848,0.26314807
847634904,0.273804,0.4536728,0.27252313
847978890,0.3479823,0.3963863,0.25563145
848298774,0.092234865,0.7887758,0.118989326
848317770,0.45003542,0.27868196,0.27128264
849169182,0.5865128,0.2314706,0.18201657
849212621,0.2610635,0.40907013,0.32986635
849214417,0.2821676,0.3887024,0.32913002
849463785,0.5521796,0.22374344,0.22407697
849476077,0.57143307,0.09340643,0.3351605
849544505,0.47957128,0.22412013,0.2963086
849890960,1.3302422e-05,0.0007193969,0.9992673
849949482,0.020520085,0.89994955,0.07953031
850049946,0.33059424,0.33798793,0.33141783
850140804,0.5491321,0.17631365,0.27455425
850529512,0.35163945,0.3018639,0.34649664
851033521,0.2760637,0.13186653,0.5920697
852746279,0.38616523,0.3315049,0.28232986
852751257,0.17221968,0.568097,0.25968334
852806371,0.39786875,0.30138215,0.30074912
853215317,0.555077,0.1582636,0.28665945
853500653,0.42772043,0.35974893,0.21253063
853649431,0.24956435,0.35120818,0.3992274
854078055,0.4507791,0.3984143,0.1508066
854443148,0.18860966,0.2837078,0.5276826
854466301,0.45909086,0.24592955,0.29497966
854620291,0.16990042,0.4134093,0.41669032
854836773,0.3933676,0.37556383,0.23106861
854877526,0.32571918,0.33543575,0.33884504
855290034,0.33203262,0.29088128,0.3770861
855331520,0.53582174,0.22960512,0.23457307
855346087,0.42288494,0.19759303,0.37952206
855357174,0.29738975,0.3733371,0.32927313
857109430,0.11658708,0.739972,0.1434409
857883885,0.31285694,0.3845268,0.30261627
857917077,0.30163753,0.41521806,0.28314444
858101086,0.31154948,0.3174473,0.37100324
858515772,0.17717198,0.6382402,0.18458778
858844108,0.39426115,0.27990443,0.32583442
859121706,0.16697657,0.62303406,0.20998937
859860391,0.12822244,0.6769092,0.19486842
860825645,0.2766678,0.28725785,0.43607435
860898552,0.36876062,0.29791334,0.33332604
862488948,0.39135516,0.3403925,0.26825234
863784902,0.73733085,0.107523315,0.1551458
864141600,0.83896786,0.061926253,0.09910584
864584149,0.2058119,0.59853625,0.19565186
865466460,0.46138242,0.26375666,0.27486098
865468193,0.36927983,0.29165363,0.33906654
865558089,0.36554575,0.30070385,0.33375034
865766846,0.4920549,0.1478106,0.36013457
866171894,0.42607477,0.18822554,0.38569966
867094927,0.16288745,0.5232565,0.3138561
867680273,0.32865193,0.21219264,0.45915547
867741996,0.50184685,0.23207213,0.266081
868418350,0.2684106,0.44428813,0.28730133
868634213,0.86592764,0.014258349,0.11981396
868637515,0.17856549,0.2430001,0.57843435
868760386,0.3221336,0.32105425,0.35681215
869028273,0.21471559,0.5532399,0.2320445
869098038,0.06829941,0.78249294,0.14920767
869162108,0.43114695,0.045662906,0.5231901
869691985,0.35165158,0.2529764,0.3953721
870069737,0.24824719,0.29813236,0.4536205
870172212,0.15642776,0.6749314,0.16864084
870836568,0.57539016,0.23960377,0.1850061
870871610,0.236658,0.3227803,0.44056162
871064588,0.25356737,0.2855849,0.46084777
871754751,0.32108974,0.4476083,0.231302
872216528,0.3600834,0.28981227,0.35010427
872382018,0.4571491,0.23058693,0.312264
872576021,0.75431556,0.076261505,0.16942294
873036866,0.3785758,0.24531657,0.3761076
874911504,0.30157092,0.47554398,0.22288507
874948267,0.31688222,0.44157875,0.24153908
875220664,0.5245964,0.29246035,0.18294328
876185192,0.24268761,0.31917536,0.43813702
876571797,0.28677323,0.4314672,0.2817596
876712463,0.2318362,0.5270674,0.24109636
877344476,0.60870254,0.15150999,0.23978744
877374294,0.14715093,0.5371854,0.31566373
877445733,0.28883234,0.23281062,0.478357
877737601,0.5174904,0.1981727,0.28433686
878044690,0.50492674,0.11553558,0.3795377
878573617,0.34491876,0.44941598,0.20566532
879355934,0.06349012,0.5944269,0.34208298
879479757,0.40334123,0.2853648,0.31129396
879764233,0.47176328,0.18752378,0.34071296
879891010,0.15696776,0.6619173,0.18111493
880384436,0.317777,0.25883585,0.42338717
880426277,0.3136044,0.46363205,0.2227636
880897320,0.22016548,0.5474801,0.23235448
880982072,0.31525108,0.22360909,0.46113986
882477558,0.23313288,0.5986552,0.16821186
882915423,0.44115624,0.28363302,0.27521077
883779002,0.198919,0.5600166,0.24106441
884375226,0.15415736,0.55693614,0.28890648
885134542,0.2574072,0.2313109,0.5112819
885504314,0.7697452,0.06399255,0.1662623
885545927,0.4465727,0.20646124,0.34696603
885711579,0.2672761,0.3982183,0.3345056
885923017,0.21401757,0.43743464,0.3485478
886011876,0.2745887,0.2542817,0.4711295
886549178,0.32309595,0.40529415,0.27160987
886613989,0.59377354,0.22606818,0.18015832
886674823,0.3919304,0.31682885,0.29124072
886872127,0.20508936,0.53046674,0.26444393
887453621,0.28716835,0.4523698,0.2604619
888572407,0.2297505,0.48048276,0.2897668
888628447,0.32014784,0.48458835,0.19526377
889653394,0.2580065,0.426568,0.31542546
889708808,0.35363513,0.1733952,0.47296962
889801571,0.24552555,0.5201871,0.23428735
890236179,0.21635386,0.44772434,0.3359218
890725417,0.54822516,0.13344932,0.3183255
891070216,0.2612949,0.46268854,0.2760165
891676173,0.18664086,0.6363142,0.17704491
891786614,0.23864974,0.1629324,0.5984178
891797796,0.35522017,0.30269498,0.34208488
891805780,0.32079244,0.1358754,0.54333216
891931176,0.2898402,0.3774414,0.33271834
892092857,0.2384941,0.43680528,0.32470062
892105044,0.12849395,0.66820496,0.20330109
892126137,0.3280242,0.29959437,0.37238136
892383489,0.11950063,0.6685936,0.21190578
893200530,0.5608156,0.16764349,0.27154094
893670199,0.66170096,0.1545542,0.18374482
894288127,0.09790575,0.6992319,0.20286232
894540368,0.5056045,0.25361553,0.24077997
895450513,0.9097214,0.01585586,0.07442282
895637682,0.30397227,0.382311,0.31371674
896074583,0.48869392,0.21583991,0.29546615
896423351,0.28210875,0.48817375,0.2297175
896454359,0.46423697,0.26916456,0.2665985
896462787,0.24614294,0.33386764,0.41998944
896894512,0.36266732,0.36060295,0.27672976
897369643,0.28827044,0.3315116,0.380218
897589369,0.57676506,0.17832704,0.24490793
899047295,0.11359404,0.5833994,0.30300653
900076905,0.32473993,0.37883356,0.2964265
900177685,0.34116203,0.19437006,0.46446794
900241154,0.31025267,0.40493968,0.28480762
900774276,0.71136886,0.10552566,0.18310556
900877828,0.74602634,0.100235984,0.15373768
901652211,0.5335635,0.26047254,0.205964
901663424,0.38853523,0.23628311,0.37518165
902593904,0.22561134,0.5634825,0.21090618
903911945,0.4156502,0.20792145,0.3764284
904052441,0.34479234,0.38491,0.27029774
904241511,0.2690213,0.3880981,0.34288058
904537257,0.6166883,0.13436505,0.24894662
905252323,0.3118073,0.34253398,0.34565875
905451513,0.31479576,0.42491993,0.2602843
905642996,0.59603935,0.13118123,0.27277938
905901676,0.32943454,0.3388063,0.3317592
906299216,0.6397648,0.13828304,0.22195219
906527120,0.17414628,0.60340697,0.22244678
907140130,0.26328698,0.22333676,0.5133763
907955796,0.45175734,0.23237897,0.31586373
909518881,0.38603392,0.32544586,0.2885202
909649366,0.24063557,0.42211837,0.33724603
909713736,0.9247483,0.018242659,0.057009127
909970847,0.15910244,0.2848916,0.556006
910172143,0.7082185,0.12651955,0.165262
910404336,0.4343675,0.27852938,0.28710312
911067219,0.66023624,0.1674092,0.1723545
911128251,0.17691003,0.50221276,0.3208772
911613763,0.3546756,0.35034803,0.29497644
911743896,0.47230142,0.24710415,0.2805944
912729357,0.39159337,0.2678087,0.34059793
912733121,0.22806162,0.44261456,0.32932377
912915213,0.4131556,0.33762723,0.24921717
913077910,0.43737248,0.33980602,0.22282152
913398466,0.3795442,0.43752787,0.18292798
913458719,0.5457173,0.24704093,0.2072418
914415290,0.34505603,0.32972634,0.32521763
914964978,0.33903557,0.25724927,0.40371522
915355120,0.5235686,0.15330006,0.3231314
915957756,0.35559136,0.25709376,0.38731492
915993618,0.31939957,0.3640276,0.31657287
916085248,0.56555355,0.22092204,0.21352437
916364857,0.34933686,0.2901364,0.36052674
916501520,0.34813482,0.44039673,0.21146853
916667632,0.57605577,0.22142734,0.20251685
917904983,0.3814219,0.28115532,0.33742276
918123351,0.3133375,0.35199067,0.33467185
918613553,0.21143652,0.5548979,0.23366559
918646978,0.08110373,0.10138123,0.8175151
918701898,0.24607943,0.56937605,0.18454452
919338791,0.3921733,0.3176438,0.29018292
920056513,0.49990067,0.16335486,0.3367445
920499857,0.23526882,0.47879237,0.2859388
920774665,0.38344207,0.34529287,0.2712651
921600398,0.08538573,0.81268716,0.1019271
921675180,0.39831832,0.28976798,0.31191367
922503562,0.5330925,0.09388697,0.37302053
924419985,0.39232,0.3952816,0.21239834
924573773,0.8242646,0.02937959,0.14635576
924715445,0.4764276,0.25998655,0.26358584
925053528,0.27783448,0.14597869,0.5761868
926074212,0.26852238,0.4813977,0.25007996
926668576,0.42494625,0.13096459,0.4440891
927677770,0.19094378,0.37590888,0.43314734
928543595,0.58507353,0.20376103,0.21116549
928812405,0.18058635,0.24410394,0.5753097
929280140,0.31162867,0.43840158,0.24996974
929753614,0.16343002,0.6409243,0.19564572
929767900,0.6184156,0.17863509,0.20294935
930115633,0.2874261,0.13701092,0.575563
930872751,0.3011393,0.24170312,0.4571576
930931170,0.20351344,0.28527275,0.51121384
931054726,0.27627614,0.3684352,0.3552886
931223835,0.46731037,0.2485935,0.28409606
931282186,0.5188708,0.23391742,0.24721183
931371452,0.5120182,0.0956793,0.39230254
931764638,0.22578952,0.3467045,0.42750594
932276048,0.17674899,0.12392587,0.6993251
932302238,0.30286667,0.23715626,0.45997706
932355913,0.2559005,0.46357483,0.28052464
932532632,0.38233238,0.31223807,0.30542958
932657047,0.3365024,0.2911264,0.37237117
932672877,0.18375002,0.5227443,0.29350573
932695607,0.3995049,0.29478627,0.30570886
932781247,0.6054698,0.16760404,0.22692613
932981559,0.47522068,0.26580414,0.2589752
933151756,0.22843204,0.43937606,0.33219185
933453495,0.28916302,0.51121694,0.19962005
933770220,0.28519776,0.48142746,0.23337474
934001808,0.5415457,0.19446146,0.26399285
934564006,0.17822316,0.393903,0.4278738
935011976,0.37014887,0.36513925,0.26471186
935211863,0.16064265,0.6139986,0.22535872
935975859,0.54793346,0.20898254,0.24308397
936863232,0.36460787,0.1821162,0.45327592
937280858,0.82203716,0.013261997,0.16470084
937402421,0.3264293,0.2834775,0.39009315
937505382,0.7959435,0.07302581,0.13103065
938529952,0.5500611,0.26340586,0.18653308
938633217,0.17082734,0.54613185,0.28304082
938875281,0.21974622,0.52378315,0.25647065
939060355,0.22260651,0.4857429,0.2916506
939279990,0.37515765,0.36519212,0.25965026
939306619,0.46334085,0.34731704,0.18934213
939608831,0.21671365,0.40000504,0.38328135
939782712,0.52228457,0.21481758,0.26289782
940092881,0.44672704,0.222435,0.33083794
940285709,0.3470024,0.37589854,0.2770991
940990878,0.3967399,0.055699356,0.54756075
941679315,0.33604375,0.33382845,0.3301278
941980201,0.8125222,0.024208372,0.16326946
942931389,0.53067505,0.22028783,0.24903716
943354779,0.095613606,0.78522915,0.119157195
943697087,0.23437795,0.5135868,0.25203523
943763927,0.50922555,0.2868816,0.20389283
943774640,0.32755777,0.21909781,0.45334437
944107289,0.39957482,0.39904067,0.20138454
944493882,0.5163341,0.14116798,0.3424979
944517366,0.27345398,0.23105776,0.4954883
944636510,0.4863898,0.20231828,0.3112919
946241409,0.6936269,0.14578314,0.16058996
946275357,0.36256275,0.17438206,0.4630552
946406462,0.2208276,0.5447008,0.23447157
946705923,0.5264619,0.18572935,0.28780875
947111962,0.18866014,0.32661998,0.48471984
948430718,0.789551,0.05642053,0.1540284
949732432,0.34397948,0.24185686,0.41416365
949935336,0.27238834,0.45271584,0.27489582
950532629,0.18650731,0.6650726,0.1484201
950685101,0.2659066,0.3911444,0.34294903
951282686,0.24315567,0.40298524,0.35385907
952175928,0.28950214,0.39259934,0.3178985
952825461,0.602682,0.16959868,0.2277193
954014528,0.13469718,0.6683557,0.1969471
954219870,0.67241436,0.113733254,0.21385233
954251217,0.20682408,0.55840415,0.23477176
954299079,0.21670808,0.46182695,0.321465
954332976,0.35577282,0.37970933,0.2645178
955139849,0.12322561,0.6962502,0.18052424
955358785,0.08140618,0.68028057,0.23831323
956831685,0.22152081,0.34381932,0.43465987
956996799,0.33752713,0.31064796,0.35182494
957900600,0.22385594,0.30689844,0.46924555
958258557,0.4132861,0.20728886,0.3794251
958411412,0.33173162,0.20892766,0.45934072
958998735,0.40046793,0.2965511,0.30298102
959165030,0.5667224,0.16048232,0.27279532
959367835,0.38795245,0.2384545,0.37359303
959446032,0.58380723,0.17419372,0.24199902
959474894,0.18179844,0.64501184,0.17318971
959498459,0.42118403,0.2409679,0.33784807
959564076,0.36960882,0.2584533,0.3719379
960324118,0.36702704,0.24994132,0.3830316
960519093,0.50317043,0.23164792,0.26518166
961038794,0.52880794,0.105669,0.36552307
961358785,0.45443696,0.22977412,0.31578887
961397633,0.33093825,0.23940744,0.42965436
961628654,0.42182624,0.29003438,0.2881393
961737897,0.15652235,0.66556007,0.17791758
961804320,0.32701716,0.40382534,0.26915753
962071569,0.5647736,0.24628547,0.18894094
962071772,0.6048644,0.16782759,0.22730798
962160793,0.19230895,0.4943514,0.31333968
962332189,0.30869848,0.23439041,0.45691115
962425022,0.629729,0.13681683,0.2334542
964435534,0.46349567,0.13125107,0.4052533
964740428,0.6789543,0.12450012,0.19654562
964961295,0.31844828,0.36759385,0.31395787
965413813,0.30964288,0.22130781,0.46904933
965635510,0.19287013,0.5712944,0.23583548
965999507,0.27126163,0.2290587,0.49967965
966440124,0.48046553,0.2287244,0.29081005
966730580,0.29245037,0.22782257,0.47972712
966924689,0.44693977,0.28559175,0.26746854
967092547,0.46208262,0.20996666,0.32795078
968034905,0.11213465,0.69620377,0.19166155
968066686,0.22110593,0.40143502,0.37745905
969182678,0.29479986,0.23102239,0.4741777
969661703,0.29913884,0.3628062,0.33805496
970059692,0.5236023,0.22999623,0.24640141
970614408,0.36467096,0.23800796,0.39732105
970694370,0.16063249,0.55423,0.28513756
971573063,0.4674151,0.27209643,0.2604885
971802428,0.25487533,0.4738405,0.27128413
971930382,0.22944501,0.52122587,0.24932908
972283786,0.13324597,0.13934009,0.7274139
972611310,0.5792132,0.14753395,0.2732528
972633989,0.15402168,0.55643326,0.28954506
972639420,0.28288996,0.5324897,0.18462035
973434949,0.417313,0.24369733,0.33898965
973798437,0.6168737,0.14583579,0.23729053
973908167,0.1865225,0.6692127,0.14426483
973976117,0.22631282,0.55331236,0.22037484
974269050,0.6951549,0.13185483,0.17299032
974365133,0.38354778,0.31529146,0.30116072
974434915,0.31015012,0.4360938,0.25375602
975492536,0.39853835,0.2740863,0.32737538
975563938,0.35413343,0.3002193,0.34564725
975726905,0.60138696,0.19774413,0.20086892
976367149,0.3970196,0.3111105,0.2918699
976647167,0.12929434,0.6859392,0.18476655
976877047,0.2887841,0.51690704,0.19430886
978061782,0.71719515,0.11612727,0.16667753
978145715,0.48038167,0.20508094,0.3145374
978900222,0.19671755,0.023052003,0.7802305
980502997,0.29164302,0.39082953,0.31752747
980978812,0.2618089,0.2952978,0.4428933
981138999,0.26259995,0.49625418,0.2411459
981688841,0.23072888,0.36054206,0.40872905
982797381,0.3053479,0.43998906,0.25466305
983120682,0.40068558,0.34042183,0.2588926
983148076,0.3665663,0.21711098,0.4163227
983349697,0.48768288,0.21671669,0.29560038
983450870,0.21654633,0.20851052,0.5749432
984028459,0.193741,0.3194269,0.4868321
985055077,0.13614796,0.31622797,0.54762405
985079084,0.18432866,0.626171,0.18950033
985556469,0.22002776,0.2684106,0.51156163
985865249,0.3732154,0.26711577,0.35966882
986084062,0.6010347,0.1767444,0.22222087
986275245,0.16987544,0.57334495,0.2567796
986347158,0.46114942,0.3130342,0.22581634
987638378,0.20286834,0.45058042,0.34655127
987910217,0.33973947,0.39372817,0.2665324
987938465,0.956251,0.004749182,0.03899978
988284837,0.3187967,0.42898342,0.25221983
988624169,0.1440218,0.7100893,0.14588892
989566097,0.2399744,0.40786186,0.3521638
990715314,0.47542953,0.2614995,0.26307094
990825007,0.3429738,0.32392186,0.3331043
991833452,0.35473645,0.40061587,0.2446477
991978654,0.43863153,0.34514108,0.21622735
992362842,0.17437723,0.54464406,0.2809787
992547400,0.3274907,0.21516328,0.457346
992845099,0.42104283,0.32336068,0.25559652
993187594,0.35899937,0.27526408,0.36573657
993809613,0.50417745,0.23461318,0.26120943
994536346,0.3033115,0.36840725,0.32828125
994831344,0.3076146,0.41588086,0.27650455
995035995,0.32749063,0.5572033,0.115306064
995710570,0.3387907,0.3800929,0.2811164
995817980,0.2502014,0.41601896,0.33377966
995875367,0.19361527,0.45678663,0.34959808
996195240,0.36816332,0.25375688,0.3780798
996874003,0.38205415,0.40659302,0.21135281
997063537,0.23898329,0.47565696,0.28535974
997211074,0.5833965,0.0906294,0.3259741
997311174,0.2515107,0.5166057,0.23188365
997406946,0.3502654,0.33168378,0.31805074
998167472,0.22908783,0.20006894,0.5708433
999029435,0.36073512,0.39624074,0.24302411
999039216,0.26203102,0.37086397,0.36710498
999220631,0.22736521,0.43500423,0.33763048
1000267947,0.27781582,0.48559943,0.23658471
1000688326,0.26360413,0.2436868,0.4927091
1001532674,0.2806931,0.30662936,0.4126775
1001544487,0.11725754,0.6422283,0.24051419
1002512422,0.42671475,0.25203434,0.32125092
1002704037,0.23238973,0.28170976,0.4859004
1003956953,0.2861893,0.42202067,0.29179004
1004725841,0.38471106,0.21065208,0.4046369
1004778711,0.48224103,0.2769322,0.2408267
1005453665,0.31099454,0.34782186,0.34118354
1005579593,0.543246,0.21165326,0.24510075
1006246244,0.47764665,0.20533496,0.31701842
1006727825,0.30962658,0.37342057,0.31695282
1007007815,0.89569026,0.023991778,0.08031785
1007465097,0.44184846,0.25767604,0.3004755
1007610679,0.3645584,0.29952544,0.3359162
1007721281,0.4670974,0.25840506,0.27449748
1008189211,0.46730453,0.19344607,0.33924946
1008455780,0.37785563,0.35075313,0.27139124
1008747765,0.34548923,0.4515865,0.20292419
1008940343,0.29426306,0.46186784,0.24386908
1009116848,0.54099894,0.16457567,0.29442534
1010003853,0.15602191,0.41298732,0.4309908
1010095456,0.24135269,0.555495,0.20315225
1010760175,0.36922127,0.26580772,0.36497104
1010836405,0.2823467,0.47524542,0.24240784
1011951726,0.30952287,0.28124893,0.4092282
1012122343,0.55202055,0.15341057,0.29456884
1012537405,0.47394112,0.24684101,0.27921787
1012945934,0.0903197,0.7297227,0.17995764
1012990709,0.48522115,0.21414942,0.30062947
1012997218,0.6505884,0.16516979,0.18424186
1015269231,0.2598775,0.5088887,0.23123382
1015405504,0.31108958,0.3464918,0.34241858
1016221575,0.16498056,0.59104884,0.24397063
1016394493,0.16968912,0.13071527,0.6995955
1016886310,0.08451536,0.45386234,0.4616223
1017042871,0.35015234,0.35015222,0.29969552
1017350287,0.37893677,0.3330654,0.28799787
1017414914,0.40088,0.35629874,0.24282125
1017418820,0.39250994,0.3038322,0.30365777
1017531429,0.26236075,0.513828,0.22381125
1017722417,0.49719438,0.25039655,0.25240907
1018340716,0.55936766,0.15044208,0.29019028
1018771854,0.31041688,0.34459898,0.3449841
1018929464,0.30277056,0.48432592,0.21290356
1018957962,0.43907046,0.23699613,0.32393345
1019686644,0.43735924,0.36137208,0.20126866
1019867367,0.3866268,0.2620048,0.35136834
1020614776,0.37154752,0.3462013,0.28225115
1020937915,0.3468172,0.36049432,0.29268852
1021646757,0.3054367,0.4112289,0.28333437
1021940567,0.48766056,0.11675235,0.39558706
1022002069,0.35631606,0.30406708,0.33961678
1022010722,0.37728888,0.2573178,0.36539325
1022146250,0.30898294,0.34719276,0.34382427
1023736000,0.25679252,0.51244646,0.23076102
1024730987,0.4032212,0.28834274,0.3084361
1024847176,0.1727527,0.5868466,0.24040072
1025007673,0.257923,0.40152884,0.34054813
1025024630,0.3522256,0.2812001,0.3665743
1025349912,0.4655341,0.3023052,0.23216073
1025614538,0.34784427,0.3266589,0.32549685
1025914252,0.39766097,0.20401639,0.39832264
1026104697,0.3781841,0.4143391,0.2074768
1028504287,0.16471912,0.21115373,0.6241272
1028643940,0.2831369,0.21250989,0.5043532
1028884741,0.76969296,0.096680805,0.1336263
1029538238,0.1527343,0.68013126,0.16713452
1029863876,0.43083936,0.24660061,0.32256004
1030145086,0.3756756,0.4066539,0.21767057
1030437461,0.34748128,0.35017806,0.3023407
1031891849,0.197023,0.39538893,0.4075881
1032460727,0.20791738,0.5517075,0.24037507
1032494167,0.3105762,0.49979594,0.18962789
1032525832,0.21333717,0.57784003,0.20882276
1032657157,0.49710187,0.24841157,0.25448653
1032884564,0.245503,0.155735,0.59876204
1034070499,0.6733724,0.055409316,0.2712183
1034371215,0.48876432,0.23186803,0.2793677
1034963224,0.23290654,0.5406871,0.22640634
1037235568,0.41907334,0.23778184,0.34314486
1037446735,0.6061513,0.12727645,0.26657227
1037627006,0.5626017,0.17840049,0.25899783
1037703621,0.32224026,0.28039277,0.39736697
1037803883,0.23344001,0.5511365,0.21542352
1038041779,0.17565961,0.5482155,0.27612486
1038230950,0.24458107,0.39044014,0.36497882
1038334701,0.38057125,0.3076044,0.31182435
1038354707,0.3693857,0.3517411,0.27887323
1038709115,0.50307953,0.1892324,0.30768812
1038834021,0.3797358,0.34623656,0.27402768
1038889108,0.8401882,0.037771117,0.12204073
1038915862,0.5093001,0.1971196,0.29358032
1039056157,0.20025879,0.39602914,0.40371203
1039111841,0.41954654,0.2041134,0.37634003
1039299190,0.35585612,0.3245301,0.31961375
1040606000,0.15370013,0.63679004,0.20950985
1040726159,0.45196658,0.302244,0.24578936
1040788755,0.099954955,0.63047826,0.26956683
1041066907,0.5758639,0.23637341,0.18776262
1041477568,0.24686983,0.47511125,0.27801892
1041539232,0.22294986,0.5224868,0.2545634
1042206341,0.80197245,0.08350803,0.11451944
1043189365,0.47328243,0.314308,0.2124096
1043215975,0.34003612,0.35508907,0.3048748
1043270039,0.3247007,0.3985262,0.27677312
1043373781,0.59504944,0.18122852,0.22372201
1043656490,0.19842947,0.2921033,0.50946724
1045104564,0.22368331,0.4739735,0.3023432
1045212351,0.22819299,0.5427288,0.22907822
1046249394,0.1475155,0.5934155,0.25906903
1046750392,0.0483446,0.85335696,0.09829848
1046972594,0.63879585,0.050934188,0.31027
1047009981,0.31628248,0.34728175,0.33643574
1047156677,0.7257678,0.0718217,0.20241052
1047412447,0.41109678,0.25867844,0.33022475
1047600934,0.4335064,0.24614896,0.3203447
1047708357,0.48390052,0.19944431,0.31665522
1048098488,0.57232213,0.24594577,0.18173206
1048217962,0.87586606,0.021431563,0.10270234
1049157031,0.708677,0.14262891,0.14869416
1050090590,0.15261944,0.6996244,0.14775616
1050196628,0.5547111,0.21661477,0.22867413
1050352030,0.04614843,0.81753045,0.13632117
1050383062,0.7098916,0.14143632,0.14867206
1050807203,0.20599657,0.52178764,0.27221575
1050924060,0.40886113,0.29188335,0.2992555
1051194045,0.15136291,0.70794505,0.14069203
1052052380,0.49221566,0.21517651,0.29260784
1052483660,0.06566342,0.71246165,0.22187497
1052790378,0.29066056,0.35079908,0.35854036
1052961360,0.06110396,0.8431239,0.09577216
1053059969,0.3668288,0.278936,0.3542352
1053898173,0.59948635,0.11121154,0.2893021
1054141973,0.22932734,0.29913625,0.47153652
1054954411,0.2661896,0.26462787,0.46918252
1054963861,0.5652942,0.18145421,0.25325155
1055086493,0.31593207,0.41920647,0.2648615
1055967575,0.41446716,0.368566,0.2169668
1056010710,0.33220685,0.30558795,0.36220518
1056138999,0.09212216,0.77199703,0.13588083
1056393454,0.44296056,0.27602774,0.28101167
1056537056,0.40293467,0.29403925,0.30302608
1057422285,0.12088997,0.30505332,0.5740567
1057439879,0.26626208,0.18465294,0.549085
1057826425,0.36635348,0.19103661,0.44260988
1058058280,0.1549578,0.5454616,0.29958063
1058594409,0.5735998,0.17038848,0.25601166
1059872276,0.44572616,0.27684104,0.27743283
1060113319,0.38968506,0.30497754,0.3053374
1060119667,0.60916823,0.22010048,0.17073134
1060533486,0.49372426,0.26051137,0.24576445
1060678225,0.385947,0.28573593,0.3283171
1060914576,0.76235104,0.0848843,0.15276465
1061596905,0.26759204,0.51796865,0.21443932
1061648691,0.17344649,0.3654331,0.46112043
1062266218,0.06190424,0.83128893,0.106806815
1062456186,0.4613021,0.2388982,0.29979968
1063386958,0.33708352,0.34951365,0.31340286
1063447962,0.16864727,0.72367066,0.10768211
1063456166,0.48504764,0.13920876,0.37574363
1063705297,0.12039293,0.44264996,0.43695706
1064399018,0.20661032,0.5493639,0.24402572
1064781182,0.2226237,0.48893136,0.28844494
1065062810,0.478473,0.3217356,0.19979143
1065464409,0.7785886,0.0802599,0.14115144
1065505252,0.24278091,0.26547456,0.49174452
1066448118,0.3196971,0.47041532,0.20988762
1066687113,0.36086252,0.38653982,0.25259766
1066763754,0.24794735,0.49999106,0.25206152
1067024982,0.4339928,0.2792374,0.28676978
1068054799,0.37660033,0.30272555,0.32067415
1068847299,0.29604086,0.3543513,0.3496078
1069327317,0.49898586,0.2390613,0.26195285
1069458841,0.31458768,0.37586787,0.30954444
1069918765,0.37077928,0.3223878,0.3068329
1070206407,0.3999579,0.5876703,0.012371819
1070294251,0.26100284,0.5308824,0.20811473
1070572378,0.30732173,0.3025417,0.39013654
1070911163,0.33387843,0.20285833,0.4632632
1071034057,0.28021654,0.45412633,0.2656571
1071234816,0.5792915,0.15111172,0.26959673
1071682645,0.45440713,0.20486985,0.340723
1071856479,0.32472086,0.36088896,0.31439018
1071922813,0.54943603,0.21654218,0.23402183
1072474498,0.24202515,0.498631,0.2593438
1073313563,0.28544566,0.387997,0.3265573
1073550289,0.39905715,0.267563,0.3333799
1074132658,0.41785216,0.25451988,0.3276279
1074284579,0.2848675,0.40249297,0.3126395
1074487059,0.33232006,0.33660704,0.33107287
1076006355,0.20551096,0.66401553,0.13047345
1076863692,0.40505737,0.029724034,0.5652186
1077669069,0.30169716,0.10320395,0.5950989
1077669130,0.27019015,0.43157306,0.2982368
1078129804,0.3898075,0.15694222,0.45325035
1079288146,0.4255169,0.21867858,0.3558045
1079378721,0.56754875,0.20494245,0.22750881
1079641802,0.0553267,0.014090814,0.93058246
1079666094,0.0950702,0.27172488,0.63320494
1080187102,0.31730208,0.33943495,0.343263
1081092427,0.03757532,0.8476445,0.11478016
1081257301,0.41124305,0.19900914,0.38974783
1081784684,0.25985533,0.46214008,0.27800453
1082567922,0.254669,0.4750499,0.27028105
1082604719,0.3555807,0.18389878,0.46052054
1083018452,0.037836786,0.8794142,0.08274898
1083135096,0.461845,0.23917358,0.2989815
1083832850,0.33874235,0.32194576,0.33931193
1084631992,0.44744372,0.21254042,0.34001583
1084989248,0.36177516,0.29424402,0.34398082
1085459097,0.3536267,0.32121614,0.32515723
1086055244,0.3952436,0.3557081,0.24904831
1087238561,0.2629954,0.38757885,0.34942573
1087411458,0.12356925,0.72763056,0.14880027
1087626685,0.7686302,0.068110235,0.1632596
1088417945,0.16657472,0.6177371,0.21568815
1088814378,0.13383451,0.61423826,0.2519272
1088969093,0.5266939,0.28329018,0.19001591
1089037854,0.5245226,0.10557438,0.36990303
1089455965,0.054405514,0.78184927,0.16374525
1090151891,0.53133905,0.17471953,0.2939414
1090803800,0.3784775,0.3937257,0.22779678
1091278509,0.33131394,0.39556077,0.27312532
1092759478,0.35547486,0.38226026,0.26226494
1092814376,0.4493841,0.23376498,0.31685093
1092834080,0.4148254,0.2799634,0.30521113
1092878827,0.40383098,0.25269648,0.34347257
1093494550,0.24560678,0.25225782,0.5021354
1093497082,0.23390274,0.2668868,0.49921042
1094448955,0.26477343,0.39972842,0.33549812
1094761396,0.21792999,0.51137805,0.27069196
1094805362,0.3440305,0.377391,0.27857852
1095102828,0.56401783,0.11969515,0.31628704
1095415091,0.5049018,0.24241963,0.2526785
1096371877,0.3720547,0.3887754,0.23916988
1096617405,0.055379316,0.7730219,0.17159879
1097144952,0.41961905,0.27151173,0.30886918
1097748675,0.28172818,0.35943553,0.35883632
1097977605,0.3870578,0.25785688,0.3550853
1098215729,0.46136126,0.23558944,0.30304927
1098744163,0.40567556,0.35384953,0.24047494
1098756541,0.23021576,0.23111728,0.53866696
1098885863,0.52207494,0.201719,0.27620608
1098978144,0.2221509,0.49939385,0.27845526
1098993315,0.32759133,0.40004888,0.2723598
1099121425,0.4649388,0.25270396,0.28235728
1099741154,0.35396132,0.3737077,0.27233094
1099744457,0.42048866,0.28484938,0.29466194
1099800383,0.45698616,0.17286688,0.37014696
1099827099,0.33527273,0.33721623,0.32751104
1100518173,0.45743573,0.26364198,0.2789223
1100722545,0.77941716,0.0903156,0.13026722
1100727747,0.30917296,0.5559181,0.134909
1100736428,0.4728063,0.09616174,0.4310319
1100964331,0.13690905,0.7146069,0.14848407
1101141884,0.8748322,0.02441366,0.10075409
1101612070,0.259381,0.4444394,0.29617962
1103239730,0.19937713,0.5518739,0.24874893
1103941209,0.40338665,0.35424554,0.24236776
1103945169,0.5057676,0.20926504,0.28496736
1104307809,0.44732362,0.28259844,0.27007794
1104457769,0.21429661,0.55673224,0.22897115
1105087435,0.54836434,0.15924294,0.2923927
1105596193,0.566296,0.12448322,0.3092208
1105789299,0.2404712,0.44096407,0.31856477
1105822557,0.4161474,0.33021006,0.25364253
1105923941,0.54571956,0.19334699,0.26093343
1106713509,0.34111306,0.40630677,0.2525802
1106948448,0.63655907,0.11548484,0.24795611
1108714435,0.38545027,0.32740757,0.2871421
1108957656,0.37493053,0.3217134,0.30335608
1109708771,0.4350357,0.33416566,0.23079865
1110348055,0.36553106,0.3153122,0.31915674
1110558757,0.37469754,0.18822922,0.4370732
1110666122,0.28239,0.35889393,0.35871607
1111435292,0.34273884,0.2804404,0.37682077
1111687631,0.31175706,0.36742532,0.3208176
1111892649,0.1349513,0.7098778,0.15517095
1112638524,0.3669355,0.2443367,0.38872778
1112788679,0.16112971,0.6379153,0.20095496
1112844420,0.38142893,0.38306335,0.23550773
1113216811,0.3308978,0.3669782,0.30212402
1114077019,0.6925939,0.0626943,0.24471186
1114670760,0.10439895,0.7100201,0.18558097
1114736218,0.82792234,0.042653788,0.12942387
1115126701,0.6147003,0.11667696,0.26862273
1115149336,0.20327738,0.5689801,0.22774257
1115243433,0.4063551,0.25958306,0.33406186
1115952286,0.17861675,0.3425396,0.47884363
1116202476,0.38871965,0.30351928,0.30776104
1116348017,0.40941152,0.13029744,0.46029103
1116434460,0.18400736,0.52922934,0.28676325
1116475042,0.33821094,0.43614084,0.22564825
1117109898,0.308396,0.41673857,0.27486545
1117579696,0.3673276,0.30597922,0.32669318
1118123971,0.46708426,0.23381203,0.2991037
1118168607,0.34808275,0.22669728,0.42521995
1118842746,0.18012741,0.55853474,0.26133788
1119371228,0.24446763,0.32900804,0.42652434
1119825410,0.20275302,0.23398033,0.56326663
1120109315,0.40708467,0.29907733,0.29383805
1120136553,0.6103533,0.16789135,0.22175528
1120437439,0.3016181,0.27569568,0.42268628
1120479832,0.61951846,0.1787019,0.2017796
1120706576,0.18501091,0.22882505,0.586164
1121170372,0.30796134,0.4092801,0.28275856
1121470386,0.31440857,0.4495066,0.23608476
1121774935,0.2572422,0.51165634,0.23110145
1122501456,0.43357903,0.2371767,0.3292443
1122781348,0.29441038,0.2939633,0.4116263
1123028907,0.06849155,0.64572346,0.28578493
1123295747,0.55712014,0.23904136,0.20383853
1123846564,0.38577682,0.16190079,0.45232236
1124250043,0.3073268,0.41430905,0.2783642
1124250917,0.45086828,0.29452282,0.25460896
1124318451,0.4743485,0.1771739,0.3484777
1124445046,0.13786212,0.6892192,0.17291869
1124550222,0.3221383,0.2547772,0.42308453
1124619106,0.24631672,0.14946751,0.60421574
1124935797,0.32994953,0.33286762,0.33718288
1125448573,0.20116386,0.54650474,0.25233144
1125616917,0.31907216,0.25731945,0.42360836
1126021641,0.16007587,0.7076967,0.1322275
1126463559,0.1441795,0.685349,0.1704715
1126473963,0.34829143,0.20047665,0.45123193
1126877122,0.362587,0.3496142,0.28779876
1127470351,0.7765121,0.07962273,0.14386515
1127770158,0.49033713,0.20635967,0.3033032
1128244137,0.36128283,0.31752536,0.32119182
1128359078,0.51622486,0.18993406,0.29384103
1128453043,0.14442232,0.72804224,0.12753549
1128648633,0.5613372,0.107074946,0.3315879
1129284971,0.6118111,0.18248777,0.2057011
1129931158,0.14146373,0.7044729,0.15406339
1130163357,0.4098818,0.27413648,0.31598166
1130205766,0.3740906,0.37233508,0.2535743
1131292017,0.29476136,0.44071344,0.26452518
1131483519,0.68704873,0.09312718,0.21982414
1132487234,0.34760508,0.31785178,0.33454317
1132498353,0.4890135,0.2935891,0.21739739
1132968414,0.584396,0.14566219,0.26994178
1133521490,0.41012076,0.26550338,0.3243758
1133958135,0.14978951,0.6159219,0.23428857
1134056607,0.30931675,0.41457945,0.27610382
1134198159,0.569348,0.19457327,0.23607872
1135213764,0.29521015,0.41759938,0.28719044
1135639858,0.35530597,0.14792737,0.4967667
1136372588,0.25579652,0.18601963,0.5581838
1136775926,0.35416844,0.25673294,0.38909853
1137086430,0.3017383,0.41761148,0.28065017
1137361322,0.4247521,0.36042136,0.21482654
1138129748,0.36512855,0.335222,0.2996494
1138210616,0.15543163,0.6338708,0.21069759
1138211603,0.35881755,0.2772155,0.36396694
1138581707,0.3020129,0.2765423,0.42144474
1138690036,0.42262384,0.20956494,0.36781126
1139784129,0.15590344,0.65404445,0.1900521
1139805607,0.19326843,0.42615885,0.38057265
1139959336,0.45683998,0.23088136,0.3122787
1140033346,0.24995552,0.4903703,0.2596742
1140098299,0.40756345,0.36772817,0.22470836
1140781017,0.39140436,0.2758856,0.33271003
1140813391,0.27464026,0.32329887,0.40206093
1141039596,0.42984247,0.2940438,0.2761137
1142047828,0.39067104,0.22713159,0.38219738
1142670809,0.33614257,0.33334276,0.33051467
1143244356,0.34796536,0.31929016,0.33274454
1143612349,0.2516953,0.3592308,0.38907388
1143667968,0.2833141,0.33396676,0.3827191
1143968733,0.43082556,0.23711312,0.3320613
1144276635,0.12023763,0.7134942,0.16626824
1144545891,0.22429143,0.5088538,0.2668548
1144595175,0.07142334,0.81384635,0.1147303
1144993677,0.49361768,0.17062019,0.33576214
1146177937,0.336759,0.3752046,0.2880364
1146282142,0.49818355,0.11558704,0.38622934
1147006420,0.32143888,0.39532775,0.28323343
1147397220,0.31124598,0.33335277,0.35540125
1147621364,0.30876735,0.31702557,0.37420702
1147895330,0.4874839,0.37484306,0.13767305
1148696013,0.83857256,0.052420285,0.10900715
1148851513,0.26652426,0.4878686,0.24560715
1148876589,0.6308757,0.14521277,0.22391146
1149320323,0.27649426,0.46468577,0.25882003
1149664111,0.1389228,0.6653857,0.19569147
1150152397,0.89444226,0.034770753,0.070786946
1150800074,0.25439516,0.44479063,0.30081418
1150887176,0.35180676,0.27692804,0.37126514
1151358232,0.7267634,0.09237341,0.18086316
1151852306,0.3882128,0.16888274,0.44290447
1151917228,0.26490912,0.34604666,0.38904426
1152180996,0.5198954,0.2420054,0.23809922
1152586736,0.17881344,0.5800386,0.24114795
1152839427,0.23562272,0.4798338,0.28454345
1153169536,0.37681398,0.4098435,0.21334255
1153573874,0.6202498,0.14374112,0.23600912
1153934864,0.32813683,0.267867,0.4039962
1155772062,0.2721575,0.2810756,0.44676694
1156116032,0.2351494,0.32475495,0.44009566
1156470780,0.36392224,0.15424535,0.4818324
1157487309,0.17531529,0.59019583,0.23448886
1157526414,0.14877109,0.24326655,0.60796237
1157910929,0.32595778,0.40458357,0.26945862
1159169230,0.27255455,0.4789331,0.24851234
1159984707,0.5057192,0.16001347,0.33426732
1160117545,0.37057394,0.36236438,0.2670617
1160328414,0.2571849,0.52336425,0.21945089
1161668709,0.1456481,0.67098755,0.18336432
1161868519,0.551837,0.22299342,0.22516948
1162093315,0.2613833,0.3434491,0.39516762
1162209692,0.29713956,0.5082803,0.1945802
1162369152,0.03832154,0.14168459,0.8199938
1162926607,0.3022793,0.17287588,0.5248449
1162956685,0.27502784,0.40211943,0.3228527
1162968851,0.30690733,0.35270327,0.3403894
1163307196,0.0678871,0.48062018,0.45149267
1163322100,0.33393043,0.36817843,0.29789117
1163408368,0.6951448,0.087251775,0.21760353
1163472445,0.55551904,0.21896537,0.22551554
1164490429,0.7066743,0.14590396,0.14742184
1165552997,0.30129907,0.5285265,0.17017445
1166453476,0.42809018,0.26509374,0.30681604
1166537613,0.752229,0.09118438,0.1565866
1166583821,0.37292174,0.3660493,0.26102895
1167774009,0.044983547,0.89539075,0.059625696
1167836267,0.2358531,0.4291273,0.3350196
1168116883,0.7643277,0.0973094,0.1383629
1168320904,0.44202825,0.19233713,0.36563456
1169419727,0.30792353,0.42729762,0.26477888
1170087510,0.3483166,0.34991148,0.30177194
1170995112,0.6964588,0.14535901,0.15818219
1171265851,0.46163532,0.31550047,0.22286424
1171524729,0.18240547,0.63850456,0.17909
1171539077,0.18769355,0.5490677,0.26323876
1172030107,0.39279646,0.3017303,0.3054733
1172736222,0.36450344,0.30750144,0.32799506
1173281873,0.6843927,0.13581368,0.17979364
1173541235,0.28520826,0.44155332,0.2732384
1173603382,0.09479475,0.7874283,0.117776856
1174048310,0.4763639,0.25830126,0.26533487
1174273511,0.29436132,0.44274104,0.2628976
1174455600,0.1377753,0.62506694,0.23715778
1175059383,0.46902573,0.30582508,0.22514911
1175229379,0.3436649,0.3414102,0.31492487
1175513342,0.2732869,0.5351474,0.19156563
1175869758,0.49563578,0.24134384,0.26302037
1176333207,0.40576234,0.2999709,0.29426673
1177339902,0.2656224,0.45963463,0.27474296
1177489597,0.4483173,0.17319606,0.37848672
1177599278,0.13064641,0.7206252,0.14872839
1177857726,0.26549166,0.49789745,0.23661081
1178248276,0.1492528,0.16540922,0.68533796
1178527134,0.2726155,0.13095874,0.5964258
1179000248,0.36699134,0.56030273,0.07270592
1179407784,0.41528606,0.29158682,0.29312715
1179493554,0.4458592,0.27930075,0.2748401
1180455698,0.6966946,0.12628299,0.17702231
1180612834,0.335881,0.3376244,0.32649463
1180705749,0.24837345,0.45790944,0.2937171
1180735447,0.62444115,0.071212865,0.304346
1180875516,0.17630358,0.64912456,0.17457184
1181083294,0.35464162,0.24769464,0.3976638
1181118100,0.020435054,0.7773986,0.2021664
1181376402,0.24690402,0.49077702,0.2623189
1181459839,0.38984695,0.35040534,0.2597477
1181740961,0.5988097,0.16667275,0.23451751
1181761316,0.1360682,0.609803,0.25412875
1182061990,0.3864663,0.32149026,0.29204342
1182242685,0.23549965,0.15401387,0.6104865
1185527251,0.30116498,0.52065516,0.17817985
1185671047,0.7242877,0.11225974,0.16345258
1185745905,0.1265253,0.5918471,0.2816276
1185951272,0.24790908,0.5364179,0.215673
1186106750,0.44202158,0.28149205,0.27648637
1186422690,0.4042941,0.29936084,0.2963451
1187063828,0.4637634,0.26129222,0.27494445
1187758719,0.2607865,0.52092713,0.21828634
1188107814,0.46717817,0.23032917,0.30249265
1188128005,0.057069633,0.70809984,0.23483054
1188170440,0.28350133,0.5072868,0.20921187
1188489867,0.49116892,0.23646298,0.2723681
1188972538,0.41688755,0.36075816,0.22235435
1191335929,0.2575151,0.4740077,0.2684772
1191850967,0.21590853,0.26125383,0.5228376
1192135014,0.62591654,0.18185268,0.19223084
1192665168,0.7645095,0.08506169,0.15042882
1192924684,0.18548329,0.4779465,0.33657017
1193294174,0.20151544,0.559138,0.23934656
1194649314,0.6207663,0.14612617,0.23310757
1194748282,0.38036293,0.42236805,0.19726898
1194943107,0.8071527,0.0711018,0.1217455
1195628140,0.3401585,0.40331995,0.25652158
1197131424,0.55311656,0.18603715,0.2608463
1197298103,0.52439594,0.19170423,0.28389984
1197659926,0.44354346,0.27652034,0.27993625
1197892624,0.30981097,0.49923518,0.19095384
1198248770,0.4304156,0.2994581,0.2701263
1199570882,0.4492122,0.11965488,0.43113294
1199793812,0.17809106,0.5934955,0.22841342
1199804768,0.49430978,0.2731115,0.23257868
1199910790,0.18465218,0.30707878,0.5082691
1200768569,0.46901736,0.21835499,0.31262764
1200818601,0.27709937,0.50494623,0.2179544
1200850446,0.39118537,0.31684774,0.2919669
1201359234,0.3731104,0.19419636,0.43269318
1201964215,0.32464322,0.35639086,0.3189659
1202045853,0.098453395,0.77611274,0.12543395
1202270903,0.147644,0.58710194,0.26525405
1202404779,0.18043794,0.6106288,0.20893326
1202497583,0.2214539,0.1673887,0.61115736
1202626703,0.37579307,0.315483,0.30872387
1202645552,0.40159506,0.33982688,0.25857812
1202745908,0.32899114,0.34206295,0.32894588
1202808027,0.4695456,0.32517615,0.20527822
1202867273,0.38381222,0.30012015,0.3160677
1202954676,0.41898268,0.19492477,0.38609257
1203225641,0.17519061,0.6059109,0.21889846
1203777519,0.4528256,0.12534352,0.42183083
1203967039,0.45447427,0.24947694,0.29604876
1204029193,0.30542067,0.36265823,0.33192107
1204463270,0.51134205,0.21042132,0.27823657
1204642197,0.52271205,0.24256797,0.23472
1204720596,0.2758735,0.5207819,0.20334461
1205000597,0.5038202,0.26727912,0.22890069
1205291661,0.3917049,0.39566922,0.21262586
1205522508,0.30332163,0.4687176,0.22796078
1205949115,0.13252273,0.6661572,0.20132007
1206091639,0.36116165,0.3233935,0.31544486
1206094915,0.16391481,0.49062505,0.3454601
1206308226,0.34655592,0.27475125,0.3786929
1206654249,0.27825746,0.34746936,0.37427318
1207050933,0.28655925,0.2744617,0.43897906
1207666648,0.28057188,0.35084608,0.36858207
1207747802,0.8149584,0.062296264,0.12274529
1208001393,0.3774577,0.32439008,0.2981522
1208253500,0.06342194,0.8584545,0.0781235
1208319345,0.5828446,0.2229112,0.19424418
1209056631,0.09635052,0.78450805,0.1191414
1209399376,0.41391057,0.27074793,0.31534144
1209485390,0.23073058,0.52844816,0.24082126
1210514157,0.09805186,0.6955175,0.20643061
1210622721,0.40873083,0.3203343,0.27093485
1210654159,0.35794094,0.1579388,0.48412025
1211036063,0.41591302,0.35435894,0.22972798
1211660088,0.444501,0.26121286,0.2942861
1211739432,0.17450279,0.24588507,0.5796121
1212472425,0.3943945,0.30098033,0.30462518
1212511895,0.09095659,0.5381789,0.37086445
1213114206,0.39491668,0.24217272,0.3629106
1213312428,0.4133552,0.30374223,0.28290263
1213507185,0.42729658,0.17835104,0.39435244
1214399117,0.44359723,0.23211314,0.32428965
1214762622,0.5673534,0.1628248,0.26982182
1214877876,0.3267755,0.19444577,0.47877872
1214936586,0.2337268,0.42009458,0.34617865
1215183365,0.19910587,0.63400686,0.16688725
1215614075,0.4054411,0.15279423,0.44176465
1215701963,0.51220286,0.23229264,0.25550458
1216363059,0.21313055,0.44843355,0.33843595
1216663906,0.7717508,0.04431557,0.18393356
1216785162,0.30802578,0.4673216,0.22465268
1217829647,0.46562895,0.2129298,0.32144123
1217900829,0.39430016,0.24617895,0.3595209
1217950144,0.29369393,0.33369306,0.372613
1218044788,0.26280287,0.48454955,0.25264755
1218311626,0.6107163,0.17032447,0.21895926
1218695867,0.6733773,0.16289464,0.16372818
1219157793,0.11844641,0.74765664,0.13389698
1219505119,0.3264888,0.33594957,0.3375616
1219635881,0.37827027,0.22243081,0.3992989
1219664692,0.1657016,0.5675725,0.26672593
1219737101,0.4705083,0.22181149,0.30768022
1219767839,0.7264689,0.16856492,0.10496611
1220115146,0.16520429,0.53079313,0.30400255
1220888562,0.2711344,0.29928222,0.4295834
1220923380,0.24961363,0.4739438,0.27644262
1222265181,0.29953158,0.41695547,0.28351292
1222675264,0.17565498,0.67060196,0.15374312
1222683882,0.1958259,0.60336477,0.2008093
1222897858,0.538971,0.21072955,0.2502994
1223679493,0.38352096,0.3596892,0.25678986
1223899477,0.4602642,0.27444395,0.26529178
1224600442,0.54273576,0.22462721,0.232637
1225052712,0.30083513,0.18295775,0.51620716
1225570580,0.23381746,0.5343891,0.23179346
1225712256,0.37323046,0.25746146,0.36930808
1225920511,0.34450218,0.40988854,0.24560931
1226149481,0.4628884,0.27919137,0.25792024
1226393160,0.72038394,0.11933659,0.16027944
1226575296,0.6836115,0.12652278,0.18986572
1226959107,0.25391433,0.45632273,0.28976294
1227698543,0.32598144,0.10750915,0.56650937
1227950943,0.294933,0.29001996,0.41504705
1229210157,0.17861168,0.6154006,0.20598772
1229271370,0.38145906,0.3418038,0.27673712
1229464450,0.41956994,0.24781497,0.33261517
1229467508,0.4919408,0.076983854,0.43107536
1230197111,0.15077613,0.6231276,0.22609624
1231317077,0.45827308,0.2810103,0.2607166
1231454730,0.2577534,0.2475037,0.4947428
1231602466,0.4303782,0.32601467,0.24360718
1231864881,0.24515003,0.47943872,0.27541125
1232071881,0.38133058,0.30760288,0.31106654
1232281536,0.1631723,0.6210599,0.2157678
1232283379,0.35916847,0.308664,0.33216748
1232335683,0.24011944,0.36926857,0.39061207
1232681799,0.5004422,0.04842091,0.45113695
1232979333,0.19397974,0.25533113,0.55068916
1233097462,0.42287356,0.37311158,0.2040149
1233119177,0.40815026,0.31195986,0.27988985
1233353148,0.5442472,0.20780496,0.2479478
1233498238,0.09395177,0.7076439,0.1984043
1233659541,0.51499075,0.14350437,0.3415049
1233798389,0.4569652,0.20660967,0.3364252
1233902208,0.3132408,0.3004504,0.38630882
1233953546,0.4135607,0.36436734,0.22207196
1234284627,0.3609746,0.2999742,0.33905125
1234590593,0.4923649,0.26968953,0.2379455
1234764934,0.44862485,0.32079312,0.23058198
1234848042,0.42908278,0.2695977,0.30131954
1235042178,0.39264616,0.24202909,0.36532474
1236022892,0.35075906,0.34251094,0.30673
1236090007,0.17434075,0.4047877,0.4208716
1236211627,0.047884535,0.8770705,0.07504496
1236393507,0.38633543,0.31134966,0.3023149
1236469023,0.32491228,0.3311744,0.34391335
1236711396,0.55444795,0.20009847,0.24545355
1237843407,0.17447348,0.4602224,0.36530414
1237957054,0.6400122,0.15787701,0.20211083
1238967683,0.1658399,0.16556989,0.6685901
1240803814,0.299706,0.34726036,0.35303366
1241290696,0.26689348,0.54420984,0.18889666
1243104568,0.19474791,0.34810847,0.45714366
1243375439,0.38056663,0.47790885,0.14152457
1243466116,0.33444902,0.28267297,0.38287804
1244409554,0.41993916,0.34328032,0.23678058
1244794249,0.17181703,0.508042,0.32014102
1244827015,0.4693845,0.30742118,0.2231943
1245495103,0.23388429,0.53552353,0.23059215
1245593306,0.22808376,0.53582805,0.23608823
1246210336,0.40212226,0.28352067,0.3143571
1247001132,0.44026348,0.22850911,0.33122733
1247039275,0.26897115,0.45717496,0.2738539
1247442846,0.21550696,0.5493769,0.23511611
1247443950,0.112380676,0.71880895,0.16881044
1247448417,0.38833568,0.17280373,0.43886057
1247729984,0.2847437,0.4219387,0.2933176
1248437744,0.5637871,0.20444506,0.2317679
1249148682,0.45604855,0.2720295,0.2719219
1249162294,0.44889423,0.2733202,0.27778557
1249822885,0.04328237,0.1330382,0.8236794
1249965249,0.22964269,0.5533151,0.21704224
1250652570,0.3458728,0.40644076,0.24768646
1250765794,0.26583296,0.44478288,0.28938416
1250986511,0.5673589,0.17274436,0.25989676
1251032049,0.2581608,0.47912848,0.2627108
1251091657,0.491134,0.14654721,0.36231875
1251153973,0.3489138,0.29659843,0.35448775
1251258732,0.64930207,0.12823446,0.22246352
1251500018,0.09055965,0.7475289,0.16191149
1251844649,0.25991744,0.22718737,0.5128952
1252078906,0.25388113,0.38509786,0.361021
1252104829,0.38986924,0.31908253,0.2910483
1252231217,0.39803976,0.25943464,0.34252566
1252541137,0.88955474,0.010479317,0.09996598
1253105240,0.32968843,0.4712337,0.19907783
1253535053,0.3519096,0.32990554,0.31818485
1253677761,0.33468747,0.22571069,0.43960178
1253917466,0.29318392,0.27014792,0.43666813
1254193387,0.31617397,0.3691267,0.31469932
1254458678,0.2686003,0.077817194,0.6535825
1255603426,0.43130216,0.277062,0.29163584
1255769391,0.3680928,0.32572547,0.30618176
1256132686,0.29508802,0.4546881,0.25022385
1256140076,0.39504543,0.39050645,0.21444811
1256145141,0.467848,0.32241154,0.20974046
1256291687,0.5178533,0.17794739,0.30419922
1256612177,0.3680675,0.34069973,0.29123273
1257255887,0.6456067,0.18595369,0.16843961
1257398820,0.4413626,0.2731679,0.28546947
1257555692,0.36183915,0.27641708,0.36174378
1258871699,0.18501349,0.5922269,0.22275959
1259441815,0.48638764,0.20703936,0.30657306
1259783812,0.5843265,0.16116859,0.2545049
1259783918,0.4180079,0.24027592,0.34171617
1260841102,0.42441532,0.29991028,0.27567443
1261000361,0.35401353,0.29862142,0.34736505
1261302881,0.25048098,0.35650668,0.39301234
1261311208,0.54210633,0.20413963,0.25375408
1261371520,0.5104434,0.2911633,0.19839333
1261413512,0.537713,0.23068464,0.23160236
1261624097,0.46999925,0.15244156,0.3775592
1261978454,0.21095972,0.25593224,0.533108
1264286037,0.40590483,0.19827771,0.3958175
1264688930,0.5067575,0.23654538,0.25669712
1265581822,0.3814631,0.38184252,0.23669437
1265694900,0.22518884,0.48891363,0.28589746
1267242906,0.7365867,0.080294356,0.18311895
1267439750,0.43413374,0.3305421,0.23532423
1267699086,0.354966,0.29752252,0.34751147
1267737329,0.34335688,0.26864597,0.38799715
1268135045,0.6296931,0.17637978,0.19392711
1268377181,0.25029987,0.40609732,0.3436028
1268729195,0.34399328,0.3272687,0.32873806
1268901284,0.25145346,0.5596672,0.18887928
1269687813,0.33142886,0.48196104,0.18661015
1269819610,0.102505624,0.7166709,0.18082353
1271415496,0.41709667,0.40142143,0.18148194
1271835342,0.55040634,0.19490309,0.25469062
1271875894,0.3873408,0.33637863,0.2762806
1271950713,0.30042168,0.42471126,0.27486706
1272893350,0.28253293,0.27952516,0.43794194
1272911893,0.2899687,0.31886676,0.39116457
1272989700,0.25322038,0.49363708,0.2531425
1273344482,0.028042072,0.84043103,0.13152681
1273678988,0.5278554,0.23540796,0.23673667
1273942062,0.92686415,0.023410436,0.049725357
1273942742,0.45037887,0.22261566,0.3270055
1274439861,0.71477133,0.12489273,0.16033588
1275778345,0.33630344,0.29127753,0.37241897
1276278100,0.37810934,0.29180416,0.33008656
1276568766,0.28000557,0.3542965,0.3656979
1276858352,0.3401647,0.33125672,0.32857862
1277153972,0.38595355,0.27201295,0.34203354
1277890342,0.43190458,0.26080632,0.3072891
1279038259,0.29556757,0.40622422,0.29820824
1279083612,0.6076936,0.082181,0.3101254
1280077092,0.37658894,0.28301263,0.34039846
1280662030,0.3013051,0.22869651,0.46999842
1280810443,0.31542736,0.2953824,0.3891902
1282503121,0.30299923,0.40757146,0.28942928
1283064558,0.34438685,0.37104437,0.28456876
1283270727,0.3370034,0.41389394,0.24910262
1283692047,0.24645549,0.4427722,0.3107723
1283727809,0.24793594,0.43610764,0.31595638
1284126696,0.60795546,0.23342213,0.15862243
1284331691,0.23598501,0.47123972,0.29277524
1284579960,0.18203008,0.54034156,0.27762833
1285149110,0.36772433,0.31319097,0.31908467
1285178387,0.61099064,0.23605727,0.15295209
1285287287,0.28808483,0.37510195,0.3368132
1285538219,0.7462477,0.08649363,0.16725864
1285866549,0.27769944,0.46872646,0.25357413
1286310593,0.25990292,0.41992995,0.32016712
1288043032,0.21801248,0.15083258,0.63115495
1288871775,0.4420719,0.31608966,0.2418384
1289121274,0.12562343,0.7305473,0.14382926
1289590730,0.40683475,0.36361957,0.22954564
1289670735,0.4354386,0.19718246,0.36737892
1289870215,0.2824663,0.3825785,0.33495525
1290890850,0.34857148,0.18007538,0.4713532
1291392690,0.41834852,0.273126,0.30852553
1291557620,0.7010235,0.08963021,0.20934622
1291722430,0.24937984,0.13087957,0.6197406
1292061881,0.1851646,0.31032223,0.5045132
1292855782,0.387267,0.3842303,0.22850275
1292869662,0.41585764,0.31980413,0.26433823
1292945180,0.13690843,0.5874279,0.2756637
1293650632,0.5412592,0.2240026,0.23473811
1294096621,0.40461123,0.2840984,0.31129038
1294356630,0.15086661,0.50818765,0.34094572
1294926401,0.46821216,0.24030373,0.29148415
1294934194,0.31978154,0.25831425,0.42190415
1295337539,0.5606331,0.2618719,0.17749494
1296045600,0.16857624,0.46539,0.3660337
1296459359,0.2505881,0.4980073,0.25140467
1296577536,0.43652377,0.3307943,0.23268192
1298031429,0.18062325,0.38518006,0.43419665
1298538343,0.42537668,0.19421786,0.38040543
1298548560,0.520156,0.2089766,0.27086738
1298999627,0.17836104,0.59953773,0.22210127
1299229354,0.43146032,0.24242309,0.32611656
1299239254,0.37928838,0.3145885,0.3061231
1299647672,0.77070314,0.05132886,0.17796794
1300089349,0.16173941,0.6717043,0.16655627
1300158675,0.3479718,0.37139177,0.2806364
1300330752,0.100983486,0.76715815,0.1318584
1300547363,0.6526013,0.15151659,0.19588211
1300750915,0.37043196,0.30405512,0.32551295
1301870821,0.32773483,0.31837198,0.3538932
1301892048,0.18350609,0.21337174,0.6031222
1302393680,0.13151978,0.1196454,0.74883485
1302428275,0.33555964,0.434835,0.22960539
1302566540,0.7448918,0.098158434,0.15694976
1303185668,0.16052021,0.66672486,0.17275496
1303528044,0.15252072,0.65805537,0.18942393
1303742686,0.23227157,0.5154562,0.25227222
1304308545,0.37637174,0.39977482,0.22385336
1304434183,0.45997524,0.21310104,0.32692376
1304982930,0.1934312,0.14045542,0.6661134
1305805512,0.54309773,0.21155584,0.24534649
1306280009,0.21771002,0.5679184,0.21437156
1307474368,0.38113344,0.2178182,0.40104842
1307809752,0.9137091,0.0670449,0.019245982
1308013715,0.45943135,0.25694236,0.2836263
1309093161,0.122564405,0.7053644,0.17207125
1309095105,0.3948877,0.26299053,0.3421218
1309804361,0.34259343,0.3406669,0.31673968
1310025043,0.23530512,0.5030641,0.2616308
1310311006,0.52429837,0.2336672,0.2420344
1310408098,0.21144138,0.427214,0.36134467
1310875305,0.3135876,0.3356043,0.35080805
1310939756,0.39460552,0.38581437,0.21958011
1311099862,0.42712724,0.39286295,0.18000975
1311447679,0.49286357,0.17117988,0.33595657
1311534608,0.47634315,0.24265821,0.28099862
1311634710,0.3109276,0.12188847,0.5671839
1311973638,0.55069244,0.16486363,0.28444389
1312086808,0.1873077,0.27924895,0.53344333
1312196828,0.50422394,0.20661388,0.28916216
1312281426,0.1213566,0.667606,0.21103743
1312298757,0.1842065,0.6308939,0.18489964
1312416182,0.29469398,0.44445816,0.26084784
1313062486,0.34039313,0.3526279,0.306979
1313660927,0.2134131,0.16529998,0.6212869
1313759320,0.31895375,0.38748926,0.29355693
1314104669,0.44356683,0.21250927,0.3439239
1314503909,0.4422573,0.3166088,0.24113388
1315366970,0.20092481,0.6264235,0.17265168
1315377012,0.26809287,0.42089346,0.31101367
1315588859,0.5004879,0.22459844,0.27491364
1316205664,0.50567675,0.12225698,0.3720663
1316366596,0.1938626,0.6134592,0.19267817
1316574719,0.31063586,0.42096728,0.26839682
1316612294,0.2292768,0.5010265,0.26969668
1317081555,0.5510737,0.22736578,0.22156057
1317390939,0.50492805,0.22086447,0.27420747
1317443662,0.45066833,0.22142859,0.3279031
1317604164,0.18071859,0.27962494,0.53965646
1318196309,0.3433273,0.33825752,0.3184152
1318261886,0.46487325,0.23203857,0.30308816
1318562583,0.4975929,0.1556226,0.3467845
1318897126,0.3253569,0.3529959,0.32164723
1319899831,0.2241007,0.5240802,0.2518191
1319960610,0.13549297,0.1479311,0.7165759
1320603883,0.31139126,0.33622038,0.35238835
1320678024,0.20960046,0.55450505,0.23589452
1320937227,0.3570018,0.17139317,0.471605
1321483311,0.39917788,0.3306885,0.27013358
1321561427,0.3906899,0.25630713,0.35300297
1321562281,0.27541232,0.19901738,0.5255703
1321847781,0.6764143,0.15848073,0.16510499
1321945676,0.69348925,0.11870184,0.18780895
1322096209,0.21739866,0.58171546,0.20088586
1322231942,0.29377684,0.53442043,0.17180268
1322279394,0.2831098,0.46390975,0.2529804
1322318187,0.7190221,0.100679874,0.18029802
1322401191,0.4081189,0.3094076,0.28247347
1322495130,0.2964324,0.3333167,0.3702509
1322501468,0.6782047,0.12926844,0.1925269
1323369759,0.49836907,0.22579256,0.27583832
1323458972,0.5739531,0.14979908,0.27624777
1327072024,0.29202235,0.18177345,0.5262042
1327861781,0.08800696,0.7123177,0.19967534
1328164240,0.37481007,0.19773585,0.42745414
1328330506,0.2579795,0.42557022,0.3164503
1328883106,0.32398716,0.25837627,0.41763657
1329039209,0.34898287,0.32705465,0.32396254
1329047899,0.28990278,0.4364009,0.27369627
1329545194,0.2519479,0.5587724,0.18927969
1329830857,0.5966031,0.16212486,0.24127208
1330044180,0.32796338,0.04491865,0.62711793
1330157007,0.6264137,0.13399342,0.23959294
1330831115,0.26767075,0.47602436,0.25630486
1331460207,0.16926219,0.61033154,0.22040625
1332538599,0.33531678,0.4329341,0.23174913
1332635944,0.47910866,0.28533667,0.2355547
1332672674,0.24545825,0.562397,0.19214477
1333055596,0.29382914,0.4061102,0.30006066
1333098482,0.18660152,0.39970344,0.41369507
1335150544,0.4834927,0.26456112,0.25194618
1335254561,0.34688136,0.34050047,0.31261823
1335709915,0.37475917,0.32685718,0.29838362
1335710970,0.66665035,0.17634924,0.15700041
1336204972,0.4074188,0.38746744,0.20511368
1337375102,0.09619595,0.29476488,0.6090392
1337697746,0.3751712,0.31926453,0.30556425
1337847908,0.15864335,0.62752116,0.21383551
1337977109,0.2072436,0.5826986,0.21005777
1338312976,0.32151407,0.3352695,0.34321645
1338370231,0.5529412,0.18645002,0.26060876
1338423046,0.26016974,0.45813063,0.2816996
1338496964,0.35974833,0.36879656,0.27145505
1339680801,0.27512458,0.4928527,0.23202275
1340109125,0.29909754,0.47413245,0.22677004
1340352319,0.5280456,0.23976925,0.23218518
1341752377,0.2448339,0.49189085,0.26327527
1341894016,0.28248554,0.28133184,0.4361827
1343028095,0.4258292,0.2704387,0.30373213
1343329085,0.5246575,0.16571973,0.30962282
1343816926,0.3632973,0.27188566,0.36481702
1344207526,0.42450115,0.28524137,0.29025748
1344670745,0.30400074,0.5224971,0.17350215
1345427989,0.2628369,0.2838795,0.4532836
1345449145,0.29154804,0.26770616,0.44074574
1345664181,0.54899657,0.20027204,0.25073135
1345900468,0.21844572,0.2426734,0.5388809
1346134893,0.03930228,0.84734046,0.11335724
1346150599,0.6167664,0.08591263,0.297321
1346173233,0.5041028,0.19643061,0.2994666
1346256583,0.38112253,0.19446963,0.4244078
1346322172,0.35408273,0.3034714,0.34244585
1346417292,0.5426663,0.15347154,0.30386212
1347155858,0.67098904,0.16285509,0.16615579
1347169240,0.46377724,0.2946528,0.2415699
1347173048,0.57464767,0.18987887,0.23547351
1347725151,0.54572594,0.22302108,0.231253
1347877510,0.30520862,0.46147737,0.23331405
1348199042,0.47556004,0.23368654,0.2907534
1349827952,0.21755607,0.16818026,0.6142637
1349951233,0.074652895,0.7495269,0.17582014
1349995071,0.36437643,0.26225153,0.3733721
1350408619,0.26170996,0.09087428,0.64741576
1350631459,0.40323973,0.19498096,0.40177938
1351666641,0.39572394,0.17539887,0.4288772
1351840584,0.23803438,0.31870288,0.44326273
1352071229,0.488194,0.24746834,0.2643377
1352524649,0.5458926,0.0792418,0.37486556
1352839830,0.3647988,0.3199046,0.3152966
1352919106,0.3598601,0.43644547,0.20369439
1353134673,0.5630063,0.22509605,0.21189763
1353277271,0.036439437,0.3066198,0.6569408
1353311781,0.5265723,0.22341949,0.2500082
1353790481,0.4671403,0.31560555,0.21725416
1354175560,0.47364777,0.18783006,0.33852217
1354393027,0.26343006,0.33747616,0.3990938
1354466660,0.42590934,0.24417177,0.32991886
1355320625,0.320651,0.25977007,0.41957897
1355397103,0.59418035,0.14125103,0.26456866
1355818701,0.21489817,0.40082315,0.38427863
1356046198,0.13828611,0.21408871,0.6476252
1356361415,0.24704602,0.38972354,0.36323044
1356727678,0.28995347,0.38798887,0.32205766
1357009874,0.17914231,0.5157536,0.30510408
1357390286,0.1450641,0.5344924,0.3204435
1357455531,0.5601961,0.24277261,0.19703132
1357655438,0.24198334,0.49367404,0.2643427
1357881952,0.38433364,0.27916005,0.33650637
1358160921,0.41909176,0.22082803,0.36008015
1358637503,0.28982553,0.21213579,0.49803868
1358696276,0.45224303,0.3091137,0.23864326
1358809142,0.29730532,0.41690132,0.2857934
1358937087,0.23794554,0.29259726,0.46945715
1359118029,0.37726966,0.3241578,0.29857257
1359434044,0.7012145,0.107391685,0.19139385
1359485205,0.32451206,0.41462395,0.26086396
1359503720,0.76672566,0.06721773,0.16605666
1359820215,0.49139062,0.21849291,0.29011643
1359906785,0.3011434,0.38366032,0.31519628
1360599007,0.46504283,0.16993736,0.3650198
1360694269,0.6667291,0.13001117,0.20325978
1361007912,0.44853857,0.27229232,0.27916917
1361160439,0.50211734,0.3306308,0.16725183
1361167972,0.18673463,0.57936937,0.23389602
1361200216,0.29279745,0.36636025,0.34084228
1361251512,0.3567622,0.44643062,0.19680725
1361407764,0.28751916,0.5082306,0.2042502
1363118024,0.21734047,0.46912777,0.31353173
1363544693,0.113867015,0.7018551,0.18427788
1363587149,0.14391844,0.31076008,0.54532146
1363707778,0.36873582,0.37542096,0.2558432
1364629972,0.26254272,0.43568096,0.30177626
1364713953,0.5800151,0.2240608,0.19592406
1365152137,0.61078054,0.1599736,0.22924587
1365280092,0.61848724,0.13023552,0.25127724
1365791476,0.49141976,0.19292895,0.3156513
1366344081,0.23200189,0.19355771,0.5744405
1367533183,0.40649477,0.2542057,0.33929956
1368921610,0.61669886,0.14105813,0.24224295
1369278644,0.28676757,0.46981326,0.24341911
1369689252,0.36744192,0.40512195,0.22743611
1369876862,0.24455598,0.5735026,0.1819414
1370635467,0.71964157,0.10148553,0.17887287
1371433032,0.1499363,0.5110385,0.33902523
1372731951,0.18309419,0.58568335,0.23122242
1372870539,0.36512026,0.34944013,0.28543964
1373359616,0.6615413,0.10816759,0.2302912
1373429891,0.64152116,0.17599797,0.18248092
1374197436,0.26820016,0.27171874,0.4600811
1374252405,0.76784176,0.09666354,0.13549471
1374736198,0.14938629,0.6407696,0.2098441
1375088356,0.56503075,0.20451298,0.23045626
1376444207,0.26131633,0.493676,0.24500771
1376973923,0.6197269,0.16464275,0.21563037
1377392116,0.7105462,0.1277591,0.16169469
1377440828,0.25297308,0.1848809,0.562146
1377506550,0.44273877,0.26248384,0.29477736
1377727363,0.53233784,0.22797304,0.23968916
1378834616,0.27434856,0.20973654,0.5159149
1379238332,0.3929022,0.3544371,0.25266066
1379255720,0.63971066,0.13598476,0.22430457
1379839810,0.18073057,0.61787826,0.20139118
1380472670,0.1750722,0.68907505,0.13585275
1380723083,0.32312945,0.22977431,0.44709626
1381629195,0.23903286,0.52041864,0.24054854
1382285172,0.313957,0.39231867,0.2937243
1383440897,0.4110747,0.32151335,0.26741192
1383441610,0.31362334,0.20693433,0.47944233
1385548105,0.20944537,0.5095173,0.28103733
1385554312,0.21407421,0.42453647,0.3613893
1385906328,0.5990303,0.15124597,0.24972372
1385935551,0.5958425,0.1656384,0.2385191
1387075958,0.46547985,0.12374936,0.41077077
1387386267,0.6173741,0.18932463,0.19330126
1387672484,0.16753976,0.3629796,0.4694807
1387710245,0.29759306,0.27474564,0.4276613
1387777340,0.1810241,0.60546076,0.21351518
1387898471,0.35144442,0.30449232,0.34406325
1388199580,0.20314756,0.61516804,0.18168437
1389121302,0.5205581,0.16913466,0.3103072
1389420302,0.31084523,0.39240086,0.2967539
1389555397,0.30665672,0.21614546,0.4771979
1389702873,0.6149925,0.18593284,0.19907467
1389771253,0.22894545,0.5611237,0.20993084
1390262757,0.014586015,0.91847336,0.06694061
1390520637,0.17760602,0.5888436,0.23355043
1390859853,0.61813545,0.057677526,0.324187
1390997763,0.46021265,0.24252976,0.29725754
1391020960,0.77680016,0.08147634,0.1417235
1392105266,0.23275065,0.35847065,0.4087787
1392209547,0.309189,0.4228141,0.26799688
1392226577,0.7630588,0.061538883,0.1754024
1392334184,0.23549396,0.25703636,0.50746965
1393150851,0.36423635,0.31564653,0.3201171
1393885138,0.2363541,0.43380347,0.32984242
1394027934,0.33579108,0.33318827,0.3310207
1394893882,0.33233067,0.3842999,0.28336942
1395720449,0.49549228,0.20706612,0.29744157
1396132414,0.32040942,0.34711373,0.33247685
1396562178,0.28320488,0.29852894,0.41826624
1396671661,0.23277593,0.3732443,0.39397982
1397024201,0.49986544,0.21223502,0.2878995
1397267815,0.16096492,0.18914136,0.64989376
1397585358,0.29386833,0.37074268,0.335389
1397736996,0.13487035,0.66890854,0.19622116
1397972502,0.25418404,0.22986044,0.51595557
1399212694,0.32415965,0.39664006,0.2792003
1399828751,0.3636734,0.34993878,0.28638783
1400253798,0.2408393,0.5302055,0.22895522
1401802131,0.14670198,0.21515109,0.63814694
1401827456,0.40956983,0.2950881,0.29534206
1401943697,0.39449716,0.35607302,0.24942991
1402366185,0.55098575,0.25061867,0.19839557
1402389420,0.07078634,0.30879876,0.62041485
1402391471,0.31822637,0.44543546,0.23633818
1402504655,0.04752659,0.68387485,0.26859853
1402699423,0.008837838,0.9379355,0.05322666
1402949788,0.5440929,0.35325414,0.102652974
1403763143,0.3438894,0.38591197,0.2701986
1404153349,0.50700396,0.21069989,0.2822961
1404163344,0.9382306,0.0041473154,0.057622027
1404672215,0.29991707,0.23790337,0.4621795
1405359044,0.46073446,0.28206086,0.25720462
1406229150,0.43193215,0.28129998,0.28676784
1406269506,0.2611607,0.46184668,0.2769926
1406341563,0.60749316,0.15064073,0.24186607
1406693141,0.5708127,0.14946356,0.27972373
1406862971,0.37614918,0.2998685,0.3239823
1407228058,0.3823461,0.3237448,0.29390913
1408395083,0.6051991,0.2012636,0.19353731
1408912893,0.5887634,0.15880233,0.25243425
1409180353,0.4708954,0.19643044,0.33267412
1409228309,0.4401637,0.25575247,0.3040838
1409529590,0.3439637,0.32734114,0.32869515
1409690310,0.45903602,0.23023336,0.31073058
1410804470,0.3357893,0.26706228,0.39714846
1411153915,0.909271,0.02474222,0.06598677
1412363938,0.31218052,0.3202917,0.36752775
1412437124,0.33437222,0.2514353,0.41419247
1412692063,0.35994127,0.37728673,0.262772
1413001075,0.34865102,0.42788777,0.22346126
1413281898,0.39513245,0.2838149,0.32105267
1413334459,0.15496615,0.60262686,0.24240704
1413833246,0.2157261,0.6170354,0.16723849
1414367496,0.5178679,0.16168739,0.32044464
1414977918,0.30245376,0.43628556,0.2612607
1415548931,0.709718,0.08985799,0.20042405
1415964419,0.3559531,0.2939879,0.350059
1416030202,0.23013353,0.59621793,0.17364854
1416426355,0.36645037,0.2519406,0.38160905
1416674908,0.6992442,0.10849571,0.19226015
1416848801,0.47293735,0.2634734,0.2635892
1416917671,0.1836324,0.62588507,0.19048256
1416989232,0.21245004,0.259114,0.528436
1417169032,0.51551235,0.16143134,0.32305628
1417558861,0.2711043,0.568975,0.1599207
1417712717,0.48671415,0.12701413,0.3862717
1417928463,0.51768434,0.15426372,0.32805198
1418138977,0.38799992,0.2694718,0.34252834
1418621230,0.26075676,0.5247571,0.2144862
1418779531,0.23850489,0.42829078,0.3332043
1419555734,0.1560658,0.6819724,0.16196184
1420458467,0.52351445,0.19790272,0.2785828
1421221820,0.12383839,0.7125447,0.16361696
1421354214,0.16392107,0.6492212,0.18685776
1421660520,0.3388189,0.1694565,0.49172458
1422266323,0.8268326,0.058588058,0.114579305
1423691433,0.48458984,0.19951017,0.31589997
1423800173,0.4425393,0.24112538,0.31633532
1423873186,0.12585704,0.71785563,0.1562874
1424360742,0.49351308,0.24412794,0.262359
1424630854,0.25980183,0.55176723,0.1884309
1424672477,0.15965179,0.50652814,0.33382004
1424985834,0.24752286,0.50472206,0.2477551
1425276265,0.33786005,0.46868172,0.19345818
1426442280,0.44160503,0.33697465,0.22142033
1426974466,0.7006698,0.1873404,0.11198976
1427018813,0.15816095,0.57453895,0.2673001
1427291432,0.26425347,0.24960326,0.48614332
1427979009,0.26899502,0.51201093,0.21899404
1428143548,0.86864114,0.02516725,0.10619162
1428328520,0.35284364,0.4303488,0.21680757
1428464001,0.5815972,0.19984074,0.218562
1428694254,0.25812677,0.5084298,0.2334434
1428895715,0.33895364,0.3257313,0.33531502
1429306681,0.28544378,0.47934443,0.23521182
1429660037,0.28906712,0.52548736,0.18544549
1429783071,0.46625742,0.24837634,0.28536618
1429833978,0.3934417,0.1641435,0.4424148
1429990576,0.5252141,0.2246217,0.25016427
1430269838,0.62253153,0.120423265,0.25704518
1430675901,0.22651154,0.37616742,0.397321
1430803906,0.6967206,0.14866935,0.15461001
1431462641,0.12952483,0.38404933,0.48642588
1431495504,0.37465414,0.26314366,0.36220226
1432032997,0.23767054,0.5141861,0.24814336
1432094757,0.32209873,0.36484003,0.3130612
1432443034,0.50504935,0.14784926,0.3471014
1432482766,0.5442613,0.17213365,0.28360513
1432729181,0.36949396,0.30806708,0.32243893
1432828603,0.23884922,0.47335196,0.28779882
1432993472,0.4112785,0.3175799,0.27114165
1433021456,0.25228533,0.5399995,0.20771515
1433499660,0.66391456,0.12253271,0.2135527
1433968841,0.38724974,0.43426555,0.17848472
1434045348,0.279711,0.39529675,0.3249922
1434086091,0.34319997,0.31237245,0.34442765
1434910009,0.57771164,0.06931439,0.35297394
1434992725,0.5942004,0.14638612,0.25941354
1435527197,0.3197387,0.24000253,0.44025883
1435898196,0.53135437,0.20668322,0.26196247
1436082146,0.27246442,0.28194267,0.44559285
1436275158,0.2561411,0.29279476,0.4510641
1436611893,0.35523546,0.34510434,0.29966024
1436631749,0.90257174,0.014168563,0.08325977
1437181218,0.49747792,0.18424748,0.31827456
1437272536,0.3151644,0.14613284,0.5387028
1437446456,0.22835076,0.4430795,0.32856974
1437491031,0.50482893,0.18812452,0.30704656
1437774850,0.37489048,0.29722005,0.3278895
1438434643,0.30725086,0.11189237,0.58085674
1439208676,0.5635206,0.20314798,0.23333141
1439290553,0.25790364,0.3233468,0.4187495
1439374665,0.40475926,0.264676,0.3305647
1439394013,0.45177042,0.16008909,0.3881405
1439541777,0.22311461,0.2989531,0.47793227
1439909253,0.30265996,0.41053906,0.28680095
1440801039,0.5740796,0.19936636,0.22655407
1441173111,0.21951692,0.60450727,0.17597578
1441511750,0.29447436,0.21173576,0.49378994
1442127966,0.32755047,0.41760847,0.25484112
1442290195,0.68743384,0.09890927,0.21365689
1442635458,0.28906873,0.20149541,0.5094359
1443084227,0.3088773,0.3702169,0.3209058
1443321183,0.24236704,0.25151613,0.5061168
1443375222,0.48572418,0.234664,0.27961186
1443710886,0.28807113,0.3625793,0.3493496
1443860815,0.41803142,0.43404242,0.14792609
1444070294,0.11832342,0.30515885,0.57651776
1444219431,0.092213735,0.16000062,0.7477857
1446455294,0.52515316,0.20602132,0.2688255
1446619243,0.26974198,0.19268039,0.5375776
1446823475,0.19995122,0.28619564,0.5138532
1446852302,0.29937142,0.42707577,0.27355275
1446946826,0.38193083,0.2776948,0.34037438
1447285983,0.27698374,0.34048808,0.3825282
1447468192,0.23669693,0.4257536,0.33754948
1447852109,0.33351094,0.36373645,0.30275267
1447867415,0.23106913,0.50612324,0.2628076
1448205571,0.5279266,0.25888538,0.21318795
1448239683,0.46339387,0.15562055,0.38098553
1448266458,0.34015852,0.35247365,0.3073678
1448434031,0.80502814,0.06528893,0.12968291
1448468165,0.5661603,0.16207865,0.27176106
1448719568,0.1895142,0.23877381,0.57171196
1448964072,0.5010397,0.25001323,0.2489471
1449669209,0.14147331,0.6775221,0.18100457
1449784621,0.20746368,0.4550624,0.33747393
1450470352,0.20438339,0.50349444,0.29212216
1451458914,0.19772208,0.402277,0.40000096
1452099658,0.5947756,0.16252103,0.24270336
1452805160,0.52029973,0.24029762,0.23940267
1453014744,0.44918966,0.28445938,0.26635092
1453172489,0.19734894,0.50852484,0.29412627
1453275667,0.17880768,0.6504826,0.17070968
1453966150,0.37311035,0.16088511,0.46600452
1454812018,0.4684705,0.19510153,0.33642796
1455124015,0.085151255,0.10076373,0.814085
1455161464,0.28054586,0.18937889,0.5300753
1455170812,0.5060269,0.30758104,0.18639204
1455390930,0.56896275,0.19072282,0.24031441
1455428622,0.5383014,0.15227199,0.30942658
1455606913,0.2817581,0.10165193,0.61658996
1456028759,0.41293693,0.28941885,0.29764423
1456938572,0.60015965,0.208512,0.19132838
1457201321,0.22432032,0.5338749,0.24180475
1457778041,0.3672447,0.4006114,0.23214391
1457810821,0.25368264,0.30646196,0.4398554
1458259549,0.22851002,0.4791003,0.2923897
1458343383,0.274915,0.42795816,0.2971268
1458376709,0.22802693,0.41166326,0.36030984
1458412720,0.19579,0.25780493,0.54640514
1459091276,0.19077402,0.2680268,0.54119915
1459641443,0.40435117,0.2954303,0.30021855
1460120830,0.34638315,0.26762944,0.38598737
1460515574,0.52495414,0.10941892,0.36562696
1460820187,0.30976653,0.3900818,0.30015168
1460966532,0.381498,0.31237346,0.30612853
1461302100,0.31985348,0.37377104,0.3063754
1461438052,0.44909015,0.2430463,0.30786353
1462308585,0.3599759,0.34859347,0.29143062
1463226054,0.33596966,0.31948578,0.34454453
1463408806,0.58528006,0.1377165,0.27700344
1463842068,0.31013548,0.27592474,0.41393977
1464441625,0.11688314,0.6427557,0.24036124
1464850086,0.39062178,0.28662518,0.322753
1465290540,0.36888012,0.3587533,0.27236658
1465472990,0.343557,0.31852424,0.3379187
1466612810,0.40851122,0.29054567,0.30094308
1467136925,0.5601206,0.14503655,0.2948428
1467738484,0.12158811,0.48747775,0.39093414
1468083829,0.22777463,0.49606577,0.2761596
1468451882,0.5502213,0.2083992,0.24137944
1468837828,0.30546424,0.46921557,0.22532019
1469693662,0.37905046,0.1944741,0.42647538
1470135466,0.30321324,0.43493357,0.2618532
1470858439,0.6428652,0.1576686,0.19946629
1471365560,0.19549401,0.58999145,0.2145145
1471543805,0.2997166,0.32832345,0.37195995
1471628453,0.42814693,0.32786563,0.24398744
1471695906,0.17941786,0.24372591,0.5768562
1472264995,0.5236647,0.16522798,0.31110737
1472614161,0.24170505,0.47227198,0.28602296
1472698280,0.20336162,0.570536,0.22610234
1472832402,0.750897,0.0756435,0.17345947
1473082325,0.046444878,0.7952408,0.15831432
1473492501,0.20601958,0.52207625,0.27190423
1473730148,0.54262507,0.15616536,0.3012096
1474115426,0.33006507,0.33899522,0.33093974
1474314415,0.3703005,0.31714588,0.31255364
1474982314,0.3382432,0.27067935,0.3910775
1475002576,0.7330175,0.13314159,0.13384093
1475377205,0.28498197,0.41364256,0.30137548
1475666594,0.29504806,0.42919558,0.27575633
1475714846,0.2964482,0.42218465,0.28136718
1475813571,0.3591768,0.31749064,0.32333252
1476431807,0.537519,0.20857714,0.25390387
1476454327,0.76506424,0.10060939,0.13432635
1476537456,0.50640017,0.30069277,0.19290707
1476729719,0.77245164,0.08335284,0.14419551
1476756914,0.34409863,0.32997712,0.32592422
1477181263,0.38522002,0.40767962,0.20710042
1477751980,0.5344783,0.2050683,0.26045337
1478625468,0.3857765,0.31123278,0.30299073
1478669098,0.3961695,0.30772457,0.29610595
1479293673,0.4976608,0.21475552,0.28758368
1480202930,0.24056664,0.2817747,0.47765872
1480223808,0.43695533,0.27777758,0.28526706
1482379888,0.35339686,0.33013582,0.31646731
1482720536,0.29595414,0.34937233,0.3546735
1483480798,0.224292,0.5853245,0.19038348
1484852887,0.5023477,0.21868521,0.27896714
1485080075,0.3847665,0.30501488,0.31021866
1485115590,0.24407382,0.32327965,0.43264654
1485267511,0.11634013,0.4412061,0.44245374
1485508512,0.6495303,0.15576054,0.19470915
1485817729,0.20751686,0.563399,0.22908412
1485934446,0.3572594,0.31273335,0.33000728
1486124275,0.09247539,0.6936711,0.21385351
1486197657,0.3822951,0.25226092,0.36544394
1486465505,0.5544705,0.19660474,0.2489248
1486588998,0.2920504,0.30710673,0.40084288
1486816158,0.74432814,0.11915521,0.13651668
1486855190,0.19900902,0.59178746,0.20920354
1487289828,0.4458855,0.2999549,0.2541596
1488090695,0.43175957,0.30751267,0.2607277
1488299482,0.52437824,0.17121246,0.30440927
1488356237,0.3309899,0.36467618,0.30433393
1488513448,0.16435224,0.22452773,0.61112
1488797794,0.44656226,0.20324405,0.35019365
1488849978,0.1412858,0.36054185,0.4981723
1489033021,0.8457568,0.056574836,0.09766834
1489341217,0.2596905,0.43514758,0.3051619
1489687292,0.4327555,0.2551005,0.31214398
1490403547,0.58943814,0.19623688,0.21432489
1490494206,0.2670635,0.49724507,0.23569137
1490741381,0.2867692,0.32878575,0.38444504
1491056071,0.47503483,0.22725777,0.2977074
1491887725,0.33749896,0.4303542,0.2321468
1491948372,0.25770158,0.24949175,0.49280664
1492451179,0.16682768,0.6302482,0.20292415
1492598402,0.13348432,0.53721833,0.32929736
1493206165,0.35948184,0.28647456,0.35404357
1493609851,0.66682726,0.15462472,0.17854802
1493974534,0.011150841,0.01796859,0.97088057
1494015614,0.35616848,0.28804928,0.35578227
1494755516,0.53392047,0.15201366,0.31406584
1494914031,0.5868796,0.3912598,0.021860613
1494982303,0.3840199,0.29053658,0.32544345
1495497926,0.32117578,0.37033075,0.3084934
1495901768,0.884606,0.023798391,0.09159559
1496063118,0.57001376,0.18981884,0.24016744
1497580769,0.15828498,0.6736432,0.16807188
1497911862,0.34152246,0.20092185,0.45755577
1498457024,0.39515042,0.20781916,0.39703038
1498879216,0.13956538,0.6709797,0.18945496
1498882785,0.69895035,0.12257629,0.17847338
1499109074,0.37113658,0.21841647,0.41044694
1499295074,0.25700796,0.3544884,0.3885036
1499619749,0.2041703,0.41615748,0.3796722
1499707688,0.705613,0.12663412,0.16775279
1499948738,0.6443778,0.17481048,0.18081167
1500015293,0.19916567,0.42765427,0.37318003
1500283498,0.642739,0.1761525,0.18110849
1500309264,0.7316981,0.117147885,0.15115398
1500588399,0.5063871,0.2476477,0.24596523
1500850984,0.26043528,0.39224303,0.34732172
1501024156,0.8487246,0.06360634,0.08766908
1501041282,0.3041343,0.41479465,0.28107104
1502720069,0.13926947,0.7367203,0.12401018
1503116999,0.20781183,0.5149501,0.27723804
1503438274,0.74238485,0.10013463,0.15748051
1503878284,0.33111575,0.28071004,0.38817415
1504379369,0.20378706,0.30559054,0.49062234
1504412172,0.3918267,0.33437586,0.27379748
1504517733,0.30200642,0.3066042,0.3913893
1504618613,0.25821066,0.4715541,0.2702353
1504983499,0.34754723,0.30703542,0.34541735
1505689958,0.48662364,0.2687094,0.2446669
1505733120,0.210953,0.20978,0.57926697
1506521225,0.4316515,0.2456317,0.32271677
1506890350,0.5945935,0.124837786,0.28056872
1507188408,0.283051,0.47612667,0.24082232
1507408700,0.51558596,0.2433095,0.24110454
1507549345,0.13328834,0.15774061,0.7089711
1508472249,0.18056034,0.26017085,0.5592688
1509374546,0.102552496,0.78131044,0.1161371
1509730800,0.37397617,0.37700912,0.24901472
1509898027,0.1912612,0.6101946,0.19854413
1510095995,0.36263287,0.3086337,0.3287334
1510676826,0.76256526,0.060857303,0.17657752
1510677307,0.44663104,0.23983972,0.31352925
1511095709,0.1310353,0.66792995,0.20103477
1511202082,0.025912223,0.83861667,0.13547106
1511228396,0.3634686,0.36145845,0.2750729
1511689026,0.6410344,0.04591661,0.313049
1512207463,0.50360036,0.12903187,0.36736774
1512947637,0.41479316,0.15176885,0.43343794
1513204349,0.5322014,0.21466418,0.2531344
1513262633,0.19454937,0.2010032,0.6044474
1513405948,0.5494311,0.20825252,0.24231635
1513773651,0.5425691,0.15773381,0.29969713
1513917216,0.23760511,0.44963625,0.31275865
1514050590,0.29758945,0.42992875,0.27248183
1514434817,0.38450116,0.3642377,0.2512612
1514547798,0.2758742,0.25153726,0.47258848
1514619514,0.41970372,0.22009012,0.36020616
1515591121,0.12459314,0.46325323,0.41215363
1516225383,0.30055013,0.42044044,0.2790094
1516546377,0.3171675,0.35639763,0.3264349
1517021709,0.6410045,0.16631514,0.1926803
1517393005,0.35128963,0.27386463,0.3748458
1518799982,0.38444617,0.3007773,0.31477654
1519450988,0.28793833,0.5007427,0.21131897
1519971857,0.37525433,0.274972,0.3497737
1520369416,0.3161855,0.37623745,0.30757707
1520768066,0.29035467,0.40252918,0.30711612
1521799271,0.45395705,0.4031122,0.14293076
1522423329,0.3322169,0.34063044,0.32715264
1522815986,0.7925442,0.041408695,0.16604719
1524059431,0.34818226,0.45372668,0.19809109
1524348158,0.30992773,0.38381702,0.30625525
1524543158,0.31922805,0.36416644,0.31660554
1524611475,0.08432713,0.5681085,0.34756437
1525517155,0.4769917,0.18355866,0.33944958
1525691491,0.17365135,0.62413466,0.20221399
1526327941,0.3682008,0.43832254,0.19347662
1526969475,0.3871392,0.3090362,0.30382457
1527155920,0.26870158,0.44678432,0.28451407
1527156169,0.15807036,0.58278054,0.25914907
1527192180,0.38494182,0.29867792,0.3163803
1527285751,0.57601607,0.14361048,0.28037345
1527395079,0.22896883,0.5566023,0.21442887
1527471634,0.33934358,0.39824235,0.2624141
1527554219,0.21987252,0.30147463,0.47865283
1529272443,0.22202216,0.54382974,0.23414811
1529604460,0.30671978,0.35675716,0.33652306
1529866973,0.31274217,0.4649816,0.22227618
1530504165,0.6144183,0.15088809,0.23469357
1531039297,0.27460286,0.42054605,0.30485106
1531118601,0.33425876,0.3358824,0.3298588
1531662818,0.17919269,0.34228152,0.47852585
1531899161,0.3444784,0.26401636,0.39150527
1532994835,0.5391227,0.20995857,0.25091878
1533072745,0.6566454,0.08220608,0.26114848
1533598664,0.4381176,0.21342467,0.34845775
1533992469,0.21694957,0.4746413,0.30840915
1534167246,0.24666212,0.32026455,0.43307328
1534402659,0.31794107,0.36082685,0.3212321
1534653188,0.32734346,0.38000786,0.2926487
1535079472,0.16012615,0.43079263,0.40908116
1535147814,0.50987756,0.22700387,0.2631186
1536180227,0.34473178,0.41413677,0.24113144
1536365366,0.41342703,0.26520535,0.3213676
1536704536,0.2933454,0.35935512,0.3472995
1536913543,0.40887943,0.24762423,0.34349632
1537913922,0.7116751,0.068616375,0.21970849
1538192042,0.3654189,0.29163763,0.34294343
1538212165,0.5131882,0.19759256,0.28921926
1539100235,0.73082656,0.064555906,0.20461746
1539430733,0.8022029,0.07533652,0.122460686
1539702339,0.6283024,0.14926416,0.22243343
1539855068,0.29252073,0.35486177,0.35261753
1539956334,0.3473933,0.3163196,0.33628708
1540010313,0.4884847,0.22090863,0.29060665
1540272698,0.6412539,0.16126457,0.19748148
1541217915,0.5161018,0.2457195,0.23817872
1541488452,0.4449614,0.32293075,0.23210791
1541584741,0.1596833,0.6489452,0.19137149
1541722295,0.35230884,0.3084108,0.3392804
1541812836,0.35001975,0.37591016,0.2740701
1542059307,0.9066072,0.020301161,0.07309163
1543074530,0.3799642,0.37356943,0.24646635
1543157848,0.31777516,0.43019536,0.25202942
1543895287,0.3910375,0.30191773,0.3070448
1544873196,0.21385436,0.6145775,0.17156817
1545061118,0.43649685,0.13067919,0.43282393
1545731189,0.3132209,0.29876873,0.3880104
1545927872,0.22616817,0.6151395,0.15869232
1546122676,0.27886987,0.5022464,0.21888372
1546206990,0.6493596,0.11660384,0.23403654
1546577432,0.429442,0.31652144,0.25403652
1546655768,0.436829,0.15041724,0.41275376
1546662619,0.6203024,0.16443652,0.21526109
1548552219,0.43427357,0.24353291,0.3221935
1548902860,0.2745262,0.41491637,0.3105574
1550205100,0.48241526,0.25489816,0.2626866
1550303111,0.11645674,0.669613,0.21393026
1550723982,0.40156195,0.33732256,0.26111552
1550821548,0.25302833,0.31004986,0.43692186
1551177751,0.41713753,0.37334108,0.20952143
1551548454,0.11936938,0.72307944,0.1575512
1551910009,0.23908363,0.5315683,0.22934812
1552549145,0.13229623,0.16213578,0.705568
1552662924,0.3227767,0.39169878,0.28552452
1553519118,0.47463158,0.2353906,0.28997782
1553877406,0.48949358,0.19675486,0.3137515
1554040007,0.33275098,0.41667217,0.25057685
1554123495,0.29002643,0.3637026,0.34627098
1555149570,0.2823461,0.3443894,0.37326455
1556521592,0.17906779,0.54908204,0.27185017
1556795265,0.08799955,0.7396485,0.172352
1556900097,0.29642794,0.2757674,0.42780468
1558191336,0.2397048,0.31262234,0.44767293
1558259444,0.39002153,0.3215115,0.288467
1558571802,0.38534266,0.32581902,0.28883827
1558587124,0.42467815,0.22068715,0.35463473
1558777899,0.393827,0.26544675,0.3407263
1558912027,0.4286397,0.19850011,0.37286016
1558927094,0.28535792,0.30882868,0.40581343
1558951820,0.28047404,0.42710045,0.29242554
1558982800,0.13331005,0.6996639,0.16702609
1559720207,0.34238562,0.25191674,0.4056976
1559913144,0.34391302,0.3303322,0.32575485
1560594781,0.32854968,0.3240866,0.34736368
1560700239,0.16316436,0.3054793,0.5313564
1560799471,0.13606894,0.53971034,0.32422072
1560872156,0.4012531,0.24400304,0.3547438
1561345296,0.19439486,0.44851345,0.35709164
1561349153,0.44539148,0.2344977,0.32011092
1562226463,0.5955062,0.15827605,0.2462178
1562500237,0.28992674,0.30915225,0.400921
1562683773,0.17293288,0.38205236,0.44501483
1562795825,0.14785753,0.5821865,0.26995596
1563145088,0.17039435,0.53058535,0.29902032
1563306175,0.46911058,0.25102162,0.27986783
1564030860,0.5566236,0.14643951,0.29693693
1564270024,0.3797912,0.3839743,0.23623446
1564503224,0.4128613,0.27800724,0.3091315
1564677098,0.19071572,0.6032163,0.206068
1564719155,0.31435558,0.2483788,0.43726563
1564918885,0.37408936,0.18512061,0.4407901
1565296683,0.90550005,0.026558662,0.06794126
1565949492,0.50596225,0.2173939,0.27664387
1566783308,0.3422304,0.37756795,0.2802016
1566954372,0.26557457,0.47950357,0.25492194
1567884189,0.28596047,0.39461705,0.3194225
1568170498,0.20077673,0.5322102,0.26701313
1568646123,0.2878176,0.41246632,0.29971606
1569845106,0.39686862,0.27553347,0.32759792
1570574380,0.619489,0.18773639,0.19277458
1571475596,0.3249422,0.25328743,0.4217704
1571748016,0.25283056,0.37752387,0.36964557
1571869710,0.5544117,0.12963091,0.3159574
1572532364,0.6251273,0.07175977,0.3031129
1573041293,0.21394588,0.63052785,0.15552633
1573212317,0.35714525,0.3193509,0.32350388
1574662905,0.40271786,0.1959496,0.4013326
1574759770,0.46113768,0.24620801,0.2926543
1575052556,0.41784945,0.14795238,0.43419817
1575251701,0.5955038,0.152728,0.25176817
1575555457,0.77655005,0.0705838,0.1528661
1575814848,0.4219857,0.18056053,0.39745373
1575867410,0.7989992,0.058955196,0.14204568
1576617046,0.5343317,0.16201428,0.30365402
1576667106,0.5627068,0.18909484,0.24819832
1576677757,0.35138044,0.39801493,0.25060463
1576832390,0.3347933,0.33222443,0.3329822
1577083695,0.7542631,0.10297461,0.14276232
1578374094,0.24031606,0.38549376,0.3741902
1579331830,0.61504716,0.17434834,0.21060453
1579331845,0.26093987,0.4391192,0.2999409
1579576872,0.30590254,0.3800195,0.314078
1579624624,0.5506787,0.20665556,0.24266581
1580014003,0.79584175,0.09408049,0.11007778
1580414987,0.44940484,0.101236716,0.4493585
1580562923,0.8098957,0.05589122,0.13421312
1580582369,0.4577856,0.37517327,0.16704115
1580970194,0.23589818,0.5725595,0.19154233
1581527303,0.23640391,0.50884616,0.2547499
1581677926,0.45082423,0.3987046,0.1504712
1582090564,0.21366735,0.5374012,0.24893144
1582256615,0.36638296,0.16174209,0.471875
1582902417,0.13396336,0.6189842,0.24705239
1582928543,0.70884955,0.09730805,0.19384238
1583075693,0.37384057,0.33240935,0.29375005
1583128758,0.30315173,0.43293735,0.26391098
1583472637,0.5194576,0.29242483,0.18811761
1583637741,0.6419529,0.14597039,0.21207677
1583752046,0.30392283,0.48707068,0.20900653
1585380248,0.34731513,0.29176623,0.36091858
1586608645,0.34018275,0.32875794,0.3310593
1587107095,0.36755437,0.31864944,0.31379622
1587169170,0.31384858,0.44980884,0.23634261
1587194833,0.30470935,0.44376552,0.25152513
1587433367,0.24892032,0.37548774,0.37559193
1588105720,0.43831137,0.2656587,0.29602993
1588239586,0.5628113,0.21154433,0.22564436
1588393459,0.5437308,0.18153255,0.27473664
1588462653,0.4860422,0.17579736,0.3381605
1588917103,0.38995054,0.26335055,0.3466989
1588948633,0.68293446,0.12070533,0.19636028
1589226234,0.26226315,0.47515044,0.26258636
1589332090,0.587363,0.10422614,0.30841085
1589721142,0.68122125,0.153815,0.16496381
1589888986,0.5574682,0.18667345,0.25585836
1590080958,0.51577955,0.28431895,0.19990149
1590114635,0.48478997,0.19839744,0.31681255
1590208245,0.4154225,0.25308904,0.33148843
1590236491,0.12937462,0.20684926,0.66377616
1591114772,0.33751294,0.33536908,0.32711798
1591287203,0.2039699,0.563929,0.23210108
1591366972,0.4224569,0.20208973,0.37545338
1591413411,0.44146815,0.27281222,0.28571972
1591469791,0.42961195,0.32877082,0.2416172
1591777615,0.3407417,0.2747872,0.3844711
1591924742,0.5230764,0.259533,0.2173906
1592037539,0.8899542,0.007705214,0.1023406
1592475350,0.26606104,0.43019798,0.30374095
1592986657,0.46701086,0.26619187,0.26679733
1593832383,0.14442553,0.66803527,0.1875392
1593997946,0.5508818,0.13816054,0.31095767
1594311609,0.213964,0.56855476,0.21748129
1594444499,0.51801205,0.25776544,0.22422256
1594545725,0.369091,0.36704344,0.26386553
1594831514,0.28668448,0.23803303,0.47528246
1595360794,0.7757938,0.051483765,0.17272244
1596022201,0.572707,0.09026435,0.3370287
1596027091,0.6738902,0.10472082,0.22138904
1596381647,0.7256285,0.050092246,0.22427921
1596685760,0.7339887,0.076417975,0.18959326
1596745329,0.2603551,0.43285745,0.3067874
1596897776,0.22660682,0.56861985,0.20477334
1597955185,0.27864864,0.18099111,0.5403603
1598071968,0.73579663,0.16955526,0.09464806
1598463363,0.14570124,0.68673307,0.16756563
1598528295,0.41838285,0.13348049,0.44813666
1598955966,0.32641378,0.46648917,0.20709704
1599123199,0.1625927,0.4642084,0.3731989
1599267076,0.5394126,0.1585551,0.30203232
1599338338,0.4129951,0.25298923,0.3340156
1600997639,0.5239858,0.20166203,0.2743522
1601310078,0.3719767,0.3083036,0.3197197
1601858576,0.35581645,0.32449645,0.31968704
1601966183,0.512702,0.21247232,0.2748257
1601990898,0.29951325,0.47835922,0.22212747
1602025984,0.30521908,0.42184293,0.27293798
1602242007,0.5461101,0.16219346,0.29169643
1602446510,0.6883177,0.1354361,0.17624609
1602546889,0.35309684,0.3733802,0.27352288
1602730606,0.30737373,0.33470562,0.3579206
1603072180,0.52577215,0.19849037,0.27573752
1603497276,0.28105187,0.36013433,0.3588138
1603505794,0.22601683,0.55410457,0.21987861
1603573542,0.18802491,0.605377,0.20659809
1603683361,0.26156962,0.3083981,0.43003225
1603768828,0.17205827,0.6180277,0.20991404
1603870571,0.22343774,0.47042492,0.30613732
1605077531,0.20724769,0.55692697,0.23582534
1605475658,0.4466807,0.2286186,0.32470077
1605698283,0.22281921,0.21660846,0.5605723
1605905924,0.32615632,0.3395642,0.33427945
1605996051,0.6993136,0.12176416,0.1789222
1606003020,0.16466466,0.6154469,0.21988846
1606083607,0.30396283,0.4215216,0.2745156
1606296406,0.28802916,0.28103328,0.4309375
1606395278,0.2008325,0.11061241,0.688555
1606407543,0.5294934,0.19415277,0.27635384
1606738061,0.3457274,0.43779275,0.21647981
1606954938,0.3617783,0.4117023,0.22651938
1607191102,0.6454878,0.1597865,0.19472575
1607248697,0.16722222,0.61345524,0.21932253
1607875755,0.37809372,0.32880044,0.2931059
1608032905,0.15197234,0.6562613,0.19176632
1608906901,0.19691756,0.6227187,0.18036376
1609089622,0.12265155,0.6960502,0.18129827
1610043516,0.4159,0.2942505,0.2898495
1610205099,0.5106015,0.20943396,0.27996454
1610231338,0.20601024,0.501332,0.29265776
1610365006,0.22223195,0.5340322,0.24373579
1610774104,0.24367759,0.33250412,0.42381823
1610872536,0.31330726,0.29744548,0.38924727
1610968410,0.32864124,0.44380906,0.22754972
1611402474,0.06469259,0.21827537,0.717032
1612091231,0.55560935,0.09570761,0.34868303
1612433188,0.20244245,0.29346812,0.5040895
1612488724,0.33579215,0.24978532,0.41442257
1612875011,0.96029085,0.0060535558,0.03365554
1613737445,0.32803982,0.42517278,0.24678741
1614354108,0.2770698,0.37513727,0.34779292
1614557080,0.6197034,0.08384211,0.2964545
1615087207,0.29150733,0.41241023,0.2960824
1615296273,0.56072587,0.21578968,0.22348441
1615783648,0.45223543,0.2766703,0.27109426
1615956280,0.34297842,0.46368587,0.19333577
1616262993,0.4533774,0.28214693,0.26447558
1616322521,0.19808285,0.2701696,0.53174746
1616390305,0.58144295,0.1106863,0.30787078
1616544667,0.4361993,0.27309448,0.29070622
1616715686,0.34319067,0.35867372,0.29813558
1618329558,0.39984357,0.25204837,0.34810805
1618763092,0.53112334,0.23260461,0.23627202
1618809025,0.41001067,0.27335665,0.3166327
1619102855,0.7432146,0.10334788,0.15343757
1619320065,0.2700312,0.5286464,0.20132233
1620143181,0.45520145,0.24654502,0.2982535
1620268752,0.5270214,0.23846239,0.23451617
1620276284,0.60081106,0.11513632,0.2840526
1620414224,0.4334949,0.23402637,0.33247876
1620814709,0.30539694,0.26180816,0.43279484
1620990590,0.2308243,0.51786524,0.25131044
1621068592,0.82970804,0.015348069,0.15494387
1621287312,0.20625094,0.25429368,0.53945535
1621786615,0.56028765,0.18272705,0.25698528
1622313624,0.3326534,0.34916133,0.3181853
1623001652,0.078268,0.7684077,0.1533243
1623011038,0.5404463,0.1924739,0.26707986
1623478562,0.103781804,0.7816318,0.11458637
1623658908,0.25482714,0.44103095,0.3041419
1624270527,0.37176326,0.24947287,0.37876385
1624294480,0.22110571,0.45451614,0.3243781
1624346643,0.48572838,0.30199435,0.21227726
1624372771,0.48131907,0.23552866,0.2831522
1624567981,0.06674811,0.8328144,0.10043753
1625062895,0.193256,0.18027812,0.62646586
1626650461,0.5887556,0.21035315,0.20089126
1626681340,0.5520041,0.18744285,0.26055303
1626787875,0.19377707,0.42352435,0.3826986
1626950757,0.34505084,0.31723642,0.33771276
1628658023,0.6915516,0.123682536,0.18476576
1628982727,0.35207933,0.31382486,0.33409584
1629612058,0.65331626,0.17681979,0.16986403
1630176001,0.15925509,0.56381047,0.27693447
1630242303,0.0853207,0.73378235,0.18089694
1630685162,0.26589927,0.4069875,0.3271132
1630744222,0.43415236,0.2560315,0.30981612
1631688231,0.54956263,0.16746925,0.2829681
1631736828,0.31405708,0.30165976,0.38428313
1631877069,0.28364897,0.2929461,0.423405
1631879974,0.24085948,0.5703508,0.1887897
1632391908,0.40359193,0.20813937,0.3882687
1632801516,0.22075514,0.47448134,0.30476353
1633992539,0.3487198,0.36467546,0.2866048
1634013642,0.3440501,0.24419008,0.41175985
1634533328,0.52158225,0.20114146,0.27727634
1634930691,0.5602295,0.08399516,0.35577542
1635053961,0.44480208,0.28142437,0.2737735
1635118542,0.24760889,0.51151174,0.24087942
1635128471,0.2634618,0.4978909,0.23864734
1635206642,0.32694596,0.4273839,0.24567015
1635646242,0.26771665,0.48928595,0.24299738
1636172063,0.26377916,0.49949965,0.23672123
1636235993,0.23151839,0.57790494,0.1905767
1636328074,0.39409128,0.29933995,0.3065687
1636380589,0.6766153,0.12209622,0.2012885
1636986956,0.45238248,0.20413662,0.34348089
1637144335,0.47221145,0.27310267,0.25468585
1638126002,0.13080266,0.7123761,0.15682122
1638552680,0.55089283,0.18959543,0.2595117
1638709941,0.26643184,0.55628306,0.17728509
1638951002,0.458009,0.18244374,0.35954723
1639243060,0.37321755,0.31693408,0.30984837
1639275309,0.10130531,0.75693697,0.14175771
1639464536,0.28283358,0.2994806,0.4176858
1640253668,0.37719125,0.30750906,0.31529972
1640690923,0.4884923,0.27072716,0.24078049
1640872488,0.21976759,0.5117679,0.26846454
1641028392,0.30065766,0.4848133,0.21452902
1641318958,0.5550296,0.122796275,0.32217413
1641645273,0.29344988,0.42927295,0.2772772
1641829791,0.1710979,0.3326051,0.49629697
1641935848,0.25226218,0.54404926,0.20368856
1642193750,0.27322912,0.40070522,0.32606563
1642354775,0.42487252,0.27521673,0.2999108
1642598639,0.3927671,0.19309081,0.4141421
1642641931,0.49024022,0.2525871,0.25717264
1642688813,0.54998183,0.1810524,0.26896578
1643484773,0.34182626,0.18741204,0.47076175
1643825719,0.48156634,0.279291,0.23914264
1644007534,0.120800935,0.6339965,0.24520254
1644011137,0.6886508,0.13636144,0.17498781
1644112296,0.5294534,0.20440556,0.26614103
1644386354,0.11025046,0.7404259,0.14932363
1644615318,0.41643643,0.33283868,0.25072485
1644961529,0.2654528,0.49562466,0.23892248
1645099022,0.34106326,0.2805034,0.3784333
1645707647,0.2637148,0.5596051,0.17668012
1646666396,0.14733472,0.66992015,0.18274513
1647221496,0.16060495,0.47792694,0.36146805
1647743315,0.21494304,0.33179253,0.4532645
1647979205,0.403559,0.30763,0.28881106
1648261975,0.5353181,0.18139169,0.28329024
1648795672,0.3051086,0.4228057,0.2720857
1649027546,0.33376905,0.23741174,0.42881915
1649419005,0.58309877,0.35429505,0.06260617
1649419811,0.86887187,0.043729037,0.087399125
1649475434,0.56139153,0.06888911,0.36971936
1649645620,0.33844954,0.4055442,0.2560063
1649785633,0.14601794,0.5927628,0.26121926
1650117310,0.28860644,0.42504436,0.2863492
1651951271,0.20667043,0.55576015,0.23756939
1653433752,0.28816006,0.31983137,0.39200857
1653835720,0.3447257,0.21889235,0.4363819
1654888257,0.6012755,0.19312763,0.20559688
1655561531,0.0975847,0.6763124,0.22610292
1656528167,0.40339932,0.30701336,0.28958735
1656813360,0.43962666,0.28459078,0.2757825
1657335830,0.3480122,0.40564534,0.24634247
1657791259,0.08334434,0.74575055,0.17090513
1657808253,0.2548081,0.5218528,0.22333911
1658483063,0.42054108,0.30727103,0.2721879
1658546420,0.20170459,0.52991843,0.26837695
1658621707,0.0729045,0.2546603,0.6724352
1658687754,0.457901,0.26012743,0.28197154
1658789068,0.59258926,0.15586051,0.25155017
1658792732,0.44420934,0.21000715,0.3457835
1658941768,0.3746241,0.17024687,0.455129
1659134652,0.14278756,0.65583473,0.2013777
1659275860,0.33620235,0.445278,0.21851966
1660268686,0.5026957,0.3645861,0.1327183
1660841661,0.32164684,0.30716193,0.37119126
1661185087,0.4889619,0.19276153,0.31827658
1661204994,0.6431928,0.1425124,0.21429485
1661524368,0.29581136,0.392623,0.31156564
1661644518,0.32704183,0.31483793,0.35812026
1661766548,0.31874046,0.13083191,0.5504276
1661907067,0.30391768,0.41466293,0.28141943
1662385511,0.5765631,0.17592552,0.24751134
1662765253,0.5069023,0.2300936,0.26300412
1662909424,0.19433817,0.5254066,0.28025526
1662978733,0.19910315,0.5800843,0.22081253
1663299127,0.51362497,0.21204004,0.274335
1664008977,0.7998081,0.06579352,0.13439836
1665848614,0.18268795,0.61697793,0.20033413
1666516973,0.15756385,0.2515907,0.59084547
1667407429,0.4413749,0.29697967,0.26164544
1668140157,0.4315155,0.16309491,0.40538964
1668392464,0.39664358,0.20859198,0.39476445
1668617250,0.41759264,0.38904873,0.19335856
1668827988,0.45893753,0.20948216,0.3315803
1668953590,0.24876131,0.26345277,0.48778588
1669416484,0.3570514,0.26887345,0.37407514
1669423776,0.4199972,0.32911497,0.25088787
1669455624,0.5658676,0.19111647,0.24301597
1669646156,0.5843829,0.26664326,0.14897381
1670946045,0.4520561,0.25993085,0.28801304
1671045684,0.30046833,0.39817533,0.30135632
1671802062,0.13645272,0.38269174,0.48085546
1672198421,0.22603126,0.52622974,0.24773899
1672491713,0.33753356,0.30584812,0.35661834
1672567438,0.27275407,0.40570885,0.32153705
1672741985,0.48816797,0.1749267,0.3369053
1673324865,0.43075335,0.21126205,0.35798463
1674005311,0.43753543,0.31422207,0.24824245
1674026797,0.43310997,0.37919825,0.18769181
1674036589,0.3489481,0.29874918,0.3523027
1674118767,0.21248898,0.3740021,0.41350895
1674142701,0.5883137,0.13434862,0.27733773
1674209836,0.28955996,0.43832475,0.27211535
1674325162,0.2229218,0.5029298,0.2741484
1674444560,0.32476324,0.3004,0.37483677
1674741971,0.28228635,0.39754093,0.3201728
1674752413,0.26737136,0.4575347,0.27509394
1674884847,0.46995234,0.26333538,0.26671228
1675075229,0.3296196,0.2687744,0.401606
1675149454,0.19373234,0.30249253,0.5037751
1675969735,0.50023365,0.1911999,0.30856642
1676262995,0.15448068,0.5949987,0.25052062
1676572337,0.3985479,0.32305017,0.27840188
1677176783,0.29479757,0.30209088,0.4031115
1677242997,0.25923437,0.39209858,0.34866706
1678305776,0.29793492,0.3475247,0.35454038
1678540854,0.2663944,0.4334644,0.3001412
1678643448,0.53021777,0.1997405,0.27004173
1679886909,0.4786514,0.25406203,0.2672866
1680260847,0.18504749,0.40045246,0.4145
1681094675,0.264137,0.33152875,0.4043343
1681429236,0.35797453,0.32569823,0.31632724
1681881453,0.2902762,0.40226743,0.30745634
1681896853,0.41261235,0.28167644,0.30571118
1683964124,0.45889872,0.2920128,0.24908845
1684710989,0.18124002,0.5862052,0.23255478
1684712957,0.33918437,0.33112124,0.3296944
1685151491,0.09128338,0.6618212,0.24689545
1685474310,0.4447938,0.26670158,0.28850463
1686782003,0.5924496,0.19547892,0.21207148
1687308591,0.41470206,0.3500613,0.23523663
1687324183,0.29342937,0.21086946,0.49570122
1687703522,0.22473322,0.44857562,0.32669118
1687851394,0.46485785,0.2635094,0.27163276
1687961168,0.39334238,0.27942765,0.32722995
1689026321,0.32473695,0.40900844,0.2662546
1689111044,0.67842466,0.1290338,0.19254151
1689113901,0.49531567,0.29974928,0.20493507
1689843164,0.20781125,0.4144731,0.37771562
1690490188,0.5885661,0.19443855,0.21699534
1690603264,0.39264897,0.30099368,0.30635738
1690796873,0.28561974,0.43895707,0.27542326
1691173071,0.7608917,0.101233415,0.13787484
1691696486,0.40332684,0.37232083,0.2243523
1691822487,0.28584975,0.35329732,0.36085293
1691993974,0.45541957,0.3079625,0.23661792
1691995928,0.121864244,0.7162283,0.16190743
1692147442,0.25888884,0.32661068,0.41450045
1692512857,0.33213827,0.3767981,0.29106364
1693157430,0.33533964,0.33606675,0.3285936
1693544479,0.2747123,0.4897377,0.23555003
1694231004,0.4424807,0.28937656,0.26814264
1694748446,0.26427186,0.4088312,0.32689697
1694852609,0.37204015,0.2972893,0.3306705
1694893412,0.34304968,0.31739134,0.339559
1695336100,0.09423549,0.68817955,0.21758495
1695378735,0.27187896,0.42022887,0.30789217
1695645555,0.40655962,0.2682619,0.32517844
1696551148,0.44070596,0.3153946,0.24389946
1696786782,0.43314123,0.28623888,0.28061995
1696896205,0.62566835,0.14155102,0.23278064
1696953885,0.34628588,0.39429194,0.2594222
1697004492,0.6815883,0.14578974,0.17262189
1697804885,0.122214966,0.27284545,0.6049396
1698118763,0.31904846,0.39905524,0.28189626
1698179769,0.42533955,0.27335328,0.30130723
1698355940,0.47141308,0.25935608,0.26923084
1698393049,0.33878958,0.23947115,0.42173922
1698531514,0.1032287,0.73228425,0.16448705
1699607344,0.53182346,0.20608817,0.26208836
1699909980,0.20906243,0.5600999,0.23083766
1700540254,0.36927947,0.3982029,0.23251763
1701382450,0.29246908,0.34595257,0.36157838
1701400238,0.3486481,0.3317067,0.3196452
1701429124,0.28589493,0.33385506,0.38025
1701833100,0.23314014,0.48339468,0.28346518
1701869418,0.3692342,0.2796903,0.35107553
1701869469,0.43182272,0.27897537,0.2892019
1702236031,0.7187387,0.13005628,0.15120508
1702253932,0.681801,0.11171981,0.20647916
1702458599,0.21439324,0.4880505,0.2975562
1702781517,0.36756667,0.40102777,0.23140556
1703202880,0.58949476,0.10053258,0.3099727
1703579951,0.47555318,0.2797395,0.24470727
1703791790,0.4417106,0.16171399,0.39657545
1704968274,0.3649808,0.3899123,0.24510686
1705517008,0.81709063,0.069255315,0.11365403
1705717796,0.28186202,0.38069326,0.33744472
1705759496,0.20248236,0.5578028,0.23971485
1706106815,0.25187123,0.42459622,0.32353252
1706225713,0.12625155,0.661479,0.21226951
1707452320,0.66035664,0.1680136,0.17162976
1707559411,0.030945588,0.020520547,0.9485339
1707809334,0.46392694,0.19159327,0.34447983
1708750130,0.17673849,0.6069174,0.21634418
1708751795,0.2990011,0.47246864,0.22853027
1709009838,0.45352796,0.17953199,0.36694002
1709201081,0.32778808,0.4654089,0.20680304
1709331184,0.5546946,0.20507036,0.24023506
1709833562,0.4717583,0.22873443,0.29950723
1710357115,0.41486576,0.13114876,0.45398545
1710374387,0.3847091,0.30379933,0.31149152
1711165180,0.25802857,0.43654206,0.30542937
1711449809,0.5433123,0.23953745,0.21715026
1711705347,0.44514468,0.27088073,0.28397462
1712092208,0.23091333,0.54664946,0.22243719
1712211949,0.29595807,0.30062917,0.40341273
1712358857,0.63100374,0.17303805,0.19595821
1712459088,0.33640066,0.36417425,0.2994251
1713618786,0.3046188,0.37329513,0.3220861
1713918922,0.3857337,0.41867682,0.19558948
1714469710,0.62130845,0.13440688,0.24428464
1714480516,0.4086206,0.2516895,0.33968994
1714625142,0.9071905,0.01283009,0.07997951
1715034145,0.37905398,0.3806936,0.24025245
1715901933,0.22602119,0.31841123,0.45556763
1715939092,0.20656218,0.5011798,0.29225805
1716701012,0.8795187,0.029937165,0.09054418
1716878448,0.49478227,0.24789172,0.257326
1717499706,0.6136255,0.1741968,0.21217766
1718196048,0.33761188,0.39590433,0.2664838
1718393889,0.5969507,0.21256235,0.19048697
1718442063,0.022483781,0.030977856,0.94653845
1718492494,0.15888454,0.6218702,0.21924518
1719190274,0.36303586,0.30791873,0.3290454
1719553749,0.43436366,0.27752504,0.2881113
1720732200,0.79410547,0.063521974,0.14237252
1721124299,0.1652558,0.5923813,0.24236292
1721485134,0.4935072,0.22605,0.2804428
1721531304,0.5253328,0.23719981,0.2374674
1721790205,0.34411308,0.3889332,0.26695374
1723780952,0.41843107,0.2864392,0.29512972
1724724907,0.4236661,0.3471028,0.22923113
1724736940,0.5834155,0.15310791,0.26347655
1725662863,0.23906356,0.5158087,0.24512775
1725975147,0.6460183,0.1581802,0.19580148
1726028627,0.22106865,0.22492684,0.55400443
1726233067,0.25613332,0.20104691,0.5428198
1726238362,0.45838615,0.21691912,0.32469478
1726608997,0.43910724,0.35886988,0.20202297
1726669132,0.4011218,0.30210528,0.2967729
1726803987,0.24337062,0.23501949,0.5216099
1727003714,0.4528478,0.24936688,0.29778528
1727117026,0.4177108,0.33551073,0.24677852
1727544159,0.20624198,0.61388576,0.17987226
1729197804,0.6119473,0.15819287,0.22985978
1729505410,0.14472617,0.6713166,0.18395723
1729972900,0.15575236,0.5338338,0.31041384
1730227863,0.2738059,0.45306,0.2731341
1730282689,0.45257536,0.27458477,0.2728399
1730316708,0.23859337,0.5100624,0.2513442
1730503979,0.32189432,0.34406975,0.33403593
1731367518,0.42035788,0.26780927,0.31183282
1731847910,0.4901583,0.2647197,0.24512197
1731942510,0.739713,0.12624384,0.13404317
1732077490,0.56492954,0.1786248,0.2564457
1732292935,0.0934807,0.76501095,0.14150842
1733550244,0.121196516,0.74267054,0.13613293
1734221711,0.44509035,0.28559744,0.2693122
1735024514,0.27698565,0.47568035,0.24733405
1735279981,0.39364064,0.29698068,0.30937862
1735391902,0.31189293,0.3943746,0.29373246
1735988940,0.7458207,0.09715909,0.15702017
1736020897,0.7249268,0.097342886,0.17773029
1736324458,0.43518206,0.25806957,0.3067483
1738348760,0.31448781,0.5360921,0.1494201
1739200962,0.27922,0.11863962,0.60214037
1739216143,0.22155938,0.41527113,0.36316946
1739226511,0.6153864,0.15982065,0.22479291
1739421378,0.23493235,0.4325821,0.3324855
1739431180,0.31133583,0.436438,0.2522262
1740242588,0.28714746,0.32977292,0.38307968
1740488468,0.6989476,0.13230118,0.16875121
1740846676,0.3483117,0.322354,0.3293343
1741842995,0.33819327,0.31839013,0.34341654
1742397502,0.40638638,0.3139262,0.27968737
1742700921,0.33376175,0.4069309,0.25930735
1742973325,0.5570535,0.21472876,0.22821772
1743498555,0.57971925,0.18125075,0.23903
1743616057,0.96670824,0.003787058,0.029504707
1743997133,0.2891122,0.4344593,0.27642855
1744275624,0.5296684,0.17727205,0.2930596
1744290588,0.1739914,0.62944835,0.19656022
1745364303,0.34989014,0.3057915,0.34431833
1745404445,0.41416916,0.15560928,0.43022153
1745502944,0.48929867,0.24744898,0.2632523
1745912669,0.169423,0.5427104,0.2878666
1746524880,0.018238539,0.89935887,0.082402594
1746632869,0.49345663,0.25305983,0.2534835
1746715166,0.4065439,0.15117376,0.44228232
1747019545,0.2961481,0.45682257,0.24702935
1747060223,0.51779526,0.23432592,0.24787883
1747212833,0.3945109,0.291043,0.3144461
1747781204,0.55472356,0.28354436,0.16173208
1748178046,0.34179518,0.39872807,0.25947675
1748578389,0.24797238,0.42588866,0.326139
1749433064,0.26348808,0.44905865,0.28745323
1750477058,0.36644208,0.26518,0.36837795
1751016912,0.30942369,0.41576725,0.27480906
1751174384,0.3283626,0.40405974,0.26757765
1751301693,0.55051696,0.22011945,0.22936364
1751428213,0.6910583,0.11515675,0.19378492
1751469307,0.52064323,0.23687625,0.24248055
1752008067,0.3339506,0.38245595,0.2835935
1752433274,0.42295054,0.27720276,0.29984665
1752518483,0.59615916,0.15899272,0.24484807
1752594608,0.048084814,0.53338176,0.41853347
1752775926,0.32539955,0.124360435,0.55024
1753813509,0.27908882,0.46215597,0.25875515
1753831633,0.2337292,0.56005484,0.206216
1754058826,0.25382122,0.317094,0.4290848
1754235471,0.2546911,0.37467247,0.3706364
1754554906,0.45923266,0.20726414,0.33350316
1755061975,0.39624435,0.30369753,0.30005813
1755517259,0.38526595,0.22543372,0.38930038
1755580987,0.20734161,0.17534646,0.61731195
1755634810,0.25926644,0.50792223,0.23281132
1755825938,0.31472522,0.2915957,0.39367905
1756377209,0.4258078,0.23401347,0.3401787
1757003473,0.32344726,0.34354693,0.33300582
1757101493,0.5704351,0.1438089,0.28575602
1757534368,0.33753982,0.38744313,0.27501705
1758513915,0.5068258,0.19882423,0.29434997
1758661122,0.6627525,0.14652696,0.19072051
1759176115,0.12085575,0.74542105,0.13372314
1760220395,0.22048654,0.547364,0.23214945
1761278802,0.23698415,0.48308328,0.27993256
1761465961,0.21571785,0.44260594,0.34167615
1761770990,0.28251004,0.34210867,0.37538135
1761903056,0.17211273,0.66159695,0.16629033
1762166855,0.28395182,0.38129818,0.33475
1762179255,0.47528714,0.23844163,0.28627124
1762532067,0.46708727,0.24540848,0.2875042
1762544024,0.4021346,0.29122454,0.30664092
1762652827,0.3308201,0.39263734,0.27654257
1763381260,0.3527204,0.35492912,0.29235044
1763994858,0.21980146,0.4683857,0.3118129
1764087102,0.3444281,0.2972581,0.35831377
1764711169,0.054619454,0.77420574,0.17117484
1764788149,0.27911893,0.21182491,0.50905615
1765976880,0.30352286,0.4445165,0.25196064
1766431844,0.8643478,0.038649593,0.09700265
1766523746,0.50030875,0.2392253,0.26046595
1766550786,0.24805991,0.45603168,0.29590836
1767825762,0.25970885,0.41469622,0.32559496
1767934450,0.075567976,0.019734366,0.90469766
1769377660,0.3108933,0.17884529,0.5102614
1769447174,0.32316032,0.24735938,0.42948022
1769769269,0.7404242,0.08408256,0.17549323
1769960079,0.3551563,0.35803485,0.28680888
1770205446,0.3417237,0.33718142,0.32109484
1770277986,0.0631437,0.8334108,0.10344557
1770350850,0.51090974,0.20118754,0.28790268
1770927891,0.287666,0.27593723,0.4363968
1770982546,0.89128643,0.026817754,0.081895806
1771265247,0.20498878,0.51055676,0.28445444
1772376754,0.34310222,0.3285819,0.32831588
1772401101,0.48323312,0.20396608,0.31280077
1772507594,0.23937225,0.4585964,0.3020313
1772561108,0.5537231,0.19284144,0.25343552
1772866012,0.37301496,0.34576136,0.2812237
1773367328,0.70117897,0.118090466,0.18073055
1773674906,0.49663088,0.18895394,0.31441513
1774005540,0.36616632,0.23466946,0.39916423
1774130976,0.48323333,0.25696957,0.2597971
1774602599,0.17594327,0.5908892,0.23316757
1775130281,0.47823456,0.26132047,0.26044497
1775421556,0.50647056,0.25152168,0.24200778
1775482394,0.48046347,0.24045563,0.27908087
1775500186,0.31441197,0.3852168,0.3003713
1775909064,0.2992033,0.33103216,0.3697646
1776218371,0.36741737,0.3043444,0.32823822
1776831865,0.47171947,0.25165787,0.2766227
1777463648,0.28998837,0.40126023,0.3087514
1778024720,0.4414015,0.34881693,0.2097816
1778621296,0.2343245,0.55629003,0.20938542
1778676178,0.48355436,0.25737578,0.25906983
1779006905,0.30996832,0.35853794,0.33149374
1779654536,0.36155915,0.3610995,0.27734134
1780398222,0.28939772,0.45797035,0.2526319
1780885331,0.27015707,0.37323204,0.35661092
1780999606,0.21001537,0.5664068,0.22357786
1782822354,0.6618312,0.15875264,0.17941616
1783300540,0.23158963,0.49348336,0.274927
1783684063,0.28751224,0.28472704,0.4277607
1784217052,0.28947848,0.33531514,0.37520635
1784669181,0.26620468,0.4628123,0.27098304
1784954473,0.4669054,0.30686727,0.22622736
1785564736,0.549375,0.20440826,0.24621674
1785657638,0.15408832,0.6362899,0.20962177
1786049557,0.6463204,0.019150306,0.3345293
1787460094,0.6473925,0.117052525,0.23555489
1787649523,0.70488465,0.10662179,0.18849356
1788323141,0.30394047,0.3962937,0.29976583
1788506108,0.5076969,0.16157058,0.3307325
1788948997,0.12781514,0.5233836,0.3488013
1789333187,0.5521325,0.227544,0.22032352
1789482639,0.77506447,0.08343907,0.14149652
1789556888,0.36728522,0.30833226,0.32438254
1789894210,0.27784142,0.39901155,0.32314703
1790510063,0.023915589,0.88116777,0.09491664
1790771359,0.2150889,0.34570026,0.43921083
1790953968,0.77093405,0.07917841,0.14988752
1791122089,0.3509778,0.34868845,0.3003338
1791136776,0.2624488,0.33839124,0.39916003
1791218030,0.60169274,0.14156601,0.25674126
1791700068,0.46424395,0.26056296,0.27519304
1791974108,0.41179585,0.18542692,0.40277717
1793321345,0.37683037,0.15227586,0.47089377
1793434078,0.821084,0.08713134,0.09178464
1793447422,0.56117773,0.2720646,0.16675764
1794184502,0.6123751,0.1763774,0.2112475
1794410424,0.3014604,0.32723272,0.3713068
1795305669,0.50773495,0.23558159,0.2566834
1795477419,0.23415947,0.36121204,0.40462852
1795524093,0.39403945,0.30301815,0.30294243
1795641663,0.2467452,0.4585584,0.29469636
1796011465,0.19323702,0.5898558,0.21690722
1796371207,0.74923915,0.07084656,0.17991428
1796844946,0.4066897,0.35030186,0.2430084
1797402617,0.48777696,0.12552391,0.38669908
1797554060,0.5702851,0.21741252,0.21230242
1797671239,0.1845919,0.641011,0.17439705
1797774643,0.37604603,0.37876475,0.24518923
1798234253,0.44847426,0.1786963,0.3728294
1798258535,0.5086697,0.2649537,0.22637667
1798923415,0.38412535,0.18932328,0.42655134
1799294275,0.34124035,0.19883095,0.4599287
1799585493,0.34906968,0.18515304,0.46577725
1799741625,0.107531026,0.73699385,0.15547511
1800602479,0.35326284,0.30308178,0.34365538
1801562345,0.25686738,0.32002035,0.42311224
1801856113,0.43708465,0.38493055,0.17798482
1802037856,0.36387044,0.19345221,0.44267744
1802105104,0.5537168,0.14787088,0.29841235
1802168950,0.27093592,0.23367038,0.49539372
1802186582,0.586118,0.14439799,0.26948398
1802218093,0.32270697,0.12637338,0.55091965
1802700996,0.3531357,0.3428431,0.30402127
1802768227,0.26726738,0.44824964,0.28448296
1803000766,0.44023952,0.30212766,0.25763282
1803108102,0.72207713,0.10699132,0.17093156
1803188221,0.1975884,0.34173536,0.46067625
1803206667,0.16082497,0.59223825,0.24693678
1803554706,0.35623294,0.32276744,0.32099965
1804006730,0.32006297,0.3991307,0.28080633
1804225791,0.31481808,0.4360182,0.24916379
1804227876,0.3017022,0.39534152,0.30295625
1804276960,0.26873693,0.30970833,0.42155468
1804464905,0.27732757,0.44326672,0.27940574
1805127647,0.2770517,0.48380613,0.2391421
1805140932,0.23507994,0.32555178,0.4393683
1805429516,0.2866267,0.44634306,0.26703027
1805673435,0.9692535,0.0020318816,0.028714616
1806180897,0.32695934,0.34318858,0.32985204
1806472045,0.17644776,0.61065,0.21290222
1806483375,0.49637467,0.215419,0.28820634
1807015390,0.1119986,0.17348263,0.7145188
1807182097,0.6137355,0.18185255,0.20441195
1808177001,0.18702893,0.41966236,0.39330873
1808653992,0.3063191,0.39598376,0.29769713
1809354546,0.31416383,0.22757931,0.45825684
1809785983,0.27177927,0.38666177,0.341559
1809875162,0.299763,0.4677856,0.23245144
1810155202,0.32426074,0.25216392,0.42357534
1810646243,0.08837606,0.7701222,0.14150178
1811388707,0.23082162,0.5221862,0.24699214
1812253143,0.557413,0.20706013,0.2355269
1812612759,0.41445437,0.28896987,0.29657578
1812631745,0.24912803,0.11232073,0.6385513
1812998541,0.26298407,0.48678645,0.25022945
1813026885,0.2500858,0.466454,0.28346023
1813173049,0.40618885,0.2873579,0.30645326
1813422541,0.44450605,0.34303766,0.21245629
1813622491,0.5360435,0.19777766,0.26617882
1814953331,0.19073476,0.5892812,0.21998398
1815032485,0.71962017,0.097283624,0.18309617
1815034985,0.5358585,0.22840409,0.2357374
1815235731,0.43537062,0.28473055,0.27989882
1815297323,0.55671704,0.21891056,0.22437237
1815578015,0.35232258,0.32947803,0.31819943
1816153712,0.5912686,0.17798057,0.2307508
1816561782,0.32134694,0.38289613,0.29575694
1817421803,0.3621594,0.25336367,0.38447696
1817428113,0.05064324,0.13752106,0.8118357
1817476398,0.3315612,0.33450863,0.33393016
1817505718,0.2157897,0.5539371,0.23027325
1817914721,0.25190505,0.24511983,0.50297517
1818110155,0.46192276,0.09816072,0.43991652
1818543222,0.22971222,0.5350739,0.23521386
1819269834,0.53851795,0.23935209,0.22212997
1819373590,0.13626392,0.16670956,0.6970265
1819389383,0.37164456,0.34156024,0.28679523
1820012640,0.37824404,0.22769563,0.39406028
1820217208,0.5553576,0.2132645,0.23137793
1820879029,0.15490569,0.436917,0.4081773
1821022702,0.14165887,0.6075808,0.2507604
1821037238,0.065608926,0.59767556,0.33671552
1821419717,0.23873839,0.5769433,0.18431827
1822075736,0.18505284,0.55087125,0.2640759
1822532015,0.42529935,0.281249,0.29345164
1822755889,0.84740794,0.05551996,0.09707214
1822981529,0.49314272,0.25896928,0.2478881
1824002166,0.2896213,0.48164928,0.22872944
1824256736,0.5340924,0.20770915,0.25819844
1824478791,0.17405039,0.16694045,0.6590092
1824673763,0.45242894,0.30193532,0.24563576
1825243803,0.37548345,0.36279297,0.26172364
1825579435,0.52951455,0.18236114,0.2881243
1825608662,0.36155748,0.36874956,0.26969293
1825787332,0.30222693,0.19630787,0.50146526
1825990535,0.24422531,0.30135643,0.45441824
1826562754,0.47558242,0.23532344,0.28909412
1827076732,0.44842446,0.19739033,0.35418522
1827179908,0.15892597,0.5402425,0.30083156
1827186646,0.2940763,0.5241835,0.18174024
1827521100,0.6647804,0.14407915,0.19114044
1828236191,0.44872275,0.1467894,0.40448782
1828455979,0.65420437,0.09487636,0.25091928
1828953299,0.30244365,0.27788743,0.41966888
1829327877,0.56224066,0.24217385,0.19558547
1829631841,0.512938,0.31202003,0.17504196
1829634011,0.32582986,0.33376646,0.34040368
1829724349,0.7761146,0.11015075,0.11373464
1829934430,0.31703657,0.28732443,0.39563903
1830481520,0.37200594,0.358952,0.26904204
1830721550,0.15841167,0.49844742,0.34314093
1830870543,0.6214193,0.15395671,0.22462392
1831189292,0.38759303,0.17142718,0.44097972
1831515884,0.30481857,0.4160916,0.2790898
1831645067,0.6704734,0.083443135,0.24608347
1831920956,0.43842232,0.28402624,0.27755138
1833595232,0.4736364,0.2786807,0.24768294
1833854449,0.4327528,0.2081293,0.35911795
1834065799,0.19918296,0.5297211,0.27109593
1834487358,0.4917621,0.24543007,0.26280773
1836271539,0.7573189,0.07547416,0.16720691
1836325564,0.4049373,0.28967404,0.3053887
1837117878,0.41154498,0.21290568,0.37554935
1837331696,0.29352415,0.29136747,0.41510832
1837762732,0.14204812,0.650633,0.20731886
1837762775,0.28123844,0.39893898,0.31982255
1838033308,0.6791775,0.078026414,0.24279605
1838070745,0.21873969,0.5142099,0.2670504
1838534554,0.36270416,0.3156162,0.32167965
1838678344,0.37057877,0.31134742,0.31807375
1840198621,0.18931474,0.14631917,0.66436607
1840202119,0.51265925,0.25015226,0.23718849
1840479821,0.21305121,0.32103074,0.46591806
1840674434,0.54009134,0.16182443,0.29808426
1841063476,0.40427002,0.29841486,0.2973151
1841913603,0.18102911,0.55589426,0.26307666
1843310883,0.125839,0.6514595,0.22270149
1843614249,0.43839666,0.2682611,0.29334223
1844522373,0.7714513,0.08108078,0.14746796
1844807561,0.4098647,0.1748656,0.41526973
1845786735,0.122753315,0.7503656,0.12688106
1846924347,0.32480183,0.29858303,0.37661517
1847079349,0.32859704,0.31789985,0.3535032
1847122214,0.11547383,0.6355671,0.24895906
1847613432,0.5369771,0.1487561,0.3142668
1847763790,0.3582604,0.2823887,0.35935095
1847807284,0.62198126,0.29496112,0.083057635
1848135285,0.22799122,0.5018723,0.2701365
1849091883,0.31418404,0.14362869,0.5421873
1849252562,0.39730883,0.27913767,0.3235535
1849493893,0.1738398,0.64001346,0.18614677
1850619834,0.25687727,0.36741483,0.37570792
1851124946,0.21252993,0.49434888,0.29312116
1851209061,0.54079765,0.22667153,0.2325308
1851436430,0.2219734,0.5047704,0.27325615
1851833960,0.30295646,0.49939668,0.19764677
1851912975,0.38994962,0.19112547,0.4189249
1851927793,0.4347359,0.22310306,0.34216103
1851931273,0.14034927,0.1701702,0.68948054
1852385839,0.20290679,0.5557187,0.24137451
1852416184,0.4860578,0.19664088,0.31730136
1852500553,0.5044971,0.32362208,0.17188081
1852806729,0.40280858,0.15842941,0.43876198
1853072853,0.4125139,0.3909226,0.19656348
1854453600,0.46958035,0.19031848,0.34010118
1854599015,0.37556857,0.23766509,0.38676634
1855600187,0.36333302,0.33900797,0.29765904
1856205123,0.53733695,0.27266634,0.18999673
1856280286,0.18960065,0.45910013,0.35129926
1856781197,0.254358,0.47073564,0.27490634
1856843522,0.5769108,0.17395434,0.2491349
1857983045,0.31342432,0.22308634,0.46348932
1858161305,0.70580053,0.11573874,0.17846073
1858192224,0.23663157,0.5548103,0.20855816
1858559703,0.6232403,0.17520958,0.20155017
1858660198,0.56868446,0.16495976,0.26635575
1858687401,0.10028747,0.79269737,0.10701516
1858864981,0.5647923,0.1657106,0.2694971
1859082292,0.35369512,0.25412312,0.39218172
1859578541,0.44301295,0.2834481,0.273539
1860275029,0.32843947,0.35693607,0.31462446
1860857426,0.11881227,0.20429835,0.67688936
1861222165,0.59414756,0.10915307,0.29669937
1861295003,0.51753545,0.19540468,0.28705987
1861724173,0.77868605,0.053601485,0.16771246
1861726332,0.5811965,0.1160586,0.3027449
1862340086,0.37545702,0.31983912,0.3047038
1863562859,0.3531885,0.3282782,0.31853327
1863815751,0.24631251,0.32565802,0.42802948
1864022887,0.54994625,0.20266373,0.24739006
1864141623,0.94595814,0.0037797263,0.05026212
1864166566,0.50424874,0.1780447,0.31770656
1864174615,0.10850332,0.64015526,0.25134143
1864607000,0.111420125,0.77195656,0.11662326
1864751204,0.48481905,0.29191932,0.2232616
1865238616,0.50815415,0.24991983,0.24192606
1865766131,0.26912087,0.39320168,0.33767748
1866112716,0.08217086,0.79183364,0.12599553
1866613370,0.35755077,0.38418096,0.25826833
1866831838,0.14540863,0.33002526,0.5245662
1867189402,0.28389502,0.36235124,0.35375375
1867563464,0.28091976,0.31361577,0.4054645
1868023576,0.17643405,0.61245644,0.21110947
1868040201,0.2604105,0.42384088,0.31574863
1868058930,0.32002184,0.32281697,0.3571612
1868239586,0.55673885,0.103020154,0.34024101
1868614913,0.42816943,0.33641487,0.23541571
1868934535,0.29085663,0.25883877,0.45030454
1869326017,0.56136227,0.14652528,0.2921125
1869533716,0.40848643,0.22726406,0.3642495
1869540883,0.5548469,0.25088915,0.19426395
1870005528,0.16136727,0.56756103,0.2710717
1871329492,0.37659964,0.22350708,0.39989328
1872011943,0.49661252,0.24950881,0.25387856
1872067872,0.2704019,0.49082687,0.23877127
1872763242,0.24759656,0.3004937,0.4519097
1873828465,0.8076365,0.046379965,0.14598349
1874385839,0.19081698,0.59561986,0.21356317
1874630422,0.2794043,0.119721375,0.60087425
1875137677,0.39000398,0.32124737,0.2887486
1875295461,0.7487971,0.12136672,0.12983622
1876098326,0.26676396,0.47585598,0.25738007
1876206857,0.63210046,0.21765073,0.15024878
1876581285,0.48551396,0.3205351,0.19395098
1877277793,0.56408507,0.12542413,0.31049082
1877711278,0.4389782,0.27893585,0.28208598
1877929927,0.2660692,0.47493663,0.25899413
1878737018,0.29359427,0.41958228,0.28682345
1879012866,0.3373521,0.35206524,0.31058264
1879083434,0.4891829,0.18319012,0.32762703
1879729085,0.2661604,0.29900223,0.43483728
1880071104,0.1557066,0.5666447,0.2776487
1880712623,0.45135152,0.33495075,0.21369769
1881249808,0.40041056,0.35548756,0.24410184
1881464382,0.03483919,0.14211482,0.82304597
1881540325,0.08015962,0.21678562,0.7030547
1881628556,0.41321772,0.3301718,0.25661048
1882966420,0.6676011,0.1181545,0.21424441
1883269752,0.4048722,0.28722712,0.30790064
1883790313,0.31681672,0.25601536,0.42716786
1884228105,0.31728727,0.3723883,0.31032443
1884261713,0.29172122,0.45733327,0.2509455
1884747909,0.27355862,0.38636434,0.340077
1885000608,0.1812239,0.22848533,0.5902907
1885287315,0.2111573,0.57392395,0.2149187
1885497351,0.31960058,0.22553518,0.4548643
1885617945,0.28053004,0.30461562,0.41485438
1885740547,0.59128284,0.15343043,0.25528666
1886909701,0.12325986,0.45963308,0.41710708
1887262924,0.2985125,0.53506035,0.16642712
1887800433,0.12173654,0.7228244,0.15543906
1888127475,0.17148954,0.6032656,0.2252449
1888184779,0.33390602,0.37961194,0.28648198
1888213653,0.6655613,0.028572625,0.305866
1888290995,0.33681616,0.33455566,0.3286282
1888796790,0.31213728,0.3941741,0.2936886
1889039208,0.3608197,0.37929472,0.2598856
1889065705,0.2584794,0.4444679,0.29705268
1889370344,0.5822957,0.19739394,0.22031036
1889712219,0.3851502,0.352909,0.26194078
1889727819,0.26577938,0.411886,0.32233465
1889794525,0.5582371,0.21414739,0.22761557
1890566684,0.36479118,0.30055055,0.3346583
1890921731,0.24130128,0.23071393,0.5279848
1891035279,0.061837915,0.14233068,0.7958314
1891331196,0.4378241,0.28018743,0.28198844
1891413241,0.2228307,0.52282375,0.2543455
1891786725,0.20339204,0.45286635,0.3437417
1892514381,0.25791523,0.4788729,0.26321194
1893152967,0.2901516,0.4371008,0.27274764
1893160339,0.25782076,0.38527146,0.35690776
1893745272,0.37277463,0.27193108,0.3552943
1895002528,0.46190932,0.21333167,0.32475895
1895716042,0.478556,0.26098955,0.26045445
1895734265,0.34156337,0.2699975,0.3884391
1895932541,0.08184816,0.7571125,0.16103934
1896058806,0.21919607,0.44066277,0.34014115
1896202026,0.32765472,0.18110196,0.4912434
1896650442,0.47561395,0.18316396,0.34122205
1897285531,0.062101472,0.80141485,0.13648367
1897365126,0.5193686,0.2129024,0.267729
1897851703,0.46298334,0.2980535,0.23896316
1898371447,0.3919481,0.3058368,0.30221507
1898796270,0.38525155,0.33623394,0.2785145
1898853504,0.2505207,0.48718417,0.26229507
1899424313,0.23011062,0.49397162,0.2759177
1900152143,0.15458131,0.5942511,0.2511676
1900823525,0.3290432,0.29565495,0.37530178
1901082050,0.6200433,0.13691194,0.24304475
1902662537,0.10955825,0.6560879,0.23435386
1902892307,0.45149478,0.27663797,0.27186722
1903057605,0.15441869,0.31221053,0.53337085
1903201862,0.0570797,0.8649045,0.07801578
1903729255,0.4977232,0.23780961,0.26446718
1903772790,0.4745587,0.11358277,0.41185853
1903843250,0.4084108,0.25385138,0.3377379
1904135405,0.4479249,0.35427022,0.19780482
1904720328,0.36254326,0.36745057,0.27000615
1904832657,0.2893232,0.24268745,0.46798936
1905421999,0.34016037,0.31677926,0.34306037
1905624227,0.3345284,0.33786607,0.32760555
1905923101,0.35826036,0.28916013,0.3525795
1905968293,0.21058528,0.52938426,0.26003045
1905998021,0.31501153,0.4248657,0.26012275
1906343285,0.502136,0.27224794,0.22561607
1906725677,0.57157224,0.13575317,0.2926746
1906768438,0.37566704,0.24921733,0.37511566
1906836378,0.20984982,0.19927433,0.5908758
1907292578,0.38052693,0.2598946,0.3595785
1907411910,0.14241952,0.62346345,0.23411703
1908268081,0.33473915,0.3682488,0.29701203
1908571335,0.34444183,0.19123255,0.46432567
1909081698,0.72466654,0.11541207,0.1599214
1909283543,0.69857764,0.046889305,0.25453308
1909338815,0.24699293,0.47694424,0.27606282
1909410681,0.32122904,0.45100325,0.22776769
1909479936,0.38140342,0.33569592,0.28290072
1909872555,0.54784113,0.13994548,0.3122134
1909878163,0.7054162,0.109326355,0.18525738
1910662084,0.73955125,0.065278865,0.19516993
1911788689,0.26623946,0.37039846,0.36336213
1912169582,0.31270942,0.3904269,0.2968637
1912534125,0.21899468,0.15037009,0.6306352
1912846077,0.3319573,0.32613534,0.34190735
1913931511,0.59556633,0.19609483,0.20833884
1914026266,0.06951349,0.7513202,0.1791663
1914614315,0.6300628,0.16335766,0.20657954
1914628669,0.23758845,0.5143113,0.24810022
1914689048,0.5489173,0.24095105,0.21013169
1915565273,0.412767,0.29916206,0.28807095
1915613064,0.4869707,0.22709376,0.28593552
1915721421,0.47550705,0.23554876,0.28894415
1915910537,0.3486685,0.3540255,0.29730603
1916201412,0.46461093,0.26315725,0.27223173
1916501863,0.47896284,0.21001385,0.31102327
1916668244,0.50230706,0.20187782,0.2958151
1916996256,0.5082971,0.3196964,0.17200644
1918445911,0.3641413,0.26646507,0.36939368
1918739047,0.30737448,0.33989996,0.3527256
1918996088,0.26878253,0.36077935,0.37043813
1919278047,0.20142418,0.26551178,0.533064
1919606171,0.26282793,0.52311367,0.21405843
1920196315,0.36165556,0.31849116,0.31985328
1920272336,0.4922238,0.33875838,0.16901788
1920457913,0.2505356,0.4898539,0.2596105
1921030040,0.36013126,0.21232976,0.42753896
1921452850,0.41863456,0.23987442,0.34149098
1921955739,0.37988257,0.36700368,0.25311378
1922126421,0.2849485,0.34011522,0.37493634
1922135646,0.48149246,0.26661202,0.2518955
1922338900,0.37770727,0.24972014,0.3725726
1922510022,0.26303,0.52155775,0.21541223
1922970158,0.6976202,0.10990718,0.1924726
1923029103,0.34716347,0.45579138,0.19704512
1923225965,0.32185853,0.36101127,0.31713018
1923281437,0.22954124,0.5898689,0.18058984
1923355232,0.26548287,0.48814943,0.24636766
1924784149,0.3838531,0.43195617,0.18419072
1925468702,0.3696272,0.22948907,0.40088376
1925698567,0.7734175,0.094659895,0.1319227
1926963468,0.13523814,0.23347221,0.63128966
1927398576,0.3248181,0.33420002,0.34098187
1928028629,0.27805373,0.30830905,0.4136372
1928630441,0.7687581,0.11045042,0.12079152
1928731144,0.39589843,0.27834994,0.32575163
1929448580,0.9547276,0.010161723,0.03511064
1929525304,0.47788996,0.22482115,0.29728884
1929679200,0.14748347,0.6517283,0.20078826
1929865000,0.50717103,0.22334698,0.26948202
1930239615,0.78019154,0.027476903,0.1923316
1930308380,0.49365422,0.18679813,0.31954768
1930770088,0.41832814,0.19426711,0.38740477
1930819902,0.4701111,0.2547376,0.27515134
1930874922,0.4194582,0.21895614,0.36158568
1930886822,0.34551948,0.43841675,0.21606375
1931505998,0.31970745,0.48653236,0.19376017
1931738263,0.4249598,0.2972448,0.2777955
1931819914,0.6672803,0.15634851,0.17637122
1932517558,0.33121067,0.3846272,0.2841621
1933363885,0.4042572,0.16761588,0.4281269
1933528534,0.33247134,0.1271401,0.5403885
1934016691,0.49483293,0.2548264,0.25034073
1934179789,0.6882088,0.11701836,0.19477282
1934487984,0.18443526,0.48627064,0.32929417
1934927273,0.26776493,0.34012827,0.39210674
1934929637,0.41198087,0.29403618,0.2939829
1935047265,0.232897,0.36325583,0.40384716
1935286483,0.39579248,0.39211887,0.21208867
1935940770,0.46979284,0.15544225,0.37476486
1936085390,0.41798884,0.30933425,0.2726769
1937076497,0.4488992,0.29110378,0.25999704
1937116817,0.5053188,0.21803638,0.27664483
1937646122,0.30488944,0.3328778,0.36223269
1938338402,0.1702093,0.57343423,0.25635645
1938478536,0.35907853,0.35277846,0.288143
1938725275,0.8576495,0.04006656,0.10228398
1939179742,0.30244365,0.27788743,0.41966888
1939861353,0.41479787,0.14217152,0.44303066
1940318071,0.20367439,0.49656615,0.29975945
1940603481,0.36807892,0.33616167,0.29575944
1941070775,0.300646,0.34942424,0.34992975
1941357254,0.49941626,0.3004717,0.20011206
1942187869,0.2484305,0.5032022,0.24836726
1942766368,0.4011673,0.30141535,0.29741734
1942991277,0.5095918,0.19905527,0.29135287
1943404286,0.13885729,0.14701481,0.71412796
1943429475,0.2854974,0.3748308,0.33967176
1943924714,0.2794922,0.48519197,0.2353158
1945014857,0.24890581,0.43763283,0.31346136
1945088288,0.324657,0.1870985,0.48824444
1945150677,0.4144643,0.28636482,0.29917082
1945530747,0.69894457,0.13231452,0.16874096
1945975305,0.20268358,0.5707147,0.22660166
1946003778,0.1798749,0.6228368,0.19728829
1946376452,0.23466302,0.5537533,0.21158367
1947145709,0.30960485,0.5041905,0.18620464
1948006976,0.6288818,0.15378836,0.21732979
1948045589,0.44997883,0.20380142,0.3462198
1948696218,0.027308175,0.88583374,0.08685809
1948829155,0.28200817,0.42385703,0.29413477
1949016164,0.24052168,0.5011063,0.25837198
1949301310,0.25323814,0.46044317,0.28631872
1949370792,0.5068979,0.100981146,0.3921209
1950145745,0.24302071,0.5196288,0.2373505
1950196442,0.2496618,0.32394096,0.4263972
1950353060,0.21637967,0.37409824,0.40952203
1950526355,0.53262955,0.22495928,0.24241114
1951173249,0.2883891,0.41265962,0.29895127
1951968908,0.45055938,0.17745273,0.37198788
1952278171,0.26732054,0.30645505,0.4262244
1952381316,0.72101176,0.13038298,0.14860527
1952415615,0.6065337,0.15298991,0.24047633
1952637069,0.24327609,0.5451432,0.21158071
1952639136,0.7096168,0.046386752,0.24399643
1952702405,0.0029072291,0.43249953,0.56459326
1953047267,0.31875393,0.33622283,0.34502324
1953111629,0.4687053,0.078840435,0.4524542
1953709907,0.5100975,0.1746506,0.31525186
1953843140,0.25621387,0.5012638,0.24252231
1953960789,0.49962246,0.24906662,0.25131094
1954122660,0.37812364,0.3075455,0.31433085
1954154836,0.45056576,0.15131527,0.39811897
1954312258,0.39198032,0.3300515,0.2779681
1954625092,0.27137166,0.4797823,0.24884596
1955943203,0.32740808,0.23590899,0.43668297
1956108041,0.62427515,0.18254752,0.19317733
1956198928,0.4987787,0.2796912,0.2215301
1956231132,0.15338588,0.6131853,0.23342879
1956650689,0.28555185,0.38691002,0.32753813
1956822964,0.5304218,0.08582357,0.3837546
1957332042,0.3244528,0.31623134,0.35931587
1957395595,0.35914487,0.3803433,0.26051182
1957894108,0.51656675,0.2661293,0.21730393
1957988452,0.16589087,0.60649365,0.22761545
1958113052,0.34441024,0.43517956,0.22041023
1958185995,0.37707332,0.38545856,0.23746811
1958220056,0.26302564,0.23752017,0.4994542
1958533078,0.301058,0.24829516,0.45064688
1958638672,0.16031548,0.17522594,0.66445863
1959007963,0.42517343,0.30499968,0.26982686
1959135607,0.4234057,0.17421773,0.40237656
1959422442,0.12140024,0.74818414,0.13041565
1959636715,0.33234608,0.3103185,0.3573354
1959789641,0.5376518,0.17006592,0.29228225
1959992602,0.30702138,0.18084902,0.5121296
1960675267,0.26215425,0.5118291,0.22601667
1960710343,0.2676607,0.4285396,0.30379966
1960930593,0.4122128,0.32248858,0.26529858
1961229859,0.24597238,0.29359114,0.4604365
1961241847,0.42180738,0.19959073,0.37860194
1961699612,0.69518834,0.08546819,0.21934351
1962306286,0.38443816,0.3216624,0.29389945
1962326497,0.20424336,0.3512511,0.44450557
1962555467,0.32022277,0.24385777,0.4359194
1963424818,0.3936468,0.26677254,0.33958066
1963561224,0.4107725,0.2137164,0.37551108
1964206035,0.31697407,0.39659768,0.2864282
1964268799,0.06089962,0.66529685,0.27380353
1964354621,0.46474928,0.16579543,0.36945534
1965019309,0.50415224,0.20353933,0.29230845
1965482858,0.62443066,0.13537261,0.24019673
1965537067,0.47703266,0.3038017,0.21916567
1965805436,0.38519073,0.17674941,0.4380598
1966856991,0.3890629,0.39933902,0.21159804
1967562362,0.378706,0.25375688,0.36753708
1968480417,0.17609489,0.41087845,0.41302666
1968786668,0.42971,0.33853704,0.23175296
1969332395,0.40045485,0.44378075,0.1557644
1970063535,0.80282426,0.09405891,0.1031169
1970459147,0.33219582,0.42683592,0.2409683
1970700700,0.5831388,0.18042322,0.23643796
1971281245,0.43767658,0.37637725,0.18594621
1971353300,0.2598949,0.50492513,0.23517995
1971454241,0.24312025,0.34506962,0.41181013
1972062473,0.30388024,0.35186473,0.344255
1973364483,0.44122386,0.23632063,0.3224555
1973543302,0.13833429,0.62841755,0.23324817
1973768515,0.5868643,0.18262307,0.23051265
1974547526,0.15270789,0.6162132,0.23107894
1974603581,0.673083,0.16141792,0.16549912
1975021646,0.107673556,0.77998084,0.11234565
1975127646,0.55191916,0.16798933,0.28009152
1975161431,0.20692214,0.52116,0.27191788
1975200686,0.2815085,0.36767873,0.3508128
1975200918,0.3666895,0.43587428,0.19743621
1975382564,0.2726685,0.4394917,0.28783974
1975888582,0.3866421,0.33718315,0.27617472
1976098111,0.56329304,0.15797247,0.27873445
1976831047,0.38970888,0.3008942,0.30939695
1976852704,0.4501822,0.2479015,0.30191633
1977001831,0.18357603,0.61408937,0.20233457
1978567091,0.41200334,0.23815858,0.3498381
1978817458,0.2981113,0.4224381,0.27945057
1979276703,0.5220784,0.21255305,0.2653686
1979536620,0.7847005,0.086165376,0.12913409
1979776943,0.29356062,0.357835,0.34860438
1979878273,0.074102834,0.8347238,0.09117345
1979889974,0.3334065,0.33218646,0.33440706
1980609368,0.611672,0.18693876,0.20138924
1980729686,0.47450373,0.29659718,0.22889906
1981057741,0.19605672,0.35690063,0.44704267
1981141275,0.67921716,0.08862815,0.2321546
1981325015,0.21770954,0.33064148,0.45164895
1981330905,0.582974,0.18606684,0.23095919
1981400782,0.44747066,0.2539638,0.29856557
1981670392,0.08360328,0.7870436,0.12935317
1981772121,0.48253286,0.34071547,0.17675175
1982711514,0.20519134,0.38795382,0.40685487
1983087171,0.8014466,0.07083692,0.12771645
1983141514,0.32444263,0.3791354,0.296422
1983278661,0.42872804,0.2549619,0.31631
1983323519,0.25821295,0.4383099,0.3034772
1983364153,0.46384105,0.15779161,0.37836736
1984509907,0.49346784,0.16917506,0.33735707
1985061371,0.17356615,0.5322023,0.2942315
1985061890,0.36806145,0.31178445,0.32015407
1985110046,0.5186033,0.17387943,0.30751726
1985244147,0.32790437,0.40686643,0.26522923
1985905529,0.61560446,0.19393921,0.19045629
1985922735,0.27279282,0.44401297,0.28319424
1986382587,0.32677296,0.46330726,0.20991974
1986515950,0.35069734,0.36140665,0.28789598
1987046622,0.24753933,0.40488097,0.34757972
1987065399,0.107107766,0.75581735,0.13707492
1987975591,0.38008162,0.36118558,0.25873283
1989519028,0.4325498,0.31724826,0.25020188
1989916913,0.32416514,0.4179292,0.2579057
1990440373,0.17871842,0.45484954,0.36643213
1991408795,0.19958986,0.3519371,0.448473
1992829621,0.3153201,0.30674443,0.37793544
1993374241,0.46496874,0.12064049,0.41439077
1993470073,0.25329593,0.46672654,0.2799775
1993508894,0.47160086,0.27227104,0.2561281
1994409432,0.1800995,0.5636947,0.25620583
1995791856,0.39694723,0.27493694,0.32811582
1996108199,0.5242099,0.20743465,0.2683554
1996795461,0.17815407,0.563901,0.25794494
1997096721,0.82802665,0.055065718,0.116907686
1997112132,0.21094906,0.10097905,0.6880719
1997396270,0.18592265,0.59234756,0.22172977
1997667155,0.8729025,0.011879809,0.115217656
1997789128,0.221493,0.44427007,0.33423698
1997944773,0.7976785,0.02465294,0.17766859
1998366514,0.07927389,0.7746436,0.14608254
1999032159,0.20860751,0.34166294,0.44972953
2000687191,0.15066393,0.5584197,0.29091638
2000917426,0.22667257,0.30960375,0.46372372
2001375420,0.4998875,0.1734561,0.32665643
2002455046,0.23454736,0.5376726,0.22778012
2002549438,0.32279155,0.355348,0.3218605
2002861609,0.27307507,0.53569347,0.19123146
2002948551,0.46821907,0.25988367,0.2718973
2003469369,0.33221456,0.40636754,0.26141793
2003518404,0.27617818,0.59542143,0.12840033
2003986602,0.36317232,0.295359,0.34146866
2004279155,0.29970098,0.3565712,0.34372783
2004834533,0.14241867,0.7121657,0.14541562
2005129540,0.30162853,0.18885429,0.50951713
2005147627,0.18990721,0.55091137,0.2591814
2005668941,0.61699,0.13475844,0.24825157
2006208658,0.42659536,0.3519264,0.22147831
2006490422,0.75566167,0.07146314,0.17287518
2006619666,0.31720012,0.35676566,0.3260342
2006672047,0.10147239,0.6838076,0.21471998
2006871879,0.15185668,0.6608246,0.18731868
2007085861,0.31522653,0.26692832,0.4178452
2007697166,0.26014096,0.10836115,0.6314979
2008712758,0.25732076,0.5301838,0.21249543
2009245721,0.26587108,0.4143662,0.31976274
2009619087,0.6375075,0.18665788,0.17583463
2010069401,0.3205019,0.28436637,0.39513174
2010142503,0.08304938,0.7325688,0.1843818
2010662752,0.86218286,0.050470177,0.08734694
2011114111,0.3908463,0.3345483,0.27460533
2011392115,0.23021768,0.48903894,0.28074336
2011831189,0.34480307,0.26039812,0.39479882
2012114981,0.14171457,0.6642246,0.19406077
2012875992,0.15988234,0.1538265,0.6862912
2013211715,0.31404305,0.33593348,0.35002348
2013441224,0.45559648,0.25194675,0.29245675
2013578314,0.50214255,0.2047451,0.2931123
2013744351,0.2196948,0.43372443,0.3465808
2014338121,0.30495384,0.42434153,0.27070466
2014491560,0.27294225,0.37568516,0.35137257
2014566289,0.18397337,0.27784017,0.53818643
2014642458,0.32745653,0.2652086,0.40733492
2014705262,0.27223682,0.5371443,0.19061893
2014769092,0.15668604,0.6485057,0.19480826
2014913197,0.14687726,0.18918462,0.6639381
2015429054,0.37015685,0.38438478,0.2454584
2015491977,0.31426668,0.32019022,0.36554313
2016082640,0.488919,0.2566763,0.2544048
2016238451,0.24952966,0.52825373,0.22221664
2016378424,0.022399025,0.9215763,0.056024645
2016850515,0.30931553,0.35391918,0.33676532
2016864806,0.21748288,0.45078027,0.3317368
2017254710,0.3404266,0.51656055,0.14301284
2017366630,0.8533184,0.027118595,0.11956299
2017736139,0.39072034,0.4240764,0.18520328
2017752666,0.22228757,0.53136325,0.24634919
2018055806,0.26500973,0.30236048,0.4326298
2018606744,0.33393526,0.33487865,0.33118612
2018759522,0.10138,0.53070545,0.36791456
2019054143,0.20695041,0.2522718,0.5407778
2019671601,0.36067048,0.31374902,0.32558048
2020047493,0.6687673,0.13685079,0.19438194
2020116656,0.064726055,0.78768796,0.14758602
2020582390,0.531093,0.1840756,0.28483135
2020767299,0.36970797,0.31640902,0.313883
2022034358,0.43801886,0.25578004,0.3062011
2022394365,0.6796785,0.13363758,0.18668397
2022523485,0.30655977,0.36011228,0.33332798
2023228694,0.17365433,0.62809694,0.19824874
2023318972,0.17050055,0.67880416,0.15069532
2023604029,0.23396522,0.521866,0.24416874
2024192981,0.62065125,0.17909323,0.20025551
2024680136,0.3167033,0.36903548,0.31426126
2025112600,0.41934243,0.35019445,0.2304631
2025931603,0.4449841,0.33658585,0.21843004
2026828158,0.25023368,0.24362251,0.5061438
2027011649,0.4566559,0.23245645,0.3108876
2027407860,0.34421176,0.4640121,0.19177614
2027659245,0.3168484,0.5301029,0.15304865
2027834504,0.19783603,0.57561094,0.22655302
2029447167,0.32316938,0.36180893,0.31502166
2030058519,0.55990595,0.17415026,0.26594383
2030805286,0.4987481,0.17249331,0.32875854
2031236487,0.34948993,0.38338158,0.26712853
2031583468,0.35113397,0.3788839,0.2699821
2031595614,0.24672842,0.5224414,0.23083018
2031993147,0.3973381,0.31571874,0.28694326
2032348389,0.19078253,0.69630516,0.11291233
2032456938,0.25769174,0.5039289,0.23837933
2032504715,0.4547254,0.26345685,0.28181776
2034174885,0.18322238,0.469626,0.34715164
2034203959,0.3208651,0.19963533,0.4794996
2034206309,0.21899842,0.21298741,0.56801414
2034732425,0.35926184,0.24693216,0.39380607
2034756241,0.3398262,0.21238537,0.44778845
2035564046,0.30631578,0.40365598,0.29002827
2035593417,0.28716296,0.3839641,0.32887295
2036037766,0.19479403,0.31944257,0.48576337
2036265262,0.5011603,0.25041464,0.24842504
2036314696,0.25600877,0.51693976,0.22705144
2036376342,0.6506138,0.14358638,0.20579988
2036626157,0.35748425,0.29090506,0.35161072
2037055295,0.3334141,0.33335635,0.3332296
2037648711,0.10580482,0.7187221,0.17547312
2038264336,0.6701911,0.14133373,0.18847512
2038892160,0.048438046,0.8492961,0.10226581
2039071331,0.34812534,0.25745454,0.39442015
2039255366,0.10736657,0.7566688,0.13596465
2039689527,0.29267666,0.4454946,0.2618288
2039764749,0.16597576,0.36476284,0.4692614
2040130502,0.68550056,0.17017649,0.14432293
2040378302,0.33474088,0.34156895,0.3236902
2040947624,0.3443624,0.3325173,0.32312033
2041030349,0.84515876,0.04980476,0.105036505
2041140760,0.46409684,0.33486253,0.20104054
2041164643,0.56456333,0.08877747,0.3466592
2041510296,0.51477194,0.11539723,0.36983082
2042048334,0.28528625,0.44104663,0.27366716
2042083907,0.80056113,0.04012456,0.15931427
2042247073,0.28064555,0.43931255,0.2800419
2042276055,0.5440953,0.19537982,0.2605249
2042496946,0.614318,0.18849823,0.19718376
2042570816,0.22570717,0.47071996,0.3035728
2042713033,0.31560448,0.4705552,0.21384026
2042764845,0.44679162,0.22671899,0.32648936
2042982082,0.17687885,0.6064166,0.21670453
2043058757,0.4388308,0.30689076,0.2542785
2043179426,0.49914062,0.21353391,0.28732547
2043333755,0.5299235,0.25798485,0.21209161
2044878597,0.45644733,0.256552,0.28700072
2045100131,0.23244832,0.55861974,0.20893194
2045321139,0.45950854,0.12945388,0.4110376
2045455561,0.2763248,0.4291644,0.29451075
2046580265,0.25560942,0.5265867,0.21780393
2046663205,0.3226595,0.36135435,0.31598613
2046842481,0.6729016,0.09201752,0.23508093
2047888579,0.3229226,0.36583957,0.31123784
2048865514,0.28364545,0.44419226,0.27216232
2049194872,0.28694174,0.44807923,0.26497898
2049273519,0.23349401,0.16346842,0.6030376
2050536121,0.1420659,0.68170726,0.17622684
2050590880,0.6062961,0.13608289,0.257621
2050704857,0.09687454,0.19211562,0.71100986
2050934139,0.5906367,0.23947774,0.16988553
2051355056,0.6806666,0.11975175,0.1995816
2052477783,0.19618753,0.39049685,0.41331556
2052661836,0.25087443,0.53590757,0.21321796
2053800209,0.2756804,0.26269084,0.46162882
2053870086,0.11476146,0.65496767,0.23027088
2054058212,0.14360937,0.6990078,0.15738286
2054189430,0.48393798,0.34508225,0.17097983
2054337496,0.4812205,0.122615926,0.3961636
2054396232,0.53194946,0.20241678,0.26563385
2054606384,0.21320675,0.54292774,0.24386553
2054971856,0.7833759,0.09463954,0.12198446
2055124130,0.36620072,0.2675533,0.36624596
2055388324,0.49082237,0.31563213,0.19354552
2055982865,0.2960139,0.39685935,0.30712673
2056317969,0.3462257,0.37173298,0.28204128
2056804621,0.21464017,0.63635445,0.14900538
2056903005,0.7263244,0.11419545,0.15948023
2056966488,0.32108754,0.33343667,0.34547582
2057901219,0.06083196,0.7644646,0.17470336
2057944024,0.20800336,0.57998556,0.21201105
2058195535,0.56131506,0.1925999,0.24608505
2058373939,0.2676872,0.22572567,0.5065872
2058826890,0.38789156,0.32701066,0.2850978
2058984376,0.308553,0.3698785,0.32156852
2059295475,0.28910398,0.54203403,0.16886199
2059352448,0.2434481,0.38341352,0.37313837
2059746785,0.27529624,0.3067513,0.41795248
2060650091,0.507699,0.13180663,0.36049435
2061206865,0.2787342,0.24267937,0.47858647
2061476319,0.34792647,0.22496219,0.42711136
2061833504,0.41620308,0.35804918,0.2257477
2061969853,0.36629,0.3603168,0.2733932
2062076959,0.35054308,0.21608691,0.43336996
2062272179,0.33110514,0.27435315,0.3945417
2062856702,0.17552894,0.36682773,0.45764333
2063490204,0.3821209,0.4362267,0.18165235
2064263586,0.32395828,0.3363356,0.33970615
2064377407,0.20735228,0.6042985,0.1883492
2064556103,0.3062548,0.46276113,0.2309841
2066415489,0.7756306,0.07906728,0.14530212
2066799892,0.5290242,0.07821307,0.39276275
2067132981,0.41390944,0.31722784,0.2688627
2067643545,0.49226564,0.22594407,0.2817903
2067894858,0.40216693,0.29926333,0.2985697
2068912113,0.41484237,0.2540652,0.33109248
2069029113,0.8938861,0.03070961,0.075404346
2070121304,0.15555334,0.6813854,0.16306125
2070934758,0.22793755,0.5751714,0.196891
2071474937,0.8495089,0.03682247,0.11366866
2073255022,0.23495576,0.54173136,0.22331291
2073375152,0.39866632,0.028761294,0.5725724
2073578407,0.51077825,0.21755162,0.2716701
2073740161,0.10911206,0.13086666,0.76002127
2074217660,0.5096735,0.16614412,0.32418236
2075300625,0.3693614,0.3051407,0.32549793
2075581176,0.9010845,0.03197927,0.06693624
2075657525,0.22152613,0.50693756,0.27153632
2076757761,0.5768256,0.13708577,0.28608856
2076777708,0.47375327,0.29554048,0.23070617
2076945505,0.36812788,0.2886328,0.34323937
2077844650,0.41846192,0.23618603,0.3453521
2078398351,0.6652556,0.11828907,0.2164553
2078493475,0.6027768,0.15282342,0.24439977
2078586314,0.52927,0.17842121,0.29230872
2078714492,0.2912913,0.3933445,0.31536427
2079765652,0.6639692,0.1521055,0.18392532
2079835752,0.31011328,0.32043993,0.36944675
2079929732,0.365984,0.2564553,0.37756073
2080024540,0.4639177,0.2773125,0.25876975
2080177673,0.4927978,0.15399842,0.35320377
2080248371,0.3102035,0.37910867,0.31068787
2080311372,0.30864638,0.49735546,0.19399813
2080880541,0.020412663,0.91181624,0.06777109
2080920500,0.28960976,0.4355039,0.27488637
2081554820,0.51753205,0.2294422,0.25302574
2081807597,0.55222636,0.1622815,0.2854922
2081938254,0.4958732,0.25749975,0.24662696
2082248054,0.30442446,0.4263155,0.26926008
2082612272,0.56153303,0.22345938,0.21500757
2082675871,0.57635397,0.12339903,0.30024698
2083172395,0.49002215,0.22269094,0.28728682
2084077781,0.8069053,0.06787953,0.12521511
2084170107,0.5884732,0.18935178,0.222175
2084684631,0.46209392,0.20322762,0.3346785
2084963758,0.10493241,0.7589827,0.13608491
2085026902,0.07947898,0.5853288,0.3351922
2085520877,0.31527773,0.211918,0.47280434
2085932430,0.024461946,0.8924036,0.083134465
2086142469,0.40093905,0.26960415,0.32945678
2086375885,0.14613248,0.6608467,0.19302079
2087651117,0.21217485,0.29411677,0.49370837
2087770914,0.30627888,0.35885474,0.33486634
2088438266,0.5290518,0.18205465,0.28889358
2088545365,0.23273878,0.45232803,0.31493315
2088656149,0.20231031,0.41542408,0.38226563
2088680755,0.5516436,0.20593075,0.24242567
2089431647,0.05264294,0.839436,0.10792105
2089632855,0.46770266,0.21918185,0.31311545
2089862480,0.64171976,0.14178091,0.21649928
2089889597,0.44158298,0.2847828,0.27363423
2090002930,0.17874229,0.61807895,0.20317873
2090165219,0.46066725,0.27442095,0.2649118
2090252650,0.34490252,0.4112032,0.24389431
2090274753,0.3810658,0.21517618,0.40375796
2090489396,0.19444616,0.6985472,0.10700667
2091156351,0.22775811,0.1738632,0.5983787
2091811368,0.32389504,0.3436259,0.3324791
2091814425,0.3432125,0.35490108,0.3018864
2092181205,0.28852206,0.397279,0.31419894
2092324746,0.2681555,0.5313175,0.20052709
2092837771,0.21302876,0.52111936,0.2658519
2092877678,0.3323139,0.47485268,0.19283344
2092989146,0.39855087,0.21130067,0.39014846
2093657934,0.65964895,0.1547433,0.18560772
2093715023,0.25023046,0.40142888,0.34834066
2094036512,0.3543311,0.18476054,0.46090838
2094594582,0.121662565,0.10231364,0.77602375
2095318829,0.43501842,0.21277955,0.35220206
2095325431,0.31601742,0.35424745,0.3297351
2095387875,0.2797037,0.42586082,0.29443553
2095694708,0.27027148,0.49546167,0.23426692
2095733673,0.5243501,0.27019176,0.20545813
2096761726,0.28583845,0.23854974,0.47561187
2097602157,0.25512576,0.30935627,0.435518
2097794730,0.17675577,0.21079507,0.61244917
2097984974,0.22797072,0.32522377,0.4468055
2098224555,0.47677737,0.20032626,0.3228964
2098233919,0.34978926,0.30013117,0.35007957
2098985264,0.11761681,0.09177486,0.7906083
2099182807,0.1811526,0.622712,0.19613539
2099329861,0.6594596,0.17077483,0.16976559
2100158846,0.4905659,0.2906491,0.21878502
2100379692,0.2977507,0.33352515,0.36872408
2101201344,0.34712267,0.3478565,0.30502087
2101936242,0.32876313,0.45606124,0.21517558
2102068818,0.38417533,0.18113102,0.43469363
2103379343,0.29650304,0.3592838,0.3442132
2104159307,0.43764347,0.20570569,0.35665083
2104611963,0.3285645,0.43917096,0.23226455
2105162995,0.40513253,0.3974399,0.19742757
2105287834,0.42928323,0.23862495,0.33209178
2105750353,0.7837096,0.06791803,0.1483723
2106457410,0.07941185,0.8151911,0.105397075
2107071287,0.435713,0.18121104,0.383076
2107659006,0.19413255,0.68201965,0.12384776
2107738271,0.4879222,0.31552422,0.19655357
2108407267,0.42880008,0.22725183,0.34394804
2108612501,0.43449652,0.2556352,0.30986822
2109229277,0.32258976,0.44567272,0.23173754
2109831581,0.2859695,0.38638833,0.3276422
2110502490,0.40296125,0.27552232,0.32151642
2110954909,0.43155152,0.15965119,0.40879732
2111270879,0.2818975,0.43587822,0.28222427
2111603971,0.44467363,0.27944705,0.2758793
2111805587,0.3111639,0.29010168,0.39873448
2111824211,0.3210954,0.38822094,0.29068363
2112277267,0.2578979,0.5366356,0.20546651
2112296699,0.52980053,0.22375818,0.24644129
2112778763,0.20827201,0.5603991,0.23132887
2112999506,0.47691622,0.3549274,0.16815642
2113426978,0.022980386,0.9231668,0.053852834
2113714461,0.31986478,0.3676213,0.31251392
2114033861,0.12488196,0.7251268,0.1499912
2114458938,0.26528177,0.35682327,0.37789497
2114989744,0.77954364,0.10420178,0.11625463
2115261687,0.20036699,0.3981353,0.40149775
2115652902,0.5218007,0.14336735,0.33483192
2115833019,0.68157226,0.13808484,0.18034291
2116316841,0.35025963,0.25810465,0.39163566
2116481272,0.6252056,0.14515626,0.2296382
2117428602,0.1957412,0.58190894,0.22234985
2117515957,0.5063794,0.26275408,0.2308665
2118019615,0.40769812,0.2750284,0.31727347
2118339565,0.24991786,0.34502715,0.405055
2119209052,0.3805455,0.31215438,0.3073001
2120057359,0.12784599,0.21072097,0.661433
2120427897,0.06653252,0.7154611,0.21800642
2120539100,0.50706756,0.19162256,0.30130994
2120707096,0.28363436,0.488763,0.2276026
2120980641,0.60507464,0.14181127,0.2531141
2121139283,0.24048457,0.31635556,0.44315985
2121151876,0.35620165,0.31524277,0.32855555
2121586503,0.44510135,0.309509,0.24538963
2121929081,0.48903757,0.1908165,0.3201459
2122567870,0.040353183,0.878509,0.08113787
2123657334,0.30489787,0.14880231,0.5462998
2123993420,0.19440183,0.37384704,0.4317512
2124269868,0.34603193,0.39246938,0.26149872
2124514759,0.30655888,0.43967137,0.25376973
2124583902,0.4338598,0.27052724,0.29561293
2124847002,0.43139315,0.3755909,0.19301595
2124936833,0.5018957,0.267639,0.23046526
2125465305,0.25827548,0.42693758,0.31478688
2125691185,0.194181,0.5207631,0.28505588
2126161002,0.42771116,0.25081483,0.32147402
2126610264,0.38255495,0.11643615,0.50100887
2126792253,0.28315428,0.36285126,0.35399446
2126811368,0.30110922,0.20560612,0.4932847
2126867620,0.58754236,0.15621997,0.25623772
2128497619,0.46507022,0.30782387,0.22710589
2128650003,0.20699161,0.23929982,0.55370855
2129276316,0.39093295,0.31065983,0.29840723
2129285620,0.44544956,0.3304992,0.22405128
2129302427,0.40394315,0.18808207,0.40797478
2129680098,0.78575265,0.083896175,0.13035122
2129940782,0.6230088,0.13332018,0.24367099
2130034711,0.15862282,0.6391604,0.20221683
2130099028,0.12720567,0.33672488,0.53606945
2130125480,0.40443587,0.2114574,0.38410676
2130670074,0.20672186,0.5218966,0.27138156
2130982970,0.50507694,0.31231186,0.18261126
2131071830,0.2659336,0.44407114,0.28999522
2132061277,0.06321253,0.23063967,0.70614785
2132064505,0.5753328,0.19408454,0.23058261
2132069256,0.38542652,0.3041059,0.3104676
2132148232,0.2697313,0.47545153,0.2548171
2132972327,0.28084886,0.31590945,0.40324166
2132986860,0.18243848,0.6137076,0.20385389
2133460492,0.097779825,0.59653217,0.30568805
2133875579,0.6898484,0.13677038,0.17338121
2134396700,0.37281176,0.3097747,0.31741348
2134464422,0.6672807,0.14206454,0.19065478
2135556407,0.53601384,0.25326684,0.21071932
2135850670,0.44421694,0.19332708,0.36245596
2136328503,0.27257285,0.47685304,0.25057405
2136672620,0.72366244,0.12462382,0.1517138
2137285913,0.22575122,0.53650683,0.23774198
2137288298,0.29074824,0.28329906,0.4259527
2137717256,0.49070984,0.25321442,0.2560757
2137805891,0.364059,0.31483227,0.32110867
2137846170,0.25027627,0.45631677,0.29340702
2138173964,0.03315418,0.8822854,0.08456042
2138634730,0.52111375,0.22545812,0.25342816
2139098999,0.25209928,0.37320155,0.37469915
2139171555,0.05048352,0.8858964,0.06362011
2139671101,0.26394367,0.40954396,0.3265124
2140136494,0.37004092,0.313389,0.31657004
2140200884,0.5460181,0.16038564,0.29359627
2140482423,0.27277422,0.4272596,0.29996622
2140503130,0.679329,0.16540475,0.1552663
2140612627,0.33282375,0.44208047,0.22509578
2140634225,0.30579644,0.34456766,0.34963587
2141111099,0.5277845,0.27030468,0.20191084
2142407077,0.31696516,0.4029317,0.28010318
2142873844,0.26574302,0.51190907,0.22234794
2143640300,0.14304793,0.71931213,0.13763992
2143810174,0.43556878,0.23101914,0.33341202
2144622745,0.4372305,0.236921,0.32584858
2145285349,0.33716223,0.43749067,0.22534712
2145387345,0.28825033,0.39252847,0.31922117
2146448414,0.380891,0.27324453,0.3458645
2147267531,0.4227331,0.32406604,0.25320092
2148372569,0.062090274,0.45456246,0.48334727
2148542446,0.5418158,0.22820371,0.22998047
2148551638,0.4955227,0.27570197,0.22877531
2148893700,0.4911133,0.2561931,0.25269356
2149259662,0.8178887,0.0723734,0.10973797
2149428234,0.23919919,0.48248702,0.27831385
2149614950,0.30844215,0.35971898,0.33183885
2149700604,0.43271774,0.11957566,0.44770655
2149718066,0.37714386,0.18561907,0.43723705
2150700485,0.8050658,0.076155126,0.11877903
2150715364,0.47432745,0.34564757,0.18002501
2150874692,0.14586124,0.6443929,0.20974584
2150925815,0.29214403,0.45935774,0.24849828
2151961620,0.22539437,0.31759644,0.45700917
2152106954,0.5031734,0.20691822,0.28990838
2152113832,0.38194883,0.33555284,0.28249827
2152753621,0.5613331,0.17394494,0.26472193
2153037908,0.8122552,0.055715226,0.13202956
2153363521,0.25627795,0.4683562,0.27536592
2154353122,0.23589043,0.55616087,0.20794874
2155620288,0.30379683,0.4069882,0.289215
2155871246,0.26145777,0.5120702,0.22647205
2156136369,0.26885703,0.30173242,0.42941058
2156409373,0.85040003,0.02729579,0.12230422
2157080652,0.63353723,0.100584835,0.2658779
2157284975,0.1957661,0.367269,0.43696493
2157535047,0.41058806,0.381182,0.20823
2158389962,0.25481033,0.5160636,0.22912616
2158716252,0.31473047,0.54062724,0.1446423
2159340579,0.70566934,0.097050354,0.1972803
2159340832,0.3203595,0.29970065,0.3799398
2159535415,0.3971675,0.19591011,0.40692243
2159586922,0.48292378,0.26740107,0.24967511
2159854472,0.18909107,0.5654472,0.24546172
2160116337,0.32235616,0.28132427,0.39631957
2160308270,0.6721847,0.16303289,0.16478243
2160488025,0.37378138,0.40975577,0.2164628
2160904083,0.63923794,0.0842483,0.27651376
2161247027,0.33223996,0.44249782,0.2252623
2161975912,0.3216719,0.27013266,0.40819544
2162603884,0.3471541,0.42680034,0.22604556
2162672333,0.3876959,0.3767232,0.23558094
2162996268,0.39586854,0.29952464,0.30460683
2163357863,0.24049933,0.47459698,0.28490373
2163460956,0.7031176,0.14210068,0.15478168
2164093548,0.2523106,0.26867083,0.47901854
2164827201,0.4390664,0.25010297,0.3108306
2164882716,0.65942544,0.13312894,0.20744568
2165357967,0.3508496,0.25906602,0.3900844
2165385415,0.38709372,0.2588671,0.35403913
2166922771,0.29016402,0.4657807,0.24405526
2168358285,0.31232306,0.26929972,0.41837725
2169133450,0.24280322,0.32595664,0.43124008
2169887525,0.6191293,0.08454363,0.29632705
2170166973,0.030746186,0.77628595,0.19296789
2170294676,0.40873486,0.26005074,0.33121437
2170314577,0.3291715,0.32012042,0.35070804
2170389631,0.5545616,0.17023368,0.27520472
2170615283,0.20812218,0.42512408,0.3667538
2170641224,0.0937308,0.46250746,0.44376174
2170902937,0.28961802,0.36215743,0.34822452
2171219862,0.34843555,0.2552233,0.39634112
2171329887,0.6545093,0.11579841,0.22969231
2171569810,0.47338358,0.3341477,0.19246875
2172066281,0.4914676,0.24169256,0.2668398
2172128016,0.43495652,0.26825535,0.29678807
2172163384,0.28330097,0.42879504,0.28790396
2172369102,0.749238,0.103298135,0.14746387
2172704447,0.6557118,0.15306221,0.19122596
2172944134,0.36348355,0.2910616,0.34545478
2173267310,0.3263977,0.4644929,0.20910941
2173298038,0.3428497,0.3317204,0.32542986
2173982661,0.27429187,0.5219568,0.20375131
2174145825,0.5859406,0.18975343,0.22430593
2174609570,0.15715316,0.6100277,0.23281918
2174649068,0.1597137,0.03757498,0.8027113
2175065349,0.31988743,0.39469904,0.2854135
2175829973,0.6423992,0.14531262,0.2122882
2177336130,0.50403666,0.15831135,0.337652
2178038967,0.4125587,0.25418845,0.33325288
2178391630,0.5469442,0.23689155,0.21616419
2179754789,0.366821,0.3557725,0.27740654
2180185806,0.35873315,0.3971447,0.24412218
2180797699,0.33970875,0.34807438,0.31221685
2181153268,0.14371456,0.32796606,0.52831936
2182695655,0.32185563,0.3199371,0.3582072
2183045733,0.7169419,0.11574246,0.16731572
2183088011,0.23489302,0.26484054,0.50026643
2183561763,0.46440855,0.2462899,0.2893016
2183882204,0.29432893,0.18847251,0.51719856
2184380217,0.52384007,0.18333872,0.29282123
2184743439,0.099077836,0.60361224,0.29730996
2185367668,0.70980823,0.12538344,0.16480836
2185521419,0.6123636,0.1896156,0.1980208
2185612369,0.32067025,0.34622052,0.3331092
2185754749,0.42021888,0.24829447,0.3314866
2185882038,0.3859867,0.15121342,0.46279994
2185994394,0.30315503,0.4132373,0.28360766
2187153423,0.24603921,0.4533206,0.3006402
2187207198,0.159748,0.558109,0.282143
2187715006,0.5971041,0.17741352,0.2254824
2187805196,0.27909395,0.21292053,0.50798553
2187924745,0.80498457,0.095473945,0.09954151
2187997322,0.5605668,0.19550794,0.24392529
2188456564,0.104025565,0.7525203,0.14345413
2188600284,0.27422455,0.45083678,0.2749387
2189062100,0.4145364,0.10953669,0.47592688
2189417247,0.23129131,0.5332047,0.23550406
2190135987,0.43052334,0.27725422,0.2922225
2191744280,0.20088331,0.193886,0.60523075
2191963668,0.39146903,0.32459265,0.28393838
2192105566,0.63038856,0.095260985,0.27435043
2192121083,0.4133812,0.3008526,0.2857662
2192934766,0.13156898,0.6390446,0.22938639
2193362867,0.35313454,0.29529577,0.35156962
2193399412,0.45187747,0.26244506,0.28567743
2193406008,0.32373303,0.30274376,0.3735232
2193660798,0.32583442,0.13349153,0.5406741
2193723982,0.41746032,0.1328285,0.4497112
2193769046,0.18241382,0.13625139,0.68133485
2193970423,0.14718786,0.5440542,0.30875793
2194619559,0.47989705,0.20032626,0.31977665
2194629296,0.3165566,0.43408206,0.24936129
2195058478,0.41618896,0.2677648,0.3160462
2195132191,0.23786262,0.5256357,0.23650162
2196875845,0.2327431,0.5632229,0.20403405
2197210068,0.38078687,0.3797558,0.23945735
2197247371,0.16121557,0.6313382,0.20744625
2197601363,0.32778102,0.3416512,0.33056775
2198390800,0.4446147,0.2503453,0.30503994
2198502993,0.20065725,0.2786783,0.52066445
2199552111,0.45198703,0.2949258,0.2530872
2199589600,0.2572423,0.5301382,0.21261951
2200539142,0.50835806,0.2122554,0.27938652
2201026851,0.46421817,0.23283626,0.30294555
2201161539,0.14602083,0.5848965,0.26908267
2201444344,0.4469544,0.26508042,0.28796515
2201457375,0.34289983,0.35089946,0.30620074
2201798602,0.27572137,0.36998048,0.35429814
2202404130,0.34497514,0.39646336,0.25856146
2202872181,0.25002852,0.3050616,0.44490984
2202970786,0.27438158,0.3120779,0.4135405
2202989652,0.1269496,0.6604476,0.21260282
2203430737,0.22546819,0.4184188,0.35611302
2203544654,0.38469836,0.34698054,0.26832107
2203671357,0.2576175,0.45037338,0.29200903
2203773770,0.3524247,0.32651386,0.32106146
2204143403,0.533611,0.1764042,0.28998482
2204440828,0.28656456,0.43288928,0.2805462
2204570508,0.32375622,0.34574088,0.3305029
2205029462,0.77687335,0.063352354,0.15977427
2206086474,0.17743692,0.59982955,0.22273351
2206107717,0.38015723,0.17596339,0.44387937
2206254027,0.7159972,0.121580265,0.1624225
2206386265,0.5261427,0.30287892,0.17097837
2207746654,0.22679749,0.4026432,0.37055928
2207819937,0.4125201,0.3010094,0.28647047
2207977545,0.5890367,0.22832774,0.18263559
2208838923,0.12394478,0.26857123,0.6074839
2209210360,0.56319326,0.20587365,0.23093311
2209356033,0.30294988,0.30200958,0.3950405
2209533273,0.3621947,0.3069736,0.33083174
2209636559,0.34638634,0.3942579,0.25935575
2209846522,0.40740934,0.32494372,0.26764694
2210403189,0.33927768,0.33038047,0.33034182
2211059561,0.41462553,0.2546826,0.33069187
2211472373,0.59495014,0.17791101,0.22713883
2211884963,0.24784873,0.2648545,0.48729682
2212200400,0.18107216,0.27154866,0.5473792
2212456961,0.6152719,0.12568372,0.25904435
2213598791,0.316728,0.5001379,0.18313406
2214766295,0.27144456,0.23093434,0.49762112
2214835295,0.20324002,0.37591228,0.42084768
2215004757,0.35156906,0.3102472,0.33818373
2215247186,0.38669226,0.36797342,0.24533433
2215420104,0.25100505,0.37279975,0.37619525
2216081009,0.20312479,0.41003036,0.38684478
2216312914,0.48826036,0.27361897,0.23812075
2216357506,0.3000691,0.46243367,0.2374972
2216737075,0.1895219,0.40077165,0.4097065
2217249332,0.6978483,0.020541547,0.28161016
2217619276,0.7229842,0.15063101,0.12638475
2217727652,0.42698845,0.1388892,0.43412232
2217952017,0.28801975,0.48287585,0.22910438
2218309474,0.48543254,0.14809984,0.36646765
2218402013,0.26225784,0.25849625,0.4792459
2218746051,0.30540842,0.3959992,0.2985924
2219076257,0.5107251,0.18280546,0.3064695
2219250732,0.3497073,0.36750987,0.28278282
2219634890,0.07982319,0.8032422,0.11693458
2219917767,0.543992,0.21687421,0.23913375
2220041676,0.37857115,0.33880275,0.28262612
2220195175,0.49643603,0.22584689,0.27771714
2220399570,0.20597851,0.52610594,0.2679155
2220590916,0.28019395,0.39064276,0.3291633
2220711246,0.57961595,0.091831,0.32855302
2220761176,0.27241138,0.29922432,0.42836428
2220866176,0.5223903,0.30485603,0.17275366
2221319574,0.34510556,0.43471637,0.2201781
2221526575,0.08631514,0.7173626,0.19632228
2221603875,0.5659222,0.18317737,0.25090042
2221652417,0.5442546,0.18068112,0.2750643
2221803121,0.14135645,0.7092347,0.14940888
2222124499,0.36981535,0.24645515,0.38372958
2222169054,0.22333317,0.48648924,0.2901776
2222739776,0.50907254,0.25945306,0.23147435
2223006008,0.29141504,0.4120542,0.29653072
2223232595,0.6053112,0.15363513,0.24105364
2223788993,0.5901502,0.13799144,0.2718584
2223824129,0.24417412,0.57426894,0.18155694
2224813060,0.32087055,0.37863898,0.30049044
2226007862,0.65472233,0.22533551,0.11994219
2226971871,0.24143536,0.49021888,0.26834574
2227521253,0.48567384,0.2629052,0.25142094
2228226856,0.15408999,0.6558634,0.19004668
2228879262,0.20961815,0.51310176,0.2772801
2229450001,0.200844,0.48249796,0.31665805
2229567364,0.16902772,0.63786125,0.19311105
2230189683,0.34374896,0.30560482,0.35064623
2230373425,0.33370423,0.26383355,0.40246224
2230490451,0.11653979,0.6384945,0.24496579
2230577655,0.23487668,0.16838495,0.5967384
2231078833,0.27026471,0.4500277,0.27970764
2231089720,0.28394532,0.5670496,0.14900504
2231149122,0.75660616,0.07115991,0.1722339
2231453694,0.06898531,0.7429568,0.18805782
2231800101,0.6564283,0.10678321,0.2367885
2231830378,0.09188714,0.7435789,0.16453396
2232017903,0.29310483,0.24072024,0.46617493
2232293135,0.515386,0.23518473,0.24942932
2232608521,0.36295182,0.31771496,0.31933323
2232889772,0.44272602,0.23242664,0.32484734
2232999735,0.5420619,0.13683164,0.32110637
2233729781,0.34161037,0.38367587,0.27471375
2233733742,0.4476153,0.3298398,0.22254483
2234359501,0.8055724,0.08139135,0.113036215
2234684996,0.34286508,0.40914574,0.2479892
2234790440,0.42798564,0.14308746,0.4289269
2235222016,0.3166429,0.3622304,0.32112667
2235585427,0.19095537,0.2436924,0.5653522
2236327909,0.21732822,0.2075784,0.5750933
2236509980,0.33125487,0.3397177,0.32902744
2236755557,0.32104477,0.2863135,0.39264166
2236887519,0.19246794,0.5695002,0.23803186
2237263377,0.6927286,0.08269878,0.22457264
2237534851,0.017897574,0.9176385,0.064463936
2238130727,0.30913642,0.4851808,0.20568283
2238283727,0.07856934,0.6303852,0.29104546
2238367374,0.32392445,0.40979457,0.266281
2239632718,0.26232925,0.4351601,0.30251062
2239711152,0.085355565,0.8040252,0.110619254
2239867231,0.30415574,0.44609424,0.24974996
2240293149,0.43650645,0.33075857,0.23273492
2240346615,0.52522886,0.22904828,0.24572285
2241183216,0.40862823,0.29295892,0.29841286
2242157227,0.43537518,0.16662867,0.3979961
2242492320,0.5882563,0.15505436,0.25668937
2242769958,0.30117154,0.41073224,0.28809625
2242854420,0.27322963,0.44052726,0.28624308
2242947853,0.5953569,0.13599205,0.268651
2243780214,0.36411342,0.22383861,0.41204798
2243938710,0.36416557,0.33951372,0.29632074
2244526251,0.15814912,0.27765673,0.5641942
2244954187,0.6257718,0.1645233,0.20970483
2245551107,0.6234204,0.15885043,0.21772912
2245812667,0.25055087,0.33988604,0.40956303
2246018876,0.89763564,0.08211242,0.020251945
2246262036,0.28196713,0.22843964,0.4895932
2247316302,0.15778399,0.6583393,0.1838767
2247618147,0.19815846,0.300859,0.50098246
2247635553,0.3242988,0.23251878,0.4431824
2248075480,0.33522913,0.25772107,0.40704978
2248090018,0.24606214,0.44805786,0.30587998
2249557420,0.32696423,0.34323657,0.32979926
2249973675,0.4546254,0.26302487,0.28234977
2250499313,0.37669513,0.2802393,0.3430655
2250982149,0.17473243,0.6406922,0.18457538
2251132047,0.3368824,0.29839152,0.36472604
2251308934,0.24320056,0.3143403,0.44245917
2251743450,0.20356335,0.21944901,0.5769876
2252182653,0.3108618,0.23161393,0.45752433
2253230644,0.43928507,0.34249094,0.218224
2254049087,0.35628834,0.30657843,0.33713323
2254256351,0.2323279,0.40240535,0.36526674
2254415746,0.33638152,0.36627677,0.29734167
2254553245,0.556637,0.22872508,0.21463798
2254740599,0.29251668,0.42746225,0.28002107
2254853848,0.4411073,0.26933384,0.28955883
2255076496,0.29458734,0.41856468,0.28684798
2255355243,0.21579765,0.6296236,0.15457875
2255449278,0.23957385,0.50740355,0.2530226
2255478221,0.39860043,0.15190493,0.44949457
2256031281,0.2756001,0.3046602,0.41973966
2256225408,0.42181623,0.29609537,0.28208843
2257316452,0.27707386,0.509241,0.21368517
2257369091,0.3981346,0.27412483,0.32774055
2257531837,0.4014871,0.15647264,0.44204026
2257767527,0.3644589,0.31851718,0.31702393
2257839218,0.38595176,0.32668924,0.287359
2258050080,0.5103399,0.25342423,0.23623586
2258059902,0.25261799,0.51744735,0.22993463
2258935853,0.53126615,0.23408544,0.23464839
2259131549,0.27772346,0.17437457,0.547902
2259160443,0.3831022,0.2636921,0.35320562
2260290866,0.4787863,0.23323143,0.28798234
2260565634,0.41638348,0.2842949,0.29932156
2260669454,0.35093033,0.34065124,0.3084184
2260888405,0.36264488,0.20496343,0.43239167
2262219885,0.34227198,0.33460873,0.32311928
2262729258,0.40160745,0.31710336,0.28128916
2262984262,0.27604416,0.26528624,0.45866957
2263068461,0.1673477,0.46200427,0.37064806
2263319810,0.33395875,0.39909172,0.2669495
2263473957,0.6525299,0.14343841,0.20403169
2263654950,0.17032337,0.0601149,0.76956177
2263764985,0.62543136,0.14709902,0.22746964
2263793654,0.48546472,0.1979216,0.31661364
2264684163,0.7262645,0.09940725,0.17432834
2264807611,0.35496742,0.42857885,0.21645378
2265446642,0.43941885,0.33554,0.2250411
2265703564,0.15143977,0.67400485,0.17455535
2266011438,0.26111516,0.4637955,0.2750893
2266396135,0.41263285,0.22764345,0.35972378
2266762540,0.38142902,0.27032086,0.34825015
2266943167,0.3187249,0.17407554,0.5071995
2267017888,0.46360958,0.20459294,0.3317975
2267571209,0.23136051,0.19812047,0.57051903
2267668361,0.27995482,0.23052888,0.48951632
2268008057,0.4244313,0.24785836,0.3277104
2268027020,0.36359417,0.3650978,0.27130803
2268195059,0.4304244,0.26520154,0.3043741
2269004033,0.47670037,0.22507049,0.29822913
2269707932,0.11628876,0.7277499,0.15596132
2269934771,0.48936003,0.18098193,0.329658
2270935320,0.14465371,0.67588663,0.17945966
2271050263,0.24996904,0.3182889,0.43174207
2271643969,0.25418517,0.20643117,0.53938365
2271646574,0.47247413,0.2514657,0.2760601
2271801363,0.6753303,0.12970747,0.19496228
2272118578,0.218288,0.63149965,0.15021236
2272619561,0.19544071,0.5498328,0.2547265
2273093418,0.32647732,0.39430964,0.27921298
2273156554,0.25518116,0.36408985,0.38072902
2273268701,0.46223858,0.21167517,0.32608628
2273765543,0.1747968,0.65936154,0.16584165
2273830963,0.5431531,0.16361502,0.29323184
2274188790,0.08012,0.7974617,0.122418374
2274812571,0.46236476,0.2026903,0.33494484
2275196632,0.14096811,0.4741697,0.38486224
2275408546,0.1915682,0.5685079,0.23992391
2275838773,0.70069724,0.1036165,0.19568627
2276933411,0.3320515,0.34278804,0.3251605
2277870743,0.49998385,0.12769169,0.3723244
2277899066,0.1936436,0.4349496,0.3714068
2278000869,0.40508586,0.25321308,0.34170106
2278065708,0.20577382,0.39421096,0.40001526
2278273398,0.16996458,0.71360654,0.11642888
2278365498,0.30536547,0.17450298,0.5201316
2278373542,0.3489767,0.36285603,0.28816727
2279077414,0.22558662,0.11964492,0.6547684
2279437074,0.26889363,0.5210133,0.21009311
2280051715,0.28560376,0.20317332,0.5112229
2280327386,0.35541642,0.31610268,0.3284809
2280645086,0.6254293,0.18299294,0.1915778
2280854288,0.3293092,0.32912576,0.341565
2280994492,0.31423005,0.42295018,0.26281977
2281139611,0.30780494,0.25274983,0.4394452
2281386593,0.46962494,0.1960781,0.33429688
2282865392,0.52467847,0.2291955,0.24612601
2283403797,0.43338957,0.22762698,0.3389834
2284210243,0.229827,0.15841292,0.61176014
2284533661,0.3527618,0.32579803,0.32144016
2284759470,0.10073781,0.66657364,0.23268852
2285457781,0.33975387,0.16973713,0.49050903
2285895847,0.3437934,0.41625533,0.23995125
2285910191,0.16060863,0.5784401,0.26095122
2286660757,0.6702733,0.1265714,0.20315526
2287081793,0.562096,0.2109497,0.22695434
2287683987,0.43315938,0.26365373,0.30318686
2287815533,0.26859772,0.33395427,0.39744803
2287851223,0.58914673,0.193444,0.2174093
2288361124,0.4354993,0.30193222,0.26256847
2289389172,0.3643962,0.37342095,0.26218286
2289517779,0.43578452,0.24963754,0.314578
2289684245,0.35977772,0.29160622,0.3486161
2289729730,0.25287375,0.4665544,0.28057185
2289740215,0.53341854,0.18374096,0.28284046
2289812097,0.43786436,0.2180435,0.34409216
2289947494,0.35073414,0.27098542,0.3782805
2290329997,0.3483169,0.3233861,0.328297
2290555103,0.27647236,0.46349567,0.260032
2290892037,0.377434,0.32179177,0.30077422
2290962342,0.48745266,0.34875804,0.1637893
2291723570,0.31670544,0.30471244,0.37858215
2291733501,0.29420462,0.42615205,0.27964333
2291808103,0.4680118,0.21359675,0.3183914
2291864173,0.36871514,0.31725213,0.31403273
2292155636,0.08015456,0.7962845,0.123560905
2293399016,0.16849717,0.62365246,0.20785037
2293835844,0.24580482,0.5436235,0.21057163
2293955653,0.4328147,0.26509586,0.30208948
2293979269,0.3241932,0.43364933,0.2421575
2294165229,0.4468579,0.26136738,0.29177472
2294486120,0.27473557,0.39139882,0.33386558
2294828168,0.50194985,0.24734358,0.25070664
2295055565,0.399761,0.306188,0.29405105
2295127697,0.2969086,0.26905096,0.43404046
2295159014,0.26671767,0.4840298,0.24925257
2295781502,0.36620843,0.26843646,0.36535507
2296460771,0.34708992,0.32622164,0.32668844
2296546760,0.23515017,0.5772504,0.18759944
2297058199,0.58074915,0.17718248,0.2420684
2297063421,0.6174879,0.1683186,0.2141935
2297274590,0.2643915,0.44519573,0.29041275
2297583177,0.69804585,0.11896527,0.18298888
2298369228,0.119283766,0.18113098,0.69958526
2298429166,0.2970874,0.4060714,0.29684123
2299107697,0.49422202,0.23927797,0.26649994
2299114145,0.14767167,0.6113342,0.24099416
2299497095,0.1817424,0.34385687,0.47440073
2299555816,0.57384366,0.14534514,0.28081125
2300049402,0.19707748,0.5133733,0.28954917
2300272834,0.32437226,0.34376463,0.33186314
2301258056,0.5581599,0.21691298,0.22492719
2301681585,0.2823053,0.31287768,0.40481704
2301743679,0.5195244,0.25661692,0.22385864
2302660513,0.40891773,0.32579952,0.26528272
2302898595,0.14915498,0.32745713,0.5233879
2303123446,0.61558115,0.18799488,0.19642396
2303500060,0.5512231,0.20859902,0.24017788
2304932627,0.33587387,0.39553142,0.26859468
2305125462,0.54703164,0.19194357,0.26102474
2305773365,0.52709246,0.21136981,0.26153773
2305832519,0.6773809,0.1357599,0.18685918
2306158892,0.39410463,0.15555635,0.45033902
2306728147,0.1745035,0.57740456,0.24809192
2306780720,0.6292018,0.14575559,0.22504264
2307613803,0.2093753,0.24707983,0.5435448
2307738287,0.63344175,0.14447875,0.22207958
2308056653,0.110134915,0.63294035,0.25692475
2308195178,0.18721297,0.5496598,0.2631272
2308330725,0.6040914,0.19232082,0.2035878
2308479717,0.35820237,0.35354096,0.28825668
2309166917,0.28158057,0.31068996,0.4077294
2309750044,0.31366763,0.26783475,0.41849765
2309995677,0.21732682,0.59627783,0.1863954
2310008278,0.62320065,0.15808794,0.21871136
2310055574,0.18538454,0.31240204,0.5022134
2310319268,0.28340992,0.43791795,0.2786722
2310790161,0.36620942,0.3226667,0.31112385
2311217018,0.45286125,0.3133287,0.23381011
2311267838,0.41845864,0.27942166,0.30211973
2311282983,0.49791363,0.28233892,0.21974744
2311514100,0.32760447,0.45831454,0.21408094
2311660940,0.80178976,0.06258878,0.13562153
2312249551,0.37342313,0.2924751,0.33410174
2312648846,0.21164873,0.55569005,0.23266119
2312693749,0.15548933,0.6811223,0.16338842
2313201247,0.4978968,0.23073459,0.2713686
2313258219,0.5193192,0.23819098,0.24248987
2313406746,0.09496853,0.7126846,0.19234696
2313502473,0.11520031,0.7478539,0.13694587
2313754418,0.30393666,0.34377652,0.35228682
2314174093,0.21087961,0.61533403,0.17378636
2314225819,0.3068228,0.23405945,0.45911777
2314932729,0.27042192,0.31391907,0.41565904
2315645004,0.7296216,0.09546534,0.17491317
2315831687,0.51367605,0.18190518,0.30441883
2317251819,0.56190675,0.19146107,0.2466322
2317786994,0.48306742,0.2697585,0.2471741
2318076349,0.5486387,0.20146129,0.24989997
2318864134,0.3105988,0.33838543,0.35101575
2319386245,0.52581924,0.18301792,0.29116285
2320409844,0.076824,0.81370336,0.109472625
2321393773,0.40666214,0.29841986,0.294918
2321702360,0.08430134,0.7398837,0.17581487
2323063862,0.39276034,0.2911793,0.3160604
2323099772,0.59012055,0.1969263,0.21295315
2323578808,0.17289852,0.24483675,0.58226466
2323876640,0.15260032,0.44516584,0.40223384
2324047978,0.3376695,0.36943874,0.29289177
2325095439,0.2277663,0.4094628,0.3627709
2325299363,0.31134993,0.2247221,0.463928
2325510231,0.37780637,0.2871321,0.33506152
2326031568,0.33225736,0.3382432,0.32949942
2326268774,0.78788775,0.07888409,0.13322811
2326759839,0.33314636,0.35847935,0.30837432
2328035627,0.3780467,0.23155575,0.39039755
2330244104,0.54789895,0.22148578,0.23061529
2331286007,0.3561212,0.33859217,0.30528665
2331395679,0.169377,0.61163545,0.21898751
2331947344,0.44832852,0.3610814,0.19059005
2331952789,0.28305227,0.28394198,0.43300575
2332425877,0.18225782,0.57245976,0.24528246
2332689386,0.29747614,0.26600596,0.4365179
2332929307,0.35679865,0.26121953,0.38198182
2332983134,0.69420415,0.09257986,0.21321604
2333320573,0.31917298,0.34475803,0.336069
2333538607,0.317666,0.3057279,0.3766061
2333714985,0.25413805,0.44829154,0.29757038
2333887206,0.40350243,0.33556223,0.2609353
2333925818,0.16380523,0.632788,0.20340677
2333982364,0.4112674,0.33358636,0.25514627
2334840002,0.26446262,0.53251165,0.2030257
2335551785,0.19153717,0.54468715,0.26377568
2336199642,0.2956614,0.23830312,0.4660355
2336550039,0.09630918,0.57174975,0.33194107
2336585598,0.21437243,0.5235961,0.2620314
2336837527,0.5100667,0.2507956,0.23913772
2338085144,0.59689534,0.13160574,0.27149892
2338132555,0.46070743,0.2385383,0.30075425
2338208996,0.16036758,0.7400646,0.09956782
2338237681,0.4086626,0.33558112,0.2557563
2338622811,0.40266165,0.29665956,0.30067882
2339554642,0.32784948,0.39915574,0.27299482
2339747669,0.5455416,0.16440715,0.29005122
2339996787,0.26399288,0.3076885,0.42831865
2340590860,0.44640377,0.26989645,0.28369978
2341722441,0.5821646,0.13085069,0.28698474
2341866992,0.39390302,0.26591462,0.3401824
2342398307,0.40839556,0.23738784,0.35421664
2342576587,0.6796343,0.1374267,0.18293905
2343045079,0.39002872,0.25606248,0.35390872
2343503527,0.32165417,0.51908296,0.15926282
2343519747,0.23935223,0.48579854,0.27484918
2344052197,0.65101755,0.14187604,0.20710635
2344456691,0.35457578,0.17784622,0.467578
2345035538,0.5159512,0.23649986,0.24754897
2345198242,0.3295328,0.4242613,0.24620596
2345379135,0.58258444,0.17543474,0.24198087
2345613654,0.30935016,0.39920625,0.2914436
2345812599,0.48418126,0.16231684,0.35350192
2346275613,0.1904007,0.11477032,0.694829
2346491499,0.43174025,0.20129985,0.3669599
2346520795,0.1871613,0.40776196,0.40507668
2346673236,0.022483781,0.030977856,0.94653845
2346921569,0.24248378,0.3412583,0.41625792
2347112939,0.84449214,0.04613757,0.10937029
2347526893,0.29987034,0.4436924,0.25643733
2348203972,0.25101495,0.44581822,0.30316684
2350338088,0.2868781,0.31974223,0.3933797
2351442663,0.2914632,0.3800104,0.3285264
2351935791,0.2600535,0.45848286,0.28146365
2352099868,0.5116507,0.26758096,0.22076842
2352180360,0.34986994,0.36251873,0.2876113
2352348601,0.20216587,0.644449,0.15338518
2352431330,0.1970883,0.22002147,0.5828902
2352867633,0.5018209,0.14367731,0.35450175
2353637742,0.3740772,0.32777968,0.29814312
2353648453,0.34473273,0.3267477,0.32851958
2353850388,0.13276385,0.33656096,0.5306751
2354592231,0.32899886,0.25071648,0.42028463
2355293466,0.3694007,0.34865037,0.28194895
2355415587,0.78890586,0.06329474,0.14779937
2355484813,0.26554763,0.3269967,0.40745565
2355619596,0.56539655,0.18005118,0.25455225
2355708514,0.6102488,0.1800543,0.20969696
2355875200,0.22944653,0.4973189,0.27323455
2355929182,0.47077373,0.19522795,0.33399826
2356017669,0.5862554,0.2054059,0.20833874
2356152393,0.3521748,0.37128997,0.27653518
2356290966,0.55889153,0.1412415,0.29986688
2356327797,0.23502979,0.5452224,0.21974783
2356489124,0.5671318,0.21488054,0.21798767
2356506776,0.2558972,0.5339672,0.21013558
2356592947,0.16597573,0.61899316,0.21503106
2356642656,0.33211088,0.30797645,0.35991263
2356752317,0.44834396,0.26196545,0.28969052
2357352435,0.1990194,0.5595298,0.24145082
2358305094,0.26039705,0.50028735,0.23931557
2358362875,0.51431215,0.21815674,0.26753116
2358731578,0.6431578,0.12779346,0.2290487
2358770316,0.29886082,0.41554338,0.28559577
2359847421,0.4772971,0.24270928,0.27999368
2360118703,0.7413851,0.084019825,0.174595
2360297429,0.68748516,0.10293642,0.20957842
2361209345,0.38691825,0.30517405,0.30790767
2361248529,0.30719638,0.34487817,0.34792545
2361431683,0.059166383,0.8449498,0.095883876
2362653296,0.15933152,0.5082262,0.33244225
2362689697,0.30475065,0.4344369,0.26081243
2362949082,0.12823002,0.30664194,0.565128
2363068835,0.25841513,0.42594665,0.3156382
2363968375,0.25597045,0.42248797,0.32154158
2364109292,0.14042401,0.5129812,0.34659475
2364173573,0.6509138,0.12274855,0.2263377
2364294511,0.06197937,0.73584515,0.20217551
2364673687,0.41105902,0.25333354,0.33560747
2365146496,0.24081782,0.5182469,0.24093533
2365475197,0.5100256,0.25771296,0.23226143
2365589842,0.8983321,0.080688216,0.020979645
2365656836,0.43050116,0.285005,0.28449386
2365734185,0.2758824,0.4516441,0.2724735
2366827782,0.47048843,0.26643428,0.26307726
2367859175,0.2920753,0.4323615,0.27556318
2368250935,0.3563829,0.27270335,0.37091377
2369165481,0.5085194,0.23981886,0.25166175
2369223533,0.57329124,0.20401427,0.22269449
2369334574,0.36363712,0.31675377,0.3196091
2369383479,0.33781716,0.30320063,0.3589822
2369622430,0.18637435,0.5249559,0.2886697
2369825058,0.36907464,0.3145638,0.31636158
2370023211,0.7023294,0.050095756,0.24757485
2370414599,0.24929024,0.50345427,0.24725547
2370674351,0.19343777,0.41354924,0.39301294
2370768447,0.46022063,0.18989079,0.34988862
2371473513,0.022483781,0.030977856,0.94653845
2371542691,0.5787903,0.19849294,0.22271675
2372260626,0.7478726,0.086364605,0.16576272
2372493127,0.44660002,0.33019644,0.2232035
2372837053,0.44510135,0.309509,0.24538963
2373228432,0.23746218,0.3000397,0.46249813
2374017527,0.3492984,0.33308768,0.317614
2374502905,0.4703112,0.24871291,0.28097585
2375051642,0.37541136,0.25822166,0.366367
2375510515,0.41972414,0.24795464,0.3323212
2376124689,0.24694985,0.43784392,0.31520617
2376398310,0.51092815,0.18201762,0.3070542
2376408548,0.5154893,0.21463445,0.26987627
2376676271,0.42228922,0.3918907,0.18582013
2376977609,0.4920691,0.24318756,0.26474336
2378088335,0.3733961,0.3551407,0.27146316
2379580836,0.41861102,0.08441662,0.4969724
2379788838,0.39203772,0.302906,0.3050563
2379926825,0.25601512,0.4754754,0.26850948
2380014412,0.26193103,0.5013957,0.23667331
2380076794,0.2510744,0.3637192,0.38520634
2380445478,0.5407965,0.24279441,0.21640907
2380935263,0.61742866,0.12234066,0.26023066
2380960327,0.580283,0.15135728,0.26835972
2381207637,0.36396447,0.35693818,0.2790973
2381848953,0.43611112,0.25230214,0.31158677
2381933184,0.58499855,0.18697812,0.22802328
2382079084,0.5368846,0.21907581,0.24403958
2382212556,0.4345677,0.26611108,0.29932123
2383312604,0.78072405,0.085704476,0.13357149
2383976338,0.38103086,0.12008388,0.49888533
2384961100,0.67485684,0.13197722,0.19316597
2385070867,0.48597264,0.23046076,0.2835666
2385445230,0.11084306,0.51301104,0.3761459
2385647784,0.19074789,0.54995376,0.25929835
2387156917,0.19967195,0.5647239,0.23560412
2387299949,0.44324347,0.23990145,0.3168551
2387870230,0.27282968,0.27619234,0.45097798
2388005029,0.30892664,0.5588276,0.13224581
2388758365,0.43265435,0.24509689,0.3222487
2390109336,0.26413694,0.48834518,0.2475179
2390163536,0.34720728,0.39472532,0.25806743
2390750850,0.30383408,0.26535577,0.43081012
2391180878,0.6397251,0.14799733,0.21227762
2391193825,0.27681935,0.48068824,0.24249236
2392219678,0.44844866,0.23837604,0.31317532
2392458879,0.27342084,0.4539866,0.2725926
2392503956,0.28379673,0.34245393,0.37374938
2392570114,0.45290095,0.24894731,0.2981517
2393235431,0.3060906,0.4544147,0.2394947
2393529819,0.19367272,0.18488452,0.6214428
2394275136,0.46838668,0.21779573,0.31381753
2394805352,0.26619408,0.41040277,0.32340315
2395286118,0.36245534,0.38227627,0.25526834
2395559659,0.27527803,0.31712127,0.40760073
2395615873,0.43425786,0.3064674,0.2592747
2395706227,0.21733831,0.5338784,0.24878334
2396072745,0.2929926,0.443303,0.26370448
2397442769,0.3561224,0.29676437,0.3471132
2397837688,0.36352667,0.35984656,0.2766267
2398095093,0.42221865,0.27186868,0.30591264
2398121704,0.5693672,0.1950312,0.23560165
2398514715,0.64194477,0.14455077,0.21350443
2399199971,0.24130318,0.20476887,0.5539279
2400137366,0.27616903,0.47398245,0.24984854
2400585341,0.88487625,0.040231675,0.0748922
2400598961,0.10875499,0.5488126,0.34243238
2401599286,0.25331485,0.43071827,0.3159669
2402112717,0.58366084,0.10369334,0.31264585
2402143172,0.5924995,0.194754,0.21274649
2402412891,0.20282908,0.5564058,0.24076517
2403336071,0.17058527,0.61292243,0.21649228
2403963555,0.37644637,0.256652,0.3669016
2404318198,0.25470504,0.27922443,0.46607053
2404409629,0.30270654,0.4180505,0.27924296
2404672314,0.4661841,0.17826198,0.355554
2404871099,0.19646476,0.55790174,0.24563347
2404911115,0.17074515,0.4049978,0.4242571
2404996904,0.24154903,0.54004866,0.21840231
2405290303,0.7383499,0.13049527,0.1311548
2405296846,0.33150303,0.4167989,0.2516981
2405845211,0.451478,0.09606329,0.4524587
2405923122,0.30439866,0.343662,0.35193935
2406200183,0.16429788,0.25748473,0.5782173
2406505814,0.2105934,0.5149283,0.27447826
2406867205,0.31246728,0.36031255,0.32722014
2406904841,0.32455006,0.31969503,0.35575497
2408268496,0.58528054,0.14784458,0.26687488
2408546081,0.1332375,0.6892135,0.17754897
2409415121,0.6718127,0.12835576,0.19983152
2409447887,0.38930508,0.26286888,0.347826
2409463282,0.74688905,0.06759373,0.1855172
2409640027,0.6133886,0.18474825,0.20186311
2410111536,0.2731535,0.47658804,0.25025842
2410661221,0.46985632,0.26006013,0.2700836
2410848509,0.36350927,0.40108094,0.23540983
2411012161,0.17805101,0.22187455,0.6000744
2411451508,0.1809383,0.27850413,0.54055756
2411832353,0.33361256,0.3358344,0.330553
2412376208,0.22532688,0.2939062,0.48076692
2412378218,0.52346146,0.20702861,0.2695099
2413046500,0.4340777,0.0973309,0.46859136
2413434807,0.20562398,0.40810007,0.38627592
2413593685,0.3403449,0.405113,0.2545421
2413676241,0.2482559,0.37010786,0.38163623
2413681479,0.36714053,0.3566993,0.27616018
2413712644,0.45151126,0.32298166,0.22550714
2414392673,0.4209917,0.36583722,0.21317106
2414828967,0.2977667,0.47172043,0.2305129
2415045793,0.3534886,0.37978515,0.2667262
2415117415,0.18321258,0.56875867,0.24802878
2415203448,0.25086585,0.43734425,0.31178993
2415848198,0.34974098,0.21750037,0.4327586
2416001324,0.2741759,0.39206806,0.33375606
2416147240,0.741625,0.086519144,0.17185582
2416871302,0.2608481,0.13674676,0.60240513
2417173181,0.3764779,0.29913196,0.3243902
2417918030,0.29285717,0.467171,0.23997182
2418670405,0.41235083,0.33011273,0.25753647
2418861878,0.32670495,0.21189202,0.46140298
2419250808,0.22546473,0.5583463,0.216189
2419304517,0.30591068,0.29552966,0.3985596
2419646246,0.31324393,0.43531242,0.2514436
2419772457,0.2199854,0.339092,0.4409226
2419934561,0.3006858,0.35420874,0.34510547
2420772777,0.38415176,0.3288114,0.2870368
2421396681,0.51342505,0.18529437,0.3012806
2422989664,0.32321402,0.37172747,0.3050585
2423133596,0.2894281,0.3736177,0.33695415
2424666996,0.6685694,0.124024086,0.20740657
2424797597,0.45769638,0.22363329,0.3186704
2425249061,0.55306846,0.16214347,0.28478807
2425323743,0.20385304,0.13737917,0.65876776
2425509651,0.3261738,0.4370938,0.23673244
2426531397,0.5687859,0.14552613,0.28568798
2426990576,0.6624998,0.15321124,0.184289
2427267681,0.34753722,0.24773008,0.4047326
2428554762,0.61115736,0.1923983,0.19644432
2428573111,0.14813806,0.63493544,0.21692649
2428774139,0.110116154,0.65185666,0.23802719
2429897802,0.68563014,0.12113767,0.19323213
2432098968,0.485566,0.23347963,0.28095433
2432229497,0.3133267,0.46209905,0.22457424
2432775037,0.76512516,0.07926925,0.15560561
2432910988,0.6160767,0.1558024,0.2281209
2432913498,0.4741516,0.32419702,0.2016513
2433383882,0.77985704,0.07327476,0.14686817
2434103443,0.3450475,0.28441304,0.3705395
2435006213,0.4548427,0.19157204,0.3535853
2437410490,0.34184816,0.34603745,0.3121144
2438089886,0.29194066,0.2783892,0.42967013
2438122295,0.5144945,0.17351897,0.3119865
2438142445,0.17796618,0.24056911,0.5814647
2438299377,0.19199917,0.21379569,0.5942051
2438492230,0.37882212,0.2647604,0.35641745
2440276846,0.38680673,0.31059444,0.3025988
2440285544,0.2214354,0.4385286,0.340036
2440321478,0.8270549,0.059642084,0.11330304
2440569942,0.3433597,0.2841203,0.37252
2441659645,0.57229936,0.2889631,0.1387376
2441947142,0.26418066,0.5237834,0.21203597
2442163720,0.43849173,0.28665292,0.2748553
2442306753,0.2805128,0.32128602,0.39820114
2443031308,0.52962464,0.23954885,0.23082657
2443067680,0.12761681,0.1685708,0.70381236
2443219581,0.40967652,0.23699254,0.3533309
2444074088,0.4009606,0.32635304,0.27268636
2444220411,0.53865,0.19599809,0.26535192
2444682958,0.323293,0.36511898,0.31158802
2445416170,0.27017984,0.43196186,0.29785836
2445419698,0.60261464,0.13108648,0.26629883
2445425357,0.57716644,0.14905642,0.2737772
2445969931,0.39684638,0.40121654,0.20193706
2446339555,0.56056476,0.18773559,0.25169963
2446509163,0.3389514,0.37154087,0.2895077
2446981203,0.4030018,0.25631815,0.34068003
2447456729,0.49204296,0.24922556,0.2587315
2447683950,0.21403527,0.56058556,0.22537915
2447744300,0.3137951,0.42312112,0.26308385
2448129635,0.686491,0.10387843,0.2096306
2448239722,0.36929503,0.15119557,0.47950938
2448375763,0.022830222,0.033272386,0.9438974
2448409697,0.33171904,0.3556509,0.31263003
2448980882,0.63769644,0.077996664,0.2843069
2449433053,0.55792147,0.09969781,0.34238064
2449732011,0.09010185,0.68490696,0.22499122
2449743491,0.40299,0.39313003,0.20387997
2449871281,0.26669103,0.31154242,0.42176658
2450365051,0.3153265,0.41500863,0.26966485
2450448242,0.2571112,0.2292673,0.51362157
2450579334,0.4498495,0.23553912,0.31461143
2451531444,0.23324305,0.3612533,0.4055037
2451577535,0.5322743,0.2085522,0.25917354
2453146369,0.7114051,0.11356654,0.17502837
2453159466,0.3889014,0.28649956,0.32459903
2454023635,0.48610675,0.23870648,0.27518672
2454545953,0.55068374,0.19419038,0.25512594
2454781969,0.9114448,0.021815749,0.06673944
2454831777,0.57212347,0.24188006,0.18599649
2455024904,0.3410886,0.3043004,0.354611
2455118405,0.41440699,0.44914603,0.13644695
2455543957,0.09440713,0.7142298,0.19136298
2456018347,0.5686781,0.11395161,0.31737024
2456304485,0.6098857,0.1710096,0.21910469
2456307823,0.27817577,0.4763322,0.2454921
2456768208,0.4858434,0.2783863,0.23577034
2456855128,0.30102772,0.30643275,0.39253956
2457183502,0.361238,0.26626763,0.3724944
2457643540,0.24217866,0.48146296,0.27635837
2457993649,0.29198086,0.37378097,0.3342382
2458355810,0.5636114,0.20073965,0.23564899
2459177433,0.43164077,0.32420802,0.24415119
2459634955,0.3513544,0.34013027,0.30851534
2459968571,0.31047982,0.36726546,0.32225472
2460075440,0.29560605,0.23072247,0.47367147
2460485003,0.34854886,0.3651393,0.2863119
2460680553,0.21821441,0.6237132,0.15807246
2461467284,0.2865889,0.24793874,0.46547237
2461590086,0.23915814,0.48822114,0.27262065
2462221623,0.2925655,0.4317911,0.27564332
2462471220,0.33768377,0.23628983,0.4260264
2463216319,0.20332341,0.49033505,0.30634153
2463655956,0.3502499,0.41998923,0.22976084
2463769001,0.25086057,0.24636519,0.50277424
2463939314,0.42068392,0.2197469,0.35956916
2465091103,0.41029197,0.25521123,0.33449683
2465343087,0.5574621,0.15630263,0.2862352
2465510959,0.32765245,0.33510214,0.3372454
2466153454,0.3405463,0.2925426,0.36691108
2466426038,0.66272694,0.12439696,0.21287614
2466477374,0.48113218,0.17628929,0.34257853
2466551982,0.22187325,0.4878315,0.29029524
2466648026,0.43088213,0.26273295,0.30638492
2466679068,0.922558,0.008672905,0.06876905
2466909928,0.82682794,0.061224494,0.111947566
2467462780,0.61336595,0.15930139,0.22733262
2467781647,0.05671641,0.57263577,0.37064785
2467947734,0.30056703,0.31471863,0.3847144
2469034734,0.36160696,0.27665845,0.36173463
2470373437,0.5356072,0.22037189,0.2440209
2470475161,0.27890086,0.28487876,0.43622035
2470645155,0.27002755,0.48285204,0.24712043
2471181878,0.68123585,0.120171495,0.1985927
2471382860,0.25003362,0.25771368,0.49225262
2471509783,0.29665586,0.41033155,0.29301262
2471622224,0.32341287,0.32000792,0.3565792
2471688476,0.38810977,0.29638448,0.31550577
2471866784,0.4930176,0.25264,0.25434232
2472048226,0.4200403,0.28433603,0.29562363
2472211990,0.15547742,0.318207,0.52631557
2472850573,0.20938236,0.5728742,0.21774346
2472979577,0.24857861,0.25353557,0.49788573
2473368059,0.42322448,0.1498148,0.42696074
2473440587,0.5310988,0.23218033,0.2367209
2473552561,0.34650463,0.22247627,0.43101907
2474298165,0.71220666,0.10637846,0.18141486
2474686327,0.11103959,0.63732785,0.25163254
2475067238,0.35298756,0.30081588,0.34619662
2475539676,0.2437384,0.37494838,0.38131317
2475801413,0.32263163,0.33325124,0.3441172
2476449091,0.22286063,0.55661994,0.22051942
2476480079,0.32080862,0.3994104,0.279781
2476518123,0.22385024,0.24031535,0.53583443
2477158662,0.48311362,0.09695958,0.41992688
2477438213,0.34420976,0.3224921,0.33329815
2477680686,0.45560825,0.2628974,0.28149438
2478121335,0.26713797,0.40673578,0.32612625
2478130022,0.4379646,0.2942278,0.26780766
2478982353,0.17786425,0.5100249,0.31211084
2479143980,0.2558125,0.46596637,0.2782211
2480109929,0.21118464,0.2628048,0.52601063
2481251550,0.35587853,0.24947281,0.39464876
2481402091,0.1550468,0.664259,0.1806942
2482427328,0.40562096,0.24618761,0.34819144
2482857342,0.45158398,0.29905254,0.24936345
2484200150,0.26870957,0.43720683,0.29408357
2484512397,0.46256974,0.25382465,0.28360558
2484634319,0.39752442,0.3347497,0.2677259
2485091809,0.51624197,0.2374661,0.24629198
2485272549,0.27901587,0.43607137,0.28491274
2485326449,0.361303,0.36406797,0.27462903
2485370883,0.18847606,0.62944996,0.18207395
2485898493,0.4891659,0.11747867,0.3933554
2486931548,0.3516553,0.326333,0.3220117
2488403264,0.486334,0.19969182,0.31397417
2488416969,0.4867857,0.27633774,0.23687658
2488949860,0.6583321,0.13615899,0.2055089
2489259655,0.20499578,0.6398363,0.15516792
2489348225,0.29515037,0.52554107,0.17930852
2489407890,0.35983357,0.34848598,0.2916804
2490072478,0.26058444,0.39132416,0.3480914
2490079144,0.2851519,0.5156762,0.19917187
2491208906,0.46343765,0.14053296,0.39602944
2491337969,0.27390292,0.29378077,0.43231636
2491473223,0.37647122,0.25577143,0.36775735
2492214957,0.4534354,0.25793502,0.28862962
2492680525,0.5269808,0.2115834,0.26143575
2492743513,0.3064916,0.5391528,0.15435559
2492870223,0.55016166,0.22261469,0.22722365
2493251791,0.5497752,0.29305756,0.15716726
2493704745,0.15984488,0.6019724,0.2381827
2494388229,0.6163357,0.18272556,0.20093872
2494566729,0.36675933,0.37380397,0.25943667
2495258723,0.5222071,0.16814092,0.30965197
2495266556,0.27162412,0.4498511,0.2785248
2495844896,0.47735113,0.2564885,0.2661604
2496309727,0.5835493,0.17905496,0.23739569
2496853096,0.20734648,0.58763915,0.20501438
2496978677,0.20158789,0.34805796,0.4503542
2497623677,0.4704711,0.21756592,0.311963
2497725738,0.25731373,0.3640268,0.37865946
2497807130,0.49856445,0.28043807,0.22099753
2497928834,0.4025053,0.32509148,0.27240318
2498283988,0.39108944,0.092658944,0.51625156
2498324568,0.12940404,0.6303057,0.24029025
2499095146,0.077440016,0.6209745,0.3015855
2499739111,0.40744796,0.29564315,0.29690886
2500761714,0.44996214,0.2963224,0.25371552
2500967168,0.21548368,0.54216003,0.24235629
2501377863,0.14355218,0.6443846,0.21206316
2501433346,0.34355366,0.4300914,0.2263549
2502120465,0.34300944,0.20985591,0.44713467
2502131368,0.17135583,0.24432568,0.58431846
2502431164,0.29288724,0.21669856,0.49041423
2503262105,0.30007893,0.46729976,0.23262136
2503694814,0.17010047,0.6450386,0.18486094
2503719590,0.064761154,0.90896213,0.026276719
2503856786,0.5951008,0.19558103,0.20931813
2504076181,0.39528525,0.14570054,0.45901424
2504094206,0.4608002,0.29198766,0.24721216
2504592726,0.4957293,0.18965009,0.3146206
2505685326,0.76612884,0.0659129,0.16795829
2505810749,0.6373343,0.17619555,0.18647015
2506209833,0.4168327,0.39646122,0.18670605
2506290487,0.31832626,0.22599013,0.45568362
2506297137,0.4858781,0.20590112,0.3082207
2506942834,0.5333923,0.2307225,0.2358852
2508271252,0.21849394,0.33408543,0.4474206
2508985976,0.33587864,0.3732088,0.29091257
2509100648,0.45950714,0.24027614,0.30021676
2509291530,0.31174162,0.29899108,0.38926724
2510220786,0.12867703,0.5557976,0.3155254
2511054918,0.53591603,0.22665834,0.23742566
2511076739,0.4339231,0.24907336,0.31700352
2511415612,0.20572634,0.27979532,0.5144783
2512074683,0.53156084,0.18752639,0.28091276
2512778137,0.37585324,0.12572606,0.49842077
2513727710,0.48989537,0.23333289,0.2767717
2514049594,0.94697803,0.014536255,0.03848574
2514574341,0.3565101,0.41698536,0.22650456
2514743719,0.27460977,0.37550616,0.34988406
2515454919,0.2805297,0.45128042,0.26818985
2515747611,0.49895754,0.22686496,0.27417752
2515811271,0.19219126,0.62169963,0.18610908
2516162176,0.06128569,0.0428199,0.8958944
2516593334,0.36551735,0.2659512,0.36853153
2516885776,0.16914083,0.32855898,0.5023002
2517449521,0.35002288,0.40986753,0.24010958
2517671227,0.8247962,0.06647515,0.10872868
2519561520,0.36442316,0.31784388,0.31773296
2519601593,0.42141598,0.17655066,0.40203333
2520053944,0.6644505,0.11763463,0.21791486
2520217335,0.60946846,0.13598995,0.25454155
2520584056,0.36888632,0.22869225,0.40242144
2521272800,0.38530403,0.35532647,0.2593695
2521434174,0.10222458,0.23741767,0.6603578
2521941896,0.89352876,0.016163783,0.09030747
2522003439,0.36886355,0.2676465,0.36348996
2522159886,0.33059257,0.33820313,0.3312043
2523186442,0.6086549,0.2002162,0.19112888
2523549271,0.34628406,0.38293305,0.27078292
2523730984,0.6951926,0.12504923,0.17975818
2523852801,0.3215957,0.33815062,0.34025368
2523858493,0.20684856,0.5492979,0.2438535
2523882236,0.401947,0.2650687,0.33298424
2523978998,0.19082895,0.62507224,0.1840988
2524135460,0.24037503,0.45477784,0.3048472
2524640349,0.62472093,0.055057447,0.32022163
2525171900,0.33279112,0.38140866,0.28580022
2525853381,0.077291295,0.7747993,0.14790939
2526378865,0.16365623,0.4830592,0.35328457
2526565046,0.5342205,0.18791531,0.27786416
2527049535,0.17369516,0.66072613,0.16557874
2527290915,0.22736137,0.46128446,0.31135422
2527298425,0.25029594,0.5296711,0.22003298
2527359801,0.20186976,0.3138198,0.48431048
2527655656,0.087895885,0.7941899,0.11791431
2527922056,0.5086086,0.15106478,0.34032667
2528312198,0.40180537,0.3309308,0.2672639
2528469555,0.31547266,0.33796594,0.3465614
2529574265,0.37716994,0.37760705,0.245223
2529851736,0.2911012,0.1963201,0.51257867
2530561884,0.23281845,0.46855658,0.29862496
2531538134,0.07158537,0.83323157,0.095183074
2531541752,0.27525485,0.4026795,0.3220656
2531741861,0.12631398,0.6759361,0.19774987
2531907371,0.06807745,0.7380728,0.19384976
2532152100,0.34111667,0.4821814,0.17670201
2532561587,0.33283043,0.12193932,0.54523027
2532582172,0.532389,0.12562938,0.34198165
2534012116,0.3472361,0.18730648,0.46545744
2535000291,0.61725867,0.16482796,0.21791336
2535041375,0.23514831,0.55856353,0.20628816
2535213928,0.37296897,0.30872,0.31831107
2535289177,0.34756598,0.2813738,0.3710602
2535476923,0.21522091,0.5423756,0.24240345
2535722101,0.26093587,0.4041826,0.3348815
2536097988,0.29218274,0.3772922,0.3305251
2536395377,0.50827533,0.23367561,0.258049
2536462370,0.3286252,0.34645122,0.32492357
2536577521,0.6722743,0.14926153,0.17846413
2536669978,0.25738817,0.4410188,0.30159298
2537647025,0.41149476,0.30071965,0.2877856
2537917892,0.17538275,0.68036515,0.14425218
2537996356,0.47528785,0.18346015,0.34125206
2538136286,0.44045237,0.28337845,0.27616924
2538365707,0.34814224,0.37700352,0.27485427
2539053325,0.35900807,0.3347182,0.30627376
2539120794,0.19671136,0.31353784,0.48975077
2539694555,0.39872187,0.185332,0.41594616
2539903805,0.5024686,0.22957474,0.2679566
2540178480,0.18756036,0.59305805,0.21938159
2540455607,0.5002461,0.18430619,0.31544763
2540514991,0.27590573,0.41013634,0.31395793
2540882480,0.3120353,0.33807892,0.3498858
2541012599,0.05130113,0.8578677,0.0908311
2541407986,0.4569534,0.24464034,0.29840618
2541761237,0.4235136,0.21279982,0.3636866
2541987004,0.50259835,0.21572927,0.28167236
2542703922,0.4098982,0.35209453,0.23800726
2543003841,0.56986976,0.14520548,0.28492475
2543145497,0.4936055,0.2081122,0.29828224
2543425177,0.25068074,0.247849,0.5014702
2543643731,0.36814275,0.34897545,0.2828818
2545667283,0.21728565,0.59753454,0.18517983
2546127021,0.24293368,0.4785444,0.27852196
2546241146,0.3147144,0.4541718,0.23111379
2546431269,0.4483449,0.2769005,0.2747547
2546644172,0.44365108,0.27110618,0.28524277
2547369136,0.43725124,0.21168667,0.3510621
2547762701,0.5374775,0.21913539,0.24338712
2548148604,0.28130144,0.30865258,0.410046
2548636060,0.54635364,0.20983806,0.2438083
2548823956,0.15903352,0.61037225,0.23059428
2549189756,0.51850194,0.16038226,0.3211158
2549357822,0.2970785,0.32284078,0.38008076
2549436998,0.7008729,0.11593485,0.18319228
2549540662,0.5190641,0.274094,0.20684187
2549601699,0.19865862,0.351048,0.45029336
2549952481,0.59461075,0.17306882,0.2323204
2549984791,0.30328226,0.40698642,0.28973135
2550100956,0.3781372,0.19256319,0.42929965
2550375872,0.19225457,0.4326638,0.3750816
2551628744,0.46484193,0.2764776,0.25868043
2552322088,0.44063425,0.28919938,0.2701663
2552365534,0.75225025,0.09516727,0.15258247
2552632082,0.041032437,0.85704,0.10192756
2552784170,0.861723,0.0322426,0.10603432
2553058517,0.41797605,0.276964,0.30505997
2553242423,0.16858095,0.56908756,0.26233146
2554298942,0.38124815,0.32096818,0.29778367
2554468532,0.30970466,0.374512,0.31578335
2554755362,0.24694899,0.17157386,0.58147717
2555290677,0.65460724,0.13287699,0.21251574
2555416077,0.11552381,0.72450316,0.15997304
2555569255,0.37521154,0.34694117,0.27784723
2556111406,0.20717102,0.49357167,0.2992573
2556130462,0.23873955,0.60749775,0.15376267
2556741702,0.15363774,0.69455206,0.15181017
2557621764,0.26376393,0.4827769,0.25345916
2557902369,0.5421559,0.22371294,0.23413114
2558189332,0.51377857,0.17455156,0.3116699
2558368942,0.25891072,0.48690733,0.25418198
2558987635,0.4154021,0.28868476,0.29591313
2559028283,0.1793115,0.16763768,0.6530508
2559479990,0.21458371,0.37532598,0.4100903
2559525029,0.45858863,0.3253369,0.21607444
2559743854,0.30070892,0.43643486,0.26285625
2559848281,0.24050188,0.33095422,0.4285439
2559985301,0.3086257,0.430743,0.26063132
2560146097,0.05821808,0.038201537,0.90358037
2560450378,0.36337844,0.2227586,0.413863
2560530174,0.39688927,0.2856193,0.31749144
2560932501,0.099000536,0.6671218,0.23387763
2561331620,0.21715118,0.6433429,0.1395059
2561355295,0.41529375,0.25906196,0.3256443
2561485527,0.18219571,0.39184076,0.42596358
2561584512,0.26794305,0.46642178,0.2656351
2561988130,0.5503806,0.21474372,0.23487568
2562293514,0.31848338,0.4717061,0.20981045
2562418874,0.44533402,0.1500985,0.4045675
2562699371,0.42467704,0.22142388,0.35389906
2562752302,0.26128674,0.5334308,0.20528243
2563145483,0.15263319,0.1556035,0.6917633
2563496292,0.3026829,0.44864777,0.24866934
2563503308,0.10744733,0.7026437,0.18990897
2563663382,0.19381288,0.58587515,0.22031195
2563680990,0.2694645,0.48626342,0.24427213
2564516974,0.5861859,0.20527814,0.20853598
2564775726,0.36481252,0.23537816,0.39980927
2565030718,0.33060402,0.30349582,0.36590022
2565228957,0.38989452,0.39955807,0.21054748
2566059590,0.24012429,0.5205539,0.23932186
2566227372,0.22290173,0.5879428,0.1891555
2566404808,0.37213856,0.16350372,0.4643577
2567236013,0.47536147,0.31928,0.20535855
2567537496,0.36729833,0.3335944,0.29910728
2567970683,0.6026107,0.18354645,0.21384285
2568128555,0.6508863,0.16816886,0.18094487
2568211184,0.58373106,0.1818169,0.23445204
2568213839,0.35628822,0.39168605,0.2520257
2569441550,0.4401823,0.3094557,0.25036198
2569514283,0.8464318,0.057157528,0.09641063
2569549059,0.17468672,0.5707322,0.25458112
2570192656,0.5103342,0.21211235,0.27755344
2570775538,0.2990904,0.42385104,0.27705854
2570786781,0.23795208,0.5451847,0.21686324
2570845098,0.38168132,0.38384768,0.23447101
2571449535,0.30120564,0.4121074,0.28668696
2572173053,0.19349892,0.5105875,0.29591355
2572792478,0.3953339,0.30812472,0.29654136
2572951395,0.25748843,0.5378262,0.20468535
2574463656,0.4010712,0.287148,0.3117808
2574639178,0.61155796,0.20350027,0.18494178
2575017047,0.2390666,0.29454386,0.46638948
2575888451,0.38663837,0.30099985,0.31236178
2575906208,0.40236548,0.24745576,0.3501788
2576684501,0.23586558,0.18821345,0.575921
2577353930,0.3083685,0.34945995,0.34217152
2577378462,0.38493806,0.26414594,0.35091597
2577839865,0.31782803,0.32912806,0.35304394
2578883673,0.51731056,0.17948629,0.3032032
2579269395,0.38405496,0.17506175,0.44088334
2580286529,0.39986637,0.35411885,0.24601473
2580787707,0.2101883,0.5200992,0.26971245
2580910997,0.3139872,0.3841958,0.301817
2582116002,0.39362383,0.2567195,0.34965667
2582637048,0.2897825,0.26159412,0.44862345
2583158020,0.20466729,0.35267848,0.44265422
2583523069,0.6446111,0.17759193,0.17779692
2583865924,0.31918213,0.25180918,0.4290087
2583958129,0.7658948,0.058096677,0.17600854
2585006207,0.39857826,0.28953075,0.31189096
2585489869,0.22261538,0.5768157,0.20056887
2585609231,0.5689981,0.23446193,0.19654003
2585775492,0.3434023,0.42842707,0.22817062
2585851496,0.051978823,0.09349623,0.8545249
2585974632,0.513186,0.23994255,0.24687141
2586578494,0.32067317,0.26358888,0.41573793
2586739655,0.43750116,0.20111044,0.36138836
2587262160,0.6329017,0.123807445,0.24329078
2588523118,0.719516,0.060937993,0.219546
2588657183,0.48850098,0.27318102,0.23831795
2589131468,0.4133935,0.288894,0.29771253
2589783532,0.25375256,0.39617792,0.35006946
2590031046,0.8019978,0.04325192,0.15475039
2590162089,0.15066867,0.6453729,0.2039584
2590836410,0.18326321,0.48017812,0.33655864
2591702662,0.112117,0.73229164,0.15559134
2591892208,0.34494793,0.40604,0.24901204
2592571642,0.42096317,0.21032196,0.36871484
2592637974,0.26542446,0.26212788,0.47244766
2592911514,0.4223019,0.35549495,0.22220317
2593160066,0.10945473,0.56100273,0.32954252
2593462218,0.3627169,0.3525788,0.28470433
2593572647,0.49257544,0.2817819,0.2256426
2593594832,0.2612971,0.32761568,0.41108727
2593716338,0.1669487,0.18221614,0.65083516
2593854760,0.46783036,0.24355447,0.28861517
2594182224,0.3170613,0.25549704,0.4274417
2594574393,0.5049625,0.24001776,0.25501972
2594650909,0.36616644,0.34507135,0.28876212
2594705512,0.41472033,0.13083746,0.45444223
2595337033,0.61161035,0.18788737,0.2005023
2595683588,0.6783028,0.13416918,0.18752803
2595701261,0.26699525,0.4622198,0.2707849
2595925208,0.45698974,0.23587248,0.3071378
2597478685,0.5559688,0.17026906,0.27376214
2597865438,0.36926702,0.41104263,0.21969032
2598064259,0.51039,0.24185622,0.24775381
2598065831,0.06087906,0.6655954,0.27352557
2598399363,0.15876167,0.48500854,0.35622975
2598576303,0.55115587,0.16942447,0.27941966
2598849559,0.74480796,0.098476075,0.15671606
2599147869,0.58288,0.18058895,0.23653103
2599246207,0.11237745,0.7268439,0.16077864
2599712404,0.45445192,0.32157123,0.2239769
2599914952,0.12114577,0.6383518,0.24050237
2600058357,0.5756212,0.22057568,0.20380314
2600177082,0.38284302,0.28822908,0.32892793
2600324280,0.629408,0.15654828,0.21404368
2600626761,0.3302893,0.3425828,0.32712793
2600880964,0.8218237,0.077790074,0.100386225
2601591955,0.43020326,0.27087128,0.29892552
2601595226,0.21913612,0.51268923,0.26817462
2602214486,0.47257304,0.2930595,0.23436752
2602367263,0.27308646,0.29001743,0.43689606
2602446269,0.056978982,0.74639416,0.1966269
2602641242,0.3510483,0.38577464,0.2631771
2603225062,0.18751739,0.25218222,0.5603004
2603446320,0.09679863,0.7240336,0.17916782
2603872873,0.2578442,0.28186277,0.460293
2604501060,0.30223796,0.19808936,0.49967274
2604970839,0.44942343,0.24602489,0.30455166
2605279073,0.4025164,0.26974243,0.32774118
2605659277,0.18031502,0.6393209,0.18036406
2606589474,0.23513116,0.3920009,0.37286794
2606924514,0.3262042,0.3270163,0.34677953
2607352411,0.1466634,0.73699474,0.116341904
2607451225,0.28149718,0.42168507,0.2968178
2608004280,0.1868935,0.26537797,0.54772854
2610077677,0.44715318,0.17861451,0.3742323
2610640078,0.49361223,0.3257877,0.18060002
2610729802,0.20808664,0.56282854,0.22908482
2610815167,0.56134075,0.23656912,0.2020901
2612299159,0.3892684,0.10130037,0.50943124
2612485957,0.4740685,0.2835198,0.24241172
2612871883,0.4187117,0.28007782,0.30121046
2612878108,0.09037985,0.54682016,0.3628
2613092201,0.91478145,0.005035587,0.08018297
2613459533,0.37097183,0.31542704,0.3136011
2613588831,0.2648176,0.10097968,0.6342027
2614073384,0.4926517,0.25119504,0.25615323
2614386479,0.68933374,0.10174641,0.2089198
2615187016,0.30788797,0.06769358,0.62441844
2616148140,0.4369536,0.29589155,0.26715487
2616159708,0.27856198,0.523996,0.19744204
2616859543,0.2570254,0.4849514,0.25802323
2617050258,0.05310232,0.010188493,0.93670917
2617710364,0.49853262,0.24770439,0.25376293
2619069881,0.6734396,0.16140473,0.16515562
2619784537,0.38873,0.3349536,0.27631643
2620047373,0.49545282,0.24416025,0.2603869
2620229675,0.14042476,0.54584944,0.3137258
2620267064,0.25345936,0.57920253,0.16733809
2620509848,0.53224987,0.2520936,0.21565652
2620610734,0.44600275,0.2825631,0.27143416
2620703641,0.45570675,0.24843049,0.29586273
2620977801,0.33281955,0.48285672,0.1843238
2621340907,0.13632037,0.63193595,0.23174368
2621872660,0.48175976,0.21678035,0.30145994
2621998475,0.19766036,0.568594,0.23374566
2622116483,0.33349526,0.3330727,0.33343202
2622474511,0.21954927,0.2570869,0.5233638
2622685451,0.34839734,0.38346624,0.26813644
2623024106,0.2511492,0.41749665,0.33135417
2623070494,0.08466589,0.78186905,0.1334651
2623230145,0.16492733,0.64110255,0.19397011
2623676186,0.31408265,0.2518992,0.4340182
2624005720,0.7668706,0.101849616,0.1312798
2624418664,0.19743451,0.560872,0.24169348
2624541470,0.34683615,0.25467175,0.3984921
2624561104,0.39276645,0.42036724,0.18686627
2624850642,0.09271682,0.76130456,0.14597856
2625971935,0.3666776,0.27583492,0.3574875
2626314476,0.2718797,0.45994815,0.26817214
2628423014,0.7393326,0.07947058,0.18119688
2628530656,0.29488358,0.31227428,0.39284217
2629046793,0.44324142,0.2576865,0.29907215
2630491666,0.25331017,0.5110134,0.2356764
2630495139,0.24299906,0.48476702,0.27223393
2631169024,0.11801411,0.6256479,0.25633794
2631536997,0.29478827,0.27506846,0.43014324
2631599461,0.3640562,0.244298,0.39164588
2631622005,0.42165327,0.39772412,0.18062267
2632466926,0.25541222,0.44414648,0.3004413
2632554710,0.24530049,0.2211925,0.533507
2635160633,0.3285411,0.23601404,0.43544483
2635426554,0.29886723,0.416443,0.2846898
2635494118,0.30249932,0.4187139,0.27878678
2635973803,0.17929415,0.5460099,0.27469593
2636263061,0.38617754,0.33935475,0.2744677
2636269275,0.72386056,0.11189154,0.1642479
2636360242,0.24371573,0.48634598,0.2699383
2636692683,0.20848666,0.54450655,0.24700679
2637094239,0.7600559,0.075820036,0.16412404
2637621738,0.48405376,0.22026978,0.29567647
2637813485,0.439408,0.31204626,0.24854581
2637961956,0.56353253,0.17870973,0.25775766
2638011132,0.5535831,0.2217358,0.22468112
2638305338,0.32460803,0.3315475,0.34384444
2638374459,0.4552095,0.22574648,0.31904396
2638682929,0.21452431,0.31686664,0.46860904
2639136825,0.53229517,0.22204934,0.2456555
2639143054,0.2586926,0.49534884,0.24595848
2639159231,0.6659566,0.10093671,0.23310664
2639823871,0.17870906,0.6336523,0.18763855
2639866772,0.3974533,0.2134202,0.38912654
2640100051,0.11312582,0.73890656,0.1479676
2641945281,0.74407107,0.119913146,0.13601579
2642478138,0.27160674,0.35282618,0.37556705
2642770938,0.43435457,0.1932303,0.3724151
2642911378,0.3718319,0.19879079,0.42937732
2642923752,0.42192528,0.2913352,0.28673953
2644787474,0.18675786,0.055204004,0.75803816
2644834426,0.4845809,0.24639647,0.26902264
2644889629,0.3902049,0.33497512,0.27481997
2645251296,0.39081916,0.23778348,0.37139735
2645366767,0.55674934,0.20830445,0.23494616
2645923026,0.71502477,0.08049326,0.20448197
2646031190,0.6345911,0.18013412,0.18527481
2646575177,0.39285237,0.27853218,0.32861546
2646578074,0.58317804,0.16926503,0.24755694
2646696359,0.20455703,0.40077427,0.39466873
2646790776,0.147757,0.4973196,0.35492334
2647064555,0.095647186,0.6725212,0.23183163
2647219101,0.48948443,0.2215444,0.2889712
2647254638,0.6236989,0.15217075,0.22413035
2647436476,0.5925672,0.16471717,0.24271561
2647674265,0.34256873,0.3058945,0.3515368
2647696609,0.297287,0.34029305,0.36241993
2647794441,0.2744386,0.43228528,0.29327616
2648355600,0.21861182,0.5081139,0.27327424
2648991818,0.3610926,0.40426415,0.23464322
2650180023,0.24806254,0.5546595,0.197278
2650642918,0.30923435,0.3605431,0.33022255
2650849590,0.62992257,0.15531199,0.21476549
2650984770,0.48412526,0.10351124,0.4123635
2651502895,0.4027818,0.35772964,0.2394886
2651543928,0.30654576,0.19766073,0.49579352
2652431791,0.7095195,0.13079107,0.15968944
2652856364,0.15272069,0.4290027,0.4182766
2652882070,0.43865356,0.16832735,0.39301914
2653302469,0.26279867,0.38773677,0.3494646
2654050984,0.2679498,0.5066399,0.22541031
2654219592,0.17896168,0.65509427,0.16594401
2654523734,0.35572997,0.45077103,0.19349903
2654571811,0.29302335,0.46017867,0.246798
2655159773,0.30214977,0.5272754,0.1705748
2655181272,0.13643034,0.59421843,0.2693512
2655696394,0.33995295,0.31468752,0.34535953
2655798428,0.46748507,0.23765409,0.2948608
2656486110,0.34187382,0.25900644,0.3991197
2656604874,0.105605684,0.77224004,0.12215429
2656740470,0.38491294,0.34084997,0.27423713
2656859935,0.19233888,0.6483822,0.15927893
2656888061,0.14039978,0.73185253,0.1277477
2657611729,0.5902225,0.1303905,0.27938706
2659229281,0.7612007,0.10978811,0.12901115
2659626506,0.49500614,0.20837821,0.2966156
2659907592,0.2463477,0.5377213,0.21593104
2660480894,0.34783652,0.3887206,0.2634429
2661413903,0.29952592,0.31938124,0.38109285
2662498634,0.33848977,0.33545193,0.3260583
2663067878,0.6710918,0.13271515,0.19619298
2663310693,0.6413711,0.18164241,0.17698652
2664435376,0.42381597,0.20339933,0.37278473
2665666615,0.21837147,0.47880077,0.30282778
2665729182,0.10743509,0.7039817,0.18858318
2666060796,0.19575794,0.5475269,0.25671515
2666255730,0.40668932,0.2873764,0.3059343
2666457989,0.7023167,0.06316472,0.23451863
2666927973,0.31534383,0.44343096,0.24122517
2667230101,0.16304243,0.6597198,0.1772378
2667350118,0.4169473,0.22157468,0.36147806
2667379709,0.22566271,0.5353454,0.23899192
2667594693,0.40079173,0.28834605,0.31086218
2667668809,0.39413083,0.32772794,0.27814117
2667971534,0.17039008,0.38230792,0.447302
2668155920,0.3778409,0.3269715,0.29518762
2668852583,0.2818728,0.4859922,0.23213501
2669370583,0.29472056,0.3517209,0.3535585
2669502629,0.48809627,0.15040605,0.36149764
2669614421,0.50962543,0.12075091,0.36962366
2670126346,0.6026753,0.14237796,0.25494668
2670369468,0.39608705,0.30258572,0.30132726
2671224471,0.2963619,0.3707805,0.33285764
2671729816,0.2062976,0.28660834,0.507094
2671833128,0.5182413,0.24543661,0.2363221
2672133800,0.29062858,0.3014503,0.40792114
2672506577,0.3337415,0.4239487,0.2423098
2673070597,0.36338687,0.32277846,0.31383464
2673249733,0.32232198,0.47035334,0.20732464
2673310862,0.2685201,0.48914787,0.24233203
2673439228,0.32821888,0.39769328,0.27408782
2673962043,0.36651066,0.34930933,0.28418
2674685986,0.4137184,0.293245,0.29303658
2677908409,0.48158044,0.23134229,0.2870773
2677928157,0.5865609,0.1585512,0.2548879
2678569001,0.7853861,0.0520296,0.16258435
2678698939,0.05625459,0.44643658,0.49730876
2679484228,0.6015888,0.113611296,0.28479993
2679908331,0.19761372,0.47744286,0.3249434
2680272568,0.29081422,0.4471966,0.26198915
2680295631,0.7852798,0.06747487,0.14724533
2681127254,0.310383,0.3852558,0.30436116
2681218803,0.2013774,0.57247233,0.2261503
2681242063,0.15300027,0.64565974,0.20134
2681566066,0.38498008,0.30932164,0.30569828
2682412137,0.27207214,0.3096894,0.41823846
2682646905,0.27773488,0.4749064,0.24735871
2682714837,0.22252062,0.44866458,0.32881483
2683338939,0.4301155,0.2562485,0.31363595
2683586759,0.5504845,0.19099809,0.2585174
2683701011,0.28178465,0.45332196,0.26489338
2683954381,0.29204535,0.34058154,0.36737314
2684180412,0.5984198,0.20590357,0.19567664
2685676158,0.11257181,0.7395406,0.14788762
2686452795,0.4015781,0.109617166,0.4888047
2686573247,0.38754427,0.3786922,0.23376352
2687043539,0.38869998,0.28485236,0.3264477
2687116762,0.7033897,0.13076207,0.16584823
2687392458,0.43704984,0.17011045,0.3928397
2687704557,0.3303382,0.40695405,0.2627077
2688344562,0.21097177,0.57180774,0.21722054
2688408720,0.31234276,0.41829887,0.2693584
2688508313,0.28154266,0.2057911,0.5126662
2689259578,0.48491043,0.23648609,0.2786035
2689612420,0.37328193,0.25555667,0.37116143
2689733368,0.24430186,0.5005887,0.25510943
2690113629,0.15086553,0.67267,0.17646448
2691388599,0.32860708,0.2736542,0.39773872
2691520082,0.62209105,0.15509498,0.22281401
2691884117,0.37941042,0.30971834,0.3108712
2691952001,0.43553117,0.24737644,0.3170924
2692454120,0.25779873,0.53156406,0.21063721
2692934521,0.19493428,0.6081749,0.19689082
2693401884,0.29266244,0.2672758,0.44006172
2693821928,0.43899703,0.2772734,0.28372955
2693984927,0.5685292,0.212751,0.21871981
2695376717,0.21923825,0.35865742,0.4221043
2695903376,0.25212377,0.43469003,0.31318614
2696112023,0.31708372,0.4052163,0.27769995
2696126001,0.22431386,0.51709354,0.25859258
2696289611,0.40157744,0.29269254,0.30573002
2696850958,0.66470695,0.095556974,0.23973614
2698457358,0.8021839,0.08510549,0.11271059
2698518400,0.599422,0.16617963,0.23439838
2698702284,0.39568835,0.30147806,0.30283356
2698719819,0.4348285,0.14337401,0.42179745
2698829030,0.31519488,0.43727604,0.24752909
2699705767,0.36597577,0.2965822,0.33744207
2699848850,0.3855784,0.3135933,0.30082825
2700266005,0.2905674,0.29068482,0.4187478
2700504545,0.47195953,0.24540022,0.28264025
2701864605,0.22400787,0.3385975,0.43739465
2702188594,0.43101522,0.35453227,0.2144525
2703151568,0.66268045,0.12102429,0.21629532
2703264905,0.60499316,0.11518355,0.2798233
2703523598,0.4525962,0.21504687,0.33235696
2703611094,0.36794856,0.31425396,0.31779748
2704008725,0.49640945,0.14320625,0.36038435
2704987442,0.2981938,0.45635083,0.2454554
2705142395,0.4334528,0.1087231,0.45782408
2706017572,0.3768737,0.14001513,0.4831111
2706882358,0.2919839,0.4183504,0.28966567
2706901179,0.23899981,0.29736438,0.46363574
2707121140,0.4104226,0.0911417,0.4984357
2707228249,0.25176618,0.4020432,0.34619063
2707431687,0.27085936,0.35350773,0.3756329
2707787730,0.4188067,0.2921265,0.28906673
2708671719,0.44765544,0.21619219,0.33615232
2708755991,0.31128135,0.3384553,0.35026336
2709294493,0.21441631,0.6365199,0.14906377
2710137945,0.39694345,0.3025897,0.30046687
2710192798,0.12072928,0.25459826,0.62467253
2710387517,0.17838418,0.5752277,0.24638812
2710407408,0.37301055,0.27632838,0.35066107
2711113510,0.27793768,0.501322,0.22074032
2711202035,0.38736746,0.37996933,0.2326632
2711710286,0.27609554,0.53888094,0.18502352
2711791451,0.6647137,0.13431124,0.20097508
2712320794,0.6911948,0.13442273,0.17438257
2712456336,0.14728145,0.624657,0.22806156
2712657513,0.39508548,0.2544164,0.3504981
2712895097,0.5849345,0.17792621,0.23713931
2713007274,0.1258549,0.504937,0.36920813
2713136904,0.33691853,0.3882459,0.2748356
2713199363,0.51911426,0.19049913,0.2903866
2713705035,0.79084796,0.104287244,0.1048648
2714604444,0.48476386,0.2524296,0.2628065
2714634718,0.31523317,0.3510334,0.3337334
2714900372,0.4112442,0.3213069,0.26744884
2714966016,0.2738793,0.41983083,0.3062899
2715483885,0.3087819,0.45909467,0.23212345
2716274631,0.2980444,0.3760542,0.32590136
2716506438,0.52540225,0.23959786,0.23499985
2717049137,0.40502676,0.31832734,0.27664584
2717308652,0.36605233,0.35987535,0.27407232
2717379320,0.592252,0.19259462,0.21515334
2717424202,0.1387744,0.68542373,0.17580183
2717606783,0.6780258,0.17866264,0.14331155
2717734123,0.5632295,0.08052727,0.35624325
2717825179,0.48773745,0.32298508,0.18927754
2719064108,0.5448707,0.21394514,0.24118412
2719461306,0.4289136,0.24781172,0.3232746
2719658944,0.5167142,0.24700074,0.236285
2720238765,0.4960081,0.25695023,0.24704172
2720650888,0.31933054,0.32426077,0.35640872
2720902045,0.8453444,0.036154088,0.11850154
2721365990,0.26735777,0.47190306,0.26073915
2723187919,0.5350728,0.18917844,0.27574882
2723221406,0.20722528,0.56963,0.22314467
2723242865,0.46543348,0.31622317,0.21834332
2723580045,0.25157413,0.48521465,0.2632112
2723719675,0.54466796,0.14202607,0.31330597
2723821842,0.7525967,0.092644006,0.15475938
2723976559,0.45928448,0.26350284,0.27721268
2724565949,0.25176945,0.49083927,0.2573913
2724936778,0.37203744,0.34325126,0.2847113
2725009478,0.48415864,0.17134851,0.3444929
2725180824,0.13274737,0.37444422,0.49280843
2725272487,0.51936907,0.19567856,0.28495237
2726087030,0.037783884,0.8852504,0.07696576
2727158562,0.36973685,0.3869093,0.24335386
2727217648,0.61304253,0.17153667,0.21542081
2727471596,0.1899787,0.1898493,0.620172
2727631313,0.45176303,0.20946391,0.338773
2727700288,0.37744758,0.17146792,0.45108452
2728148224,0.31127912,0.29819712,0.39052376
2728404073,0.4176799,0.26468545,0.31763458
2728727771,0.3367315,0.30408126,0.3591873
2729702750,0.42809355,0.33817112,0.23373531
2730438664,0.35011113,0.41467634,0.2352125
2730628111,0.327401,0.32900146,0.34359753
2730671551,0.52824,0.199092,0.272668
2730684224,0.38934323,0.26815078,0.342506
2731411537,0.6656122,0.1314473,0.20294045
2732333308,0.26706052,0.3354948,0.39744473
2732497402,0.06936702,0.22404379,0.70658916
2733175726,0.35429785,0.41098523,0.23471692
2734170300,0.4092844,0.31391406,0.27680153
2734614024,0.18790887,0.41299447,0.3990966
2735153641,0.22802287,0.1551919,0.61678517
2735964460,0.45675072,0.27159458,0.2716547
2736507624,0.5419402,0.22461286,0.23344685
2736667845,0.37946665,0.30559334,0.31494
2736696905,0.52690226,0.23364846,0.23944929
2737229152,0.4786577,0.18847355,0.33286884
2738302620,0.4343906,0.2590861,0.3065233
2738482792,0.14587504,0.69937366,0.15475132
2738576924,0.4850342,0.28940314,0.22556265
2738913909,0.3111742,0.3123505,0.37647527
2738974709,0.23978724,0.38830554,0.37190723
2739086056,0.388615,0.14475282,0.46663216
2739457182,0.31607243,0.29604214,0.3878854
2739854763,0.27329716,0.3997133,0.32698953
2740423743,0.26568162,0.30623698,0.42808142
2740893168,0.27153218,0.4592149,0.26925296
2740961614,0.33797252,0.4500243,0.21200316
2741010695,0.28815323,0.42543456,0.28641224
2741592057,0.5199786,0.15349984,0.32652158
2742111925,0.6294947,0.1793871,0.19111818
2742730648,0.22996566,0.536532,0.23350237
2742891441,0.38344547,0.32149118,0.29506335
2743139402,0.41763866,0.17345545,0.40890592
2743158373,0.21801461,0.66076535,0.121219985
2744104259,0.31033623,0.3921076,0.29755616
2744565923,0.16289566,0.4820104,0.35509402
2744756604,0.22444339,0.46129113,0.31426543
2746299010,0.1696245,0.5965426,0.2338329
2746900484,0.20482035,0.6258291,0.16935058
2747109329,0.32396612,0.25015095,0.4258829
2747540945,0.38437283,0.3156377,0.2999895
2747737922,0.30279136,0.4034814,0.29372728
2748246909,0.43739235,0.34906182,0.21354587
2748541003,0.66731393,0.15128478,0.18140125
2749017932,0.3224788,0.15604855,0.5214727
2749101001,0.42582753,0.3396269,0.23454556
2750309206,0.50272685,0.18095726,0.31631592
2751856049,0.12536702,0.744979,0.12965403
2752014362,0.29326627,0.43006784,0.27666593
2752314831,0.08014657,0.5639328,0.35592067
2753326361,0.36361414,0.33654648,0.29983938
2753820279,0.26515976,0.44262353,0.29221666
2753933297,0.114531234,0.12966624,0.7558025
2754236414,0.36093095,0.3767893,0.26227975
2754285354,0.32807168,0.22716118,0.44476715
2754329227,0.5167006,0.2315561,0.2517433
2754503904,0.36170664,0.31883115,0.31946227
2754559310,0.29850727,0.1882075,0.5132852
2754815769,0.51927775,0.20258284,0.27813938
2755109023,0.24568395,0.5231055,0.23121049
2755324754,0.5971549,0.17212223,0.23072287
2756369956,0.7246125,0.13223724,0.14315039
2756910726,0.4867128,0.16130875,0.35197842
2757582499,0.15881513,0.60192096,0.23926388
2758215036,0.10154291,0.7663014,0.13215564
2758466470,0.334126,0.37531027,0.29056376
2758781532,0.28256157,0.43645734,0.2809811
2758791087,0.42659563,0.25905606,0.31434828
2759672950,0.45997402,0.25829658,0.2817294
2759800309,0.41286558,0.26990378,0.31723067
2759803604,0.8188448,0.026348004,0.15480712
2759962121,0.20298725,0.30985162,0.48716116
2760800435,0.19909537,0.61872137,0.18218325
2760806000,0.5804526,0.2247289,0.19481851
2760965804,0.2217932,0.55042046,0.22778636
2761578140,0.39814788,0.22299008,0.37886208
2761659010,0.5173407,0.18133134,0.301328
2761896132,0.22276124,0.40455458,0.37268418
2762091557,0.5773257,0.20940766,0.21326658
2762312318,0.6275886,0.14177184,0.23063955
2762426924,0.5544179,0.22456832,0.2210138
2762904449,0.15901756,0.6221656,0.21881682
2763002309,0.465701,0.27960584,0.25469315
2763217070,0.33316258,0.32086417,0.34597322
2764558950,0.49769616,0.123562716,0.3787411
2764619923,0.28681007,0.47453246,0.23865753
2765726867,0.44327,0.36904573,0.18768433
2766116256,0.50411075,0.2126541,0.28323516
2766313571,0.5884023,0.16074073,0.25085694
2766483170,0.40804878,0.28132024,0.31063095
2766533262,0.49344322,0.25109473,0.25546205
2766915597,0.056661814,0.7392187,0.2041195
2767292414,0.123480044,0.6534385,0.22308142
2767585605,0.098227814,0.71949154,0.18228063
2768444170,0.24419568,0.27449825,0.48130605
2769527133,0.2187937,0.6124611,0.16874518
2769548390,0.47858614,0.24443127,0.27698255
2769662190,0.1549867,0.65026134,0.19475193
2770178305,0.46132767,0.099607036,0.43906537
2771200989,0.077338345,0.634015,0.2886466
2772865476,0.20035957,0.3657006,0.4339398
2773287923,0.27941248,0.36763564,0.35295188
2773368724,0.43710682,0.20678225,0.35611087
2773703757,0.4285523,0.2515564,0.3198913
2773753108,0.39826918,0.305997,0.2957339
2774343232,0.29138717,0.38665912,0.3219537
2774884565,0.4837105,0.28940374,0.22688577
2775016041,0.4083619,0.3169109,0.27472714
2775105658,0.29938176,0.42662686,0.27399138
2775136892,0.52348816,0.26803324,0.20847858
2775509071,0.23333673,0.5209349,0.24572836
2775613184,0.56672555,0.19622034,0.23705406
2776306110,0.6609076,0.13609439,0.20299803
2776852995,0.63094926,0.17749543,0.19155534
2777735610,0.4762127,0.25290176,0.2708855
2777776509,0.27468464,0.38998866,0.33532673
2778703628,0.33585328,0.37090737,0.29323936
2778735109,0.12125208,0.68276715,0.19598076
2780322232,0.25369734,0.524244,0.22205864
2780737000,0.5290188,0.22882703,0.24215418
2781108690,0.33879298,0.40665406,0.25455293
2782424156,0.25654036,0.47712442,0.2663352
2782432770,0.30934283,0.47588706,0.21477014
2782476758,0.23566858,0.49608055,0.26825085
2782507609,0.4476392,0.19296923,0.3593916
2782662962,0.067941256,0.81089795,0.121160746
2783191559,0.37510425,0.38530686,0.23958895
2783407321,0.37677467,0.33343047,0.28979492
2783837623,0.8845012,0.075740635,0.03975815
2783965798,0.3800567,0.28873464,0.33120865
2784641785,0.5573748,0.18747093,0.25515425
2784782930,0.46190277,0.35041064,0.18768659
2784806152,0.25402212,0.38928452,0.3566933
2784883394,0.3532048,0.2779511,0.3688441
2785277708,0.7666097,0.07435549,0.15903479
2785753772,0.29245105,0.36216453,0.34538448
2786865941,0.39696226,0.38373613,0.21930164
2787721829,0.71405333,0.0960444,0.18990225
2788490928,0.29704437,0.3744021,0.32855353
2788805389,0.63378614,0.14722487,0.21898901
2789033728,0.34182245,0.38295084,0.27522668
2790142929,0.24480745,0.20552358,0.54966897
2790617200,0.16398598,0.6485719,0.18744211
2790702735,0.3342918,0.3322551,0.33345312
2790825744,0.27933398,0.40782136,0.3128446
2790942691,0.2275119,0.3576823,0.4148058
2791041980,0.31197038,0.22410592,0.4639237
2791113004,0.37899068,0.37611946,0.24488983
2791242501,0.33130765,0.41944754,0.2492448
2791278404,0.19935247,0.37762177,0.42302573
2791744281,0.3983434,0.1970781,0.40457845
2792057376,0.34041348,0.27691972,0.38266677
2792279219,0.32627934,0.29804716,0.37567353
2792286474,0.27804586,0.36240664,0.3595475
2792346895,0.28966382,0.34036395,0.3699722
2792851652,0.5426649,0.17049743,0.2868376
2792968320,0.5572839,0.22163165,0.2210845
2793242278,0.47484693,0.3149992,0.21015391
2793555783,0.45974675,0.19545677,0.34479645
2794357751,0.2149786,0.5428265,0.24219497
2794795380,0.19158718,0.15145266,0.6569602
2795165389,0.46433616,0.22104405,0.31461978
2795215372,0.39305946,0.36492366,0.24201693
2796272584,0.34268507,0.2254889,0.431826
2797188904,0.49057925,0.24751413,0.26190665
2797364398,0.3654035,0.22330737,0.4112892
2797409166,0.19918793,0.21229899,0.5885131
2797651607,0.54118466,0.2193168,0.2394985
2797895224,0.11228181,0.75442374,0.13329448
2798120920,0.2155837,0.58270293,0.20171338
2798214016,0.25358668,0.3265595,0.41985378
2799217807,0.1849558,0.564563,0.25048122
2799573705,0.37159544,0.31155127,0.3168533
2799621346,0.14967725,0.5159998,0.33432296
2799856996,0.35971433,0.42833725,0.21194842
2800068682,0.20665485,0.5414269,0.25191823
2800109441,0.06970802,0.771928,0.15836395
2800548529,0.37983358,0.3088542,0.31131217
2800693920,0.15483104,0.64054257,0.20462637
2801000234,0.84247494,0.031898174,0.12562698
2801522834,0.37124696,0.3642566,0.26449645
2802117873,0.20470047,0.5606468,0.23465279
2802224125,0.86320204,0.036682192,0.10011576
2802233559,0.3659048,0.27379534,0.3602999
2802324117,0.481425,0.24731328,0.27126172
2802536261,0.47451383,0.25829658,0.26718965
2802893207,0.76841354,0.07112381,0.16046263
2803041200,0.320909,0.37358278,0.3055082
2803092529,0.30956846,0.3970772,0.29335433
2803150902,0.4855117,0.06081708,0.4536712
2803175835,0.626951,0.18229733,0.19075163
2803687235,0.43401027,0.18689986,0.3790898
2803711939,0.88751066,0.02234725,0.09014203
2803880610,0.5451366,0.18456878,0.27029473
2803945436,0.17622724,0.44880956,0.37496325
2804513962,0.35618627,0.30136454,0.3424492
2804532998,0.35840315,0.27103272,0.37056416
2804970102,0.37184176,0.17685574,0.45130256
2805872600,0.31351253,0.32054123,0.3659462
2806006282,0.3004282,0.13950513,0.56006664
2806225154,0.278372,0.5031033,0.21852474
2807303241,0.46199808,0.1810126,0.35698935
2807562685,0.37605193,0.2817062,0.34224182
2807723250,0.30329615,0.26264352,0.4340603
2807748354,0.499007,0.25418493,0.24680807
2807955556,0.21394715,0.56423527,0.22181754
2808063210,0.26267087,0.39402914,0.34329996
2808239679,0.30985788,0.4231719,0.26697025
2808298647,0.29169774,0.32148778,0.3868145
2808687715,0.36769077,0.15661167,0.47569752
2808695571,0.19144131,0.5943843,0.21417439
2808916697,0.1612248,0.5922784,0.24649678
2808929227,0.31834453,0.28374192,0.39791355
2809143839,0.27821875,0.44903278,0.2727484
2809199892,0.26683345,0.36215913,0.37100747
2809449378,0.72814137,0.13632436,0.13553432
2809553447,0.39854816,0.2808913,0.32056051
2809788430,0.5009576,0.21922058,0.2798219
2810445839,0.3115895,0.2892421,0.39916846
2810458742,0.25559956,0.33991343,0.40448698
2810487906,0.3980159,0.33406395,0.26792023
2810889761,0.28285575,0.11328494,0.6038593
2810992935,0.39508483,0.35250217,0.25241297
2811226817,0.2574673,0.29698268,0.44554996
2812029405,0.60027933,0.18766214,0.21205851
2812225312,0.61540735,0.14483911,0.23975359
2812788782,0.28259632,0.12475492,0.5926488
2813196497,0.15938756,0.23125921,0.6093532
2814228858,0.4655942,0.15661514,0.37779066
2814726722,0.39508998,0.30683327,0.2980768
2814873758,0.38154727,0.3100744,0.3083784
2815235044,0.18845794,0.5584302,0.2531118
2815292658,0.15477265,0.31372964,0.5314977
2815666872,0.7695081,0.07313698,0.1573549
2815959309,0.94596165,0.012189212,0.041849155
2816100389,0.4220256,0.2937465,0.28422794
2816160447,0.41969112,0.37004378,0.21026509
2816185127,0.32542837,0.39949307,0.27507854
2816185584,0.44190553,0.3046556,0.2534389
2816567644,0.19017021,0.34504402,0.46478572
2816610671,0.2477934,0.531485,0.22072156
2816703344,0.19035551,0.57999164,0.22965288
2816923032,0.26470667,0.4920762,0.2432172
2816941045,0.3404601,0.34063438,0.31890553
2816942464,0.38735947,0.29132444,0.3213161
2817825453,0.33647668,0.46952957,0.19399367
2817867978,0.67511636,0.12436024,0.20052338
2818079822,0.3626506,0.24014215,0.39720726
2818322101,0.3857342,0.34121498,0.27305076
2818593407,0.49398783,0.2012456,0.30476654
2818941283,0.26854423,0.4696521,0.26180375
2819072522,0.46850184,0.24090321,0.290595
2819504700,0.4531907,0.277862,0.26894724
2820157142,0.28797585,0.4888823,0.22314194
2820415164,0.3665522,0.30137306,0.33207473
2820553192,0.3907598,0.31344402,0.29579613
2821962811,0.64254916,0.14026456,0.21718629
2822203610,0.46114522,0.19174142,0.34711328
2822313243,0.2041088,0.42640454,0.36948666
2822335974,0.3002978,0.38129762,0.31840456
2822341492,0.2244688,0.53751796,0.23801322
2822909761,0.17524497,0.54361224,0.28114283
2823832173,0.22474843,0.546836,0.22841555
2824305760,0.44383907,0.24572347,0.31043744
2824471395,0.29906398,0.2978566,0.4030794
2824702947,0.5951203,0.24484025,0.1600394
2825120447,0.23552705,0.22902791,0.5354451
2825291730,0.33815745,0.33036298,0.3314796
2825359759,0.58926797,0.20491622,0.2058158
2825578362,0.4800692,0.29255795,0.22737283
2826105728,0.22468726,0.4577767,0.31753603
2826485497,0.15494661,0.6598074,0.18524605
2826516631,0.9563931,0.010317669,0.0332892
2826542838,0.6342358,0.12794295,0.23782128
2826576082,0.28235182,0.39183155,0.32581663
2826804264,0.17645495,0.34949487,0.47405013
2826813949,0.16502193,0.50015444,0.33482367
2827065569,0.36431512,0.3771539,0.25853097
2827879917,0.66467535,0.09556547,0.2397592
2828289869,0.46658507,0.30895004,0.22446488
2828988878,0.17110643,0.3951872,0.43370646
2829439859,0.13777226,0.5747692,0.28745857
2829560839,0.361433,0.25016627,0.3884008
2830039518,0.37866136,0.38107434,0.24026425
2830787294,0.44924277,0.18233655,0.36842072
2831694568,0.3422192,0.28321773,0.37456307
2831774893,0.35464343,0.30057365,0.34478295
2832718481,0.36204216,0.38234556,0.25561228
2832917947,0.20987004,0.32512945,0.46500048
2833072160,0.41819665,0.3210448,0.26075855
2833957821,0.1698097,0.14244021,0.6877501
2834359125,0.31656152,0.42292237,0.2605161
2834483231,0.2566595,0.56186205,0.18147843
2835768608,0.9327533,0.0041675963,0.06307904
2836177710,0.11234105,0.72831416,0.15934484
2836472202,0.4727639,0.22520758,0.3020286
2836686558,0.1846777,0.5072571,0.3080652
2836828966,0.34789142,0.30544308,0.34666553
2837146660,0.9616602,0.00401127,0.034328427
2837511153,0.19246385,0.6603255,0.1472106
2837722094,0.31643137,0.2149031,0.46866554
2837738097,0.42369306,0.2984573,0.27784967
2837794466,0.60775846,0.16480461,0.22743687
2838439619,0.5237867,0.1556164,0.32059687
2838468237,0.22192341,0.3731928,0.40488374
2839047836,0.502265,0.23326938,0.26446566
2839479587,0.5151545,0.21286294,0.27198258
2839533867,0.37886187,0.36488613,0.25625196
2839734023,0.27098674,0.34397563,0.38503757
2840075767,0.15283713,0.68929905,0.15786389
2840606458,0.25748968,0.38417798,0.3583323
2842896696,0.28883117,0.3133837,0.39778513
2843037235,0.28754982,0.48938283,0.22306736
2843562217,0.34415513,0.31473377,0.34111115
2843933911,0.22069684,0.5056649,0.27363828
2845059039,0.42406398,0.15850613,0.41742995
2845582003,0.2478339,0.47651878,0.27564734
2846373473,0.67876357,0.17050615,0.15073028
2846616255,0.51074797,0.21554276,0.27370924
2846616904,0.34956565,0.31785643,0.33257788
2846916187,0.23750646,0.2907789,0.47171465
2847156518,0.60339206,0.101802886,0.29480508
2847340726,0.07673865,0.7645325,0.15872881
2848066800,0.366941,0.18123814,0.4518209
2848490300,0.27418286,0.22886793,0.4969492
2848760497,0.2632486,0.49224842,0.24450296
2848850867,0.3998927,0.28262475,0.31748253
2848918391,0.711432,0.10681639,0.18175165
2849070456,0.30327955,0.41402617,0.28269428
2849276257,0.24318592,0.56909597,0.18771811
2849350958,0.5023762,0.2120788,0.28554502
2849824941,0.32721135,0.17959075,0.49319786
2850094137,0.85119045,0.026692709,0.1221168
2850134968,0.39711154,0.35912174,0.2437668
2850275856,0.4210975,0.1664177,0.41248482
2850330978,0.3241961,0.32191482,0.35388908
2850554856,0.16264184,0.4993154,0.33804277
2851993201,0.27959758,0.43045703,0.28994542
2852067265,0.35337248,0.22386093,0.42276657
2852554604,0.23330113,0.45722657,0.30947232
2852779300,0.14595172,0.6813687,0.1726796
2853601658,0.27126086,0.45547304,0.27326608
2854019578,0.22099277,0.49013045,0.28887677
2854821940,0.23091838,0.12063048,0.64845115
2854834321,0.26713118,0.2439736,0.48889518
2855062157,0.4759946,0.10757898,0.41642642
2855726924,0.45401314,0.26759946,0.2783874
2856351887,0.51512283,0.2084347,0.27644244
2856440682,0.57932377,0.142462,0.27821416
2859240619,0.60093504,0.1645952,0.23446971
2859537738,0.1140924,0.5239154,0.36199218
2860194353,0.37245116,0.3154725,0.31207636
2861284384,0.5367302,0.16278096,0.3004889
2861746890,0.041998252,0.83229417,0.12570754
2861948210,0.5481626,0.20488814,0.24694921
2861963915,0.17810637,0.14914766,0.67274594
2861988108,0.15294057,0.6739912,0.17306817
2862232490,0.47619385,0.20808898,0.3157172
2862309754,0.42742878,0.18110542,0.39146584
2863522823,0.35858187,0.13687027,0.50454783
2863998871,0.43096814,0.29289138,0.27614048
2864377067,0.20943275,0.29175025,0.49881703
2865154639,0.19219662,0.555283,0.25252038
2866349785,0.4238182,0.24066307,0.33551878
2867267733,0.4016528,0.42543617,0.17291102
2867398457,0.28449115,0.38268882,0.33282
2869203241,0.54369575,0.20999421,0.24631009
2869520166,0.2800465,0.37786394,0.34208956
2870028113,0.33612823,0.31885558,0.34501618
2870050558,0.22413707,0.5167286,0.25913435
2870647550,0.6348515,0.1453682,0.21978033
2870649494,0.33767962,0.33470058,0.3276198
2870904507,0.08756443,0.6917325,0.22070305
2871528400,0.65797746,0.13027278,0.21174978
2871603900,0.45256522,0.21690239,0.33053228
2874204586,0.5025258,0.21307497,0.2843992
2874332444,0.5004425,0.22469428,0.27486318
2874946670,0.1914765,0.5877925,0.22073103
2874990423,0.36485985,0.33460286,0.30053732
2876112050,0.48613068,0.22809578,0.28577352
2876399234,0.35119274,0.2871311,0.3616762
2876436701,0.19205825,0.38585576,0.4220859
2876607445,0.56408924,0.2539048,0.18200594
2876771354,0.4592053,0.27584153,0.2649532
2876895323,0.56446236,0.31041235,0.12512529
2877482349,0.18600631,0.24749365,0.5665
2878584381,0.2638868,0.27820387,0.45790926
2878762843,0.1214689,0.7381348,0.14039628
2879152104,0.33991134,0.33440042,0.3256882
2879284734,0.4240722,0.28373253,0.29219517
2879444711,0.4393188,0.26072598,0.29995513
2879634211,0.052149326,0.8729793,0.07487146
2880065141,0.23461907,0.39963567,0.36574528
2880146996,0.40118653,0.3988845,0.19992901
2881091008,0.24044979,0.55177736,0.20777284
2881097466,0.40851256,0.24397758,0.34750986
2881601704,0.29712275,0.46809798,0.23477921
2881785844,0.36910352,0.22164306,0.40925345
2881816543,0.6233984,0.16575636,0.2108452
2882137089,0.45846492,0.24947193,0.29206312
2882173195,0.5446475,0.15025981,0.3050927
2882319952,0.46161696,0.11995206,0.41843098
2882415535,0.54740953,0.24861546,0.20397498
2882551698,0.29216063,0.15988238,0.547957
2883122075,0.28186923,0.33396643,0.3841643
2883426612,0.29687583,0.36002913,0.3430951
2883744279,0.35928258,0.3366827,0.30403465
2883799486,0.9217171,0.022850327,0.055432677
2884049216,0.44432956,0.23532009,0.32035038
2884356124,0.16597912,0.5852739,0.24874692
2884420232,0.60963154,0.14225177,0.24811666
2885070187,0.28207594,0.2767101,0.44121403
2885113232,0.25668383,0.5155158,0.22780043
2885352641,0.3490396,0.2520799,0.39888054
2885498599,0.32049748,0.4881057,0.19139682
2885554941,0.57958305,0.15682332,0.2635936
2885778699,0.50255775,0.23217882,0.26526347
2885967315,0.39013907,0.30579862,0.30406237
2886181611,0.27459377,0.30359545,0.4218108
2886220956,0.14126766,0.63083,0.22790235
2886655223,0.34089366,0.36517802,0.29392835
2887078517,0.41092402,0.26350975,0.32556617
2887156393,0.19216082,0.5758574,0.23198177
2887467485,0.16778243,0.3706776,0.46154
2887571821,0.45803526,0.33051443,0.21145026
2888250053,0.31860095,0.3382908,0.3431082
2888776172,0.28178367,0.42696005,0.2912563
2888797127,0.7744393,0.09244284,0.13311788
2889855769,0.40539047,0.40513167,0.18947789
2890176205,0.12563595,0.37240112,0.50196296
2890211615,0.46941787,0.16990386,0.36067823
2890339286,0.3923621,0.3063894,0.30124855
2890665621,0.2490275,0.5290584,0.22191405
2891366692,0.51413697,0.19938418,0.28647885
2891438073,0.22792539,0.5068945,0.2651801
2892299197,0.31546688,0.57517713,0.10935598
2892351899,0.27673042,0.45678112,0.2664884
2892385551,0.41527426,0.28598216,0.29874358
2893003968,0.5008948,0.16128035,0.33782488
2893421518,0.32789057,0.21805432,0.4540551
2894373581,0.309517,0.43963212,0.2508509
2894542817,0.23499252,0.39443275,0.37057474
2894931281,0.23691544,0.50961554,0.25346905
2894983220,0.7184605,0.1240592,0.15748027
2895260823,0.18540414,0.6154152,0.19918068
2895737168,0.3460527,0.30551577,0.34843153
2896336452,0.34129485,0.3811501,0.27755505
2897152307,0.5428674,0.16404608,0.29308647
2897312351,0.56403357,0.1926986,0.2432678
2898785250,0.24664997,0.5476482,0.20570189
2898939748,0.1589436,0.6590235,0.18203287
2899074205,0.21067512,0.51909506,0.2702298
2899206978,0.42899594,0.22797218,0.34303188
2899513640,0.15063983,0.47749287,0.37186736
2900010778,0.46899533,0.21046032,0.32054442
2900133732,0.39272156,0.28680518,0.32047328
2900677051,0.3195014,0.39806166,0.28243697
2901354422,0.3721801,0.29523197,0.33258796
2901614615,0.46983516,0.27716118,0.25300372
2902401591,0.6540837,0.09645691,0.24945942
2902458185,0.33664522,0.17011997,0.49323475
2902886181,0.5882023,0.26537263,0.14642504
2902923586,0.4679518,0.20924707,0.3228011
2902995334,0.41804528,0.29724678,0.28470793
2903259979,0.22638375,0.62583625,0.14778005
2903325552,0.28170592,0.5117866,0.20650752
2904191946,0.26534778,0.3979646,0.33668762
2904561733,0.4019011,0.29941198,0.29868695
2905144563,0.36624032,0.3834032,0.2503564
2905243572,0.17134093,0.63470596,0.19395313
2905683443,0.6206709,0.1766052,0.20272389
2906045463,0.28220266,0.5015546,0.21624273
2907352135,0.35014468,0.30956316,0.34029213
2907591254,0.42388403,0.24507263,0.3310434
2907656893,0.09605291,0.7951822,0.10876488
2908730769,0.2976603,0.46244684,0.23989287
2909431907,0.30821767,0.40579408,0.28598818
2909912236,0.40694925,0.34970048,0.2433502
2910145735,0.6834301,0.11998108,0.1965888
2911367206,0.3259098,0.5081639,0.16592626
2911480853,0.16112477,0.6447936,0.1940816
2911895656,0.15029785,0.29419696,0.5555052
2912375247,0.2151082,0.54712737,0.23776443
2912528444,0.38841054,0.30600065,0.30558887
2912685579,0.13276228,0.6006985,0.26653925
2912790842,0.43984175,0.21786067,0.3422976
2912862093,0.20619012,0.6011608,0.19264908
2913008980,0.14434625,0.6397382,0.21591558
2913027460,0.19716762,0.40346664,0.39936572
2914009780,0.3177495,0.43646947,0.24578102
2914929875,0.3334556,0.39627966,0.27026471
2915246489,0.17002182,0.31114417,0.51883394
2915808846,0.75582623,0.10269598,0.1414778
2915979120,0.4453498,0.26375705,0.29089317
2915983659,0.327118,0.29200712,0.3808749
2916072231,0.26936454,0.50226855,0.22836693
2916254505,0.16531014,0.6131429,0.22154698
2916365840,0.41265154,0.31345144,0.27389708
2916409208,0.43922368,0.28045115,0.28032517
2916618973,0.13281825,0.5593948,0.30778697
2916875611,0.25266892,0.32758176,0.41974938
2917037667,0.29635373,0.3995967,0.30404955
2917121497,0.4065053,0.24818271,0.345312
2917227062,0.16763218,0.34941253,0.48295525
2917334958,0.38201973,0.30155993,0.31642032
2917432356,0.18813571,0.24487615,0.5669881
2917563822,0.16232261,0.5322714,0.30540603
2917758882,0.33451226,0.45847857,0.20700926
2917911727,0.47249264,0.2685127,0.25899458
2918157131,0.34951356,0.29778665,0.35269982
2918189679,0.32042652,0.26537204,0.41420147
2918588508,0.358795,0.3200015,0.32120347
2918613272,0.52610683,0.19538215,0.27851105
2919206480,0.2341767,0.54391277,0.22191057
2919235235,0.30692896,0.27235588,0.42071518
2919308560,0.15153635,0.63678026,0.21168339
2919552199,0.013202811,0.94945484,0.037342373
2920495732,0.23848262,0.5632783,0.19823904
2921455041,0.40306857,0.25347075,0.34346077
2921704645,0.4523064,0.3680064,0.17968717
2921730590,0.35636592,0.32040837,0.32322574
2922104087,0.25539088,0.33832285,0.4062863
2922219269,0.410911,0.3820725,0.20701648
2923037683,0.24852917,0.24991433,0.5015565
2923577118,0.11221526,0.67910707,0.20867771
2923607626,0.39913777,0.24004607,0.3608162
2924594431,0.30604082,0.24751434,0.4464448
2924979802,0.4673654,0.2409969,0.29163775
2925318799,0.35200873,0.27305055,0.37494075
2926751432,0.37294072,0.3413567,0.28570262
2927803181,0.2078233,0.32535166,0.46682504
2927985191,0.26589438,0.28848284,0.44562268
2928006320,0.27726206,0.40377292,0.31896502
2928154900,0.31564882,0.4132474,0.2711038
2928791632,0.46031913,0.33162114,0.20805973
2929313803,0.5513588,0.2163104,0.23233084
2929788110,0.500647,0.28706342,0.21228959
2929978533,0.31102782,0.27873307,0.41023913
2930976575,0.5383028,0.24223714,0.21946013
2931068986,0.44773787,0.22592847,0.32633364
2931145744,0.2665609,0.48855633,0.24488273
2931165096,0.64255184,0.1384096,0.21903853
2931472837,0.49760452,0.21109398,0.29130152
2931728461,0.30661425,0.16456512,0.5288207
2931842811,0.15456255,0.11144493,0.7339925
2931974329,0.63316363,0.15564509,0.21119131
2932168747,0.30498147,0.40123403,0.29378456
2932658085,0.2774388,0.45899174,0.26356947
2933036036,0.3144336,0.30591032,0.3796561
2933500139,0.15717463,0.58088595,0.2619394
2933526465,0.25114924,0.34413272,0.4047181
2934255633,0.29353648,0.5154871,0.19097644
2934583801,0.34635097,0.2851374,0.36851162
2934898723,0.8305064,0.05468409,0.114809476
2935230604,0.36271128,0.3105447,0.326744
2936562802,0.8524879,0.035242867,0.11226921
2936604950,0.6226239,0.09126993,0.2861062
2936719800,0.20302893,0.18522681,0.6117443
2937705250,0.37940058,0.41630882,0.20429058
2937793808,0.2086662,0.26625118,0.5250826
2937990594,0.9362426,0.014030124,0.049727283
2938259347,0.41076937,0.2984896,0.29074106
2938455255,0.23672776,0.17595012,0.58732206
2938945839,0.29833946,0.39797327,0.3036872
2939998037,0.26725298,0.4851761,0.24757092
2940069266,0.36654505,0.39235556,0.24109937
2940130914,0.18679178,0.60782033,0.20538792
2940195150,0.30776125,0.42894518,0.26329353
2940316386,0.26435646,0.41238797,0.32325554
2940750951,0.32059914,0.24657364,0.43282717
2940871468,0.14242923,0.590273,0.26729771
2940963885,0.351707,0.42124537,0.2270476
2941489838,0.325142,0.4765556,0.19830243
2941489873,0.3416374,0.35426903,0.30409354
2941543839,0.29506853,0.27004442,0.43488702
2941557176,0.6440741,0.17252898,0.18339697
2941640893,0.30298424,0.47168216,0.22533359
2941953456,0.68607455,0.10122254,0.21270294
2942365675,0.27078483,0.48835963,0.24085549
2942821227,0.48103917,0.22915088,0.28981
2942825954,0.35604924,0.33948398,0.30446678
2942949049,0.6537562,0.14156605,0.20467769
2942997062,0.21840392,0.3005354,0.4810607
2943315370,0.3009344,0.3954535,0.3036121
2944117944,0.3154255,0.24408996,0.4404845
2944577377,0.25977507,0.25712946,0.48309547
2944992345,0.7034815,0.16274308,0.13377541
2945984275,0.22626728,0.59318995,0.18054275
2946257704,0.15292396,0.6493698,0.19770631
2946349522,0.39724937,0.36983293,0.2329177
2946793791,0.35595918,0.3220901,0.32195076
2946825047,0.34765515,0.3020526,0.35029224
2946826146,0.2700981,0.20433307,0.5255689
2946925102,0.37403864,0.32953724,0.29642415
2947436246,0.2942213,0.500033,0.2057457
2947660630,0.23634452,0.5076549,0.2560006
2948550637,0.21219034,0.4917883,0.2960213
2950308905,0.68410337,0.036593936,0.27930272
2950325792,0.69419026,0.1221688,0.18364087
2950513819,0.32389626,0.36503527,0.3110685
2950785935,0.2743378,0.27868697,0.44697514
2950980582,0.18585233,0.34609896,0.46804866
2951274512,0.3523698,0.46780145,0.17982873
2951284577,0.31406334,0.39736664,0.28857
2951536700,0.43907258,0.2873521,0.27357537
2951578692,0.33561036,0.32438383,0.34000584
2951760635,0.4328525,0.4438854,0.123262115
2951957563,0.5665079,0.10698073,0.32651135
2952660816,0.2902586,0.31563842,0.39410302
2953617666,0.1836261,0.582522,0.23385195
2954038785,0.40128586,0.27345863,0.32525554
2954494446,0.33861482,0.31524223,0.34614298
2954559248,0.15556452,0.3969616,0.4474739
2954907291,0.4824763,0.19465174,0.32287192
2955007980,0.67164874,0.08774073,0.24061047
2955021807,0.39913693,0.28971374,0.31114933
2955172002,0.6787379,0.1387547,0.18250735
2955499252,0.47736722,0.2551754,0.2674574
2956065829,0.32798997,0.33633232,0.33567768
2956215638,0.3314087,0.24221599,0.42637533
2956811572,0.15695344,0.44333363,0.39971292
2956880320,0.31731904,0.5100902,0.17259084
2957214393,0.33862308,0.37419453,0.28718233
2957695237,0.50331134,0.20028807,0.29640058
2957912840,0.20364733,0.42363557,0.37271705
2957949550,0.2478453,0.27301493,0.47913986
2958530874,0.21672635,0.6023977,0.18087599
2959268875,0.4031003,0.29678637,0.3001133
2959390338,0.41810584,0.3166306,0.26526356
2960058155,0.359543,0.36852863,0.27192834
2960179933,0.44452274,0.20506097,0.35041627
2960273311,0.15200642,0.49925992,0.3487337
2961116484,0.459996,0.26654267,0.27346134
2961162320,0.33765084,0.27507502,0.38727415
2961364697,0.020053372,0.92167604,0.058270596
2961545446,0.5008196,0.28076613,0.21841423
2963246339,0.07270169,0.7320855,0.19521277
2963409301,0.3472298,0.4042738,0.24849637
2963683993,0.2668645,0.44704682,0.2860887
2963709907,0.0939835,0.73491347,0.17110309
2964918283,0.41859078,0.28571692,0.29569227
2965014126,0.2492658,0.41283518,0.33789906
2965700193,0.50715667,0.17256448,0.32027888
2965893963,0.3143427,0.48537454,0.20028275
2966401462,0.35498407,0.30843034,0.33658558
2966499573,0.46219376,0.38333118,0.15447506
2966770406,0.4419426,0.37446237,0.183595
2966774248,0.4413027,0.22472052,0.33397675
2967600249,0.47650942,0.26660022,0.25689036
2967861217,0.3449037,0.32666993,0.32842633
2967920656,0.34104645,0.4247419,0.23421168
2968089195,0.43232235,0.28321862,0.284459
2968162472,0.100927755,0.7618425,0.13722974
2968314620,0.5847428,0.20453203,0.2107252
2969078052,0.42290452,0.2238461,0.35324937
2969168899,0.44362107,0.28524402,0.27113494
2969697224,0.34656674,0.28691646,0.36651683
2969835689,0.5092817,0.22026591,0.2704524
2970198583,0.5061304,0.23760355,0.25626612
2970276059,0.3565957,0.44469315,0.1987112
2970458348,0.32155824,0.32712924,0.3513125
2971608334,0.2924935,0.2197774,0.48772904
2972129780,0.41458222,0.2841623,0.30125546
2972330297,0.31382182,0.29307926,0.39309895
2973159393,0.3552071,0.4027275,0.24206538
2973239905,0.2605001,0.50373936,0.23576051
2973424128,0.3641109,0.4085576,0.22733155
2973658658,0.38654253,0.20847414,0.4049833
2975084799,0.25373706,0.47115168,0.27511126
2975277086,0.35726628,0.32370713,0.31902656
2975532518,0.28903973,0.3269141,0.38404617
2975741906,0.69224745,0.14024997,0.16750255
2975752322,0.6155537,0.15885788,0.22558847
2975880318,0.19043913,0.47764626,0.33191463
2975963388,0.20560674,0.46709105,0.32730213
2977296794,0.25855744,0.5450919,0.19635063
2977300130,0.14756885,0.6694538,0.18297733
2977524550,0.39198637,0.25902793,0.34898567
2977800229,0.31894818,0.4220626,0.25898927
2977984584,0.28466052,0.40211186,0.31322756
2978156796,0.28127956,0.4898288,0.2288917
2978440603,0.39000028,0.23239103,0.37760872
2978501017,0.22775109,0.36223298,0.4100159
2978542046,0.5403585,0.21559644,0.24404514
2979385172,0.33960426,0.30196494,0.35843083
2979463809,0.19209804,0.09397088,0.7139311
2979547332,0.26305744,0.46045673,0.2764859
2979732971,0.40807974,0.25125742,0.3406628
2979918859,0.46474928,0.16579543,0.36945534
2980014630,0.6092594,0.14338088,0.24735971
2980278926,0.4335934,0.27790877,0.28849787
2980434387,0.27509308,0.406816,0.31809095
2980595916,0.40083495,0.25472173,0.34444332
2980686279,0.10899604,0.43178904,0.45921484
2980756377,0.29019654,0.26488805,0.4449154
2980854341,0.31976098,0.3483999,0.3318391
2981174144,0.41265807,0.29924947,0.28809246
2981599344,0.16984077,0.6086799,0.22147936
2981817780,0.30788094,0.43021142,0.2619076
2982038531,0.5189963,0.17576014,0.30524355
2982125671,0.45599097,0.25159964,0.29240942
2982631321,0.30354023,0.33705053,0.35940927
2983257051,0.3174327,0.4126551,0.26991224
2983594452,0.34077322,0.32879478,0.33043197
2983984629,0.39366007,0.20244054,0.40389937
2984255407,0.22224332,0.5813926,0.19636406
2985031309,0.347432,0.31658578,0.3359822
2985119588,0.55657697,0.14712404,0.29629895
2985158509,0.41367403,0.1609306,0.42539537
2985717658,0.44361708,0.33458814,0.22179478
2986364651,0.5770165,0.23577702,0.18720649
2986581090,0.34404767,0.33518544,0.3207669
2986938727,0.37188774,0.2788541,0.34925818
2987089864,0.5030018,0.20469426,0.29230395
2987387384,0.17292209,0.48341507,0.34366283
2987749109,0.5173243,0.23531039,0.24736531
2987974751,0.79387665,0.068340264,0.13778302
2988580438,0.5854728,0.16858582,0.24594136
2989122566,0.36532876,0.31791392,0.31675735
2989207811,0.25639105,0.32991523,0.4136937
2990605336,0.30213255,0.40878937,0.2890781
2990768440,0.7212243,0.12634058,0.15243508
2991426422,0.49185947,0.22359392,0.28454664
2991523857,0.28367144,0.3933947,0.32293382
2991690994,0.37911692,0.3560118,0.26487127
2993297850,0.38070452,0.40318468,0.21611081
2993451087,0.4331313,0.26281804,0.30405065
2993562776,0.3285983,0.40812647,0.26327524
2993773233,0.4087742,0.29406995,0.29715583
2993926501,0.4552472,0.24696086,0.29779193
2994695380,0.5513236,0.07769409,0.37098238
2994757508,0.5197762,0.29717276,0.18305105
2994821494,0.7095288,0.12514406,0.16532706
2995326675,0.7663061,0.08422364,0.14947031
2995350053,0.24706775,0.40853935,0.34439293
2995795537,0.07899936,0.7873514,0.13364922
2995850263,0.2910597,0.36908296,0.33985734
2995950761,0.5674406,0.21867113,0.21388824
2996189229,0.26079816,0.32638273,0.41281915
2996749502,0.35842636,0.30912355,0.33245006
2997981780,0.23576152,0.5061668,0.2580717
2998410881,0.4490151,0.26887366,0.2821113
2998781680,0.34854388,0.30577335,0.3456828
2998884865,0.25161526,0.30527827,0.44310647
2999135845,0.460229,0.3206675,0.21910343
2999384364,0.435148,0.23757988,0.3272721
2999435300,0.56261384,0.20656806,0.2308181
2999930181,0.81493926,0.06943847,0.115622275
3000543453,0.34021232,0.33127606,0.32851163
3000734251,0.3626614,0.2767586,0.36058003
3000766008,0.2570119,0.47018182,0.27280632
3002032318,0.5027447,0.22547972,0.2717756
3002559220,0.23580684,0.55056876,0.21362442
3003648123,0.3843094,0.22510345,0.3905871
3003970943,0.21612674,0.5807806,0.2030926
3004006420,0.55826664,0.22366615,0.21806723
3004716829,0.0789225,0.501321,0.4197565
3005521570,0.20092356,0.61844,0.18063644
3006554749,0.32850137,0.4354225,0.23607609
3006817672,0.25037047,0.53592503,0.21370456
3007049811,0.32319105,0.4190073,0.2578017
3007193843,0.23848538,0.32417732,0.43733725
3007376645,0.26575997,0.34775713,0.3864829
3007491774,0.40728462,0.25117907,0.34153634
3007672399,0.26671463,0.47772846,0.25555694
3007987509,0.44791666,0.25887656,0.29320678
3008080992,0.2977677,0.35597497,0.34625736
3008181081,0.59448504,0.13522303,0.2702919
3008501287,0.22832634,0.50695825,0.26471537
3008741359,0.21098875,0.53962886,0.24938242
3008754185,0.21857005,0.21551482,0.56591517
3008840934,0.65716165,0.120638825,0.2221995
3008986891,0.28873757,0.16908626,0.54217625
3009286862,0.2946249,0.44229788,0.2630772
3009555017,0.017336722,0.029185232,0.95347804
3010141692,0.31639183,0.37900484,0.30460337
3010902618,0.4226232,0.38614663,0.1912302
3011325230,0.7544683,0.04483614,0.20069551
3011705533,0.25797847,0.5105933,0.23142824
3011922901,0.31256664,0.29441452,0.39301887
3011970269,0.1144102,0.7322821,0.15330766
3012339666,0.3977891,0.27190465,0.3303062
3013203305,0.33695891,0.41439646,0.24864466
3013761720,0.36174783,0.35243487,0.28581733
3013799287,0.21877235,0.57382834,0.2073993
3014128026,0.28792503,0.44091374,0.2711612
3014305180,0.15494493,0.6321389,0.21291617
3014464287,0.4017118,0.30401942,0.29426888
3015020750,0.1761114,0.21915275,0.6047358
3015566685,0.10237255,0.6229718,0.2746557
3017098561,0.5031513,0.18972406,0.30712464
3018591812,0.56162757,0.18981662,0.2485558
3018904554,0.3192073,0.2840596,0.39673302
3020274205,0.47674882,0.27375415,0.24949703
3020369113,0.47206935,0.17435016,0.35358047
3020987545,0.33452734,0.25216383,0.41330883
3021187538,0.3127081,0.42786574,0.25942618
3021225334,0.4512013,0.3213849,0.22741386
3021592859,0.17263621,0.5749895,0.25237432
3022153328,0.5295223,0.21194527,0.25853243
3022183355,0.27724978,0.43997103,0.2827792
3022612778,0.39781433,0.31763294,0.2845527
3023411699,0.3676225,0.32355562,0.30882186
3023623439,0.20825784,0.50908273,0.28265938
3023985740,0.21189487,0.13700143,0.65110373
3024703787,0.3118121,0.25953683,0.42865106
3024937697,0.47761345,0.23315011,0.28923637
3025060947,0.22548799,0.52362096,0.25089106
3026009430,0.07190411,0.781011,0.14708483
3026180148,0.34556925,0.3878026,0.26662815
3026192624,0.4770226,0.2552905,0.26768696
3026969590,0.6949309,0.15331848,0.15175064
3027034130,0.59025997,0.1418297,0.2679103
3027047688,0.25165153,0.43648627,0.31186223
3027188145,0.5339575,0.21301565,0.25302684
3027226430,0.41124177,0.08858705,0.5001711
3027346712,0.3549071,0.26720634,0.37788656
3027875665,0.27207136,0.34611887,0.38180977
3028490439,0.30254573,0.13543364,0.5620207
3029831891,0.20760575,0.53683543,0.2555588
3030959421,0.63928264,0.10262669,0.25809067
3031049214,0.60874015,0.16244398,0.22881582
3031326036,0.6487821,0.17654786,0.17467003
3031473799,0.2714544,0.34920192,0.37934363
3031480421,0.35353747,0.3892413,0.25722122
3031733204,0.28651607,0.41140124,0.3020827
3032713495,0.33947077,0.29030973,0.3702195
3032765534,0.66969067,0.14776322,0.18254615
3033346112,0.4879094,0.2235817,0.28850886
3035059726,0.5474207,0.2503914,0.20218793
3035116041,0.7731848,0.1558658,0.070949405
3035250425,0.3309291,0.3093359,0.35973504
3035423539,0.35778886,0.36820868,0.27400246
3036135325,0.09391555,0.37764412,0.52844036
3036327789,0.7227353,0.12736413,0.14990051
3036377112,0.16813965,0.6134282,0.21843216
3037080904,0.34896812,0.24069388,0.41033804
3037374247,0.29884467,0.26608244,0.43507287
3037815765,0.24519195,0.3626386,0.39216945
3037964412,0.6134713,0.14723475,0.23929398
3038054808,0.28540534,0.44432315,0.27027145
3038477274,0.29687464,0.4794759,0.2236495
3038818426,0.4166723,0.2725859,0.31074175
3039142251,0.32350352,0.35839972,0.31809673
3039457931,0.49512267,0.2501157,0.25476155
3039733878,0.8006218,0.06413611,0.13524199
3040012489,0.36434826,0.36735204,0.2682997
3040229149,0.45427018,0.27913412,0.2665957
3040821052,0.481556,0.26337364,0.2550704
3041082221,0.29378155,0.369715,0.33650342
3042236674,0.3593992,0.45331067,0.18729015
3042790568,0.23347287,0.5701485,0.19637857
3043028831,0.26883775,0.4705253,0.2606369
3043206759,0.1621649,0.5062836,0.33155155
3043264765,0.22434701,0.3669703,0.4086827
3043673338,0.5437201,0.11128386,0.344996
3044348043,0.27663946,0.4258808,0.29747975
3044367089,0.60047156,0.17014891,0.22937956
3044514167,0.5097531,0.23426843,0.25597852
3044575948,0.46667957,0.25932193,0.27399853
3044903293,0.30665147,0.35377172,0.3395768
3044938437,0.2884709,0.18231843,0.5292107
3045117868,0.39017296,0.30174854,0.30807853
3045940321,0.23289981,0.2927447,0.47435546
3046466904,0.6057601,0.14966895,0.244571
3046475404,0.4191352,0.29215124,0.28871354
3047335867,0.5790983,0.21859722,0.2023045
3047380557,0.19499044,0.5830553,0.22195426
3048018072,0.530057,0.2114487,0.25849426
3048061448,0.5514457,0.21628113,0.23227316
3048994047,0.2282991,0.22052062,0.5511803
3049324777,0.26884153,0.48865047,0.24250796
3049379523,0.34840143,0.35056105,0.30103755
3049382203,0.668042,0.15104266,0.18091534
3050293988,0.18618755,0.3710744,0.4427381
3050497475,0.57669884,0.16246232,0.26083884
3050548423,0.23152575,0.34123662,0.42723766
3051908615,0.3295862,0.33646646,0.33394733
3052885310,0.15104769,0.31182343,0.5371289
3053333537,0.65340364,0.15372306,0.19287327
3054499127,0.3722618,0.3140701,0.31366816
3054661935,0.50335044,0.19394572,0.3027039
3054766457,0.16289644,0.6415184,0.1955851
3054792416,0.5482489,0.13824823,0.31350288
3055348763,0.15896831,0.69071454,0.15031718
3055584678,0.4671717,0.3159874,0.21684085
3055737370,0.35080287,0.39962187,0.24957523
3055833772,0.24612159,0.52876633,0.22511208
3056225277,0.17405428,0.43723595,0.38870984
3056355542,0.19665027,0.58495575,0.21839398
3056376508,0.22792667,0.57805544,0.19401789
3056875773,0.4175529,0.2944133,0.28803384
3057103769,0.38160127,0.33889535,0.27950338
3057155011,0.29085347,0.4064352,0.30271128
3057346597,0.5516587,0.18606915,0.26227224
3057851728,0.27887934,0.53867537,0.18244536
3057928740,0.48432305,0.25598612,0.25969085
3058098156,0.29607913,0.25538066,0.4485402
3058329814,0.37257397,0.31997475,0.3074513
3058467930,0.46536067,0.19252741,0.34211197
3059250189,0.32405627,0.50913775,0.16680601
3059416456,0.2339355,0.5616785,0.204386
3059663947,0.25312963,0.527775,0.2190954
3059680487,0.33266637,0.32937345,0.33796015
3059931733,0.427869,0.3010002,0.27113074
3060194603,0.6137274,0.15070815,0.23556444
3060242283,0.31696868,0.38043898,0.30259237
3061211290,0.6990291,0.12582001,0.17515083
3061528240,0.2851395,0.45044705,0.26441345
3061669195,0.75903636,0.0992028,0.14176081
3061832325,0.55461055,0.17863871,0.26675078
3061887170,0.3869219,0.31298077,0.30009735
3062694312,0.28108543,0.37377855,0.34513605
3063461500,0.26235333,0.46554634,0.27210036
3063757415,0.25621328,0.31263313,0.4311536
3064324506,0.7399848,0.07022161,0.18979359
3065079042,0.4373787,0.22986898,0.33275232
3065588705,0.34120926,0.3240965,0.33469424
3065715113,0.48316047,0.23704864,0.2797909
3065912311,0.20213054,0.65157676,0.14629269
3065914132,0.31131405,0.31574368,0.3729423
3066031465,0.39415964,0.3352263,0.2706141
3066713141,0.27877516,0.32215163,0.39907318
3067200650,0.24652354,0.54505414,0.20842233
3067476462,0.551173,0.18497185,0.26385516
3068927495,0.33274782,0.37637278,0.2908794
3068997852,0.85928416,0.012024659,0.12869109
3069029997,0.22234634,0.46815258,0.30950108
3069375861,0.2817519,0.43257886,0.2856692
3069787959,0.39920965,0.29028156,0.31050885
3069844183,0.35822454,0.3230262,0.31874922
3069934393,0.34443352,0.33228797,0.32327852
3069943935,0.17521228,0.64930755,0.17548016
3070001296,0.52352715,0.20028302,0.2761898
3070098512,0.44969738,0.28280997,0.26749265
3070234979,0.5114363,0.22223836,0.26632532
3070257269,0.27813748,0.46253926,0.25932324
3071002312,0.107518695,0.6018261,0.29065523
3071077112,0.39133856,0.30352598,0.30513543
3071422999,0.23782507,0.51240486,0.24977006
3071548567,0.05994401,0.71893436,0.22112168
3071796803,0.29504555,0.37042135,0.33453307
3072319583,0.35043234,0.39928472,0.2502829
3072524804,0.29296407,0.38077813,0.3262578
3072554880,0.30304953,0.36855224,0.32839823
3073212449,0.40530947,0.23944941,0.35524112
3073315345,0.30208886,0.40526187,0.29264924
3073752994,0.3381951,0.37648463,0.28532022
3074143653,0.3770963,0.38265586,0.24024789
3074163896,0.28459433,0.41598937,0.29941627
3074360775,0.52064764,0.21288085,0.26647145
3074396140,0.27814934,0.3197776,0.40207303
3074510442,0.33102182,0.35226542,0.3167128
3074559286,0.3862064,0.300494,0.3132997
3074726099,0.56154305,0.20881347,0.22964346
3074894555,0.22864883,0.33176047,0.43959063
3075232181,0.2981559,0.4530587,0.24878542
3075626294,0.40499726,0.33024052,0.26476222
3075973115,0.15799749,0.67292213,0.1690804
3076258185,0.24717021,0.48455727,0.2682725
3076453552,0.55587304,0.22628023,0.21784675
3076517475,0.4870894,0.2907474,0.22216316
3077129665,0.24464743,0.3506308,0.40472183
3078568142,0.35463867,0.38761026,0.25775108
3079047142,0.3290198,0.46266848,0.20831169
3079116755,0.20791674,0.13501093,0.65707237
3079280072,0.5032723,0.24920905,0.24751866
3079449080,0.7068267,0.09645362,0.1967197
3079773791,0.42893553,0.25501332,0.3160511
3079883005,0.1844237,0.62399465,0.19158162
3080054329,0.56690186,0.17842257,0.25467557
3080124195,0.42188662,0.28368244,0.29443085
3080396431,0.26649502,0.45284614,0.2806588
3080858026,0.09227535,0.66175973,0.24596493
3082342023,0.2954576,0.4490839,0.25545847
3082902780,0.23213442,0.41990352,0.34796205
3083539562,0.18824093,0.6147586,0.19700044
3083670075,0.77026033,0.089198805,0.14054087
3083982692,0.373413,0.3422238,0.2843632
3084513551,0.16746843,0.64141685,0.19111474
3084564901,0.31429604,0.21965237,0.46605158
3085295000,0.16157018,0.20091963,0.6375102
3085589448,0.39228886,0.30851582,0.29919532
3085908186,0.20152982,0.6683038,0.13016638
3085911180,0.27727827,0.49883714,0.22388455
3086067420,0.31782448,0.3297234,0.3524521
3086992094,0.45627376,0.25781003,0.28591618
3087191337,0.40242746,0.32094613,0.27662638
3087268927,0.15922967,0.6622804,0.17848998
3087375352,0.30296358,0.31799453,0.37904182
3087907846,0.30406377,0.3435879,0.3523483
3088060202,0.6037677,0.13465169,0.26158056
3088340839,0.5904767,0.1909588,0.2185645
3088563252,0.35475597,0.3171866,0.32805744
3089101616,0.19401728,0.5782961,0.22768658
3089157801,0.30867124,0.42007774,0.27125108
3089313547,0.22597133,0.5985857,0.1754429
3089770632,0.011150841,0.01796859,0.97088057
3090046073,0.3551806,0.40028185,0.24453753
3090213908,0.73615986,0.05876424,0.20507587
3090387607,0.4238543,0.29454154,0.2816042
3090509208,0.66769886,0.14744423,0.18485683
3090691482,0.43608248,0.2343928,0.32952467
3090869966,0.40774018,0.32051474,0.2717451
3090876077,0.17501928,0.63917315,0.18580757
3091164532,0.46401396,0.25840697,0.27757904
3091626780,0.30696306,0.44647995,0.24655698
3092269785,0.48900923,0.21518531,0.2958055
3092414999,0.22154988,0.5619468,0.2165033
3093619804,0.1878648,0.33817858,0.47395658
3093751502,0.39592847,0.16112459,0.442947
3093916061,0.4386312,0.25818405,0.30318475
3094078886,0.41862997,0.2862705,0.29509953
3094149540,0.42808604,0.25690928,0.31500465
3094381713,0.062588274,0.071091525,0.8663202
3094843833,0.18622392,0.3333758,0.48040032
3094862692,0.5627442,0.1918908,0.245365
3094983201,0.39571393,0.28587243,0.3184136
3095478682,0.6593015,0.12804356,0.21265498
3095831562,0.27353752,0.2688253,0.45763725
3095866924,0.76371,0.0636566,0.17263333
3096378858,0.6426517,0.15773347,0.19961485
3096588795,0.43260655,0.25842986,0.30896357
3096996390,0.30469218,0.32625848,0.36904934
3097361978,0.2527979,0.53420967,0.2129924
3097427500,0.47244996,0.2371015,0.29044852
3097609055,0.3004032,0.3661685,0.33342832
3098064374,0.3867387,0.26724476,0.34601662
3098143032,0.5964968,0.21585524,0.18764794
3098513522,0.22918184,0.5244837,0.24633448
3100682988,0.65024066,0.1621856,0.18757375
3101848454,0.5539533,0.20189755,0.24414918
3102288035,0.8005604,0.05476078,0.14467889
3103197924,0.33218884,0.34347174,0.3243394
3103290908,0.51552635,0.2251784,0.25929523
3103789330,0.3897561,0.32812065,0.2821232
3103815484,0.5309794,0.17385137,0.29516926
3104201540,0.6106734,0.17129059,0.21803594
3104293953,0.34491998,0.25328988,0.4017901
3104325707,0.64116675,0.14206025,0.21677299
3104494001,0.22844335,0.48158956,0.28996715
3104840822,0.32660174,0.19854152,0.47485676
3104915908,0.29518992,0.41335878,0.2914513
3105680636,0.15971439,0.62209666,0.21818899
3105902015,0.084228866,0.7106718,0.20509931
3106687065,0.35939702,0.3113765,0.3292265
3106744162,0.4110501,0.18864092,0.40030903
3107251341,0.3567646,0.34577876,0.29745656
3109790409,0.29324,0.46453097,0.24222909
3110012729,0.32348496,0.44496608,0.23154901
3110375853,0.36892897,0.31453362,0.31653744
3110692321,0.19152099,0.48278925,0.3256898
3111232716,0.3899501,0.28978693,0.320263
3111320687,0.57840836,0.18115912,0.24043244
3111446318,0.32824865,0.29408488,0.37766644
3111754994,0.52099115,0.23100649,0.24800235
3111796895,0.24830605,0.53408957,0.21760443
3113188733,0.2568144,0.09869288,0.64449275
3113198560,0.21106811,0.36514673,0.42378512
3113219473,0.29327068,0.42664376,0.2800855
3113307428,0.24821228,0.49248144,0.25930628
3113489287,0.4214626,0.41668317,0.16185421
3113585872,0.56093913,0.21735622,0.22170472
3113727121,0.32632387,0.39641684,0.27725926
3114233780,0.25243655,0.45223504,0.29532844
3114419244,0.4707266,0.27533653,0.2539369
3114841125,0.18010262,0.59835124,0.22154611
3115084000,0.35406658,0.2941237,0.3518097
3115211109,0.15964925,0.6461577,0.19419302
3115455159,0.88250065,0.03453265,0.08296674
3115725723,0.6674203,0.13718458,0.19539513
3116140543,0.13214903,0.7235192,0.1443318
3116423749,0.3573717,0.32971582,0.31291246
3116717831,0.19532953,0.539809,0.26486146
3116729160,0.23047736,0.15503018,0.6144925
3116734159,0.37199044,0.15375835,0.47425112
3117612221,0.38666442,0.41416055,0.19917497
3117702480,0.31217808,0.3401523,0.3476696
3117729208,0.5014136,0.24699736,0.25158903
3117744046,0.50493926,0.2232958,0.27176496
3118612757,0.5913056,0.15531665,0.25337777
3119122409,0.3471051,0.21630469,0.43659022
3119395072,0.33355498,0.41338333,0.25306162
3119702711,0.27474275,0.45727178,0.2679855
3121888392,0.5101509,0.30910832,0.18074074
3121943818,0.66788465,0.13179795,0.20031738
3123291840,0.36348218,0.2874548,0.349063
3123381052,0.48949173,0.23885295,0.27165532
3123501433,0.41629338,0.28755903,0.29614758
3124221261,0.27537212,0.43334165,0.2912862
3124234427,0.31805417,0.42718852,0.2547573
3124419674,0.60636586,0.16939396,0.22424023
3124874036,0.51555306,0.1483382,0.3361087
3124970366,0.42663616,0.2628984,0.31046546
3125075861,0.29026502,0.3714658,0.33826917
3125589327,0.5640799,0.20612323,0.22979686
3125791465,0.032286566,0.9298075,0.037905943
3126106024,0.23102106,0.267324,0.5016549
3126269430,0.27323654,0.28750065,0.4392628
3127238840,0.57703024,0.1795418,0.24342799
3127429461,0.3532359,0.2761018,0.37066236
3127766303,0.21190567,0.59588146,0.19221286
3128245310,0.5910918,0.12830871,0.28059947
3128361922,0.21424943,0.67203856,0.113711976
3129568360,0.35349932,0.23424442,0.41225633
3130645471,0.43124154,0.28503847,0.28372
3130764272,0.26498234,0.3131526,0.42186502
3130842562,0.28922287,0.40279385,0.3079833
3130871701,0.32976788,0.40482098,0.2654111
3131037074,0.0929044,0.77185935,0.13523626
3131161078,0.26657343,0.47328264,0.26014397
3131238175,0.39459416,0.29910004,0.30630586
3131806717,0.2695308,0.50522673,0.22524244
3131886639,0.3232801,0.30047962,0.37624028
3132260018,0.28014675,0.3484668,0.3713865
3132783575,0.21830617,0.20509602,0.5765978
3133197572,0.3241448,0.32917035,0.34668484
3134143027,0.53535306,0.25324726,0.21139964
3134214200,0.1781885,0.6578085,0.16400295
3134295633,0.16409656,0.6347821,0.20112139
3134391356,0.43812203,0.2794266,0.28245136
3135035366,0.324279,0.40606394,0.26965702
3135367776,0.5037324,0.23027332,0.26599425
3135422751,0.433014,0.19127706,0.37570894
3135840932,0.41295594,0.21908583,0.3679582
3135871519,0.2569585,0.5188511,0.22419035
3135936182,0.13383389,0.7010094,0.16515675
3136011472,0.34991,0.31994048,0.33014956
3136352539,0.33486274,0.32296023,0.34217703
3136639721,0.37793946,0.30353454,0.31852606
3136705430,0.25817105,0.37034658,0.3714823
3137303515,0.22529209,0.46979675,0.3049112
3137684263,0.3486783,0.2173844,0.43393737
3137898956,0.7283553,0.06690278,0.20474194
3137954246,0.5258069,0.19861215,0.27558088
3137989468,0.24810497,0.37723336,0.37466168
3138245936,0.1821519,0.13247587,0.6853723
3139327708,0.34904838,0.3442243,0.3067273
3140140555,0.0659586,0.75060207,0.18343933
3140270455,0.52912354,0.16210131,0.30877516
3140319484,0.46770015,0.24647343,0.28582647
3140641722,0.43834037,0.3263287,0.23533098
3140807902,0.29044828,0.21363279,0.49591896
3141447629,0.49715957,0.2528717,0.24996871
3141467727,0.4303479,0.27882767,0.2908244
3141550738,0.62471265,0.1788879,0.19639951
3143630536,0.53468245,0.20397967,0.26133788
3144112588,0.44723132,0.23584227,0.31692636
3144171480,0.4341954,0.19460452,0.3712001
3144827818,0.32891494,0.35560337,0.31548172
3145091057,0.7223435,0.110978596,0.16667789
3145139755,0.22325027,0.5587453,0.2180044
3145616533,0.14638135,0.64497066,0.20864798
3146106552,0.3769646,0.41884816,0.20418723
3146561527,0.2207832,0.25795063,0.5212662
3147229327,0.24544196,0.53591186,0.21864615
3147444750,0.7886471,0.07086116,0.14049175
3147571473,0.5411563,0.19709411,0.26174963
3147938099,0.76532286,0.06742612,0.1672511
3147939056,0.23606521,0.53602046,0.22791432
3148028396,0.44500464,0.2338205,0.3211749
3148231392,0.580158,0.17814495,0.24169703
3148430272,0.4086991,0.21880907,0.37249184
3148450888,0.37775177,0.27067918,0.35156912
3148531304,0.10748791,0.6770492,0.21546286
3148575965,0.37761736,0.40919995,0.2131827
3148596852,0.41748255,0.39833447,0.18418296
3149250801,0.3567784,0.34740788,0.2958137
3149860020,0.18282162,0.57083786,0.24634054
3149909127,0.24477698,0.51759243,0.23763056
3150155618,0.19122209,0.45642337,0.35235456
3150175339,0.33599925,0.3770193,0.28698146
3151363915,0.36069745,0.31509864,0.32420388
3151523688,0.37043005,0.27994904,0.34962085
3151651525,0.34819826,0.3035552,0.34824657
3152623407,0.37194386,0.1947774,0.43327874
3152672209,0.31928143,0.32579395,0.3549246
3153361518,0.14706734,0.69108015,0.1618525
3153421296,0.6147187,0.17508729,0.21019399
3153546661,0.43463555,0.36164826,0.2037162
3153745208,0.31270316,0.42186147,0.26543537
3154401889,0.4974407,0.19688666,0.30567273
3154644118,0.40105432,0.277557,0.3213887
3157455036,0.4473606,0.31965867,0.2329807
3158497131,0.47877514,0.24906418,0.2721607
3158702181,0.5424336,0.17649215,0.28107423
3158880787,0.31890303,0.43780097,0.24329601
3159771224,0.33975044,0.3918444,0.2684052
3160086106,0.888581,0.03481969,0.07659929
3160387391,0.40306672,0.2648119,0.3321213
3160562372,0.356007,0.37358037,0.2704126
3161515714,0.71031076,0.12355889,0.16613036
3162339548,0.3270434,0.35948896,0.31346762
3162376476,0.38161546,0.37997544,0.23840909
3162444767,0.44159195,0.27848774,0.27992028
3162516600,0.4774292,0.23537938,0.28719142
3163659689,0.38761404,0.31064695,0.301739
3163701632,0.18554097,0.2932195,0.5212395
3163978458,0.26585504,0.34059608,0.39354882
3165822918,0.263454,0.33640087,0.40014517
3166078009,0.30573335,0.46972466,0.22454202
3166346374,0.42469376,0.27796844,0.29733777
3166707500,0.5624676,0.21716395,0.22036853
3166918560,0.29017037,0.34363195,0.3661977
3167023587,0.26755533,0.5299373,0.2025073
3167270274,0.41599727,0.31651482,0.26748797
3167280772,0.2535205,0.5389206,0.20755892
3167665192,0.031081848,0.88381547,0.08510272
3167711830,0.6999451,0.118220724,0.18183424
3167740410,0.43885437,0.28556073,0.27558497
3167885496,0.31751677,0.34987193,0.33261132
3167991102,0.22427578,0.30226877,0.4734554
3168066318,0.49999714,0.21568197,0.28432083
3169510936,0.26128796,0.5422916,0.19642046
3169805531,0.09495578,0.13610561,0.76893866
3170046941,0.42241463,0.2782448,0.29934058
3171023414,0.17424656,0.2169201,0.6088333
3171760569,0.29784888,0.42005587,0.28209525
3171903376,0.7786088,0.03613471,0.18525648
3172925793,0.5609825,0.17257482,0.26644266
3173055602,0.29810175,0.36959103,0.33230722
3173276147,0.54045373,0.1326911,0.32685515
3173488530,0.32664707,0.37660226,0.29675063
3173935456,0.41461343,0.2840366,0.30134988
3173968407,0.6042922,0.1489702,0.24673758
3174308010,0.5568652,0.20612189,0.23701292
3174392771,0.30480653,0.41343564,0.28175786
3174578167,0.33813137,0.44564095,0.21622764
3175324327,0.20199619,0.23225705,0.5657467
3175355383,0.26263312,0.30897123,0.42839566
3176050225,0.2079524,0.57758516,0.21446241
3176429953,0.3710264,0.3027018,0.32627177
3176890964,0.47133118,0.21540628,0.3132625
3177440683,0.22027424,0.38140255,0.3983232
3177662094,0.37018594,0.38389313,0.24592093
3178350266,0.5414499,0.13726935,0.32128078
3179274518,0.51722145,0.19500774,0.28777084
3180111963,0.395281,0.17009072,0.4346283
3180308649,0.43446,0.17355137,0.39198855
3180661137,0.68773806,0.053437706,0.2588243
3181489675,0.25405276,0.354734,0.39121324
3182530569,0.103999145,0.7391842,0.15681665
3183261237,0.37315702,0.37772128,0.24912168
3183427831,0.4122258,0.25790003,0.3298742
3183850443,0.28174025,0.49638578,0.22187395
3184462970,0.47312555,0.22896346,0.29791105
3184847670,0.21037054,0.4654091,0.32422036
3185087828,0.505368,0.19335529,0.3012768
3185105267,0.32711345,0.4423532,0.23053333
3185316753,0.17038435,0.62777936,0.2018363
3185450823,0.36284322,0.41720992,0.21994685
3186547282,0.31506547,0.3645431,0.32039142
3186642294,0.53830075,0.12296592,0.33873335
3188706572,0.43102196,0.3265654,0.24241267
3189122670,0.44417503,0.3147166,0.2411083
3189187250,0.6375291,0.17739798,0.18507294
3189896702,0.49795708,0.23293112,0.26911184
3190112824,0.29870355,0.45220622,0.24909027
3190701614,0.22048849,0.29677805,0.48273346
3191007554,0.57063144,0.20983076,0.2195378
3191693827,0.48875907,0.33895665,0.17228429
3192089305,0.4701338,0.13787544,0.39199075
3192307991,0.44204408,0.21035782,0.34759808
3192382918,0.21960416,0.59099436,0.18940143
3193173204,0.1541771,0.4308513,0.41497165
3193598860,0.4403061,0.26577857,0.2939154
3194299709,0.5524291,0.20271507,0.24485587
3194460509,0.4671719,0.27733487,0.25549316
3195231090,0.33199427,0.33716822,0.33083755
3195597578,0.34824803,0.12999602,0.52175593
3196723749,0.63796514,0.1743972,0.18763767
3197100555,0.0015662687,0.026129978,0.97230375
3197544354,0.25383145,0.46690467,0.27926388
3197982707,0.20477727,0.5208216,0.27440122
3198397424,0.21426362,0.2817081,0.50402826
3198456614,0.6406285,0.17612968,0.18324177
3198729063,0.19879024,0.28910187,0.5121079
3198913704,0.65147567,0.16237721,0.18614718
3198926011,0.4054698,0.28055552,0.31397468
3199355046,0.3198522,0.3468066,0.33334118
3199434726,0.35890472,0.32422107,0.3168742
3199435900,0.7876519,0.10989724,0.10245078
3200053718,0.22862692,0.48570594,0.2856671
3200077641,0.3125302,0.3626754,0.32479444
3200088648,0.2719908,0.42087686,0.30713233
3200459012,0.209027,0.56829184,0.2226811
3201227210,0.27080256,0.20521039,0.52398705
3201504550,0.15119256,0.65768707,0.1911204
3202176241,0.49062964,0.23611073,0.27325967
3202183801,0.9303438,0.018087089,0.051569138
3202573841,0.43695965,0.27787882,0.28516158
3203602583,0.33340696,0.33285546,0.3337376
3204154244,0.35737666,0.36161777,0.2810056
3205355780,0.35234776,0.32814762,0.31950462
3205356899,0.27063298,0.3464289,0.38293815
3205358250,0.018656509,0.94106877,0.040274754
3205590233,0.36030948,0.28614065,0.3535498
3205614298,0.4931426,0.23571388,0.27114353
3206152483,0.2325801,0.53904307,0.2283768
3207461573,0.14730152,0.6457834,0.20691502
3207611030,0.33630165,0.21426328,0.44943506
3208102840,0.2752997,0.47011802,0.2545823
3208286494,0.2525994,0.5600616,0.18733907
3208339504,0.13560744,0.72575027,0.13864227
3208513553,0.4706254,0.21836911,0.31100544
3208944842,0.18893592,0.5202291,0.290835
3208998358,0.57488734,0.19268322,0.23242941
3210283778,0.3223387,0.30494928,0.37271202
3210443509,0.5445976,0.13273238,0.32267007
3211117262,0.233636,0.49701723,0.26934677
3211645314,0.19227411,0.5351021,0.27262372
3212429718,0.45196852,0.1904922,0.3575393
3212556256,0.2147055,0.31462085,0.47067368
3213167022,0.25082827,0.52458465,0.22458707
3213289713,0.4808915,0.22398725,0.29512128
3213765962,0.25942743,0.51729596,0.22327662
3214839137,0.5358239,0.31462353,0.14955257
3215230045,0.4612967,0.26972917,0.26897413
3215362749,0.73242927,0.1089591,0.15861166
3216585235,0.23336644,0.4019669,0.36466667
3217364457,0.6352214,0.18587127,0.17890733
3217682404,0.42140725,0.28372225,0.2948705
3218065687,0.32017136,0.36923975,0.31058887
3218699619,0.3268834,0.4357583,0.23735832
3219341151,0.20279418,0.27567288,0.5215329
3220689602,0.778943,0.1063551,0.1147019
3221276339,0.30904812,0.37808955,0.3128623
3221451757,0.3790308,0.29419118,0.32677802
3222222885,0.19158007,0.6148112,0.19360875
3223010823,0.8486398,0.07270973,0.07865053
3223962858,0.42040336,0.085723065,0.4938736
3224379249,0.27393076,0.2618158,0.46425346
3224652367,0.23898736,0.45142156,0.30959105
3224841161,0.32924718,0.3153291,0.35542372
3224946899,0.3898122,0.21118203,0.39900577
3225004220,0.760426,0.06501747,0.17455651
3225630746,0.6480399,0.07775333,0.27420676
3226024159,0.48333278,0.26100817,0.25565913
3226138917,0.22045135,0.17053325,0.60901535
3226271925,0.4096088,0.3728097,0.21758156
3226530554,0.56768453,0.20816743,0.224148
3226602653,0.5828727,0.20792633,0.20920095
3226809019,0.7237414,0.12427013,0.15198845
3227213427,0.5003638,0.24855247,0.2510837
3227399370,0.93813837,0.011527266,0.050334387
3227815628,0.31751272,0.20724337,0.47524396
3227836180,0.12935351,0.6223458,0.24830066
3229149394,0.58326334,0.14802605,0.26871055
3229562039,0.31498212,0.41231102,0.2727069
3229668981,0.2736006,0.40650645,0.3198929
3229789301,0.31253797,0.394419,0.29304296
3229827917,0.15629509,0.6131238,0.23058115
3230237161,0.48744848,0.3344146,0.17813693
3230619383,0.4022505,0.41525403,0.18249546
3231591034,0.30997798,0.35809785,0.3319242
3232110570,0.19730838,0.4747704,0.32792118
3232161906,0.28314176,0.46101812,0.25584015
3232461670,0.44539148,0.13070433,0.42390415
3233854267,0.2758507,0.43906614,0.28508314
3233987119,0.4425587,0.23441988,0.32302147
3234029964,0.3589921,0.23039412,0.41061375
3234117231,0.73660356,0.09088952,0.17250693
3234248849,0.17708026,0.19535708,0.6275626
3235570281,0.30259812,0.41011515,0.2872867
3235733972,0.39716265,0.31126627,0.2915711
3236418191,0.27797365,0.40471172,0.31731462
3236672528,0.21017866,0.5441174,0.24570395
3237387100,0.599648,0.1309868,0.26936528
3237464056,0.26720238,0.2614377,0.47135994
3237843914,0.39039826,0.23523875,0.37436292
3238756084,0.26296347,0.40731546,0.32972103
3238812519,0.55722904,0.16886415,0.27390677
3239274855,0.33867687,0.13211128,0.5292118
3239343866,0.44128546,0.20369618,0.35501838
3239695243,0.42838782,0.26885864,0.30275354
3239762814,0.58384824,0.08459503,0.33155668
3239809415,0.14136648,0.6750268,0.18360667
3240257653,0.104555145,0.36451873,0.53092617
3241067124,0.1895329,0.55147815,0.25898895
3242533343,0.57111216,0.2251338,0.20375408
3242651302,0.58836126,0.15651141,0.25512728
3242881357,0.3673748,0.30019918,0.33242598
3243125378,0.4431001,0.16185006,0.3950498
3243600332,0.2534308,0.41701794,0.32955116
3244388572,0.6046105,0.12820682,0.26718265
3244406496,0.5231095,0.24171066,0.23517987
3244688462,0.6716815,0.116219446,0.212099
3244787932,0.34576812,0.41102177,0.24321015
3244812904,0.040890846,0.8573135,0.10179561
3245077579,0.2540802,0.4864177,0.25950205
3246104141,0.51022846,0.20089163,0.28887996
3246172424,0.707898,0.09933914,0.19276288
3246371047,0.7609767,0.021679562,0.2173438
3246528318,0.50598365,0.20829044,0.2857259
3246824527,0.21578135,0.23901409,0.5452046
3246920310,0.077255204,0.5017763,0.42096847
3247004225,0.30333656,0.35500678,0.34165663
3247646762,0.65252376,0.1331052,0.21437104
3249072991,0.13813864,0.66046125,0.2014001
3249137570,0.15363728,0.6247177,0.22164509
3249224827,0.13584194,0.5415142,0.32264388
3249251833,0.47262734,0.24513915,0.28223348
3249842481,0.6026279,0.09383839,0.3035337
3250329751,0.07429802,0.82111824,0.10458375
3250582698,0.20155877,0.43226728,0.366174
3251721464,0.37267825,0.38008517,0.24723661
3251946503,0.3334489,0.28459406,0.38195702
3252358917,0.36906517,0.38429374,0.24664107
3253002841,0.47426286,0.1974863,0.32825083
3253459245,0.24566415,0.51663715,0.23769875
3253571844,0.633705,0.17040654,0.19588844
3253587785,0.67846495,0.16725163,0.1542834
3254650670,0.4116023,0.26549155,0.32290617
3254703415,0.38776785,0.27533546,0.3368967
3255004444,0.5691819,0.16271979,0.2680982
3255229364,0.5342932,0.16564234,0.30006447
3255295624,0.4611997,0.355601,0.18319929
3256446438,0.7238694,0.11991369,0.15621687
3257377589,0.27075526,0.48764592,0.24159883
3257409165,0.38868815,0.3518697,0.25944212
3257687542,0.42270532,0.38670498,0.1905897
3258195333,0.17230108,0.6325406,0.19515838
3258790666,0.3567347,0.32350096,0.3197643
3258839899,0.20394087,0.5403991,0.25566012
3259701606,0.35036153,0.19311789,0.45652056
3259768437,0.48802146,0.17665878,0.33531976
3259867051,0.28406277,0.53943694,0.1765003
3260020292,0.30463868,0.41103315,0.2843281
3260779556,0.4312488,0.24033359,0.3284176
3261076533,0.3341679,0.33441773,0.33141434
3261160494,0.10924765,0.2651591,0.62559325
3261487299,0.6748494,0.108231775,0.21691883
3262221863,0.48898876,0.26345786,0.2475533
3263246843,0.21012035,0.48281413,0.30706546
3263860634,0.34103748,0.30160925,0.35735327
3264666584,0.3313809,0.30965626,0.3589629
3265200944,0.4484817,0.33174485,0.2197735
3265285854,0.87543994,0.005861746,0.11869834
3265551571,0.13304965,0.20710774,0.6598426
3266326098,0.31811127,0.36403978,0.31784895
3268606925,0.3858841,0.35594568,0.2581702
3268756842,0.36367583,0.12483151,0.51149267
3269254745,0.3170559,0.47063175,0.2123124
3270065222,0.48711023,0.30162823,0.21126156
3270219302,0.3885484,0.3043758,0.3070758
3271198333,0.13973482,0.7286184,0.13164677
3271399767,0.42283106,0.22631222,0.35085675
3271471349,0.31762075,0.20564012,0.4767391
3272595727,0.21832336,0.53107446,0.2506022
3272986124,0.28867733,0.36954594,0.34177673
3273603859,0.28608584,0.43408045,0.27983373
3273909256,0.17786154,0.51042587,0.31171262
3273981796,0.42159384,0.32879218,0.24961405
3274059321,0.22857518,0.51300776,0.25841707
3274744653,0.4159391,0.27037776,0.3136832
3275383038,0.33965805,0.4444484,0.21589357
3275417729,0.50160354,0.23314288,0.2652536
3275528970,0.42577738,0.28638932,0.28783324
3275703911,0.21267168,0.5546549,0.23267339
3275812783,0.09878344,0.6634381,0.23777851
3275825706,0.26194578,0.46087044,0.2771838
3275922923,0.7332561,0.042363536,0.22438036
3277438064,0.33188078,0.39334214,0.2747771
3277991889,0.3090559,0.36223358,0.32871056
3278164834,0.5446655,0.24118884,0.21414572
3278263661,0.27386448,0.47932744,0.24680808
3278725740,0.23745935,0.17744273,0.58509797
3279790635,0.09435989,0.79577756,0.109862514
3279851364,0.31208965,0.13824803,0.54966235
3280223991,0.060369615,0.84583265,0.09379767
3280301903,0.29164824,0.4547727,0.25357902
3280349873,0.49455097,0.17366606,0.33178303
3280642116,0.37877992,0.31070733,0.3105127
3280792310,0.5935252,0.17721361,0.22926128
3280889625,0.550641,0.20044298,0.248916
3281128683,0.7619641,0.04566581,0.19237009
3281701895,0.37582025,0.2417446,0.3824352
3282645775,0.40352848,0.29238802,0.3040835
3283549480,0.20161039,0.5279826,0.27040702
3284424417,0.399252,0.3424874,0.25826055
3284998494,0.07340274,0.82245636,0.104140945
3285579889,0.4282285,0.29514655,0.27662492
3285700033,0.2483863,0.16886058,0.5827531
3286202855,0.5550577,0.22554754,0.21939476
3286622734,0.1842852,0.5895013,0.2262135
3286663102,0.3343812,0.41123733,0.25438148
3287041646,0.43986693,0.20039627,0.3597368
3287219671,0.5775787,0.17781992,0.24460134
3287714380,0.25736532,0.46823123,0.27440345
3287758510,0.47675732,0.24521081,0.27803192
3287894083,0.4611641,0.322337,0.21649888
3288093929,0.35071033,0.13447125,0.51481843
3288682688,0.24172209,0.5477548,0.21052311
3288844864,0.21250483,0.44244194,0.34505326
3289212861,0.48478085,0.24990354,0.26531565
3289421757,0.16948941,0.6530947,0.17741588
3289875948,0.19444413,0.5834473,0.2221086
3290591780,0.29444653,0.43839914,0.2671544
3290756845,0.40452433,0.44163734,0.15383838
3291140230,0.72597516,0.11049809,0.16352677
3291346667,0.23881137,0.5149984,0.24619022
3291401469,0.3227983,0.4010697,0.276132
3291652831,0.33638546,0.3659509,0.2976636
3291739294,0.56341225,0.22149555,0.21509218
3292368373,0.6391267,0.20101969,0.15985362
3292369624,0.6019182,0.12982357,0.26825818
3292672447,0.754892,0.08109427,0.16401379
3292998498,0.32114118,0.4410864,0.23777243
3293113780,0.14107573,0.7435184,0.115405835
3293200532,0.2699967,0.49062246,0.2393809
3293220172,0.24215172,0.36957565,0.38827252
3293314129,0.24986811,0.31352812,0.43660378
3293330430,0.81707555,0.009928907,0.17299561
3293757122,0.115319885,0.6131305,0.27154955
3294439779,0.44087976,0.27406618,0.28505403
3295445342,0.2708731,0.30041724,0.4287097
3295697397,0.6384975,0.12289791,0.23860466
3295917428,0.2920512,0.41788226,0.29006654
3296042811,0.45541513,0.26922473,0.2753602
3296052260,0.19815765,0.5245205,0.2773219
3296086246,0.32443556,0.4190134,0.25655106
3296341828,0.6375265,0.1670881,0.19538538
3296896865,0.34324288,0.2801247,0.37663242
3297530762,0.14934428,0.49060825,0.36004743
3297729401,0.2806881,0.44218007,0.2771318
3297866887,0.23475392,0.53402,0.23122607
3299178964,0.7339568,0.1061679,0.15987527
3300230283,0.24998729,0.5072907,0.242722
3300626227,0.40955305,0.21173,0.37871695
3301182460,0.5882478,0.12317857,0.28857365
3301686759,0.6041705,0.19861391,0.19721554
3301951234,0.47353932,0.24900348,0.2774572
3301988760,0.5231551,0.19903007,0.27781487
3302150517,0.3314024,0.39116964,0.27742794
3302283988,0.20718482,0.18182084,0.61099434
3302843828,0.36753207,0.19365396,0.4388139
3303460987,0.18819936,0.3889399,0.4228608
3303940567,0.25260368,0.30600995,0.44138637
3303942601,0.32111242,0.34455153,0.334336
3304108288,0.75227785,0.10204368,0.14567854
3304598426,0.35384348,0.2653147,0.38084185
3304651921,0.38570434,0.37109244,0.24320328
3304765632,0.29119527,0.3497907,0.35901403
3304826275,0.24053602,0.5358558,0.22360809
3305020956,0.58177257,0.18829289,0.22993451
3305052796,0.36173242,0.3540538,0.2842138
3305530888,0.32445922,0.43187553,0.24366523
3305606679,0.22340243,0.6254088,0.15118873
3305654660,0.44286686,0.32464775,0.23248543
3305768000,0.32005545,0.38914672,0.2907978
3306258563,0.27913815,0.5087024,0.21215951
3306581592,0.24629164,0.46430922,0.28939918
3307762788,0.24006245,0.3578335,0.4021041
3307987886,0.5216866,0.32139575,0.15691769
3308173593,0.2803408,0.2827041,0.43695515
3308555223,0.40357813,0.26997522,0.32644665
3308937662,0.3138546,0.38381675,0.30232868
3309213437,0.7787102,0.10320084,0.11808896
3309321766,0.70286804,0.110677674,0.18645425
3309833298,0.4540062,0.26270807,0.28328577
3309963246,0.33699572,0.3990005,0.2640038
3310520430,0.30125606,0.26782233,0.4309217
3310524686,0.2162396,0.4929485,0.29081193
3310616306,0.17500006,0.6037938,0.22120613
3310873172,0.68414813,0.117795035,0.19805677
3311057317,0.27088588,0.5374592,0.1916549
3311130832,0.43645588,0.28579107,0.277753
3311205344,0.39851934,0.2918996,0.30958104
3311379817,0.17313746,0.58419746,0.24266505
3311553441,0.28047404,0.42710045,0.29242554
3312538394,0.211008,0.5612514,0.2277406
3312590764,0.4708008,0.3865344,0.14266488
3312947361,0.3719059,0.33389172,0.29420233
3312975255,0.54805773,0.21041027,0.24153195
3313426229,0.39291975,0.30389524,0.303185
3313532442,0.34053552,0.3890031,0.27046138
3313678694,0.5546463,0.22114444,0.22420922
3314494622,0.31499612,0.36999804,0.31500587
3314533209,0.4519259,0.23291428,0.3151598
3314577656,0.31295168,0.34868565,0.33836263
3314803571,0.8131598,0.040099498,0.14674069
3314901901,0.29305708,0.44490835,0.26203457
3316929275,0.5554844,0.18347552,0.26104
3317054606,0.61083555,0.16066091,0.22850356
3317093358,0.3767897,0.3527129,0.2704974
3317414597,0.4144258,0.31231138,0.2732629
3318210602,0.36322978,0.3783038,0.25846645
3318718919,0.22658694,0.52614135,0.24727173
3319050049,0.23052432,0.16646183,0.6030138
3319940106,0.8376601,0.06388744,0.098452486
3320227304,0.3466358,0.29877213,0.35459214
3320230231,0.279497,0.5092083,0.2112947
3320247509,0.39286998,0.42101878,0.18611123
3320516689,0.5340999,0.2995453,0.16635486
3321392413,0.47467723,0.21031463,0.3150081
3321716636,0.29524478,0.3679681,0.3367871
3321735457,0.59260213,0.1953798,0.21201809
3321736312,0.69526315,0.12028849,0.18444836
3321790929,0.18380651,0.52492535,0.2912681
3321945089,0.41432136,0.35224298,0.23343566
3321950485,0.112528406,0.7019452,0.18552642
3322179926,0.5034243,0.18238847,0.3141872
3322249442,0.27568245,0.35922274,0.36509478
3323261137,0.252432,0.53303707,0.21453097
3323604367,0.23910627,0.32412654,0.43676722
3324187078,0.2588961,0.40955192,0.33155197
3324342768,0.30815774,0.4139814,0.2778608
3324667349,0.1398495,0.6753173,0.18483327
3324793535,0.39881077,0.3587363,0.24245287
3324931261,0.1584446,0.5077894,0.333766
3325077327,0.22157665,0.32812563,0.4502977
3325330778,0.24146855,0.2450454,0.513486
3325472962,0.3535761,0.24171849,0.40470544
3326372388,0.6287787,0.20290138,0.1683199
3326471543,0.2391412,0.48515487,0.27570394
3327512301,0.40341556,0.29488337,0.30170107
3328266156,0.079544984,0.1419876,0.77846736
3328829958,0.43779472,0.1992768,0.3629285
3328881563,0.35106206,0.33175582,0.31718212
3329299397,0.37210983,0.4102403,0.21764983
3329924442,0.41620883,0.18054064,0.40325055
3329992445,0.59235287,0.15432762,0.25331953
3330029003,0.437405,0.27999306,0.28260195
3330143560,0.71262985,0.105061814,0.1823084
3330193608,0.17704022,0.5009196,0.3220402
3330767575,0.42808503,0.24894844,0.32296652
3331515063,0.61923355,0.19282895,0.18793756
3331972729,0.5636458,0.21139179,0.22496252
3332110787,0.40335935,0.18206163,0.41457903
3332249008,0.41930443,0.28075418,0.29994142
3332346732,0.45077175,0.3231803,0.22604804
3332388062,0.05601285,0.8722464,0.07174072
3332437501,0.6014606,0.13052279,0.26801667
3332481942,0.58936703,0.17877313,0.23185983
3333018589,0.3459293,0.27362576,0.38044494
3333049468,0.37372866,0.32027873,0.30599263
3333574602,0.40008777,0.43346646,0.16644576
3333864071,0.1598395,0.6932675,0.14689292
3334583994,0.7324408,0.08565796,0.18190129
3334896497,0.33157918,0.1076575,0.56076336
3335056750,0.33581585,0.43072,0.23346418
3335209791,0.06283518,0.2863844,0.65078044
3335352104,0.52150875,0.21434507,0.2641462
3336038242,0.52619505,0.16688283,0.30692208
3337221854,0.1804301,0.24077894,0.57879096
3337395135,0.36104095,0.16149116,0.47746786
3337487422,0.38982046,0.29956108,0.31061846
3337535036,0.17733938,0.6286921,0.19396852
3337790455,0.5571165,0.17088209,0.27200136
3337805876,0.30588496,0.42144126,0.27267373
3338181862,0.13630015,0.2456456,0.6180543
3338498070,0.2697157,0.49697587,0.23330842
3338689688,0.28539824,0.47485125,0.23975056
3338976828,0.38831425,0.24633527,0.36535057
3339005542,0.42703652,0.27626052,0.29670298
3340618718,0.4819869,0.17884664,0.33916643
3340960809,0.527731,0.24395557,0.22831342
3341161271,0.49635446,0.26774308,0.23590247
3341228598,0.4314524,0.15140088,0.4171467
3341486139,0.3325335,0.28883687,0.37862965
3341491554,0.32704973,0.43433964,0.23861064
3341841281,0.5943859,0.13194253,0.27367157
3342572822,0.3262059,0.35026392,0.32353014
3342586842,0.3597678,0.17012918,0.47010309
3343737943,0.20904784,0.4782598,0.3126924
3344502907,0.31350768,0.33367833,0.35281402
3344523617,0.06858967,0.74420077,0.18720953
3344632870,0.21235892,0.55728096,0.23036015
3344638898,0.2653093,0.38254887,0.3521419
3345077158,0.53792614,0.20899798,0.25307587
3345206957,0.6089925,0.15797111,0.2330363
3345207283,0.5650457,0.1878532,0.24710107
3345579736,0.27625316,0.67465407,0.0490928
3345897485,0.38744983,0.21266298,0.3998871
3348943672,0.24446526,0.39536864,0.3601661
3349293429,0.37749925,0.39968994,0.2228108
3349387040,0.50879836,0.05426138,0.43694025
3349399896,0.38534763,0.4415783,0.17307407
3349445537,0.31597942,0.43587998,0.24814063
3349925755,0.39392838,0.15829378,0.44777787
3350147534,0.3109649,0.39171872,0.2973163
3350336683,0.21782523,0.57156074,0.21061403
3352137713,0.5425455,0.18848966,0.2689649
3352582106,0.4599617,0.22693339,0.31310484
3352817530,0.15872507,0.48195344,0.35932156
3353955513,0.29880252,0.27912018,0.42207733
3354031937,0.3838284,0.35884017,0.25733146
3354279500,0.1561585,0.519662,0.32417944
3354434384,0.390528,0.30237117,0.30710086
3354571874,0.55543995,0.20221932,0.24234073
3354744901,0.23070884,0.24142043,0.5278707
3355411692,0.20348048,0.5868345,0.20968501
3355947039,0.3199966,0.19211124,0.4878922
3356319578,0.30676335,0.43316466,0.26007202
3356384443,0.5163695,0.2107198,0.27291062
3356433736,0.6634334,0.16209285,0.17447379
3357585916,0.1861339,0.5936908,0.22017528
3357787504,0.40875733,0.2992247,0.29201797
3357948043,0.4722718,0.273684,0.25404426
3358375725,0.1991776,0.37253,0.42829236
3358720695,0.5010089,0.24442227,0.25456882
3358920805,0.2705741,0.3566142,0.3728117
3359537554,0.41261196,0.15912835,0.4282597
3359845914,0.5026949,0.24975264,0.24755248
3360235144,0.31433424,0.44797114,0.23769458
3360651773,0.8284327,0.041294128,0.13027325
3360662563,0.46716592,0.2554102,0.27742386
3361537116,0.17037645,0.59675115,0.23287237
3362061224,0.19997501,0.32912442,0.47090054
3362371327,0.32396656,0.39321005,0.28282338
3362458676,0.32829958,0.20876513,0.4629353
3362983758,0.67655367,0.170198,0.15324828
3363889015,0.33226067,0.3371896,0.3305497
3364604548,0.7668174,0.09925653,0.1339261
3364748511,0.59182656,0.20608582,0.20208767
3364875671,0.4495649,0.29924184,0.25119317
3364880503,0.71119696,0.09620659,0.19259642
3364963704,0.18328325,0.06819697,0.7485198
3365695396,0.05041962,0.7504926,0.19908787
3365771976,0.14626223,0.6587219,0.19501582
3365892740,0.04068005,0.8661428,0.09317709
3366408720,0.3534079,0.36304924,0.28354284
3366768209,0.14688167,0.53983885,0.3132795
3366770114,0.43091357,0.10866698,0.46041948
3367560636,0.2066517,0.5375822,0.2557661
3367902908,0.26214552,0.25886613,0.4789883
3367922684,0.758304,0.083114035,0.15858197
3368074795,0.3466022,0.08723147,0.56616634
3369173887,0.29881707,0.27661172,0.42457116
3369556566,0.20479243,0.57242125,0.22278629
3370217640,0.315344,0.35436526,0.33029076
3370714248,0.22744092,0.37094185,0.40161723
3371413820,0.3040211,0.4316969,0.264282
3371718087,0.24392933,0.42965898,0.32641166
3371789288,0.3300397,0.2788191,0.39114124
3371873823,0.29805136,0.45130894,0.25063968
3372056572,0.14655751,0.6664083,0.18703414
3372660488,0.44805396,0.26018736,0.2917587
3372673338,0.5484941,0.16177636,0.2897296
3372872731,0.25638595,0.5158433,0.22777082
3373136257,0.30056497,0.46087018,0.23856482
3373398764,0.28620794,0.2661549,0.44763717
3373629981,0.27728206,0.40777898,0.314939
3374248712,0.35413414,0.25641215,0.38945377
3374516904,0.21671122,0.45402187,0.32926694
3375157980,0.49854797,0.2599867,0.24146533
3375641500,0.2052003,0.3552713,0.4395284
3376156437,0.24613717,0.4901778,0.26368505
3376439138,0.39162418,0.28588694,0.3224888
3376735819,0.22317696,0.26042435,0.5163987
3377014516,0.2094361,0.5036311,0.2869328
3377630717,0.21652983,0.5619561,0.22151402
3377767811,0.32955104,0.34399986,0.32644907
3378172920,0.43261045,0.28194967,0.2854399
3378320932,0.2356649,0.426185,0.33815008
3378353447,0.42709357,0.37819722,0.19470918
3379546117,0.47924113,0.18999347,0.33076543
3379703096,0.10157602,0.6343501,0.26407382
3380362254,0.49871266,0.23124643,0.270041
3380552885,0.27499235,0.42293438,0.30207327
3380781650,0.4790601,0.22881801,0.29212192
3381519123,0.28818154,0.2928813,0.41893715
3381699136,0.37907624,0.29901037,0.32191336
3382189162,0.6358681,0.16689059,0.1972413
3382593967,0.68466735,0.1458887,0.16944394
3384346567,0.3258526,0.30399925,0.37014818
3384423703,0.5545433,0.15619975,0.28925693
3384619529,0.3906553,0.36354882,0.24579585
3384649576,0.29366058,0.35394308,0.35239637
3384665116,0.5263025,0.23114245,0.24255507
3384852733,0.1366869,0.6316274,0.23168568
3386133693,0.5010156,0.23861241,0.26037198
3386333347,0.45692965,0.13024938,0.41282094
3386914940,0.52613986,0.32126537,0.15259476
3387278330,0.3961206,0.3294528,0.27442655
3387341654,0.3687233,0.36992052,0.26135617
3387447943,0.29567143,0.43450814,0.2698204
3387774369,0.20484497,0.46726745,0.3278875
3388228671,0.20824939,0.23947385,0.5522768
3388449346,0.104395024,0.7381839,0.15742114
3388497501,0.711445,0.12273476,0.16582024
3388510303,0.39078778,0.24701977,0.36219248
3388671475,0.37525356,0.24793282,0.37681368
3389047723,0.21134414,0.580811,0.20784481
3389144119,0.06861642,0.48129246,0.45009112
3389288432,0.36271402,0.1580274,0.47925854
3389325202,0.3252423,0.20160428,0.47315347
3390323933,0.46998364,0.24274318,0.28727314
3391086143,0.27122247,0.48664355,0.24213402
3392179918,0.52405137,0.063105896,0.4128427
3392257355,0.44462848,0.25491866,0.3004528
3392441161,0.40417662,0.10707136,0.48875207
3392920529,0.2957708,0.2784711,0.4257581
3393532656,0.38641897,0.19617501,0.41740605
3393824845,0.1983805,0.3685481,0.43307146
3394060681,0.35341406,0.37709653,0.2694894
3394115074,0.5713736,0.23242337,0.1962031
3394222689,0.42200097,0.26192328,0.31607568
3394764119,0.33554402,0.32790107,0.3365549
3395159873,0.35357833,0.32477784,0.32164377
3395324679,0.28948092,0.31421316,0.39630592
3395325562,0.40025195,0.29740852,0.3023395
3395407302,0.22631404,0.13923177,0.63445425
3395827659,0.29624844,0.4730984,0.23065323
3396022675,0.096932136,0.75577486,0.147293
3396106557,0.3829883,0.37762696,0.23938476
3396336419,0.35383326,0.16703238,0.47913438
3397052254,0.3092296,0.16869126,0.52207917
3397251660,0.22761908,0.28710765,0.4852733
3397455144,0.19930792,0.61686575,0.18382637
3398052197,0.7620243,0.08864348,0.14933223
3398136166,0.5676241,0.16232525,0.27005064
3398179819,0.36381972,0.42877802,0.20740233
3398814123,0.34235483,0.2970601,0.3605851
3399500286,0.17359151,0.56919366,0.2572148
3399647606,0.43873435,0.2742884,0.2869773
3399677846,0.20526904,0.53710854,0.25762242
3400803619,0.33918622,0.3364229,0.32439092
3401306071,0.45807463,0.26200178,0.2799236
3402532114,0.42764923,0.16269822,0.40965253
3402716434,0.7343228,0.12389866,0.14177851
3403079859,0.35738117,0.31754482,0.325074
3403487199,0.30125555,0.32690144,0.37184298
3403605737,0.30282214,0.45193127,0.24524656
3404463115,0.41835982,0.33319083,0.2484493
3405180242,0.16561884,0.38288388,0.45149726
3405449927,0.32660967,0.4315663,0.24182403
3406238223,0.40063018,0.2708123,0.32855755
3407253994,0.81914634,0.072392024,0.10846168
3407842839,0.40461585,0.18556109,0.40982303
3408616104,0.18945223,0.58124363,0.2293041
3409080386,0.73316985,0.09988326,0.16694699
3409144036,0.5229347,0.22370182,0.25336352
3409157288,0.4251748,0.20305955,0.37176564
3410570413,0.46141303,0.24313203,0.29545495
3410764363,0.36019838,0.27009183,0.3697098
3410837504,0.1306952,0.57919466,0.2901102
3411084562,0.31326553,0.45958892,0.2271455
3411208058,0.25802004,0.48786774,0.25411218
3411756406,0.3176165,0.21715577,0.46522775
3412023386,0.15461087,0.66598725,0.17940187
3412031670,0.20592777,0.33871078,0.4553615
3412327269,0.17543589,0.39853492,0.42602918
3412360262,0.3064941,0.45622763,0.2372783
3412376913,0.2966956,0.41970792,0.28359655
3412542260,0.19754055,0.59609276,0.20636673
3412706592,0.33866778,0.3879171,0.2734151
3413104396,0.51207316,0.102865264,0.3850616
3413606772,0.45779306,0.23741363,0.3047933
3413780419,0.18379864,0.33854428,0.47765702
3414641731,0.54979205,0.21168686,0.2385211
3414786246,0.39431006,0.19430438,0.41138554
3415402053,0.40821266,0.3513219,0.24046542
3415464178,0.34494653,0.45044208,0.20461138
3415910644,0.39963427,0.27350986,0.32685587
3415962229,0.45945433,0.277543,0.26300266
3416097572,0.32245234,0.34445825,0.3330894
3416153879,0.30074438,0.25288796,0.44636762
3416355795,0.44866064,0.14953412,0.40180525
3416399614,0.3833782,0.33524722,0.2813746
3416533275,0.45261413,0.2671576,0.2802283
3416627799,0.41506493,0.14550361,0.43943143
3416663188,0.55132544,0.1005972,0.34807742
3416676177,0.5936861,0.19861886,0.20769502
3418240338,0.3205477,0.49318388,0.18626848
3418299823,0.40520322,0.29761013,0.2971866
3418892487,0.57526624,0.18658781,0.23814592
3418960670,0.21504982,0.3735468,0.41140342
3419114134,0.25377986,0.34877643,0.39744365
3419126055,0.5511183,0.15841423,0.29046747
3419156134,0.2988056,0.26358625,0.4376082
3419747138,0.29784176,0.41191113,0.29024705
3419753352,0.28907242,0.43614495,0.27478266
3421065273,0.37996376,0.19067177,0.42936447
3421305180,0.34354496,0.2802455,0.3762095
3421336484,0.20372827,0.52766365,0.26860812
3421386569,0.38978735,0.46293193,0.14728075
3421403417,0.33167315,0.29079726,0.3775296
3421590249,0.6657694,0.1062383,0.22799225
3421682429,0.4266674,0.16469309,0.40863955
3421871419,0.25195533,0.32470098,0.42334372
3422936869,0.34578368,0.23618463,0.41803172
3423685025,0.4142975,0.28588983,0.29981273
3424199926,0.23068886,0.32628933,0.44302183
3424223146,0.41356093,0.24845725,0.33798185
3424268089,0.3006724,0.34126818,0.3580594
3424382613,0.14099029,0.6608904,0.19811927
3425436763,0.34448814,0.36916178,0.28635004
3426770461,0.6400045,0.15617944,0.20381606
3426816577,0.3512369,0.36974117,0.27902192
3427418779,0.26642022,0.4452011,0.28837872
3427551310,0.12216739,0.74772376,0.13010885
3427586493,0.09159188,0.048596296,0.8598119
3428538810,0.32089934,0.43520123,0.24389948
3428927404,0.3128725,0.38758072,0.2995468
3429134109,0.20219003,0.60513735,0.19267264
3429274581,0.15001084,0.7095016,0.14048749
3429344000,0.44375265,0.23506866,0.32117867
3430777944,0.36376622,0.31363058,0.32260317
3430820314,0.1805755,0.5851633,0.23426118
3431180725,0.63898236,0.13693252,0.22408509
3431215910,0.5971921,0.13913439,0.2636735
3431322117,0.19428301,0.5792147,0.22650231
3431350406,0.4142875,0.35054564,0.23516683
3431921639,0.2159286,0.3182445,0.46582696
3432116228,0.15164727,0.67717105,0.17118172
3432935615,0.4238485,0.2753415,0.30081004
3433258944,0.16965115,0.6615514,0.16879742
3433597956,0.35091606,0.3036885,0.34539542
3433629782,0.14878663,0.703768,0.14744535
3434174853,0.67889637,0.14197135,0.17913231
3434377219,0.18534337,0.63352984,0.18112677
3434854914,0.48941356,0.23681292,0.27377352
3435297197,0.3899459,0.2946342,0.31541994
3435480694,0.4627685,0.3909051,0.14632645
3435930500,0.24974003,0.46178687,0.28847313
3436066434,0.36082324,0.31681567,0.32236114
3436295697,0.39144364,0.37767476,0.23088165
3436676284,0.7917189,0.09212252,0.11615857
3436932764,0.44027454,0.29025424,0.26947126
3437255234,0.054599136,0.84959877,0.0958021
3437394992,0.39815432,0.3289637,0.27288193
3438544259,0.35580552,0.30905202,0.33514246
3439106290,0.37130982,0.39906126,0.22962889
3440589233,0.38563278,0.3047699,0.3095973
3441230664,0.30909523,0.40498245,0.28592235
3441803699,0.46605533,0.10134594,0.4325988
3442177398,0.28098115,0.41450754,0.3045113
3442234082,0.79138774,0.033432793,0.17517953
3442898913,0.60229295,0.16906993,0.22863711
3443015056,0.47783232,0.22904278,0.29312485
3443598603,0.4183271,0.17965524,0.40201762
3443688741,0.20441043,0.4833502,0.31223932
3444502471,0.2126586,0.53237826,0.25496316
3444550526,0.42157352,0.3237342,0.25469232
3444787168,0.26244596,0.3613647,0.37618938
3445889259,0.195622,0.3456921,0.45868593
3446062508,0.15290876,0.64494777,0.20214345
3447365512,0.7798701,0.08709452,0.13303542
3447447133,0.7164708,0.04752713,0.2360021
3447477206,0.2852384,0.2853129,0.4294487
3447682031,0.46518606,0.28533238,0.24948153
3448060056,0.45067483,0.36204588,0.18727931
3448092399,0.21753326,0.6283681,0.15409866
3448411826,0.41356015,0.27461684,0.31182295
3448459996,0.2662671,0.4855552,0.24817774
3448638081,0.28193605,0.45368904,0.26437488
3448834469,0.22125769,0.49282598,0.28591633
3449215999,0.23821506,0.3431916,0.41859338
3449339588,0.53725195,0.18342485,0.27932322
3449420008,0.2363653,0.26394498,0.4996897
3449774469,0.2500136,0.26862726,0.48135918
3450198531,0.2958509,0.47442487,0.22972418
3450293563,0.19306332,0.5394,0.2675367
3450950155,0.40230986,0.13489603,0.46279407
3451022191,0.2353984,0.5666807,0.1979209
3451042113,0.5358396,0.19873554,0.2654249
3451446350,0.34985596,0.2637014,0.38644266
3451474833,0.33297232,0.33528566,0.331742
3452433390,0.3359838,0.2889281,0.37508813
3453252914,0.38143706,0.29107532,0.32748762
3453442921,0.46170464,0.19555318,0.34274215
3453571863,0.40779606,0.25205508,0.34014887
3453700071,0.3824893,0.28371334,0.33379743
3453845272,0.5471525,0.22844268,0.22440478
3454149133,0.16808015,0.6542307,0.17768915
3454292647,0.105581835,0.7595115,0.13490672
3454440220,0.28010836,0.3667519,0.35313973
3455527728,0.17776261,0.616144,0.20609337
3455559634,0.058906976,0.85239947,0.08869361
3455566204,0.21216899,0.49473104,0.2931
3455576556,0.2632848,0.41475865,0.3219566
3455631217,0.44085342,0.34303096,0.21611565
3457190307,0.42411116,0.21409589,0.36179292
3457246440,0.47589883,0.21619326,0.30790785
3457628633,0.2246407,0.41097185,0.36438742
3458237630,0.5396452,0.1203434,0.3400114
3458317885,0.46153414,0.22983783,0.30862808
3460029689,0.36997214,0.31386253,0.31616533
3460058846,0.49592066,0.1987915,0.3052878
3460302774,0.23302187,0.19888575,0.5680924
3461494354,0.27668265,0.36987394,0.3534434
3461545231,0.77129257,0.08077101,0.14793642
3461584013,0.55141294,0.20750175,0.24108528
3462154593,0.3603779,0.32028875,0.3193333
3462183907,0.40009215,0.29334775,0.3065601
3462238776,0.15329686,0.54892325,0.2977799
3462648960,0.26476553,0.4963818,0.23885275
3463144308,0.290327,0.3332213,0.37645173
3463343811,0.3512758,0.26097903,0.38774514
3463741323,0.35581854,0.18897057,0.45521092
3464019550,0.3807094,0.15340373,0.4658868
3464407459,0.38268,0.41060936,0.2067106
3464634926,0.41240093,0.29620066,0.29139835
3464988948,0.4154047,0.2858503,0.29874507
3465117661,0.26799527,0.20359033,0.52841437
3465875882,0.26796338,0.4753994,0.2566372
3466235997,0.4408735,0.17847806,0.38064837
3466370711,0.38752475,0.30856958,0.30390564
3466684622,0.3129166,0.2748543,0.412229
3466770055,0.47595826,0.25247312,0.27156857
3467045317,0.10388151,0.18535937,0.7107591
3467132830,0.27267778,0.4795063,0.24781594
3467135720,0.42813265,0.22513422,0.3467331
3467287823,0.2509154,0.4702403,0.27884433
3467500811,0.52867377,0.18458079,0.2867454
3467573530,0.1584036,0.69109887,0.15049756
3467723429,0.073648795,0.6518357,0.27451548
3468350320,0.29368204,0.33145875,0.37485918
3468394141,0.5396816,0.16451968,0.29579866
3468921230,0.36903217,0.38407183,0.24689598
3468961745,0.28285256,0.33323398,0.3839135
3469250179,0.22695231,0.412998,0.36004966
3469379445,0.1254486,0.53453,0.3400214
3469696531,0.86650604,0.060601782,0.07289222
3470590236,0.227554,0.32762766,0.44481832
3470966595,0.60573643,0.14958669,0.2446768
3470977706,0.43732896,0.29935798,0.26331314
3471697663,0.49142218,0.22472575,0.28385216
3471770699,0.3540278,0.31210414,0.3338681
3472327999,0.50371164,0.25339514,0.24289325
3472508560,0.405685,0.21507229,0.3792427
3472560204,0.33134302,0.38391504,0.28474197
3473057051,0.60776395,0.16931827,0.2229178
3473255857,0.59069407,0.14732432,0.2619816
3474184400,0.05930587,0.7717187,0.1689755
3474397433,0.31393394,0.49106637,0.19499962
3474456138,0.68834436,0.118303716,0.19335198
3474885650,0.38672516,0.30371937,0.30955547
3475113472,0.24859194,0.32073474,0.43067324
3475509417,0.4246759,0.19416706,0.3811571
3475687905,0.20522954,0.39016828,0.40460226
3476038138,0.32783982,0.3425397,0.3296205
3476251044,0.3918776,0.3004303,0.3076921
3476731994,0.47891346,0.27635348,0.24473308
3477017877,0.48029074,0.19478291,0.3249264
3477376193,0.086632,0.7768931,0.1364749
3477762908,0.17967205,0.044421215,0.7759067
3478971768,0.29471222,0.37616906,0.32911873
3479813269,0.47087166,0.1506593,0.37846908
3479895045,0.21424365,0.52610624,0.2596501
3480206684,0.54904616,0.24222295,0.20873095
3480299447,0.42100048,0.306124,0.27287546
3481237131,0.29993486,0.32692605,0.3731391
3482921510,0.26107457,0.5280419,0.21088351
3483027558,0.24026357,0.4940703,0.26566613
3484166652,0.27397943,0.26958233,0.45643833
3485044667,0.5467634,0.22471741,0.22851923
3485166418,0.6668619,0.14918672,0.18395135
3485221165,0.31412137,0.36967137,0.3162073
3485265256,0.27064002,0.49189103,0.23746894
3485996302,0.7630223,0.09142612,0.14555153
3486429815,0.3230986,0.11085642,0.566045
3487045421,0.21316077,0.53777903,0.24906017
3487049659,0.4654742,0.30649,0.22803588
3487087363,0.5905715,0.19172338,0.21770509
3487544972,0.5457061,0.2218391,0.23245482
3487668313,0.34532157,0.31359163,0.3410868
3487951344,0.38493237,0.2281956,0.38687208
3488285829,0.29920748,0.2694677,0.43132478
3488758743,0.25772676,0.35224235,0.3900309
3488958659,0.16372836,0.15592095,0.68035066
3488999840,0.50170827,0.09566155,0.4026302
3489340533,0.16345045,0.5412803,0.2952692
3489499136,0.8848875,0.047612205,0.06750024
3489646839,0.3286447,0.34221658,0.32913876
3490043441,0.044787638,0.70984244,0.24536993
3490193612,0.52333343,0.23238401,0.24428256
3490493348,0.45195392,0.22529438,0.32275173
3490672854,0.1212645,0.743537,0.13519846
3490681836,0.5552535,0.18871054,0.25603595
3490790309,0.36426568,0.3638595,0.27187482
3491695912,0.42728293,0.29836154,0.2743555
3492638068,0.31839314,0.38257757,0.29902926
3492788116,0.454168,0.23962636,0.30620566
3493341899,0.42488137,0.23411956,0.34099913
3493436158,0.4842851,0.24670331,0.26901156
3493767163,0.82318705,0.046194214,0.13061866
3493832410,0.8648509,0.042900145,0.09224897
3493858778,0.53050214,0.18268737,0.28681043
3493896947,0.5727355,0.23105307,0.19621146
3494107291,0.6562832,0.124522075,0.21919473
3494165044,0.23269027,0.3937537,0.373556
3494234309,0.15967336,0.64785373,0.19247289
3494739760,0.7235121,0.11278878,0.16369903
3494910485,0.28797632,0.3823896,0.329634
3495734533,0.5312514,0.23505096,0.23369765
3496382221,0.20254649,0.34780744,0.44964603
3496526675,0.5054617,0.22390066,0.27063763
3496988303,0.18155213,0.6087452,0.20970266
3497230007,0.3701291,0.3083364,0.3215345
3497470147,0.34453386,0.23566875,0.4197974
3497604692,0.68276286,0.1002783,0.21695887
3497856755,0.1435195,0.21912988,0.6373507
3498485672,0.29601824,0.4710833,0.23289846
3498727530,0.11815265,0.7567685,0.1250788
3499152484,0.36764637,0.32573512,0.3066185
3499394624,0.45881158,0.19363554,0.3475529
3501012709,0.26689106,0.33716533,0.3959436
3501324387,0.58782834,0.11236442,0.2998073
3501350777,0.31100336,0.40880722,0.28018945
3501589534,0.17225365,0.25756767,0.5701787
3502029779,0.39366978,0.25618407,0.35014614
3502351809,0.23189826,0.48691642,0.28118533
3503352060,0.38142768,0.38708425,0.23148808
3504047864,0.5851376,0.07805794,0.33680445
3504681372,0.3199516,0.3542527,0.3257957
3504872356,0.42256576,0.30052125,0.276913
3505194919,0.39604264,0.2988344,0.30512294
3505598750,0.4046675,0.36325437,0.23207815
3505698790,0.16558158,0.5548234,0.27959502
3506032077,0.56536776,0.088273615,0.34635863
3506619581,0.26702493,0.11861224,0.61436284
3506949010,0.35111237,0.24296123,0.4059264
3506954939,0.43403494,0.27845475,0.28751028
3507552720,0.45902318,0.24894372,0.29203308
3507599857,0.43442926,0.19016707,0.3754037
3507679789,0.3762906,0.3120423,0.3116671
3508617863,0.60319215,0.18893278,0.20787504
3508650969,0.26485565,0.45507368,0.2800707
3508919204,0.52094245,0.29979303,0.1792645
3509232565,0.52332085,0.2471066,0.22957255
3509249940,0.50972736,0.0917352,0.39853743
3509426667,0.22417241,0.31838024,0.45744735
3509876176,0.44198835,0.28469804,0.2733136
3511050181,0.24172811,0.501417,0.25685486
3511150690,0.3175965,0.39110562,0.29129785
3511237996,0.42359912,0.27975267,0.2966482
3511663676,0.623969,0.14193219,0.23409884
3512144523,0.31481424,0.27598634,0.4091994
3513371247,0.532379,0.27533203,0.19228904
3514269171,0.36843228,0.43374026,0.1978274
3515328738,0.38987413,0.24790344,0.3622225
3515422739,0.2964233,0.4136828,0.28989393
3517044974,0.5803109,0.1785238,0.24116537
3517527082,0.7681158,0.095138535,0.13674566
3517572951,0.29375044,0.27249447,0.43375516
3518028005,0.4749946,0.23889928,0.28610605
3518035213,0.207299,0.5628329,0.22986813
3518536548,0.45388892,0.21873525,0.32737583
3519668301,0.33101395,0.35606018,0.3129259
3519904732,0.33462393,0.39338776,0.2719883
3520154956,0.29794595,0.43616033,0.26589373
3520184370,0.33328912,0.31502342,0.35168743
3520340014,0.24619986,0.49841022,0.25538987
3521716571,0.07591016,0.72363645,0.20045337
3521818404,0.20198156,0.5788854,0.21913306
3522109561,0.5693865,0.15561841,0.27499515
3523159720,0.35574993,0.27772874,0.36652133
3523521259,0.14922641,0.64110947,0.20966412
3524414252,0.391421,0.30499324,0.30358583
3524775174,0.110709086,0.66411453,0.22517636
3525071398,0.70169604,0.09209797,0.206206
3525186678,0.49126488,0.1902845,0.3184507
3525644426,0.36498347,0.3640206,0.270996
3525710147,0.32657406,0.43381968,0.23960625
3526556209,0.31173614,0.31754404,0.37071988
3526607192,0.47929338,0.30885684,0.21184982
3526792037,0.36039132,0.2688483,0.3707604
3526902752,0.3676132,0.2929156,0.33947122
3527522804,0.37460682,0.33018708,0.29520607
3529087906,0.35230902,0.39590034,0.2517906
3529255383,0.37652618,0.33791506,0.2855588
3529257297,0.2647351,0.49010485,0.24516007
3529269016,0.32938656,0.44752982,0.22308362
3530088075,0.39682522,0.30841935,0.2947554
3530110386,0.3110438,0.43690857,0.25204763
3530619732,0.4778611,0.29430997,0.22782892
3532441098,0.147963,0.696996,0.15504104
3533049961,0.32815534,0.28679147,0.38505316
3533507129,0.41905397,0.29558295,0.2853631
3533910864,0.48947707,0.13923126,0.37129164
3534829221,0.5242092,0.21539539,0.26039547
3534989234,0.16983825,0.727334,0.10282768
3535031313,0.5888985,0.14000069,0.27110088
3535103372,0.49406582,0.22151443,0.28441983
3535175277,0.4380391,0.19178317,0.37017778
3535316676,0.35934713,0.40881065,0.23184222
3535815061,0.41859958,0.29396847,0.28743201
3535821939,0.24975139,0.18520138,0.5650472
3535895975,0.24601,0.4626578,0.29133222
3536645952,0.4120717,0.26757288,0.32035545
3538014295,0.37489223,0.31474727,0.31036046
3538164249,0.37055635,0.3828565,0.24658713
3538185303,0.2538511,0.11803356,0.62811536
3538219206,0.25144735,0.5181596,0.230393
3539050319,0.47483876,0.33924386,0.18591744
3540312929,0.71095705,0.08381656,0.20522636
3540659873,0.69926095,0.15951116,0.14122789
3540970619,0.237104,0.48479787,0.2780981
3541015460,0.521642,0.23372683,0.24463116
3541170149,0.30069453,0.4189296,0.28037587
3542067151,0.2547246,0.36533582,0.37993956
3542385981,0.4538038,0.23642461,0.30977154
3542793185,0.7028719,0.12131837,0.1758096
3543049949,0.5088514,0.19703788,0.29411072
3543806878,0.2265524,0.55352926,0.21991833
3544068210,0.20940146,0.5955966,0.19500196
3546782034,0.3133816,0.27042755,0.41619077
3547066642,0.3224298,0.33138654,0.34618366
3547146668,0.29498723,0.37174267,0.33327007
3547658051,0.52828085,0.26750156,0.20421754
3548404990,0.19602883,0.29000735,0.5139638
3548417835,0.20251353,0.48779213,0.30969432
3548977379,0.2357809,0.28743777,0.47678134
3550933821,0.5703858,0.12869154,0.3009226
3551901422,0.3202075,0.38329497,0.2964975
3552006258,0.59694546,0.12223741,0.28081712
3552336859,0.58862454,0.10388206,0.30749345
3553273171,0.49801344,0.3326916,0.16929491
3553699109,0.16523029,0.610586,0.22418372
3554601754,0.5038015,0.17392893,0.3222696
3554634508,0.38303402,0.255614,0.36135194
3554788811,0.22896989,0.50951517,0.26151496
3554896720,0.40155905,0.32997426,0.26846674
3555132465,0.48928207,0.2390698,0.27164814
3555400181,0.21093914,0.56755036,0.22151047
3555452953,0.18165922,0.65443504,0.16390572
3555665795,0.5845474,0.18799761,0.22745499
3556095456,0.3270129,0.12585233,0.5471348
3556098934,0.2533839,0.27451968,0.47209638
3556675330,0.447538,0.36687514,0.18558691
3557653154,0.40205655,0.3371175,0.26082596
3557991702,0.48427284,0.21386041,0.30186674
3558009088,0.5428808,0.14974661,0.3073726
3558098864,0.55711645,0.21607059,0.22681291
3558215349,0.12063386,0.38728127,0.49208492
3558760613,0.17384742,0.71883506,0.10731758
3559597902,0.18177328,0.20173125,0.61649543
3559783028,0.6772156,0.11395561,0.20882878
3559804751,0.2514592,0.41513902,0.33340177
3560423527,0.45600584,0.32693923,0.21705492
3560750590,0.7695167,0.07789452,0.15258875
3560886581,0.5867948,0.20805757,0.20514762
3561178324,0.30530873,0.24792649,0.4467647
3561294338,0.4267864,0.29881427,0.27439934
3561431227,0.25097933,0.5771764,0.17184432
3562475939,0.124871574,0.698551,0.17657748
3562644414,0.3153437,0.32912317,0.35553312
3563201707,0.134048,0.035125915,0.83082604
3564723397,0.21013927,0.6131062,0.17675452
3565181602,0.1230545,0.7290226,0.14792293
3566136276,0.6563188,0.18049675,0.16318445
3566353875,0.45225596,0.30920455,0.23853947
3566362785,0.17249805,0.6230117,0.20449023
3566436476,0.21944585,0.5022148,0.2783394
3567166086,0.3327887,0.28202012,0.38519114
3567861835,0.6471519,0.12372603,0.22912206
3567994939,0.22400612,0.6252268,0.1507671
3568005617,0.12250013,0.64813113,0.22936875
3568009981,0.59909797,0.17366958,0.22723252
3568038818,0.48395014,0.23213358,0.2839162
3568401638,0.31234425,0.4050921,0.28256372
3568405136,0.30695698,0.37515458,0.31788847
3568471936,0.2920134,0.40942383,0.29856274
3568672017,0.3651712,0.34885392,0.28597492
3568682616,0.29949522,0.38884854,0.31165627
3568827568,0.32808042,0.3345062,0.33741343
3570473906,0.35132343,0.21522348,0.43345308
3570570336,0.34480914,0.44465628,0.21053456
3570630814,0.18106389,0.66854316,0.15039298
3570663475,0.10095677,0.76799965,0.13104367
3570786623,0.47962272,0.122112766,0.39826456
3571116587,0.3937773,0.270183,0.33603972
3571676119,0.4431078,0.23145804,0.32543418
3571763831,0.25339767,0.4654966,0.28110573
3571768479,0.27353156,0.37345535,0.35301304
3572027625,0.44777253,0.21984679,0.33238074
3572191442,0.48988876,0.17742755,0.33268368
3572318632,0.18049686,0.36551413,0.45398894
3572349551,0.4485252,0.38074124,0.17073357
3572785514,0.51267874,0.17658068,0.31074056
3574703778,0.4683478,0.25429136,0.27736086
3575511295,0.27106723,0.5050062,0.22392657
3576153193,0.34716094,0.32892883,0.3239103
3576315095,0.28711894,0.48323324,0.22964783
3576327563,0.21577956,0.3332602,0.4509602
3577648062,0.28388327,0.4348282,0.2812885
3578415196,0.55754125,0.25535128,0.1871075
3578893481,0.7835825,0.08363515,0.13278234
3579152296,0.30973116,0.34038362,0.34988523
3579221622,0.32370588,0.38578194,0.2905122
3579338407,0.298705,0.2463627,0.45493227
3579360377,0.08365093,0.77458155,0.14176759
3579445515,0.29626334,0.31944945,0.3842872
3579577868,0.31893775,0.393402,0.28766024
3579962041,0.14672443,0.6760816,0.17719395
3580303784,0.3255373,0.35894594,0.31551677
3580339106,0.35077438,0.44247663,0.20674895
3580887518,0.45752853,0.24318622,0.29928517
3580995549,0.5519234,0.23410295,0.21397361
3581177026,0.15053347,0.38403982,0.4654267
3582266096,0.28219965,0.24514034,0.47266006
3582373289,0.27886626,0.36377007,0.3573637
3582439719,0.15635376,0.73300916,0.11063708
3582895174,0.20067742,0.48015383,0.3191688
3583047218,0.41023403,0.27600473,0.31376123
3583108057,0.29328677,0.47111988,0.23559341
3583156948,0.37884292,0.3923114,0.22884567
3583548852,0.2815757,0.43385231,0.28457204
3584609073,0.5910872,0.15435176,0.254561
3584890120,0.48229623,0.07851358,0.4391902
3585151291,0.46926734,0.22346976,0.30726287
3585604082,0.32351992,0.39629865,0.28018147
3586941925,0.16115662,0.5493059,0.28953746
3587100965,0.14749648,0.38949156,0.46301195
3587523121,0.35609782,0.2416472,0.402255
3589410058,0.22177416,0.39119282,0.38703302
3589679742,0.33902147,0.4573923,0.20358619
3589975224,0.5406954,0.1580616,0.30124298
3590583605,0.54579157,0.21721026,0.23699822
3591090855,0.5336097,0.1486434,0.31774685
3591394864,0.46114486,0.2627101,0.27614504
3592695558,0.7558788,0.071573906,0.17254733
3592831911,0.21738362,0.5557588,0.2268576
3593319069,0.41246545,0.22371759,0.36381692
3593585617,0.39675438,0.30140722,0.30183834
3593599878,0.18208295,0.20030735,0.6176097
3593704499,0.12681744,0.13943826,0.7337443
3594466557,0.3322024,0.33541766,0.33237994
3594849932,0.72005606,0.13391457,0.14602937
3595155982,0.43222243,0.2918525,0.27592504
3595630470,0.38171023,0.46866083,0.14962892
3596177910,0.4368303,0.21179947,0.35137022
3596855474,0.3567544,0.33962253,0.30362314
3596857246,0.29097763,0.28097883,0.42804354
3597370458,0.40450427,0.2607662,0.33472958
3597473471,0.6631689,0.16381423,0.17301685
3597586445,0.18247287,0.5539379,0.2635892
3598450820,0.17085746,0.6026403,0.22650227
3598699537,0.7549452,0.099453114,0.1456016
3599670510,0.258571,0.46201944,0.2794096
3600114959,0.13557707,0.5637677,0.30065525
3600336384,0.44661152,0.2476151,0.3057734
3600752792,0.17759834,0.5663393,0.2560623
3600898690,0.6200217,0.15787706,0.22210126
3600970455,0.2887396,0.43431222,0.27694815
3601127041,0.19448537,0.3378484,0.46766615
3601216283,0.3071057,0.40167212,0.2912222
3601409622,0.4075832,0.32601273,0.26640403
3601802873,0.34792298,0.31755504,0.33452204
3601915072,0.4442841,0.22747238,0.3282436
3602670452,0.26775938,0.43863925,0.29360136
3602964062,0.30117178,0.37332782,0.3255004
3603054799,0.36202228,0.320063,0.31791466
3603060059,0.4140532,0.30203143,0.28391534
3604806039,0.41825712,0.35104418,0.23069872
3604848087,0.38351724,0.30869314,0.3077896
3605154553,0.24112588,0.5347837,0.22409044
3605224596,0.9053874,0.018957086,0.07565557
3606130183,0.51423025,0.28690708,0.19886269
3606250816,0.35500664,0.2382268,0.40676656
3606516482,0.35386658,0.28196892,0.36416453
3607196438,0.47322187,0.19509289,0.33168525
3607443084,0.3932865,0.3668355,0.23987797
3607821489,0.28975937,0.36377954,0.34646115
3608229249,0.1871524,0.1508985,0.6619491
3608274908,0.31685036,0.30630586,0.37684375
3608426223,0.21113777,0.47735813,0.31150407
3608583149,0.26505557,0.401651,0.33329344
3609693282,0.14503777,0.69399387,0.16096832
3609705721,0.29421026,0.34467512,0.3611146
3609866548,0.29353282,0.30957907,0.3968881
3609905997,0.3409904,0.20950955,0.4495001
3610273175,0.39997002,0.29632917,0.3037009
3610853986,0.39541706,0.30803505,0.29654786
3610873465,0.3539478,0.20753406,0.43851814
3611698972,0.18402997,0.5834238,0.23254625
3611963243,0.3360216,0.3184575,0.34552088
3612029867,0.5972899,0.18978252,0.21292758
3612239350,0.6878034,0.12472855,0.18746807
3612325801,0.19415742,0.5892547,0.21658793
3612505035,0.50232136,0.08285599,0.41482264
3613917804,0.21431528,0.699244,0.08644074
3614033611,0.2636671,0.57837594,0.15795693
3614168752,0.4078346,0.29362836,0.29853702
3614458466,0.35861832,0.30060518,0.34077653
3614617547,0.35673356,0.3368936,0.30637285
3615344117,0.38498312,0.3081581,0.30685878
3615358587,0.18844938,0.18179905,0.6297516
3615621116,0.3765381,0.3950813,0.22838058
3615741639,0.30736542,0.39738613,0.29524845
3616064204,0.3294088,0.2954384,0.37515283
3617447786,0.37591055,0.25744265,0.3666468
3617589480,0.36571357,0.33606067,0.2982258
3617595887,0.105194576,0.742646,0.15215941
3618108998,0.37725082,0.29801926,0.32472998
3618668450,0.38317677,0.35852596,0.25829726
3618748717,0.5603202,0.21741475,0.22226508
3618823831,0.2408283,0.10344632,0.65572536
3619394441,0.4211183,0.23078854,0.34809315
3619531555,0.21947168,0.5800051,0.20052323
3619798446,0.19377814,0.5834598,0.22276206
3619828900,0.40348673,0.20984444,0.3866688
3619925520,0.28360203,0.45795295,0.258445
3620050099,0.4815021,0.21593691,0.302561
3620331924,0.28672948,0.45962965,0.25364086
3620464025,0.2761675,0.30609494,0.4177376
3621365415,0.35439658,0.35540625,0.2901972
3621696833,0.39290616,0.2672277,0.3398661
3622323786,0.34616533,0.48929587,0.16453873
3622683690,0.12935399,0.1629473,0.70769876
3622813341,0.43157533,0.260357,0.30806768
3622912011,0.28500035,0.34996122,0.36503842
3622947487,0.30704603,0.45206243,0.24089153
3623148314,0.3765496,0.21166408,0.41178638
3623477408,0.588995,0.12723193,0.2837731
3623548267,0.18258208,0.640809,0.17660885
3623672299,0.67521465,0.14769188,0.17709348
3624342657,0.09459843,0.6990044,0.20639719
3624413008,0.51052475,0.279112,0.2103632
3624662571,0.49389696,0.26217234,0.24393068
3624696931,0.5023106,0.2295899,0.26809958
3625182849,0.40967697,0.24558936,0.34473372
3625290889,0.11349788,0.73516846,0.15133369
3625602871,0.38164064,0.35635322,0.26200616
3625881563,0.44990692,0.2911305,0.2589626
3626098394,0.14809388,0.24547195,0.6064341
3626495616,0.6602739,0.11098578,0.22874029
3626677286,0.24141634,0.41432086,0.34426278
3626850518,0.49946046,0.24689957,0.25363997
3627185553,0.7707739,0.09086289,0.13836329
3627260148,0.35480624,0.28857505,0.3566188
3627498909,0.31068563,0.34085473,0.34845957
3628341441,0.48628277,0.14361022,0.37010708
3628543761,0.24747702,0.47138625,0.28113672
3629536328,0.466724,0.3555184,0.17775759
3629811372,0.18796775,0.538396,0.27363622
3630245308,0.27869096,0.44034576,0.28096324
3630270153,0.28576246,0.39352706,0.32071045
3630523326,0.26465496,0.56104606,0.17429897
3630679975,0.20675147,0.20766987,0.5855787
3630817505,0.56367725,0.21210688,0.2242158
3631306518,0.3891849,0.23055775,0.38025734
3631413746,0.4395117,0.28513893,0.27534944
3631780299,0.15803087,0.52937376,0.31259534
3632016896,0.2654767,0.399911,0.3346123
3633311816,0.32152918,0.2952146,0.38325626
3634153527,0.39801988,0.28122893,0.32075122
3634701119,0.41285536,0.26977918,0.31736547
3634959367,0.31197268,0.36734134,0.32068595
3635230344,0.37430635,0.37369782,0.25199583
3635579152,0.32058755,0.30056268,0.37884974
3635654138,0.35460696,0.3480827,0.29731032
3635743746,0.27591872,0.47214335,0.25193793
3635880065,0.27341884,0.45274922,0.27383196
3636203216,0.073074184,0.75784904,0.1690768
3636724754,0.16371515,0.6218727,0.21441208
3637084588,0.33154193,0.48570886,0.18274917
3637218980,0.34089607,0.32278493,0.33631903
3637590492,0.41551962,0.33904955,0.2454309
3637736902,0.45423722,0.33045673,0.215306
3637786810,0.24895589,0.34287027,0.4081739
3637827997,0.4128117,0.28994915,0.29723915
3638178383,0.5068176,0.23423423,0.25894818
3638849817,0.22491965,0.532472,0.24260832
3639587425,0.26396984,0.3242641,0.41176608
3640268156,0.27076787,0.24806947,0.48116267
3640301759,0.4786182,0.23572418,0.28565764
3641531226,0.2559065,0.52264243,0.22145106
3642299455,0.6535903,0.1861403,0.16026942
3642594431,0.24485065,0.5142106,0.24093877
3642904542,0.1935684,0.5295802,0.27685145
3643033261,0.60315216,0.07945964,0.31738824
3643137226,0.6648031,0.107148044,0.2280488
3643258090,0.6236389,0.16023691,0.21612422
3643631284,0.3657022,0.37479985,0.25949794
3643757964,0.17021084,0.6356896,0.19409955
3644669781,0.29979593,0.4522421,0.24796198
3645993188,0.25999826,0.54208535,0.19791639
3646145223,0.341413,0.36683798,0.29174903
3646594052,0.35352245,0.3650842,0.28139332
3646868117,0.25765872,0.49779692,0.24454434
3647399393,0.17615078,0.68330526,0.1405439
3647814249,0.09909869,0.7521419,0.14875941
3648055152,0.17806123,0.32148805,0.5004507
3648343961,0.59616095,0.11290909,0.29092994
3648344386,0.16685598,0.64416957,0.18897447
3648472911,0.22209947,0.5461935,0.23170705
3648523933,0.710897,0.08102948,0.20807339
3648536826,0.47053677,0.22793992,0.30152333
3648755308,0.2940509,0.2726973,0.43325183
3648833216,0.16437553,0.53070337,0.30492112
3649309032,0.255995,0.45194817,0.29205683
3649441817,0.2310013,0.47384602,0.29515263
3649458962,0.39494923,0.32684347,0.27820724
3649689558,0.8655587,0.022964066,0.111477286
3649706457,0.4454279,0.26798016,0.28659192
3650297289,0.6417212,0.15782616,0.2004527
3650564731,0.32661816,0.32536367,0.34801814
3651390431,0.53500855,0.17326918,0.29172227
3651625533,0.22160646,0.552382,0.22601156
3651786559,0.6555858,0.11221587,0.23219834
3651796686,0.271137,0.53314006,0.19572291
3652085364,0.33266047,0.3258194,0.34152016
3652963745,0.4301649,0.27225935,0.2975757
3652973805,0.2846978,0.43729663,0.2780056
3654391968,0.16054857,0.6616829,0.17776848
3654820777,0.44999096,0.27178428,0.27822474
3654895945,0.37527645,0.33430442,0.29041916
3655402913,0.5045809,0.22185467,0.27356443
3655874963,0.2733141,0.3722871,0.35439882
3656327574,0.50067306,0.20906223,0.2902647
3656424002,0.67658335,0.15811735,0.16529933
3657119254,0.13099016,0.2900045,0.5790053
3657304598,0.44212842,0.32700187,0.23086968
3657612859,0.42965454,0.27939013,0.2909553
3657764601,0.31384873,0.18148711,0.5046641
3657801254,0.41110617,0.22108366,0.36781022
3657861493,0.27123886,0.45096973,0.27779144
3658121753,0.50616914,0.24342749,0.25040337
3658380911,0.85509896,0.068462364,0.0764387
3658680456,0.9394627,0.0040588304,0.056478515
3658705542,0.4878201,0.15597521,0.35620475
3659596565,0.59921306,0.10483763,0.29594937
3660277709,0.23691429,0.525775,0.23731072
3660302350,0.29429212,0.19960609,0.5061018
3660531720,0.17256373,0.3057214,0.52171487
3660850580,0.47506863,0.2678455,0.25708577
3660932823,0.3187018,0.41248965,0.26880854
3661029551,0.54882264,0.19961135,0.25156596
3661116957,0.67186445,0.15673898,0.17139655
3661361346,0.49158096,0.23113602,0.27728295
3661371584,0.42699474,0.2320494,0.34095582
3663124022,0.55395615,0.1984965,0.24754733
3663730448,0.8100174,0.0909753,0.09900734
3663733323,0.45411974,0.142491,0.40338928
3663973000,0.28631622,0.24388453,0.46979928
3663980897,0.31377447,0.39769796,0.28852755
3664086244,0.40955985,0.2949452,0.29549494
3664772136,0.39253464,0.3645378,0.24292757
3664781998,0.341206,0.32988808,0.32890588
3665569780,0.13636407,0.6992261,0.16440989
3665936827,0.5794639,0.20139165,0.21914442
3666132562,0.39763454,0.22239958,0.37996584
3666334400,0.34434563,0.29650158,0.35915282
3666625434,0.6382444,0.16158502,0.20017062
3667591909,0.5082214,0.26585346,0.22592513
3667834028,0.9195944,0.062436536,0.017969085
3668369328,0.4716461,0.32177368,0.20658018
3669580463,0.20966683,0.49889368,0.29143956
3669704738,0.15855743,0.62152654,0.21991609
3670373159,0.15865783,0.68419296,0.1571492
3670487849,0.26665238,0.5520546,0.18129301
3671357633,0.27720386,0.34636343,0.37643272
3671621704,0.45894274,0.2679591,0.27309817
3671891887,0.27615935,0.28110635,0.44273433
3672057573,0.16975611,0.2027389,0.62750506
3672399914,0.7963482,0.06802355,0.13562822
3672813751,0.6207316,0.19550808,0.18376032
3673573425,0.24960814,0.4579488,0.2924431
3674220736,0.5080702,0.17624313,0.31568676
3674909307,0.27430457,0.45809248,0.2676029
3675052073,0.21514343,0.4676627,0.31719384
3675470930,0.3877087,0.23256743,0.37972388
3676556156,0.6142299,0.17826898,0.20750107
3676884742,0.3465561,0.13100441,0.52243954
3677042146,0.40776187,0.33170715,0.26053098
3677242851,0.29546088,0.4286286,0.2759106
3677472526,0.3609253,0.37694842,0.26212627
3677666042,0.27109215,0.43596336,0.29294455
3677809919,0.7645992,0.09448493,0.14091586
3678234055,0.6480391,0.174208,0.17775287
3678314759,0.4685121,0.17238136,0.35910663
3678863989,0.72860336,0.071671836,0.19972487
3679087670,0.21935706,0.55898184,0.22166114
3679535066,0.47023147,0.2732091,0.25655937
3680031316,0.5138178,0.24090376,0.24527837
3680613291,0.048547238,0.40498504,0.5464678
3680678754,0.30094337,0.4173765,0.2816801
3680721070,0.37808803,0.19815052,0.42376146
3680868481,0.40143153,0.33652088,0.2620476
3681122136,0.90729654,0.013495903,0.07920757
3681312843,0.38088375,0.38730127,0.23181492
3682116501,0.31574747,0.51726824,0.16698429
3682173708,0.27489606,0.50140184,0.2237021
3682707117,0.25188267,0.46283573,0.28528157
3682941009,0.48583066,0.24620202,0.26796728
3683616020,0.4116027,0.25903094,0.3293663
3683690755,0.23695552,0.50713843,0.25590602
3684280330,0.16380244,0.63939136,0.19680618
3684627889,0.26922268,0.48674685,0.24403048
3684951393,0.39861888,0.3188878,0.28249332
3686152160,0.5804516,0.2067677,0.21278071
3687082825,0.41539344,0.33900693,0.24559966
3687161968,0.1819908,0.5730891,0.24492009
3687595941,0.19524434,0.5797956,0.22496009
3687854081,0.4412828,0.29307088,0.2656464
3688226303,0.48573396,0.18628518,0.32798088
3688321088,0.26465926,0.46047625,0.2748645
3688555096,0.3969411,0.115671076,0.48738787
3688676242,0.08009413,0.4255558,0.4943501
3688891241,0.23665597,0.38407177,0.37927228
3688936406,0.09937901,0.44839907,0.45222193
3689041027,0.5160867,0.10170365,0.38220966
3689434174,0.5561407,0.22410269,0.21975656
3689522908,0.37597233,0.3120046,0.31202307
3689803229,0.31080467,0.46673694,0.22245838
3689807178,0.25594142,0.5047126,0.239346
3690757682,0.13342178,0.6169498,0.24962848
3691720121,0.33242443,0.37838146,0.28919405
3691848438,0.3717078,0.45684987,0.17144231
3691887330,0.40957627,0.4355032,0.15492052
3692499121,0.047082342,0.8558112,0.09710646
3693125506,0.34880123,0.35519534,0.29600343
3693522072,0.55976456,0.16853693,0.27169847
3693574479,0.3531404,0.3783592,0.26850042
3693621168,0.6897403,0.15439586,0.15586385
3693888999,0.16439301,0.4416415,0.39396548
3694095504,0.729576,0.122201234,0.14822282
3694157864,0.5231083,0.2739606,0.20293114
3694234981,0.35157552,0.26629922,0.38212523
3695893003,0.29227242,0.45019853,0.25752905
3696025079,0.16814113,0.42511496,0.4067439
3696050003,0.3337291,0.31294036,0.35333055
3696778961,0.42227697,0.17698213,0.40074095
3696927226,0.34712294,0.36591282,0.28696424
3697201848,0.34788984,0.43907964,0.21303046
3697295617,0.3243753,0.4609768,0.21464787
3697979962,0.42325604,0.25537196,0.32137197
3698182249,0.3450033,0.31117538,0.34382135
3699369595,0.31280702,0.36727184,0.31992117
3699764199,0.5085001,0.21789578,0.2736041
3700426648,0.2830809,0.34739468,0.3695244
3701074401,0.36612803,0.34867164,0.28520042
3701475482,0.40005082,0.22843619,0.37151298
3701900348,0.5041836,0.18494835,0.31086805
3702614679,0.3118862,0.32156885,0.36654496
3703119501,0.24307834,0.23715582,0.5197658
3703141146,0.3694984,0.35502946,0.2754721
3703401303,0.3810139,0.32238472,0.2966014
3703826432,0.47197092,0.30993095,0.21809809
3704431379,0.36617923,0.35504305,0.2787777
3704664857,0.41973042,0.25827318,0.32199642
3705027930,0.2554877,0.45977828,0.284734
3705157874,0.4360592,0.2831422,0.28079855
3705519877,0.18854271,0.44866586,0.3627914
3705563586,0.40508986,0.25040993,0.34450024
3705730049,0.14001922,0.63335985,0.22662097
3705760677,0.16223708,0.3908265,0.4469365
3708529438,0.18311411,0.4984322,0.31845376
3708591548,0.37017143,0.22993317,0.39989534
3708759483,0.40215552,0.23416196,0.3636825
3709299191,0.30333084,0.2192203,0.47744885
3709663467,0.7781511,0.010985285,0.21086371
3710500400,0.25144023,0.3067106,0.4418491
3710679182,0.20404428,0.51343536,0.2825203
3711440916,0.47736552,0.3315819,0.19105254
3711485475,0.59305596,0.17846042,0.2284836
3711699654,0.5846558,0.17927854,0.23606567
3712043652,0.2991488,0.34168902,0.35916212
3712392764,0.23158231,0.37912744,0.38929027
3712498996,0.073421314,0.3099646,0.6166141
3712523567,0.12304442,0.66228575,0.21466988
3712616095,0.24046716,0.32327598,0.4362569
3712643744,0.3393247,0.35248357,0.3081917
3713046666,0.43746415,0.26792225,0.29461357
3713435944,0.13438617,0.6923731,0.17324072
3713567712,0.33729753,0.24866635,0.4140361
3713829923,0.5187252,0.326554,0.15472084
3713868738,0.3287236,0.42946985,0.24180652
3714189502,0.352857,0.2822928,0.36485016
3714334729,0.41453642,0.29386744,0.2915961
3714378603,0.30389863,0.38176444,0.31433696
3714775970,0.33102295,0.39321992,0.27575707
3715401887,0.39730534,0.24572536,0.35696927
3715928276,0.13630672,0.22179873,0.6418946
3717005065,0.25632283,0.2533881,0.49028915
3717101898,0.24340677,0.5856604,0.17093287
3717360871,0.30275825,0.4064845,0.29075724
3717465904,0.42935073,0.27574596,0.2949033
3718312839,0.36103705,0.29034108,0.34862185
3718406458,0.36677593,0.3642384,0.26898563
3718467835,0.33075565,0.36944827,0.29979607
3718489573,0.56822383,0.16671759,0.26505855
3719060601,0.07031261,0.6596694,0.27001804
3719107224,0.40475717,0.27668884,0.31855395
3719380885,0.30888546,0.16817829,0.5229362
3719777594,0.68742514,0.11534596,0.19722885
3720038219,0.3467329,0.32358938,0.32967767
3720620747,0.28670287,0.49418136,0.21911575
3720709833,0.28700307,0.47485134,0.23814562
3720762636,0.23606357,0.512751,0.25118548
3720928395,0.4271638,0.24652703,0.32630917
3721077798,0.21297081,0.38972393,0.3973053
3722067249,0.4724725,0.24860415,0.27892342
3722068641,0.2825342,0.3836414,0.3338244
3722494442,0.6224527,0.17274168,0.20480564
3722826231,0.36001092,0.23007153,0.40991756
3724242453,0.44969168,0.24753247,0.3027758
3724943600,0.44078228,0.2612892,0.2979285
3725486005,0.5199712,0.2435235,0.23650528
3725726453,0.4268033,0.29909885,0.27409786
3726433876,0.31194308,0.18620431,0.50185263
3727304104,0.29604587,0.3847862,0.319168
3727371622,0.37199312,0.30770043,0.32030645
3727792927,0.22393169,0.47294614,0.30312222
3727869361,0.7374725,0.11502413,0.1475034
3727978045,0.42918813,0.2104515,0.36036035
3728246220,0.37943393,0.26069838,0.35986766
3728314032,0.19822602,0.5879832,0.21379074
3728672010,0.57418245,0.1863172,0.2395004
3729257358,0.169637,0.549682,0.280681
3729581395,0.37815666,0.20546994,0.41637337
3729656827,0.27249238,0.4818833,0.24562433
3729833889,0.22335304,0.600165,0.17648195
3729897140,0.4383771,0.19997533,0.3616476
3730302850,0.32284197,0.26533625,0.4118218
3730388304,0.4240932,0.3117589,0.26414797
3730481112,0.23811214,0.3840937,0.37779418
3731042597,0.3897005,0.23061165,0.37968788
3731135687,0.12070842,0.70683444,0.17245717
3731148637,0.2867684,0.38245592,0.33077568
3731895431,0.33304912,0.3135434,0.3534075
3732086202,0.7741267,0.081242055,0.14463124
3732327482,0.12549682,0.7289159,0.1455872
3732404309,0.39110523,0.36067027,0.24822454
3732571378,0.26792666,0.45523533,0.276838
3732843490,0.29177353,0.37408355,0.33414295
3732958258,0.45751855,0.02886972,0.51361173
3733078820,0.6233434,0.13229631,0.24436031
3733218516,0.092800714,0.68164694,0.22555234
3733267506,0.59769785,0.15617451,0.24612762
3733798004,0.34103048,0.3199352,0.33903426
3733868143,0.2635455,0.42659917,0.30985528
3734147079,0.3284478,0.3613798,0.3101724
3734330395,0.44732356,0.23440906,0.31826735
3735585610,0.07125336,0.8064277,0.12231893
3735730700,0.36919883,0.3017088,0.32909235
3736337847,0.1887691,0.6308238,0.1804071
3736960442,0.35637942,0.29667762,0.34694296
3737015423,0.37677604,0.38974422,0.23347977
3737257757,0.4351424,0.28776738,0.27709022
3737444300,0.42881244,0.22958626,0.34160128
3737474138,0.40643516,0.38297257,0.21059224
3737984919,0.5869735,0.18342277,0.22960378
3738232163,0.5480473,0.24778572,0.20416696
3738243442,0.3545389,0.37481517,0.27064592
3738456599,0.30721024,0.33022746,0.3625623
3739042517,0.50981015,0.250727,0.23946285
3739602374,0.55321354,0.15097874,0.2958077
3739666136,0.37779737,0.16623197,0.45597064
3740188909,0.33246505,0.4195839,0.24795108
3740295668,0.6272025,0.12332519,0.24947232
3741781378,0.20763363,0.37891918,0.4134472
3742252703,0.564996,0.1620134,0.2729906
3742478187,0.17426111,0.67547023,0.15026867
3742599824,0.35700813,0.37104347,0.2719484
3742642618,0.56752837,0.21441182,0.21805982
3742686654,0.56426066,0.14309666,0.2926427
3742932642,0.17442068,0.63188505,0.19369425
3743054600,0.39378992,0.3145967,0.2916133
3743232910,0.23484352,0.4883171,0.2768394
3744015319,0.5380398,0.10069788,0.36126232
3744180200,0.3487372,0.31292906,0.3383337
3745155179,0.4452434,0.3279025,0.22685415
3745181406,0.3613763,0.4550099,0.18361385
3745457646,0.5844511,0.21429707,0.20125185
3745503703,0.59745115,0.18296236,0.21958648
3745816177,0.47414127,0.22986495,0.29599375
3745958052,0.34646478,0.32296792,0.3305673
3746195187,0.539347,0.15735725,0.30329576
3746261075,0.24591479,0.3137991,0.4402861
3746301976,0.19131508,0.5029146,0.30577028
3746494995,0.35440716,0.30332637,0.34226647
3747093474,0.5134207,0.21794692,0.26863238
3747541139,0.35097128,0.3289291,0.32009956
3747675779,0.4511124,0.21153729,0.33735037
3748156535,0.3184844,0.41044912,0.2710665
3748377195,0.26113468,0.15846789,0.5803974
3748518295,0.40882307,0.29101107,0.30016583
3748957253,0.17352462,0.6072199,0.21925548
3749019136,0.04916657,0.29630482,0.65452856
3749023236,0.311915,0.40752918,0.2805559
3749297763,0.34169227,0.32459706,0.33371064
3749525184,0.36817244,0.17414233,0.4576853
3749646233,0.2045867,0.62373424,0.17167903
3749877656,0.40844828,0.20185521,0.38969645
3749975439,0.6624376,0.12987152,0.20769083
3750126352,0.51508975,0.24188252,0.24302776
3750606520,0.29359227,0.31911018,0.38729757
3750610280,0.24166276,0.36699983,0.39133745
3750626655,0.49437276,0.21352062,0.29210657
3750833887,0.3828299,0.29719585,0.31997427
3751571607,0.44293177,0.30215693,0.25491127
3751749550,0.34610918,0.35283163,0.30105916
3751815232,0.5941633,0.20122437,0.20461231
3751861492,0.31237066,0.40585262,0.28177676
3752164241,0.57241327,0.13719374,0.290393
3752482833,0.5661462,0.20467442,0.22917937
3752850843,0.5283019,0.18937498,0.28232315
3753168292,0.3835142,0.41213146,0.20435438
3753176000,0.45018342,0.27434507,0.27547145
3753348653,0.2133563,0.17800778,0.6086359
3753391914,0.5062069,0.24437374,0.24941935
3753802269,0.3336114,0.44911,0.21727861
3753882781,0.22371672,0.30519295,0.47109032
3754118767,0.49903163,0.33754784,0.16342048
3754136899,0.5238176,0.30089632,0.17528601
3754726950,0.2267411,0.46832812,0.30493075
3756063037,0.16226304,0.615854,0.22188294
3756420604,0.2948516,0.34840032,0.35674807
3757099105,0.027707309,0.6331518,0.33914086
3757700160,0.28396863,0.39421996,0.32181138
3757808274,0.53300786,0.22233726,0.24465488
3757897517,0.42302024,0.2803718,0.296608
3758070308,0.3728564,0.3066459,0.32049772
3758376998,0.28002056,0.1502505,0.5697289
3758448267,0.13889076,0.25246495,0.60864437
3758715968,0.4722061,0.25826067,0.26953328
3758896284,0.39417425,0.24848174,0.35734403
3759323482,0.38715693,0.37094092,0.24190216
3759352585,0.2551773,0.15958664,0.5852361
3759751639,0.43915826,0.25901765,0.301824
3759956951,0.71087736,0.11277813,0.17634456
3759997228,0.28032085,0.42453375,0.2951454
3760216111,0.7736067,0.05217461,0.17421867
3760455711,0.76920134,0.10212196,0.12867677
3761431876,0.38189587,0.16364071,0.4544634
3761792089,0.40254417,0.28138432,0.31607148
3763184161,0.48294163,0.2507204,0.266338
3763700560,0.29512197,0.31555006,0.38932803
3763916938,0.4450898,0.3281089,0.22680125
3764094717,0.6188104,0.072022006,0.3091676
3764493735,0.20807546,0.51302034,0.27890417
3764660351,0.3787595,0.31869373,0.3025468
3764660837,0.630056,0.10930114,0.2606428
3764668563,0.41418856,0.2637632,0.32204828
3764686981,0.260309,0.51169235,0.22799863
3765940499,0.32940033,0.35088614,0.31971347
3766138211,0.36367768,0.43659222,0.1997301
3766821786,0.40489691,0.33028117,0.2648219
3767500421,0.5267064,0.26536277,0.20793085
3767624105,0.0858589,0.6634818,0.2506593
3768267378,0.23016736,0.31057155,0.45926112
3768637134,0.3152825,0.22240601,0.46231145
3769310431,0.14816439,0.5523318,0.29950377
3769913719,0.36533952,0.2899026,0.34475788
3770628473,0.37241712,0.31398785,0.31359506
3770774049,0.47649768,0.2451728,0.27832958
3770827494,0.4789308,0.22115935,0.29990986
3770942318,0.3299828,0.24884437,0.4211728
3771135279,0.29181087,0.3852386,0.32295057
3771265728,0.19150458,0.3000961,0.50839937
3771724399,0.13224189,0.4853923,0.3823658
3771771183,0.28486943,0.37078935,0.34434116
3773163717,0.32719573,0.3389422,0.33386204
3775771101,0.31422424,0.37573445,0.31004128
3775856409,0.77533734,0.07753266,0.14712998
3776152299,0.49392635,0.20821238,0.2978612
3776717931,0.38802978,0.24779418,0.36417606
3776862851,0.35568908,0.34568176,0.29862916
3776958886,0.50466603,0.23110208,0.2642319
3777819795,0.5343268,0.2735956,0.19207762
3777987118,0.41310552,0.22330837,0.3635861
3778446072,0.6212558,0.06428825,0.3144559
3778626211,0.10015491,0.25097865,0.6488665
3778644944,0.23456587,0.27500275,0.4904313
3779011382,0.36467558,0.34380773,0.29151672
3779387466,0.3538686,0.29338118,0.35275018
3779451444,0.50571,0.25604838,0.2382416
3779884751,0.2408777,0.54452324,0.21459907
3779889354,0.49577236,0.36950654,0.13472112
3780579605,0.40045807,0.3393868,0.26015517
3781083209,0.20237109,0.2860588,0.5115701
3781372084,0.16277009,0.6334703,0.20375963
3781865383,0.044998083,0.877205,0.07779695
3782148912,0.33502018,0.3486642,0.3163156
3782823683,0.24510613,0.362332,0.39256188
3783220661,0.6039942,0.15182778,0.24417807
3783844300,0.29285407,0.37388775,0.33325818
3784062847,0.21472056,0.50273436,0.2825451
3784282755,0.5508785,0.1914322,0.25768933
3785258599,0.5791898,0.19516297,0.2256473
3785385075,0.43077663,0.25531423,0.3139092
3785935973,0.22970323,0.5895959,0.18070082
3785951189,0.32922333,0.28915843,0.38161826
3786284482,0.21561436,0.4179485,0.36643717
3786568837,0.35623297,0.3274371,0.31632993
3786706288,0.37697643,0.33009988,0.29292363
3787372254,0.3870881,0.43226093,0.18065096
3787387849,0.73694044,0.116509184,0.14655036
3787578630,0.55077875,0.18320292,0.26601833
3788213295,0.69913703,0.10435505,0.19650792
3789345998,0.41643122,0.14505638,0.43851238
3789612581,0.37541443,0.25758266,0.3670029
3789890465,0.10124987,0.60599077,0.2927594
3790435011,0.405296,0.36398488,0.2307191
3790513417,0.41696066,0.245855,0.33718437
3790616720,0.5085413,0.22572502,0.2657337
3790688075,0.51929265,0.25040323,0.23030415
3790843015,0.29613575,0.3824093,0.32145488
3790876907,0.34730875,0.32184848,0.3308428
3791558212,0.480252,0.22005926,0.29968876
3792831840,0.34228885,0.2168655,0.44084573
3793074797,0.18132454,0.27765468,0.54102075
3793119258,0.3220458,0.33927152,0.33868268
3793210675,0.3883606,0.369923,0.24171643
3793569901,0.6571433,0.104298234,0.23855844
3793799160,0.39902598,0.29904687,0.3019272
3793926111,0.17766836,0.24660094,0.5757306
3794197274,0.3208843,0.44403452,0.2350812
3794415117,0.803738,0.060727824,0.13553412
3795313370,0.6137394,0.20912096,0.17713968
3795775397,0.27532798,0.2262325,0.49843955
3796838265,0.044716895,0.8762632,0.07901994
3797407118,0.20683806,0.50861454,0.2845474
3797667232,0.022256857,0.8678824,0.10986083
3797948287,0.37363437,0.258948,0.3674176
3798464023,0.29618564,0.36823416,0.33558026
3798668614,0.70074135,0.09563396,0.20362468
3798766599,0.31314456,0.26680657,0.4200489
3799496003,0.035437897,0.8960608,0.06850125
3799666746,0.5686014,0.20737642,0.22402216
3799855442,0.18592222,0.64741963,0.16665813
3800070905,0.27584404,0.41915083,0.30500513
3800554880,0.2923785,0.52270347,0.18491805
3800743261,0.3651915,0.3260607,0.30874783
3802013968,0.37418872,0.44278285,0.18302837
3802464503,0.49180883,0.20122322,0.30696794
3803172970,0.1800159,0.319375,0.50060904
3803222747,0.49145523,0.2868865,0.22165826
3803354242,0.5587407,0.16492029,0.276339
3803457080,0.26711226,0.4225952,0.31029254
3804447856,0.862615,0.034650415,0.10273466
3804548820,0.3802244,0.30834585,0.31142974
3804703117,0.4246839,0.30011374,0.27520233
3804867283,0.22939923,0.3045128,0.46608794
3805054113,0.4562438,0.102037966,0.44171825
3805577563,0.4448439,0.36854714,0.18660896
3805760210,0.59627503,0.19598743,0.20773757
3806194791,0.29314345,0.4381805,0.2686761
3806568781,0.4351653,0.30695334,0.25788143
3806714304,0.3693359,0.3626091,0.268055
3806786746,0.4329014,0.25814378,0.30895478
3807031957,0.2522806,0.25806317,0.4896562
3807229967,0.28266346,0.29110062,0.42623585
3807298714,0.18119182,0.17218746,0.64662075
3807800729,0.5525137,0.217325,0.23016126
3809558774,0.43313095,0.3246282,0.24224092
3809956582,0.14684074,0.6206129,0.23254633
3810063895,0.5086974,0.15688694,0.33441564
3810499716,0.33702815,0.35092407,0.3120478
3810875998,0.35997,0.4358649,0.20416512
3811223084,0.39147186,0.2774758,0.33105236
3811484485,0.24681884,0.5353643,0.21781692
3811635033,0.28506222,0.16560385,0.54933393
3811892793,0.30924204,0.30334082,0.3874171
3812212401,0.6025472,0.17543526,0.22201748
3812243874,0.18694094,0.5142619,0.29879713
3812443553,0.6934467,0.11386494,0.19268842
3812938758,0.27715424,0.4122894,0.31055638
3813350965,0.58313996,0.14066334,0.27619672
3813525143,0.7159108,0.08118256,0.20290667
3813970625,0.33785197,0.36854255,0.29360545
3813979806,0.33989558,0.3602665,0.2998379
3814425967,0.23026425,0.26685345,0.5028823
3815803871,0.35097086,0.3563321,0.29269704
3815876714,0.31393376,0.35339123,0.332675
3816209365,0.2555645,0.48114902,0.2632865
3816221050,0.41669744,0.34469292,0.23860963
3816869371,0.4792851,0.23666744,0.28404745
3817012018,0.24633308,0.5154863,0.23818064
3817223871,0.6176738,0.15619373,0.22613244
3817953939,0.38828337,0.26399985,0.3477168
3818171346,0.56657547,0.18756273,0.24586183
3818256821,0.092039175,0.76028806,0.14767274
3818681926,0.28496754,0.44750488,0.26752752
3818831974,0.45106032,0.3054533,0.24348636
3818854885,0.33513066,0.4235139,0.24135545
3819551605,0.2941771,0.45367166,0.25215122
3819861204,0.48802778,0.27721784,0.23475434
3820393335,0.39714086,0.3114644,0.29139468
3822091752,0.34767172,0.3272388,0.32508942
3822248037,0.3541456,0.46267307,0.18318136
3823401351,0.45009464,0.2946188,0.25528657
3823426145,0.3942041,0.22637607,0.3794198
3823457998,0.43264294,0.24914125,0.31821585
3824155549,0.3111362,0.28256902,0.40629476
3824172136,0.32238254,0.36780593,0.30981153
3824193742,0.2336002,0.5223367,0.24406306
3824797147,0.45338058,0.2485865,0.2980329
3825849457,0.24564427,0.39713353,0.35722217
3826007279,0.07631682,0.7888,0.13488317
3826252854,0.27514443,0.39012375,0.33473188
3827320587,0.6285708,0.11124176,0.26018742
3827640795,0.097366296,0.34488,0.5577537
3827775193,0.36694974,0.33516657,0.29788366
3827849726,0.27892077,0.5414016,0.17967759
3828000408,0.23837593,0.32917455,0.43244955
3828306374,0.5624346,0.2538418,0.18372361
3828323914,0.3001253,0.18633768,0.513537
3829250495,0.41998708,0.20208052,0.37793234
3829836931,0.28255156,0.32741362,0.39003482
3829863969,0.37849224,0.37657672,0.24493106
3830234001,0.016447224,0.9417773,0.041775472
3830506849,0.30587298,0.23720345,0.45692357
3831468989,0.57553613,0.1843536,0.24011025
3831625470,0.55575496,0.22068664,0.22355838
3831647198,0.13748509,0.7395969,0.12291799
3832018749,0.29539457,0.4736765,0.23092894
3832080230,0.34052542,0.33299622,0.32647836
3832401433,0.14892854,0.4763789,0.37469262
3833240473,0.4098061,0.36189592,0.22829804
3833856738,0.46772185,0.23357703,0.29870117
3834411551,0.2232872,0.4581057,0.31860712
3835732623,0.23408486,0.3015802,0.464335
3836183189,0.17784946,0.4181968,0.40395373
3836317466,0.52038455,0.24340275,0.2362127
3836593981,0.52881086,0.1720124,0.2991767
3836658084,0.40233895,0.317356,0.2803051
3836731171,0.13860957,0.48360106,0.37778935
3837262602,0.40709487,0.22320175,0.36970335
3837283488,0.44073558,0.48764265,0.07162183
3837518005,0.43287894,0.29484883,0.27227223
3837863346,0.2555487,0.4102254,0.33422592
3837897588,0.2010183,0.5462045,0.2527772
3839018711,0.38647777,0.22398627,0.38953596
3839262465,0.2947966,0.4232001,0.2820033
3839633528,0.45651782,0.2730352,0.27044702
3839832482,0.5064841,0.064709015,0.4288069
3840265293,0.20965143,0.5195858,0.27076274
3840480022,0.29541218,0.5107487,0.19383916
3840543709,0.38424575,0.4087056,0.20704868
3840579676,0.8076989,0.025922528,0.16637862
3841264020,0.10999574,0.7171727,0.17283165
3841525218,0.31809703,0.22624415,0.45565882
3841960105,0.43605468,0.18516111,0.3787842
3842524248,0.25682312,0.20078574,0.5423912
3842873412,0.12524132,0.6651582,0.2096005
3842955974,0.36636686,0.30668956,0.32694364
3843008180,0.62422633,0.14442803,0.23134565
3843387608,0.26569295,0.29564285,0.43866417
3843692526,0.28073063,0.28521702,0.4340524
3843884754,0.34479198,0.32866696,0.3265411
3844060605,0.11082684,0.7317103,0.15746284
3844493476,0.41033772,0.2649331,0.32472914
3844910215,0.23656005,0.48532462,0.2781153
3845031799,0.7958324,0.04898326,0.15518437
3846256700,0.583168,0.15275517,0.2640768
3846451314,0.02725941,0.878535,0.09420555
3847965685,0.26192272,0.4280735,0.31000376
3849459401,0.19389515,0.41985613,0.38624868
3849780705,0.17428382,0.5994769,0.22623932
3850047472,0.28697768,0.36311764,0.34990466
3851283146,0.73797363,0.10554858,0.15647776
3851535539,0.50391495,0.22016488,0.2759202
3851820979,0.22998232,0.4974083,0.27260944
3851880093,0.6858046,0.10135498,0.21284045
3853098432,0.13790162,0.2910161,0.5710823
3853163263,0.3966381,0.25047487,0.35288706
3855345057,0.4201582,0.25564092,0.32420084
3855630640,0.032667782,0.22232616,0.74500614
3855682779,0.13872665,0.55551004,0.3057633
3855982766,0.20327026,0.59981525,0.1969145
3856101117,0.51556754,0.19069669,0.2937358
3856142487,0.35509846,0.24536121,0.3995404
3856335422,0.23224448,0.5244473,0.24330817
3856849510,0.19957882,0.46969795,0.33072317
3856985617,0.30583164,0.3091361,0.38503227
3857258064,0.2647171,0.55757594,0.17770697
3857719707,0.19629928,0.57755834,0.22614238
3857875933,0.37051198,0.20718132,0.42230666
3857908722,0.7018073,0.1131198,0.18507284
3858249350,0.4720431,0.262839,0.26511797
3858584635,0.2582087,0.4427404,0.29905084
3858585889,0.2234021,0.41209036,0.36450753
3859330081,0.15277557,0.6637398,0.18348461
3859623347,0.7907428,0.045980576,0.16327661
3861098115,0.52435064,0.22168103,0.2539683
3861280997,0.17203696,0.47949404,0.34846896
3861372873,0.26163128,0.48613447,0.25223425
3861555615,0.41764697,0.17943163,0.40292147
3862004022,0.036070436,0.6675845,0.2963451
3862349858,0.30639815,0.43598455,0.25761726
3862540884,0.14461042,0.57641774,0.27897185
3862684363,0.32807118,0.41961274,0.25231612
3863145070,0.2990391,0.36780912,0.33315173
3863409656,0.48862764,0.23150174,0.2798706
3863473349,0.25904095,0.52543026,0.2155288
3863852903,0.45564288,0.30780235,0.23655473
3864597027,0.4291811,0.27119514,0.29962376
3864908536,0.3695053,0.14061444,0.4898803
3864979662,0.40115294,0.2309894,0.36785764
3865130151,0.19306804,0.58614916,0.22078282
3867415492,0.34537694,0.32744643,0.32717657
3867456326,0.40288055,0.37893447,0.21818498
3867935774,0.55543196,0.22843401,0.21613401
3869093745,0.2352972,0.5590454,0.20565741
3869186518,0.47571382,0.2155263,0.30875993
3869324588,0.43560737,0.234576,0.3298167
3869454658,0.2881212,0.2908256,0.42105323
3869626405,0.31122163,0.40738097,0.28139746
3869668228,0.3779309,0.39677554,0.22529353
3870048179,0.37219968,0.32020965,0.30759063
3870079612,0.5482241,0.22079754,0.23097835
3870644356,0.2315273,0.31219873,0.45627403
3870722629,0.35276678,0.31071618,0.33651707
3872092678,0.54718614,0.10556595,0.34724796
3872229174,0.33755767,0.32919794,0.33324432
3872559850,0.43294844,0.27651525,0.2905364
3872614978,0.3107594,0.4129186,0.27632198
3873587901,0.16308406,0.6330137,0.20390224
3873633034,0.47021636,0.27847597,0.2513077
3874199022,0.29543808,0.24256298,0.46199888
3874251392,0.38745075,0.3201922,0.29235712
3874393803,0.38500693,0.3863197,0.22867334
3875555311,0.30479768,0.4158524,0.27934998
3875741665,0.3011795,0.36757293,0.3312476
3875773403,0.28563178,0.41370243,0.30066577
3875938317,0.12314139,0.5433552,0.3335034
3876073306,0.56407744,0.16360451,0.27231804
3876107739,0.25451586,0.33271515,0.41276902
3876114934,0.18968137,0.2959797,0.51433897
3876386933,0.23529378,0.24667752,0.51802874
3876496299,0.5180756,0.14925377,0.33267066
3877054222,0.43797693,0.168836,0.39318705
3877201091,0.5060112,0.2221862,0.2718026
3877347785,0.15210006,0.6741121,0.17378786
3877392936,0.34410068,0.2551603,0.40073898
3878377780,0.21782143,0.60438824,0.17779033
3878510540,0.47402295,0.29702094,0.22895612
3878522245,0.2183378,0.42619905,0.3554632
3878554146,0.32654142,0.24460483,0.4288537
3878827897,0.47286952,0.22622617,0.3009043
3878988663,0.23878354,0.31425285,0.44696358
3881144659,0.31809062,0.32921687,0.3526925
3881809610,0.5900646,0.13049333,0.2794421
3881893749,0.26852793,0.5229318,0.2085402
3881903898,0.21947631,0.5747422,0.20578149
3882194213,0.27149662,0.48141354,0.24708977
3882804494,0.38235268,0.34145167,0.27619568
3883237950,0.19087765,0.53292626,0.2761961
3883350584,0.5532819,0.18976468,0.2569534
3884096015,0.41136497,0.3934757,0.19515932
3884342165,0.3687899,0.24934408,0.38186604
3884415755,0.27460083,0.4324714,0.29292774
3884873304,0.6618886,0.17192799,0.16618343
3885373301,0.4336976,0.31437397,0.2519284
3887055292,0.39182347,0.2587897,0.34938678
3887702165,0.28987703,0.47007322,0.24004972
3887970466,0.34958133,0.46087566,0.18954301
3888015284,0.3076504,0.36417827,0.32817134
3888094942,0.029932752,0.12121712,0.84885013
3889477144,0.34634885,0.32927164,0.3243795
3889657583,0.45978943,0.29358274,0.24662785
3890836868,0.73407346,0.08830413,0.17762242
3891831159,0.14484447,0.13607632,0.7190792
3892491345,0.31901047,0.39653498,0.28445455
3893191031,0.5200406,0.19649027,0.2834691
3893433059,0.045532,0.80636704,0.14810094
3893927683,0.45946598,0.32834467,0.21218944
3894215666,0.21951185,0.47985926,0.3006289
3894474436,0.19446762,0.5039121,0.3016203
3895158283,0.5963761,0.21915776,0.18446612
3895656231,0.3904366,0.44734243,0.16222093
3895919907,0.46376038,0.26560497,0.27063462
3897141669,0.30818626,0.40698886,0.28482488
3897360597,0.2504419,0.39303327,0.35652483
3897465532,0.20338456,0.5523087,0.24430679
3898479363,0.6294456,0.16129008,0.20926432
3899015371,0.5211079,0.19764306,0.281249
3899936606,0.48648545,0.18291473,0.3305998
3900619134,0.3167157,0.45294333,0.230341
3900709960,0.47258982,0.20209533,0.32531488
3901195795,0.25263596,0.4246808,0.3226832
3901478656,0.31920248,0.18921809,0.49157953
3901622240,0.72073174,0.044907644,0.23436064
3901734267,0.24706878,0.4852797,0.26765153
3901988477,0.647265,0.16259797,0.19013697
3902257376,0.28844875,0.46385172,0.24769954
3902497039,0.34708512,0.32224813,0.33066672
3902857699,0.53371936,0.20687075,0.2594099
3903810011,0.33366808,0.41352114,0.2528108
3904053384,0.2618316,0.51422817,0.2239402
3905433590,0.3772704,0.28522757,0.337502
3905747779,0.21472664,0.5407933,0.24448006
3905798894,0.28823945,0.42570928,0.2860512
3905820932,0.17982616,0.6075418,0.212632
3905984827,0.6331927,0.16867411,0.19813322
3906090901,0.17891411,0.51107407,0.31001183
3906099970,0.58664,0.20674431,0.20661572
3906744317,0.6763823,0.10063995,0.22297771
3908391224,0.26677006,0.5062798,0.22695012
3908393785,0.29877308,0.44079682,0.26043004
3909301210,0.39836645,0.23576365,0.36586994
3909715931,0.3142152,0.33331633,0.35246846
3909932312,0.38576958,0.14165549,0.47257495
3910229630,0.4155803,0.22525747,0.3591623
3910526259,0.53421474,0.23443426,0.23135106
3911083427,0.14068706,0.6857707,0.17354228
3912280024,0.5083703,0.22367053,0.26795924
3912424494,0.47729382,0.23511724,0.28758895
3912767999,0.9571312,0.0066186907,0.03625013
3913295078,0.2878621,0.47612384,0.23601402
3913481541,0.6490026,0.1689369,0.18206055
3913525632,0.13690324,0.70756847,0.15552822
3914093550,0.341347,0.4463845,0.21226847
3914365523,0.68378013,0.06652951,0.24969035
3914737402,0.4051781,0.2946535,0.30016848
3915369683,0.23275664,0.33145824,0.43578506
3915523573,0.18277496,0.43444958,0.38277546
3915559845,0.36919808,0.2095098,0.42129213
3915874583,0.31960282,0.42552707,0.25487012
3916086636,0.25892597,0.23574583,0.5053282
3916180552,0.28044304,0.26813483,0.4514221
3916220028,0.5258995,0.24579275,0.2283077
3916362458,0.6324309,0.18840405,0.179165
3916472482,0.26500076,0.48346528,0.251534
3916480261,0.23154539,0.13415669,0.63429797
3916574329,0.32002753,0.21514483,0.46482772
3917042930,0.23768052,0.48505747,0.27726203
3917099082,0.52246296,0.19444562,0.28309134
3917141657,0.21835703,0.19420692,0.5874361
3917491293,0.2168883,0.3381682,0.44494352
3918193061,0.31504035,0.33439842,0.3505612
3918286936,0.33470008,0.3310437,0.33425623
3918547915,0.22240536,0.19787015,0.5797245
3919112683,0.29428652,0.37254798,0.33316547
3919443243,0.5212393,0.22664842,0.2521123
3919701810,0.29645538,0.36160374,0.34194082
3919810040,0.3234269,0.29436272,0.38221034
3920126816,0.18162878,0.6181474,0.20022385
3920467789,0.49726218,0.28692,0.21581778
3921461538,0.44031554,0.17364976,0.38603464
3922483515,0.3867383,0.44510248,0.16815917
3922827642,0.6078756,0.07330009,0.31882435
3922994000,0.2780144,0.2607804,0.46120527
3923786288,0.52408594,0.20375848,0.27215552
3925606043,0.32120806,0.2485156,0.43027633
3925763044,0.3936688,0.32107285,0.28525835
3925927738,0.31099305,0.5052127,0.18379422
3926699182,0.4727025,0.21427453,0.31302297
3927121071,0.08390187,0.5569891,0.35910907
3927235213,0.20705524,0.12846303,0.6644817
3927292705,0.8832401,0.025423761,0.09133613
3927577134,0.25088763,0.5114216,0.23769075
3927792368,0.30397946,0.08223815,0.61378235
3928005292,0.35609034,0.2890306,0.35487905
3928092928,0.4670029,0.31868744,0.21430969
3928738806,0.43427536,0.34924927,0.21647541
3928930075,0.41303146,0.29009888,0.2968696
3929808010,0.17989662,0.5607369,0.25936648
3929854020,0.2918668,0.36904708,0.33908615
3930336590,0.29506585,0.30109027,0.4038439
3930676060,0.31282377,0.1963682,0.490808
3930943946,0.20436111,0.44988877,0.34575018
3931400861,0.09868378,0.71523076,0.1860855
3931638227,0.17588516,0.63001645,0.19409837
3931657115,0.890693,0.021231718,0.088075235
3931825199,0.14751045,0.6523247,0.20016485
3931961965,0.39477548,0.32061392,0.2846106
3932296927,0.60292786,0.10844317,0.28862894
3932467319,0.820911,0.03158357,0.14750537
3932697545,0.035373,0.47198766,0.49263924
3932907465,0.24160966,0.5876618,0.17072856
3933124938,0.6347287,0.18382926,0.18144199
3933366448,0.23218636,0.52049565,0.24731801
3933844503,0.24270193,0.5273368,0.2299613
3933864949,0.19773366,0.5710918,0.2311746
3933963514,0.20582493,0.1341361,0.66003895
3934186342,0.19566269,0.55253565,0.25180164
3934965551,0.6928361,0.11308349,0.1940804
3934994485,0.69545764,0.09473497,0.20980734
3936099447,0.37360495,0.05447158,0.5719235
3936102724,0.2582482,0.56943434,0.17231743
3936202165,0.22342281,0.5219282,0.25464898
3936360763,0.3509627,0.31157842,0.33745888
3936569242,0.6090273,0.028280767,0.36269194
3937128804,0.18512407,0.5826618,0.23221417
3937184393,0.96667147,0.0025370838,0.030791486
3937516019,0.30462056,0.44608125,0.24929814
3939156539,0.22375722,0.530149,0.24609376
3939207133,0.579414,0.22383794,0.19674806
3939415568,0.50520146,0.28910345,0.2056951
3939445067,0.72675943,0.09567756,0.17756304
3940287339,0.37885174,0.42744896,0.1936993
3941069646,0.32967144,0.38247806,0.28785044
3941077781,0.086835496,0.675839,0.23732544
3941328920,0.5106527,0.28476974,0.20457757
3941339810,0.5728676,0.15082696,0.27630547
3941392243,0.27775747,0.46223426,0.26000828
3941621870,0.41982368,0.3686458,0.21153054
3942710055,0.07539309,0.07016024,0.8544466
3942818392,0.6263895,0.120637156,0.25297326
3942925071,0.3367869,0.2560168,0.40719628
3943120934,0.39066273,0.27864856,0.3306887
3943638651,0.5448961,0.16978416,0.2853197
3944852622,0.4110974,0.29363218,0.29527044
3944975013,0.27703407,0.53960043,0.1833655
3945147487,0.4314598,0.27874926,0.289791
3946481149,0.3053832,0.4592386,0.23537819
3946672326,0.8164377,0.037505634,0.14605659
3947217991,0.3029333,0.2696835,0.42738318
3947356798,0.69775426,0.07898849,0.22325729
3948002108,0.49241218,0.15127333,0.35631442
3948097930,0.35120636,0.32462332,0.32417032
3948397250,0.29774362,0.41489378,0.28736255
3948609048,0.6398639,0.12057581,0.23956032
3948830383,0.55369765,0.18554164,0.26076075
3949362957,0.49342784,0.1951453,0.31142682
3949421872,0.25554356,0.16470057,0.57975584
3949455389,0.43135104,0.2797759,0.28887314
3949491296,0.26777917,0.34195966,0.39026114
3951206528,0.41820022,0.085122734,0.4966771
3951574771,0.42544708,0.24930972,0.32524318
3951773323,0.47401386,0.3182155,0.20777069
3952091805,0.40864646,0.34707096,0.24428256
3952301861,0.33987838,0.31960797,0.34051365
3952650731,0.16014223,0.5695284,0.2703294
3952862062,0.35222223,0.31939626,0.32838148
3954033445,0.27583733,0.5035617,0.22060105
3954414812,0.41251257,0.2734547,0.3140328
3954796032,0.23218778,0.23423032,0.53358185
3954969113,0.26029226,0.13895774,0.60074997
3955128841,0.40123484,0.21753247,0.3812327
3955839763,0.5022051,0.22868095,0.269114
3955928079,0.5067498,0.22999533,0.26325482
3956082157,0.4802305,0.26107267,0.25869685
3956244066,0.13777503,0.6381606,0.22406444
3956996196,0.23177807,0.34221545,0.4260065
3957433605,0.27144736,0.328346,0.4002066
3957511480,0.09119796,0.614694,0.29410803
3957639727,0.3449346,0.33001745,0.3250479
3958341447,0.16275483,0.4745376,0.3627075
3958714906,0.1141775,0.73401415,0.15180835
3959177911,0.5458476,0.18369243,0.27046
3960050044,0.33234274,0.33100116,0.33665603
3960072693,0.4372248,0.2132455,0.34952974
3960203945,0.3559013,0.2415372,0.40256146
3960683314,0.35958675,0.29336,0.34705332
3961721975,0.62109095,0.13681418,0.24209484
3961997682,0.44444364,0.273428,0.28212833
3962189815,0.7825272,0.07333661,0.14413615
3962426912,0.42628005,0.328724,0.24499603
3962719269,0.21090671,0.51343656,0.27565673
3962923793,0.30846795,0.39518732,0.29634467
3963205435,0.46967232,0.23946606,0.29086167
3963304115,0.21910699,0.3920082,0.3888848
3963594982,0.23569621,0.52143615,0.24286766
3964253771,0.62356114,0.17624189,0.20019698
3964473538,0.32958877,0.33659425,0.33381698
3964704857,0.40416571,0.39584196,0.19999233
3965208933,0.46535456,0.24167757,0.29296786
3965368290,0.6494671,0.17576735,0.17476548
3966001042,0.4099206,0.28869152,0.30138785
3966345766,0.38087288,0.2090097,0.41011745
3966788489,0.26770076,0.3055268,0.42677248
3966886010,0.27600423,0.48917022,0.2348256
3966912601,0.5269112,0.21004361,0.26304516
3967160669,0.5104381,0.23983099,0.24973097
3967359794,0.2655286,0.2660242,0.4684472
3968615472,0.2755464,0.46835804,0.25609553
3968955670,0.14435795,0.7006397,0.15500239
3969070304,0.2651715,0.46801302,0.26681554
3969234712,0.48721135,0.2665488,0.24623984
3969658692,0.3155591,0.4086433,0.27579758
3970154622,0.39036947,0.2535004,0.35613012
3970161970,0.65699327,0.10751106,0.23549576
3970162689,0.2604029,0.5482838,0.1913133
3970247555,0.4461983,0.27162102,0.28218064
3970398998,0.092388734,0.72443354,0.18317771
3971152966,0.035373937,0.17534217,0.7892838
3971576426,0.43084618,0.1346723,0.43448153
3971623668,0.17273994,0.4530948,0.37416524
3971700372,0.30850822,0.33045313,0.36103863
3972159059,0.4542125,0.25744048,0.28834704
3972215266,0.3451286,0.22563548,0.42923597
3972345317,0.33682337,0.4329799,0.23019673
3972699106,0.53191805,0.17821701,0.289865
3973578664,0.17486902,0.59265065,0.23248032
3973626014,0.31563944,0.29034564,0.39401487
3973855557,0.45376807,0.28067154,0.26556036
3974091353,0.36354774,0.29969785,0.33675444
3975204890,0.21445647,0.48771772,0.29782584
3975914707,0.22124371,0.56395745,0.21479882
3977022178,0.5530983,0.2936023,0.1532993
3977035936,0.32524332,0.33275807,0.34199858
3977354410,0.30050358,0.49031964,0.20917676
3977970431,0.14462121,0.73383045,0.12154839
3978451681,0.772159,0.073744565,0.15409641
3978759570,0.4251485,0.20568193,0.3691696
3979136091,0.38201493,0.29040518,0.32757986
3979226587,0.13070384,0.73264337,0.13665281
3979355118,0.38706666,0.072434634,0.5404988
3979978006,0.14668739,0.7046541,0.14865857
3980137419,0.30541918,0.41693828,0.2776426
3980739859,0.19471243,0.54745126,0.25783634
3981003752,0.11469123,0.37981236,0.50549644
3981062121,0.35208467,0.35893232,0.28898302
3981264127,0.08428214,0.7247908,0.19092703
3981305325,0.14143111,0.47708097,0.38148797
3981354072,0.4941855,0.21766831,0.28814614
3981400223,0.26554406,0.47670725,0.25774866
3981442867,0.23359485,0.51608,0.25032517
3981648188,0.30924106,0.3188616,0.37189737
3981845520,0.40060198,0.2267438,0.3726542
3982463491,0.37292615,0.1681472,0.45892674
3982584189,0.44065347,0.34888643,0.2104601
3983572561,0.50011045,0.16426225,0.33562726
3983732971,0.23208708,0.4984431,0.2694699
3984087407,0.63384205,0.14643142,0.2197265
3984342433,0.37003827,0.2947716,0.33519012
3984670886,0.12472724,0.72008353,0.15518926
3985272329,0.36141682,0.27694255,0.36164066
3985411604,0.525119,0.253099,0.22178197
3985463127,0.32399726,0.3290846,0.34691817
3985907622,0.4804631,0.26295993,0.25657693
3985949557,0.2951852,0.33206496,0.37274984
3985990568,0.15849411,0.6187738,0.22273202
3986510316,0.22616482,0.47454092,0.2992942
3986748513,0.3653338,0.35137284,0.28329337
3987765570,0.35779887,0.16030493,0.48189625
3988166935,0.5945253,0.16585979,0.2396149
3988873836,0.4091461,0.30973822,0.28111568
3988920895,0.6450354,0.12212284,0.23284173
3989016570,0.30594304,0.4072709,0.28678608
3989686747,0.1684494,0.73947036,0.09208019
3989706640,0.84853226,0.010753621,0.14071399
3990347911,0.20981884,0.5565997,0.23358147
3990802424,0.24480474,0.4457253,0.30947
3990992552,0.5541705,0.13017702,0.31565252
3991243349,0.26656115,0.293883,0.43955585
3991512627,0.21620522,0.2589282,0.5248666
3991859105,0.45941922,0.18937956,0.35120115
3991984273,0.24051355,0.52833146,0.23115502
3992318704,0.41136155,0.23024704,0.35839146
3993099210,0.5080404,0.19027384,0.30168575
3995076333,0.37634787,0.42974198,0.19391017
3995597196,0.38547114,0.32555476,0.2889741
3996720556,0.26948747,0.47940663,0.2511059
3996893806,0.78777367,0.054750547,0.15747578
3997498305,0.15789203,0.6858406,0.15626732
3998277847,0.24202734,0.46395418,0.2940185
3998315566,0.29106805,0.40333337,0.3055986
3998756786,0.19494465,0.16313455,0.6419208
3998793248,0.5595513,0.21712282,0.22332592
3998798695,0.28497675,0.56387204,0.15115121
3998998104,0.25057802,0.19724464,0.55217737
3999343615,0.31096405,0.31718177,0.37185425
3999429660,0.24215601,0.5371627,0.2206813
3999649677,0.7132068,0.12602605,0.16076718
4000085659,0.5112698,0.3285327,0.16019747
4000456708,0.31667334,0.39711732,0.2862093
4000873603,0.2790316,0.44423547,0.27673292
4000894741,0.25143254,0.4386341,0.30993333
4001737262,0.085098326,0.8113432,0.103558466
4001976690,0.6024027,0.11876067,0.27883664
4002679868,0.38651335,0.30108675,0.3123999
4003187453,0.31102246,0.33417225,0.35480532
4003192630,0.32461512,0.25579965,0.41958523
4003464890,0.38071465,0.25420326,0.36508206
4003852226,0.52916384,0.23393977,0.2368964
4004049078,0.34559745,0.43015945,0.22424318
4004533732,0.29381692,0.40334672,0.30283642
4005045149,0.28356552,0.2001628,0.51627165
4005355288,0.83924484,0.055982485,0.10477267
4005699514,0.47977605,0.17895128,0.34127265
4006668635,0.19178964,0.4719765,0.3362338
4007787260,0.5747981,0.19382626,0.2313756
4008003607,0.793724,0.06305905,0.14321695
4008212089,0.4938053,0.33648586,0.16970888
4008723344,0.27809986,0.54016596,0.18173417
4008727757,0.6202672,0.16090012,0.21883264
4008825945,0.5554279,0.21653214,0.22804
4009315793,0.17371565,0.19044843,0.6358359
4009699348,0.24724966,0.39467534,0.35807496
4009727518,0.37884974,0.30778745,0.3133628
4010298246,0.3139944,0.3803209,0.3056847
4010631296,0.5199475,0.21305665,0.26699582
4011531113,0.4503485,0.23665206,0.31299943
4012279407,0.23481384,0.5234856,0.24170056
4012758407,0.17305222,0.3131674,0.51378036
4013251001,0.24918936,0.48217434,0.2686363
4013563204,0.47502214,0.19266261,0.33231518
4014219776,0.2859909,0.39169523,0.3223139
4014312207,0.54591644,0.23802476,0.21605884
4014677265,0.4890033,0.27498296,0.2360137
4014722691,0.1768406,0.21787937,0.60528
4014785240,0.48479244,0.22515538,0.29005215
4015660924,0.1880525,0.54871744,0.26323006
4015710648,0.46430543,0.1952939,0.34040064
4015824844,0.07692811,0.81826544,0.104806416
4015830479,0.35092506,0.4081336,0.24094136
4015878960,0.1546692,0.49006423,0.35526657
4016133108,0.5074408,0.23865648,0.25390276
4016236749,0.6209345,0.16430311,0.21476237
4016448592,0.3631248,0.342212,0.2946632
4017281056,0.24557841,0.22848827,0.5259333
4019437410,0.23539448,0.2505396,0.5140659
4019522693,0.27951768,0.34193727,0.37854505
4020067556,0.26722834,0.4567226,0.2760491
4020518018,0.33614683,0.17734383,0.48650932
4020564669,0.37932768,0.26809052,0.35258177
4021321623,0.3651554,0.23014045,0.40470415
4021614693,0.32602715,0.3165069,0.35746592
4022548344,0.13307698,0.62287694,0.24404608
4023755124,0.5985751,0.1489957,0.2524292
4024056014,0.42609143,0.28491575,0.2889928
4024195991,0.4663104,0.26085734,0.27283224
4024881409,0.5754031,0.14637968,0.2782173
4024917088,0.4572222,0.11916926,0.42360854
4025139490,0.23801778,0.5318947,0.23008752
4025338122,0.57431746,0.13445488,0.29122764
4026281212,0.2780398,0.32962295,0.39233732
4026542400,0.16973628,0.39701062,0.43325317
4026585193,0.2805147,0.37574467,0.34374064
4026779554,0.61720186,0.18905918,0.19373894
4026808802,0.22324955,0.502446,0.27430448
4027134404,0.2322686,0.31083158,0.45689985
4028376357,0.27408966,0.23641117,0.48949918
4028481835,0.37849143,0.32523948,0.2962691
4028539127,0.26415864,0.20599425,0.5298471
4029062077,0.47603086,0.26694158,0.25702766
4029064209,0.37741852,0.25424334,0.3683381
4029743570,0.2747144,0.39555293,0.32973272
4030417457,0.2581312,0.4528376,0.2890312
4030688076,0.35652554,0.36494616,0.27852833
4030864886,0.23474798,0.17462383,0.59062815
4031110408,0.20874645,0.6096052,0.18164833
4032119842,0.47770703,0.22967367,0.29261938
4032671083,0.6360664,0.17116776,0.19276582
4033013357,0.4102197,0.20805396,0.38172638
4033037614,0.33154166,0.43648356,0.23197481
4035783812,0.5638281,0.25138927,0.18478258
4035954597,0.37818617,0.21635267,0.40546116
4037310255,0.5002851,0.27581334,0.22390154
4037472079,0.631309,0.09127844,0.27741256
4037796431,0.34079486,0.35695913,0.302246
4039389316,0.38630113,0.2919633,0.32173562
4039889294,0.3351993,0.3084151,0.3563856
4040142607,0.18129404,0.64998686,0.16871914
4040237800,0.2121981,0.573702,0.21409993
4040576313,0.4343629,0.2786004,0.2870367
4040895591,0.29434136,0.39662644,0.30903223
4041396983,0.40451762,0.29722422,0.29825816
4041802842,0.3032003,0.3979834,0.2988163
4042573683,0.4280261,0.24228014,0.32969376
4042591504,0.3678305,0.26628497,0.3658846
4042871858,0.59398687,0.19774933,0.20826377
4043963436,0.43836346,0.2744065,0.28723
4044415496,0.3326929,0.3300109,0.33729625
4044771762,0.100875884,0.69742453,0.20169958
4045200368,0.2280327,0.31430465,0.45766267
4045548167,0.27134472,0.4970313,0.23162404
4046891963,0.07951565,0.77755,0.14293438
4047574803,0.30444533,0.3993674,0.29618725
4047726749,0.36726877,0.35072058,0.2820107
4047792589,0.1856792,0.5917452,0.22257566
4047907447,0.40157917,0.30027404,0.29814684
4047933439,0.38622758,0.21516661,0.39860588
4048607986,0.28633153,0.46753013,0.24613836
4048739775,0.38642636,0.17717843,0.43639517
4048768709,0.3012698,0.24487448,0.45385566
4049161728,0.41261378,0.33053663,0.25684953
4049731998,0.38870826,0.27460444,0.33668733
4050137843,0.4841746,0.07691391,0.43891153
4051474676,0.20189385,0.6081058,0.19000031
4051511627,0.37341684,0.31041858,0.31616452
4051687690,0.20247917,0.4615264,0.33599448
4051756036,0.7510447,0.08263071,0.16632465
4051770283,0.4019804,0.27863276,0.31938687
4052401770,0.40393457,0.23566103,0.36040437
4052483883,0.41599128,0.24967515,0.33433354
4052506220,0.4093506,0.1580493,0.43260005
4053234109,0.29983008,0.49677953,0.20339039
4053465269,0.23508781,0.5134648,0.25144735
4053754921,0.3570251,0.32045227,0.3225226
4055792717,0.37126052,0.29871923,0.33002028
4055993547,0.17231214,0.5908702,0.23681769
4056209120,0.8710535,0.043605007,0.08534143
4056818558,0.31032413,0.30840424,0.38127166
4056822588,0.30042505,0.36680374,0.3327712
4056837920,0.1365436,0.69779485,0.16566151
4057409656,0.26586223,0.49599108,0.2381467
4057675455,0.24181771,0.52062094,0.23756137
4057834944,0.3214489,0.19395526,0.48459578
4058056382,0.75945693,0.08093502,0.15960799
4058634282,0.27210975,0.20783013,0.5200601
4059085234,0.23495531,0.5381214,0.22692329
4059291501,0.48380345,0.32238215,0.19381437
4059672628,0.43366098,0.2897386,0.27660042
4060365805,0.19089691,0.6535366,0.1555665
4060869737,0.33317438,0.33749062,0.329335
4061186081,0.26152167,0.39745954,0.34101877
4061197664,0.45803615,0.22382091,0.31814286
4061569249,0.16979317,0.4497785,0.38042834
4061971615,0.33991158,0.22250971,0.4375787
4062605905,0.59176815,0.14895694,0.2592749
4063049298,0.1542326,0.16452,0.6812474
4063596813,0.3139664,0.17006588,0.5159678
4064229124,0.4671357,0.22465475,0.30820963
4064290570,0.32315156,0.14556761,0.5312809
4065118456,0.27345023,0.46045426,0.26609555
4065825171,0.3596926,0.32063958,0.3196678
4066251065,0.26468715,0.29601884,0.439294
4066917963,0.19834575,0.60008043,0.20157383
4066925330,0.2193863,0.578765,0.20184873
4066946516,0.20614311,0.49793085,0.29592603
4067822142,0.37837186,0.36933878,0.25228938
4067951191,0.53752655,0.16664338,0.29583004
4068011808,0.3809166,0.32166407,0.2974193
4068237004,0.4461232,0.26155427,0.29232258
4068538780,0.15744357,0.72776043,0.11479597
4069154160,0.24158685,0.48823887,0.2701742
4069451437,0.17110245,0.58381,0.24508753
4069772273,0.43932253,0.37075672,0.1899208
4069775959,0.4598755,0.22319338,0.31693116
4070087005,0.62258464,0.13396189,0.24345346
4070292061,0.2510487,0.48714462,0.26180664
4070397160,0.42457017,0.28343365,0.29199615
4071205860,0.2222479,0.5714765,0.20627554
4071485143,0.24648544,0.20324242,0.55027217
4071848956,0.51907736,0.18962051,0.29130208
4071858930,0.51089865,0.17249125,0.3166101
4072067885,0.2263026,0.33743384,0.43626353
4072429268,0.1789754,0.61302173,0.20800284
4072472007,0.046962924,0.06469422,0.8883429
4073067681,0.43818864,0.22606416,0.33574715
4073106694,0.23807801,0.49801806,0.26390398
4073120635,0.33755848,0.31931663,0.3431249
4073271189,0.5012311,0.1946587,0.30411023
4074558345,0.19536258,0.6000979,0.20453952
4074564166,0.46006197,0.22542772,0.31451035
4074601120,0.2569297,0.536392,0.20667835
4075075044,0.38467515,0.40606883,0.20925604
4075466007,0.33373368,0.4761918,0.19007458
4075780465,0.69775623,0.13090052,0.17134328
4076601828,0.24234103,0.4843066,0.27335235
4076800112,0.33047053,0.40186793,0.2676615
4077124495,0.21118498,0.37192845,0.41688657
4077131721,0.23634014,0.42128748,0.3423724
4077499245,0.39957568,0.18904291,0.41138148
4077499967,0.12228072,0.66560113,0.21211818
4077730080,0.46636733,0.34274933,0.19088328
4079331824,0.5862388,0.11531969,0.2984416
4079697941,0.24461073,0.2692999,0.4860894
4081002165,0.22295564,0.4565306,0.32051378
4081376472,0.4046393,0.30043712,0.29492363
4081740913,0.068720676,0.7195623,0.2117171
4081980820,0.4469076,0.31673837,0.23635395
4082093551,0.49727002,0.26422268,0.2385073
4082822557,0.1875279,0.6484663,0.16400583
4083088339,0.2456272,0.50801605,0.24635677
4083166084,0.54446006,0.09719765,0.35834232
4083355146,0.53761417,0.22807768,0.23430812
4083568916,0.22947723,0.41431665,0.35620606
4084385399,0.5240635,0.13426824,0.34166825
4085773173,0.39843658,0.2520051,0.34955826
4085952889,0.29567832,0.3948465,0.30947518
4086108665,0.30107373,0.38877153,0.3101547
4086234554,0.32736418,0.32592386,0.34671193
4086236987,0.31370458,0.23300585,0.4532896
4086401818,0.3179257,0.36596242,0.31611186
4088157285,0.36253357,0.3207888,0.31667763
4088288439,0.7658209,0.097305536,0.13687351
4088719450,0.0889297,0.7861143,0.124956064
4090440655,0.37979108,0.41517195,0.205037
4090534886,0.80960053,0.021054544,0.16934493
4091115902,0.35947445,0.39026847,0.25025707
4091694775,0.56851643,0.1738726,0.2576109
4091880241,0.26702037,0.1400216,0.59295803
4092550162,0.28177777,0.45013973,0.26808256
4092785683,0.58786345,0.19811736,0.21401916
4093550403,0.5211079,0.21687499,0.2620171
4093666973,0.5109137,0.27529895,0.21378726
4093721585,0.1783457,0.5527506,0.2689037
4093937346,0.34750283,0.34599984,0.30649734
4094198877,0.41194722,0.28685644,0.3011963
4094498349,0.2128717,0.2270573,0.560071
4094540335,0.16720141,0.66707796,0.16572066
4094696013,0.46875694,0.18206573,0.3491774
4095242985,0.346671,0.27949637,0.37383264
4095827278,0.29952323,0.44725668,0.25322008
4095888653,0.14960212,0.61067176,0.23972611
4096360913,0.33996606,0.25341797,0.4066159
4096539808,0.16811132,0.67698133,0.15490742
4096560698,0.6506802,0.104301214,0.24501862
4096600816,0.26121095,0.3275803,0.41120872
4097595534,0.32165378,0.41239852,0.2659477
4097780779,0.23551217,0.50845426,0.25603357
4098428963,0.29152313,0.4367724,0.27170447
4099636883,0.44468325,0.24674289,0.3085739
4100476656,0.46948048,0.1569403,0.37357917
4101012217,0.7202942,0.08909833,0.19060749
4101374004,0.053085413,0.2221196,0.72479504
4102024572,0.29423058,0.26911324,0.43665624
4102433799,0.36417827,0.29829,0.33753175
4102737657,0.25416818,0.3425226,0.4033092
4102846412,0.53886485,0.2296765,0.23145872
4102918499,0.28113988,0.38364857,0.33521155
4103698096,0.2676914,0.3944616,0.33784696
4104600530,0.49358532,0.20258118,0.3038335
4104822338,0.2980071,0.3555002,0.34649268
4105253362,0.38061637,0.30412272,0.3152609
4105271336,0.24351421,0.4080075,0.3484783
4105482687,0.35671163,0.33404627,0.3092421
4107388705,0.4877996,0.20230156,0.30989885
4108015523,0.22793166,0.61088866,0.16117966
4108073171,0.45007607,0.23294808,0.3169758
4108135172,0.28806442,0.29221925,0.41971636
4108143800,0.09013709,0.8195068,0.09035608
4108489858,0.46292272,0.2658298,0.27124745
4108925044,0.55582094,0.18383166,0.26034737
4109051050,0.5134792,0.20949675,0.2770241
4109222940,0.39032152,0.28474963,0.32492888
4109942794,0.54802763,0.21906811,0.2329043
4110243756,0.27033886,0.46415862,0.26550254
4111595641,0.1140405,0.7565329,0.12942655
4111622453,0.5165893,0.23771465,0.24569601
4111797815,0.32849184,0.1294803,0.54202783
4112349114,0.7326104,0.08047464,0.1869149
4113656197,0.32218826,0.54155356,0.13625816
4114090318,0.14752766,0.71176517,0.14070722
4114230697,0.257215,0.26942453,0.47336045
4114348953,0.23435165,0.5452116,0.22043675
4114932932,0.5869024,0.20234351,0.21075413
4115105884,0.22250931,0.39979786,0.37769285
4115176872,0.12696771,0.35960066,0.5134316
4119202219,0.37448183,0.38676643,0.23875174
4119571986,0.6811403,0.15363872,0.16522098
4119871729,0.28536594,0.44601542,0.2686186
4120217174,0.34050012,0.3840237,0.27547622
4120549802,0.12721932,0.37020546,0.50257516
4120965643,0.2139994,0.21685906,0.56914157
4120973398,0.5291148,0.15495306,0.31593215
4121028686,0.3574856,0.1844381,0.45807627
4121269481,0.71777517,0.08564907,0.1965758
4121735287,0.100343265,0.74945253,0.15020418
4121838459,0.2926961,0.5551305,0.1521734
4121982145,0.5690939,0.16929518,0.26161095
4122205000,0.33866477,0.41937324,0.24196197
4123099272,0.34763125,0.3390199,0.3133489
4123732069,0.49808642,0.1872168,0.31469673
4123964154,0.25586814,0.51668435,0.22744754
4124033072,0.32458225,0.35522696,0.32019076
4124286259,0.2661347,0.41170973,0.32215554
4124430166,0.3198834,0.33338818,0.34672838
4125029023,0.31704116,0.38178253,0.30117634
4125061563,0.40586102,0.31356424,0.28057474
4125075530,0.64061296,0.14595081,0.21343628
4125104329,0.3546228,0.28540096,0.35997623
4125484124,0.445051,0.27481937,0.28012958
4126109433,0.47597942,0.16299349,0.361027
4126281991,0.16730852,0.52220756,0.3104839
4126761898,0.50882506,0.24936144,0.2418135
4126794935,0.3914043,0.26684794,0.34174773
4127100823,0.28312603,0.2968716,0.4200024
4127402581,0.36791086,0.17522012,0.45686904
4127597432,0.25312814,0.5177857,0.22908616
4127989386,0.760115,0.056367498,0.1835175
4128018884,0.40156463,0.25445268,0.3439827
4128289626,0.48677674,0.33816335,0.17505984
4128746334,0.22850959,0.546898,0.22459237
4130069713,0.22253276,0.28578797,0.49167928
4130402713,0.26983836,0.54489183,0.18526983
4130489037,0.32229736,0.23261419,0.44508842
4130590499,0.32857448,0.3988937,0.27253184
4130752406,0.29954925,0.42307973,0.27737108
4130974375,0.14572367,0.6901588,0.16411753
4131378465,0.21671306,0.5115173,0.27176964
4131770726,0.36998743,0.30296743,0.3270451
4132252590,0.19923528,0.59577805,0.20498668
4132714299,0.3756896,0.35159898,0.27271137
4132906941,0.2601737,0.40600064,0.33382568
4132922382,0.20360258,0.56705606,0.22934136
4133103340,0.58897066,0.25559437,0.15543504
4133162476,0.51406157,0.14732802,0.33861044
4133332508,0.18095781,0.5603262,0.25871602
4133685563,0.4971281,0.27207598,0.23079595
4134007184,0.14754552,0.60648996,0.24596454
4134219738,0.25408605,0.48135886,0.2645551
4134805500,0.6942008,0.09350881,0.21229039
4135784562,0.2007924,0.5722284,0.22697918
4136042924,0.46165773,0.2652788,0.2730635
4136203848,0.25547227,0.17690769,0.56762004
4136666407,0.3771106,0.29427117,0.32861826
4136709444,0.08031666,0.791259,0.12842438
4136853169,0.30100733,0.4456936,0.25329906
4136972964,0.5271953,0.3091144,0.1636903
4137481105,0.2572592,0.41241837,0.33032236
4137592403,0.16379242,0.4147284,0.42147914
4137996970,0.26583794,0.41716802,0.31699407
4139851842,0.46837753,0.3067096,0.22491288
4139914835,0.20767136,0.43004963,0.362279
4140781624,0.3784386,0.20317258,0.41838887
4141231081,0.64702564,0.15916431,0.19381003
4141240228,0.1648803,0.5691181,0.26600158
4141416656,0.28521192,0.35220715,0.36258096
4142243865,0.19223106,0.59068775,0.21708117
4142522243,0.24768503,0.53519017,0.21712478
4143415875,0.6973343,0.100944065,0.20172168
4143970976,0.5633919,0.12114412,0.31546393
4144115042,0.24438791,0.4108913,0.3447208
4144436775,0.35210738,0.32418182,0.32371083
4144749065,0.5606315,0.11628334,0.32308513
4144838203,0.600151,0.212333,0.18751602
4144909849,0.2587251,0.46079838,0.28047642
4145173669,0.26836574,0.4874392,0.24419503
4145287130,0.44085485,0.223863,0.33528212
4145443448,0.1779004,0.54721385,0.27488577
4145449233,0.8779536,0.04469325,0.077353075
4145549851,0.01945045,0.86669344,0.113856055
4145815259,0.34366596,0.34751052,0.30882356
4146759700,0.35133046,0.36544806,0.28322148
4147391374,0.7057225,0.13273717,0.16154036
4148107077,0.45551533,0.25252447,0.2919602
4149209343,0.39806858,0.33546314,0.26646835
4149374031,0.41664997,0.2731585,0.31019154
4150646111,0.15064055,0.67869717,0.17066228
4153460417,0.6663446,0.11840221,0.2152532
4153518401,0.30083185,0.24585217,0.45331594
4154627784,0.3205089,0.421689,0.2578021
4155821431,0.6279454,0.17299636,0.19905819
4156241840,0.0387785,0.8036445,0.15757705
4157121856,0.30380085,0.40986493,0.28633422
4157328519,0.19648327,0.5933466,0.21017013
4158384386,0.26080623,0.2871455,0.4520482
4158451273,0.13264942,0.59513754,0.27221304
4158743498,0.086682744,0.679239,0.23407832
4159132124,0.46260443,0.2581239,0.2792716
4159245152,0.57087094,0.17584395,0.25328514
4159309891,0.1838752,0.44885403,0.3672707
4159507048,0.21178314,0.52391714,0.26429966
4159678504,0.516338,0.118956104,0.36470586
4159948020,0.28479823,0.48053196,0.23466979
4160041844,0.42409146,0.2884627,0.28744584
4160080732,0.38872266,0.33815297,0.27312437
4161848152,0.5319356,0.24467781,0.22338662
4161900564,0.68265426,0.15491217,0.16243361
4163224880,0.40428787,0.22727528,0.3684368
4165049322,0.15278848,0.6140442,0.23316735
4165271952,0.25879365,0.49721932,0.24398704
4165744583,0.4975956,0.25599697,0.24640748
4165888321,0.1674774,0.6115919,0.2209307
4166070957,0.21228938,0.4179097,0.36980096
4167041644,0.40726614,0.1956384,0.39709547
4167510653,0.33594432,0.3571281,0.30692756
4167987440,0.3653811,0.22945549,0.40516338
4168035588,0.08338359,0.2386327,0.6779837
4168221952,0.21431944,0.13543235,0.6502482
4168612425,0.25289726,0.4941101,0.2529926
4169040683,0.27571848,0.136885,0.5873965
4169063775,0.61740625,0.12488387,0.2577099
4169152145,0.5328066,0.19139339,0.27580002
4169233066,0.29616502,0.4055121,0.2983229
4169672936,0.3469862,0.28512004,0.36789376
4169808721,0.24137716,0.3474152,0.41120765
4170309703,0.5648107,0.11423379,0.32095554
4171574309,0.553671,0.1800686,0.2662604
4172199233,0.5172807,0.20414409,0.27857518
4172633408,0.32982305,0.45589715,0.21427982
4173848971,0.61331916,0.18087117,0.20580967
4174491416,0.16582355,0.65699315,0.17718327
4174492587,0.2944001,0.39670312,0.30889675
4174542085,0.5446257,0.1518297,0.30354464
4175808371,0.82774305,0.056110706,0.116146155
4176523478,0.42715704,0.27143273,0.30141023
4176579531,0.4388306,0.21473838,0.34643105
4176634784,0.3831368,0.41949683,0.19736637
4176660341,0.33835623,0.40303525,0.25860852
4178875598,0.2710965,0.4502988,0.27860472
4178943362,0.3803803,0.33232173,0.28729796
4179296178,0.092192955,0.7278098,0.17999727
4179381779,0.1609824,0.6800028,0.15901476
4180035916,0.38135904,0.40792406,0.21071692
4180555882,0.19256015,0.52267045,0.28476942
4180691754,0.2694471,0.33173627,0.39881665
4181145755,0.30708647,0.28270885,0.41020468
4181333398,0.67085177,0.11563158,0.2135167
4181782696,0.33318514,0.3806059,0.28620893
4181836058,0.5005205,0.25638312,0.24309635
4182616832,0.24213928,0.5014527,0.256408
4182804422,0.20213489,0.50658417,0.29128098
4183250484,0.32045874,0.30076432,0.37877694
4183528909,0.30271828,0.34500605,0.3522756
4183802871,0.2360349,0.47455665,0.28940845
4185040809,0.3467381,0.22339737,0.42986456
4185590859,0.41903508,0.30135125,0.27961373
4185651940,0.42460954,0.08909582,0.4862946
4185904846,0.2185099,0.4616328,0.31985733
4186030397,0.3569163,0.21062341,0.43246025
4187058305,0.3313246,0.33310094,0.33557445
4187953419,0.28321713,0.42438328,0.29239962
4188329461,0.31132558,0.48771244,0.20096202
4188445429,0.35391444,0.119676836,0.52640873
4188701931,0.36965698,0.3449612,0.28538185
4188718061,0.2213721,0.5909706,0.18765734
4188719719,0.43447298,0.27767968,0.28784728
4189673017,0.24336338,0.50219834,0.25443822
4189903114,0.30392677,0.36838552,0.32768768
4190123713,0.5043594,0.16492593,0.33071455
4190625764,0.71780676,0.10468581,0.17750737
4190694161,0.5210345,0.19301602,0.2859495
4191278050,0.27925244,0.30819318,0.41255438
4191560269,0.15474224,0.6380073,0.20725049
4191582295,0.4602007,0.24698061,0.29281873
4191601943,0.6369792,0.07341881,0.28960195
4192070310,0.4813002,0.33893374,0.17976607
4192504949,0.23674981,0.32399267,0.43925747
4192767001,0.41015893,0.32562968,0.26421145
4193064537,0.120923564,0.6823928,0.19668362
4193318395,0.5250437,0.19740205,0.2775542
4194365901,0.45441785,0.30854577,0.23703632
4194842638,0.3652441,0.29278955,0.34196636
4194936305,0.018210426,0.8985135,0.083276056
4195185784,0.1466701,0.3795214,0.4738085
4195418175,0.15954691,0.6336592,0.20679389
4195574869,0.46321484,0.28651616,0.2502689
4196281932,0.10334533,0.7006926,0.1959621
4196962833,0.636589,0.18417166,0.1792393
4197054597,0.14897276,0.61322457,0.23780261
4197297122,0.62769073,0.1794728,0.19283645
4198361575,0.3858301,0.30152386,0.31264603
4198495861,0.40377778,0.2878994,0.30832288
4198991505,0.68877745,0.14615963,0.16506292
4199527387,0.16313864,0.6140342,0.22282715
4200041412,0.15619236,0.21242723,0.63138044
4200232113,0.46754333,0.29764518,0.23481148
4200624010,0.3909774,0.42849818,0.18052442
4200906337,0.026593864,0.77451056,0.19889554
4201190277,0.43584746,0.21914361,0.34500897
4201405075,0.24747573,0.38458353,0.36794075
4202216689,0.12351947,0.41202825,0.46445227
4202313126,0.17297262,0.67685217,0.1501752
4202449564,0.5031572,0.25815699,0.23868585
4202628431,0.3079542,0.2282899,0.46375585
4202758869,0.15446936,0.47072682,0.37480375
4202792520,0.29321617,0.35758084,0.34920296
4202867269,0.09731819,0.21782988,0.68485194
4203001345,0.39480716,0.27285728,0.3323356
4203049462,0.18880062,0.60930014,0.20189925
4203226639,0.2324481,0.54799855,0.2195534
4203271127,0.5324292,0.17449476,0.293076
4203336799,0.37579313,0.3235515,0.30065536
4203897703,0.15158425,0.6635041,0.18491168
4203921554,0.27623197,0.27589896,0.4478691
4203929745,0.3360558,0.371449,0.2924952
4204314195,0.22316389,0.43172756,0.3451086
4204597476,0.3372544,0.3403551,0.32239053
4205227067,0.37150744,0.3122842,0.3162084
4205236413,0.43955144,0.3777234,0.18272515
4205448449,0.72802603,0.080438256,0.19153567
4205539430,0.24883407,0.27484408,0.4763219
4206620868,0.41391596,0.33505327,0.2510307
4206928033,0.7092404,0.11782809,0.1729315
4207350137,0.31464386,0.4513392,0.23401701
4207399881,0.42550775,0.2890616,0.28543067
4207458018,0.33004934,0.33022726,0.3397234
4208094018,0.38448027,0.40181005,0.21370962
4208245481,0.27912256,0.42863876,0.29223868
4208315932,0.50393766,0.2779802,0.2180821
4208697224,0.2530874,0.44403285,0.30287972
4209248786,0.5140915,0.21253131,0.27337724
4209382341,0.7532136,0.070391156,0.17639525
4209560151,0.15937407,0.64972526,0.19090073
4209717362,0.40249297,0.3005679,0.2969391
4209884162,0.31385487,0.3858845,0.30026063
4210113770,0.04190505,0.054690007,0.90340495
4210219819,0.3155431,0.38497436,0.29948258
4210274742,0.18493062,0.604631,0.21043839
4210933969,0.5388855,0.14627065,0.31484383
4211385637,0.25867757,0.48812264,0.2531998
4211405339,0.053953912,0.8708358,0.07521026
4211877091,0.25834835,0.5485751,0.19307658
4212250620,0.4488622,0.12905852,0.42207924
4212432760,0.4953298,0.18189715,0.32277304
4212517026,0.51122797,0.27805495,0.21071707
4213461981,0.29030946,0.43641612,0.27327445
4213576227,0.32811293,0.21093385,0.46095327
4213950427,0.5097454,0.2291634,0.26109123
4214279148,0.9225382,0.0062660333,0.07119572
4214325799,0.30304834,0.24870446,0.44824713
4214785258,0.31765947,0.3958987,0.28644186
4214893518,0.24862403,0.41681138,0.33456463
4215257267,0.07805987,0.8071969,0.11474323
4216024617,0.76490533,0.09445095,0.14064373
4216204587,0.5420547,0.14727321,0.310672
4216751888,0.26644918,0.21733354,0.51621723
4217158358,0.18733622,0.5286432,0.28402057
4217667437,0.18991391,0.58539945,0.22468664
4217724456,0.20777887,0.35896656,0.43325457
4217960996,0.62671274,0.17915185,0.19413538
4218567078,0.34171805,0.3314292,0.32685277
4219164523,0.23954237,0.46961495,0.29084262
4219212483,0.2357622,0.3343282,0.42990953
4219667568,0.1330813,0.59647125,0.27044743
4219980097,0.53019756,0.23105448,0.23874788
4220056378,0.38703805,0.3479489,0.26501304
4220233372,0.42349392,0.28347138,0.29303473
4220521423,0.2202304,0.5746231,0.20514646
4220767928,0.49267396,0.24774839,0.2595776
4220898398,0.62684774,0.122240536,0.25091168
4221564991,0.43243957,0.35690272,0.21065779
4221594129,0.30897638,0.42718497,0.26383862
4221790380,0.45729637,0.33354294,0.2091607
4222267907,0.35403106,0.46075004,0.18521892
4222362831,0.6623842,0.13461556,0.20300017
4222536975,0.42491007,0.2763531,0.29873684
4222545106,0.43016657,0.16623583,0.40359762
4222806304,0.60762256,0.18137021,0.21100721
4223413602,0.39212853,0.2794875,0.328384
4223763439,0.14241467,0.21194187,0.6456434
4223786561,0.18316759,0.57736975,0.23946266
4224546335,0.26759982,0.32281202,0.4095882
4224707626,0.3505839,0.35951924,0.28989688
4224812135,0.26867265,0.43615842,0.2951689
4225011878,0.2786432,0.26372656,0.45763022
4225023243,0.22304073,0.28122005,0.49573925
4225093378,0.4844058,0.1790967,0.33649752
4225138094,0.54455876,0.25293046,0.20251074
4225163398,0.26871416,0.4567551,0.27453074
4225353156,0.30843264,0.2954446,0.3961227
4225571345,0.13572587,0.581788,0.28248614
4226163107,0.07452635,0.8492747,0.07619899
4226180259,0.2846207,0.46319026,0.25218904
4226335147,0.28612095,0.40318397,0.31069508
4227253840,0.2562868,0.2355671,0.50814605
4227312268,0.2898827,0.51707065,0.19304661
4227725606,0.3424997,0.45064533,0.20685498
4228007665,0.25242132,0.45291406,0.29466462
4228138689,0.19937508,0.41676584,0.3838591
4228256019,0.16728836,0.5667582,0.26595345
4228318696,0.3855679,0.30725622,0.3071759
4228353914,0.23117465,0.50674486,0.26208052
4228604298,0.31026855,0.39605328,0.29367822
4228695445,0.38793522,0.35423365,0.25783116
4228984049,0.22517149,0.5562225,0.21860605
4229029324,0.25585032,0.5513039,0.19284576
4229393037,0.33500025,0.49140316,0.17359652
4229911856,0.3690927,0.27551737,0.3553899
4230038459,0.32005158,0.19129837,0.48865002
4230051950,0.32775906,0.20180859,0.4704323
4230209886,0.3394979,0.35432813,0.30617398
4230441485,0.59010285,0.1876831,0.22221412
4230725414,0.22370633,0.46436152,0.31193215
4230739518,0.3195497,0.45737147,0.22307876
4230892453,0.45122802,0.19772826,0.35104376
4231384754,0.33430985,0.3332964,0.3323938
4231741198,0.13378112,0.7181401,0.14807877
4231776347,0.5310085,0.16637889,0.30261266
4231882408,0.3316565,0.3724673,0.2958762
4232369605,0.38585502,0.27740806,0.33673692
4232370083,0.4772197,0.24938856,0.2733917
4232938051,0.606514,0.16967389,0.22381212
4233715289,0.38660237,0.1520478,0.46134984
4234169862,0.30933967,0.37859938,0.31206095
4234476464,0.42855844,0.27856708,0.29287452
4234523403,0.35500085,0.3987467,0.24625249
4234712904,0.53463805,0.23337935,0.23198256
4234765453,0.18652526,0.23692134,0.57655334
4234795762,0.5680475,0.1920728,0.23987967
4234950574,0.42822853,0.23710282,0.3346686
4235255992,0.20855075,0.43293458,0.35851467
4235648171,0.3432122,0.3304395,0.32634836
4235860183,0.06354278,0.39898187,0.53747535
4238232738,0.3512802,0.38226765,0.26645213
4238625973,0.2601557,0.4466865,0.29315785
4238884365,0.13188031,0.6924175,0.17570221
4239786468,0.18945624,0.54403,0.2665137
4239797148,0.2262012,0.51272446,0.26107436
4240290277,0.38483676,0.4279055,0.18725774
4240586774,0.2782041,0.32828692,0.39350903
4240757348,0.29206875,0.36698315,0.34094805
4241624870,0.740132,0.09742488,0.1624431
4241628733,0.44321686,0.22924875,0.3275344
4241735652,0.35280946,0.37987816,0.2673124
4241740209,0.22756416,0.5657194,0.20671643
4242799175,0.38063377,0.3074165,0.31194973
4242852890,0.19151045,0.265699,0.5427906
4243481980,0.22767183,0.5796241,0.192704
4243571764,0.30515775,0.29276308,0.4020792
4243595775,0.30418554,0.3115861,0.38422835
4243823481,0.35748798,0.35779175,0.28472027
4243849908,0.13359013,0.72650653,0.13990335
4243946394,0.39107355,0.39736804,0.21155837
4244070647,0.38538194,0.32347876,0.29113933
4244250227,0.80880076,0.057699475,0.1334998
4244417844,0.3370299,0.3187017,0.3442684
4244431598,0.41251075,0.20559454,0.38189477
4244624277,0.14404348,0.7344886,0.12146795
4245042959,0.28635436,0.44507948,0.26856616
4245742064,0.51848483,0.22897398,0.25254115
4245852874,0.18175215,0.58514416,0.23310369
4246104267,0.5885,0.1715662,0.23993376
4246145958,0.3021434,0.46978396,0.22807269
4246910794,0.32855636,0.21385463,0.45758906
4248248688,0.6177613,0.080544606,0.30169407
4248918673,0.2975798,0.35694578,0.34547445
4249061273,0.2900698,0.44836694,0.26156333
4249591092,0.22412539,0.2706017,0.5052729
4250152966,0.37661543,0.383917,0.23946753
4250303195,0.20888531,0.30327916,0.48783547
4250431344,0.3949787,0.2597964,0.34522486
4250515153,0.4404767,0.32837668,0.23114668
4251419663,0.57854426,0.1721466,0.24930911
4251655740,0.32319817,0.396921,0.27988088
4251997215,0.46508253,0.18944138,0.34547603
4252105159,0.35815537,0.2707156,0.37112904
4252148758,0.083548516,0.768459,0.14799248
4252236885,0.59604275,0.1993914,0.20456584
4252278635,0.22633004,0.5450797,0.22859026
4252611580,0.35123897,0.36279458,0.28596646
4252780540,0.3997168,0.2802506,0.32003257
4253133475,0.52904385,0.21328479,0.25767136
4253458875,0.16163726,0.15762469,0.68073803
4253743033,0.6052661,0.17041034,0.22432359
4253855217,0.40098295,0.33480704,0.26420993
4253954230,0.71693695,0.11705217,0.1660109
4254014246,0.28537256,0.4469185,0.26770902
4254030033,0.23335429,0.5422715,0.22437422
4254291157,0.51695627,0.220924,0.26211974
4254627312,0.3893263,0.3189778,0.29169586
4254718393,0.3383399,0.3380742,0.32358587
4255396969,0.09554428,0.7164964,0.18795928
4255946083,0.10833469,0.22849606,0.6631692
4256267847,0.28669295,0.34542286,0.3678842
4257682815,0.6554499,0.1464546,0.19809544
4257769834,0.32993162,0.3438434,0.32622498
4258399976,0.42342067,0.18425883,0.3923205
4258496722,0.24456243,0.3238852,0.43155235
4259226169,0.29979974,0.45784315,0.24235715
4259402419,0.09867005,0.6612922,0.24003771
4260108353,0.5784797,0.18525797,0.23626229
4260299428,0.10496413,0.698787,0.19624889
4260686685,0.700843,0.101293385,0.19786371
4260952099,0.35968444,0.3691673,0.2711482
4261028517,0.08055338,0.27200544,0.6474412
4261237457,0.37935305,0.41124067,0.20940632
4261273385,0.19904901,0.35020912,0.45074186
4261336515,0.5591335,0.1473398,0.29352668
4261497204,0.23045936,0.22155565,0.54798496
4262605526,0.43174177,0.2515577,0.31670055
4262902523,0.36430177,0.34760118,0.28809705
4264659096,0.33017182,0.40915313,0.26067507
4264681933,0.37905157,0.36254662,0.2584018
4267006161,0.1173537,0.60457176,0.27807456
4267061034,0.30944586,0.5473123,0.14324176
4267097719,0.25154668,0.41696128,0.33149207
4267196458,0.40069488,0.32441553,0.27488965
4267369230,0.27925503,0.17748138,0.5432636
4267658380,0.35530484,0.3154774,0.32921773
4267816052,0.3512213,0.3246365,0.32414225
4267825232,0.35727564,0.26096228,0.3817621
4267842464,0.40785047,0.28444627,0.30770317
4268463572,0.26696968,0.25820985,0.4748205
4268623850,0.41215184,0.33068413,0.257164
4269176867,0.32550883,0.37017146,0.30431974
4269432262,0.2252743,0.46549296,0.30923268
4269875860,0.36734027,0.19256808,0.44009164
4269942668,0.55055475,0.1278614,0.3215839
4270119062,0.28600714,0.33636677,0.37762606
4270319858,0.5430767,0.16130105,0.29562217
4270462930,0.19175369,0.5395853,0.26866105
4270976008,0.2265696,0.5074688,0.2659616
4270999872,0.17269628,0.43298322,0.3943205
4271142424,0.36578935,0.44322407,0.19098663
4272156486,0.6957046,0.09598091,0.20831448
4272676520,0.28324097,0.36121422,0.35554484
4273071664,0.09535097,0.44856808,0.45608097
4273873978,0.4487681,0.2806552,0.27057663
4274051522,0.5245724,0.19759406,0.27783364
4274103601,0.27482197,0.4967555,0.22842252
4275302318,0.36263555,0.24073492,0.3966296
4275450265,0.18375115,0.23086837,0.58538043
4276805534,0.6004627,0.14668585,0.2528515
4277008043,0.47802585,0.23112273,0.29085138
4277223851,0.27003312,0.3727269,0.35723996
4277271545,0.53090453,0.24306184,0.2260336
4277509038,0.25557268,0.32980943,0.41461784
4277837113,0.23679581,0.62315536,0.14004885
4278458723,0.19243969,0.26187325,0.545687
4278482422,0.4015388,0.3415232,0.25693798
4279223698,0.23780663,0.45282957,0.30936378
4279561409,0.3315368,0.33423567,0.33422753
4279681581,0.53530806,0.23262247,0.2320694
4281154579,0.17602721,0.66068864,0.16328411
4281253512,0.16191569,0.6242207,0.21386352
4281352225,0.10190555,0.69801563,0.20007877
4281865286,0.27225402,0.4676749,0.26007113
4282275530,0.38354978,0.3166759,0.29977432
4282382142,0.7182208,0.15312923,0.12864994
4282389129,0.3419359,0.39501536,0.26304874
4282391095,0.5907113,0.16518487,0.24410382
4283090386,0.36746973,0.26902434,0.36350593
4283551632,0.4342737,0.32756633,0.23815997
4283656635,0.31686404,0.34758598,0.33555
4284651189,0.31601626,0.33980298,0.34418073
4286063033,0.26186773,0.46065417,0.2774781
4286370847,0.49351946,0.34005824,0.16642223
4286870218,0.3048115,0.4353563,0.25983217
4287112149,0.44450894,0.3189923,0.23649883
4287142896,0.21634029,0.5129028,0.2707569
4287311513,0.6679191,0.14322814,0.18885279
4287338112,0.41006926,0.24313653,0.34679425
4287998773,0.33150515,0.43837225,0.23012261
4288100799,0.36445194,0.36427256,0.27127552
4288748445,0.64285624,0.16082302,0.19632068
4289338231,0.325207,0.4635511,0.21124187
4289597006,0.5868553,0.14867279,0.26447195
4289792977,0.39366764,0.2741905,0.3321419
4290288634,0.2969937,0.43633935,0.26666704
4291235817,0.5807572,0.2740691,0.1451737
4291300179,0.11852579,0.66428286,0.2171913
4291970601,0.5196993,0.22983669,0.25046405
4292359809,0.34982517,0.39576992,0.25440496
4292563026,0.3325803,0.38873827,0.2786814
4292709507,0.3475056,0.27463683,0.37785757
4293430216,0.47214508,0.27174377,0.25611112
4293765835,0.4242086,0.28088403,0.29490733
4293849459,0.20628703,0.5262261,0.26748687
4293990653,0.31180364,0.33867228,0.34952408
4294349169,0.708278,0.11414227,0.17757975
4294656694,0.25107828,0.3290123,0.4199094
4294899228,0.35732797,0.3350618,0.30761024
