id,winner_model_a,winner_model_b,winner_tie
313413,0.36897475,0.3609901,0.27003515
497862,0.36155528,0.31839225,0.3200525
587904,0.37291113,0.2903873,0.33670163
604575,0.35273665,0.3631006,0.2841627
862324,0.3793782,0.32302043,0.29760137
1120158,0.3713525,0.3401006,0.28854692
1491225,0.2850386,0.3128637,0.4020977
2802516,0.30692756,0.37432885,0.3187436
2912862,0.40984315,0.29641935,0.2937375
3254113,0.37867182,0.34330064,0.27802753
3259481,0.30793834,0.36318514,0.32887655
3445782,0.27797848,0.3773893,0.34463215
3499263,0.41549742,0.29898155,0.285521
3643104,0.29489812,0.40643787,0.29866403
4961077,0.27449375,0.27694672,0.44855952
5069186,0.42883015,0.28650185,0.28466797
5187535,0.32905763,0.3464078,0.3245346
5188727,0.33268827,0.37197196,0.29533973
6287371,0.24732816,0.4968987,0.25577316
6817408,0.48710495,0.22324648,0.2896486
7047857,0.51362157,0.21549109,0.27088735
7599930,0.3828722,0.2832775,0.33385032
8322953,0.29409564,0.42649865,0.27940574
8785767,0.33180434,0.33113733,0.33705837
9534298,0.4471051,0.2681261,0.28476882
9740296,0.51361376,0.2189759,0.2674104
10798145,0.3660748,0.31530595,0.31861925
10974521,0.26162973,0.45063567,0.28773466
11036870,0.2942814,0.3056565,0.4000621
11288315,0.24858011,0.4648453,0.2865746
11462903,0.508772,0.23148558,0.25974244
11477748,0.3750267,0.34382948,0.2811438
11570555,0.30894142,0.30928725,0.38177133
11607871,0.31776133,0.38529712,0.29694158
11953413,0.3564239,0.36178643,0.28178963
12749848,0.2160666,0.5192559,0.26467752
13347957,0.3826375,0.30610427,0.31125823
13678371,0.46366215,0.24215236,0.29418546
13709106,0.49374932,0.23049968,0.27575096
13735973,0.3409407,0.33611745,0.32294184
15372768,0.35303736,0.3442639,0.30269873
16134621,0.30160737,0.26735005,0.43104255
16593225,0.39952064,0.28575262,0.31472674
16956280,0.28940642,0.37530947,0.33528414
17452762,0.22776969,0.48291436,0.289316
17846323,0.44253835,0.24130496,0.31615672
18094964,0.24866247,0.47717142,0.2741661
18229379,0.3858365,0.25798583,0.35617763
18777426,0.28705895,0.33007497,0.38286608
18802659,0.2772056,0.4314552,0.29133922
19190525,0.37891966,0.32826304,0.2928173
20579712,0.36768222,0.26722622,0.36509156
20960602,0.2390286,0.46517414,0.29579726
21076858,0.36251214,0.33555314,0.30193472
21546978,0.48023754,0.23521459,0.2845478
21998657,0.32493472,0.37619454,0.2988708
22203562,0.370117,0.3056649,0.3242181
22875501,0.27696088,0.4185977,0.3044414
23454698,0.26496568,0.39657968,0.3384546
23476865,0.3432889,0.3677057,0.2890054
23886831,0.27311707,0.45575255,0.2711304
23949628,0.39175183,0.31049734,0.29775083
23974130,0.38889277,0.33941516,0.2716921
24079185,0.4347304,0.23703489,0.3282347
24244682,0.54304504,0.20325622,0.2536987
24355595,0.44231483,0.2759709,0.28171426
25269381,0.3114226,0.31017727,0.37840015
25927022,0.26419508,0.43424094,0.301564
26390985,0.2973847,0.36862528,0.33398998
26741574,0.3068438,0.3136779,0.37947828
26880709,0.35186493,0.31531835,0.33281672
26910129,0.2862097,0.38555437,0.32823598
26928706,0.28007102,0.43239075,0.28753817
27640786,0.3189968,0.396802,0.2842012
27672843,0.33822736,0.33077773,0.33099487
28502436,0.27104643,0.43844005,0.29051355
28694407,0.38983405,0.33207434,0.27809158
28810507,0.27954018,0.4334687,0.28699112
29409951,0.4225953,0.31816778,0.25923693
29500587,0.34300953,0.36923778,0.2877527
29890516,0.28976095,0.30501688,0.40522215
30299961,0.3122629,0.3381964,0.34954065
30632871,0.22926608,0.48552847,0.28520545
30633394,0.34125727,0.35368246,0.30506027
30651405,0.3455708,0.3548314,0.2995978
31919812,0.2820977,0.2728644,0.44503784
31981480,0.3476878,0.36425215,0.28806007
32074050,0.3392458,0.35872257,0.30203164
32354026,0.32966805,0.3735667,0.29676527
32405882,0.39421755,0.31120607,0.29457647
33861741,0.33218658,0.39748657,0.27032685
34135285,0.3541511,0.32730588,0.31854302
34137502,0.4744844,0.26372382,0.26179174
34712778,0.4056833,0.3219452,0.2723715
34780911,0.30952206,0.40969217,0.2807858
34888646,0.21251202,0.5156628,0.27182522
34934612,0.2525223,0.2525223,0.49495545
34946957,0.24512637,0.47767454,0.27719906
35303250,0.3555032,0.23160867,0.4128881
36062822,0.34379116,0.3607611,0.29544774
36222911,0.29710066,0.4186229,0.2842764
36530527,0.36911324,0.3338197,0.2970671
37203239,0.2591774,0.44057527,0.30024737
37206390,0.27875173,0.39693233,0.32431597
37270092,0.4533075,0.25339592,0.2932966
37409670,0.44401306,0.28045112,0.27553585
37611174,0.41642064,0.2903427,0.29323673
38760658,0.38382366,0.3349773,0.28119904
39691906,0.37270325,0.3420456,0.28525114
40014519,0.333265,0.35953906,0.3071959
40059390,0.2606545,0.30277282,0.43657267
40172326,0.44538194,0.27932295,0.2752951
40469994,0.43363094,0.2683081,0.29806095
40718039,0.38836148,0.3025552,0.3090833
42196315,0.2462453,0.46607304,0.2876817
42441079,0.3255993,0.3810383,0.2933624
44132997,0.27269167,0.3882139,0.3390944
44286334,0.32941347,0.33695364,0.3336329
44429455,0.41539684,0.284958,0.2996452
45083686,0.37002861,0.3382733,0.2916981
45679685,0.33836877,0.35175112,0.30988014
45871743,0.29774773,0.4028201,0.29943216
46809189,0.50050163,0.23896363,0.2605347
46876466,0.2917075,0.37393165,0.33436084
48142269,0.39192814,0.3129816,0.29509023
48165008,0.32313347,0.38611066,0.2907558
48179205,0.42183852,0.28194168,0.29621983
48264930,0.30620623,0.3952883,0.2985055
48300687,0.4440909,0.27693456,0.27897447
49148726,0.4546315,0.26736644,0.27800202
49213656,0.3234781,0.33048803,0.34603384
49360504,0.31647784,0.28876877,0.3947534
49465636,0.23082668,0.4499662,0.31920713
49947138,0.2113546,0.5217887,0.26685667
50589143,0.32398227,0.29194808,0.38406962
50608374,0.44068345,0.2793925,0.27992404
50914747,0.4053252,0.3194305,0.2752443
51122739,0.34406322,0.34870976,0.30722702
51460330,0.47478527,0.24629962,0.2789151
51490527,0.3322551,0.396086,0.2716589
51497349,0.29063863,0.2994063,0.4099551
51557426,0.28652284,0.3992262,0.31425095
51782523,0.32071182,0.37657052,0.30271772
51806745,0.46393108,0.2552188,0.28085014
51857553,0.32239762,0.38169804,0.29590434
51908978,0.36766917,0.3494293,0.28290153
52088968,0.35092714,0.33831438,0.31075847
52353020,0.38087216,0.32766706,0.2914608
52356911,0.26941314,0.43717116,0.29341567
52388359,0.36642295,0.31853282,0.31504422
52893105,0.28478014,0.43519616,0.28002366
53058989,0.3337757,0.3560758,0.31014854
53527420,0.26387507,0.43545377,0.30067116
54081918,0.36836755,0.3249346,0.30669785
54230341,0.24240467,0.47292346,0.28467184
55076734,0.46729743,0.22032404,0.3123785
55301863,0.41972178,0.24873257,0.33154568
55414738,0.35955185,0.33054084,0.3099073
55695969,0.23797154,0.48731697,0.27471155
55698583,0.35281223,0.33214658,0.31504115
55873199,0.33505127,0.3429307,0.32201803
55908596,0.21713781,0.50707555,0.27578664
56432908,0.26334053,0.2467914,0.48986802
56494128,0.4597786,0.2586699,0.28155148
56636147,0.3502427,0.32016313,0.32959414
56733980,0.26802632,0.45555058,0.27642313
56973692,0.27182668,0.264813,0.46336034
57056642,0.27587345,0.4421509,0.2819757
58129946,0.34622085,0.382299,0.2714801
58207052,0.2953781,0.39541012,0.3092118
58430697,0.4163975,0.3242951,0.25930738
58586803,0.44111574,0.2552575,0.30362675
59036967,0.36552513,0.28390828,0.35056657
59247765,0.37502176,0.32386816,0.30111006
59404456,0.32271945,0.39383483,0.28344572
59408135,0.39660263,0.29554904,0.3078483
59727862,0.3860659,0.278354,0.3355801
60121960,0.27816874,0.42394882,0.29788247
61343237,0.38898587,0.3110274,0.29998666
61501780,0.38006464,0.31793523,0.30200016
61558028,0.32239804,0.37601048,0.30159146
61609805,0.29876608,0.32312357,0.37811035
61619064,0.3595926,0.36643127,0.27397615
61864121,0.2653783,0.46383733,0.27078435
62069597,0.42757916,0.22326902,0.34915182
62220900,0.39996478,0.29562563,0.30440956
63662467,0.4045552,0.27614868,0.31929612
64211461,0.31005874,0.31772012,0.37222123
64715260,0.27342296,0.4390108,0.28756627
65111410,0.3759836,0.3359806,0.28803587
65766556,0.48162824,0.2526087,0.26576304
66848153,0.38952142,0.32296014,0.28751844
67327709,0.28173202,0.43178377,0.28648424
67606846,0.35882086,0.28826487,0.35291427
68211145,0.27594435,0.45090395,0.27315167
68593198,0.33244476,0.36175227,0.30580294
68833317,0.34390193,0.37402287,0.2820753
69094828,0.3130515,0.33273685,0.35421166
70903723,0.3420558,0.3548544,0.3030898
71770169,0.35880148,0.3473034,0.29389507
72135386,0.1911343,0.1911343,0.6177314
72237387,0.28320855,0.43060374,0.28618765
73160920,0.40965813,0.31528282,0.27505904
73288796,0.34438556,0.31959987,0.3360146
73905810,0.47024733,0.25425252,0.27550012
74274070,0.3682467,0.35208094,0.27967232
74458627,0.37384516,0.33488154,0.29127327
74771281,0.35419768,0.32668358,0.31911877
75162689,0.25339055,0.47365323,0.27295622
75221603,0.3892025,0.3114609,0.29933658
75510608,0.40824175,0.30187112,0.28988713
76546068,0.37084922,0.33246663,0.2966842
76929915,0.19226846,0.564942,0.24278957
77620894,0.45994696,0.21196315,0.3280899
77862025,0.26086953,0.4364109,0.3027196
78048540,0.2118879,0.54117817,0.24693398
78276181,0.4178376,0.27290505,0.3092574
79629494,0.29590204,0.43834192,0.26575607
79890507,0.47930443,0.24370173,0.27699384
80082858,0.20816661,0.5344338,0.25739962
80657707,0.3038136,0.39332265,0.30286375
81185517,0.39136913,0.3081143,0.30051658
81235835,0.35578227,0.33630225,0.3079155
81653300,0.17712438,0.5622364,0.2606392
81655735,0.3122458,0.37802494,0.3097293
81731578,0.29978013,0.4268666,0.27335325
82241435,0.33028474,0.3606007,0.30911458
83377839,0.26389807,0.45027,0.28583193
83451493,0.42040646,0.2963435,0.28325003
84377416,0.23431993,0.34096605,0.42471403
84389393,0.4023466,0.32330608,0.27434728
85273352,0.39759147,0.3121364,0.29027215
85516503,0.3680094,0.34768257,0.28430808
85565223,0.30540448,0.32141042,0.37318516
86063424,0.2868781,0.42737347,0.28574848
86870228,0.38256347,0.23725364,0.38018292
87253114,0.32252085,0.35497135,0.3225078
87284463,0.32459882,0.37702957,0.2983716
87490807,0.41216505,0.3041926,0.28364235
87763287,0.32400656,0.4048315,0.27116185
88139056,0.3274424,0.29882568,0.37373188
88633480,0.25397134,0.4511093,0.29491937
88870528,0.40959156,0.2809895,0.30941895
88975668,0.34966397,0.35912502,0.291211
90309616,0.38302648,0.32739085,0.28958273
90318969,0.28391483,0.4314379,0.2846473
90499918,0.527443,0.21621472,0.2563423
90530234,0.32194614,0.3498059,0.32824793
91010489,0.3910743,0.34583604,0.26308963
91036999,0.32510185,0.32717556,0.3477226
91072929,0.2447509,0.47872633,0.27652273
91200921,0.33083826,0.37409803,0.29506373
91890530,0.19816181,0.5433192,0.258519
91910103,0.34673876,0.36558712,0.28767413
92214682,0.26987457,0.4059689,0.32415652
92657890,0.28060004,0.3435006,0.3758993
94023215,0.3473846,0.2664294,0.386186
94095678,0.381472,0.31328332,0.30524462
94166335,0.31833482,0.35311413,0.32855108
94423307,0.32753205,0.38294756,0.28952035
94559008,0.2522506,0.48468363,0.2630657
95019533,0.2657672,0.43023425,0.3039986
95042730,0.31017357,0.39383838,0.29598808
95945153,0.35648057,0.36917636,0.27434307
96344904,0.33000022,0.35182175,0.318178
96410999,0.37227505,0.3309935,0.29673147
96574725,0.60139537,0.16211137,0.23649323
96638380,0.39120883,0.31706595,0.29172522
97360777,0.37863517,0.29292166,0.32844317
97445496,0.42920405,0.27665973,0.29413617
97715567,0.4426868,0.27058065,0.28673255
98286543,0.26729318,0.31799302,0.4147138
98864387,0.3114694,0.38776994,0.3007607
99141574,0.36196166,0.35096338,0.28707492
99602950,0.36832935,0.34730914,0.28436157
99615539,0.29156575,0.3560992,0.35233504
100272253,0.34547132,0.36435366,0.29017502
100925297,0.2020323,0.51557326,0.28239444
101156092,0.19671363,0.55321133,0.25007504
101285917,0.35570487,0.3010692,0.3432259
101511137,0.3627118,0.34759432,0.28969383
101774346,0.26149237,0.33967516,0.3988325
102279008,0.3533842,0.362623,0.28399283
103982723,0.3556982,0.350834,0.29346776
104426062,0.33821705,0.30146533,0.36031765
104444797,0.28646487,0.26477003,0.4487651
104646942,0.3732692,0.30829763,0.31843317
104773595,0.38654602,0.32851547,0.28493848
105365883,0.278668,0.44454533,0.27678666
106517636,0.272697,0.43140662,0.29589638
107484016,0.32325563,0.3592791,0.3174653
107929474,0.31211752,0.39803523,0.2898473
108183829,0.3414259,0.39486796,0.26370615
108619841,0.34975797,0.36722973,0.28301233
109865867,0.3013362,0.39241272,0.30625105
110174608,0.34009212,0.374083,0.28582484
110694476,0.23546955,0.49057925,0.27395123
111144115,0.3431245,0.35984963,0.2970259
111591547,0.26541483,0.43072703,0.30385816
111800951,0.38883567,0.34016684,0.27099746
111979495,0.31749946,0.36600608,0.31649446
113322996,0.40647525,0.3112201,0.2823047
113533799,0.34040886,0.3603443,0.29924685
114099029,0.3483423,0.37986755,0.27179015
114912688,0.27213967,0.44614822,0.2817121
114961673,0.36298537,0.34942293,0.2875917
116005242,0.3046773,0.25664094,0.43868175
116673066,0.5096367,0.23102719,0.2593361
117012844,0.19639549,0.5576542,0.24595034
117219507,0.49553928,0.21277791,0.2916828
117265612,0.39632228,0.31827277,0.28540492
117272656,0.33850694,0.3202426,0.34125045
117959541,0.42129332,0.26653293,0.31217375
118159656,0.31739122,0.36442506,0.31818378
118655033,0.4250969,0.29497153,0.27993155
119195200,0.41425157,0.2561254,0.32962307
119246254,0.333741,0.38054124,0.28571776
120279613,0.36847544,0.33012915,0.3013954
121182436,0.4769745,0.26605842,0.25696707
121733546,0.35692963,0.32936448,0.31370586
122013844,0.36306417,0.33958787,0.29734796
122134546,0.390199,0.33241296,0.27738804
122160973,0.33460554,0.3834186,0.28197587
122577886,0.44566023,0.27415332,0.28018647
122775923,0.3147145,0.37902385,0.3062616
124255384,0.52114034,0.2210106,0.2578491
124932959,0.38275284,0.3287485,0.28849867
125468438,0.38449633,0.30975825,0.30574542
125493611,0.3917427,0.30431035,0.3039469
125599328,0.20936748,0.47188616,0.3187464
126018958,0.34957644,0.3508953,0.29952827
126227049,0.42364377,0.3053517,0.27100453
126678421,0.4512412,0.25082067,0.2979381
126736413,0.46148655,0.2486448,0.28986865
126977696,0.32038537,0.349001,0.33061367
127640629,0.3151543,0.3797068,0.3051389
127870848,0.3989089,0.2674411,0.33365
127952450,0.37972856,0.33274555,0.2875259
128621477,0.36444008,0.31123215,0.32432777
129151326,0.36468458,0.31237283,0.32294255
129439345,0.3404605,0.38489708,0.2746424
130773051,0.2799966,0.42172718,0.2982762
130853270,0.25886336,0.4568292,0.28430745
131428961,0.40073675,0.28949082,0.30977243
131589513,0.2717784,0.4594481,0.2687735
131815904,0.4030184,0.31522444,0.28175718
131913663,0.3270221,0.37687474,0.29610312
131976127,0.34465206,0.3610829,0.29426497
132447208,0.18372235,0.5704125,0.24586512
132674740,0.42976314,0.30024058,0.2699963
133547624,0.4319564,0.2848301,0.2832135
133806778,0.41696227,0.31928104,0.26375672
134134770,0.31952775,0.4022333,0.27823895
135712120,0.23599501,0.38552403,0.37848094
135748570,0.2937883,0.26236212,0.44384956
135821542,0.44073838,0.27617523,0.28308642
135936109,0.44028056,0.27279788,0.28692153
136170568,0.25325274,0.46995586,0.27679133
136663969,0.31801474,0.31778434,0.3642009
136676644,0.3178339,0.38981324,0.2923529
137517882,0.28567308,0.44890583,0.26542112
137927307,0.35106325,0.36691865,0.28201813
138084191,0.20995595,0.39963365,0.39041045
138088289,0.30598623,0.3917909,0.30222288
138150255,0.25093216,0.2510993,0.49796855
138208581,0.26438686,0.4503566,0.28525653
138790660,0.5523922,0.19052699,0.25708082
139583603,0.34630495,0.33523396,0.31846106
142046731,0.41543597,0.2948628,0.28970122
142359881,0.3556056,0.33964342,0.30475095
143068476,0.3645854,0.3400675,0.2953471
143401888,0.24502829,0.48248082,0.27249095
143411874,0.3693567,0.28349,0.3471533
143558501,0.36768317,0.33487564,0.29744118
143789824,0.36757725,0.34362364,0.28879905
144095044,0.30016935,0.4147567,0.28507394
144276703,0.25348383,0.47917056,0.2673456
144375426,0.31977576,0.3598612,0.32036301
144400163,0.31629992,0.39449263,0.28920752
145191896,0.23932578,0.48211026,0.278564
145405672,0.24847801,0.4766365,0.2748855
145561897,0.29503217,0.3850179,0.31994992
145827113,0.3315515,0.36859122,0.29985726
146344468,0.45658118,0.22457284,0.318846
146980204,0.33507955,0.36781085,0.29710963
147014780,0.53186905,0.20585445,0.2622765
147063229,0.35080034,0.35735214,0.29184753
147092774,0.35476512,0.32938862,0.31584623
147291492,0.29337728,0.39761555,0.30900717
147468615,0.4201456,0.30512342,0.27473098
147919367,0.35162538,0.32689044,0.32148418
148229679,0.3658467,0.33924857,0.2949047
148258418,0.3807735,0.31681773,0.30240875
148312752,0.3266283,0.36826634,0.30510533
149100026,0.35618246,0.33540148,0.30841607
149151854,0.37009764,0.3447175,0.28518486
149264495,0.37776858,0.3313601,0.29087132
149284203,0.28736514,0.40675598,0.30587894
149413088,0.4684392,0.2172951,0.31426573
150129771,0.31859505,0.347354,0.33405098
150838035,0.3496796,0.30562428,0.34469607
151398771,0.44661045,0.25918737,0.29420215
151584682,0.49189383,0.24243608,0.26567012
151787967,0.35180232,0.33912936,0.30906832
151937833,0.34929773,0.3366984,0.31400383
151960085,0.2715996,0.45383185,0.27456856
152205405,0.3192467,0.36285508,0.31789818
152461046,0.2607542,0.41925395,0.3199919
153238616,0.4131791,0.2990572,0.2877637
154218566,0.31670183,0.40164125,0.28165692
154660688,0.42288244,0.21248676,0.36463082
156361177,0.26701447,0.3194341,0.4135514
157180273,0.36860996,0.33218896,0.2992011
157204357,0.32609025,0.38101786,0.2928919
157324307,0.33996576,0.3173278,0.34270644
157570376,0.3104028,0.3979743,0.2916229
157683879,0.37708312,0.3083632,0.31455368
159356777,0.22912621,0.5071777,0.26369613
159976261,0.43071175,0.2599233,0.30936497
160206260,0.37021932,0.29811782,0.33166283
160574040,0.36725384,0.3441493,0.28859684
160922869,0.33858958,0.35978067,0.30162975
161260796,0.33715013,0.36141592,0.30143398
161269431,0.34893528,0.3470608,0.30400392
161279088,0.26819247,0.27736098,0.45444655
162636691,0.39876902,0.28704238,0.3141886
162813583,0.22775061,0.49697065,0.27527875
163230945,0.42176974,0.29779026,0.28043997
163743238,0.2540205,0.4757178,0.27026165
163859185,0.2636438,0.34883708,0.38751912
164041116,0.27410778,0.46061927,0.26527292
164059111,0.3643273,0.34543598,0.29023674
164166763,0.4442855,0.27819228,0.2775222
164272932,0.49362162,0.22290532,0.28347307
164502756,0.36793864,0.34522098,0.28684038
164659921,0.343971,0.38706356,0.2689654
164806500,0.40453905,0.29343832,0.30202264
164929177,0.32282817,0.40526855,0.27190328
165163307,0.2418051,0.4935162,0.2646787
165845444,0.22304669,0.23182672,0.54512656
165854494,0.18489772,0.5539353,0.261167
167028495,0.3383795,0.31680143,0.34481907
167266978,0.30490762,0.36521292,0.3298794
167278818,0.3225236,0.38974226,0.28773415
167419725,0.44495964,0.24396035,0.31108004
167592984,0.31825474,0.38667393,0.29507136
167876959,0.41244125,0.2727483,0.31481043
168503533,0.3777151,0.32684845,0.29543644
169526192,0.3061633,0.2662198,0.4276169
169784149,0.5048976,0.23612508,0.25897735
169954315,0.29688764,0.3216591,0.38145328
172104274,0.37800223,0.32513237,0.2968654
172489334,0.4927688,0.2549343,0.25229686
173765586,0.3044513,0.39145452,0.3040942
174210323,0.36594942,0.32166144,0.31238914
174239985,0.27459353,0.426974,0.29843253
174859383,0.2800371,0.3906473,0.32931563
174959811,0.331061,0.25767553,0.41126347
175378791,0.2330961,0.5081676,0.25873628
175598127,0.321464,0.32521784,0.35331815
175717836,0.29867575,0.3849028,0.31642145
175866822,0.34915847,0.37605384,0.2747877
176044840,0.31664538,0.35933352,0.32402104
176112915,0.3149298,0.38558784,0.2994824
176293155,0.42970666,0.24916282,0.32113057
176547811,0.29514068,0.38308245,0.32177687
176656350,0.38410223,0.3174554,0.29844236
176684487,0.42187625,0.29104382,0.28707993
176777033,0.41924688,0.2806233,0.30012983
177032456,0.27396148,0.40374804,0.32229048
178114498,0.37001845,0.31491828,0.31506324
178191127,0.2650432,0.43954575,0.2954111
178785698,0.3786734,0.3440811,0.27724546
178896809,0.35316265,0.3482306,0.2986068
179170564,0.45009997,0.2723417,0.27755833
179464373,0.28031933,0.4435504,0.27613023
179757471,0.35939842,0.25581208,0.38478947
179771641,0.3408987,0.36256406,0.29653722
179926491,0.5493833,0.20347917,0.24713752
179943906,0.3191066,0.27343345,0.40745994
180486224,0.41982827,0.30665433,0.2735174
180822212,0.31868908,0.33812875,0.3431822
180973025,0.37846345,0.32274163,0.29879487
181022960,0.3606009,0.21462168,0.4247774
181261423,0.48492143,0.23911205,0.27596653
182017603,0.32578027,0.32491913,0.34930062
182061143,0.43781322,0.27110282,0.29108393
182092577,0.46344563,0.2527805,0.28377384
182165985,0.37246913,0.34291524,0.28461567
182199878,0.35190785,0.3521754,0.29591677
183024850,0.35190368,0.38665003,0.26144633
183575714,0.33578417,0.35002118,0.31419462
184336585,0.4571666,0.2546991,0.28813428
184476329,0.44960254,0.28162715,0.2687703
184894470,0.3568049,0.35222524,0.29096985
185307942,0.35185644,0.2876669,0.36047664
186788542,0.36160284,0.34911114,0.28928602
187082898,0.28721076,0.4198501,0.29293916
187273758,0.27899402,0.22539115,0.4956148
187507365,0.27524927,0.2545614,0.47018933
188707092,0.37425214,0.35941958,0.2663283
188737033,0.37447655,0.32834065,0.2971828
189071365,0.31393957,0.34895885,0.33710158
189859519,0.33394018,0.32325158,0.3428082
190033685,0.25654316,0.4419496,0.30150723
190103384,0.39695588,0.3155961,0.28744802
190170879,0.36499146,0.33560646,0.29940206
190244866,0.3333502,0.36523497,0.3014148
190645928,0.35109085,0.3531761,0.2957331
191511600,0.29999396,0.4056302,0.29437584
191764079,0.3841737,0.32846236,0.28736395
192217120,0.3743196,0.28374314,0.34193724
193083004,0.45227706,0.23532166,0.31240135
193426836,0.3677076,0.3333704,0.298922
194110594,0.40431657,0.29887405,0.29680938
194801768,0.3742402,0.33183235,0.29392743
195713343,0.2806635,0.4196375,0.29969898
195945682,0.314417,0.37465557,0.31092745
195978680,0.47883344,0.22576779,0.29539877
196490614,0.3312043,0.3024273,0.36636844
196506254,0.38100326,0.33910435,0.27989239
196695252,0.19357519,0.5612521,0.24517263
197246496,0.28490013,0.38672626,0.32837358
199754128,0.27916244,0.4133802,0.30745733
199948186,0.25073335,0.38537925,0.36388743
200298946,0.4633116,0.26285988,0.27382854
200804332,0.29979366,0.35535723,0.3448491
201084034,0.35780972,0.35613227,0.286058
201111181,0.50858563,0.2166641,0.27475026
201281309,0.30514002,0.39641082,0.29844922
201575932,0.3277301,0.3390358,0.3332341
201774160,0.27274656,0.28367436,0.4435791
201867950,0.334581,0.26155874,0.40386033
202095880,0.25079986,0.45674968,0.29245043
202225427,0.34578913,0.36258805,0.29162276
202251838,0.3469129,0.3484671,0.30462003
203040806,0.3081711,0.38976938,0.30205956
203052489,0.27851337,0.39097834,0.3305083
203382756,0.32597023,0.37099183,0.30303794
203972521,0.405127,0.3314603,0.2634127
204028301,0.4020598,0.27690437,0.3210358
204321763,0.32887673,0.38806942,0.28305382
204652862,0.20350713,0.50805956,0.2884333
204802559,0.3460596,0.35477722,0.29916322
204831595,0.26035243,0.45415765,0.28548992
205009630,0.3600731,0.3362703,0.30365658
206028031,0.38207453,0.31752288,0.30040258
206064665,0.30648825,0.41315126,0.28036052
206296451,0.3886028,0.32380432,0.28759283
206824285,0.2627641,0.26938128,0.46785462
207340122,0.3690099,0.3297544,0.30123565
208705568,0.29380053,0.40152246,0.304677
208877389,0.33947408,0.35142285,0.30910304
208898961,0.31945926,0.34216678,0.33837402
209076799,0.3978929,0.2970866,0.3050205
210167925,0.3532909,0.34618068,0.3005284
211283790,0.48078266,0.22612385,0.2930935
212049783,0.32459158,0.2991621,0.37624627
212498729,0.34278882,0.37746024,0.27975094
213955494,0.23658052,0.50733835,0.25608107
214377552,0.4002601,0.2968552,0.3028847
214957331,0.3536128,0.2915386,0.35484856
215012976,0.34993592,0.3321761,0.31788796
215113892,0.333016,0.37124103,0.295743
215255198,0.41865277,0.29452237,0.28682482
215653632,0.34825456,0.36082417,0.29092127
216103711,0.5482961,0.1903514,0.26135248
216170421,0.3627941,0.34381175,0.2933942
216327796,0.3482903,0.3600698,0.29163986
216518798,0.3901769,0.3194331,0.29039
217015316,0.33231306,0.3263554,0.34133154
217849742,0.4987268,0.22347423,0.277799
217883089,0.49832803,0.2314385,0.27023345
218316951,0.40139884,0.30909696,0.28950417
218643255,0.46118087,0.24621347,0.29260564
218717891,0.4282713,0.29516193,0.27656674
218833537,0.2834831,0.38227642,0.3342405
218857235,0.50645226,0.21732289,0.27622482
218967582,0.34751946,0.33987615,0.31260443
220011342,0.30154103,0.2799829,0.4184761
220615907,0.33753452,0.3589862,0.30347925
220635484,0.25483233,0.29423094,0.45093673
220647257,0.30123118,0.41041243,0.28835636
220850022,0.39061385,0.33949792,0.26988822
221325833,0.3526389,0.3402177,0.30714345
221821151,0.3653,0.33960187,0.29509813
222055124,0.36216778,0.3516198,0.28621235
222484271,0.34319794,0.35526404,0.301538
222630273,0.34681576,0.32580268,0.3273815
223733793,0.35593125,0.3735014,0.27056736
223738749,0.4357062,0.26357472,0.30071908
224122379,0.28804165,0.32934636,0.38261202
224267964,0.45047158,0.26255178,0.28697664
224306792,0.28200626,0.4140787,0.30391505
224586690,0.4732257,0.22386321,0.3029111
224951848,0.3086625,0.3981589,0.29317856
224952350,0.31554788,0.40922982,0.27522227
225037489,0.319569,0.39490807,0.28552294
225187558,0.41622722,0.29587638,0.28789642
225990924,0.38567013,0.338626,0.2757039
226587007,0.35186732,0.3650088,0.28312388
227175960,0.45918328,0.24285582,0.29796097
227460405,0.28175297,0.42000657,0.29824042
227541901,0.36426514,0.31159836,0.3241365
227631126,0.3368575,0.38899767,0.2741449
228159243,0.44210613,0.26908183,0.28881207
228286132,0.3605039,0.35472295,0.2847731
228432526,0.27798557,0.44412366,0.2778908
229368716,0.3458401,0.35207552,0.3020844
229381391,0.37271988,0.3489374,0.27834272
229809467,0.3199523,0.39467633,0.28537133
230240980,0.34344557,0.3532312,0.3033232
230360053,0.36847988,0.3475827,0.2839374
230612173,0.4092114,0.30834943,0.2824391
230754000,0.22735341,0.48099488,0.29165176
230791937,0.21904269,0.20198911,0.5789682
231838412,0.41354436,0.28190967,0.30454597
232427358,0.36918673,0.32159883,0.30921447
232453671,0.29633254,0.39373213,0.30993527
232653054,0.33320832,0.38211536,0.2846763
232869183,0.37233764,0.3070928,0.32056957
233036963,0.2961586,0.28326333,0.4205781
233070801,0.36738634,0.33209398,0.3005197
233549717,0.29680666,0.41626358,0.2869298
233780422,0.3805014,0.31695768,0.30254096
234709229,0.3869146,0.307584,0.3055014
235264037,0.47261602,0.24077857,0.28660548
235480088,0.29408225,0.42867506,0.27724272
235606080,0.36780882,0.34171414,0.29047698
235663126,0.32198077,0.3696866,0.30833262
235803546,0.3161223,0.37864703,0.30523068
236420077,0.23244792,0.49866942,0.26888263
236581029,0.4988942,0.2241221,0.27698368
236626048,0.31330884,0.2735299,0.4131613
236942002,0.31505212,0.3840108,0.30093706
237316430,0.357057,0.36056995,0.282373
237469970,0.39352065,0.3239662,0.28251314
237500058,0.312181,0.38305467,0.3047644
237821338,0.3596783,0.35066685,0.28965485
238069683,0.40738708,0.28656614,0.30604678
238528190,0.311427,0.37253666,0.31603637
238839962,0.34453154,0.38409615,0.27137232
239103331,0.30801582,0.39135075,0.30063343
239228090,0.2857465,0.25741264,0.45684087
239540149,0.39250958,0.33167925,0.27581114
240346295,0.3414685,0.37255198,0.28597957
240416433,0.27883825,0.4576347,0.26352704
241253403,0.4412973,0.25845173,0.30025095
241621358,0.3187218,0.35407537,0.32720286
242184981,0.28178376,0.37851286,0.33970332
243210622,0.40125537,0.30794442,0.2908002
244682535,0.30998456,0.33540702,0.35460842
245314231,0.3944722,0.3437552,0.26177263
245779613,0.29153758,0.42114973,0.2873127
246435261,0.3203854,0.32919052,0.35042408
246714719,0.35355496,0.2857316,0.36071345
246894000,0.32883224,0.38531315,0.2858546
246911011,0.271998,0.44296947,0.2850325
247195175,0.23470637,0.49082327,0.27447033
247362372,0.43789726,0.25351632,0.30858648
247645009,0.3345096,0.33672667,0.32876366
247947110,0.35080436,0.34326744,0.30592823
248533914,0.34105098,0.36544463,0.29350442
248860573,0.26652014,0.45658267,0.2768972
249373640,0.35224465,0.36545488,0.2823005
249515665,0.34170395,0.3546757,0.30362034
249691536,0.34621754,0.34854832,0.30523413
249704950,0.4803447,0.24622664,0.27342868
250001920,0.3510046,0.33962458,0.30937088
250094311,0.34744322,0.3642748,0.28828198
250579666,0.32466564,0.27249897,0.40283543
250643963,0.19369057,0.5505613,0.25574812
251215059,0.24571562,0.45027757,0.30400684
251358291,0.40005344,0.29980677,0.30013978
251944703,0.29498193,0.34975207,0.35526597
252351077,0.2911328,0.2786924,0.43017477
252452296,0.38188684,0.32625452,0.29185864
252509369,0.41897655,0.27977437,0.30124903
252941917,0.30086687,0.4206735,0.2784596
253053970,0.35170907,0.33571672,0.3125742
253394721,0.43965572,0.27055794,0.2897864
253608122,0.38376725,0.30845124,0.3077815
253654369,0.4903174,0.25059745,0.25908512
255537795,0.36953402,0.31999087,0.3104751
256224697,0.35347357,0.35234943,0.29417697
256392955,0.33912382,0.33192018,0.328956
256501501,0.28445062,0.4333253,0.28222412
256570296,0.28575295,0.4004204,0.31382668
257842332,0.3283276,0.37351233,0.2981601
258114179,0.25073034,0.3978833,0.35138637
258642691,0.3596879,0.3250748,0.3152373
258876774,0.35654157,0.35630468,0.2871538
259075252,0.34321672,0.3773544,0.27942884
259143670,0.28702974,0.2916217,0.42134854
259341751,0.31796747,0.31938696,0.36264557
259571194,0.32864523,0.35586745,0.31548733
259597438,0.3266209,0.39135146,0.28202766
259618506,0.32964015,0.36826146,0.30209836
260423005,0.3036277,0.39063555,0.30573678
260458670,0.34393162,0.34206194,0.3140065
260542859,0.33814824,0.3929965,0.26885527
260630876,0.29527962,0.31725985,0.38746053
260683628,0.26186296,0.4528615,0.28527558
261349740,0.4044155,0.306912,0.28867245
261572367,0.29331583,0.41351414,0.29317003
261650976,0.30123115,0.26371765,0.43505126
261795989,0.27913854,0.4280311,0.2928304
262266284,0.34323013,0.28875595,0.36801398
262564366,0.26309898,0.456832,0.280069
263472436,0.39567325,0.33845112,0.2658756
264267033,0.3568668,0.3308503,0.31228286
264490457,0.31008637,0.36797363,0.32194
264659620,0.3610345,0.334884,0.3040815
265294683,0.44027317,0.2650144,0.29471236
265960361,0.39935237,0.23744515,0.36320245
266401627,0.2849686,0.43875527,0.27627608
266436610,0.38953573,0.31795144,0.2925129
266742880,0.3008449,0.3303388,0.36881626
266906277,0.35580456,0.33308458,0.31111082
267429172,0.42276067,0.28577876,0.29146057
267578693,0.3250007,0.37837517,0.29662412
267804199,0.35026178,0.33586296,0.31387526
268013902,0.34428436,0.37889272,0.27682292
268084334,0.4180444,0.2977354,0.28422025
268188750,0.36810857,0.33781368,0.29407772
268695623,0.4035305,0.28443637,0.3120331
268952808,0.32303596,0.33319047,0.34377354
269120791,0.5186836,0.20815471,0.27316168
269662720,0.31450686,0.36640626,0.31908688
270266697,0.3648057,0.3080354,0.32715893
270417576,0.28970832,0.3764677,0.33382398
270992552,0.2592513,0.23202756,0.5087211
271269446,0.36830696,0.33872986,0.29296318
271733214,0.32553855,0.2919674,0.38249403
272017446,0.4536245,0.26383922,0.28253633
272071617,0.39331302,0.31040365,0.29628333
272189053,0.24107292,0.45925137,0.2996757
272620576,0.33363414,0.38202888,0.28433698
272640586,0.37513995,0.33790514,0.28695488
273172492,0.34311593,0.3499534,0.30693066
273895404,0.3114109,0.4084252,0.28016382
273916532,0.3319495,0.40434685,0.26370367
274240474,0.41570795,0.27990258,0.30438942
274565870,0.34271118,0.36000872,0.2972801
274651139,0.33120817,0.37899286,0.28979895
274682742,0.38083082,0.31597543,0.30319375
274869885,0.31115136,0.356934,0.33191463
275463984,0.24871585,0.44802263,0.3032615
275542883,0.34799016,0.37208882,0.279921
277094923,0.39277536,0.31105602,0.29616863
277669107,0.3546875,0.3048616,0.34045088
277994811,0.25118983,0.46765107,0.28115913
278592691,0.3766887,0.3041463,0.31916502
278615168,0.34098643,0.35237676,0.3066368
279653888,0.21812296,0.52151114,0.26036593
279943637,0.34374326,0.36781588,0.28844088
280075315,0.35525763,0.36719418,0.27754822
280087386,0.5459815,0.19348796,0.2605305
280123012,0.34946436,0.3225993,0.3279363
280656713,0.4057337,0.32260698,0.2716593
280957118,0.30538827,0.37468538,0.31992632
281033896,0.28822398,0.27415562,0.4376204
281408943,0.44873315,0.26313576,0.28813106
281759096,0.3529616,0.3641643,0.28287414
281938456,0.34497064,0.37459028,0.28043908
282075392,0.38704485,0.32777208,0.28518307
282223844,0.42077512,0.27640742,0.30281746
282344360,0.3863116,0.3072346,0.30645382
282694995,0.37054008,0.33519298,0.29426694
283124279,0.32872593,0.41338393,0.25789016
283887081,0.3178016,0.3861419,0.2960565
284281622,0.24632928,0.4713508,0.2823199
285054377,0.32214063,0.3586067,0.3192527
285280321,0.28352654,0.4360902,0.2803833
285382564,0.29625416,0.31247577,0.3912701
285705777,0.34363982,0.38429645,0.27206373
285811677,0.46492404,0.23943122,0.29564473
286156350,0.32154152,0.38872117,0.2897373
286562612,0.31246662,0.3416947,0.34583867
286726927,0.4378004,0.2723172,0.28988242
287242606,0.3939978,0.3230459,0.2829563
287465160,0.17773688,0.5674866,0.2547765
287789064,0.45125437,0.26669553,0.28205007
287904864,0.40960348,0.29412332,0.29627317
287914153,0.35534403,0.32133067,0.3233253
288438335,0.41811514,0.2792281,0.30265677
288462276,0.25425917,0.45148188,0.29425895
288782248,0.35877413,0.35490197,0.28632393
289171919,0.2587604,0.26225185,0.47898778
289771997,0.3935172,0.31515217,0.29133058
290089605,0.15833747,0.5958519,0.24581066
290776422,0.37281334,0.3135966,0.31359
291180460,0.31935054,0.3277408,0.35290867
291305953,0.34763992,0.37685794,0.27550215
291773837,0.34325305,0.33881187,0.3179351
293288942,0.36411458,0.35314995,0.28273547
293295489,0.36736017,0.32986128,0.3027786
293759956,0.31352964,0.38126338,0.30520698
294196556,0.30621958,0.39942378,0.29435664
294611003,0.3102633,0.38844615,0.30129057
295020214,0.26384336,0.46230647,0.2738502
295216864,0.31633198,0.3777963,0.3058717
295279884,0.5336043,0.20029148,0.26610416
295471308,0.30518752,0.36221233,0.33260018
296473153,0.3395346,0.36032915,0.3001362
296765651,0.44125623,0.2887955,0.26994827
296819776,0.3725192,0.32386702,0.3036138
297131293,0.27025604,0.45120722,0.2785368
297644918,0.30625957,0.29328603,0.40045446
298559192,0.27460384,0.32322687,0.40216923
298622540,0.48398328,0.24440652,0.27161017
299325743,0.3765033,0.32984883,0.29364792
299679430,0.29931128,0.3153236,0.3853651
300112413,0.23759481,0.46168754,0.30071768
300238212,0.3512158,0.36118633,0.2875979
300904336,0.41655612,0.285926,0.29751784
300910446,0.35744637,0.34225142,0.30030215
301346955,0.32926068,0.38060814,0.2901312
302584116,0.26241553,0.38045117,0.35713327
303013041,0.37181172,0.30109817,0.3270901
303677512,0.3642617,0.34293056,0.2928077
304359790,0.43509692,0.25626898,0.3086341
304817133,0.34242225,0.35852814,0.29904965
304901128,0.21560541,0.5057548,0.2786397
305117323,0.42793465,0.28278974,0.28927565
305183840,0.3667817,0.33890915,0.29430917
305480516,0.36901966,0.27306765,0.35791272
305719146,0.32689536,0.36366728,0.3094374
306162717,0.33367306,0.3194646,0.34686238
306165233,0.3234082,0.29379556,0.3827963
306320787,0.19944817,0.53846395,0.26208788
306541398,0.33667058,0.35841554,0.30491388
306670276,0.3635206,0.34581536,0.29066405
306865727,0.20332666,0.25376517,0.5429082
306937146,0.33468756,0.3664895,0.29882294
307200846,0.36622334,0.34338385,0.29039288
307364982,0.33633643,0.32491225,0.33875132
307590450,0.37907407,0.33312663,0.2877993
307614279,0.32242566,0.34874064,0.3288337
307710444,0.48481512,0.24984476,0.26534012
308056608,0.31380272,0.40233183,0.28386545
308181755,0.3664456,0.3619942,0.27156013
308739814,0.38660425,0.31344545,0.2999503
309766103,0.26498938,0.44224083,0.29276982
310061424,0.39510313,0.31952202,0.28537482
310526207,0.3393389,0.3567252,0.30393592
310617538,0.34595075,0.36617082,0.2878784
311014708,0.2937528,0.37379158,0.33245564
312644255,0.38454807,0.30599102,0.30946088
312870461,0.41747916,0.3043552,0.27816564
312924098,0.32945323,0.26527148,0.4052753
312944185,0.41405052,0.28563446,0.300315
313059996,0.28061876,0.2799638,0.43941745
313104957,0.29895288,0.41086042,0.29018676
314258551,0.41532546,0.2591604,0.32551414
314325129,0.32188028,0.32264122,0.3554785
314894090,0.24284518,0.4813136,0.2758413
315088059,0.2891742,0.41937786,0.2914479
316167168,0.31428546,0.38837403,0.29734054
316248459,0.314807,0.4045534,0.28063953
316321144,0.34545994,0.3249291,0.32961097
316476665,0.43149585,0.281679,0.2868251
316608986,0.33319813,0.3570279,0.30977398
316711818,0.33072668,0.30329007,0.36598328
317262006,0.23363191,0.48760796,0.27876014
317978052,0.35425612,0.3508927,0.29485115
318052276,0.3767202,0.30166346,0.32161638
318308749,0.308095,0.3717033,0.32020167
318749846,0.30776563,0.40038818,0.29184616
319174472,0.27691182,0.4180936,0.30499458
319254933,0.19376606,0.48434973,0.3218842
319997892,0.36571962,0.32978728,0.30449307
320307655,0.33450103,0.37347603,0.2920229
320699178,0.30529577,0.36667252,0.32803178
320742609,0.2690814,0.43670514,0.2942134
320944123,0.37068182,0.35087055,0.27844763
321895316,0.38831967,0.32972014,0.2819602
322063355,0.31663287,0.3718501,0.31151703
322561474,0.3781132,0.33459932,0.28728744
322712026,0.35599083,0.35774255,0.2862666
322812778,0.40710247,0.28234893,0.3105486
325131642,0.38103974,0.31208503,0.30687526
325363421,0.43969262,0.27687526,0.2834321
325633748,0.28447056,0.42345813,0.29207128
325700165,0.33105135,0.3475302,0.3214184
326326801,0.37782818,0.31633556,0.3058363
326373741,0.40879184,0.30117702,0.2900311
327868680,0.27097908,0.41851118,0.31050974
327887834,0.36795992,0.35438988,0.27765018
328008876,0.28412247,0.4474883,0.26838917
328032481,0.41548,0.25893426,0.32558572
328148579,0.3960771,0.27050745,0.33341545
328331067,0.42287368,0.23519419,0.34193212
328745893,0.41662496,0.3254807,0.2578943
329093558,0.4805457,0.25204083,0.2674134
329396409,0.35530585,0.35034075,0.29435343
329627594,0.45808172,0.25660676,0.28531146
329652204,0.29581165,0.34984872,0.3543396
329694906,0.3252831,0.38015112,0.29456574
329737875,0.33130902,0.3257765,0.34291452
330388090,0.34820658,0.3684687,0.28332472
330596493,0.44615716,0.258441,0.2954018
330740707,0.34657902,0.3582074,0.29521358
330851562,0.23902869,0.41162345,0.3493479
330926758,0.30392474,0.40124804,0.29482716
332122217,0.33825925,0.38295332,0.2787875
332406430,0.31160933,0.33128625,0.35710442
332430450,0.28102523,0.28381315,0.43516165
332592208,0.30343854,0.36959147,0.32696998
333273642,0.39094335,0.2765454,0.3325113
333333295,0.34317768,0.372334,0.28448826
333700349,0.3057475,0.32025033,0.37400216
334090719,0.37539792,0.32587686,0.2987252
334407838,0.44217384,0.28693175,0.2708944
334641209,0.21817559,0.5212011,0.26062334
335002360,0.23161861,0.49955815,0.26882327
335477427,0.28463113,0.41191083,0.30345803
335548859,0.41784668,0.2874902,0.2946632
335916495,0.29392225,0.38909584,0.31698194
336306849,0.302269,0.40894246,0.2887885
336367743,0.32547522,0.36269802,0.31182683
336446875,0.28918964,0.4329761,0.27783424
336997219,0.3454979,0.30403823,0.3504638
337388116,0.43672222,0.27366242,0.28961533
338133731,0.27414083,0.4035601,0.32229906
338574663,0.36956292,0.27354896,0.35688812
338885217,0.3935513,0.32726926,0.27917945
338957473,0.2745059,0.41154224,0.3139518
339186495,0.32061186,0.29643637,0.3829517
339648268,0.31578308,0.34151933,0.34269756
339827937,0.37931994,0.29184127,0.3288388
340346684,0.3142562,0.3128562,0.3728876
340358999,0.36371535,0.34431684,0.2919678
341144678,0.44682235,0.27400365,0.27917403
341407913,0.43994385,0.27686617,0.28318998
341420934,0.47633156,0.23467821,0.28899023
341877255,0.32473963,0.38208956,0.29317075
343522003,0.35362878,0.3567169,0.28965437
344291720,0.33014375,0.36689404,0.30296224
344333142,0.31601718,0.37356943,0.31041342
344571625,0.22417003,0.51567954,0.26015043
344968829,0.32387614,0.38011545,0.29600838
345233867,0.40187305,0.2953507,0.30277628
345289242,0.4605525,0.24491143,0.29453605
345493321,0.41391107,0.29123655,0.29485238
345596138,0.2961498,0.30940035,0.39444983
345736261,0.31681138,0.3758484,0.30734023
346169330,0.5139179,0.21028885,0.2757932
346233090,0.35417432,0.3508197,0.29500598
347145782,0.4006451,0.30275017,0.2966047
347214205,0.38591695,0.28430355,0.32977948
347596921,0.31174678,0.3900658,0.2981875
347668570,0.3241896,0.37689468,0.29891568
348536552,0.30303067,0.41590542,0.2810639
349597310,0.44442618,0.2356571,0.31991673
350595578,0.31882542,0.40398747,0.2771871
351535422,0.34306353,0.356358,0.30057847
351739050,0.43290192,0.24366234,0.32343575
352302899,0.30792114,0.35737902,0.3346998
352761049,0.36281234,0.34198976,0.2951979
353434171,0.3093811,0.2515843,0.43903455
353448897,0.2708388,0.33571216,0.393449
353917106,0.34699607,0.36470336,0.28830057
354129498,0.4209603,0.23111084,0.34792885
354865926,0.3343748,0.34923923,0.31638598
355022097,0.36108464,0.35050416,0.2884112
355131624,0.29837725,0.40581,0.29581273
355307560,0.39049584,0.34728324,0.26222092
355532444,0.41594326,0.28584513,0.29821157
356252430,0.35877663,0.27861798,0.36260542
356501908,0.42029554,0.27773422,0.30197018
357247841,0.36441755,0.3569981,0.27858436
358491458,0.34135354,0.31459618,0.34405035
358536354,0.26761654,0.4317451,0.30063835
359531458,0.2569074,0.2890116,0.45408097
359796890,0.342458,0.37201452,0.28552747
359805882,0.20150918,0.549706,0.24878483
360274249,0.26615673,0.40376568,0.33007765
360307399,0.34269482,0.32700455,0.33030057
360377919,0.3115306,0.32876801,0.3597014
360614447,0.34136832,0.37490323,0.28372842
361367780,0.36146533,0.31665304,0.3218816
361469885,0.48723674,0.25459412,0.25816917
361470185,0.2986994,0.34970248,0.35159814
361548961,0.38187265,0.29901338,0.31911397
361619247,0.42242372,0.2939027,0.28367358
361907358,0.3982826,0.2983396,0.3033778
362388509,0.25388956,0.46965307,0.2764574
362590656,0.31420735,0.27146333,0.4143293
362984953,0.40565887,0.28971678,0.30462438
363512628,0.2385003,0.49628228,0.2652174
363569431,0.3907445,0.30750567,0.3017498
363928312,0.28460383,0.3720659,0.34333032
363967944,0.35569194,0.35151252,0.29279548
364378208,0.2940181,0.4159729,0.29000896
365086107,0.25731078,0.4571954,0.2854938
365203133,0.46857607,0.23345068,0.29797328
365908621,0.32332033,0.39151537,0.28516433
366107811,0.2766374,0.43456617,0.28879642
366712760,0.33156067,0.3798123,0.28862697
367247406,0.35314703,0.34978566,0.29706728
367567137,0.20702577,0.5316694,0.2613048
367639205,0.26141223,0.45006314,0.28852463
368332279,0.3072455,0.42008823,0.27266622
368749156,0.38991913,0.31316042,0.29692045
369122948,0.3598281,0.31325507,0.32691687
369402524,0.27802464,0.44242,0.27955532
369558618,0.3053916,0.33645087,0.3581575
369714363,0.39410114,0.30560768,0.30029118
369819101,0.34066233,0.292272,0.36706567
369961734,0.34572482,0.37862614,0.275649
370364212,0.3519677,0.34518814,0.30284417
370634357,0.34313565,0.37371057,0.28315377
371213138,0.28724742,0.34918088,0.36357173
371467379,0.357601,0.30798915,0.33440986
371659679,0.2838048,0.4094352,0.30675995
371703807,0.19673258,0.53957564,0.26369175
372937937,0.21891584,0.5240458,0.25703833
373445237,0.568624,0.18653074,0.24484521
373802084,0.35560873,0.34399158,0.30039966
373932124,0.37612808,0.32808542,0.2957865
374177621,0.37883702,0.34187454,0.2792884
374474041,0.310619,0.3528739,0.33650714
375151575,0.4058147,0.29897207,0.29521322
375216728,0.43309522,0.27510774,0.29179698
375435125,0.43474,0.2673154,0.2979446
375624347,0.34217396,0.36005038,0.2977757
375626951,0.33052438,0.36979735,0.29967827
376840359,0.3636847,0.35285968,0.28345558
377317026,0.2718194,0.42881787,0.29936272
377809453,0.27745908,0.40347335,0.31906757
378006218,0.30641493,0.30840653,0.38517854
378411011,0.41909146,0.29741848,0.2834901
378906378,0.26963755,0.42215478,0.30820757
379668138,0.3033923,0.42249447,0.27411318
379794683,0.21691374,0.23635359,0.54673266
379900054,0.19644812,0.54555637,0.25799552
380107118,0.29463565,0.42654544,0.27881894
382797234,0.35324714,0.35315067,0.29360223
383062526,0.30837995,0.36063674,0.33098328
383157249,0.32782263,0.38226572,0.28991163
385034757,0.3844501,0.26075208,0.3547978
385099460,0.36077964,0.36731005,0.2719103
385380545,0.35976726,0.34906906,0.29116368
385506050,0.30980784,0.39695966,0.29323256
385943193,0.47629833,0.24067044,0.28303123
386228139,0.47683567,0.25696787,0.26619643
386554435,0.33921275,0.3458901,0.31489712
387161759,0.25511605,0.47265822,0.27222574
387815971,0.23874769,0.2400612,0.5211911
388127968,0.27065447,0.43255642,0.2967891
389293329,0.4141874,0.2846241,0.30118847
389311850,0.49146986,0.23781139,0.27071875
390352506,0.5229088,0.22052851,0.25656265
390853024,0.35982102,0.33924246,0.30093646
391172021,0.46101055,0.2571582,0.2818313
392018328,0.33245084,0.38725257,0.2802966
392256871,0.35237098,0.30052483,0.3471042
393609592,0.36090764,0.36111033,0.27798206
393720165,0.3247367,0.34479064,0.33047265
393728201,0.24852607,0.2362676,0.51520634
393915995,0.33028966,0.29330647,0.3764039
395102853,0.33059484,0.36543688,0.30396825
395609933,0.31940693,0.36058062,0.32001245
395842258,0.33632696,0.35002422,0.31364882
396136015,0.3029772,0.41863155,0.27839124
396190951,0.1441522,0.6168622,0.23898561
396535557,0.35566878,0.28839055,0.3559407
396841347,0.34195673,0.33610168,0.32194158
397196050,0.394628,0.27797645,0.32739562
398098020,0.30595714,0.34610566,0.3479372
398116981,0.27578932,0.3870306,0.33718002
398992172,0.51376224,0.2262735,0.2599643
399075540,0.28772795,0.4163995,0.2958725
399235339,0.34863,0.34107444,0.31029552
399336192,0.4057406,0.31753242,0.276727
399385708,0.25889474,0.46129698,0.27980825
399995957,0.32526684,0.36998266,0.3047505
400771695,0.22131467,0.51893914,0.25974622
400861570,0.18639114,0.55885136,0.25475752
400905922,0.3098432,0.32659322,0.3635636
403382636,0.4706182,0.25119042,0.27819136
403653290,0.4594292,0.24395812,0.29661265
404018157,0.31841344,0.3510287,0.33055782
404239074,0.41634506,0.23532578,0.34832913
404564233,0.25070077,0.47670805,0.27259117
404967990,0.42143,0.31465474,0.2639153
405518545,0.469997,0.24261129,0.28739172
405754666,0.3573954,0.36732388,0.2752807
405760108,0.3653691,0.33269268,0.30193818
405878913,0.31263408,0.40529746,0.28206843
406451990,0.3223709,0.37441343,0.30321568
406765126,0.41086113,0.26741266,0.32172617
407100627,0.24443597,0.4729878,0.2825762
407695351,0.4628784,0.262376,0.2747456
408451068,0.3244632,0.33369884,0.341838
408672025,0.3335443,0.3705126,0.29594308
409028427,0.23201105,0.5013342,0.26665476
409631063,0.34085834,0.364958,0.2941837
409723713,0.28618646,0.41742188,0.2963917
409760299,0.36139834,0.34020233,0.29839936
410172253,0.21371639,0.40499246,0.38129115
410330997,0.30027512,0.39327067,0.30645418
411158524,0.38434765,0.316254,0.2993984
411476862,0.30279008,0.3426636,0.35454637
411662039,0.39202118,0.3301579,0.27782091
411833117,0.42010164,0.28866136,0.29123697
412942917,0.37738046,0.3291622,0.29345736
413352901,0.3618045,0.32892528,0.30927017
413535368,0.34554192,0.3433699,0.31108814
413600682,0.30498204,0.32341543,0.37160254
414097483,0.49738443,0.22449759,0.27811798
414107947,0.22252887,0.49399418,0.28347695
414482593,0.37781173,0.33922228,0.28296596
414501535,0.37780523,0.33480656,0.28738815
414604938,0.48075432,0.23660104,0.28264463
414671247,0.23793863,0.49230486,0.26975653
415143286,0.35843468,0.30944508,0.33212018
415376290,0.30109406,0.33834207,0.3605638
415769809,0.35109177,0.3539427,0.29496554
415787237,0.51585585,0.21553357,0.2686106
416597534,0.28694245,0.42773467,0.28532284
416701527,0.2683713,0.31729236,0.41433632
417719877,0.25399008,0.47414708,0.27186286
418047253,0.27157408,0.26029494,0.46813092
418706086,0.36426666,0.35907185,0.27666152
418820499,0.34903157,0.38392866,0.2670398
420058187,0.35035878,0.3638234,0.28581783
420523781,0.541356,0.17236808,0.28627586
420824164,0.38733804,0.3384859,0.2741761
421856118,0.28131425,0.26098454,0.4577012
421869760,0.26393837,0.44744515,0.28861642
421929347,0.29073143,0.4085729,0.30069566
422190315,0.40830553,0.29848805,0.2932064
422776447,0.45878375,0.26417935,0.2770369
422941074,0.22071974,0.45347252,0.32580775
423948356,0.37003076,0.35402983,0.2759394
425177305,0.27454796,0.45178956,0.27366248
425637061,0.39100873,0.30832276,0.30066848
425748559,0.3661433,0.31343585,0.32042092
427349904,0.4888619,0.23801579,0.2731224
427490055,0.406878,0.29573268,0.29738933
427626440,0.41740465,0.2809763,0.30161905
427911324,0.33455908,0.36631668,0.29912424
429148338,0.40864798,0.30396998,0.28738204
429374584,0.40374154,0.280095,0.31616345
430502590,0.35464707,0.33534473,0.31000817
430896547,0.38336977,0.34105587,0.27557433
430938415,0.3756433,0.3247109,0.29964578
431018221,0.30974787,0.38612008,0.30413204
432439225,0.3584608,0.35434872,0.2871905
432870317,0.36816716,0.30856723,0.32326567
433282693,0.28169578,0.35274953,0.3655547
433388512,0.3389154,0.3649553,0.2961293
433486261,0.36320734,0.33097857,0.30581406
433807466,0.5237576,0.21264185,0.26360056
434178549,0.5319199,0.20730218,0.2607779
434216323,0.35701188,0.3461243,0.29686385
434287156,0.37694454,0.3432668,0.27978873
434338353,0.29231063,0.39705253,0.31063688
435525274,0.40414327,0.31297493,0.28288177
435951302,0.27812016,0.42818218,0.2936976
436017636,0.1793598,0.5790888,0.2415514
436163606,0.3498292,0.25715584,0.39301494
436605823,0.38576043,0.33026892,0.28397065
436772617,0.18965697,0.19021341,0.6201296
437010000,0.44376713,0.28986028,0.26637256
437348309,0.31755084,0.38565576,0.29679328
437377763,0.3115602,0.34543222,0.34300756
437766510,0.34553558,0.3534947,0.30096972
438802809,0.3387972,0.2985116,0.36269122
439108956,0.36094975,0.34537274,0.2936775
439346709,0.34854057,0.3631462,0.28831327
439367905,0.35058442,0.35851857,0.29089704
439381634,0.274164,0.3873526,0.33848345
440966086,0.43312228,0.2824009,0.28447682
441160590,0.38755322,0.3257041,0.2867427
441487524,0.35027805,0.31323445,0.3364875
442421087,0.28769445,0.4198807,0.29242483
442608829,0.33952248,0.35333765,0.30713993
442983670,0.40880835,0.3038075,0.28738415
444233181,0.29587287,0.41429704,0.28983012
444476777,0.41446474,0.28960118,0.2959341
444724607,0.29175574,0.315885,0.3923593
445034386,0.32527614,0.315418,0.35930586
445246150,0.2831187,0.3789165,0.3379648
445261014,0.22976726,0.4628085,0.3074243
445261023,0.43835726,0.24593657,0.3157062
445262572,0.42357904,0.26143658,0.31498432
445978651,0.34970057,0.30064747,0.34965193
446409438,0.30973557,0.3813545,0.30890995
446925210,0.45153162,0.25970846,0.2887599
447025138,0.32372528,0.32656604,0.34970874
447193208,0.33080953,0.36187586,0.30731457
447418702,0.23967859,0.46293724,0.29738417
448043396,0.30720496,0.2888278,0.40396726
448051751,0.32696572,0.3754989,0.29753536
448806793,0.3867699,0.29734784,0.31588233
448866172,0.45477197,0.2674361,0.27779192
449275762,0.19322115,0.49984348,0.3069354
450752523,0.33944845,0.36236447,0.29818708
450827182,0.3686391,0.34522122,0.28613973
451102003,0.35366547,0.34190258,0.30443195
451611547,0.2899789,0.39309865,0.3169225
451925326,0.21172512,0.51693624,0.27133864
451958825,0.34282506,0.3743453,0.2828296
452102089,0.24936467,0.41798726,0.33264807
452217280,0.5628569,0.19381991,0.24332315
452420965,0.49459696,0.22950052,0.27590254
452577647,0.33626133,0.3846513,0.27908736
452741185,0.34689417,0.37205923,0.28104657
454215963,0.26016492,0.463187,0.27664807
454808903,0.32435116,0.38009363,0.29555523
454898660,0.36105314,0.30209422,0.3368526
455102952,0.36375237,0.35841,0.2778377
455429087,0.3401677,0.37132657,0.2885058
455615423,0.24682425,0.47666007,0.27651572
456263252,0.29684913,0.40381464,0.29933622
456357337,0.40065902,0.285218,0.31412297
456430428,0.41223177,0.30294567,0.28482255
458571160,0.33703986,0.37244844,0.29051173
458814427,0.328296,0.32647002,0.34523398
459269314,0.3665083,0.33185816,0.3016336
459322889,0.20708135,0.49727342,0.29564524
459711522,0.3105375,0.37277082,0.31669167
459990441,0.3434168,0.3772902,0.279293
460521330,0.34366173,0.37248352,0.28385478
460719099,0.30319166,0.342994,0.35381433
462048691,0.30861628,0.419803,0.27158076
463075529,0.4254066,0.27859896,0.2959944
463109444,0.34280595,0.34859812,0.3085959
463497863,0.3373962,0.3289039,0.33369988
463564812,0.49008608,0.24280831,0.2671056
464021358,0.3029784,0.28924954,0.4077721
464479208,0.3171,0.38318694,0.2997131
464699811,0.3318585,0.35449108,0.31365037
465159498,0.4461044,0.27251402,0.2813816
465193496,0.5006831,0.23132148,0.26799542
465758777,0.48405161,0.22841191,0.28753644
465854275,0.3988605,0.31984115,0.28129828
465992488,0.28571653,0.41909212,0.2951914
466203870,0.3352909,0.31320006,0.351509
466364312,0.3487404,0.32106856,0.33019108
466377308,0.3476712,0.33308595,0.31924286
467157270,0.29070312,0.41956738,0.2897295
467302219,0.18088716,0.56675565,0.25235718
469282459,0.31957543,0.34116715,0.33925742
469572577,0.34393328,0.3654212,0.29064554
469839021,0.33671826,0.35120976,0.31207192
469926125,0.21213469,0.53616846,0.25169685
470480363,0.3321316,0.32294327,0.34492517
470485337,0.38796818,0.32918063,0.28285116
470596416,0.2948805,0.33682662,0.3682929
470859906,0.38001022,0.30855572,0.31143403
470955444,0.3477706,0.3645975,0.28763187
472944911,0.33261824,0.37672296,0.29065877
473078384,0.33782443,0.36134666,0.3008289
473265719,0.428447,0.28718612,0.28436688
473445922,0.35524064,0.34325212,0.30150726
474436151,0.23715326,0.49258476,0.27026197
474466873,0.30566406,0.40187895,0.29245692
474718767,0.32721937,0.39299965,0.279781
475157163,0.36124617,0.34707144,0.29168242
475512340,0.44201106,0.26491827,0.2930706
476188273,0.37908366,0.34755456,0.27336174
476288155,0.35240966,0.36406344,0.28352693
476694272,0.37408713,0.28997397,0.33593887
477016236,0.3426746,0.32022253,0.33710283
477233195,0.24992216,0.4115646,0.33851326
477265495,0.34592414,0.3483109,0.30576497
477786295,0.363281,0.34845358,0.2882654
478396595,0.34384573,0.32710654,0.32904774
478731792,0.35506314,0.35207474,0.29286212
479308508,0.36139932,0.34236228,0.29623842
479450347,0.49073923,0.2443333,0.26492748
480445098,0.33559373,0.36530316,0.29910308
480857769,0.3415939,0.3128174,0.3455887
481899852,0.50238186,0.21223727,0.28538084
481964135,0.35313505,0.33979106,0.30707395
482338391,0.29510003,0.40347427,0.3014257
482485639,0.39447826,0.32530528,0.2802165
482812185,0.33303672,0.33826536,0.3286979
483405532,0.38315588,0.3329857,0.2838584
483531985,0.36941677,0.2856962,0.34488702
484427901,0.3527848,0.34388185,0.30333337
484687038,0.29376638,0.42982894,0.27640468
484858714,0.27579862,0.42060545,0.3035959
485143243,0.4106667,0.28171867,0.30761462
486338495,0.3426174,0.3439029,0.31347972
486355522,0.29006746,0.33582306,0.37410945
486393740,0.48651135,0.25554603,0.2579426
487542827,0.42460042,0.29691786,0.27848172
487660028,0.37502614,0.3298406,0.29513326
488965026,0.37577385,0.33922827,0.28499782
489709010,0.26546663,0.26546663,0.46906665
489731947,0.39771146,0.3247231,0.27756542
489880806,0.37683767,0.29677033,0.32639205
490037829,0.34312236,0.36762324,0.2892544
490082549,0.37243795,0.34210128,0.28546077
491085423,0.35919407,0.35137242,0.28943348
491580078,0.3869068,0.32119828,0.2918949
491901812,0.3748659,0.31948334,0.30565083
492142000,0.32715604,0.37774986,0.29509407
492802524,0.3121981,0.29977232,0.38802958
492878908,0.3169582,0.37936848,0.30367333
493244939,0.3183712,0.273908,0.40772074
493526846,0.4790997,0.23680672,0.2840936
494377371,0.3647868,0.34314936,0.29206383
494761357,0.31881312,0.32982165,0.35136527
494768722,0.49535388,0.23476931,0.26987684
494873522,0.39728934,0.2992736,0.3034371
495089530,0.2512961,0.45907217,0.28963166
495158752,0.35009068,0.3671347,0.28277457
495251589,0.41621214,0.2985242,0.28526372
495302741,0.3704225,0.32204947,0.30752802
495795387,0.23571011,0.4179535,0.34633636
498139977,0.36596614,0.34139276,0.2926411
498815495,0.34828317,0.31874675,0.33297008
500346997,0.35122246,0.3799699,0.2688076
500710707,0.37423217,0.3159856,0.30978224
501036430,0.30834866,0.31860292,0.3730484
501402942,0.3378872,0.37755182,0.28456098
501589422,0.3259533,0.37084055,0.3032062
501754487,0.42701912,0.2785653,0.2944156
502316029,0.25669432,0.4481302,0.2951755
503710285,0.58369553,0.17979333,0.2365112
503904795,0.39249787,0.32143486,0.28606725
504631902,0.30699778,0.30148858,0.3915137
504891950,0.32680988,0.3110988,0.36209133
505027458,0.42458007,0.29988798,0.27553195
505126666,0.45003277,0.25902665,0.29094064
505219931,0.3253016,0.29888788,0.3758105
505235598,0.26664233,0.44422892,0.28912872
505982586,0.37344158,0.3236255,0.3029329
506612995,0.37379548,0.32018787,0.30601665
507698035,0.31725073,0.34966192,0.3330873
508258945,0.32130063,0.34995204,0.32874733
508391469,0.29879177,0.36823666,0.3329715
508733056,0.23237133,0.49991864,0.26771003
509016510,0.35888508,0.34640372,0.29471123
509043712,0.35755432,0.3654115,0.27703416
509680289,0.20691329,0.54243934,0.25064737
510698848,0.45467138,0.28013444,0.26519418
510910177,0.1999909,0.5194404,0.28056866
511319504,0.38749295,0.32701635,0.2854907
511469601,0.35534945,0.3359167,0.30873388
511674052,0.56384826,0.18626964,0.24988209
511790223,0.32859394,0.39998662,0.27141947
511952934,0.3461011,0.36691707,0.28698182
512611805,0.34863424,0.36352745,0.28783834
513033840,0.35853887,0.36514807,0.27631307
513243487,0.4082362,0.29238254,0.29938123
514259065,0.34602004,0.35213572,0.30184427
515643408,0.4329931,0.2735381,0.2934687
515659531,0.23208627,0.4550925,0.31282127
516681525,0.30841222,0.38801554,0.30357224
517864869,0.2627858,0.4541666,0.28304762
517866176,0.22446212,0.50760233,0.2679355
518170843,0.3420827,0.38732612,0.2705912
518801162,0.21849461,0.21849461,0.5630108
519279498,0.3174848,0.38798973,0.2945255
519327124,0.37775105,0.33982176,0.2824272
519830034,0.3750585,0.35244977,0.2724917
520060609,0.3043363,0.40208417,0.29357952
520462242,0.3525502,0.3680938,0.279356
521522358,0.48039764,0.244365,0.27523738
521630998,0.26422036,0.42739302,0.30838662
522365298,0.4000783,0.29906863,0.30085313
523030646,0.27142468,0.43771166,0.29086363
523939858,0.38070577,0.34193492,0.2773593
523981390,0.31974334,0.35576612,0.32449055
524018311,0.32485974,0.3166058,0.35853446
524216288,0.24926795,0.2478654,0.5028666
524552335,0.4132112,0.2793399,0.3074489
524713761,0.3706309,0.3197233,0.30964583
525775655,0.21560302,0.5186488,0.26574817
526180222,0.27499846,0.28284192,0.44215965
526842019,0.27267385,0.28870943,0.4386167
527029193,0.38805714,0.3273961,0.28454673
527069207,0.5749198,0.16686982,0.25821036
527393534,0.28134716,0.42035288,0.29829997
527735151,0.48802602,0.23725113,0.2747228
527918715,0.46031198,0.2545583,0.2851297
528164964,0.26651818,0.4192115,0.31427038
528425001,0.4846908,0.24135098,0.27395824
528741093,0.2762949,0.44296417,0.28074098
528938967,0.32541203,0.31048834,0.36409962
528963359,0.31480387,0.3765834,0.30861276
528998104,0.33859375,0.37634057,0.28506565
531061530,0.31832087,0.4016856,0.27999356
531321232,0.27652758,0.40736502,0.3161074
531488578,0.3813108,0.30864614,0.31004304
532054872,0.34866107,0.34953177,0.3018071
532422922,0.23852333,0.46858305,0.29289362
532457514,0.4068411,0.31596777,0.2771911
532593356,0.3029118,0.40209365,0.29499453
532778683,0.3866299,0.31960458,0.29376554
532859878,0.3564816,0.3660574,0.27746105
533008937,0.5056267,0.21849436,0.275879
533475351,0.43350905,0.29906258,0.2674284
534007590,0.35327107,0.34995094,0.29677802
534421329,0.3780086,0.36016902,0.2618224
534862768,0.2785651,0.3811749,0.34026003
535041799,0.42868292,0.27370355,0.29761356
535755610,0.45715714,0.269942,0.2729009
535890961,0.48320407,0.26164064,0.25515532
536896239,0.2747672,0.45983732,0.26539552
536905807,0.27549455,0.44001907,0.28448635
537142417,0.4466121,0.25684628,0.29654163
537512161,0.40266877,0.31396013,0.2833711
537551893,0.31837296,0.30140305,0.380224
537638373,0.46205422,0.26773205,0.27021372
537688813,0.31833172,0.35595724,0.325711
537717334,0.24203748,0.47358814,0.28437436
537893941,0.3832755,0.30110782,0.3156167
538134794,0.23088242,0.49522567,0.27389187
538323154,0.36467078,0.36561784,0.26971138
538585824,0.32959116,0.37671858,0.29369032
539605416,0.384641,0.2927732,0.3225858
539832153,0.363905,0.30631477,0.32978016
540176918,0.41384596,0.2989336,0.28722042
540250747,0.328978,0.31583273,0.35518926
540255904,0.34017575,0.345065,0.31475928
540276133,0.30438653,0.34883848,0.346775
540459737,0.23395352,0.48686346,0.27918303
540796721,0.34428784,0.36917132,0.2865408
540831011,0.48365808,0.2341772,0.2821647
542386673,0.26399446,0.24666749,0.48933804
542590145,0.30984867,0.40460414,0.2855472
542968830,0.23192556,0.45654997,0.31152445
544696070,0.17469044,0.58938843,0.23592111
544955363,0.18605343,0.54459894,0.2693476
544981866,0.29373544,0.4112449,0.2950197
545091801,0.2873221,0.26994732,0.4427306
545154441,0.3420335,0.37382638,0.28414008
545195104,0.37668398,0.34840673,0.27490932
546498050,0.32350105,0.3961622,0.28033668
547277158,0.43622494,0.26801285,0.29576224
547698248,0.38244814,0.3175354,0.30001646
548020090,0.35438856,0.31995258,0.32565886
548533707,0.2192573,0.5226593,0.2580834
548579761,0.28978747,0.38435936,0.32585323
548767914,0.33993456,0.37492734,0.2851381
548792251,0.28208548,0.30649957,0.41141498
548944210,0.3725803,0.33379918,0.29362053
549027861,0.33103257,0.3894984,0.279469
549179441,0.37879333,0.2940209,0.32718575
549216751,0.37485963,0.32006902,0.30507135
549362400,0.40562302,0.2976241,0.29675287
549514947,0.40033013,0.31376076,0.28590915
549546575,0.40045726,0.30559236,0.29395038
549783000,0.3343974,0.37356895,0.2920336
549950185,0.413782,0.29375854,0.29245946
550012822,0.24411967,0.47956118,0.27631915
550044168,0.27222192,0.38843754,0.33934057
551741922,0.3172267,0.32638305,0.35639018
552847138,0.3650616,0.3409304,0.294008
552891227,0.3711481,0.35279965,0.27605224
552948542,0.28170526,0.42920178,0.28909296
554350432,0.3818941,0.3196646,0.29844123
554439300,0.33977515,0.34945303,0.3107718
554685158,0.31640232,0.34555274,0.33804494
556138136,0.4754447,0.25157553,0.2729798
556169777,0.34852886,0.34534845,0.30612266
556199404,0.37763703,0.30459931,0.3177637
556423204,0.3132635,0.3875016,0.29923487
556574131,0.23843718,0.34477866,0.41678417
556734884,0.38514096,0.32392263,0.2909364
557435929,0.32956603,0.3516596,0.3187744
557617668,0.25076732,0.35929075,0.38994193
558398613,0.36362255,0.34573066,0.29064682
559247606,0.45940357,0.26953605,0.27106047
559358989,0.41821843,0.2740404,0.30774117
559488957,0.40221614,0.2957692,0.30201465
559733602,0.36458337,0.32622817,0.3091885
560260100,0.3645956,0.34645352,0.2889509
560399427,0.4405617,0.2669376,0.29250062
560898981,0.42192227,0.28784722,0.29023054
560962274,0.5233214,0.21696135,0.25971732
561036778,0.3813553,0.34537375,0.27327096
561214980,0.29778475,0.38132274,0.32089248
561740970,0.4247726,0.26634753,0.3088799
562388801,0.32839486,0.25067508,0.42093006
562414146,0.28420275,0.42238784,0.2934094
562482473,0.3101505,0.35444927,0.33540022
562916604,0.4080891,0.32375333,0.26815757
563116231,0.22602522,0.23087525,0.5430995
563134039,0.4390756,0.27041128,0.29051316
563253912,0.30586988,0.2868473,0.40728283
565262864,0.3648728,0.34041038,0.29471686
565677946,0.6053838,0.14691252,0.24770366
565895050,0.3364429,0.3842256,0.2793315
566165855,0.25899515,0.46207833,0.27892655
567237686,0.273691,0.43608916,0.29021984
567818285,0.33671355,0.3582192,0.30506724
567830228,0.34572488,0.3673895,0.2868856
569027448,0.34084818,0.3567867,0.30236512
569911632,0.35561216,0.33288026,0.31150758
570059645,0.27260542,0.27549306,0.4519015
570244605,0.3638949,0.32301697,0.3130881
570262146,0.3333908,0.32225728,0.3443519
570271683,0.26710802,0.44431588,0.28857607
570365466,0.29025757,0.42000827,0.28973415
570673046,0.34247053,0.37270963,0.28481984
571090007,0.28891784,0.42605126,0.2850309
571273291,0.3379367,0.35204822,0.31001508
571751577,0.3238265,0.35513055,0.32104295
573318064,0.27505288,0.43417588,0.2907713
573629523,0.26292828,0.43534663,0.3017251
573698555,0.41180816,0.30451262,0.28367922
573952509,0.38426322,0.34055167,0.2751851
574190338,0.4356161,0.2774851,0.2868988
574279657,0.36079624,0.35739398,0.28180978
574734685,0.2673729,0.45808673,0.27454036
574863547,0.34150726,0.3619808,0.296512
575216919,0.48898935,0.24529609,0.26571456
575351357,0.302512,0.4118113,0.28567672
576530406,0.22284026,0.21912774,0.558032
576725776,0.21699136,0.45142537,0.33158326
576860279,0.36701906,0.22127661,0.4117043
578281132,0.3945325,0.3122781,0.29318947
578522976,0.4759324,0.24585684,0.27821076
578673415,0.29065168,0.346866,0.36248237
578752092,0.33467472,0.34322363,0.32210162
579117501,0.37033576,0.3318242,0.29784006
579244094,0.44027644,0.28497392,0.2747496
580469348,0.34029168,0.36479577,0.29491255
580554628,0.18389119,0.18001634,0.6360924
581145977,0.36812943,0.3334164,0.29845417
582223233,0.32246083,0.3723052,0.3052339
583033788,0.16096555,0.5986569,0.24037753
583126002,0.36539382,0.33255178,0.3020544
583140982,0.28385893,0.25965545,0.4564856
583728201,0.42670548,0.28543139,0.28786314
584534382,0.30663177,0.39874265,0.29462558
585107354,0.3557278,0.3536353,0.29063696
585426518,0.2377842,0.4723493,0.2898665
585459041,0.26015294,0.44398117,0.2958659
585525447,0.37276852,0.31533164,0.3118999
585572765,0.3176193,0.41424787,0.26813287
585840249,0.35609618,0.3293878,0.314516
585973772,0.29449922,0.30854502,0.39695573
586148566,0.49304992,0.23328435,0.27366567
586219795,0.29686785,0.340056,0.36307615
586423696,0.3499239,0.36968094,0.28039515
586949290,0.32710373,0.28924838,0.3836479
588053556,0.36486542,0.26965094,0.3654837
588751099,0.4917087,0.23719227,0.27109903
588968746,0.42570984,0.29280257,0.28148758
589293820,0.3721888,0.29151353,0.33629757
589632544,0.33353034,0.38062233,0.28584737
589869382,0.36359745,0.34929252,0.28711003
590191223,0.3693303,0.33464673,0.29602295
590612896,0.36322433,0.31430393,0.32247174
591000695,0.31132856,0.32664013,0.36203128
591666857,0.33405134,0.3584662,0.30748242
592908805,0.42056563,0.29524785,0.28418654
593084767,0.38085163,0.323722,0.29542637
593119214,0.2602731,0.4701225,0.26960438
593141432,0.28540862,0.39697033,0.31762105
593233622,0.48435074,0.24216211,0.27348712
593384133,0.25441355,0.43114218,0.3144443
593445868,0.30970287,0.31142735,0.37886977
593485103,0.36322188,0.3313074,0.30547065
593838648,0.51233983,0.22390243,0.26375774
593919730,0.32178164,0.36917698,0.30904138
594370397,0.32702923,0.36390907,0.30906174
594666380,0.38096285,0.3518275,0.26720965
595190820,0.33718848,0.37994826,0.28286326
595382031,0.34766716,0.29107016,0.36126268
595587090,0.28352112,0.35955665,0.3569222
596761678,0.25428006,0.4843154,0.2614045
597165431,0.31553006,0.3139571,0.37051287
597464191,0.3660704,0.30797404,0.32595557
597979661,0.3502081,0.37731054,0.27248132
598028150,0.35276634,0.2987087,0.34852493
598311416,0.32758692,0.38470495,0.2877081
598721996,0.2567991,0.47115582,0.27204508
598855916,0.27401447,0.41087896,0.31510663
598984555,0.4649378,0.26307082,0.2719914
599159921,0.23052995,0.49140647,0.2780636
599227489,0.46583897,0.24867207,0.28548896
599620038,0.35093534,0.35887212,0.29019248
599762723,0.2826901,0.4327178,0.2845921
600421220,0.37608317,0.31663948,0.30727735
600466621,0.30013114,0.32517958,0.37468928
602400267,0.37839895,0.3201927,0.3014084
602460603,0.31494558,0.36790228,0.31715214
602481325,0.36585784,0.33164248,0.3024997
603031593,0.29588032,0.4219418,0.28217793
604567051,0.32334298,0.3434919,0.33316514
605051920,0.30038166,0.2916805,0.40793782
606029465,0.33060545,0.33532748,0.33406705
606115644,0.41279888,0.30068684,0.28651428
606495668,0.39065635,0.30555725,0.3037864
606604980,0.37236336,0.33769256,0.2899441
606621642,0.43525788,0.289928,0.27481407
606778838,0.38260147,0.33359957,0.283799
607419673,0.42686033,0.28095907,0.29218063
607698458,0.27520853,0.40999028,0.31480116
607823046,0.27821726,0.36643192,0.35535085
607879740,0.36077386,0.34079537,0.2984308
607962208,0.3510974,0.36555922,0.28334337
609192285,0.44159395,0.28576553,0.2726406
609371141,0.3784854,0.3011285,0.32038608
609449522,0.29937238,0.32830554,0.37232214
609528313,0.3219242,0.3673613,0.31071448
609559471,0.48358518,0.23673512,0.2796797
610202547,0.35046196,0.3529368,0.29660124
610367092,0.4744079,0.251755,0.2738371
610925909,0.3529631,0.35065985,0.29637706
611181297,0.33819324,0.37419224,0.28761452
612751829,0.4414357,0.29134247,0.26722184
613740113,0.26264176,0.44476628,0.29259193
614020774,0.23586729,0.27670094,0.4874317
615161339,0.38527232,0.3372152,0.2775125
615570702,0.44013834,0.280082,0.27977964
615709333,0.35220927,0.3267511,0.32103962
615870213,0.3589893,0.3430581,0.2979526
616143540,0.3509986,0.34186047,0.30714095
616252715,0.2521222,0.46179742,0.28608045
616296633,0.53983057,0.20547798,0.25469148
616873129,0.4683133,0.25269067,0.27899602
616935908,0.37487555,0.31877595,0.3063485
617479962,0.45083907,0.2610115,0.28814945
617708778,0.33571675,0.26983458,0.3944487
617879069,0.46901694,0.24378553,0.28719753
617926868,0.39631456,0.29635906,0.30732644
618339970,0.41349673,0.30346373,0.2830395
619545949,0.27107504,0.38125965,0.3476653
619671696,0.25968605,0.44274652,0.29756743
620236090,0.35158706,0.3594887,0.28892428
620524477,0.35053638,0.33266103,0.31680262
621891155,0.36571103,0.3481314,0.28615758
622087916,0.3094114,0.37390584,0.31668282
622236720,0.33551657,0.32917172,0.3353117
622331560,0.4401158,0.2765691,0.28331512
622475991,0.33865795,0.35047805,0.31086403
622799072,0.33267915,0.37929004,0.2880308
623124015,0.25883,0.4608382,0.2803318
623492959,0.35459143,0.34381455,0.30159402
624725677,0.4745692,0.24749015,0.27794063
625075376,0.31621003,0.39367706,0.2901129
625470777,0.3657261,0.3460403,0.28823358
625548430,0.37481472,0.331347,0.2938383
626138796,0.36115366,0.32270706,0.3161393
626798585,0.29946882,0.38562715,0.31490406
627141565,0.26026744,0.2818653,0.4578673
627508019,0.30224654,0.41418028,0.28357318
628674489,0.24574356,0.35199994,0.40225646
629133597,0.4040256,0.2912351,0.30473924
629176467,0.2985996,0.38737267,0.3140278
629855468,0.30634958,0.38548997,0.30816042
630930104,0.355051,0.34454224,0.30040675
631243486,0.3833077,0.323161,0.2935313
631428573,0.34002697,0.30553913,0.3544339
631470496,0.31660962,0.3677353,0.31565505
631868076,0.31328827,0.37113452,0.3155772
632237904,0.28482628,0.3953054,0.31986833
632292444,0.36781588,0.3297429,0.3024412
632475973,0.35487217,0.3378658,0.307262
633305274,0.34830222,0.38123477,0.270463
634484724,0.3100182,0.40869915,0.2812826
634578782,0.29966247,0.39217395,0.30816352
634672728,0.2569774,0.43664205,0.30638057
635064748,0.28972274,0.3531714,0.35710585
635645615,0.25975153,0.35696632,0.38328218
636147262,0.43387443,0.2664739,0.29965168
636310430,0.3646804,0.34748203,0.2878375
636399858,0.40113693,0.31345782,0.28540522
636457468,0.35960513,0.32687446,0.31352043
636787315,0.5069996,0.22825742,0.26474303
636874784,0.3421275,0.3624763,0.29539615
636924454,0.35615867,0.33811384,0.30572748
637050045,0.3547138,0.3484996,0.2967866
637769173,0.232096,0.4811581,0.2867459
637827483,0.30445963,0.3818775,0.3136629
637962207,0.354352,0.35521388,0.29043412
638159432,0.26196423,0.4594918,0.278544
638160857,0.36218286,0.34855813,0.28925905
638361597,0.35501507,0.3181314,0.3268535
639032622,0.3144273,0.35092103,0.33465168
639138071,0.58777076,0.1730501,0.23917913
639169386,0.4109053,0.2644909,0.32460374
639554124,0.27569306,0.42467916,0.29962778
639739318,0.35367218,0.3544106,0.29191726
640986118,0.45140064,0.23422748,0.31437185
641010519,0.3487397,0.38057262,0.2706877
641050967,0.23277405,0.47903126,0.28819466
641097936,0.29606193,0.41006544,0.29387262
641486662,0.39536977,0.30174744,0.30288282
641602032,0.37910473,0.29702568,0.3238696
641769771,0.35017452,0.382532,0.2672935
642046230,0.40244034,0.29897928,0.29858035
642228012,0.38034016,0.32138678,0.2982731
642927726,0.33632952,0.33771154,0.32595894
643206791,0.36274385,0.3590122,0.27824396
644120854,0.35651934,0.35711563,0.28636497
644448986,0.38337514,0.31899995,0.29762495
644939934,0.34568882,0.36217588,0.29213536
644941988,0.36230636,0.34476542,0.29292822
645222783,0.35447454,0.37722874,0.26829678
645470456,0.2963831,0.39371875,0.3098982
645706137,0.37130463,0.33416286,0.29453248
646792714,0.4823084,0.24346319,0.27422845
646993495,0.34591866,0.38060975,0.2734716
646997865,0.24413517,0.49410895,0.26175588
647337169,0.3988805,0.27400726,0.3271122
647559082,0.3430036,0.3466416,0.31035483
647571816,0.47668552,0.24338862,0.27992582
647771686,0.33918267,0.29113942,0.3696779
648215224,0.36364284,0.33950686,0.2968503
648924164,0.22575793,0.51025915,0.26398292
649919138,0.38479215,0.30755442,0.30765343
650917288,0.36027175,0.34631026,0.29341802
651013110,0.39505982,0.25869378,0.3462464
651752286,0.34244213,0.36353236,0.29402545
651831051,0.4332828,0.28978223,0.27693498
652166213,0.508723,0.23097318,0.26030374
652221308,0.319813,0.37505418,0.30513287
652310313,0.33717412,0.36375505,0.29907084
652361745,0.40727982,0.30471456,0.28800565
652377101,0.381473,0.32253322,0.29599375
652801738,0.42327985,0.27585104,0.30086908
653020124,0.4561078,0.2696613,0.2742309
653232295,0.29749605,0.40571988,0.2967841
653368453,0.3882364,0.31992823,0.29183534
653447366,0.38345653,0.32055843,0.2959851
653669810,0.24495739,0.48450673,0.2705359
654392744,0.41515002,0.30276877,0.28208125
654430501,0.36665,0.34423834,0.28911167
655276803,0.2475718,0.37303138,0.37939683
655839311,0.30264038,0.28924173,0.4081179
655841003,0.34206277,0.37961784,0.27831936
655896897,0.38873416,0.3013407,0.3099251
656243391,0.3962087,0.28462845,0.3191628
656268525,0.36992753,0.35530567,0.2747668
656331069,0.31062895,0.399108,0.2902631
656594842,0.34313893,0.38235286,0.27450827
656624179,0.37166637,0.33957788,0.28875577
656778692,0.25950813,0.46291637,0.2775755
657113700,0.26661137,0.29222226,0.44116634
657244915,0.3304155,0.3800365,0.28954804
657327858,0.36001033,0.35196942,0.28802022
658111043,0.24262291,0.46042687,0.2969502
658228685,0.36837858,0.3380521,0.29356933
658636063,0.2857027,0.42195308,0.2923442
658672491,0.28748882,0.39516538,0.31734586
660096190,0.30189586,0.34883592,0.34926823
660256478,0.18462694,0.5565837,0.25878936
660985827,0.3612498,0.31373516,0.32501504
661181887,0.42016473,0.30796692,0.2718684
661284190,0.38683426,0.32003844,0.2931273
661722915,0.34896904,0.3625929,0.28843808
662351122,0.27832395,0.41768777,0.30398834
662443481,0.31777918,0.34921116,0.33300966
662451311,0.25468993,0.44837448,0.29693562
662680324,0.33180988,0.33435997,0.33383018
663171188,0.3595925,0.34319234,0.29721513
663541866,0.26986754,0.43549892,0.29463357
664005295,0.36380914,0.2969257,0.33926517
664244588,0.24114916,0.48176467,0.2770862
664460575,0.41529125,0.28940225,0.2953065
664992442,0.34964132,0.36348537,0.2868733
665715079,0.35403532,0.32533127,0.32063344
666274793,0.34621137,0.3681188,0.2856699
666426205,0.3080993,0.37575495,0.31614575
666439572,0.34788853,0.36950627,0.28260523
666911163,0.30247784,0.39626718,0.301255
667189662,0.608258,0.15654364,0.23519832
667498397,0.3987999,0.28806934,0.3131308
667938528,0.343516,0.36824012,0.28824383
668152056,0.36358815,0.34736896,0.2890429
668865690,0.3783651,0.33693007,0.2847048
669688941,0.32903042,0.36788952,0.30308005
669713722,0.27102646,0.44870436,0.2802692
669859018,0.34023494,0.35406852,0.3056966
670852744,0.3123381,0.39406732,0.2935946
671650745,0.28689423,0.34699738,0.3661084
671702775,0.27666032,0.44058603,0.28275362
671945114,0.35763335,0.3421912,0.30017543
672547997,0.33367622,0.40284002,0.26348376
673099965,0.3883772,0.32039315,0.29122964
673505563,0.3578237,0.38500357,0.25717276
675368882,0.33763513,0.34842855,0.3139363
675510053,0.28623217,0.38652295,0.32724488
675584932,0.28523475,0.42141378,0.29335147
675647301,0.33696,0.34685463,0.3161854
675753294,0.27894908,0.41012985,0.31092107
675783932,0.39216143,0.32854807,0.2792905
676269321,0.3219153,0.3684285,0.3096562
676518591,0.34505528,0.3376921,0.31725255
676559658,0.29193795,0.3286165,0.37944555
677185671,0.3723508,0.32225752,0.30539167
677204717,0.35605073,0.35881454,0.28513476
677247738,0.32345396,0.3744019,0.3021441
677712561,0.37771383,0.26900804,0.35327816
678057384,0.31663656,0.38551626,0.29784718
678379408,0.38452315,0.32952595,0.2859509
678539014,0.30426306,0.2758527,0.41988423
678816181,0.33307493,0.3861059,0.28081918
678820576,0.32488975,0.37748462,0.29762566
678989388,0.30753765,0.40609354,0.28636882
679000313,0.48289084,0.2372917,0.27981746
679082430,0.41080153,0.2667739,0.3224246
679218353,0.32942113,0.30798924,0.3625896
679448612,0.366817,0.32531387,0.30786914
679659418,0.34665582,0.32118282,0.33216137
680143524,0.29486448,0.41818362,0.2869519
680257148,0.36305106,0.3455465,0.29140246
680475797,0.34551078,0.36001217,0.29447702
680547101,0.4370153,0.2719756,0.29100913
680675949,0.31455392,0.38382655,0.3016196
681762547,0.34790054,0.3583578,0.2937417
682094803,0.4191764,0.2758772,0.30494642
682259210,0.29940972,0.37917233,0.321418
682337991,0.36811876,0.2990712,0.33281004
682432830,0.39894843,0.32168633,0.27936524
682473336,0.31227517,0.40990686,0.27781796
683114121,0.33949888,0.36935943,0.29114163
683799359,0.356664,0.3291207,0.3142153
683946311,0.43509007,0.2724162,0.29249373
684256307,0.48051876,0.24305412,0.2764271
684274419,0.32171655,0.37936345,0.29891998
684921222,0.35193944,0.25840592,0.38965467
685329785,0.34696192,0.3623715,0.29066658
685958150,0.34904015,0.33698905,0.31397074
686380422,0.3984412,0.31226152,0.28929728
686557600,0.38144985,0.31747305,0.30107707
687152352,0.33521485,0.34025663,0.3245285
687233999,0.44183975,0.26383114,0.2943291
687390679,0.3557574,0.355555,0.2886876
687507305,0.2603152,0.374452,0.36523277
687934298,0.42233354,0.27926207,0.29840434
688128642,0.27594793,0.41758972,0.30646235
688178311,0.3455698,0.34141457,0.31301564
688228605,0.41519982,0.2967114,0.28808883
688414035,0.33711272,0.3586715,0.3042158
688643500,0.2985815,0.35955548,0.34186298
688687915,0.3272394,0.28326255,0.38949805
689100268,0.32835415,0.3691131,0.30253273
689580590,0.3472617,0.3645929,0.28814536
689896699,0.246721,0.45956683,0.29371223
689923377,0.3795491,0.2843867,0.33606422
690377638,0.41893286,0.30260545,0.2784617
691071369,0.35850823,0.3340484,0.30744338
691089561,0.2957797,0.40216872,0.30205154
691791320,0.42932,0.28963894,0.2810411
691800945,0.395855,0.3209641,0.28318083
692240074,0.37860766,0.33226013,0.28913224
692366712,0.36600628,0.31613708,0.3178566
692438400,0.3457669,0.34400547,0.31022757
692846166,0.36084157,0.3079775,0.33118093
692883952,0.26308608,0.4678424,0.26907158
692907515,0.31459317,0.3943181,0.29108873
693299479,0.2928583,0.4144502,0.29269147
693683036,0.3790909,0.3207268,0.30018228
693760672,0.34071583,0.37229604,0.2869881
693823470,0.36928403,0.35010514,0.28061086
693954182,0.3919262,0.3168244,0.2912494
694162790,0.3566069,0.3688727,0.2745204
694447284,0.3771131,0.3062138,0.31667316
694518353,0.37054312,0.3363772,0.29307967
694674328,0.19240314,0.19240314,0.6151937
695150553,0.36538166,0.3434655,0.2911529
696119734,0.36162758,0.3530272,0.28534523
696672649,0.33059558,0.41694084,0.25246364
696846893,0.20450324,0.20450324,0.5909935
697209006,0.32710814,0.28684804,0.38604382
697680669,0.28013778,0.42376986,0.2960924
698136545,0.23184374,0.50170964,0.26644662
698401012,0.31659776,0.38375562,0.29964668
699057036,0.32414883,0.28571004,0.39014113
699889151,0.24937743,0.26037765,0.4902449
699931466,0.31484377,0.34139797,0.34375823
699978707,0.32728118,0.2997799,0.37293893
700257050,0.3433047,0.36203206,0.2946632
700262177,0.35666227,0.3248657,0.31847203
700659402,0.30870867,0.30144894,0.38984242
700868555,0.3293498,0.33695108,0.3336991
701090837,0.33644736,0.3600402,0.30351242
701336975,0.27876318,0.4258851,0.29535174
701360301,0.32945293,0.3815927,0.28895438
701382794,0.3915855,0.29774344,0.31067103
701495567,0.37616587,0.31897587,0.30485827
701588352,0.36004698,0.3479518,0.29200125
702041904,0.388471,0.3231442,0.28838474
702067130,0.37589532,0.31163585,0.31246883
702346209,0.22150579,0.21557404,0.56292015
702577995,0.29061735,0.3904169,0.31896573
703405849,0.4499098,0.26783,0.28226024
705052390,0.40185556,0.299349,0.29879546
705109550,0.3124412,0.39779162,0.28976715
705199188,0.35355526,0.37292174,0.27352297
705772162,0.3221896,0.3792512,0.2985592
706230222,0.40158415,0.27365953,0.32475632
706273423,0.3421411,0.36080754,0.29705137
706849199,0.34737766,0.3008325,0.3517899
707414367,0.24935903,0.23760755,0.51303345
707480036,0.31398267,0.33962667,0.3463906
707509908,0.32390255,0.3440249,0.3320726
708515109,0.33503062,0.3198862,0.34508318
709136463,0.35004732,0.31692344,0.3330292
709156988,0.30336845,0.4101725,0.2864591
709952254,0.31473774,0.3515377,0.33372456
710093751,0.31576905,0.3865236,0.29770732
710406237,0.30699766,0.4073608,0.2856415
710682796,0.357079,0.3428607,0.3000603
710712289,0.33695447,0.3535361,0.30950943
710887433,0.32606786,0.33404556,0.33988655
711385118,0.286892,0.44452128,0.26858675
711429368,0.32605827,0.38576496,0.28817677
711744841,0.3872949,0.3128331,0.29987198
711853969,0.38019502,0.34835297,0.27145195
711917575,0.39383566,0.3095229,0.29664147
712126362,0.36934787,0.34486914,0.28578305
712405210,0.34632415,0.36009377,0.29358208
712714519,0.36990067,0.33398026,0.29611906
712854371,0.3655998,0.34925008,0.2851501
712961569,0.23939875,0.41567546,0.34492582
713043559,0.33591038,0.39010727,0.27398235
713197204,0.29882216,0.36512458,0.33605325
713424065,0.32283884,0.36754352,0.30961764
714910021,0.34593374,0.29945868,0.35460758
715817672,0.35275346,0.36751375,0.2797328
715849604,0.3713924,0.31870463,0.309903
715861427,0.41447696,0.2959996,0.28952342
716236262,0.328126,0.35280228,0.31907174
716493758,0.33460486,0.35640204,0.3089931
716964962,0.3950662,0.24262157,0.36231223
717070125,0.32388154,0.3836921,0.29242635
717097269,0.28439373,0.35800624,0.35760003
717252402,0.37906462,0.32771242,0.29322296
717843988,0.43459743,0.28099406,0.28440848
718053279,0.43717992,0.2737937,0.28902638
718250232,0.3519966,0.34054315,0.30746022
719860290,0.31794646,0.25454983,0.4275037
719892604,0.29618523,0.40189773,0.30191705
720380278,0.29703575,0.39692622,0.30603802
720397764,0.26594925,0.2598297,0.4742211
720748211,0.34827805,0.36790687,0.28381512
720777997,0.34430623,0.35259533,0.3030985
720821291,0.48335415,0.24300021,0.2736456
721004517,0.31343126,0.38744974,0.29911903
721040925,0.3485996,0.36203176,0.28936863
721399219,0.48543108,0.22789615,0.28667277
721685338,0.32563984,0.38504913,0.289311
721694637,0.23140424,0.47334102,0.29525477
721694950,0.34324884,0.3817283,0.27502286
722189900,0.48934495,0.24330273,0.26735234
722270458,0.31244987,0.37408814,0.31346196
722512324,0.4308185,0.26723626,0.3019452
723176820,0.26835704,0.45678827,0.27485466
723536266,0.39688593,0.29788417,0.3052299
724144595,0.4024368,0.2941035,0.3034597
725347968,0.3171188,0.39716476,0.2857164
725451636,0.40598148,0.2885484,0.3054701
725571642,0.3875156,0.29878485,0.31369948
725712625,0.40467644,0.309511,0.28581256
726090661,0.22089516,0.527344,0.25176084
726174480,0.24411322,0.4793875,0.27649927
726790200,0.31173587,0.39234954,0.29591456
726921681,0.35510227,0.34340096,0.30149674
727383047,0.50596595,0.22343001,0.270604
728357564,0.35403752,0.36188728,0.28407517
728572634,0.35111892,0.35745543,0.2914256
728760437,0.26574388,0.3248194,0.40943673
729458908,0.38564187,0.3338202,0.28053793
729848328,0.37462512,0.34831303,0.27706185
731346432,0.34127706,0.37385327,0.28486967
731359047,0.301701,0.32964492,0.36865407
731608734,0.30599606,0.39463544,0.29936856
731814717,0.3492985,0.32939142,0.3213101
731831071,0.41833,0.27099633,0.31067365
732145029,0.26766598,0.45987296,0.27246112
732408826,0.31201923,0.35461336,0.3333674
732622568,0.5070394,0.23037046,0.26259008
733223183,0.3237357,0.38209853,0.29416573
733735516,0.32297194,0.37648433,0.3005437
734178179,0.34650078,0.36229116,0.2912081
734321315,0.335348,0.3429777,0.3216743
734797730,0.3744037,0.34292078,0.28267556
734856306,0.26684025,0.41995698,0.31320274
735068064,0.27966142,0.3784846,0.341854
735145029,0.33970755,0.36944577,0.29084665
735415860,0.35868427,0.35817432,0.28314143
736680415,0.36653167,0.33254373,0.30092466
736741376,0.25101185,0.47335395,0.27563423
737200814,0.37846798,0.33179766,0.28973442
737201480,0.45231593,0.26433906,0.28334498
737415984,0.35613137,0.36328188,0.28058672
737612704,0.3562135,0.3427347,0.30105183
737684238,0.48854646,0.24344152,0.26801202
737684657,0.3689811,0.28249216,0.34852678
738065013,0.3501617,0.35595554,0.2938828
738186597,0.3446265,0.3554101,0.2999634
738306586,0.3577904,0.33757865,0.30463094
738692448,0.32364476,0.37676865,0.2995866
740273517,0.3000643,0.39149597,0.30843973
740511279,0.37263083,0.32879788,0.29857132
741034949,0.37926638,0.3102066,0.31052703
741212665,0.34843,0.39237684,0.25919315
741268693,0.3304612,0.37779254,0.29174626
742123728,0.30380946,0.42657277,0.26961774
742283559,0.46122995,0.26242393,0.2763461
742321836,0.33836013,0.3351916,0.32644826
742651238,0.26313022,0.4314819,0.30538785
742816020,0.23348394,0.38138008,0.385136
743891198,0.28345203,0.38246983,0.3340781
744215630,0.28442246,0.42175874,0.2938188
744300599,0.29432547,0.44186217,0.26381233
744699408,0.31285447,0.37916806,0.30797744
744716337,0.394661,0.2969128,0.30842626
745092654,0.42053849,0.2900852,0.28937632
746100043,0.27814168,0.43973202,0.28212628
746463647,0.5055538,0.22664368,0.26780254
746505061,0.31586915,0.39510727,0.28902352
746959201,0.27422905,0.4164341,0.30933684
747730333,0.22635078,0.51067984,0.26296943
747730850,0.4580191,0.25378984,0.28819108
747793868,0.26678753,0.44385022,0.28936228
748464170,0.37133646,0.3371795,0.29148406
749497447,0.39763376,0.29587126,0.306495
749758791,0.23214954,0.48893094,0.2789195
749820514,0.38274357,0.320879,0.29637742
750489165,0.41420102,0.29388785,0.29191113
752598019,0.3688982,0.35253888,0.27856296
752651631,0.33881944,0.33914667,0.32203394
752952970,0.22393602,0.48802403,0.28803992
753381490,0.4613946,0.25313866,0.28546673
753407464,0.31596035,0.35909078,0.3249489
753510591,0.31215477,0.31376007,0.3740852
753567285,0.28509903,0.3627371,0.35216385
754003796,0.3380338,0.37410364,0.28786257
754249136,0.3232041,0.35480314,0.32199275
755240221,0.331151,0.35094264,0.31790638
755351780,0.25551975,0.4450444,0.29943585
756298120,0.36308652,0.3474825,0.28943095
756564306,0.23333153,0.46484727,0.3018212
757455810,0.40474397,0.3003841,0.29487193
757543140,0.24672273,0.20770065,0.5455767
757910095,0.2854412,0.2480683,0.46649057
757945744,0.32461566,0.39777654,0.2776078
758094569,0.24739017,0.41221857,0.34039125
758487427,0.34820744,0.34922263,0.30256993
759201941,0.3739487,0.36529887,0.26075247
759212152,0.31412017,0.34270817,0.34317163
759217380,0.33483392,0.3297733,0.33539274
759547905,0.38790298,0.33769548,0.27440158
759643364,0.41112605,0.27676743,0.3121065
759772839,0.3657764,0.3385797,0.29564387
759975102,0.27014673,0.4076873,0.32216594
760493513,0.2913705,0.41855758,0.2900719
760656782,0.34608638,0.38750046,0.26641318
760679584,0.38397297,0.31290424,0.30312282
760888943,0.3268854,0.313973,0.3591416
760930069,0.37021846,0.32131955,0.30846196
760945693,0.19665393,0.54498506,0.25836098
761553274,0.47916776,0.248521,0.27231127
763017173,0.312574,0.32968456,0.35774148
763096473,0.3806848,0.3384965,0.28081864
763129433,0.3744619,0.33433574,0.29120237
763947937,0.3592227,0.3316413,0.30913606
764162827,0.3573933,0.35610068,0.286506
764303769,0.5087742,0.21840924,0.27281657
764702299,0.33489797,0.37819615,0.28690594
764812062,0.36588824,0.3141372,0.31997454
764833414,0.35932714,0.35227388,0.28839904
765296911,0.40960032,0.30925095,0.2811487
765455106,0.37634724,0.2943083,0.32934442
765549343,0.51585853,0.22174266,0.2623988
765599574,0.23214002,0.236462,0.53139794
765630973,0.47233307,0.23418224,0.2934847
766200656,0.3299659,0.33111238,0.33892173
766269883,0.29695004,0.3953746,0.30767542
766335087,0.22178933,0.48739746,0.2908132
766496317,0.44206423,0.28767955,0.27025625
766523855,0.27951232,0.27951232,0.4409753
766594175,0.3449096,0.3413115,0.31377888
767200328,0.38089705,0.2955884,0.32351455
767203356,0.3864613,0.3071742,0.30636454
767238440,0.40527692,0.29572034,0.2990027
767357313,0.27542782,0.40811646,0.3164557
767408860,0.36238995,0.341214,0.29639602
767534972,0.2739275,0.3379432,0.38812935
767571489,0.3534983,0.34017047,0.30633122
767654808,0.394256,0.3051219,0.3006221
767904106,0.45945668,0.27022648,0.2703169
768309987,0.3464073,0.32442737,0.32916534
769028768,0.3472994,0.35378122,0.29891944
769578212,0.3262771,0.35747904,0.31624383
769892462,0.29084587,0.3816305,0.3275236
770147628,0.26827502,0.3653304,0.3663946
770406326,0.31384867,0.31120044,0.37495086
771515659,0.33076102,0.3811338,0.2881052
771705990,0.37490332,0.32388765,0.30120903
771758244,0.35470062,0.36410338,0.28119603
771961187,0.3672161,0.3511089,0.281675
772072990,0.40806693,0.2797233,0.31220973
772311054,0.48066399,0.24280718,0.27652884
772757442,0.2988584,0.23661464,0.46452695
773929889,0.24691027,0.46322495,0.28986478
774062307,0.37974596,0.27474642,0.34550765
774105798,0.37573588,0.30339098,0.3208731
774348995,0.30219108,0.4183165,0.27949244
775297944,0.34150112,0.33244914,0.32604972
775718046,0.5666286,0.18257262,0.25079876
775911845,0.22679582,0.41383177,0.3593724
776116035,0.27183264,0.45468855,0.2734788
776262791,0.22275153,0.5042886,0.27295986
776642746,0.34068346,0.36816302,0.29115355
777526089,0.35098612,0.35799512,0.29101872
777675806,0.333718,0.369102,0.29718
777879572,0.20678088,0.52568257,0.26753655
777951094,0.36290568,0.3538822,0.28321213
778314985,0.27911317,0.37188983,0.34899694
779169401,0.35244966,0.36442834,0.28312203
779424687,0.36559153,0.30453134,0.32987714
779653499,0.37742388,0.30781823,0.31475788
779858347,0.3460344,0.35416132,0.29980427
780075991,0.33310348,0.38981387,0.27708268
780506499,0.49050927,0.22534461,0.2841461
780695685,0.39960268,0.25308585,0.3473115
780697259,0.34049857,0.34473658,0.31476486
781120108,0.3196231,0.37173745,0.30863947
781440468,0.33076617,0.36272538,0.30650845
781756651,0.31908917,0.31032848,0.37058228
781950830,0.45329314,0.2603185,0.28638834
782183410,0.28265592,0.37681466,0.3405294
782294356,0.31986338,0.24291924,0.4372174
782376358,0.2180487,0.50722206,0.27472925
782742503,0.30623603,0.3619019,0.3318621
783046987,0.34680673,0.35268286,0.30051044
783387460,0.43281037,0.26392663,0.303263
784118017,0.44650024,0.24485753,0.30864224
784209837,0.377319,0.32032305,0.30235794
784610835,0.3045784,0.3428684,0.35255325
784797084,0.34724653,0.26198912,0.39076436
785048916,0.40273842,0.31072414,0.28653747
785332837,0.24375877,0.4615499,0.29469132
786559406,0.25131828,0.46716964,0.28151205
786641621,0.39895552,0.3129987,0.28804576
786770718,0.32701534,0.3921715,0.28081316
786783607,0.48778445,0.23448236,0.27773315
787366357,0.3914073,0.34925854,0.25933415
787423042,0.33829772,0.35602087,0.3056814
788882093,0.40829137,0.29442716,0.2972815
788895476,0.39116788,0.28525716,0.32357502
788968082,0.3453068,0.36474103,0.28995216
789617929,0.33984494,0.36661717,0.2935379
790171568,0.36629164,0.3398532,0.29385516
791231294,0.33703116,0.37447417,0.28849465
791677890,0.32397634,0.36276728,0.31325638
791780597,0.2674691,0.44194806,0.29058278
792352598,0.25826412,0.36264294,0.37909293
793302270,0.33972538,0.39138725,0.2688874
793866593,0.3473293,0.3570252,0.29564553
795269818,0.44736376,0.26473776,0.28789848
795662476,0.39943895,0.32106867,0.27949238
796048636,0.2628334,0.37393963,0.363227
796430071,0.22952634,0.5111087,0.25936493
796582708,0.23017159,0.2955274,0.47430104
796691108,0.48474136,0.2352602,0.27999842
796950142,0.22222233,0.49470758,0.28307012
797786870,0.26917794,0.4577583,0.27306378
797790532,0.33258146,0.3313495,0.33606905
798549665,0.35959834,0.3691044,0.27129728
798816810,0.34189785,0.33795655,0.32014567
798978630,0.34713292,0.3650736,0.28779352
799680491,0.33581364,0.26430592,0.39988044
799764192,0.31937864,0.34931943,0.33130193
800536650,0.4462735,0.2779901,0.2757364
800768941,0.40564945,0.30757535,0.28677517
800898722,0.33716586,0.3652177,0.29761648
801126386,0.29987335,0.38004526,0.32008135
802392842,0.39045003,0.30251437,0.3070356
803675165,0.3621214,0.3595906,0.27828804
804208116,0.41919363,0.2986241,0.28218225
804467499,0.35438675,0.3240868,0.3215265
804497184,0.37950438,0.33160883,0.28888682
804611218,0.30109903,0.38081145,0.31808954
804722742,0.3106914,0.327079,0.3622296
805484576,0.40081525,0.31894484,0.28023988
805942889,0.37595642,0.32917735,0.2948662
806191985,0.35547805,0.35546958,0.28905243
806247660,0.3239481,0.36839867,0.30765325
806976200,0.34776437,0.33862698,0.3136087
808002815,0.3527581,0.31017178,0.33707014
808323861,0.35848892,0.36823806,0.27327305
808411944,0.38523376,0.31847525,0.296291
808909771,0.32978162,0.29921204,0.37100634
809311656,0.3589177,0.34438813,0.29669416
809686481,0.35728976,0.35438806,0.2883222
809831413,0.23961458,0.44556448,0.31482092
809848307,0.42014194,0.2574184,0.32243967
810709019,0.40417236,0.29125965,0.30456793
810931083,0.38491768,0.33338735,0.28169498
811264514,0.35583422,0.36555082,0.27861494
811522991,0.39374873,0.31547987,0.29077142
812224393,0.31504342,0.38750774,0.29744887
812518689,0.3490864,0.35466754,0.29624608
812801100,0.32393065,0.30763048,0.3684389
812881541,0.36721957,0.3156414,0.31713897
812944009,0.4351471,0.27723643,0.2876165
813338471,0.37908068,0.34827358,0.27264577
813403967,0.27960616,0.40186217,0.31853163
813494037,0.43202615,0.2436695,0.3243044
813774582,0.2604319,0.43977904,0.29978907
813995981,0.41466343,0.27072826,0.3146083
814676121,0.4597656,0.2813011,0.25893328
814747273,0.35931665,0.3302812,0.31040215
815069445,0.32947785,0.36812386,0.3023983
815172120,0.40855825,0.25201997,0.33942187
815631071,0.23237313,0.48880652,0.2788204
815836742,0.46027297,0.24217784,0.2975492
816173320,0.36224633,0.3443249,0.29342872
816932544,0.3554741,0.32589018,0.3186357
818607766,0.31305104,0.27547765,0.41147137
818894452,0.25062084,0.44572908,0.30365008
819370039,0.34168607,0.3512406,0.30707335
820386908,0.3305263,0.37998378,0.28948992
820571253,0.3385805,0.34235755,0.31906196
821623140,0.37912574,0.3185875,0.30228674
821863835,0.3808146,0.33993393,0.27925152
822184468,0.3439282,0.3369277,0.31914407
822275122,0.28136882,0.36009902,0.35853213
822730342,0.38396096,0.29843703,0.31760204
823212361,0.43018112,0.23310667,0.33671218
823310658,0.3034077,0.32198578,0.37460655
823366502,0.38846862,0.3022532,0.30927825
824067423,0.34048218,0.35417938,0.30533838
824482237,0.27182668,0.264813,0.46336034
824538051,0.2892788,0.23537913,0.4753421
825163139,0.27379072,0.2541979,0.4720114
825294402,0.3456004,0.3884129,0.26598668
825757307,0.33180705,0.3762899,0.29190308
825768209,0.3245027,0.39399433,0.2815029
825877654,0.18684457,0.56796765,0.24518777
826290158,0.37390566,0.33402717,0.2920672
826615908,0.33290666,0.34228542,0.32480794
826903770,0.28148562,0.46011686,0.2583975
827314675,0.32965654,0.36190706,0.30843645
828115427,0.3513872,0.34651232,0.30210042
828389765,0.47840238,0.24534215,0.27625555
828828289,0.3326338,0.3599289,0.3074373
829247225,0.32584888,0.30475512,0.36939603
829339695,0.5437034,0.19779742,0.25849918
829670977,0.18146253,0.18146253,0.63707495
829993431,0.5022235,0.2292868,0.26848975
830083779,0.27950573,0.42023402,0.3002603
830414375,0.37560833,0.30440807,0.31998366
830442233,0.33468175,0.39301658,0.27230164
830444762,0.3144403,0.35009205,0.3354677
830517797,0.23701003,0.40285742,0.36013255
830535934,0.3777364,0.30004275,0.3222209
831081753,0.3924129,0.31975204,0.287835
831417726,0.35594982,0.36171478,0.2823354
831856317,0.43607572,0.24523443,0.31868988
832538452,0.3022347,0.40387267,0.29389262
833019307,0.40487745,0.30008423,0.29503834
833190748,0.44936565,0.2669578,0.28367656
834336581,0.35049355,0.34278387,0.30672252
834960909,0.40666184,0.30095673,0.29238147
835604446,0.47228375,0.24213734,0.2855789
835667352,0.3676512,0.3538953,0.27845353
836223002,0.3896094,0.31725207,0.2931385
836267605,0.38815254,0.3161459,0.29570156
836671415,0.40853846,0.28775543,0.30370608
836802513,0.5659883,0.17931134,0.25470033
836898557,0.38808018,0.2798116,0.33210823
837300328,0.38415298,0.31097582,0.3048712
837814911,0.3100804,0.34611753,0.34380203
838719756,0.3546142,0.3412002,0.30418563
838740162,0.16847649,0.5905384,0.24098513
838750137,0.4237588,0.28821844,0.28802273
839888009,0.24498302,0.47971916,0.27529782
841595438,0.5157603,0.22301945,0.26122028
841820089,0.35147244,0.37289077,0.2756368
842084708,0.3082075,0.37484708,0.31694537
842567347,0.3075263,0.3663634,0.32611024
843279115,0.27785018,0.41346228,0.3086876
843334337,0.35912713,0.29028827,0.3505846
843344596,0.3378603,0.35533595,0.3068038
843445922,0.3802983,0.32111722,0.29858446
843690478,0.38288486,0.3164575,0.30065763
844970664,0.41100353,0.31466877,0.27432764
845136322,0.39110628,0.3204257,0.288468
845400567,0.25523528,0.25134254,0.4934222
846154185,0.4391657,0.27200955,0.2888247
846198631,0.33901945,0.3226024,0.3383781
846202143,0.22321486,0.48765802,0.2891271
846586663,0.33644962,0.36657688,0.2969735
846600696,0.31777507,0.39051306,0.2917119
846742916,0.31541848,0.41500196,0.2695796
847097167,0.2773977,0.31213716,0.41046518
847259050,0.33035886,0.3379531,0.33168808
847351627,0.31509537,0.3525704,0.33233422
847639954,0.2640803,0.23350507,0.5024146
848182145,0.41761225,0.29874527,0.2836425
848222707,0.25580555,0.4613523,0.28284216
848425453,0.45685643,0.26217207,0.28097147
848491376,0.31586134,0.29765096,0.3864877
849450351,0.38358223,0.3158707,0.300547
849503286,0.26615417,0.22424103,0.5096048
849755318,0.33812344,0.36113647,0.30074006
850221446,0.28895885,0.42200297,0.28903812
850237855,0.29533184,0.29533184,0.40933633
850583023,0.3395257,0.369869,0.29060537
851437941,0.38822484,0.3138277,0.29794747
851741966,0.3379053,0.3647837,0.297311
851772271,0.16318335,0.5942751,0.24254152
851776254,0.2934747,0.3814827,0.32504258
852037517,0.28039044,0.3014359,0.41817367
852166977,0.35890698,0.2570535,0.38403952
852560879,0.32607335,0.35950658,0.31442004
852732787,0.36497867,0.34081614,0.29420516
852769619,0.34069946,0.36504704,0.29425353
852856601,0.37571704,0.28976312,0.33451986
853085026,0.23818353,0.46368843,0.29812807
853774565,0.32267138,0.38227734,0.29505128
854039698,0.2323699,0.49589124,0.27173883
854204789,0.34595442,0.3552872,0.2987584
854416810,0.4261835,0.26417032,0.3096462
854836814,0.30470932,0.39565015,0.29964054
856337886,0.27160338,0.37237084,0.35602576
856798972,0.34607768,0.33472902,0.3191933
857416908,0.3242718,0.37717313,0.29855508
857693972,0.42203027,0.2979091,0.2800606
857703939,0.3261299,0.39308876,0.28078133
858386083,0.35727584,0.34513134,0.29759285
858741775,0.25713205,0.32462835,0.4182396
858936913,0.29872835,0.3944378,0.3068339
859060354,0.38246015,0.3274545,0.29008532
859368732,0.37667656,0.28922695,0.3340965
859655510,0.3383888,0.35809213,0.3035191
860087617,0.33460993,0.37070334,0.29468673
860172464,0.33346778,0.38565648,0.28087574
860211596,0.28321844,0.3221669,0.3946147
860275990,0.5081521,0.21077752,0.28107035
860437326,0.24893138,0.24447489,0.5065937
860474888,0.34625006,0.36060792,0.29314208
861660085,0.36222634,0.34395003,0.2938236
861888886,0.34023517,0.37546295,0.28430188
862357408,0.3894531,0.31906688,0.29148
862855891,0.27798265,0.26743656,0.45458084
863373115,0.52881414,0.20162939,0.26955646
864780792,0.4494356,0.2670313,0.2835331
865568768,0.4277552,0.29413745,0.2781074
865805025,0.22293009,0.496952,0.28011793
865873332,0.42442524,0.30505565,0.27051908
866492806,0.33631164,0.37594038,0.287748
866660783,0.32648242,0.3026024,0.37091514
866976145,0.32911003,0.31597048,0.35491943
867268041,0.28866696,0.27865422,0.43267882
867508149,0.35194728,0.36796814,0.2800846
867727601,0.31456703,0.3837766,0.30165637
869915555,0.25815988,0.29179874,0.45004138
870332680,0.33523822,0.38654405,0.2782177
870814389,0.3319834,0.32874054,0.33927608
871068023,0.37939534,0.35072792,0.26987675
871227844,0.26465616,0.42965257,0.30569127
871322412,0.34525436,0.3705938,0.28415185
871371197,0.3574803,0.32686764,0.3156521
871526026,0.37032115,0.32563516,0.30404368
872056967,0.35055584,0.37150413,0.27794003
872310352,0.41649547,0.28543663,0.29806793
872363636,0.39515144,0.33460957,0.270239
872443680,0.24101898,0.3260672,0.43291384
872539516,0.55136895,0.1960286,0.2526024
872658612,0.38223705,0.33922744,0.27853554
872974028,0.38473746,0.33379984,0.28146273
873443158,0.6114868,0.15164152,0.23687162
873642239,0.36517137,0.3365743,0.2982543
874244917,0.53489184,0.21012188,0.25498623
874473627,0.25269312,0.48237884,0.26492804
874786880,0.42142653,0.29364163,0.28493184
875290371,0.34928638,0.34172803,0.3089856
875321721,0.44920272,0.27523938,0.27555794
875677285,0.2768544,0.4144603,0.3086853
876090188,0.21238664,0.5310453,0.2565681
876108953,0.28842703,0.29893163,0.41264135
877506055,0.3331526,0.34962678,0.3172206
877656123,0.3767323,0.3297929,0.29347485
878651111,0.30907667,0.42379376,0.2671296
878820046,0.41986477,0.30283946,0.2772958
878887272,0.38350734,0.32652912,0.28996354
879471430,0.42514867,0.27715063,0.2977007
879678321,0.2633934,0.43725938,0.2993472
879940450,0.33464944,0.38674653,0.2786041
880047507,0.41233546,0.291588,0.2960765
880759896,0.21101692,0.2114126,0.57757044
880846619,0.26172525,0.2228603,0.5154144
881310427,0.33728176,0.36281064,0.29990762
882306536,0.3649702,0.3396232,0.29540664
883021672,0.32075936,0.37017035,0.3090703
883915954,0.37777352,0.31096494,0.31126153
884224318,0.27077165,0.4508075,0.2784209
884314563,0.3742491,0.32000828,0.30574262
884569108,0.28227592,0.34210357,0.37562048
884859770,0.38212857,0.31819552,0.29967594
884960593,0.2056596,0.20488921,0.5894512
885447879,0.3973766,0.3168072,0.28581613
885521162,0.39350352,0.29836065,0.3081358
885980870,0.46152306,0.25715023,0.28132665
886003210,0.41953698,0.27149665,0.3089664
886021604,0.32220966,0.37080646,0.3069839
886142254,0.37597007,0.31500858,0.30902135
886445906,0.38633943,0.3033463,0.3103142
887507035,0.34744507,0.3480684,0.30448657
887874877,0.35325038,0.31438518,0.33236444
888100345,0.2546574,0.43281037,0.31253225
888371073,0.2907127,0.3878405,0.32144678
889167096,0.32214674,0.40309244,0.27476078
889976989,0.4340297,0.28472748,0.2812428
890319668,0.26147822,0.47316307,0.26535872
890527918,0.29912692,0.40712777,0.29374528
890646735,0.42714784,0.28171003,0.29114217
890895628,0.50572276,0.23525861,0.25901866
890907911,0.24833454,0.44830906,0.3033564
891079772,0.29798272,0.39666468,0.30535257
891398729,0.47468793,0.2325218,0.29279026
892081991,0.369312,0.29194522,0.3387428
892474828,0.2820899,0.43517685,0.28273326
892547876,0.38247213,0.35676536,0.26076254
893319568,0.3753811,0.3397547,0.2848642
893763519,0.4367457,0.26657435,0.29667994
894626352,0.3433438,0.35231304,0.30434313
895330493,0.3356918,0.36630237,0.29800582
895573330,0.38526845,0.29506576,0.3196658
895707454,0.4833814,0.25882712,0.2577915
895973701,0.3928073,0.31451845,0.29267418
896013147,0.37013137,0.35329503,0.2765736
896084903,0.3931495,0.33101213,0.27583838
896128160,0.36718768,0.34675345,0.2860589
896241291,0.4592299,0.26724088,0.27352923
896381874,0.24793914,0.4831409,0.26891997
896829909,0.43801808,0.2962538,0.26572812
897125348,0.49189782,0.24018508,0.2679171
897775559,0.41498852,0.30114442,0.28386706
898420807,0.21510074,0.5207125,0.26418674
898873672,0.33798733,0.36505193,0.2969607
899168104,0.3437462,0.34178275,0.314471
899558259,0.39220327,0.29483443,0.3129623
899801177,0.36478686,0.33725736,0.2979558
900238265,0.29465586,0.32863224,0.3767119
900664217,0.43724552,0.28085107,0.2819034
900722589,0.341982,0.37577054,0.28224742
900748846,0.5420063,0.20066756,0.25732613
901226641,0.31719232,0.3571754,0.3256323
902353824,0.19238794,0.5629878,0.24462423
902717678,0.33059654,0.36426884,0.3051346
903080822,0.36260128,0.33287644,0.3045223
903644904,0.3392213,0.3721885,0.28859022
903779818,0.36445498,0.3464537,0.28909135
904324693,0.36247092,0.37649286,0.26103628
904351330,0.42079073,0.30573177,0.27347744
904435314,0.38426828,0.3260867,0.28964496
904712108,0.2983346,0.36205167,0.33961374
904858325,0.24765015,0.47668147,0.27566835
905497492,0.44439608,0.24189173,0.31371224
905913882,0.40333337,0.32253465,0.27413195
905952256,0.3854214,0.33542752,0.27915108
905954342,0.2974487,0.41161048,0.2909408
906881914,0.52893627,0.20780383,0.26325992
907180812,0.31537107,0.341764,0.3428649
907200418,0.25335148,0.27227777,0.47437072
907404810,0.2820586,0.4419787,0.27596268
907973163,0.36276922,0.34435356,0.29287726
909019182,0.26645857,0.4352998,0.29824167
909034690,0.2289612,0.50773317,0.26330566
910875951,0.31906995,0.40239447,0.2785356
911088869,0.35338873,0.35348937,0.29312193
911439918,0.30789125,0.41247296,0.2796358
911998102,0.36702058,0.29382005,0.33915937
912794313,0.32271442,0.34572005,0.33156556
913773752,0.40256494,0.30527198,0.29216304
913802335,0.34308457,0.35441154,0.30250388
915091712,0.32088166,0.3587418,0.32037657
915367723,0.3583455,0.32923198,0.3124225
915541582,0.33497667,0.34508505,0.31993824
915620190,0.35423535,0.3454927,0.300272
915697009,0.23620436,0.3836174,0.38017824
915824111,0.29318082,0.370902,0.33591717
915937366,0.49387246,0.23834331,0.26778424
917457597,0.46753868,0.24028032,0.292181
917548030,0.3365007,0.3430919,0.3204074
917549806,0.29888242,0.40360147,0.2975161
917614862,0.3754136,0.32809615,0.2964902
917615276,0.27931207,0.33870834,0.38197964
917967567,0.43939966,0.27368855,0.2869118
918029306,0.4442042,0.24808526,0.3077105
918500838,0.30224735,0.40950722,0.28824544
918733683,0.38245022,0.287613,0.32993677
918951647,0.269733,0.45597476,0.27429223
919033853,0.328431,0.2942665,0.37730247
919286981,0.38690883,0.2490589,0.3640322
919864891,0.33280694,0.30534697,0.3618461
920144397,0.40739822,0.2986617,0.29394004
920800884,0.39072174,0.29706028,0.31221795
921097804,0.33249587,0.32344645,0.34405762
921485666,0.2727353,0.4427923,0.28447235
921506648,0.41079748,0.30351204,0.2856905
921579211,0.2956211,0.37541068,0.32896823
921761444,0.28189617,0.43974552,0.27835834
922334196,0.30474672,0.4178425,0.27741078
922418850,0.30576268,0.4073997,0.28683758
922666394,0.46790415,0.26699036,0.26510546
922942781,0.3304496,0.37647772,0.29307264
923030065,0.30011475,0.37860474,0.32128054
923222155,0.33624953,0.38516605,0.27858442
923557423,0.24134727,0.23230708,0.5263456
924281297,0.28947777,0.43341678,0.27710542
924414353,0.35549533,0.37504753,0.2694571
924507948,0.34458202,0.36164966,0.2937683
924943883,0.33883983,0.34761375,0.31354642
925134983,0.26749268,0.45912105,0.2733862
925191545,0.35472786,0.34836355,0.29690862
925485264,0.22283858,0.31768727,0.45947415
925576591,0.44691253,0.26396117,0.2891263
925695484,0.40597472,0.29906642,0.2949589
925861265,0.35094005,0.3393277,0.30973226
925963894,0.45645672,0.26177529,0.28176796
926065372,0.31765908,0.3814615,0.30087942
926101126,0.32859218,0.2770518,0.39435595
926649457,0.40188685,0.31916314,0.27894998
927057715,0.3716449,0.32211992,0.3062351
928284057,0.32441175,0.36494303,0.31064522
928510260,0.35863823,0.31879112,0.32257065
929245716,0.33707702,0.29887295,0.36405003
929505116,0.31964916,0.3758458,0.30450508
929736461,0.3464602,0.30406165,0.34947816
930647393,0.44048607,0.25777343,0.30174047
930708627,0.38150313,0.30410808,0.31438875
930812345,0.32547957,0.34959388,0.32492656
930818921,0.27568328,0.25788945,0.46642733
930847441,0.29469553,0.42310357,0.28220093
932082965,0.41806316,0.28332072,0.29861605
932453358,0.37168884,0.3043259,0.32398522
932690087,0.18026364,0.18026364,0.6394727
932788649,0.35058922,0.37650818,0.27290258
933340359,0.3676613,0.31020457,0.32213414
933393524,0.25406444,0.35115442,0.39478117
933847536,0.4686605,0.24404317,0.28729632
933973597,0.43547776,0.27999687,0.28452533
934281363,0.47037625,0.26774952,0.26187426
934551937,0.2978629,0.32978883,0.37234825
935182872,0.41070193,0.281734,0.30756414
935260663,0.31809366,0.40817297,0.27373344
935325476,0.3534221,0.34054625,0.3060316
936080336,0.35752022,0.34038323,0.30209655
936383911,0.25681925,0.45995843,0.28322232
936726225,0.4348606,0.26947308,0.29566634
937078545,0.31629556,0.3188129,0.36489153
937860125,0.33789796,0.34277833,0.31932372
938616798,0.2536961,0.464541,0.28176284
939110797,0.4061469,0.27505255,0.31880057
939239926,0.2635343,0.44158173,0.29488397
939431975,0.28070116,0.28070116,0.43859774
939800989,0.42221808,0.27499014,0.30279183
940268001,0.39924115,0.300281,0.30047786
940876675,0.33327883,0.36011228,0.30660886
941832416,0.4096697,0.30882233,0.28150797
942014434,0.31823432,0.3860238,0.29574192
942448465,0.30014852,0.4068066,0.29304487
942492220,0.3529197,0.34473395,0.30234632
943261655,0.29573637,0.40868917,0.29557443
943440380,0.34547052,0.35081178,0.30371776
943668861,0.22925645,0.25129712,0.5194464
943944171,0.21381384,0.5306998,0.25548634
944632808,0.35197353,0.3385567,0.30946976
944774454,0.37702364,0.33633447,0.28664184
945050683,0.4561273,0.24411163,0.29976112
945592869,0.36420786,0.32297754,0.31281465
945755614,0.24827377,0.47699928,0.27472696
946126879,0.2687833,0.38206226,0.3491544
946475791,0.3672759,0.30628616,0.32643795
946878255,0.2752077,0.4048311,0.3199612
947129728,0.31423807,0.30531088,0.38045108
947590678,0.31341872,0.40967783,0.27690345
947766919,0.3401478,0.32975912,0.3300931
948700648,0.35403776,0.34400097,0.30196124
949212778,0.35735595,0.35050797,0.29213604
949245136,0.31521484,0.3385724,0.34621274
949321212,0.33783448,0.38778538,0.27438018
949940487,0.47760302,0.24293229,0.27946466
950057857,0.36472964,0.33889914,0.29637116
950471324,0.3104604,0.30422622,0.3853134
950813663,0.34221488,0.274634,0.3831511
952116483,0.34457245,0.36086583,0.29456174
952119992,0.2901614,0.42941737,0.28042123
952497923,0.30154115,0.41529825,0.2831606
952785835,0.39444104,0.29549325,0.31006575
953238116,0.30762085,0.33266318,0.35971597
953490431,0.3486886,0.36141607,0.28989533
953760870,0.34110945,0.37811264,0.28077793
953949817,0.261544,0.26617056,0.47228545
954241867,0.35351455,0.3324184,0.31406707
954410312,0.39888436,0.299474,0.30164164
955238091,0.3246211,0.3461942,0.32918465
956130768,0.41853005,0.27287245,0.30859748
956249108,0.3621853,0.31739837,0.32041633
956455246,0.40351254,0.30858916,0.2878983
957159094,0.1958779,0.53671914,0.26740298
957624109,0.36036402,0.33384722,0.30578876
957625735,0.35884786,0.25314748,0.3880047
957831114,0.33823368,0.34944695,0.3123194
958181648,0.26809698,0.46321747,0.26868558
959558277,0.33118117,0.38731605,0.28150278
959829606,0.53268015,0.2049142,0.2624057
959861067,0.43096954,0.25700605,0.3120244
959896926,0.3251873,0.3220946,0.35271817
959904675,0.28013092,0.42595655,0.29391253
960146700,0.34257877,0.32920825,0.32821298
960813185,0.25486508,0.35366964,0.39146537
961009421,0.50327194,0.22660637,0.27012172
962702112,0.37720358,0.32834405,0.29445234
962859444,0.4787606,0.24833444,0.27290496
962925391,0.28223425,0.42226547,0.29550028
963079512,0.3889497,0.3523928,0.25865752
963168221,0.33136803,0.4096853,0.25894666
963245131,0.2762904,0.30803758,0.41567206
963297065,0.3615347,0.3672337,0.2712316
963922807,0.20402387,0.536754,0.2592221
964175194,0.29654884,0.4274431,0.27600807
964624604,0.59489924,0.16408506,0.2410157
964779872,0.53413224,0.21484467,0.25102305
964791589,0.3966552,0.27262297,0.3307218
965336812,0.28701618,0.3013199,0.41166395
965393251,0.273689,0.38839826,0.33791274
965632179,0.28768227,0.42299324,0.28932443
966357208,0.34448335,0.35836643,0.29715025
966677815,0.25722766,0.29627624,0.4464961
967676591,0.3847093,0.3204676,0.29482314
968051836,0.33347684,0.3772863,0.2892369
968436670,0.32590458,0.38667923,0.28741622
968511670,0.3862784,0.27222347,0.34149817
968613117,0.2878462,0.39759773,0.3145561
968827692,0.32012966,0.34447443,0.33539587
969389798,0.35926068,0.3604827,0.28025663
969553384,0.32946324,0.32745653,0.34308028
971674074,0.22183388,0.52506995,0.25309622
972663364,0.3779624,0.32806003,0.2939776
973014278,0.33284667,0.37679487,0.29035848
973230523,0.4148547,0.3017305,0.28341478
974692310,0.3246191,0.34073228,0.33464858
974713087,0.35911947,0.3453529,0.2955277
975160851,0.25971234,0.3158144,0.42447323
976503099,0.43116498,0.290536,0.27829903
976597579,0.2836247,0.39944166,0.3169336
976978017,0.38367346,0.33506483,0.28126174
976990743,0.32371116,0.2930352,0.38325363
976993712,0.33479846,0.36490482,0.30029675
977119656,0.3294857,0.3479241,0.32259017
977375709,0.34344244,0.2817219,0.3748356
977470878,0.28717005,0.41433117,0.2984988
977533411,0.39674443,0.320626,0.28262955
978005926,0.29101932,0.34880167,0.36017898
978511693,0.2569517,0.45042902,0.29261935
978709287,0.28693545,0.42950204,0.28356245
979358488,0.44358686,0.25492555,0.30148757
979401700,0.35730216,0.32563335,0.3170645
979496375,0.37564546,0.33542246,0.28893209
979979768,0.33611387,0.36020827,0.30367786
980244783,0.41005823,0.28340036,0.30654144
980854550,0.36609325,0.338319,0.29558778
981410377,0.2777464,0.4234107,0.29884285
982551587,0.2581622,0.48104766,0.26079017
982612097,0.3012197,0.28570935,0.41307098
983201833,0.27886477,0.35412636,0.36700886
983286724,0.2788967,0.43952817,0.28157517
983741282,0.3062846,0.4027805,0.29093492
984165318,0.3609421,0.3512231,0.28783482
984857340,0.35524017,0.34284312,0.30191672
984877708,0.2477563,0.47028804,0.28195566
985392153,0.29008126,0.42074215,0.28917664
985616061,0.3064044,0.39552024,0.29807532
985822193,0.404736,0.27841073,0.31685328
985876448,0.473339,0.25993598,0.26672503
986644792,0.33786196,0.37726784,0.2848702
987355737,0.31311253,0.3667613,0.32012618
987569113,0.32140762,0.33512735,0.34346503
988140021,0.36739242,0.34441924,0.28818837
988237706,0.33888862,0.36854932,0.2925621
988273890,0.37705964,0.30846435,0.31447607
988350780,0.29368848,0.41571844,0.29059306
989339260,0.32413897,0.30695635,0.36890465
989358191,0.2374227,0.4799193,0.28265804
991144882,0.21603137,0.51585615,0.26811248
991590724,0.36301613,0.33263952,0.30434436
991748622,0.35363075,0.35882294,0.28754625
992438897,0.2321373,0.4956551,0.27220762
992704586,0.52035105,0.20529263,0.2743563
992716746,0.39985168,0.30956262,0.2905857
993718349,0.3081023,0.38030973,0.31158793
994568384,0.32898885,0.38660532,0.28440583
994923800,0.46748728,0.2552783,0.27723444
995852331,0.4226357,0.2710462,0.3063181
996098848,0.33586037,0.38383055,0.28030905
996318034,0.34335023,0.3166342,0.3400156
997877761,0.5408715,0.19676834,0.26236022
999672705,0.34870064,0.31688264,0.33441675
999929110,0.2706032,0.45518547,0.2742113
999970825,0.43665764,0.2830494,0.28029296
1000959511,0.3602541,0.3453626,0.29438335
1001709180,0.47725528,0.22841178,0.29433298
1001709538,0.2849688,0.45051908,0.26451212
1003466948,0.39520624,0.30736345,0.29743034
1003948253,0.3019874,0.4148816,0.283131
1004975157,0.32285178,0.27523187,0.40191633
1005246965,0.23658839,0.43188435,0.3315273
1005334175,0.2942205,0.40389365,0.30188587
1005531631,0.32961848,0.3864335,0.28394797
1006540669,0.43279052,0.27394408,0.2932654
1006662732,0.34467614,0.37349284,0.28183103
1006671822,0.38255745,0.3456686,0.27177387
1007032744,0.3703176,0.3342235,0.2954589
1007660141,0.31111255,0.3985334,0.290354
1007950182,0.19972226,0.542359,0.25791872
1008888754,0.2553708,0.44536483,0.2992643
1009012353,0.39975393,0.3261028,0.27414328
1009112621,0.28987005,0.42144,0.28869003
1009226340,0.37262273,0.32347527,0.30390203
1009354810,0.44079274,0.26508492,0.29412237
1009485171,0.41196126,0.30505103,0.2829877
1010884121,0.20310771,0.5463299,0.25056237
1011129469,0.39039958,0.27454615,0.33505434
1011138667,0.31785887,0.38889357,0.29324755
1011257347,0.3734081,0.3385173,0.28807458
1012302776,0.33161628,0.3771861,0.2911976
1012736847,0.383354,0.28989503,0.326751
1013047563,0.41249925,0.30030426,0.28719652
1014994649,0.50957716,0.22091101,0.26951182
1015541561,0.364686,0.36753276,0.26778123
1015763468,0.3605085,0.36131164,0.2781798
1015800095,0.3366148,0.36641085,0.29697436
1016546382,0.32950038,0.383251,0.2872486
1017308929,0.2580367,0.4797956,0.26216766
1017748045,0.34734893,0.33023298,0.32241812
1018140476,0.3552859,0.34304386,0.30167025
1018178352,0.27698982,0.42895144,0.29405874
1018249075,0.34926492,0.36059532,0.29013973
1018307815,0.35908997,0.31672734,0.3241827
1019284587,0.4916706,0.2365861,0.2717433
1019335160,0.34020454,0.35299718,0.30679834
1019909130,0.3564701,0.35309654,0.29043335
1021487702,0.3514561,0.35638678,0.29215714
1021638126,0.35997033,0.290067,0.3499627
1021833650,0.32333338,0.39591116,0.2807555
1022075484,0.33519337,0.34279466,0.32201195
1022473512,0.2951845,0.39652273,0.30829275
1022798287,0.29062256,0.32416713,0.38521028
1023763530,0.35418642,0.34517926,0.30063426
1024748755,0.34740326,0.31824544,0.33435133
1025088953,0.37118,0.293899,0.334921
1026974500,0.4163381,0.28279555,0.30086637
1027651895,0.3810284,0.31567916,0.30329245
1027917935,0.29922277,0.42421168,0.27656555
1027920306,0.27616546,0.44273534,0.2810992
1028922971,0.4205797,0.28871775,0.2907026
1028945485,0.25529528,0.42496887,0.31973585
1029176578,0.36682367,0.34329894,0.2898774
1029472639,0.42434385,0.30959308,0.26606306
1030543400,0.2863037,0.42011634,0.29358
1030559904,0.17581855,0.58816445,0.23601702
1030560277,0.4086623,0.30112997,0.29020774
1031507116,0.28995156,0.42505062,0.28499782
1032416672,0.3309342,0.38169515,0.28737062
1032817895,0.40241012,0.2508306,0.34675926
1032963578,0.42499393,0.2885264,0.28647968
1033016986,0.33249706,0.37628102,0.29122192
1033027090,0.32893223,0.40357408,0.26749372
1034777449,0.30574125,0.40897608,0.28528267
1035024995,0.39461607,0.32803416,0.2773497
1036074595,0.42445922,0.30200595,0.2735348
1036228109,0.36587954,0.32812178,0.30599865
1036262220,0.4490058,0.26824796,0.2827462
1036629068,0.32879886,0.37931794,0.2918832
1036744892,0.34172502,0.3496059,0.3086691
1036783118,0.34018016,0.36685246,0.29296735
1037485963,0.24689174,0.31488562,0.43822265
1037983142,0.38374114,0.2560998,0.3601591
1038037654,0.3289932,0.3196593,0.3513475
1038833149,0.38796407,0.3156066,0.29642934
1038837107,0.44067392,0.27545166,0.28387442
1039145592,0.31399614,0.31439316,0.3716107
1039890316,0.31164956,0.29821151,0.39013892
1040016958,0.3007756,0.38605982,0.3131646
1040871669,0.30336207,0.40259612,0.29404175
1040921356,0.36220807,0.35116613,0.28662583
1041335069,0.3678856,0.3430018,0.28911263
1041982871,0.41058508,0.29196578,0.29744917
1041993740,0.36155263,0.33231202,0.30613533
1042158258,0.25303197,0.42837292,0.31859505
1043948147,0.3797133,0.31461626,0.3056704
1044093457,0.34142378,0.3557102,0.302866
1044115322,0.4760248,0.2509228,0.27305236
1044133838,0.20977691,0.52315867,0.26706448
1044672426,0.3402173,0.3582426,0.3015401
1045182636,0.35970104,0.3549391,0.28535986
1046184722,0.4469809,0.263632,0.2893871
1046282842,0.48567283,0.23704155,0.27728558
1047451741,0.45844918,0.24007599,0.3014748
1047617716,0.24288043,0.22771534,0.5294042
1048906649,0.4391011,0.26652324,0.29437566
1049033531,0.32633546,0.3768708,0.2967937
1049843584,0.4220005,0.3019508,0.27604866
1049955254,0.39278194,0.3081248,0.29909322
1050470383,0.29748893,0.38353324,0.3189779
1050479160,0.4310444,0.2805298,0.28842577
1050963907,0.21330273,0.525224,0.2614733
1051229262,0.32840696,0.2904483,0.3811447
1051435314,0.28671184,0.41489047,0.29839772
1051839803,0.28928095,0.2812164,0.42950264
1052109232,0.2966292,0.36806384,0.33530694
1052394269,0.36586177,0.35194695,0.2821913
1052669600,0.40144047,0.30232915,0.29623038
1053405939,0.33396235,0.3815128,0.28452483
1054203039,0.31439605,0.3232727,0.3623312
1054423207,0.28643537,0.40347904,0.3100856
1054650154,0.3453539,0.3630662,0.29157993
1055200347,0.30105498,0.3640387,0.33490634
1055259015,0.30988842,0.39870253,0.29140905
1055440526,0.47227323,0.25307125,0.27465555
1056182908,0.33915707,0.3838968,0.27694613
1056620183,0.4108134,0.28651422,0.30267236
1056847475,0.45719087,0.2622422,0.28056687
1057245438,0.39743888,0.31098127,0.29157984
1057958288,0.31136155,0.3709274,0.317711
1058046129,0.21729696,0.5124363,0.27026674
1058054751,0.21515866,0.2046982,0.5801431
1058256907,0.3256708,0.37606424,0.29826495
1058290383,0.30782786,0.40475816,0.28741395
1058391177,0.41710395,0.30685663,0.27603942
1058443350,0.27274752,0.42211464,0.30513784
1059491544,0.3463722,0.3546997,0.29892808
1059702344,0.38891518,0.3043148,0.30677003
1060390996,0.32415015,0.36963677,0.30621314
1060422212,0.36475742,0.32749504,0.30774754
1060480766,0.2692216,0.4463743,0.28440404
1060577312,0.27913037,0.45606235,0.26480728
1060595145,0.3291608,0.31619182,0.35464734
1061832747,0.29055774,0.4176502,0.2917921
1061844330,0.36361873,0.3443535,0.2920277
1062018626,0.28165305,0.31612825,0.4022187
1062046335,0.44417307,0.2253836,0.33044335
1063273133,0.32315978,0.35040775,0.32643247
1063297365,0.36445224,0.34462953,0.29091823
1063757177,0.3886635,0.28632513,0.32501137
1064184554,0.32915348,0.3690135,0.30183303
1064404353,0.38781548,0.3277552,0.28442928
1064408840,0.38214597,0.33081034,0.2870437
1064964076,0.20019728,0.56123817,0.23856458
1065001520,0.31890684,0.28138474,0.39970842
1066265973,0.37533075,0.33576888,0.28890035
1066652062,0.38436693,0.31815255,0.2974805
1067693407,0.32355377,0.38809535,0.28835088
1067779699,0.34697324,0.32686758,0.32615918
1067800616,0.3266383,0.38219404,0.29116765
1068429580,0.27497786,0.42551208,0.29951012
1068482775,0.3606575,0.35264796,0.28669447
1068944126,0.34403443,0.36123258,0.294733
1069550066,0.41765907,0.27280456,0.30953634
1070051461,0.3869683,0.3067638,0.30626786
1070247583,0.39850903,0.2812271,0.32026386
1070290066,0.34463888,0.35668492,0.2986762
1070629383,0.32885742,0.31065893,0.36048365
1071059762,0.32085735,0.36696523,0.31217748
1071285020,0.3087651,0.3765992,0.3146357
1071740899,0.3655572,0.33199662,0.30244613
1071787154,0.37969607,0.32868773,0.29161626
1072237788,0.31356215,0.3907783,0.2956596
1073317222,0.33956516,0.34933618,0.31109864
1073904482,0.2566123,0.46234363,0.28104416
1074152916,0.41049936,0.31088805,0.2786126
1074701889,0.34588557,0.35125637,0.30285805
1075250353,0.2573713,0.45778888,0.28483978
1075337531,0.43030995,0.27342892,0.29626113
1075598606,0.44788155,0.28548038,0.26663804
1076432568,0.33535722,0.3802318,0.28441095
1076778279,0.6007761,0.15948063,0.2397433
1076990734,0.25816196,0.45985866,0.28197944
1077102307,0.3602931,0.3394087,0.3002982
1077165674,0.34455392,0.36545163,0.28999445
1077402263,0.36453748,0.33712235,0.29834014
1078222070,0.38669938,0.32803202,0.28526863
1078435514,0.45380074,0.2379019,0.3082974
1078439285,0.43233633,0.2806608,0.28700286
1079140970,0.17605975,0.17605975,0.6478805
1079306348,0.42657685,0.28800327,0.28541982
1079974151,0.54534817,0.19912222,0.25552958
1081198286,0.32791138,0.30344927,0.36863935
1081293255,0.28275597,0.42383862,0.29340535
1081562108,0.31597963,0.25690013,0.42712024
1081678143,0.3688712,0.32464272,0.306486
1081831225,0.37237072,0.3337121,0.2939172
1084486682,0.2609892,0.44090378,0.29810703
1084541778,0.35039723,0.3434477,0.3061551
1084774628,0.41074872,0.30451572,0.28473556
1084797664,0.3359849,0.38882804,0.27518705
1084915776,0.4301753,0.25721303,0.31261176
1085288903,0.2616752,0.45864654,0.27967823
1085614294,0.43960458,0.25990564,0.30048978
1086097722,0.387503,0.29976493,0.31273204
1086199503,0.2802713,0.42010623,0.29962254
1086350357,0.35365415,0.34887543,0.29747045
1086869207,0.34485352,0.38517302,0.26997346
1087054090,0.32815623,0.37463483,0.2972089
1087278538,0.3042515,0.400816,0.29493248
1087360423,0.41859874,0.2865779,0.29482335
1087730750,0.31331903,0.3711387,0.31554228
1088911661,0.27205247,0.4332119,0.29473567
1089324157,0.34287724,0.3647652,0.29235756
1089623382,0.394078,0.28796095,0.31796107
1089844319,0.31368542,0.3828867,0.30342788
1091064572,0.31532574,0.372472,0.31220227
1091261085,0.3525046,0.35561478,0.29188064
1091912366,0.24281272,0.49072725,0.26646
1091983606,0.2714039,0.45567787,0.27291816
1092083027,0.37035245,0.34704247,0.2826051
1092127268,0.38427824,0.3236327,0.2920891
1092138215,0.47112387,0.2467066,0.2821695
1093652139,0.38628146,0.3343256,0.27939293
1093749993,0.30408934,0.3879992,0.30791143
1094424725,0.35522047,0.3028518,0.3419277
1095494081,0.33126184,0.3638788,0.30485934
1095580012,0.28655046,0.42300808,0.29044145
1095922736,0.2622398,0.26642415,0.471336
1096305551,0.35595983,0.3233362,0.32070395
1096680952,0.38390654,0.27775788,0.33833557
1096922967,0.42587006,0.26667553,0.3074544
1097447608,0.3199265,0.39200133,0.28807217
1097898821,0.3695823,0.3570429,0.2733748
1098358052,0.36824426,0.35414773,0.27760795
1098834325,0.47729698,0.23860759,0.2840954
1099090198,0.3649107,0.32187194,0.31321737
1099577871,0.4086439,0.2906326,0.30072352
1099776691,0.33699912,0.2758497,0.3871512
1100595276,0.33733702,0.35044384,0.31221914
1100835996,0.4727406,0.24252078,0.2847386
1100982684,0.33291024,0.34618825,0.32090145
1101662613,0.32983977,0.3948394,0.27532083
1101720975,0.31868553,0.36753058,0.31378385
1101960228,0.2402471,0.49740726,0.2623456
1102545808,0.26895595,0.45688576,0.2741583
1102892351,0.3560937,0.3331159,0.31079042
1103260605,0.3516333,0.36239702,0.28596964
1103266094,0.4153672,0.29425368,0.2903791
1103799908,0.28757542,0.41674817,0.2956764
1104061926,0.33992606,0.36435497,0.29571894
1104474252,0.3097289,0.32037446,0.36989665
1104561404,0.33859682,0.3102236,0.3511796
1104985207,0.21406356,0.19854091,0.58739555
1105095339,0.43910837,0.28705633,0.2738353
1105980857,0.3481421,0.34015518,0.3117028
1106045066,0.37709856,0.33422655,0.2886749
1106093983,0.3421976,0.356247,0.3015554
1106162802,0.40127173,0.27916986,0.3195584
1106686892,0.3647816,0.33595932,0.29925913
1106775264,0.38007784,0.342452,0.2774701
1107241575,0.40225768,0.31589398,0.2818483
1107416604,0.31462127,0.38886505,0.2965137
1108244912,0.34185234,0.38320002,0.27494764
1108527003,0.4108113,0.3036949,0.28549385
1108580243,0.49381536,0.23857713,0.26760754
1108862607,0.41315597,0.2924819,0.29436213
1110048206,0.41720772,0.30352563,0.2792666
1110058822,0.33744854,0.36685872,0.29569274
1110925647,0.3426497,0.3521103,0.30524004
1111423643,0.5737928,0.1845691,0.24163806
1111463510,0.34394422,0.36081702,0.29523873
1111784898,0.3461495,0.33912587,0.31472465
1112037310,0.32292122,0.36950058,0.3075782
1112077024,0.3295191,0.37813985,0.29234105
1112102849,0.2994232,0.40387237,0.2967044
1112147390,0.21206707,0.22855413,0.55937886
1112350870,0.34476072,0.38372636,0.27151293
1112365536,0.3005228,0.36715114,0.33232605
1112776268,0.22541228,0.50005054,0.27453715
1113548965,0.18374544,0.56232953,0.253925
1113682910,0.33500007,0.39192432,0.27307558
1113898468,0.5113859,0.216963,0.2716511
1114583158,0.41109675,0.27322412,0.3156792
1115509763,0.2865228,0.25288695,0.46059024
1115775492,0.428667,0.27299115,0.29834187
1116010684,0.28969815,0.33010113,0.38020068
1116028233,0.33880836,0.34282362,0.31836802
1116492070,0.3282426,0.3743419,0.2974155
1116720410,0.25489873,0.4538207,0.29128057
1116784988,0.35441554,0.29408956,0.3514949
1116973655,0.35628623,0.3504904,0.29322332
1117066573,0.47617912,0.239355,0.2844659
1117185709,0.33608606,0.3168002,0.34711373
1117260431,0.36055067,0.33943814,0.30001116
1117496788,0.30207855,0.38712072,0.31080073
1117700610,0.39513773,0.29966247,0.3051998
1117773006,0.36456186,0.35947812,0.27596006
1117869850,0.22626203,0.37061313,0.4031248
1118041627,0.43778175,0.2652177,0.2970006
1118207480,0.2891327,0.37437642,0.33649087
1118364534,0.318667,0.40546215,0.27587086
1120014665,0.40306115,0.30371463,0.29322422
1120472083,0.33844692,0.35698372,0.30456936
1121610810,0.27206224,0.30850753,0.41943026
1121676141,0.44337702,0.25721923,0.2994038
1122114075,0.22398344,0.52467203,0.25134456
1122136712,0.30676973,0.37050623,0.32272404
1122470256,0.35545754,0.34406912,0.30047327
1122515202,0.3212987,0.3739335,0.30476785
1122908935,0.2144689,0.5169244,0.26860675
1123764630,0.3753506,0.3496346,0.27501485
1123890004,0.42498833,0.27119318,0.3038185
1123932965,0.32059065,0.36814833,0.31126103
1125292564,0.27078018,0.44391418,0.28530565
1125898108,0.35985476,0.35064477,0.28950047
1126200537,0.3744244,0.34333998,0.28223562
1126419430,0.26211447,0.46559238,0.27229315
1126496904,0.49268025,0.22390518,0.2834146
1126620215,0.49184293,0.2302484,0.2779087
1126881108,0.33515152,0.34259367,0.32225484
1127147098,0.4275787,0.3105741,0.2618472
1127708840,0.3507083,0.3574846,0.2918071
1127947285,0.40950575,0.29713565,0.29335862
1128125112,0.23347962,0.4565484,0.309972
1128698907,0.3825701,0.32126182,0.2961681
1128743062,0.32327473,0.39270988,0.28401536
1129007304,0.3521387,0.35581225,0.29204908
1129094985,0.24444225,0.43571502,0.31984273
1129531382,0.33000147,0.34110865,0.32888985
1129909224,0.33605647,0.32720533,0.33673817
1130410689,0.4609852,0.2500512,0.28896362
1130499406,0.32550877,0.38680017,0.28769112
1130561892,0.3281033,0.3705876,0.30130905
1130748876,0.29864156,0.3815778,0.31978065
1131248224,0.29760614,0.4061985,0.2961954
1131743361,0.31194657,0.21488741,0.47316608
1132020153,0.30778456,0.37766546,0.31454995
1132072781,0.26182497,0.42855912,0.3096159
1132123893,0.33485878,0.38513848,0.28000277
1132246089,0.408405,0.274476,0.31711894
1132453114,0.45719007,0.23039117,0.3124188
1132646513,0.39656103,0.29107994,0.31235906
1132890375,0.24634066,0.23022446,0.5234349
1132892094,0.32617092,0.3317972,0.34203187
1133289519,0.45428008,0.25621793,0.28950197
1134249299,0.34604228,0.3689264,0.28503132
1134293607,0.35762388,0.3287838,0.31359226
1134847497,0.41091004,0.2834798,0.30561018
1135563252,0.31347334,0.40043658,0.28609008
1135847660,0.44113615,0.2886625,0.27020136
1135976346,0.31878084,0.3469727,0.3342464
1136101797,0.35204923,0.35899645,0.28895438
1136308749,0.38676,0.3009064,0.31233358
1136935930,0.34508428,0.3687477,0.286168
1137496816,0.31422144,0.3555529,0.33022565
1137861510,0.3262316,0.38713306,0.28663537
1137979314,0.42071715,0.30839205,0.2708908
1138129219,0.32784075,0.39018786,0.28197145
1138362975,0.22766848,0.512533,0.25979853
1138388307,0.52637017,0.21249022,0.26113957
1138418371,0.29649776,0.31341517,0.39008707
1138437067,0.445818,0.26098213,0.29319984
1139163988,0.3482173,0.33713514,0.31464756
1139434392,0.3539173,0.31680176,0.32928094
1140340840,0.21771674,0.49238032,0.28990293
1140392359,0.36669287,0.32676205,0.30654508
1140457370,0.45231098,0.26382285,0.28386617
1140849794,0.26090506,0.45691842,0.2821765
1140908549,0.14903116,0.6100892,0.24087963
1141390261,0.27424467,0.27362645,0.4521289
1141686357,0.2993248,0.39410716,0.30656803
1141889297,0.40420884,0.31073546,0.2850557
1141995661,0.26137865,0.27915525,0.45946607
1143183834,0.20692426,0.52566314,0.26741254
1143477729,0.38640362,0.2703399,0.34325647
1143572488,0.37268454,0.33080667,0.29650882
1145151929,0.38532495,0.32364616,0.29102883
1145537193,0.33058754,0.36054868,0.3088638
1145708232,0.43122333,0.31796965,0.25080705
1146627830,0.3425715,0.3674228,0.29000574
1146876633,0.35185796,0.3633611,0.28478095
1146938822,0.28764346,0.40576208,0.30659452
1147438345,0.34130973,0.29398817,0.3647021
1147484162,0.25652826,0.45245928,0.29101253
1147739666,0.1777434,0.5637922,0.2584644
1149446343,0.32380915,0.37560445,0.3005864
1149975172,0.33210152,0.37472165,0.29317683
1150088097,0.29917964,0.33734006,0.36348027
1150946191,0.21134666,0.52001065,0.2686427
1151018362,0.18235874,0.56371003,0.25393122
1151311864,0.6075517,0.15963945,0.2328089
1151532697,0.3444155,0.34670943,0.30887508
1152116208,0.275349,0.37458938,0.35006166
1152598108,0.2397385,0.22050968,0.5397519
1152834149,0.40315282,0.30557138,0.29127574
1153079854,0.21435608,0.5159128,0.2697311
1153352168,0.3679066,0.332619,0.29947436
1153822164,0.43742418,0.27475855,0.2878173
1155010828,0.34902802,0.31150448,0.33946747
1155815560,0.35906094,0.30795866,0.3329804
1156253662,0.4122228,0.2863766,0.3014006
1157940278,0.24087355,0.45227215,0.30685434
1158046087,0.39139646,0.31816787,0.29043567
1158313814,0.3741142,0.3183162,0.30756962
1158937172,0.3719185,0.3506294,0.2774521
1160293013,0.3119585,0.36126086,0.32678062
1160542447,0.32066882,0.3929234,0.2864078
1161166875,0.42163834,0.30087924,0.27748245
1161205031,0.33762658,0.35263062,0.30974287
1161696460,0.36602467,0.35314673,0.28082862
1162048574,0.17166907,0.5743501,0.2539808
1162079496,0.36123455,0.33259422,0.30617127
1162483298,0.4375307,0.261976,0.3004933
1163177218,0.4597304,0.21398991,0.3262797
1163461693,0.3422286,0.37125298,0.2865184
1164166335,0.33870798,0.27209294,0.38919905
1165121135,0.5193957,0.21705452,0.2635498
1165123430,0.32635295,0.3872226,0.28642443
1165230517,0.3513932,0.2534118,0.395195
1165649174,0.35769567,0.35851705,0.28378725
1165891032,0.35604268,0.30041516,0.34354216
1166499585,0.4407192,0.28072914,0.2785517
1166888029,0.3376363,0.34504202,0.3173217
1166987490,0.28969055,0.44518387,0.26512557
1168712147,0.47846484,0.2589448,0.2625904
1169236205,0.30566943,0.40455326,0.28977728
1169430677,0.30513933,0.39959657,0.29526412
1169625579,0.31186253,0.36882657,0.31931096
1170044487,0.3727346,0.33614457,0.29112086
1170255677,0.25310567,0.25310567,0.49378866
1170780635,0.47486654,0.25682294,0.26831052
1171423806,0.45677787,0.2738821,0.26934007
1171895280,0.3502885,0.3756128,0.27409866
1171977803,0.3329357,0.38243926,0.28462508
1172261101,0.23281768,0.49246103,0.27472126
1172278023,0.4458771,0.2274701,0.32665274
1172305743,0.34452483,0.33466715,0.320808
1172877730,0.49409783,0.23117596,0.27472627
1173172215,0.41107485,0.30502546,0.28389966
1174027016,0.33548898,0.32877648,0.33573455
1174447572,0.40520325,0.28835624,0.3064405
1174478604,0.375821,0.2919462,0.33223277
1175354738,0.2873841,0.41405225,0.29856366
1176642525,0.3960546,0.30613387,0.29781154
1176821550,0.27192196,0.46022528,0.26785278
1176902080,0.26978692,0.38679242,0.34342068
1177166079,0.40713066,0.29926056,0.29360878
1177853691,0.2211608,0.49766296,0.28117624
1177930924,0.3909626,0.31653404,0.29250333
1178208595,0.28228736,0.43510324,0.28260946
1178706650,0.34528685,0.34270343,0.3120097
1178923234,0.36667353,0.33255118,0.3007753
1179347120,0.36922252,0.33693662,0.29384083
1179361765,0.48157662,0.25133687,0.2670865
1179393569,0.41481465,0.23094271,0.35424268
1179532255,0.35770652,0.30512708,0.33716637
1180071843,0.36425906,0.34096053,0.2947804
1180466249,0.25709802,0.4433772,0.29952478
1180713429,0.34213066,0.35808527,0.299784
1180715321,0.2809897,0.4251358,0.2938745
1181697625,0.4063927,0.31418717,0.27942014
1182494967,0.31510603,0.329242,0.35565192
1183523598,0.3574937,0.35497904,0.28752726
1183529856,0.33606154,0.28814256,0.3757959
1183623397,0.34486604,0.3669083,0.28822565
1184271153,0.31770262,0.401475,0.28082237
1185046923,0.3441646,0.35115367,0.30468172
1185506878,0.34729844,0.31749046,0.33521107
1186227131,0.32327473,0.38001376,0.2967115
1186945177,0.3371535,0.3541462,0.30870026
1187446450,0.30528432,0.42413455,0.27058107
1187851052,0.3523256,0.3598476,0.2878268
1188360566,0.32847193,0.36696154,0.3045665
1188653516,0.46539497,0.24264449,0.29196057
1188680956,0.35910714,0.3502994,0.2905935
1188973188,0.2552731,0.4354604,0.3092665
1189120228,0.22897604,0.48487663,0.28614733
1189371503,0.3510335,0.33074892,0.31821758
1189512000,0.37438622,0.33310786,0.29250592
1189576478,0.2553376,0.32978868,0.4148737
1190420046,0.33338267,0.36308783,0.3035295
1190526022,0.35299814,0.343701,0.3033008
1190693959,0.4107505,0.30152828,0.28772128
1190730907,0.22327128,0.52780414,0.24892455
1190738743,0.28283545,0.41993642,0.29722813
1191832801,0.3577026,0.36197644,0.28032094
1192123675,0.34482387,0.3605861,0.29459006
1192231238,0.3092416,0.41218153,0.27857685
1193627664,0.3291685,0.37553504,0.2952965
1194153567,0.33253935,0.35793978,0.3095209
1194296943,0.39964557,0.3168705,0.28348395
1194738124,0.4489994,0.2629106,0.28809
1194831383,0.3715296,0.32463264,0.30383772
1195687963,0.51544404,0.20742308,0.27713287
1196357576,0.3460375,0.3595048,0.29445773
1196375667,0.39794958,0.31216925,0.28988117
1196785827,0.35002422,0.33782026,0.3121555
1197647732,0.3017758,0.26233888,0.4358853
1197924027,0.34401128,0.35067445,0.30531424
1198008923,0.32298064,0.37956303,0.29745638
1198125015,0.2938053,0.2967988,0.4093959
1198287912,0.49936247,0.2051361,0.2955014
1198296007,0.25932842,0.4674458,0.2732258
1198654506,0.3525687,0.34472007,0.30271125
1198885547,0.35953605,0.3534783,0.28698564
1201324105,0.23638679,0.4806093,0.2830039
1203478887,0.3665123,0.33124143,0.3022462
1203663576,0.3948326,0.31037658,0.29479077
1203769527,0.28250206,0.4433111,0.27418685
1204015959,0.4239505,0.29926884,0.27678066
1204066469,0.40629557,0.30128306,0.29242137
1204150073,0.39413851,0.3151039,0.2907576
1204285535,0.36426362,0.35823143,0.27750492
1204305712,0.2746333,0.27477762,0.45058912
1204384348,0.29339546,0.3363871,0.37021738
1204530623,0.22240531,0.42506647,0.3525282
1204648370,0.49692482,0.23041274,0.27266246
1204815021,0.27248925,0.4188834,0.30862737
1204863484,0.32781005,0.36063614,0.3115538
1204907533,0.39334723,0.32854944,0.2781033
1205135410,0.29808155,0.42758268,0.27433574
1206362955,0.2867276,0.41630754,0.29696482
1207421756,0.2945934,0.42847127,0.2769353
1207784470,0.29060602,0.3226261,0.3867679
1207947686,0.23700166,0.49178475,0.27121362
1208688879,0.38494948,0.33331174,0.28173882
1208939754,0.3192184,0.38972813,0.29105347
1209562519,0.3439554,0.3615056,0.294539
1209606363,0.36494148,0.33577853,0.29927996
1210389044,0.26273635,0.23374286,0.5035208
1210412512,0.3343824,0.38463607,0.28098148
1211392597,0.30335996,0.36379695,0.3328431
1212453872,0.3128572,0.33023274,0.35691002
1213298307,0.37189057,0.34986618,0.27824327
1215333342,0.32598582,0.37606135,0.2979529
1215506162,0.35390857,0.36583954,0.28025186
1215906422,0.22655751,0.22655751,0.546885
1216175230,0.34957755,0.3546831,0.29573935
1216519211,0.27698976,0.3986844,0.32432583
1217019677,0.46416187,0.26013476,0.27570337
1217258236,0.5405711,0.2008676,0.25856128
1217398397,0.37941855,0.3100567,0.31052473
1217615011,0.36943835,0.32930166,0.30126
1217645506,0.34179622,0.3534512,0.30475265
1217886931,0.27011245,0.42702824,0.3028593
1217991702,0.27269703,0.3876958,0.33960718
1218146338,0.31085557,0.40104735,0.28809705
1218386548,0.29672295,0.43202847,0.27124855
1219052724,0.28273362,0.4414093,0.27585712
1219635778,0.3896795,0.31031126,0.30000925
1219681261,0.25575858,0.45734194,0.2868995
1219704164,0.44232434,0.28574613,0.27192953
1220373859,0.3682694,0.34688485,0.2848457
1220560557,0.2630896,0.43750405,0.29940638
1220582849,0.36878204,0.31651872,0.31469923
1220759070,0.26201525,0.29849017,0.43949452
1220774187,0.36394063,0.33153197,0.30452743
1221059187,0.37234047,0.3395158,0.28814366
1221778360,0.26247665,0.45450258,0.2830207
1221995124,0.2829419,0.3026962,0.41436183
1222870224,0.39874804,0.284481,0.31677097
1222927148,0.3275465,0.38433796,0.2881155
1223153915,0.36430907,0.34718436,0.28850657
1224923489,0.27775413,0.355582,0.36666387
1225149870,0.32718182,0.35230866,0.32050955
1225668602,0.35566837,0.354634,0.28969768
1225912294,0.27836743,0.42009607,0.30153644
1225989603,0.33492544,0.3619429,0.3031317
1226688534,0.33807427,0.36104286,0.3008829
1227012056,0.26891682,0.44767618,0.28340703
1227120195,0.24109694,0.50584954,0.2530535
1227567691,0.36844978,0.33285892,0.29869127
1227730837,0.24684675,0.41823614,0.33491707
1228667853,0.3435281,0.33837116,0.3181007
1228776830,0.39289743,0.30304375,0.3040588
1228890838,0.33540964,0.37273318,0.29185715
1230006691,0.32036653,0.3294484,0.35018504
1230977785,0.32396492,0.2829375,0.39309758
1231016355,0.35003507,0.32714516,0.32281977
1232856621,0.39470267,0.3135427,0.29175466
1233172583,0.36367753,0.3395687,0.29675376
1233499180,0.39333224,0.31557897,0.29108882
1233652579,0.35827813,0.3044237,0.3372982
1233913138,0.41520277,0.30812594,0.2766713
1234846677,0.4395763,0.27138507,0.2890386
1234913681,0.37102324,0.35236302,0.27661374
1235146444,0.33295935,0.28842366,0.378617
1235307529,0.30685574,0.26429266,0.42885154
1235506859,0.34698558,0.37575835,0.27725607
1235588008,0.36864993,0.33521798,0.2961321
1235782726,0.3578318,0.34676215,0.29540604
1235842551,0.37665153,0.32412428,0.2992242
1237648611,0.37101716,0.32287037,0.30611247
1237704368,0.47366235,0.24216339,0.28417426
1238078781,0.36022818,0.35013816,0.28963363
1238529878,0.3435931,0.30364513,0.35276175
1239874865,0.32502168,0.39193314,0.28304517
1241705901,0.31196845,0.38558596,0.3024456
1242250915,0.32257843,0.3797204,0.29770118
1242742373,0.24703929,0.45952258,0.29343814
1244072133,0.3244294,0.40403122,0.27153933
1244193203,0.39925307,0.31070113,0.29004586
1245574824,0.33140165,0.35345998,0.31513834
1245999135,0.2767786,0.4578953,0.26532614
1246927102,0.36097267,0.3475921,0.29143524
1247276303,0.37686443,0.34033322,0.28280228
1247357677,0.41104743,0.3034005,0.28555208
1247383355,0.33965796,0.36356318,0.2967789
1247461883,0.24853957,0.4657933,0.28566712
1247658745,0.3231141,0.3543154,0.32257053
1247943737,0.28595418,0.38798046,0.32606533
1248346203,0.41504645,0.293258,0.29169554
1248443988,0.23285027,0.4952143,0.2719354
1249092992,0.346362,0.35847348,0.29516456
1249372251,0.33832282,0.38400933,0.27766788
1249564525,0.30907035,0.37547743,0.31545222
1249752784,0.2518693,0.4669938,0.28113693
1250656488,0.32703578,0.30135345,0.37161073
1251076662,0.36775094,0.3171212,0.31512788
1251176637,0.309848,0.3770572,0.31309482
1251462405,0.30629408,0.3265631,0.36714286
1251607363,0.3009255,0.39939648,0.29967803
1251834478,0.4125895,0.29444116,0.2929694
1251834699,0.34478718,0.3535239,0.3016889
1252110090,0.4336441,0.27659732,0.2897586
1252121704,0.35337883,0.35740307,0.28921807
1252147554,0.28000093,0.39354283,0.32645628
1252215008,0.34577724,0.35390854,0.30031422
1252216185,0.25168607,0.45977545,0.28853852
1252317063,0.38312936,0.30926684,0.30760378
1253148191,0.34309998,0.3830918,0.27380818
1253484190,0.39375803,0.31692368,0.28931832
1254331328,0.39212018,0.3006447,0.30723512
1254354571,0.37319535,0.35345906,0.27334565
1254561371,0.36714786,0.35151744,0.2813347
1255060282,0.2960074,0.36091048,0.3430821
1255281985,0.35104245,0.36028665,0.2886709
1255681810,0.32864165,0.3877566,0.2836017
1255817578,0.27045617,0.43930882,0.29023495
1256010557,0.3242134,0.2786575,0.39712912
1256082741,0.42142168,0.29114676,0.2874316
1256822527,0.37479067,0.31775182,0.3074575
1257340875,0.2966851,0.3748535,0.3284614
1257448119,0.18453556,0.5628003,0.25266415
1257523660,0.39210105,0.32014823,0.28775078
1258271360,0.30444497,0.38736236,0.30819273
1258716212,0.3643475,0.34034902,0.29530352
1259815077,0.31768975,0.39200902,0.2903012
1260301831,0.32206753,0.39896953,0.27896297
1261267036,0.37585285,0.33179212,0.292355
1261357377,0.3618305,0.36821514,0.26995438
1261653595,0.27072364,0.45494142,0.2743349
1261910680,0.33463952,0.38231725,0.28304324
1262532663,0.54255223,0.20067924,0.2567685
1262920235,0.3100772,0.25254297,0.43737984
1263031014,0.3828851,0.30131888,0.315796
1264348639,0.2781275,0.4103198,0.31155264
1264652944,0.35072643,0.37978423,0.26948935
1264780406,0.26837268,0.43830085,0.29332644
1265196889,0.39133525,0.34748578,0.26117897
1265446114,0.25874066,0.44174463,0.29951477
1265513074,0.27979755,0.43545473,0.28474778
1265715249,0.43407172,0.2514466,0.31448168
1266061587,0.3412354,0.36771452,0.29105008
1266573182,0.37945187,0.34022132,0.28032675
1266765061,0.31201816,0.39841008,0.28957176
1267220605,0.40447664,0.27084646,0.32467693
1267874053,0.50633204,0.22166519,0.2720027
1267945293,0.37860355,0.3239602,0.29743624
1268195153,0.5343678,0.19933414,0.266298
1268612930,0.37378114,0.33543426,0.29078454
1269271228,0.27839345,0.28326517,0.43834138
1269586258,0.2665419,0.44817019,0.28528795
1269759334,0.39836872,0.3220437,0.2795876
1269910859,0.25839913,0.38026205,0.3613388
1270257758,0.39806306,0.30598772,0.29594916
1270853808,0.24025053,0.24523115,0.5145183
1271054732,0.3671713,0.35550547,0.27732325
1271158252,0.45558858,0.28436434,0.26004708
1271166081,0.254106,0.44634855,0.29954544
1272000471,0.37619346,0.3357119,0.28809464
1272609166,0.28737053,0.42328697,0.28934252
1272774900,0.38289553,0.32522497,0.29187948
1273182550,0.32202846,0.2644127,0.41355884
1274390419,0.3808167,0.34972486,0.26945847
1275545993,0.3922007,0.29146466,0.31633464
1276809544,0.3265709,0.35595915,0.31746995
1277138876,0.32450664,0.36179066,0.31370276
1277189324,0.28263748,0.42352945,0.29383308
1277986837,0.38334563,0.34771413,0.26894024
1279568722,0.33888125,0.36705852,0.29406023
1279910303,0.35647207,0.36466736,0.27886057
1280239011,0.2841966,0.4477061,0.26809734
1280418844,0.4020862,0.30361506,0.2942987
1280688310,0.36708567,0.3380814,0.29483294
1280948199,0.25484964,0.33358622,0.4115641
1281365236,0.41106373,0.3332172,0.255719
1281486553,0.32644105,0.30008742,0.3734715
1281498954,0.37710965,0.30948734,0.313403
1281939268,0.41429856,0.30205232,0.28364915
1282349181,0.3595922,0.34675372,0.29365408
1283599873,0.30897564,0.3137396,0.37728477
1283883706,0.27472737,0.43960673,0.2856659
1284264753,0.34213668,0.373744,0.28411934
1285168063,0.3753124,0.35316363,0.271524
1285416221,0.4127915,0.29353774,0.29367077
1286111169,0.3642618,0.35467082,0.2810673
1286125262,0.20823994,0.52699864,0.26476148
1286289627,0.3438765,0.36210924,0.29401425
1286563222,0.35155767,0.29878646,0.34965587
1287016099,0.19643927,0.48986423,0.3136965
1287849600,0.25314966,0.3750068,0.37184358
1287944417,0.20782772,0.5096667,0.2825056
1289043550,0.408023,0.30546153,0.28651553
1291421681,0.28065556,0.37730268,0.3420418
1291798458,0.23745824,0.48709613,0.27544558
1292641739,0.36696392,0.33473372,0.29830235
1292717253,0.2209724,0.22940779,0.5496198
1292928789,0.41803634,0.29067326,0.2912904
1293059465,0.36717516,0.3486882,0.28413665
1293287447,0.51799905,0.22719699,0.25480396
1293582059,0.32847887,0.376828,0.2946931
1293634133,0.3944577,0.23110768,0.37443462
1293716862,0.3323637,0.36313382,0.3045025
1294356589,0.31177908,0.39426947,0.29395145
1294580761,0.27561772,0.3599542,0.3644281
1294882022,0.37400568,0.34820452,0.27778983
1295090946,0.32983667,0.3656388,0.30452448
1295489214,0.31142783,0.39750966,0.2910625
1295580333,0.25525558,0.47031188,0.27443254
1295676971,0.34577572,0.35804915,0.29617515
1295775858,0.3789801,0.27735454,0.34366536
1296688433,0.37672618,0.32575184,0.29752195
1297021671,0.29005826,0.2820459,0.42789587
1297380165,0.30602777,0.37346867,0.32050365
1297492026,0.24831991,0.47718364,0.2744965
1297809468,0.39180505,0.3491316,0.2590633
1297973918,0.31659383,0.33289155,0.3505146
1299039192,0.2926181,0.26943555,0.43794638
1299986849,0.4321726,0.26726916,0.3005582
1301065642,0.31398505,0.38128224,0.3047327
1301272811,0.33465028,0.33822358,0.32712615
1301726244,0.43828303,0.27266535,0.2890516
1301811061,0.31523225,0.37483287,0.3099349
1301814443,0.31110382,0.4024703,0.2864259
1301932961,0.30994228,0.39009216,0.29996556
1302123860,0.38520896,0.321423,0.29336804
1302677701,0.3996552,0.27480495,0.32553983
1302912700,0.44941133,0.26671678,0.28387183
1303165439,0.34368533,0.34398645,0.31232822
1305114484,0.37092727,0.32168168,0.3073911
1305270452,0.344518,0.3724576,0.2830244
1305324808,0.27193716,0.45606303,0.27199978
1305471566,0.29382008,0.4023755,0.30380446
1305986452,0.29932135,0.41073534,0.2899433
1305986765,0.36465794,0.33611894,0.2992231
1307484785,0.37123933,0.3477577,0.28100297
1307838420,0.32268804,0.37336314,0.30394882
1308389893,0.31936854,0.2784502,0.40218127
1308624053,0.38997537,0.31941062,0.290614
1308742485,0.33125323,0.36219966,0.30654716
1308832976,0.324252,0.34871447,0.32703355
1308854870,0.37942642,0.31602532,0.3045483
1309809729,0.4316042,0.27578706,0.29260874
1309904801,0.36045074,0.3549214,0.28462788
1310048173,0.34792304,0.38013524,0.27194178
1310186047,0.31851113,0.30459267,0.37689623
1310203577,0.30669063,0.38912678,0.3041826
1310424184,0.35972434,0.34592688,0.29434878
1310543343,0.347832,0.33818015,0.31398785
1310711971,0.2616104,0.44902515,0.28936443
1310978638,0.40052068,0.31013888,0.28934047
1311009592,0.30194077,0.42142287,0.2766364
1311164015,0.29926187,0.2887656,0.41197246
1311565211,0.34202915,0.3579178,0.30005306
1311825674,0.3429367,0.3628562,0.2942071
1311989487,0.26818907,0.38081956,0.3509914
1312060193,0.3814939,0.31277215,0.30573392
1312090506,0.32264906,0.41053236,0.26681852
1312699153,0.35348725,0.33896685,0.30754593
1312772663,0.2164298,0.50125295,0.28231722
1312841087,0.34795648,0.3315424,0.3205011
1313995845,0.17810068,0.5617429,0.2601564
1314151988,0.38351607,0.31836027,0.29812366
1314313349,0.29115587,0.40470254,0.30414158
1314805560,0.2939816,0.41882193,0.28719652
1314902939,0.32316583,0.34527582,0.33155832
1315260438,0.4869181,0.24023315,0.27284878
1316540826,0.2619167,0.4448492,0.29323414
1316686486,0.36201516,0.28694215,0.35104266
1317973127,0.36291867,0.2748499,0.36223143
1318067012,0.41781247,0.29372695,0.28846055
1318238153,0.36487734,0.3277266,0.30739605
1319020493,0.34494078,0.3805092,0.27455002
1319028473,0.36865014,0.32985094,0.3014989
1319374373,0.37652087,0.32400274,0.29947641
1319458764,0.36429977,0.36000347,0.27569675
1319500789,0.4609164,0.25357783,0.28550577
1320580770,0.31225133,0.37149075,0.31625792
1320899063,0.3500486,0.32484502,0.32510638
1321016043,0.35454214,0.3434493,0.30200857
1321465393,0.4371487,0.28171533,0.28113598
1322568446,0.47960305,0.25781384,0.26258308
1322591284,0.36021182,0.34824362,0.29154453
1322731127,0.3634731,0.36055204,0.27597487
1323072711,0.34208408,0.35023952,0.30767643
1323458647,0.2938637,0.39894402,0.30719227
1323524192,0.33888084,0.35883552,0.30228367
1324356896,0.31993914,0.37390867,0.30615225
1324683190,0.32668197,0.33969426,0.33362383
1324990554,0.3461188,0.35342547,0.30045575
1325224897,0.32985157,0.36724535,0.30290312
1325585389,0.29859555,0.3887776,0.31262678
1325622084,0.44977522,0.27266437,0.2775604
1325668840,0.45978326,0.25813302,0.28208372
1326872997,0.3781209,0.35781777,0.26406136
1327331313,0.27742243,0.33497906,0.3875985
1327354173,0.2923589,0.4046326,0.30300853
1327419676,0.40011987,0.29892027,0.3009599
1327467649,0.36450514,0.35814187,0.27735302
1327489924,0.40517655,0.2507557,0.34406772
1327772321,0.3284809,0.37443227,0.29708683
1328268614,0.25582093,0.24070513,0.5034739
1328666900,0.45441943,0.26754764,0.27803296
1328850459,0.45755994,0.25637263,0.28606743
1329163472,0.3288263,0.38752553,0.2836482
1329379463,0.2691839,0.44222736,0.28858873
1330109513,0.37320477,0.35708058,0.2697147
1331202384,0.37875253,0.3202658,0.3009817
1331539701,0.35666105,0.34860528,0.29473364
1331833424,0.23452927,0.4930662,0.27240458
1331959561,0.2163134,0.5295034,0.25418323
1332028408,0.3610806,0.33419925,0.30472016
1332220814,0.35297364,0.33781838,0.30920798
1332466932,0.38967928,0.33622974,0.274091
1332730184,0.3064206,0.38539952,0.30817986
1333876351,0.36100882,0.32864884,0.31034234
1334418656,0.3429432,0.37072223,0.28633457
1334687471,0.34337226,0.3590716,0.29755616
1335023623,0.34348702,0.35478064,0.3017323
1335189066,0.28475705,0.42024365,0.2949993
1335241884,0.42567587,0.28410935,0.29021478
1335565904,0.2383691,0.4968174,0.26481348
1336084245,0.33692673,0.36302233,0.3000509
1336227165,0.33959848,0.3657725,0.29462907
1336829757,0.2546319,0.4567215,0.28864658
1337165208,0.27175373,0.45984733,0.26839894
1337241925,0.30725685,0.34692565,0.34581754
1337279634,0.2921461,0.4047114,0.3031425
1337331354,0.23455665,0.5170907,0.24835268
1337892384,0.3346662,0.28243434,0.38289952
1337961561,0.2533201,0.42730808,0.31937182
1338180278,0.5379427,0.19798999,0.26406726
1338917733,0.36238518,0.34862143,0.28899342
1339500018,0.5041949,0.22993934,0.2658657
1339997291,0.22193906,0.5183664,0.2596945
1340267224,0.24874035,0.4838823,0.26737735
1340521071,0.26529998,0.3459962,0.3887038
1340983824,0.3452078,0.3568606,0.2979316
1341748326,0.28744113,0.40619302,0.30636585
1342015913,0.31977975,0.39323294,0.28698736
1342280978,0.5666796,0.18283206,0.25048834
1343381083,0.28110188,0.37811098,0.3407871
1344236679,0.24608007,0.23204684,0.5218731
1345011097,0.30207902,0.34597117,0.3519498
1345309379,0.32927027,0.37756312,0.29316658
1345695215,0.4618216,0.26215664,0.27602178
1346095060,0.3358301,0.3166032,0.34756672
1346241706,0.3131343,0.3669846,0.31988114
1346809321,0.2491928,0.4681418,0.2826654
1346950169,0.38852423,0.33486027,0.2766155
1348327628,0.3058811,0.41299066,0.28112823
1348637760,0.32322413,0.3663746,0.31040126
1349056050,0.3395059,0.40010864,0.26038545
1349693992,0.3929542,0.29117554,0.31587023
1349758249,0.33378798,0.38757253,0.2786395
1350718674,0.38006663,0.36354417,0.2563892
1351167515,0.38038957,0.3353214,0.284289
1351788433,0.32778555,0.37588525,0.2963292
1351892848,0.2979191,0.23734616,0.46473473
1352242357,0.319613,0.3991586,0.2812284
1352336011,0.23892973,0.47712722,0.283943
1352349749,0.35582376,0.31949037,0.32468587
1353407978,0.32951397,0.35324994,0.3172361
1353753111,0.28441793,0.4441262,0.27145585
1354983657,0.36996806,0.34123176,0.28880018
1355079867,0.38192967,0.32646614,0.29160416
1355470508,0.29516694,0.40935677,0.29547626
1355575375,0.36974147,0.33667505,0.2935835
1355859961,0.32131314,0.34216538,0.3365215
1357442109,0.3808841,0.32530755,0.29380834
1357712980,0.5438982,0.20144698,0.2546548
1358248949,0.33976394,0.3734264,0.28680968
1358442968,0.32229134,0.39365014,0.2840585
1359351860,0.35431707,0.2644972,0.3811857
1359364905,0.2991304,0.39518237,0.30568725
1359499132,0.3161347,0.27595478,0.40791047
1359824581,0.28311604,0.43044066,0.2864433
1359866642,0.25016207,0.34125993,0.40857798
1360124666,0.3555866,0.32643363,0.3179798
1361199736,0.3597846,0.36470002,0.27551535
1361351669,0.4482308,0.25085953,0.30090967
1361523952,0.43987638,0.2756774,0.28444618
1362019707,0.35001624,0.36158454,0.28839925
1362342387,0.3120556,0.39404428,0.29390013
1363099225,0.3430811,0.35381204,0.30310684
1363809692,0.30608174,0.39474013,0.29917812
1363826289,0.5174032,0.22011289,0.26248395
1364027594,0.28656477,0.41857612,0.2948591
1364209609,0.29885602,0.40578723,0.29535675
1364710980,0.3068535,0.38527706,0.30786943
1364968667,0.36353254,0.3468048,0.28966266
1365193563,0.31728423,0.39926103,0.28345475
1365214630,0.3492543,0.35157302,0.29917264
1365261702,0.28075176,0.29742745,0.42182076
1365538370,0.32368982,0.38241035,0.29389977
1365807678,0.32359332,0.32018858,0.3562181
1365946748,0.39172295,0.3061243,0.30215275
1366051891,0.3532423,0.33738592,0.30937177
1366940833,0.4515732,0.24138723,0.3070395
1367063253,0.2894683,0.40944976,0.30108196
1367439814,0.40729582,0.30875224,0.28395188
1367803584,0.3484493,0.3477343,0.30381638
1368014618,0.36317015,0.34823635,0.28859353
1368203903,0.3310027,0.36639953,0.30259776
1368358577,0.3592912,0.32506382,0.31564504
1368727418,0.3016008,0.3957854,0.30261382
1369102574,0.27187985,0.3246729,0.40344727
1369322842,0.31772625,0.36313194,0.3191418
1369624179,0.3825237,0.32719636,0.29027998
1369736016,0.36353058,0.35761234,0.27885705
1369876600,0.36589515,0.35835147,0.2757534
1370215186,0.336854,0.2569125,0.4062335
1370823547,0.42468598,0.2813447,0.29396927
1371311784,0.20999247,0.20502958,0.5849779
1371526703,0.35644028,0.29333872,0.35022104
1371759082,0.40129903,0.26971442,0.32898656
1371799927,0.37229756,0.32535568,0.30234674
1372172054,0.30415612,0.3642404,0.33160353
1372343019,0.30807954,0.40081042,0.2911101
1372506436,0.4671765,0.25794572,0.2748778
1372713518,0.36038858,0.3583578,0.28125364
1372784611,0.25127095,0.46516597,0.28356314
1373118365,0.30600727,0.4074214,0.28657132
1373596537,0.3113802,0.40661758,0.2820022
1373761899,0.32125717,0.33795142,0.3407914
1373882971,0.33397108,0.35947746,0.3065515
1374765523,0.29574206,0.32290095,0.381357
1375712417,0.4735548,0.25625673,0.27018848
1375833661,0.36095646,0.35486922,0.28417426
1375957715,0.34910017,0.36539435,0.2855054
1376081398,0.3422861,0.3588531,0.29886073
1376138468,0.338201,0.23442093,0.4273781
1376181302,0.3623579,0.3135151,0.32412696
1376450688,0.35354728,0.35407737,0.29237536
1376541121,0.32412404,0.3896798,0.28619617
1376628358,0.27756178,0.45035672,0.2720815
1376866371,0.31490627,0.4059868,0.27910691
1378221074,0.19199345,0.5333597,0.27464688
1378553375,0.32120764,0.37522227,0.30357012
1378806288,0.34351194,0.32619086,0.33029717
1379345026,0.3085088,0.35027948,0.34121162
1379923589,0.3518492,0.31627116,0.33187968
1380125976,0.27515835,0.41503572,0.30980596
1380212712,0.26650858,0.38905233,0.34443912
1380969369,0.3584448,0.34155664,0.29999858
1381596507,0.40565288,0.30199954,0.29234755
1381852384,0.29576892,0.3945883,0.3096428
1381854934,0.3040163,0.3775471,0.31843662
1382191981,0.45295596,0.24085951,0.30618453
1383342697,0.3686692,0.31906947,0.3122613
1383612884,0.31435496,0.31343764,0.3722074
1383698196,0.38947946,0.31882447,0.29169607
1383733319,0.29485098,0.39840657,0.3067425
1384154033,0.2909488,0.36892927,0.34012192
1384446962,0.23620906,0.48263037,0.2811606
1385062961,0.31598443,0.39251924,0.29149634
1385151673,0.30514377,0.3441444,0.35071185
1385305704,0.2962259,0.39368963,0.31008446
1385456715,0.38127398,0.35461366,0.26411235
1386174053,0.3616348,0.33859283,0.29977238
1387802015,0.35347092,0.3556118,0.29091722
1388215929,0.35675687,0.36117184,0.2820713
1388763840,0.46685535,0.25699547,0.27614915
1388852853,0.40078408,0.298549,0.30066693
1389526596,0.3387785,0.3621654,0.29905617
1389982916,0.31080997,0.36516494,0.3240251
1389993673,0.313222,0.31587148,0.37090653
1390021705,0.2736106,0.2443016,0.48208785
1390371900,0.45831335,0.2600619,0.28162473
1390675075,0.33198956,0.35673368,0.3112768
1390682325,0.3124605,0.38552684,0.30201268
1392137684,0.32326123,0.32796204,0.3487767
1392697382,0.35736823,0.35946357,0.28316817
1393216869,0.35733378,0.36140284,0.28126338
1393332166,0.27182668,0.264813,0.46336034
1393369450,0.36582392,0.37546116,0.2587149
1394197657,0.2325334,0.3423984,0.4250682
1394332158,0.26705483,0.4696042,0.26334098
1394372116,0.33898017,0.35697997,0.30403984
1395914424,0.33805287,0.35497826,0.30696887
1396471416,0.2737958,0.33340922,0.392795
1397033328,0.2744557,0.42634314,0.29920113
1397633716,0.32591182,0.36133116,0.31275707
1397713062,0.38949645,0.30836737,0.30213618
1397801236,0.28380686,0.2648452,0.451348
1397820372,0.34350997,0.3612644,0.29522562
1398425146,0.36332986,0.33963,0.2970401
1398516675,0.3075317,0.41056687,0.28190142
1398963070,0.33582783,0.25474268,0.40942943
1399548407,0.36592823,0.33798552,0.29608625
1399797650,0.31103316,0.29216665,0.3968002
1399825434,0.34091163,0.30784112,0.35124728
1400006593,0.28210646,0.2947256,0.42316794
1400019759,0.42947823,0.28641167,0.28411007
1400261150,0.34553283,0.3548143,0.29965287
1400587533,0.33188373,0.32325307,0.34486318
1400695722,0.40679866,0.26438916,0.32881218
1400768435,0.36221844,0.3077463,0.33003527
1400997982,0.35136172,0.32588583,0.32275242
1401159866,0.28471148,0.43619555,0.27909297
1401307085,0.3459779,0.34483492,0.30918717
1401683129,0.26817137,0.46649674,0.26533192
1402064056,0.37382555,0.32946894,0.29670554
1402271150,0.30014646,0.2723031,0.42755044
1403380941,0.39139062,0.31476474,0.29384458
1403427253,0.31447247,0.38293326,0.30259427
1403595657,0.42125866,0.27448177,0.30425954
1404258661,0.26054165,0.43760467,0.30185372
1405347775,0.32993507,0.3353783,0.33468658
1406691554,0.3602051,0.26224154,0.3775534
1406827873,0.380905,0.30167913,0.31741583
1406829456,0.42555037,0.27464175,0.29980785
1407513357,0.33480358,0.3708776,0.2943188
1407659950,0.2537147,0.46267962,0.28360564
1408173802,0.41748223,0.29726857,0.2852492
1408279353,0.39099407,0.3007063,0.30829963
1408343105,0.3199485,0.38072866,0.29932284
1408700611,0.3110858,0.40006548,0.28884873
1409775840,0.37772536,0.32217818,0.30009642
1410097361,0.34777486,0.36146265,0.2907625
1410106325,0.25671786,0.45723647,0.28604564
1410555104,0.35267258,0.36107105,0.28625637
1411188531,0.4025219,0.302062,0.2954161
1411251756,0.25511035,0.32650203,0.41838762
1411597873,0.3223053,0.34949118,0.32820353
1411768221,0.28777194,0.3757528,0.33647525
1412403014,0.38603345,0.32016188,0.29380465
1412779511,0.37724298,0.3068743,0.31588268
1413744772,0.41765225,0.2857294,0.29661834
1414036390,0.39088228,0.26160756,0.34751016
1414215305,0.414622,0.29212895,0.293249
1414257811,0.31297952,0.3876992,0.29932135
1414611051,0.30029422,0.41241068,0.28729507
1414828450,0.37916446,0.36105677,0.25977877
1415251431,0.36936346,0.3453675,0.28526905
1415561991,0.35636926,0.33865926,0.3049715
1415806400,0.38896394,0.30252028,0.30851585
1415841234,0.40447044,0.18931887,0.40621072
1416531481,0.39146477,0.32338932,0.28514597
1417775022,0.315832,0.38096833,0.30319965
1417963978,0.3625998,0.33927923,0.29812098
1418637553,0.36971694,0.35001582,0.28026724
1419701384,0.27234706,0.4205807,0.30707225
1419862961,0.31765404,0.40232155,0.28002438
1419931148,0.2846743,0.4350348,0.28029084
1420282552,0.40232408,0.3217249,0.27595103
1420284504,0.3068272,0.34809804,0.34507474
1421069299,0.40658516,0.27960038,0.31381446
1421092665,0.3355826,0.36239272,0.3020246
1421801469,0.27561897,0.40560538,0.31877565
1421805369,0.30068082,0.38522175,0.3140974
1421832505,0.30701894,0.40660864,0.28637236
1421864021,0.38181445,0.3086815,0.30950403
1422466746,0.2333006,0.26810884,0.49859056
1422932421,0.28253675,0.3960721,0.3213912
1423057514,0.42991272,0.26751852,0.30256876
1423240450,0.3134269,0.30444944,0.3821236
1423356515,0.386064,0.31327328,0.3006627
1423697164,0.4336216,0.25663668,0.30974177
1424053608,0.2529989,0.4621123,0.2848888
1424318370,0.54771554,0.20752525,0.24475922
1424386744,0.35617948,0.30453402,0.33928657
1424404514,0.27258042,0.42040974,0.30700985
1424741644,0.2513691,0.44640326,0.30222765
1425100014,0.3546266,0.33657593,0.30879742
1425296441,0.3367057,0.3828563,0.280438
1425474739,0.32644323,0.38301116,0.29054558
1425824350,0.4751972,0.2356758,0.289127
1425853503,0.37225878,0.29223514,0.33550605
1426087157,0.30643725,0.4224761,0.27108666
1426776603,0.3970752,0.26686388,0.33606094
1426865377,0.4263269,0.26124114,0.312432
1427188231,0.3875242,0.27315813,0.33931768
1427489505,0.31739014,0.38649738,0.29611248
1427573411,0.26552248,0.42393944,0.31053805
1427813073,0.2829147,0.37842906,0.3386562
1428044543,0.2754338,0.44989336,0.27467287
1428096975,0.3115377,0.3930941,0.2953682
1428323133,0.36027592,0.29369217,0.3460319
1428763053,0.26943466,0.3763525,0.35421282
1429170227,0.32530546,0.35874385,0.3159507
1429298084,0.33292365,0.38449568,0.28258067
1429343475,0.44227326,0.25236836,0.30535835
1429905856,0.320144,0.370691,0.30916494
1430393993,0.360256,0.35181823,0.28792578
1430720762,0.42914447,0.2795623,0.2912932
1430759000,0.3668995,0.3153643,0.3177362
1430961175,0.346155,0.35239562,0.30144942
1431194633,0.37759876,0.32170802,0.3006932
1431426828,0.44194895,0.25677118,0.30127984
1431613453,0.32918864,0.39025503,0.28055632
1431888365,0.34809858,0.3701161,0.28178534
1431937265,0.37895125,0.3094169,0.3116319
1432509592,0.36142644,0.32169837,0.31687516
1432525514,0.33837727,0.36961094,0.2920118
1432791243,0.34051102,0.36085826,0.29863077
1434703282,0.36522168,0.30514508,0.32963324
1434791306,0.5400665,0.20326239,0.25667113
1434990173,0.3147362,0.3961965,0.2890672
1434992319,0.32578403,0.24320376,0.4310122
1435074108,0.31037998,0.387112,0.302508
1435650370,0.32784766,0.32206506,0.3500873
1435713681,0.5401525,0.20311922,0.2567283
1436610218,0.36575255,0.33227426,0.3019732
1436887470,0.4587374,0.2475932,0.2936694
1437259090,0.39900595,0.31844383,0.28255022
1437321354,0.32729477,0.3685326,0.3041726
1437425186,0.37733108,0.31909704,0.30357188
1438347181,0.34074855,0.35932726,0.29992425
1438613970,0.25575018,0.39514878,0.349101
1439152664,0.24339318,0.4911856,0.2654212
1440362807,0.24199234,0.4813623,0.27664536
1440554360,0.2583069,0.45248857,0.28920454
1441148538,0.3910966,0.29692775,0.31197572
1441391609,0.38099897,0.2744338,0.34456724
1442253796,0.26887465,0.38328844,0.3478369
1443024288,0.33602947,0.39338532,0.27058524
1443285141,0.4175088,0.28143632,0.30105484
1443654087,0.23640598,0.47732332,0.28627074
1443768734,0.3067612,0.38412243,0.30911636
1443818593,0.3458926,0.34547168,0.30863568
1444188270,0.470277,0.22327945,0.30644354
1444315865,0.3747576,0.26896092,0.35628152
1444706883,0.31583744,0.39306378,0.29109877
1445183180,0.32670978,0.35499942,0.31829083
1445274516,0.26045543,0.4566524,0.28289223
1445382271,0.30130133,0.42094904,0.27774957
1446000452,0.3235751,0.3838523,0.29257262
1446006553,0.27181634,0.46467674,0.26350695
1446059185,0.34480685,0.3594946,0.29569858
1446129524,0.37886775,0.35544157,0.26569068
1446277750,0.49338874,0.24383393,0.26277733
1447522962,0.24910566,0.4703744,0.28051993
1447732913,0.37083066,0.31591856,0.31325072
1447998484,0.39936173,0.28927448,0.3113638
1448396868,0.4194169,0.2521267,0.3284564
1448401925,0.40813267,0.2756103,0.31625703
1448944105,0.30476224,0.43707734,0.2581604
1449026692,0.41922826,0.2942872,0.28648454
1449631259,0.45865262,0.26225,0.27909744
1450521040,0.3448522,0.34963828,0.3055095
1451648057,0.36557114,0.296251,0.3381778
1451922783,0.33190152,0.3629743,0.30512416
1451930406,0.34824026,0.35257024,0.29918945
1452140874,0.31496522,0.4077497,0.27728504
1452941756,0.26555723,0.44944668,0.2849961
1453500703,0.22857855,0.47977924,0.29164225
1453945940,0.29546678,0.34487373,0.35965946
1454155465,0.3371356,0.35281646,0.31004795
1454674653,0.3770074,0.34161788,0.28137472
1454675642,0.344738,0.3648199,0.29044208
1455276491,0.34491408,0.35220438,0.30288157
1455473686,0.26624727,0.44681376,0.28693894
1455479887,0.45734873,0.2584313,0.28421998
1455597957,0.30606002,0.38751012,0.30642986
1455766910,0.30407867,0.4037164,0.29220492
1456229078,0.29171228,0.41442993,0.2938578
1456804775,0.34159192,0.36832637,0.2900817
1456993998,0.29059517,0.41252038,0.29688442
1457231314,0.311055,0.376222,0.31272298
1457237917,0.36392415,0.33446056,0.30161524
1457428626,0.34124595,0.35884258,0.29991144
1457562864,0.37189537,0.35095805,0.27714658
1457575965,0.30112305,0.416609,0.28226793
1457576449,0.34875932,0.3340189,0.31722182
1457808206,0.32944047,0.30032855,0.37023103
1458215415,0.27229404,0.38956222,0.3381437
1458284684,0.33398765,0.3779673,0.28804508
1458360622,0.2877108,0.4273196,0.28496963
1459114057,0.34944376,0.34775162,0.30280465
1459600663,0.42342615,0.27043483,0.30613905
1461607431,0.3617925,0.36125553,0.27695197
1461725677,0.41649967,0.2798776,0.30362266
1461982918,0.24195749,0.48281163,0.27523094
1462400563,0.34455508,0.35685554,0.2985894
1462856338,0.3456313,0.36144134,0.29292738
1463241444,0.37041286,0.3356154,0.29397178
1463691562,0.40222386,0.31446862,0.2833075
1464173919,0.3216045,0.39134252,0.287053
1464698232,0.37724686,0.30097044,0.3217827
1464839546,0.35083243,0.3591249,0.2900427
1464889236,0.30991697,0.39592862,0.2941544
1464989400,0.32397833,0.37785757,0.29816413
1465145020,0.21635011,0.5032894,0.28036052
1465598380,0.361691,0.36908796,0.26922107
1466835436,0.36671993,0.36561993,0.26766014
1466995205,0.3284159,0.37436533,0.29721874
1467194255,0.21574107,0.4922195,0.2920394
1467428834,0.32298163,0.3711049,0.3059135
1468530338,0.21482743,0.21774167,0.5674309
1469579917,0.33160192,0.2838019,0.38459617
1470179272,0.16149789,0.60022414,0.23827794
1470358638,0.36737502,0.3328505,0.29977447
1470536757,0.25882918,0.4596421,0.2815287
1470573700,0.29580525,0.33140475,0.37278998
1471268624,0.3671405,0.34485048,0.28800905
1472454750,0.35272047,0.35355395,0.29372555
1473218627,0.3382405,0.31733477,0.34442466
1473352218,0.23314205,0.49895898,0.26789898
1473441771,0.57329094,0.182293,0.2444161
1473497966,0.3543468,0.35343522,0.29221797
1474329832,0.34695598,0.3679123,0.2851317
1474622758,0.28094417,0.27737314,0.4416827
1475428984,0.310862,0.38803136,0.3011066
1476558039,0.501482,0.22895345,0.2695645
1476697387,0.49967366,0.2116923,0.28863403
1476805311,0.29232258,0.36138338,0.34629402
1477204544,0.3141808,0.37689698,0.3089222
1477685182,0.38231075,0.3129951,0.30469412
1478432692,0.36074486,0.3454349,0.29382026
1478645220,0.4721603,0.2523263,0.2755134
1478735511,0.3229666,0.38254976,0.29448363
1478990035,0.4362564,0.286552,0.27719164
1479017887,0.29498464,0.40065625,0.30435914
1479037571,0.4521712,0.25419873,0.29363006
1479532136,0.31544966,0.41739827,0.26715207
1479781022,0.37699997,0.32891002,0.29408997
1480096307,0.4272598,0.2801432,0.292597
1480304353,0.49729013,0.24361798,0.2590919
1480338630,0.34718606,0.3797595,0.2730545
1481183805,0.31178838,0.3951543,0.29305732
1481469002,0.3480049,0.35703975,0.29495537
1481497817,0.34506655,0.33826947,0.31666398
1481747470,0.45698622,0.26760033,0.27541345
1481991751,0.26350576,0.46423292,0.27226132
1482454909,0.42376265,0.28960097,0.2866364
1483468960,0.32595152,0.38301334,0.29103512
1483926406,0.3167252,0.39440653,0.28886825
1484371658,0.31087288,0.29664904,0.39247805
1484716703,0.333006,0.37458175,0.29241228
1484786749,0.3702547,0.33007437,0.29967093
1485254315,0.44508263,0.26136687,0.29355052
1485530943,0.30282164,0.35895723,0.33822107
1485734716,0.3254118,0.29629263,0.3782956
1485802424,0.23066694,0.50204253,0.26729047
1485942194,0.24982044,0.45674503,0.2934345
1485953556,0.32923996,0.3278587,0.34290135
1487512474,0.37572625,0.3440792,0.28019458
1487518907,0.31745338,0.3072316,0.375315
1487887141,0.2403472,0.43643254,0.3232202
1487962819,0.31220013,0.39227816,0.29552168
1488065958,0.42973685,0.27355856,0.2967046
1488642470,0.42063296,0.2611168,0.31825018
1489327802,0.3620261,0.33655262,0.30142125
1489492767,0.3272984,0.36585015,0.30685145
1489581310,0.23392388,0.48968875,0.27638736
1490025464,0.3718636,0.34685603,0.2812804
1490064998,0.32790506,0.38456458,0.28753036
1490351249,0.25646737,0.4490031,0.29452953
1490417928,0.3341759,0.33376244,0.3320617
1490566130,0.3177191,0.37787667,0.30440426
1490956006,0.3698104,0.32629418,0.30389544
1490963250,0.32025963,0.3886749,0.29106542
1491597335,0.25287253,0.45192832,0.29519922
1491884203,0.30619812,0.28339517,0.41040665
1492537097,0.38406783,0.24621642,0.36971575
1494368966,0.3398773,0.33366442,0.32645828
1494983903,0.41981766,0.27500707,0.30517524
1495016174,0.314487,0.3947073,0.2908057
1495104052,0.2600541,0.28351432,0.45643154
1495361948,0.24316323,0.47696555,0.27987123
1495882774,0.32547745,0.32881945,0.3457031
1496266833,0.38041186,0.33794492,0.28164324
1498077061,0.18547061,0.18547061,0.6290588
1498112150,0.35246593,0.34265393,0.3048801
1498358216,0.30796492,0.42738256,0.26465255
1498847178,0.28061423,0.4161332,0.30325258
1498988581,0.22437328,0.21485099,0.56077576
1499064875,0.5895519,0.15742666,0.25302142
1499071926,0.3653254,0.35233194,0.28234273
1499571531,0.30872047,0.38264152,0.308638
1499643754,0.2639072,0.33414197,0.40195084
1499844766,0.36222285,0.3041169,0.33366024
1499855572,0.3404609,0.35287374,0.30666536
1500023508,0.34063458,0.37641132,0.28295416
1500294489,0.34508246,0.3575356,0.29738194
1500447919,0.2996942,0.39978313,0.30052263
1500503650,0.39530078,0.28956437,0.31513488
1500533698,0.3892607,0.31431833,0.296421
1500653616,0.1912162,0.18908852,0.61969525
1500811409,0.32069558,0.34239972,0.3369047
1501125676,0.34269714,0.38242227,0.2748806
1501766500,0.43944818,0.2722628,0.28828907
1502201584,0.29712117,0.3981262,0.30475262
1502356861,0.35110596,0.38369858,0.26519543
1502714461,0.3346511,0.38052785,0.28482103
1502965203,0.31150138,0.38871723,0.29978138
1503005007,0.33088654,0.3606599,0.30845353
1503270270,0.44319108,0.26765335,0.28915557
1503328582,0.3665651,0.338252,0.29518285
1503372133,0.5005958,0.23439999,0.2650042
1504473621,0.40548152,0.32430127,0.27021724
1505775208,0.32726473,0.3468945,0.3258408
1506289747,0.44007117,0.2922408,0.26768798
1506607259,0.44688445,0.2635051,0.28961045
1507182811,0.32287678,0.35981178,0.31731147
1507198566,0.26932055,0.43716425,0.29351526
1507743299,0.26721483,0.43471968,0.29806548
1508106085,0.35952652,0.36016732,0.2803062
1508226331,0.4393155,0.26898947,0.29169497
1508667545,0.22398865,0.2978366,0.47817475
1508736364,0.32127243,0.32316345,0.35556412
1509190229,0.3571629,0.34163117,0.301206
1509527944,0.39558733,0.31030113,0.29411155
1509947650,0.3485201,0.31982404,0.33165583
1510216646,0.502776,0.23240061,0.26482332
1510223473,0.39138114,0.30618817,0.30243063
1510232772,0.37174606,0.3317724,0.2964815
1510355450,0.32399446,0.39542276,0.2805828
1510739996,0.32671624,0.39063907,0.28264466
1510827012,0.33444715,0.37266207,0.2928908
1510844234,0.39224744,0.316293,0.29145956
1511441860,0.33351058,0.33886248,0.327627
1511499236,0.23768346,0.49240077,0.26991576
1511752227,0.36101502,0.3450709,0.29391408
1511986847,0.36455393,0.32759708,0.307849
1511987356,0.369412,0.32443267,0.30615535
1512036033,0.4048041,0.26935172,0.3258442
1512135050,0.2729546,0.44231123,0.28473413
1512247569,0.35245168,0.3558085,0.29173982
1512249460,0.20165622,0.55193406,0.24640973
1512512102,0.3637876,0.35190016,0.28431225
1512655073,0.39506418,0.31741023,0.28752562
1514570986,0.3131233,0.32536632,0.36151034
1515085544,0.35115397,0.3654691,0.28337693
1515194969,0.2858739,0.44041064,0.2737155
1515640780,0.33391744,0.3507834,0.31529912
1515673229,0.37713182,0.3557284,0.2671398
1516727875,0.3141852,0.39662874,0.2891861
1516766796,0.37335658,0.34377626,0.28286713
1516928323,0.3163905,0.3596391,0.32397038
1517001334,0.32838696,0.3572902,0.31432274
1517005915,0.3078819,0.31971586,0.37240225
1518305208,0.36342764,0.29589865,0.3406737
1518434714,0.38773566,0.32072222,0.2915421
1518560675,0.407351,0.3169883,0.2756607
1518964750,0.3072548,0.40402037,0.28872484
1519693368,0.36961472,0.3218803,0.30850494
1519883784,0.3414386,0.27616486,0.38239658
1520902388,0.33382627,0.3509743,0.31519943
1520990598,0.29008794,0.38997486,0.31993723
1521341084,0.32816073,0.31998596,0.35185334
1522076707,0.30455166,0.2923206,0.40312773
1522836970,0.3704425,0.3387066,0.2908509
1522997425,0.33701855,0.3342872,0.32869428
1523100513,0.35710496,0.37393117,0.26896387
1523353410,0.35945594,0.33679897,0.3037451
1524349988,0.40160078,0.23610803,0.36229122
1524374288,0.38039538,0.33618256,0.28342208
1524389910,0.32352835,0.37478575,0.30168587
1524888173,0.32849437,0.37269557,0.29881006
1526233914,0.38443565,0.31096822,0.30459607
1526255942,0.3249772,0.37155652,0.3034663
1526294126,0.20901844,0.496511,0.29447058
1526631137,0.23150563,0.4435559,0.3249385
1526827441,0.34427673,0.3384719,0.31725138
1527002556,0.26319876,0.44375324,0.29304796
1527266017,0.31855267,0.388397,0.2930503
1527439633,0.32055193,0.29825294,0.38119513
1527545731,0.19993258,0.56035113,0.23971632
1528217841,0.3411539,0.3652444,0.2936017
1528854515,0.34885222,0.33920294,0.31194484
1528866551,0.43834782,0.28112343,0.28052878
1530641411,0.32595307,0.33100998,0.34303692
1530924498,0.33794826,0.3423413,0.31971043
1531462308,0.2708817,0.4472248,0.2818935
1531480435,0.37144423,0.28015774,0.34839803
1531686659,0.32935458,0.36590394,0.30474147
1531858557,0.39091283,0.32512206,0.28396514
1531984200,0.39415196,0.32568783,0.28016025
1532499430,0.26000208,0.44486165,0.29513627
1533009688,0.2927617,0.3964371,0.31080118
1534342263,0.2304146,0.47039202,0.29919338
1534510456,0.4537264,0.23208809,0.3141855
1535765243,0.31879127,0.38197213,0.29923657
1536182259,0.35740435,0.36534348,0.2772521
1537002164,0.3384062,0.354212,0.3073818
1537117262,0.3304231,0.35912734,0.31044957
1537182322,0.27621338,0.28261107,0.44117552
1537221859,0.28507105,0.29782996,0.41709897
1537593405,0.3590387,0.37082198,0.27013934
1537599213,0.23660812,0.48854357,0.27484828
1537624706,0.3896833,0.33946127,0.2708555
1537627166,0.43392456,0.26919186,0.29688355
1538019213,0.24512874,0.43619043,0.31868082
1538179462,0.37904763,0.3257066,0.2952458
1538444137,0.30890054,0.39812833,0.29297107
1538799156,0.2980609,0.3436786,0.3582605
1538869052,0.48334968,0.2347799,0.28187042
1539377535,0.32674956,0.36522967,0.3080207
1539498625,0.28376228,0.3678674,0.34837034
1539590958,0.35957947,0.3188665,0.32155403
1540323056,0.3318689,0.3235259,0.34460524
1540400885,0.38062263,0.32414472,0.29523265
1540588713,0.30400488,0.39986596,0.29612917
1541487598,0.20733073,0.4608033,0.33186594
1541642647,0.2568518,0.44663972,0.2965085
1541685390,0.34728688,0.35654098,0.29617214
1541902405,0.37371463,0.29246396,0.3338214
1542150850,0.35898995,0.36071804,0.280292
1542254114,0.4424579,0.23775256,0.3197895
1543004491,0.39274427,0.31382588,0.29342985
1543117139,0.31482905,0.35966587,0.32550508
1543216802,0.3979246,0.3074286,0.2946468
1543923915,0.35105908,0.35933286,0.2896081
1544083540,0.33288857,0.35253245,0.31457895
1544576407,0.27840167,0.42946076,0.29213753
1544795350,0.28716213,0.42055812,0.29227972
1545365707,0.44482857,0.27242583,0.28274554
1545388639,0.34047478,0.31276745,0.34675777
1545488398,0.2698393,0.4636212,0.2665395
1545776787,0.34072423,0.29970616,0.35956967
1545802492,0.3162169,0.39029753,0.29348552
1546878008,0.352827,0.3543167,0.29285628
1547263065,0.354344,0.34186408,0.30379188
1547596992,0.37714675,0.26342624,0.35942698
1548000079,0.39672655,0.29570234,0.3075711
1548201497,0.56021667,0.17822452,0.2615588
1548556538,0.35989407,0.3562178,0.28388813
1548807188,0.22618091,0.50059956,0.27321953
1549039617,0.34671772,0.33896348,0.31431884
1549118230,0.33091536,0.32865036,0.3404343
1549570847,0.35373428,0.35118952,0.29507616
1549887134,0.3861023,0.31634963,0.29754812
1549924721,0.36356688,0.35410988,0.28232324
1550330610,0.4104092,0.2944097,0.29518107
1550750614,0.34403372,0.36546293,0.29050335
1550807865,0.23115595,0.48102945,0.2878146
1550858787,0.42277455,0.2746812,0.30254424
1551390040,0.36643335,0.3111664,0.3224002
1551665202,0.27596545,0.43449605,0.28953856
1551706273,0.28097656,0.34675807,0.37226537
1551761603,0.4279982,0.30162126,0.2703805
1552024088,0.44653898,0.27097857,0.28248242
1552398744,0.31166375,0.32163417,0.36670202
1553319303,0.36534518,0.3426258,0.29202896
1553364331,0.4775626,0.26511753,0.25731987
1553398156,0.3963397,0.27759555,0.32606468
1553584105,0.35297385,0.36301324,0.2840129
1554034790,0.28820214,0.41527927,0.2965186
1554069666,0.33341172,0.37820825,0.28838003
1554102919,0.41092086,0.29509977,0.2939794
1554476853,0.3507261,0.32898414,0.32028973
1554798788,0.3914671,0.2934938,0.31503907
1555077172,0.28797996,0.41657853,0.2954415
1555416303,0.37319028,0.2878655,0.33894426
1555915481,0.38642251,0.32714492,0.28643256
1556148778,0.35312408,0.37334114,0.27353477
1557079066,0.28759697,0.4363919,0.27601117
1557212012,0.47240674,0.24583498,0.2817583
1557518374,0.39390755,0.3021257,0.30396673
1558232164,0.27985537,0.3111276,0.4090171
1558499019,0.3577,0.36479896,0.27750108
1558568018,0.2599882,0.44532654,0.29468524
1558571254,0.33501798,0.3395832,0.32539883
1558597395,0.22364137,0.50856394,0.2677947
1558920207,0.38975513,0.33798027,0.27226466
1558936179,0.3002801,0.38404882,0.3156711
1559655202,0.36677963,0.34241134,0.290809
1559682009,0.27764088,0.4255935,0.29676557
1559706200,0.28267106,0.43356165,0.2837673
1560169397,0.47207996,0.25107348,0.27684653
1560835496,0.24924146,0.43836495,0.31239355
1560969594,0.23431492,0.5177498,0.2479353
1561122774,0.33348823,0.36794132,0.2985705
1561600123,0.322938,0.38667506,0.29038692
1561920988,0.31426328,0.35977784,0.32595885
1562046644,0.30194503,0.37495297,0.32310206
1562168146,0.3095809,0.43355858,0.2568605
1563013826,0.35952508,0.3535601,0.28691483
1563096379,0.27234644,0.32119286,0.4064607
1563380516,0.31173068,0.3985247,0.28974462
1563464106,0.28557217,0.41053867,0.30388916
1563979586,0.37723848,0.3191827,0.3035788
1564267187,0.3636574,0.34868324,0.28765935
1564309273,0.41102254,0.29779512,0.29118234
1564711501,0.39773566,0.31721455,0.28504977
1564984305,0.48209965,0.24283925,0.27506107
1565547006,0.48544043,0.2179114,0.2966482
1565624242,0.24931748,0.48035282,0.2703297
1565932246,0.32857794,0.37278217,0.29863992
1566007232,0.34949216,0.36764526,0.28286263
1567424993,0.23439842,0.49564174,0.26995987
1568062166,0.33352178,0.33683738,0.32964087
1568335656,0.2862866,0.36436403,0.34934938
1568735071,0.3521801,0.34524447,0.3025754
1569194084,0.3181085,0.38547078,0.29642075
1569527028,0.3835253,0.31564653,0.30082816
1569819771,0.3682686,0.35061502,0.28111643
1569856595,0.35536048,0.36062703,0.28401256
1570005821,0.32603925,0.3989638,0.27499694
1570523015,0.35870534,0.3015558,0.33973885
1571039670,0.23802859,0.48964572,0.2723257
1571333066,0.37811765,0.34219307,0.27968925
1571552797,0.36233354,0.32439536,0.3132711
1572470569,0.36403328,0.31379098,0.32217577
1572553183,0.2547978,0.4673369,0.27786538
1572914742,0.2399067,0.4815815,0.27851176
1573161678,0.25606042,0.4639631,0.2799765
1573520031,0.37885344,0.32341433,0.29773223
1573875860,0.33577806,0.3578193,0.30640265
1574037377,0.44881222,0.28771132,0.2634765
1574177759,0.349581,0.35834843,0.2920706
1574360470,0.49677855,0.23759907,0.26562238
1574464447,0.35729772,0.3632947,0.2794076
1575244496,0.3543967,0.34986028,0.295743
1575539869,0.30067533,0.40162316,0.29770154
1575598780,0.40370148,0.29207337,0.3042251
1575868665,0.28780407,0.4298147,0.28238124
1576478815,0.35744506,0.3345939,0.30796108
1576739802,0.308234,0.34044635,0.3513196
1577508368,0.40902197,0.28546268,0.30551532
1577605262,0.41202906,0.30476475,0.28320625
1577839236,0.3928776,0.26571095,0.34141144
1577844014,0.2171157,0.5217108,0.2611735
1578075430,0.3443095,0.35620627,0.2994842
1578708985,0.33245322,0.39230728,0.2752395
1578953865,0.2974667,0.41423178,0.28830156
1579308266,0.3593828,0.3406124,0.30000484
1579535336,0.370943,0.34271914,0.28633785
1579784333,0.35078698,0.36229622,0.28691673
1579920550,0.19615445,0.54392797,0.25991756
1579923608,0.36759657,0.34956092,0.28284246
1580232758,0.41325068,0.30145517,0.28529418
1580267370,0.31098634,0.40184164,0.28717202
1581317758,0.1945452,0.5616187,0.24383608
1581630968,0.41985422,0.286959,0.29318678
1581766713,0.46281928,0.25832185,0.27885887
1582285515,0.27310133,0.4384853,0.28841335
1582968476,0.32202294,0.36901736,0.3089597
1583233073,0.28428087,0.39315635,0.3225628
1583331605,0.33061823,0.3330216,0.3363602
1583336579,0.36376274,0.33762872,0.29860854
1583808444,0.37969327,0.34289235,0.27741438
1583962668,0.2707013,0.34779745,0.38150126
1584353583,0.2828537,0.34379083,0.37335545
1584614778,0.3491793,0.36111498,0.28970575
1584755738,0.34048635,0.3484978,0.31101584
1584769560,0.48549116,0.23460588,0.279903
1584828913,0.27504075,0.42170852,0.30325073
1585442353,0.35375893,0.36029714,0.28594396
1585563968,0.2864552,0.39749002,0.31605482
1585646412,0.37370217,0.28097308,0.34532472
1585788708,0.2756353,0.34493116,0.37943354
1585993730,0.40051264,0.3133547,0.2861327
1586598952,0.434296,0.29446715,0.27123687
1586863487,0.378206,0.31386045,0.3079335
1586944136,0.26729566,0.36459497,0.36810935
1587034462,0.4304096,0.28699842,0.28259194
1587512829,0.27738267,0.36324298,0.3593743
1587855609,0.46770996,0.2724756,0.25981444
1587940698,0.31899863,0.35718578,0.32381558
1589379263,0.3972582,0.31507587,0.2876659
1589543088,0.33354115,0.37795138,0.2885075
1589767457,0.51741785,0.21764508,0.2649371
1590633590,0.3182518,0.3450887,0.33665955
1591210425,0.31258002,0.3444623,0.34295768
1591251663,0.31804872,0.28375366,0.3981976
1591483485,0.31979555,0.387816,0.29238847
1592574381,0.38786066,0.32646704,0.28567228
1592720903,0.3403942,0.34391296,0.31569284
1594144248,0.32107747,0.3152462,0.3636763
1594519552,0.30522487,0.3513087,0.34346643
1595280977,0.3487949,0.3678971,0.28330803
1595552836,0.46038038,0.25835526,0.28126436
1596027900,0.33280492,0.339416,0.32777905
1596032728,0.18910046,0.5462345,0.26466504
1596604971,0.20710659,0.4903441,0.30254933
1596671229,0.33731687,0.37392128,0.28876185
1596862780,0.23864476,0.49447316,0.26688203
1597775889,0.33202612,0.37033844,0.29763544
1599096814,0.3423399,0.35422963,0.30343044
1599297569,0.504789,0.21006617,0.2851449
1599568522,0.27746323,0.43040937,0.29212737
1599722393,0.35104382,0.3595237,0.2894325
1599794379,0.32277912,0.38278782,0.29443306
1601400546,0.31831664,0.3827268,0.29895657
1602454146,0.28786296,0.41937754,0.2927595
1602570873,0.33414453,0.39301538,0.27284008
1602580450,0.5415653,0.20054212,0.25789258
1602883850,0.30854356,0.31055033,0.38090608
1603000115,0.3269946,0.37238932,0.30061612
1603211318,0.37481546,0.2948174,0.33036715
1603477366,0.30671287,0.30671287,0.3865742
1603729573,0.30925024,0.38862085,0.30212885
1604031501,0.45296633,0.26841474,0.27861893
1604084168,0.28959143,0.2845775,0.42583102
1604197781,0.39554232,0.3174057,0.28705198
1605752317,0.28330946,0.24904299,0.46764755
1605822431,0.4388916,0.27744138,0.28366703
1605992008,0.36244547,0.34983432,0.28772017
1606066599,0.42966083,0.28676552,0.2835736
1606353997,0.46753025,0.25927913,0.27319062
1606390545,0.41605783,0.2691485,0.3147937
1607078665,0.39156264,0.30086464,0.30757272
1607649966,0.294537,0.3571586,0.3483044
1609080132,0.23674144,0.26040152,0.50285697
1609217775,0.3592593,0.29965556,0.34108514
1609369409,0.43524227,0.2857226,0.27903515
1609425811,0.2736739,0.36194462,0.3643815
1609629198,0.431799,0.28158063,0.28662038
1609686987,0.3437124,0.341738,0.31454962
1609837491,0.31501138,0.33414334,0.35084528
1609990742,0.36184645,0.3424979,0.29565564
1610201143,0.35745877,0.36116976,0.28137144
1610359276,0.27730718,0.305533,0.41715983
1610415921,0.34619528,0.36734694,0.28645778
1611328179,0.27404168,0.38232192,0.3436364
1612280218,0.34715867,0.3597545,0.29308686
1612768800,0.31315798,0.4076504,0.2791916
1612816978,0.33664715,0.3729077,0.2904452
1612820294,0.21499091,0.5361446,0.2488645
1613232805,0.351256,0.33697343,0.31177062
1613824045,0.35385895,0.36842293,0.27771816
1614539656,0.33734202,0.3700735,0.29258442
1615309005,0.36955684,0.3430286,0.28741455
1615483187,0.3745544,0.3181306,0.30731493
1615572819,0.2403382,0.48611414,0.27354768
1615635284,0.3574144,0.3659287,0.2766569
1615807992,0.37075776,0.3177405,0.31150174
1616011673,0.2792921,0.3152249,0.40548298
1616103241,0.29020524,0.41201043,0.29778427
1616461896,0.26573017,0.4446049,0.28966495
1618305495,0.45008814,0.26585028,0.28406155
1618617837,0.35711175,0.30405456,0.33883372
1619884496,0.2871936,0.42526752,0.28753892
1620267727,0.30002755,0.41665334,0.28331918
1620500632,0.2751854,0.44344068,0.28137392
1621407819,0.45161432,0.25020558,0.2981801
1621688419,0.39489937,0.29376748,0.31133318
1621753560,0.3223549,0.4055366,0.2721085
1621949448,0.50152916,0.22173755,0.27673328
1622389763,0.20994285,0.5183836,0.27167344
1622395515,0.32826996,0.36265334,0.30907667
1622775803,0.3901062,0.2839387,0.32595512
1623146152,0.23770219,0.35301405,0.40928376
1623170855,0.3749125,0.3526946,0.2723929
1623318114,0.427388,0.2791685,0.2934435
1623339523,0.3002714,0.3982411,0.30148745
1624288723,0.37734172,0.33119267,0.29146558
1625903001,0.38258553,0.3231362,0.29427826
1626070850,0.35998815,0.3601501,0.2798618
1626679827,0.39147425,0.30595616,0.30256963
1626710019,0.4884951,0.22698838,0.2845165
1626939895,0.27838033,0.43959552,0.2820241
1627926960,0.36906397,0.33957165,0.29136437
1628729911,0.24693197,0.44627023,0.30679777
1629764690,0.2627761,0.45102155,0.28620237
1630527862,0.21516366,0.47101986,0.31381643
1630831872,0.35064584,0.3560735,0.29328066
1631138575,0.36802465,0.35122037,0.28075498
1631382474,0.35627303,0.3683113,0.27541572
1631567249,0.52926266,0.21057653,0.26016086
1631677815,0.3926118,0.3387484,0.26863977
1632014183,0.40780926,0.29294646,0.29924428
1632122545,0.41469094,0.30644485,0.2788642
1632858316,0.36598927,0.35257477,0.2814359
1633800504,0.46478373,0.22996223,0.30525398
1633807580,0.32985425,0.3869471,0.28319865
1633946324,0.28152752,0.3716342,0.3468383
1634078036,0.32702154,0.33970246,0.333276
1634139642,0.29204488,0.40634233,0.3016128
1634185276,0.2209871,0.27053195,0.5084809
1634434573,0.3899722,0.31433702,0.29569077
1635306903,0.36538902,0.34465033,0.28996065
1636596824,0.2806608,0.42523417,0.294105
1636653458,0.26593927,0.30474108,0.42931968
1637024745,0.4584781,0.27259213,0.2689298
1637776970,0.35600466,0.3597688,0.2842266
1637879229,0.21851805,0.3462779,0.43520406
1637952709,0.46144027,0.2572111,0.28134865
1638422111,0.43458885,0.2767149,0.2886963
1638477743,0.30627978,0.4241864,0.26953387
1639085082,0.35426527,0.34705177,0.29868293
1639237901,0.21089202,0.5330222,0.25608575
1640758507,0.3617397,0.34630576,0.29195458
1642014759,0.25792634,0.4656924,0.27638122
1642035848,0.37235373,0.32604367,0.3016026
1642263146,0.26391435,0.28682977,0.44925585
1642395421,0.34238344,0.3710613,0.2865553
1642467783,0.4099211,0.2635053,0.32657355
1642681147,0.26712105,0.41363767,0.3192413
1643405176,0.3461206,0.33005524,0.32382423
1643907626,0.25378975,0.4699521,0.27625814
1644699788,0.32542735,0.30324295,0.37132967
1644781606,0.30175504,0.40060407,0.29764086
1644817605,0.3443015,0.3265545,0.32914403
1645052117,0.34197024,0.30631238,0.35171738
1645209852,0.39854306,0.31313175,0.2883252
1645560299,0.33994788,0.34971464,0.31033748
1646020069,0.35465288,0.32473576,0.3206113
1646822472,0.41357523,0.27423808,0.31218672
1647117594,0.45416442,0.24300183,0.30283377
1647424465,0.30013856,0.40920925,0.29065216
1647708791,0.3058657,0.40542275,0.28871155
1647757809,0.3002171,0.327438,0.3723449
1648239182,0.32791498,0.37192404,0.30016094
1648422833,0.35656816,0.28902432,0.3544075
1648642740,0.19039449,0.54702777,0.26257774
1648720857,0.29972395,0.37263852,0.32763755
1649490436,0.2517481,0.48444122,0.26381063
1649703342,0.34312034,0.35973656,0.29714313
1649862792,0.26799357,0.41987392,0.3121325
1650300505,0.30395812,0.41365603,0.28238583
1650471177,0.4450615,0.24548052,0.309458
1650613449,0.35167876,0.34403315,0.3042881
1650745342,0.33386657,0.34393063,0.3222028
1650901619,0.31050453,0.3018099,0.38768557
1650902560,0.4196545,0.29702443,0.28332108
1650914041,0.26590812,0.45188195,0.2822099
1651217316,0.19099799,0.5587793,0.2502228
1651561506,0.32528126,0.3979363,0.27678236
1651690251,0.43108758,0.28775078,0.2811616
1653616188,0.48951083,0.23134398,0.27914518
1653684786,0.3050471,0.41864133,0.27631158
1653876340,0.44713402,0.25151518,0.3013508
1654427558,0.35827553,0.33044776,0.31127667
1654684700,0.36843112,0.32937092,0.302198
1655073338,0.49475852,0.23487061,0.27037084
1655143326,0.28426188,0.23937304,0.4763651
1655790883,0.39928943,0.3004496,0.30026096
1657016881,0.35191604,0.35466743,0.2934165
1657467200,0.383551,0.30749652,0.30895248
1657539739,0.48777992,0.22870198,0.28351808
1658504900,0.31042588,0.39531076,0.29426342
1658832957,0.37748614,0.33906895,0.2834449
1658939627,0.32291868,0.35081625,0.3262651
1658958070,0.30560774,0.30560774,0.3887845
1658967966,0.19090922,0.5686157,0.24047512
1659114265,0.28795624,0.36652392,0.3455198
1659438468,0.38945693,0.3053056,0.3052374
1660208850,0.3233808,0.3684793,0.30813986
1660857258,0.26374358,0.45807078,0.27818564
1661116563,0.41819882,0.31220844,0.26959273
1661813809,0.46684796,0.2623078,0.27084428
1661843591,0.34532863,0.36414272,0.29052866
1662151765,0.27304545,0.38661435,0.34034017
1662484259,0.3905455,0.31697598,0.2924785
1662512832,0.26644123,0.38533318,0.3482256
1662521699,0.26927572,0.44022626,0.290498
1663299496,0.35567617,0.3541199,0.29020396
1663468816,0.4132025,0.30356258,0.28323492
1663491346,0.2821657,0.45416835,0.2636659
1663538895,0.32137424,0.35864002,0.31998575
1663637561,0.37934655,0.32786578,0.2927876
1663717781,0.39783293,0.30922037,0.2929467
1664201201,0.339677,0.3238939,0.33642906
1664322673,0.23919483,0.23673888,0.5240663
1664732760,0.50104415,0.21621639,0.28273946
1664994046,0.34233305,0.3584975,0.29916948
1665065234,0.37829286,0.30076113,0.32094598
1666139437,0.29718584,0.39968246,0.3031317
1666402895,0.41517866,0.3013411,0.2834802
1666992104,0.30548972,0.4082191,0.28629118
1667614373,0.48476252,0.22573605,0.2895015
1668507734,0.309879,0.3975271,0.29259387
1668858113,0.2910425,0.34298357,0.36597395
1669416968,0.3494944,0.33213347,0.31837213
1669538948,0.40107858,0.2919052,0.3070162
1670070169,0.34456646,0.28589204,0.3695415
1670334570,0.29665467,0.39227608,0.31106925
1670792860,0.36894637,0.3396986,0.291355
1671246071,0.17684956,0.5827663,0.24038416
1671546542,0.34226653,0.3674983,0.2902351
1671576059,0.36086515,0.35589916,0.28323573
1671873354,0.3509159,0.35296947,0.29611468
1672347710,0.3991443,0.31050366,0.29035205
1672371508,0.23808885,0.4802695,0.28164166
1673836625,0.3421984,0.35979486,0.2980067
1673930835,0.31450424,0.36033124,0.3251645
1674271218,0.34003192,0.36047173,0.29949635
1674290386,0.24187925,0.28264517,0.4754756
1674303347,0.4231153,0.30047658,0.27640814
1674613483,0.3432461,0.35172188,0.305032
1674870575,0.4265468,0.2604548,0.31299835
1674981451,0.3636161,0.34820127,0.28818262
1675239770,0.3949201,0.29123384,0.31384602
1676497076,0.37638924,0.35191035,0.27170038
1676810362,0.2731083,0.43752217,0.28936952
1677729180,0.3506381,0.34747684,0.30188507
1678266395,0.3043874,0.3979148,0.2976978
1678431547,0.34467685,0.33296084,0.3223623
1678514311,0.2683897,0.31482548,0.41678476
1678626069,0.31865725,0.3797741,0.3015687
1678905990,0.3497159,0.33212817,0.31815588
1679999721,0.3582562,0.3445785,0.29716527
1680192080,0.33121634,0.36230564,0.30647802
1680516333,0.295155,0.37236598,0.332479
1680611137,0.32278734,0.37612835,0.30108437
1680969361,0.3944298,0.32692373,0.27864647
1681735086,0.43108478,0.29048014,0.27843514
1681814692,0.34003133,0.34565338,0.31431532
1682074721,0.31131518,0.38499457,0.30369025
1682308532,0.34952205,0.34500903,0.3054689
1682386993,0.27421033,0.44293374,0.28285593
1682833625,0.4365523,0.26342112,0.30002666
1682953571,0.28287965,0.41411015,0.3030102
1683783813,0.2320534,0.49270332,0.27524322
1683889396,0.38215882,0.29717457,0.32066667
1683947411,0.3218371,0.38021564,0.2979473
1684319103,0.5646086,0.16778773,0.2676037
1684715833,0.5087013,0.21729685,0.27400184
1684845933,0.33066058,0.34929058,0.32004884
1685030974,0.32292086,0.3838793,0.2931998
1685777887,0.32568246,0.33769447,0.33662307
1686878421,0.3699293,0.32253587,0.3075348
1687006641,0.28630173,0.34130776,0.3723905
1688657687,0.4069987,0.30199987,0.2910014
1690043841,0.30758393,0.30414492,0.38827112
1690297634,0.36053967,0.34706348,0.29239684
1690337718,0.37720168,0.33499378,0.28780448
1690844113,0.30432454,0.40807867,0.28759676
1691088739,0.25016353,0.45765412,0.2921824
1691227636,0.3287536,0.34395936,0.32728705
1691229265,0.35925046,0.3508383,0.2899112
1691407828,0.4724396,0.23728827,0.29027218
1691438113,0.49373168,0.24515165,0.2611167
1692031084,0.3175558,0.37353164,0.30891258
1692058788,0.34518105,0.36022365,0.2945953
1692128230,0.34950522,0.35025102,0.3002438
1692292133,0.48213366,0.2336927,0.2841737
1692439240,0.43953875,0.2646411,0.29582018
1692442552,0.38922435,0.2967532,0.31402248
1692550667,0.34880644,0.3437062,0.3074873
1692935898,0.36218086,0.34390348,0.2939157
1693898511,0.35056764,0.29491103,0.3545213
1694382325,0.44852698,0.28183046,0.26964253
1694483196,0.32310724,0.25237304,0.42451972
1694489471,0.51743793,0.2114689,0.27109313
1694665554,0.33898342,0.33778152,0.3232351
1695071938,0.37611035,0.24688625,0.3770034
1696678573,0.36881918,0.33682692,0.2943539
1697384419,0.38326457,0.29849216,0.3182433
1697607616,0.22216876,0.35734934,0.42048192
1697947520,0.37167507,0.33548778,0.29283714
1698432274,0.33389854,0.36392158,0.30217987
1698527753,0.18569084,0.5522413,0.26206782
1698763891,0.43178773,0.27134126,0.29687098
1699260348,0.5192949,0.21923259,0.26147252
1699517623,0.34127903,0.36609745,0.29262352
1699705099,0.3648457,0.34325877,0.29189554
1699833007,0.41310635,0.2897854,0.29710823
1700496488,0.38510776,0.31475496,0.30013728
1701006666,0.3310234,0.35724765,0.31172895
1701693802,0.23191804,0.48366755,0.2844144
1702012397,0.31587547,0.39487094,0.28925365
1702134344,0.34707272,0.3337202,0.319207
1702390481,0.26683715,0.44302928,0.2901335
1702398362,0.32665586,0.3121112,0.36123294
1702505390,0.35193467,0.33146232,0.31660295
1702698069,0.3606224,0.33785594,0.3015216
1702709833,0.31679624,0.39757377,0.28563002
1702965667,0.22139698,0.23766342,0.54093957
1705236839,0.30227593,0.4084915,0.28923255
1705405987,0.302978,0.38888988,0.3081321
1705660092,0.38295794,0.3353407,0.28170133
1706168551,0.32721663,0.30766886,0.3651145
1706433544,0.34163094,0.37529594,0.28307313
1708045889,0.30246398,0.36404282,0.33349317
1708191432,0.33162445,0.35109305,0.31728247
1708417335,0.34081012,0.397692,0.26149786
1708596348,0.2507053,0.37954292,0.36975175
1708728114,0.36553466,0.34904736,0.2854179
1708759667,0.3370173,0.32130337,0.34167933
1708799770,0.29309797,0.40441424,0.3024878
1709570513,0.32662785,0.36074722,0.31262496
1709609302,0.41973263,0.30005428,0.2802131
1710270763,0.32616693,0.36106667,0.31276637
1710383653,0.37933004,0.32830885,0.29236108
1710539629,0.31854635,0.34246218,0.33899146
1710773731,0.3160349,0.3813033,0.30266172
1711501045,0.3397967,0.34383452,0.3163688
1711804964,0.37386352,0.35259867,0.27353778
1712620059,0.38978213,0.3193063,0.2909116
1712648614,0.354402,0.29614747,0.34945053
1713029428,0.31443483,0.38412303,0.30144215
1713146408,0.3560743,0.36834386,0.27558187
1713689606,0.41036814,0.28555167,0.30408022
1714033303,0.37166,0.3283402,0.29999977
1714135789,0.38469684,0.31353465,0.30176854
1714143351,0.2432147,0.48544878,0.27133653
1714210749,0.35564584,0.2710312,0.373323
1715351046,0.44274795,0.26873565,0.2885164
1715514321,0.49526867,0.24247986,0.26225153
1716588874,0.34253484,0.37696022,0.28050497
1716610171,0.39142722,0.31486,0.2937128
1716765550,0.3721874,0.33089393,0.29691866
1717147012,0.46514267,0.26237231,0.27248496
1717646550,0.36342278,0.31737202,0.3192052
1717692915,0.34941447,0.35301358,0.29757196
1718495528,0.3629337,0.33290115,0.30416518
1718737773,0.2946911,0.38849354,0.31681538
1719075252,0.3835148,0.33634484,0.2801404
1720552419,0.25705352,0.39197975,0.3509667
1720693294,0.38603085,0.32710367,0.2868655
1721453938,0.31311974,0.36372262,0.32315764
1721717050,0.2708469,0.44866505,0.280488
1721718420,0.28917024,0.3233796,0.38745016
1721981634,0.2680843,0.41563982,0.3162759
1722534903,0.344278,0.35675,0.29897195
1722614692,0.366429,0.33672825,0.29684275
1723276070,0.36217827,0.31690967,0.32091206
1723518433,0.35543603,0.29517332,0.34939066
1723723756,0.30817574,0.39700332,0.2948209
1723966098,0.27560228,0.42535585,0.29904187
1724589264,0.36415702,0.34607932,0.28976366
1724700984,0.24573725,0.47390756,0.28035522
1724948921,0.37047946,0.33186525,0.2976553
1726735156,0.33747494,0.3724156,0.29010946
1727320611,0.31088144,0.38590842,0.30321014
1727642542,0.26343852,0.42585784,0.3107036
1727844644,0.3635953,0.33100975,0.30539498
1728623670,0.35235673,0.37013125,0.27751204
1728768467,0.4204321,0.2993357,0.28023222
1729373744,0.34303492,0.36480293,0.29216218
1729696277,0.29377186,0.419817,0.28641114
1729885130,0.3149187,0.38635558,0.29872572
1729885436,0.33487993,0.23301424,0.43210584
1730050025,0.26602167,0.42250744,0.31147087
1730974193,0.24518268,0.24989334,0.50492394
1731109166,0.38699275,0.27207255,0.3409347
1731382787,0.40719742,0.29940718,0.2933954
1731499471,0.44465476,0.28542075,0.26992446
1731523613,0.44803596,0.264176,0.28778803
1731550578,0.304111,0.35203964,0.34384933
1731576286,0.36007035,0.3270554,0.31287426
1732060126,0.27846694,0.2674513,0.45408177
1732575572,0.2621885,0.4602728,0.27753872
1734324267,0.30154437,0.29290754,0.40554816
1734649525,0.42168957,0.27381605,0.30449432
1734739733,0.32525468,0.34768814,0.32705715
1735270029,0.5040812,0.21653964,0.2793792
1735436560,0.51849496,0.21023774,0.2712673
1735439387,0.3306409,0.3448735,0.3244856
1735759001,0.3685282,0.34043878,0.29103303
1735934847,0.39731807,0.3089714,0.29371053
1736410915,0.34098676,0.29721892,0.36179432
1738448173,0.36174056,0.34265316,0.2956063
1738924789,0.3677411,0.3408095,0.29144943
1739189842,0.33422107,0.3863095,0.27946937
1739541010,0.20619985,0.47833958,0.31546062
1739942735,0.37560934,0.29950196,0.3248887
1739956661,0.31743553,0.28352302,0.39904147
1740237192,0.36027014,0.34772703,0.29200286
1740433539,0.27572778,0.3941397,0.33013254
1740504509,0.35631466,0.36449754,0.2791878
1740735801,0.35784733,0.3509525,0.29120013
1741120464,0.38478458,0.3047562,0.31045926
1741489359,0.34494096,0.35805735,0.2970017
1741804669,0.3447289,0.34696224,0.30830887
1742362315,0.35207504,0.35193625,0.29598874
1742701127,0.27285847,0.43954587,0.28759566
1743448511,0.31686756,0.3434103,0.3397221
1743589577,0.26458877,0.4158193,0.31959194
1744227513,0.4035867,0.29618096,0.30023235
1744259434,0.31504837,0.29716036,0.38779128
1744905996,0.29932725,0.4194793,0.28119346
1745439660,0.34271383,0.33051524,0.32677096
1745457284,0.3609512,0.36689913,0.27214968
1746241766,0.37390107,0.32424062,0.3018583
1746428053,0.22516507,0.24102926,0.5338056
1746687827,0.32285577,0.37838835,0.29875594
1746812348,0.32253057,0.29004568,0.38742375
1747120057,0.33918816,0.33222255,0.32858926
1747295803,0.36881155,0.3447846,0.2864039
1747857534,0.33274984,0.3624089,0.30484125
1747959696,0.32208493,0.35421813,0.32369694
1748468456,0.42472008,0.2531775,0.32210237
1748516683,0.34941572,0.35204548,0.2985388
1748561071,0.29281378,0.39314032,0.31404597
1748620648,0.33900797,0.34872496,0.31226707
1748833888,0.38372722,0.33774954,0.27852327
1749573236,0.47926652,0.23532976,0.2854037
1750537063,0.2723559,0.44247037,0.28517365
1751348068,0.1864974,0.5558431,0.25765944
1751566519,0.37453824,0.33513024,0.2903315
1751569927,0.3052617,0.3238364,0.37090194
1751916943,0.3211071,0.381672,0.2972209
1752529936,0.28569782,0.41528267,0.29901952
1753141802,0.28384244,0.29413083,0.4220267
1753297962,0.31509805,0.36124742,0.32365453
1753403727,0.3980081,0.3261627,0.27582923
1753917941,0.31319588,0.31992072,0.36688343
1754183888,0.48379278,0.24037161,0.27583557
1754210271,0.30057907,0.3215134,0.37790748
1754933836,0.3199576,0.39759326,0.28244916
1755011036,0.34454107,0.37281245,0.28264648
1755147195,0.47353077,0.22174013,0.30472916
1755918975,0.40245926,0.3018381,0.29570267
1756390721,0.35822666,0.3560588,0.28571457
1756604914,0.26134706,0.46577263,0.2728803
1756778091,0.30492228,0.41425294,0.28082484
1757111307,0.32010674,0.36726266,0.31263056
1757407802,0.33017108,0.2822715,0.3875574
1758459469,0.33667424,0.3715512,0.2917745
1758650147,0.31654188,0.30438778,0.37907037
1759724196,0.36551908,0.34528893,0.28919196
1759750393,0.3761177,0.3358134,0.2880689
1759940412,0.2781564,0.44033962,0.28150398
1760222829,0.39832354,0.30840972,0.29326674
1761047446,0.41320747,0.30394277,0.28284973
1761076283,0.48836592,0.2311918,0.28044224
1761306249,0.2981851,0.39014107,0.3116738
1761325511,0.33105978,0.3906193,0.2783209
1761841445,0.35226154,0.30603606,0.34170246
1761988485,0.32168797,0.35500544,0.3233066
1762750447,0.4780345,0.24513474,0.27683076
1762791831,0.34894133,0.35358095,0.29747766
1763145514,0.36867926,0.32733625,0.30398452
1763273725,0.30537903,0.33255875,0.36206222
1763984560,0.34695655,0.33097392,0.3220696
1764626265,0.30999064,0.40904105,0.28096825
1764925675,0.3585619,0.36768383,0.27375424
1764959940,0.33021817,0.36726725,0.30251458
1765178402,0.37602174,0.32926238,0.29471588
1765541774,0.40137196,0.3152858,0.2833423
1765676415,0.40714946,0.30157426,0.29127628
1765816286,0.2708699,0.46342465,0.2657054
1766329459,0.28561294,0.3438624,0.3705246
1766622653,0.401301,0.27661365,0.32208532
1766747709,0.41271737,0.28975803,0.29752457
1767691323,0.33682477,0.38058817,0.28258705
1768121582,0.33742017,0.3043541,0.3582257
1768498319,0.373851,0.32934773,0.29680127
1768781611,0.31440124,0.33338648,0.35221225
1769890857,0.35865363,0.36805683,0.27328956
1770394150,0.29339707,0.36705667,0.33954626
1770599782,0.39146397,0.312047,0.296489
1770686376,0.29552263,0.3568874,0.34758997
1770732040,0.37822986,0.32899228,0.29277784
1770830248,0.37724915,0.31942326,0.30332756
1772054066,0.55144453,0.19389547,0.25466
1772141099,0.36030194,0.34566367,0.2940344
1772649140,0.3288787,0.3730835,0.2980378
1773696782,0.28827983,0.40721393,0.30450627
1774865901,0.30260807,0.40897548,0.28841642
1775093196,0.2995147,0.38005674,0.32042855
1775176720,0.38846076,0.34452018,0.2670191
1775324218,0.30266464,0.40945524,0.28788012
1775632894,0.45271894,0.26291424,0.28436685
1776034380,0.37529004,0.30403984,0.3206701
1776038744,0.41061592,0.30081588,0.2885682
1776998452,0.54147124,0.18751124,0.27101755
1777452724,0.30127388,0.40622097,0.29250515
1777466675,0.18679094,0.5513968,0.26181227
1778090574,0.36046612,0.34210324,0.2974307
1778202741,0.4086001,0.27803046,0.31336945
1778290929,0.27625573,0.42873952,0.29500479
1778696047,0.42945847,0.28450042,0.2860411
1779042082,0.328838,0.39040685,0.28075522
1779382445,0.28972238,0.41895157,0.29132605
1779485822,0.37355494,0.34386957,0.2825755
1779502048,0.31568348,0.32181364,0.36250287
1779735910,0.34327257,0.36440155,0.29232588
1780000603,0.27845687,0.3882841,0.33325896
1780336094,0.36982548,0.35482138,0.27535307
1780546093,0.21808633,0.50686824,0.27504542
1781742865,0.33597523,0.37615255,0.2878722
1781762949,0.35647953,0.37390417,0.26961628
1781785953,0.308231,0.3973767,0.29439235
1781948936,0.38771677,0.29273507,0.31954813
1782320050,0.37836495,0.352381,0.26925397
1782528878,0.29270348,0.32627273,0.38102382
1782794369,0.3272007,0.35640317,0.31639606
1783367579,0.37732852,0.32037282,0.30229867
1784536927,0.34138817,0.32924137,0.3293705
1785015198,0.35639012,0.35427594,0.28933394
1785134603,0.3521999,0.3562755,0.29152456
1785715127,0.3906332,0.29372972,0.31563705
1786826925,0.38652855,0.33492488,0.27854657
1786903872,0.5018728,0.21791218,0.28021508
1787030325,0.3043046,0.39566794,0.3000275
1787529666,0.34470087,0.3639449,0.29135424
1787896345,0.41758245,0.3113054,0.27111214
1788543444,0.4009754,0.30215737,0.29686722
1788856010,0.41079456,0.26407403,0.32513136
1788985330,0.24322651,0.28296864,0.47380483
1789417039,0.36651945,0.33595583,0.2975247
1789739929,0.3746325,0.33787492,0.28749257
1789937313,0.3302284,0.38668138,0.2830902
1790581941,0.2253505,0.4972223,0.2774272
1790585521,0.25084913,0.4771208,0.27203006
1790656233,0.26458728,0.43443286,0.30097982
1790753051,0.40523696,0.29164225,0.3031208
1790952639,0.20392361,0.5347885,0.26128793
1791430266,0.30842173,0.39310363,0.2984746
1791581065,0.19107977,0.5524812,0.2564391
1791629751,0.27389288,0.2705338,0.45557332
1792205628,0.48901325,0.24753383,0.26345295
1792362496,0.1848386,0.5594445,0.25571692
1792566723,0.32520974,0.36870268,0.30608758
1792892946,0.35195106,0.2517806,0.39626837
1793470403,0.30606872,0.38438928,0.30954203
1794190781,0.35221034,0.33333868,0.31445098
1794512480,0.3127652,0.3835463,0.30368847
1794840909,0.37132215,0.29777497,0.3309028
1795139469,0.30935252,0.38844097,0.30220646
1795379566,0.3587284,0.3344348,0.30683678
1795760643,0.4664667,0.24714324,0.2863901
1796055199,0.263891,0.3810631,0.35504588
1796071606,0.4911239,0.21861506,0.29026103
1796087940,0.5144775,0.2211297,0.2643928
1796305712,0.362416,0.32796502,0.30961895
1796352365,0.38667744,0.3217432,0.2915794
1796435372,0.32503098,0.36651796,0.30845112
1796728916,0.35859588,0.3345852,0.30681893
1796899195,0.24925265,0.24376306,0.5069843
1797178188,0.3312865,0.3543746,0.31433892
1797297309,0.22426003,0.5031166,0.27262333
1798067323,0.2939782,0.40789664,0.29812515
1799456013,0.30997074,0.39245552,0.29757375
1800240206,0.343635,0.3025295,0.35383546
1800297641,0.27571547,0.3450055,0.37927905
1800720725,0.3333431,0.36410776,0.30254918
1800833974,0.399802,0.32240552,0.27779245
1800841843,0.48949385,0.24525228,0.26525387
1801284664,0.4139162,0.2971326,0.28895116
1801580711,0.3692519,0.36596984,0.26477826
1801663771,0.3264075,0.37943256,0.2941599
1801721906,0.3255071,0.321467,0.3530259
1801840402,0.363441,0.34763873,0.28892028
1802076456,0.43957818,0.28327537,0.2771465
1802409890,0.32426548,0.38127506,0.29445943
1802855908,0.33316553,0.3861149,0.28071958
1802997966,0.25080013,0.47597277,0.27322713
1803065593,0.22832978,0.50912106,0.26254913
1803290940,0.31802797,0.34158063,0.34039137
1804828115,0.4037302,0.31545615,0.2808136
1804860296,0.3141573,0.3727857,0.313057
1805042728,0.31161714,0.39364862,0.29473424
1805131958,0.32558972,0.39728755,0.27712274
1805833364,0.35388076,0.3002001,0.34591913
1806083326,0.44183818,0.29131293,0.26684892
1806237233,0.3400662,0.37121475,0.28871912
1806862610,0.35639155,0.28993505,0.3536734
1806971820,0.36893958,0.31475857,0.31630188
1807130483,0.28388548,0.35885358,0.35726094
1807215640,0.36781234,0.32839692,0.3037907
1807813287,0.49275768,0.22937447,0.27786785
1807968496,0.38522196,0.3105182,0.30425984
1808485242,0.3532075,0.3551485,0.29164398
1808797234,0.36296248,0.3318007,0.30523682
1809270813,0.4030702,0.32193682,0.27499297
1809662805,0.30587822,0.41411132,0.28001046
1810473971,0.33281654,0.3578437,0.30933973
1810703122,0.3734076,0.31806654,0.30852586
1811071982,0.26119986,0.28321344,0.45558667
1811388293,0.32139632,0.35323137,0.3253723
1811474229,0.3236935,0.38012642,0.2961801
1811936123,0.41542017,0.2573525,0.32722735
1811947290,0.3631928,0.36527628,0.271531
1812398186,0.41544113,0.27391636,0.3106425
1813115352,0.17198183,0.5689405,0.25907764
1813582710,0.34126213,0.3491941,0.30954373
1813718061,0.2741202,0.4184537,0.3074261
1813809654,0.3671609,0.32955414,0.30328497
1813816869,0.43883717,0.26344728,0.29771554
1813836497,0.3742462,0.3041908,0.321563
1815451789,0.24625543,0.45899704,0.29474753
1816584649,0.36310643,0.3334949,0.30339864
1816643488,0.39353824,0.30672392,0.29973787
1817013612,0.2769548,0.44522104,0.27782413
1817539108,0.44242197,0.27553084,0.28204715
1818825106,0.29148686,0.41158235,0.29693073
1819567564,0.37743768,0.33354247,0.28901982
1819851832,0.30674192,0.25788528,0.4353728
1820739925,0.35063973,0.35554394,0.29381636
1821281539,0.27898628,0.36811137,0.3529024
1821700297,0.3851515,0.3402338,0.27461463
1822211120,0.2910999,0.43204516,0.2768549
1822850619,0.45037392,0.26527062,0.28435546
1822864735,0.28749147,0.28592297,0.42658556
1822983353,0.20621212,0.5200483,0.27373958
1823014755,0.30068743,0.38021654,0.31909603
1823667954,0.40239912,0.29844895,0.29915193
1823873064,0.28746283,0.41297883,0.2995583
1823914891,0.3451793,0.3725441,0.28227654
1825057336,0.30074707,0.4010738,0.29817915
1825573723,0.3941897,0.3123353,0.29347503
1825687496,0.40083465,0.2905261,0.30863923
1826732985,0.34890106,0.29595536,0.35514355
1827251317,0.4483282,0.27265173,0.27902007
1827285897,0.5553926,0.17139341,0.27321398
1827360732,0.36782598,0.34453732,0.2876367
1827665332,0.38318607,0.32304582,0.2937681
1827845182,0.34605196,0.26195258,0.3919955
1827943181,0.2979989,0.28746903,0.41453207
1828507348,0.3778636,0.33993825,0.28219816
1828581507,0.47209078,0.26049328,0.26741594
1828585893,0.2539341,0.34293628,0.40312964
1828694169,0.39885056,0.30232543,0.29882404
1829054007,0.28678846,0.43973815,0.27347338
1829808842,0.40040565,0.3174554,0.28213897
1829822741,0.30923486,0.4067695,0.28399563
1829840565,0.28426924,0.42603117,0.2896996
1829988438,0.38612273,0.29077587,0.3231014
1830146880,0.34794384,0.37380743,0.27824873
1830477180,0.32910737,0.3891105,0.28178215
1830864824,0.3604946,0.34500128,0.29450417
1831796549,0.381065,0.33634382,0.28259116
1831907244,0.33188927,0.33003205,0.33807868
1832023830,0.48526296,0.22079268,0.29394436
1832492483,0.35280508,0.33180004,0.31539488
1832804844,0.35794085,0.35694197,0.2851172
1832824111,0.34244308,0.29816163,0.3593953
1832846757,0.3317658,0.3466882,0.321546
1833564551,0.3686555,0.34510884,0.28623563
1833829202,0.27413684,0.4494689,0.2763942
1833960999,0.2609085,0.41606325,0.32302827
1834096075,0.27247655,0.3217515,0.4057719
1834796822,0.28966287,0.41270486,0.29763228
1834807649,0.3194684,0.38691264,0.29361892
1835715112,0.36580443,0.35881132,0.27538425
1835741436,0.2948627,0.346392,0.35874534
1836201341,0.37305307,0.33261713,0.2943298
1836363755,0.34530526,0.39069682,0.2639979
1836596070,0.4136584,0.29306024,0.29328138
1837092571,0.2463074,0.21691084,0.5367817
1837141587,0.36794326,0.33558747,0.29646927
1837584553,0.30282807,0.40810585,0.28906605
1837620295,0.16872925,0.582088,0.2491828
1839047520,0.33793613,0.3852702,0.27679366
1839338508,0.50286806,0.21430165,0.28283024
1839422469,0.4482168,0.23556826,0.31621498
1839449269,0.49816388,0.22904718,0.27278894
1839615695,0.2676759,0.4340809,0.2982432
1840493005,0.3426236,0.35108012,0.3062963
1841199008,0.4984538,0.23198174,0.26956445
1841518517,0.41149342,0.2908877,0.29761887
1841723997,0.31497383,0.3931442,0.29188198
1841875995,0.36854395,0.33960897,0.29184705
1842156771,0.4560451,0.25450134,0.28945357
1842984376,0.39230952,0.30168366,0.3060068
1843261156,0.45005935,0.26754752,0.2823931
1843583855,0.27988932,0.39905614,0.32105446
1843691306,0.3141364,0.3132295,0.3726341
1844291078,0.35515058,0.35328257,0.29156682
1845135893,0.43240964,0.25994307,0.3076473
1845335325,0.43645972,0.28181753,0.28172278
1845345903,0.38875386,0.30783904,0.30340713
1845683110,0.32068744,0.3749401,0.30437243
1845725696,0.41625518,0.27805442,0.30569035
1846989780,0.33983868,0.3725559,0.2876054
1847034527,0.311297,0.34453663,0.34416634
1847516760,0.33751753,0.37775916,0.28472334
1848264509,0.3560024,0.3496073,0.29439032
1849427356,0.34927392,0.32125038,0.3294757
1849837736,0.39982882,0.29163134,0.3085398
1849952474,0.3118473,0.39302856,0.2951241
1851024124,0.2846089,0.4177809,0.29761022
1851049254,0.29179683,0.277429,0.43077415
1851496710,0.31979218,0.37123263,0.30897516
1851643301,0.21831542,0.51808155,0.26360306
1852121395,0.35916978,0.3392226,0.3016076
1852162355,0.36138323,0.36078137,0.27783543
1852413391,0.31041127,0.3838337,0.30575505
1853206553,0.32592857,0.3513257,0.32274574
1853346918,0.34109393,0.32027835,0.3386277
1853362225,0.25560495,0.45081407,0.29358107
1853404473,0.27120575,0.451589,0.27720523
1853630375,0.35738903,0.35779327,0.28481776
1854086934,0.2943799,0.40101862,0.30460155
1854220883,0.29439762,0.41461045,0.2909919
1854519594,0.32117137,0.39265454,0.2861741
1855117526,0.26711088,0.4141356,0.31875354
1855494156,0.2667628,0.45939857,0.27383858
1855624316,0.3005551,0.41671467,0.28273022
1855678949,0.22486167,0.4902755,0.28486288
1855896814,0.38784996,0.30601877,0.30613127
1856123730,0.41463384,0.28412342,0.3012427
1856505296,0.30985403,0.37496334,0.31518266
1857059153,0.33838898,0.35066742,0.3109436
1857328541,0.34731668,0.3495098,0.30317348
1857331373,0.3588574,0.35254788,0.2885947
1857590949,0.3737334,0.3252605,0.30100614
1858007505,0.237737,0.4751039,0.28715912
1858426600,0.3335324,0.36423212,0.30223542
1858656320,0.4186961,0.26278108,0.31852284
1858965249,0.35035574,0.34030747,0.30933675
1859328894,0.2961066,0.31335223,0.39054117
1859975804,0.31862503,0.38517633,0.29619867
1860381578,0.29406267,0.43440145,0.27153587
1860415021,0.24275587,0.24275587,0.5144882
1860675301,0.34945133,0.34768048,0.3028682
1860831060,0.31877953,0.34158358,0.33963692
1861032798,0.25994226,0.25994226,0.4801155
1861223819,0.29963017,0.36375773,0.33661205
1862110732,0.37764168,0.29587686,0.32648146
1862173971,0.33288544,0.304762,0.36235255
1862219676,0.3253684,0.38239655,0.29223505
1862730226,0.32195193,0.3617707,0.3162774
1863118818,0.23695767,0.48161513,0.28142715
1864098639,0.35058105,0.36747777,0.28194118
1864169962,0.3376389,0.37738,0.28498107
1864355532,0.23503396,0.49688804,0.26807803
1864590426,0.36288118,0.3178289,0.31928992
1865383897,0.30369124,0.41754395,0.27876478
1865782479,0.36584187,0.3528831,0.28127497
1866319154,0.29600692,0.4225163,0.2814768
1866609926,0.39154142,0.3274896,0.28096896
1866987081,0.34805512,0.3575132,0.29443166
1867262281,0.34071162,0.31291214,0.34637624
1867473365,0.27005053,0.45512778,0.27482164
1867732683,0.33518553,0.3289703,0.33584422
1868011795,0.20716591,0.5355909,0.25724313
1868266979,0.23322818,0.5066851,0.26008675
1868322237,0.35786968,0.33320633,0.30892402
1869847477,0.31945094,0.35216472,0.32838434
1871774147,0.1978623,0.51622075,0.28591698
1872039285,0.3308338,0.39241463,0.27675164
1872391170,0.37934816,0.3230689,0.29758292
1872821386,0.42903048,0.29255503,0.27841455
1873432245,0.45356566,0.25832924,0.28810513
1873716888,0.26277646,0.26628482,0.4709387
1873738179,0.42943183,0.28821456,0.28235364
1874266091,0.3735773,0.3051888,0.32123393
1875715082,0.29765636,0.3980341,0.30430946
1875767721,0.2434851,0.44986168,0.30665323
1876061811,0.4834353,0.23467572,0.28188896
1876260647,0.31268293,0.3548755,0.3324415
1877207884,0.34969884,0.36373463,0.2865665
1877790521,0.39676034,0.2823631,0.32087654
1878814595,0.4499501,0.2752486,0.27480125
1880246459,0.3698613,0.31789637,0.31224227
1880340213,0.33992088,0.34374857,0.31633055
1881200007,0.3639298,0.34016758,0.29590255
1881792593,0.32723838,0.39031565,0.28244597
1882508709,0.29540676,0.32709378,0.3774994
1882999466,0.26083365,0.4533739,0.2857924
1883072453,0.42543837,0.2869112,0.2876504
1883162937,0.35088137,0.3467232,0.30239546
1883873185,0.35798705,0.35095486,0.29105806
1884208805,0.2899488,0.40408128,0.30596992
1884555756,0.29297435,0.40018228,0.3068434
1885142871,0.18412292,0.5669309,0.24894625
1886010380,0.35676414,0.2774644,0.36577147
1886605007,0.35224384,0.37134504,0.2764111
1886833793,0.49107072,0.23621354,0.27271575
1887499173,0.3367219,0.40735108,0.25592697
1887809448,0.3757984,0.34009337,0.28410825
1888166782,0.39572603,0.31712708,0.28714693
1888375478,0.43378693,0.2791346,0.2870785
1888644453,0.39180893,0.3084835,0.29970753
1889326009,0.3786521,0.3084952,0.31285268
1889659827,0.34851697,0.35654196,0.29494107
1889699298,0.42152697,0.27301803,0.305455
1889730829,0.5286271,0.20722055,0.26415238
1890127572,0.50180626,0.21622005,0.28197372
1890535693,0.34241408,0.33471832,0.3228676
1891093934,0.2731855,0.2918069,0.43500757
1891461456,0.42285705,0.29761654,0.2795264
1891702442,0.25821006,0.44934022,0.2924497
1891807875,0.28525758,0.29331207,0.42143035
1892321714,0.43857676,0.26253712,0.29888612
1892449409,0.39211127,0.25917166,0.3487171
1892739887,0.4265657,0.28018087,0.29325342
1893704725,0.3541906,0.36007723,0.28573215
1893906195,0.3212007,0.29596525,0.38283408
1894547992,0.31898484,0.3715294,0.3094858
1894587819,0.301665,0.2621675,0.43616748
1894800271,0.34336585,0.34597778,0.31065637
1894858590,0.31230873,0.2916482,0.39604312
1896050177,0.467296,0.24478914,0.28791487
1896832005,0.37284425,0.3592981,0.2678576
1897082135,0.3605759,0.33511427,0.3043098
1897700982,0.31290472,0.41361412,0.27348113
1898559280,0.32533625,0.37134767,0.30331606
1899073583,0.4688521,0.25791162,0.27323627
1899128543,0.23503402,0.4986349,0.26633102
1899471176,0.38680544,0.29997265,0.31322193
1899757089,0.34026545,0.35315353,0.30658105
1899823463,0.37812674,0.31271976,0.3091535
1899922296,0.513035,0.22541344,0.26155162
1900115977,0.3438189,0.34086162,0.31531948
1900423745,0.45362177,0.26819506,0.27818316
1901023205,0.27689484,0.44221294,0.28089222
1901252551,0.25780004,0.41148096,0.330719
1901377630,0.3219418,0.3894241,0.28863412
1901996237,0.4466632,0.26533645,0.2880003
1902098227,0.3163849,0.30993402,0.37368107
1902104199,0.42818558,0.2923649,0.27944952
1902712371,0.44189292,0.27715218,0.2809549
1903638916,0.4302433,0.2559554,0.3138013
1903781583,0.37343413,0.32278484,0.303781
1904079396,0.2663359,0.2663359,0.46732813
1904467349,0.31713665,0.39179558,0.29106778
1905699048,0.3244546,0.37235075,0.30319458
1905888865,0.3180915,0.3159142,0.36599427
1906324450,0.3459084,0.3556573,0.2984343
1906780683,0.24747527,0.38263407,0.36989066
1906887234,0.2914002,0.30622455,0.40237525
1907564520,0.40449077,0.3065038,0.28900543
1908362872,0.4534771,0.2582298,0.28829306
1908902888,0.26203865,0.45705655,0.28090483
1908935400,0.3746286,0.3222267,0.3031447
1909150615,0.264813,0.27182668,0.46336034
1909190325,0.29381594,0.39874163,0.30744237
1909297628,0.34695736,0.35374087,0.29930174
1909535068,0.32984912,0.35957932,0.31057155
1909882241,0.31168616,0.39283913,0.2954747
1910666481,0.39979646,0.31294972,0.28725386
1911823527,0.24975127,0.47881275,0.271436
1911933902,0.31218228,0.38074002,0.3070777
1912221484,0.35541335,0.34327084,0.30131578
1912275586,0.29787165,0.3863616,0.31576678
1913369636,0.26176733,0.4618376,0.2763951
1913458756,0.33743548,0.37911564,0.2834489
1914504972,0.34192854,0.3734028,0.28466868
1914746569,0.46863043,0.2703527,0.26101685
1915265286,0.26851892,0.26152062,0.4699604
1915329322,0.34747252,0.36146277,0.29106468
1915874676,0.5632826,0.17608097,0.26063636
1916164838,0.34561273,0.37237453,0.28201273
1916529111,0.20561436,0.5361004,0.25828528
1917616706,0.30678082,0.40416503,0.28905416
1917620047,0.41914898,0.2862947,0.29455632
1918079053,0.32076,0.32940203,0.34983796
1918438745,0.35469866,0.31715256,0.3281488
1918511171,0.4309325,0.2541722,0.31489527
1919020478,0.49995112,0.22078644,0.27926242
1919860036,0.33372566,0.36554635,0.300728
1919884998,0.3314565,0.37050927,0.2980342
1920228588,0.28276938,0.4356804,0.28155023
1921012689,0.32817551,0.34131533,0.3305092
1921416746,0.32094735,0.32094735,0.3581053
1921923157,0.34575883,0.3616657,0.29257548
1921987772,0.32360733,0.40579724,0.27059537
1922102849,0.37770045,0.3454482,0.27685142
1922271299,0.35489208,0.32430586,0.3208021
1923454666,0.37716183,0.31596512,0.30687308
1924343155,0.35111406,0.32968205,0.3192039
1924572705,0.36511406,0.34846997,0.28641596
1924619920,0.3631372,0.33470076,0.30216205
1925350258,0.466581,0.25656438,0.27685463
1925463520,0.31363297,0.3535018,0.33286518
1925888214,0.3142772,0.32138503,0.36433774
1925960747,0.32082358,0.37426865,0.3049078
1926438109,0.26852876,0.2619546,0.4695167
1926504166,0.3018668,0.30937362,0.3887596
1926966126,0.42505142,0.29477894,0.28016967
1927358770,0.3108179,0.26585773,0.42332435
1927468545,0.36473346,0.3277002,0.30756637
1927600529,0.37646967,0.3380953,0.28543502
1927672278,0.3556583,0.3319053,0.31243637
1928551624,0.3545348,0.3513158,0.29414934
1928907430,0.37847123,0.28787845,0.33365035
1928963087,0.30811298,0.38001916,0.3118679
1929359410,0.362617,0.36509877,0.27228427
1929832872,0.31706047,0.39428598,0.28865352
1929848629,0.226453,0.5041205,0.26942644
1929901663,0.29102242,0.38789472,0.32108283
1929909317,0.34048986,0.3808452,0.2786649
1930675773,0.35509446,0.254588,0.39031756
1931305930,0.26076645,0.4646639,0.2745697
1931371645,0.30662316,0.3602475,0.33312932
1931642465,0.3572592,0.34693953,0.29580125
1931845641,0.2265587,0.50212914,0.27131218
1933261490,0.28561425,0.42020458,0.29418117
1933305475,0.33986318,0.37338004,0.28675675
1933492350,0.36704224,0.3518533,0.28110448
1933708856,0.31975964,0.38184232,0.29839805
1933865603,0.29254565,0.30428925,0.4031651
1934002630,0.33310995,0.37618318,0.2907069
1934182076,0.2066795,0.5312992,0.26202136
1934266460,0.3537234,0.35360897,0.29266766
1934725709,0.3575909,0.3606947,0.28171435
1935774515,0.27891952,0.28578085,0.4352996
1935871825,0.62068105,0.14677694,0.23254207
1936486922,0.39653426,0.3227577,0.2807081
1937006257,0.34076482,0.37021065,0.2890246
1937094363,0.37084123,0.31512526,0.31403354
1937209721,0.32867175,0.38763097,0.28369725
1937785831,0.3180549,0.33081496,0.35113013
1939324211,0.34503967,0.3733586,0.28160176
1939462930,0.5063801,0.2347523,0.25886756
1939767009,0.26053005,0.45798737,0.28148258
1939850026,0.2336348,0.48929018,0.27707505
1940479063,0.34022126,0.34958988,0.3101889
1940815712,0.49748728,0.24011056,0.26240218
1940976797,0.35479176,0.3790002,0.266208
1941301348,0.38444152,0.29064202,0.32491645
1941942822,0.26951212,0.44182318,0.2886647
1942386136,0.4547264,0.23964718,0.30562642
1943447306,0.38349336,0.3173594,0.2991473
1943852121,0.49890786,0.23982373,0.26126844
1944827397,0.27120805,0.44394243,0.28484952
1945127333,0.3821446,0.3231708,0.29468456
1945216570,0.43404227,0.27635106,0.28960666
1945297482,0.36754996,0.3268476,0.30560243
1945305751,0.41180778,0.29973635,0.28845584
1945707768,0.34084415,0.30595672,0.35319912
1946593026,0.40972716,0.2719044,0.3183685
1946865603,0.45370406,0.2622308,0.28406513
1947404406,0.29311264,0.3792506,0.32763678
1947607959,0.33869484,0.3699739,0.2913313
1947670186,0.38971522,0.30535406,0.3049307
1947689771,0.33493483,0.39174393,0.2733212
1947824752,0.36828053,0.37231112,0.25940835
1948070459,0.2583931,0.46998647,0.2716204
1948255326,0.35342228,0.35229284,0.29428488
1949028697,0.4236341,0.28152227,0.29484355
1949195065,0.36505216,0.2992195,0.33572835
1949310222,0.29923624,0.37152857,0.3292352
1949718491,0.267149,0.45024174,0.28260928
1950588393,0.30338264,0.24369615,0.45292127
1950759538,0.5099144,0.23301089,0.2570747
1950837105,0.33971965,0.29086143,0.36941892
1953292467,0.35178494,0.37852526,0.26968986
1953559498,0.27148682,0.43593633,0.29257685
1953561355,0.24369025,0.41612613,0.34018362
1953633987,0.4038605,0.32794887,0.26819065
1954121554,0.34330192,0.3465432,0.31015486
1954210594,0.3843752,0.31115422,0.30447054
1954462532,0.3558047,0.33729267,0.30690265
1954599413,0.32864082,0.36078808,0.31057113
1954734350,0.3431341,0.2322222,0.4246437
1955413169,0.25779295,0.32443315,0.4177739
1955907406,0.26250672,0.3311314,0.40636188
1956128667,0.3321644,0.38256562,0.28526992
1956419338,0.2651279,0.2840954,0.4507767
1957000742,0.3455912,0.34632432,0.3080846
1957077076,0.23829743,0.46897236,0.29273024
1957162227,0.34674805,0.3371191,0.3161329
1957493761,0.40556237,0.30818048,0.28625715
1959549447,0.3332397,0.376473,0.29028732
1959878363,0.46392435,0.24582148,0.2902542
1960230502,0.3234285,0.21455136,0.46202013
1960260006,0.3351897,0.36024368,0.30456668
1960390821,0.37858695,0.34981662,0.27159643
1960849386,0.29383704,0.40717518,0.29898772
1961450503,0.41972727,0.28693163,0.29334116
1961591045,0.3784094,0.35669413,0.26489645
1961657825,0.33389053,0.34000975,0.32609975
1962727587,0.31354362,0.3898347,0.29662168
1963127892,0.36723801,0.33181828,0.30094367
1963365257,0.3149429,0.39725745,0.2877997
1964215541,0.29126883,0.40661585,0.30211532
1965577387,0.35519737,0.34566042,0.29914218
1965950816,0.19730033,0.5451038,0.25759584
1966055446,0.39902127,0.31413606,0.28684264
1966205635,0.33922154,0.34151497,0.31926346
1966611026,0.38944143,0.31515473,0.29540384
1966831742,0.3260346,0.37108088,0.30288452
1967008886,0.37961063,0.32844037,0.29194903
1967122077,0.26931608,0.45767674,0.2730072
1967385089,0.40381563,0.2982819,0.29790246
1967460318,0.27835375,0.4361906,0.2854556
1967801244,0.40164196,0.30709082,0.29126722
1968425889,0.3596092,0.3373378,0.30305305
1968860668,0.36798587,0.3282119,0.3038022
1969163012,0.2868935,0.40321088,0.30989563
1969196102,0.37597513,0.34464633,0.27937853
1969744622,0.37289685,0.3135264,0.3135768
1970027403,0.3328655,0.3453731,0.32176143
1970457647,0.302806,0.41015273,0.2870413
1970504429,0.3241474,0.39051083,0.2853418
1971025509,0.3806522,0.31338733,0.3059605
1971670453,0.4180084,0.29868984,0.28330177
1972167622,0.30092958,0.39282906,0.30624136
1972223096,0.34760815,0.31140417,0.34098768
1973153879,0.2589433,0.45875025,0.28230643
1973238065,0.3125386,0.37551653,0.31194487
1973551416,0.32829678,0.3986622,0.27304107
1974196122,0.35862845,0.34917307,0.29219854
1974240102,0.38331527,0.26900214,0.34768257
1975083187,0.49325678,0.2146141,0.29212913
1975433988,0.3451439,0.35869217,0.29616398
1975468963,0.3250688,0.37769717,0.29723403
1975639013,0.29075634,0.41137487,0.29786873
1976543150,0.33165473,0.37409884,0.2942464
1977069580,0.3371495,0.3680981,0.29475242
1977400117,0.39983594,0.25534284,0.3448212
1977496836,0.32991514,0.35648984,0.31359503
1978501254,0.4370958,0.29000708,0.27289715
1978569140,0.33132187,0.3377238,0.33095434
1979643324,0.39055294,0.3203789,0.28906813
1979720137,0.24821031,0.4491796,0.30261013
1980052267,0.48706293,0.2429685,0.26996863
1980433876,0.33065432,0.35610375,0.31324196
1980468450,0.38366228,0.32928276,0.28705496
1980982031,0.3282376,0.3984548,0.27330762
1981522422,0.285195,0.28784114,0.42696387
1981553122,0.34462434,0.33259308,0.32278258
1981636538,0.25063476,0.44808638,0.30127883
1982561311,0.34797877,0.37837148,0.27364978
1982818485,0.29875788,0.41394836,0.2872938
1982951658,0.28422096,0.43740866,0.27837044
1983045885,0.39154088,0.29253337,0.31592578
1983367696,0.3562926,0.34468934,0.29901806
1983384701,0.30411133,0.28359634,0.4122923
1983628927,0.3583817,0.3532142,0.28840417
1984234280,0.18365055,0.557333,0.25901648
1984627040,0.33297437,0.3233924,0.34363323
1984828935,0.28651226,0.43179923,0.28168857
1984939791,0.32086846,0.3757112,0.3034203
1985390889,0.31482118,0.37928808,0.30589074
1985800342,0.3677541,0.31469893,0.31754696
1986619761,0.3745256,0.34001914,0.28545523
1986918436,0.3776339,0.3194932,0.3028729
1986986318,0.28600398,0.35386717,0.36012888
1987650741,0.51729727,0.21440798,0.26829475
1987973500,0.3045509,0.30848074,0.3869683
1988222234,0.47922826,0.24909371,0.27167803
1988441187,0.43880028,0.24752235,0.31367737
1989040254,0.48041004,0.2517158,0.26787412
1989183758,0.37434447,0.2893957,0.33625984
1989325522,0.47813308,0.24394734,0.27791953
1989326123,0.33302957,0.3923931,0.27457732
1989333144,0.3144319,0.39783564,0.28773242
1989983690,0.18955931,0.54369265,0.26674807
1991641887,0.46275806,0.25334227,0.28389966
1991707666,0.325167,0.36182547,0.31300753
1991776671,0.36475274,0.3147079,0.32053936
1991868649,0.42271465,0.2819732,0.2953121
1992103532,0.39091438,0.28161323,0.32747233
1992881385,0.431391,0.26808447,0.30052456
1992893755,0.2799536,0.26521146,0.45483497
1993240930,0.3263358,0.4029953,0.27066892
1993364677,0.36261892,0.36516827,0.27221286
1993985814,0.26397467,0.45064357,0.2853818
1994290511,0.3771171,0.3306301,0.29225284
1994311035,0.35344765,0.36954385,0.27700853
1995076849,0.38923097,0.3048228,0.30594623
1995374640,0.3625581,0.32939202,0.30804992
1996016764,0.35845268,0.3516077,0.28993958
1996511383,0.31320667,0.36114275,0.32565057
1996844545,0.26586518,0.45736948,0.27676538
1997016599,0.34401476,0.2973355,0.35864973
1997069435,0.326119,0.37354594,0.30033505
1998234756,0.35536712,0.35696375,0.2876691
1998986023,0.3464297,0.3405415,0.31302872
1999878908,0.38043872,0.2881686,0.33139274
2000675971,0.3306414,0.37340468,0.295954
2000906946,0.35065448,0.35599193,0.29335362
2001031114,0.4238431,0.2966169,0.27954006
2001395405,0.26948085,0.3540941,0.37642503
2001582756,0.23738673,0.24168281,0.52093047
2001625501,0.3446893,0.33759615,0.31771457
2001789554,0.33835563,0.35315263,0.3084917
2002330049,0.30100697,0.41459185,0.28440118
2002349787,0.27974907,0.3618824,0.35836858
2002798719,0.40689838,0.29916948,0.2939321
2003229420,0.24391402,0.46209064,0.29399538
2003234083,0.41291597,0.24313381,0.34395024
2003438451,0.50305563,0.24236238,0.25458202
2003618030,0.28266737,0.3522751,0.36505753
2004107214,0.32824326,0.3550616,0.31669515
2004598889,0.47186553,0.26141486,0.26671964
2004824754,0.37211552,0.33753505,0.29034942
2006149797,0.23683703,0.43385756,0.32930544
2006264958,0.304119,0.3938807,0.3020003
2006600665,0.33651066,0.36026204,0.30322725
2007385774,0.29928845,0.29034358,0.41036797
2007745930,0.34310657,0.36726654,0.2896269
2008905081,0.41988486,0.29885566,0.28125948
2009005763,0.38240236,0.3336143,0.2839834
2009006679,0.38699567,0.32404032,0.28896403
2009443908,0.43609458,0.28158432,0.2823211
2009615307,0.45263487,0.25521907,0.2921461
2009766910,0.36806786,0.32277033,0.30916184
2010038162,0.3795238,0.3297394,0.29073682
2010082041,0.24773316,0.48053348,0.27173334
2010395394,0.35729522,0.33727485,0.30542988
2010420309,0.24962512,0.48890716,0.2614677
2010536086,0.32781452,0.3697837,0.30240178
2011267686,0.3225199,0.3862099,0.29127026
2011509086,0.24351999,0.49482837,0.26165164
2011791573,0.3986585,0.30200848,0.2993331
2012568120,0.32232636,0.2646994,0.41297424
2012741083,0.34829283,0.34083325,0.31087393
2012901422,0.35626122,0.351335,0.29240382
2013334601,0.29005843,0.4118793,0.29806226
2013653507,0.32989615,0.34493157,0.32517228
2013679260,0.3471957,0.33147043,0.32133386
2013958883,0.4230631,0.26170808,0.31522882
2014957584,0.25370523,0.25286955,0.49342525
2015093375,0.4064756,0.26596886,0.32755548
2015355824,0.29413643,0.38396445,0.32189912
2015357481,0.39403123,0.26702836,0.33894044
2015508638,0.34581363,0.3442174,0.309969
2016142964,0.31908596,0.3687933,0.3121208
2016180794,0.37934533,0.32418567,0.29646897
2016616419,0.2862286,0.4534209,0.26035053
2016879128,0.38767815,0.3381815,0.27414036
2017743748,0.25914866,0.3227474,0.418104
2017790601,0.3943174,0.31475067,0.2909319
2019463228,0.43836695,0.2710364,0.29059666
2020010623,0.34370714,0.374511,0.2817818
2020426195,0.35670534,0.33500504,0.3082896
2020614042,0.3892395,0.26941216,0.34134835
2020655674,0.32823557,0.31961176,0.35215265
2020860095,0.33821103,0.28298536,0.3788036
2021120992,0.40596408,0.28181934,0.31221658
2021291768,0.38368744,0.32508808,0.29122442
2021673257,0.27429193,0.31589186,0.4098162
2021953804,0.48317266,0.24968116,0.26714617
2022368912,0.36463103,0.32414395,0.31122506
2022911993,0.284182,0.40575135,0.31006667
2023111211,0.45273614,0.27385542,0.27340853
2023159103,0.31367278,0.2981351,0.3881921
2023677478,0.35302198,0.348876,0.29810208
2024308268,0.36410332,0.32867098,0.30722576
2024320022,0.2454853,0.39667177,0.35784298
2024507596,0.29389903,0.37626976,0.32983124
2025808592,0.30795208,0.35934916,0.33269882
2025871361,0.38080758,0.31945327,0.29973915
2026262418,0.45875138,0.26120046,0.28004816
2026561247,0.44621536,0.27257326,0.28121138
2026795544,0.36386546,0.31995288,0.31618166
2026935252,0.38489145,0.3251227,0.28998584
2027203300,0.33548945,0.3604325,0.3040781
2027346970,0.34176922,0.28038597,0.3778448
2028053374,0.31425488,0.27566215,0.41008288
2028215884,0.3461449,0.34211892,0.31173623
2028871902,0.342825,0.20900299,0.44817203
2029152141,0.30711773,0.3961037,0.29677856
2030179258,0.29639804,0.35356063,0.35004133
2031293798,0.30258518,0.299195,0.39821982
2031447538,0.30042157,0.37773383,0.32184458
2031568051,0.3655267,0.35388643,0.28058684
2031931391,0.38681397,0.23927517,0.37391084
2032176673,0.3945304,0.26913053,0.33633912
2032593737,0.29395527,0.39463574,0.311409
2032978315,0.31152332,0.37610012,0.31237653
2033280305,0.5405463,0.19072008,0.2687336
2033487953,0.3396163,0.3687543,0.2916294
2033562043,0.36987805,0.34045988,0.28966206
2033852652,0.35064465,0.34144568,0.30790967
2034007454,0.33706954,0.35948092,0.30344957
2034284843,0.3347532,0.35435724,0.31088954
2034625513,0.3550903,0.34156364,0.30334604
2034728186,0.474459,0.24614008,0.279401
2035397330,0.24179173,0.48363823,0.27457005
2036193113,0.3397857,0.31615755,0.34405676
2036277459,0.27714503,0.4370201,0.28583485
2036443660,0.344972,0.33119693,0.32383102
2036585943,0.3885638,0.30273017,0.30870602
2036806849,0.41357917,0.30339605,0.2830248
2036914119,0.39430338,0.32052615,0.2851705
2036956013,0.41113648,0.30627722,0.28258628
2037110108,0.3593799,0.33873612,0.30188394
2038038270,0.36442178,0.32674325,0.308835
2038518686,0.3809573,0.28367054,0.33537215
2038638847,0.30162382,0.4151584,0.2832178
2040426478,0.41807124,0.27179983,0.31012893
2040440700,0.38413984,0.32992744,0.28593272
2041084212,0.38811487,0.30708712,0.304798
2041572258,0.4255876,0.24596888,0.3284435
2042363832,0.3718332,0.34895137,0.27921546
2043614323,0.26956418,0.44873095,0.28170484
2044127167,0.4379865,0.25057688,0.3114366
2044783052,0.44648382,0.2670606,0.2864556
2044880521,0.29557204,0.41524512,0.2891828
2044888694,0.2981306,0.38663498,0.31523442
2044934250,0.27145648,0.341834,0.38670948
2044995128,0.36729747,0.33875757,0.29394498
2045374258,0.52704304,0.21110767,0.2618493
2045838531,0.24802136,0.44694632,0.30503228
2045900242,0.34805924,0.3177278,0.33421296
2046072545,0.39644468,0.2637458,0.33980948
2046389166,0.35320428,0.33549994,0.3112958
2046843534,0.35290182,0.34233153,0.3047666
2046930754,0.25994083,0.4459874,0.29407173
2047102532,0.46742386,0.23800561,0.29457054
2047379906,0.37618828,0.3601935,0.26361823
2047428779,0.35446495,0.344011,0.30152404
2047579569,0.32660747,0.38679552,0.28659707
2047988109,0.37023157,0.32604986,0.30371854
2048184040,0.45320302,0.27138722,0.27540982
2048500498,0.3025759,0.39925534,0.29816878
2049112430,0.33647066,0.348685,0.3148443
2049384464,0.28112143,0.4231242,0.29575437
2049484830,0.23624244,0.2531768,0.5105807
2049645541,0.39988753,0.32029122,0.27982125
2050136071,0.42522272,0.24402644,0.3307508
2050265878,0.33455402,0.37340927,0.2920367
2050377917,0.24790016,0.4681062,0.2839936
2051238205,0.36758998,0.33516124,0.29724878
2051777202,0.2619128,0.44572967,0.29235756
2052020036,0.39497024,0.2701622,0.3348676
2052050594,0.43822688,0.26992303,0.29185003
2052218032,0.30134407,0.40688366,0.2917723
2052824400,0.3474328,0.34907606,0.30349112
2052994074,0.30287826,0.37184525,0.3252765
2053889727,0.33309898,0.37087977,0.29602122
2054130724,0.29099366,0.37395495,0.33505142
2054182870,0.33278692,0.29865897,0.36855412
2054234432,0.27359527,0.36273298,0.36367178
2054389663,0.399007,0.2983456,0.3026474
2054947892,0.36946815,0.3445295,0.28600234
2055031233,0.26727158,0.40368688,0.32904154
2055100785,0.46516222,0.23328039,0.30155742
2055520293,0.3458576,0.34995246,0.30418998
2056432444,0.37519053,0.31362617,0.3111833
2056857853,0.3698939,0.3418179,0.28828824
2057094525,0.37165248,0.28471535,0.34363216
2057097866,0.37337357,0.33558482,0.29104164
2057208360,0.38569033,0.34252086,0.2717888
2057222617,0.43245634,0.27720028,0.29034334
2057365513,0.34376323,0.33859414,0.31764263
2057434995,0.31984115,0.31041914,0.36973965
2058358489,0.35438555,0.3254342,0.3201802
2058733250,0.38480085,0.3354903,0.2797089
2058740544,0.36342373,0.34041563,0.29616064
2058885236,0.25181735,0.44765037,0.30053225
2059685460,0.33668345,0.33204925,0.3312673
2060443395,0.27766037,0.43684202,0.28549764
2060909779,0.34608656,0.35037768,0.30353573
2061724674,0.2102955,0.5393698,0.2503347
2061780499,0.3161923,0.3972133,0.28659445
2061845207,0.27320924,0.43551296,0.29127783
2062610750,0.18493569,0.56642616,0.24863818
2063000478,0.39888334,0.30919158,0.29192513
2063092557,0.3941093,0.3079964,0.2978943
2064389224,0.40743,0.29776594,0.2948041
2064560023,0.35511833,0.35039642,0.2944852
2064792774,0.37393695,0.3422141,0.283849
2065022932,0.31034338,0.37662935,0.31302726
2065800836,0.52562886,0.20662135,0.2677498
2067680611,0.41090316,0.28982002,0.2992768
2067859800,0.35548538,0.3661682,0.27834642
2068043137,0.25224075,0.46181405,0.2859452
2068779106,0.38146365,0.31930113,0.29923522
2068818744,0.2614161,0.46248344,0.27610046
2069473632,0.30044234,0.40166843,0.2978893
2069608827,0.2692939,0.44441336,0.28629267
2069849101,0.41689676,0.28771394,0.2953893
2070046352,0.48633865,0.24637347,0.26728785
2070252376,0.3330356,0.35200924,0.3149552
2070417057,0.33718234,0.32809228,0.33472544
2070844052,0.29238933,0.42386183,0.28374887
2072165557,0.51275474,0.21561027,0.271635
2073446197,0.41329676,0.2692209,0.31748238
2073732903,0.31365263,0.39449567,0.29185176
2073971002,0.3814119,0.34093434,0.27765375
2073995764,0.28594238,0.4231947,0.29086292
2074907566,0.28316623,0.2996593,0.4171744
2075123756,0.2825604,0.35519356,0.36224604
2075288928,0.32270592,0.34737346,0.32992065
2075522086,0.34217858,0.3775105,0.280311
2075790142,0.32430097,0.3725853,0.30311376
2076275906,0.39170548,0.28017798,0.3281165
2076430770,0.3170922,0.30999094,0.37291685
2076737017,0.30689156,0.3799294,0.31317905
2077274914,0.35630196,0.26354444,0.3801536
2077588865,0.37847543,0.3482155,0.2733091
2077801436,0.34184378,0.31856102,0.33959517
2078732029,0.3928067,0.32604367,0.28114957
2078811322,0.32216254,0.373003,0.30483443
2078867342,0.2671572,0.39192224,0.34092057
2078873336,0.30271506,0.38525504,0.31202993
2078986687,0.2408121,0.47956127,0.27962667
2079272098,0.37203103,0.32827815,0.2996908
2079884536,0.39261687,0.3150229,0.29236028
2080517570,0.47927547,0.2383525,0.28237206
2080520502,0.29534364,0.39971635,0.30494004
2081021688,0.4306073,0.27301657,0.2963761
2081074809,0.40627643,0.29898512,0.2947384
2081662142,0.3173697,0.31260294,0.3700274
2082627633,0.5083927,0.22330932,0.268298
2082819753,0.2647683,0.4120502,0.3231815
2083495095,0.34197164,0.3802262,0.2778022
2083592807,0.37078682,0.31853056,0.3106826
2084682204,0.31259578,0.40053347,0.28687078
2084708866,0.36891615,0.33110514,0.29997873
2085446324,0.34446204,0.26916015,0.38637775
2086527610,0.31752282,0.3644663,0.31801084
2086618353,0.2588575,0.24302214,0.49812034
2086680459,0.36571318,0.29293752,0.3413493
2087306648,0.32105517,0.3743183,0.30462652
2087957533,0.3277753,0.36804706,0.3041776
2088182009,0.52648115,0.21406941,0.25944942
2088648267,0.33885366,0.38558877,0.27555752
2089855027,0.33815625,0.35539955,0.30644423
2090210501,0.31894997,0.38902354,0.29202652
2090312577,0.4062727,0.3015644,0.29216293
2090602867,0.3366229,0.25573698,0.40764016
2091178653,0.33123353,0.38003314,0.28873333
2091581141,0.46968937,0.23884581,0.29146484
2091682069,0.3849611,0.3265776,0.28846127
2092193048,0.37585184,0.25980508,0.36434305
2092344019,0.42264915,0.2790521,0.29829878
2092628403,0.21490964,0.51881796,0.26627237
2092967842,0.4466304,0.26735675,0.2860129
2093253743,0.4475795,0.27258646,0.27983403
2093317457,0.33058944,0.3690638,0.30034682
2093470875,0.30376315,0.4000995,0.2961374
2093695830,0.34573495,0.33497,0.31929505
2094058551,0.25208518,0.4734984,0.2744164
2094588499,0.40566453,0.30422664,0.2901088
2094589713,0.36853018,0.3128919,0.3185779
2094796323,0.29213956,0.41207594,0.29578453
2094837437,0.3736165,0.33855218,0.28783137
2094888241,0.29545665,0.2605323,0.44401106
2095033554,0.3059032,0.35418168,0.3399151
2095258757,0.23773749,0.49494863,0.26731387
2095526493,0.27655664,0.42781234,0.29563102
2095751400,0.33964747,0.34706864,0.31328386
2095932584,0.34362322,0.3640105,0.29236627
2096579881,0.32285485,0.3589195,0.31822562
2096853916,0.26814422,0.28806034,0.44379544
2097155731,0.3526457,0.34399718,0.30335712
2097307529,0.5270473,0.2117582,0.26119453
2097584469,0.41261256,0.25923187,0.32815558
2097611791,0.37212652,0.34057078,0.28730273
2098492616,0.35260323,0.36783653,0.27956027
2098587659,0.54596937,0.18214786,0.27188277
2099273467,0.36193436,0.3523231,0.28574258
2099871418,0.28786236,0.29820704,0.41393065
2099874638,0.34614933,0.31183568,0.34201497
2100446973,0.30787098,0.3997338,0.2923952
2100462042,0.33161008,0.33925772,0.32913214
2100787710,0.31945384,0.36013848,0.32040775
2101154796,0.26666233,0.4257596,0.30757803
2101751297,0.29214007,0.4349134,0.2729465
2101839739,0.3695268,0.34609163,0.28438157
2102222790,0.3246733,0.34002262,0.3353041
2102316019,0.4342218,0.268328,0.29745018
2102898283,0.29074058,0.41396886,0.2952906
2102982207,0.35467237,0.3478169,0.2975107
2103324373,0.25563118,0.24480534,0.49956352
2104116336,0.32654947,0.33593976,0.33751076
2104161126,0.3531779,0.35767502,0.28914705
2104732620,0.58710253,0.16791761,0.24497987
2104972927,0.3406959,0.2800047,0.37929946
2104974142,0.40822384,0.3125131,0.27926302
2104983081,0.40023583,0.29987997,0.29988423
2105521679,0.34705913,0.37464714,0.27829373
2105984817,0.39842182,0.31963488,0.28194332
2106310582,0.36621487,0.32383013,0.309955
2106920056,0.3060517,0.4049596,0.2889887
2107601446,0.25325602,0.48356146,0.2631825
2107741644,0.47468808,0.24318954,0.28212237
2108005840,0.3289676,0.26726195,0.40377045
2108165987,0.4340456,0.27030456,0.2956499
2108216061,0.27339214,0.4335739,0.29303396
2108273608,0.36171764,0.3426568,0.29562557
2109107899,0.33387065,0.31024748,0.35588187
2109434388,0.39411747,0.30792302,0.29795948
2109684784,0.28301376,0.392783,0.3242033
2110328874,0.47929388,0.24821222,0.27249396
2110413895,0.21940008,0.5256639,0.254936
2110464869,0.47820717,0.25400645,0.26778644
2111224349,0.2959795,0.30189,0.40213054
2111400508,0.19731769,0.5538431,0.24883924
2111846834,0.42653638,0.28268617,0.29077747
2112089240,0.3593911,0.34639597,0.29421294
2112616497,0.44281477,0.26144466,0.29574054
2112979135,0.33388117,0.36362126,0.30249757
2113467123,0.32747906,0.36801243,0.30450845
2113779647,0.3253033,0.37305164,0.30164507
2113923549,0.3986035,0.31155884,0.28983766
2113949784,0.31464612,0.3745175,0.31083637
2114853919,0.31842774,0.38938466,0.29218763
2114934258,0.4047612,0.27544343,0.31979537
2115035759,0.30654484,0.41197187,0.28148326
2115139264,0.256504,0.40701413,0.33648187
2116142512,0.2863968,0.43078363,0.2828195
2116248840,0.48058504,0.23750886,0.28190607
2116651931,0.3147456,0.33720332,0.34805107
2116814139,0.3457539,0.36203396,0.29221213
2117066093,0.28150335,0.2475799,0.47091675
2117763695,0.38548487,0.28957555,0.3249396
2117856847,0.2905565,0.4011991,0.30824444
2117987427,0.36450818,0.30687204,0.32861978
2120023937,0.32552904,0.3758742,0.2985968
2120161598,0.28885972,0.41477782,0.29636246
2120476261,0.37571788,0.3296342,0.29464793
2120498893,0.42051357,0.30240864,0.2770778
2120623173,0.30071276,0.39222884,0.30705842
2120861410,0.3403267,0.37474996,0.28492337
2121152127,0.3478416,0.32098538,0.331173
2121290752,0.23566452,0.36638236,0.3979531
2121387230,0.3698736,0.3396203,0.29050612
2121394367,0.36541373,0.3274451,0.30714118
2121429147,0.35057944,0.3616926,0.28772795
2121863348,0.2540427,0.4234696,0.32248768
2122057499,0.40701956,0.2901063,0.30287415
2122284002,0.53640884,0.20800251,0.25558868
2122385024,0.36545804,0.34101486,0.29352713
2122598664,0.32784197,0.35653955,0.3156185
2122719862,0.3244486,0.35290706,0.32264438
2123359792,0.3736168,0.33441535,0.29196784
2123513898,0.2935905,0.2721693,0.43424022
2123557632,0.5223165,0.22187074,0.25581276
2123622109,0.3368456,0.3636934,0.29946095
2123747483,0.30248934,0.30641684,0.39109385
2124321851,0.17795935,0.5749732,0.24706744
2124354613,0.35077363,0.34865656,0.3005698
2124680829,0.33402312,0.38737828,0.27859864
2124871972,0.3645094,0.35502416,0.2804665
2125669148,0.32794973,0.34435114,0.32769912
2126625982,0.35813823,0.31593925,0.3259225
2126795629,0.28565663,0.43046254,0.28388083
2127112198,0.25734118,0.2410709,0.501588
2127385542,0.35692137,0.33226514,0.3108135
2127994961,0.21866414,0.4877014,0.29363447
2128561286,0.366747,0.33572948,0.29752356
2129033940,0.33460695,0.36585268,0.2995404
2129540840,0.34326625,0.3471994,0.3095343
2129919954,0.332747,0.37706935,0.2901836
2130366503,0.32112932,0.37786475,0.3010059
2130495925,0.18191639,0.5662521,0.25183147
2130544337,0.36880153,0.33109683,0.30010167
2130753431,0.28183836,0.41863006,0.29953155
2130880509,0.32592237,0.31830898,0.35576865
2132502282,0.3518703,0.37284446,0.27528524
2132931739,0.35291457,0.3107286,0.3363568
2133339598,0.36994803,0.3327655,0.29728654
2134384877,0.3587972,0.3336445,0.30755827
2134424933,0.3983443,0.309515,0.29214072
2134961827,0.44713938,0.26126677,0.2915939
2134971002,0.24469396,0.46279764,0.29250833
2135357266,0.4738118,0.22505236,0.3011359
2135599804,0.3234946,0.4007799,0.27572554
2135881043,0.5069635,0.22628541,0.26675105
2136065231,0.34926862,0.35339695,0.29733443
2136661291,0.2717781,0.31657973,0.4116422
2136931687,0.34274185,0.29627287,0.36098525
2137050823,0.3705404,0.32615358,0.30330598
2137141665,0.39603138,0.324529,0.27943957
2137202001,0.6009221,0.16184732,0.23723061
2138116871,0.21660462,0.5149324,0.26846302
2138751611,0.35073084,0.35053793,0.2987312
2139230311,0.22837417,0.37423074,0.39739507
2141798217,0.38349044,0.33049095,0.2860186
2142171033,0.405429,0.30482557,0.28974536
2143747095,0.34694314,0.31965786,0.333399
2146147893,0.3948313,0.33745918,0.26770955
2146424298,0.36172453,0.35751686,0.28075862
2146444710,0.39001396,0.3195839,0.2904021
2146509257,0.39191186,0.30021632,0.3078719
2147000643,0.3452471,0.36635968,0.28839326
2147003276,0.28446156,0.38409853,0.3314399
2147119279,0.404032,0.3220009,0.2739671
2147245864,0.340073,0.33558506,0.32434198
2147374695,0.3430495,0.35808122,0.29886934
2147587070,0.3445887,0.3510337,0.30437768
2148187042,0.25003618,0.44444954,0.30551428
2148211672,0.3470292,0.32083094,0.33213982
2148351368,0.31120825,0.3651159,0.32367587
2148542644,0.25905612,0.2639511,0.4769928
2148564974,0.34310552,0.34780842,0.30908608
2148573269,0.44027716,0.20806739,0.35165548
2148736883,0.33728927,0.3661927,0.29651794
2148751174,0.26999483,0.44499946,0.28500572
2149066326,0.4765063,0.25486583,0.26862788
2149766159,0.23378986,0.49286777,0.2733424
2150960812,0.35552704,0.35629523,0.28817773
2151549168,0.32820845,0.38754612,0.28424543
2152083412,0.28205085,0.33112535,0.38682383
2153284044,0.33086312,0.3357247,0.33341217
2153377515,0.3552207,0.34574622,0.29903305
2153434858,0.375399,0.30389655,0.3207045
2153726005,0.3533244,0.35392055,0.29275507
2154206532,0.2465083,0.43705395,0.31643778
2154265137,0.39033568,0.34357464,0.26608974
2155493782,0.42678016,0.27297187,0.300248
2155752666,0.30723178,0.40035403,0.29241413
2155878726,0.33284807,0.36041737,0.3067346
2155899997,0.34313333,0.380039,0.27682763
2155961175,0.40535808,0.27246132,0.32218063
2156451291,0.32537037,0.3723405,0.30228913
2156681417,0.32058764,0.36223638,0.31717592
2156687860,0.33974105,0.30620345,0.3540555
2157221841,0.42427334,0.30014664,0.27558
2157450175,0.28476614,0.289635,0.42559886
2157635699,0.26489043,0.41214067,0.32296896
2157767944,0.4200616,0.2973415,0.2825969
2158426505,0.31838757,0.38547212,0.2961403
2158495825,0.32913417,0.34175962,0.3291062
2158693353,0.290996,0.41810298,0.29090106
2159408200,0.38104123,0.29597682,0.32298195
2159434272,0.32161823,0.39689094,0.28149086
2160631588,0.32850084,0.32386428,0.34763485
2160766017,0.30921274,0.41044396,0.2803433
2160960469,0.34346426,0.36334646,0.2931893
2161381046,0.24687809,0.47807595,0.275046
2161407935,0.30900374,0.40091494,0.29008132
2161623416,0.3452613,0.35883063,0.2959081
2161693751,0.34874007,0.34316397,0.308096
2161695712,0.4289046,0.26943898,0.30165642
2162154196,0.38122523,0.3215624,0.29721236
2162379049,0.33201802,0.36212283,0.30585915
2162774322,0.27494738,0.38041383,0.34463874
2163041061,0.18772484,0.5760132,0.23626196
2163153718,0.4737575,0.23668799,0.28955454
2163323544,0.36178344,0.3414993,0.29671723
2163535296,0.21938999,0.5013339,0.27927613
2163806104,0.35633063,0.29235834,0.35131103
2164068360,0.31549767,0.40023106,0.28427124
2164161501,0.38054246,0.31966883,0.29978877
2164380389,0.2972061,0.4000302,0.3027637
2164610527,0.38772625,0.3183572,0.29391652
2164717971,0.45040447,0.2659696,0.28362593
2164785122,0.23782992,0.45436102,0.30780905
2165491159,0.31781876,0.34728968,0.33489156
2166547924,0.3520218,0.33126476,0.31671342
2166643978,0.3834086,0.3265415,0.2900499
2167113703,0.31174195,0.27543706,0.41282102
2167186281,0.3098295,0.21424797,0.47592252
2168402547,0.32394096,0.38982284,0.28623623
2168635886,0.4058748,0.24871534,0.34540987
2168860861,0.38238752,0.30971432,0.30789816
2168990125,0.34724784,0.34088737,0.31186476
2168990417,0.30764204,0.3664414,0.32591656
2169186049,0.34135443,0.34942442,0.30922112
2169507256,0.30538356,0.37077665,0.32383972
2169827235,0.4363857,0.28251022,0.2811041
2170079397,0.27647293,0.42430755,0.2992195
2170245455,0.26877254,0.4398569,0.2913705
2172902073,0.38659588,0.34817284,0.26523125
2172965443,0.32873526,0.33456203,0.3367027
2173044583,0.31400433,0.28080854,0.40518713
2173573785,0.30401242,0.39778993,0.2981977
2174334713,0.40416116,0.30762064,0.28821823
2175375181,0.27878964,0.43731874,0.28389162
2175375762,0.4856534,0.21283078,0.30151582
2175379345,0.33602133,0.3628052,0.30117348
2175708246,0.30891198,0.34915835,0.34192973
2176380779,0.4310152,0.28303504,0.28594983
2177317908,0.39737296,0.26330814,0.33931893
2177762036,0.22083579,0.53121364,0.2479506
2177809918,0.430701,0.29511398,0.27418503
2178431864,0.35498947,0.29631647,0.3486941
2178485799,0.37905833,0.34079704,0.28014463
2178565224,0.27466002,0.41638947,0.3089505
2179924052,0.49765566,0.23172462,0.27061975
2182051823,0.26356572,0.46477035,0.27166393
2182078263,0.45545578,0.26310733,0.2814369
2182110236,0.26815328,0.29247278,0.43937388
2182429336,0.31493294,0.37690967,0.30815738
2183263550,0.29522133,0.3401227,0.36465597
2185127442,0.34574473,0.35877836,0.29547694
2185542123,0.37850177,0.28310603,0.33839223
2185584067,0.35994133,0.34780872,0.29224992
2186053015,0.3271559,0.39146614,0.28137797
2186149237,0.3541685,0.35402763,0.29180384
2188341121,0.2157084,0.52392834,0.26036328
2188450245,0.42574835,0.2839163,0.29033536
2189914806,0.34632158,0.32550347,0.32817495
2190064907,0.39401698,0.3193422,0.28664085
2190111601,0.4230256,0.26297623,0.3139981
2191399937,0.37075055,0.328345,0.30090445
2191429188,0.3163575,0.35690868,0.3267338
2191491585,0.45251155,0.27191222,0.27557623
2191894314,0.2859456,0.2808628,0.4331916
2191957212,0.40516233,0.3146313,0.28020635
2192049636,0.38165873,0.30219725,0.316144
2192401569,0.4076592,0.32032228,0.2720185
2192631617,0.354001,0.3805735,0.2654255
2192854784,0.49012837,0.23241237,0.27745926
2193134213,0.26645148,0.4241076,0.30944097
2193186555,0.40406752,0.31562755,0.2803049
2194273168,0.3184046,0.38492495,0.29667047
2194989287,0.41932076,0.28252685,0.2981524
2195309341,0.35363072,0.330679,0.31569025
2195549176,0.36046988,0.33784384,0.3016863
2195908317,0.27717417,0.44939697,0.2734289
2196533346,0.36228544,0.3417976,0.29591697
2196534261,0.39034122,0.2999874,0.30967134
2197350417,0.35109228,0.30515033,0.34375745
2197806429,0.38476753,0.3375995,0.277633
2198041181,0.37514117,0.29712284,0.327736
2198060696,0.30455846,0.4024313,0.29301023
2198300335,0.4792106,0.2543899,0.26639947
2199418965,0.38173825,0.33113033,0.2871315
2199753353,0.39286053,0.32682586,0.2803136
2200109639,0.3564806,0.35814726,0.28537214
2200129080,0.279424,0.39278013,0.32779583
2200367117,0.392,0.3031614,0.3048386
2200760287,0.3275184,0.38320422,0.28927737
2200762727,0.39926416,0.2648813,0.33585456
2201194221,0.33304384,0.3542575,0.31269866
2201250092,0.28206638,0.42544222,0.29249144
2201316187,0.32070732,0.36683533,0.31245732
2201893143,0.4467291,0.24190487,0.31136602
2201956014,0.34595615,0.36565048,0.28839338
2202060353,0.31144533,0.37635383,0.3122008
2202204229,0.41174388,0.28880364,0.29945248
2202718964,0.31910217,0.36809984,0.31279802
2203090053,0.4883257,0.22435609,0.28731823
2203583853,0.3211907,0.305712,0.37309724
2203608675,0.44963455,0.2762813,0.27408415
2203646211,0.24613836,0.4010777,0.35278392
2204018165,0.24160719,0.47710472,0.28128803
2204101284,0.3511504,0.3570334,0.2918162
2204420123,0.48002976,0.23737824,0.28259197
2204538178,0.30979764,0.31598336,0.374219
2204581489,0.39874944,0.3155645,0.28568602
2204675804,0.33659655,0.38106927,0.2823342
2205344811,0.32945275,0.34857345,0.3219738
2205594062,0.3653273,0.32795566,0.30671704
2205960906,0.35670993,0.37187135,0.27141875
2206016293,0.34685796,0.35373685,0.29940516
2206060258,0.3996782,0.3165596,0.28376222
2206179541,0.37539396,0.31690016,0.3077059
2206848073,0.37159294,0.32830265,0.30010438
2207290725,0.24975644,0.4196719,0.33057165
2207937288,0.30843216,0.39736605,0.2942018
2208707505,0.42980903,0.2905099,0.27968103
2208914287,0.3210124,0.36535603,0.3136316
2209719060,0.2225875,0.48987627,0.28753623
2210574810,0.36424863,0.35390246,0.28184888
2210608891,0.3258515,0.31125718,0.36289132
2211652723,0.47404665,0.25337994,0.27257347
2211796773,0.3993457,0.2831185,0.31753582
2212009414,0.46324316,0.24853466,0.28822216
2212097877,0.38395518,0.32577297,0.29027182
2212461482,0.35136923,0.27585608,0.37277466
2212658035,0.45952997,0.2553506,0.28511947
2212661087,0.37324673,0.29495174,0.33180153
2212872210,0.31760246,0.39001137,0.29238614
2212973568,0.4619431,0.264203,0.2738539
2213074554,0.23383906,0.48538154,0.28077942
2213880157,0.3564601,0.3505145,0.29302537
2214006330,0.29256183,0.3443243,0.36311394
2214604939,0.3424672,0.29799402,0.3595388
2215107396,0.45672458,0.24512398,0.29815143
2215238716,0.48746592,0.2331104,0.2794237
2215623769,0.34511805,0.35819787,0.2966841
2215995886,0.31798726,0.34435803,0.3376547
2216199211,0.32619506,0.28374076,0.39006424
2216317974,0.34726298,0.33925533,0.3134817
2216971698,0.3265934,0.3005467,0.3728599
2217545993,0.29697746,0.42327866,0.2797439
2217612204,0.2889316,0.38533247,0.32573593
2217838490,0.52614355,0.21996513,0.25389132
2218509531,0.37120456,0.35015762,0.27863783
2219251002,0.3380422,0.36527878,0.296679
2219444654,0.20993277,0.53184986,0.25821733
2219551261,0.39148998,0.27973032,0.3287797
2219972472,0.30301118,0.4162524,0.2807364
2221060427,0.26759815,0.38455933,0.34784254
2221105889,0.25634468,0.2519759,0.49167943
2221454885,0.3975039,0.27601963,0.32647642
2222389267,0.42417347,0.28032345,0.29550314
2222466737,0.31304073,0.4055752,0.28138408
2222739893,0.4076773,0.30474305,0.28757963
2222782509,0.32860756,0.395481,0.27591142
2223112778,0.2705182,0.42414254,0.30533922
2223303260,0.3030295,0.40672237,0.2902481
2223354909,0.33404586,0.3693565,0.2965976
2223844577,0.31323805,0.31877822,0.3679837
2224874719,0.23973788,0.45808637,0.30217576
2225148928,0.31740117,0.40736878,0.27523005
2225227814,0.30849013,0.3555471,0.33596277
2225865785,0.46498534,0.25714105,0.2778736
2227154808,0.4079147,0.29607874,0.29600656
2227466042,0.37608194,0.31472898,0.3091891
2228027394,0.36306763,0.33024055,0.30669183
2228486960,0.3527053,0.36413783,0.28315684
2228868747,0.32929584,0.34060156,0.3301026
2229524639,0.3134995,0.3671736,0.31932694
2229767665,0.15434514,0.61702955,0.22862527
2229856446,0.3627295,0.33816588,0.29910466
2230769990,0.3305868,0.37059745,0.29881576
2231026419,0.32902753,0.36890602,0.30206648
2231208872,0.2107906,0.52357244,0.26563698
2231950417,0.40407443,0.3082112,0.28771436
2231988758,0.39210215,0.3178037,0.29009414
2232557865,0.29813173,0.39322495,0.30864328
2232800183,0.4324796,0.28342506,0.28409538
2232963307,0.32756144,0.3554678,0.31697083
2233375801,0.3190979,0.3874336,0.29346848
2233450339,0.35993335,0.3428549,0.2972118
2233457260,0.31814972,0.40889305,0.27295727
2233691314,0.36382142,0.33728936,0.29888922
2233860446,0.43309274,0.27218294,0.29472435
2235176510,0.37675947,0.31760323,0.3056373
2235325730,0.38331938,0.29806474,0.3186159
2235511720,0.34726363,0.33813912,0.31459725
2236397330,0.35823077,0.34530598,0.29646325
2236497842,0.3422922,0.37477005,0.28293777
2236775275,0.5922795,0.17116398,0.23655652
2237200309,0.3345492,0.36415657,0.3012942
2237388584,0.3319322,0.37618265,0.2918852
2237519634,0.3663974,0.31418687,0.31941575
2237563625,0.46568698,0.23649317,0.29781985
2237694013,0.35564235,0.37204164,0.27231604
2237923086,0.4245084,0.27700695,0.29848468
2238159024,0.41208822,0.27485052,0.3130613
2238501337,0.31100428,0.3890671,0.29992867
2238671025,0.29351422,0.33335972,0.37312603
2238781862,0.32842112,0.37462085,0.29695806
2238801046,0.34829438,0.35801166,0.29369396
2239199732,0.36640942,0.34664744,0.2869431
2239516792,0.29512405,0.41314852,0.29172742
2240081835,0.3784653,0.3236349,0.29789984
2240530224,0.35026014,0.37179384,0.27794608
2241653935,0.3605916,0.30562276,0.3337857
2242878159,0.42242667,0.2923683,0.285205
2243324832,0.34632272,0.35726684,0.29641044
2243778670,0.43329227,0.26078296,0.30592483
2243867576,0.3484656,0.24873474,0.40279973
2244141058,0.33588845,0.37597656,0.28813493
2244383597,0.5324998,0.21533686,0.25216335
2244486422,0.3741689,0.3069154,0.31891572
2244984752,0.38116458,0.3369976,0.2818378
2246159672,0.37085453,0.35485822,0.27428728
2246364871,0.35623083,0.33638918,0.30738002
2246786388,0.32905024,0.36513692,0.30581278
2246980479,0.32756472,0.37431368,0.29812163
2247568694,0.4784121,0.24820715,0.2733808
2248244003,0.32701167,0.29330894,0.37967938
2248960113,0.36390603,0.36509913,0.27099484
2249496683,0.35050258,0.3743395,0.27515793
2249689098,0.31831104,0.39826745,0.28342152
2250241937,0.34323034,0.3546971,0.30207253
2250706444,0.38446057,0.32778662,0.2877528
2251207767,0.21254097,0.4707682,0.31669086
2252205916,0.42804474,0.29350868,0.27844658
2252552345,0.3521014,0.39254612,0.2553525
2252748527,0.31374618,0.36972618,0.31652766
2252854331,0.31130856,0.36348557,0.32520586
2253958290,0.34514517,0.36859196,0.28626293
2254882058,0.33974937,0.35341358,0.30683708
2254978168,0.3793965,0.3441478,0.2764557
2255585265,0.37582886,0.3613072,0.26286393
2255872499,0.30092454,0.41015267,0.2889228
2257024613,0.21081057,0.53153795,0.25765154
2257481314,0.43660223,0.2677928,0.29560497
2259600644,0.33871686,0.36965382,0.29162937
2259712863,0.36027437,0.3696489,0.2700767
2259716100,0.36568516,0.34793964,0.28637516
2259848046,0.34777653,0.37460154,0.27762192
2260692717,0.3140115,0.40183455,0.28415394
2260772856,0.22226304,0.5090146,0.26872236
2260966330,0.27873534,0.4277564,0.2935083
2261059826,0.30805197,0.37396497,0.31798303
2261572826,0.21947889,0.5276831,0.25283802
2263558046,0.45395717,0.26821035,0.2778325
2263635780,0.3019908,0.40439698,0.29361224
2264085641,0.37378117,0.32453573,0.3016831
2264309340,0.370047,0.33498734,0.29496562
2264324380,0.4355521,0.27391288,0.29053503
2264799790,0.38940918,0.2803626,0.33022824
2264812206,0.32324558,0.33162743,0.345127
2264884209,0.31077778,0.3150227,0.3741995
2264954161,0.22612467,0.51216125,0.261714
2265414849,0.3304249,0.3272258,0.34234926
2265508914,0.2002728,0.5473447,0.25238258
2265517269,0.333529,0.28093994,0.38553113
2265574956,0.24340671,0.4928575,0.26373577
2265588796,0.3479411,0.36481944,0.28723943
2265618045,0.24586412,0.48617113,0.26796472
2265643097,0.3428322,0.35944963,0.29771817
2265928003,0.28457505,0.42377824,0.29164672
2266147269,0.3505,0.34493935,0.30456066
2266475027,0.3985219,0.3198281,0.28165
2266656671,0.4564685,0.22309387,0.32043764
2266753828,0.3640107,0.32034695,0.31564236
2266894397,0.36824208,0.2905999,0.34115803
2267008040,0.47508854,0.22045761,0.3044539
2267564218,0.3796445,0.33301228,0.2873432
2269257130,0.36727953,0.31325656,0.31946397
2269453381,0.35277462,0.30392653,0.34329885
2269628778,0.5015619,0.2229825,0.27545562
2269653850,0.38314113,0.30165726,0.31520158
2270043430,0.35702914,0.34313005,0.2998408
2270064571,0.46339327,0.24828261,0.28832412
2270386999,0.34215257,0.34478313,0.31306428
2270390577,0.2901268,0.4062788,0.30359447
2270429608,0.34615964,0.3801872,0.2736531
2270442609,0.40793416,0.31482035,0.27724552
2270661201,0.31581402,0.3475809,0.3366051
2271076399,0.3487536,0.3122102,0.33903617
2271127424,0.3381158,0.3573699,0.30451432
2272060827,0.5264159,0.2134117,0.2601724
2272077931,0.3524007,0.37068194,0.2769174
2272586163,0.5136553,0.21954262,0.2668021
2274115797,0.32393688,0.36539668,0.31066644
2274445939,0.38040644,0.351654,0.2679396
2274482428,0.3453225,0.34478378,0.30989367
2275782433,0.34315312,0.36242697,0.29441994
2275923141,0.25019485,0.34100437,0.40880078
2276015837,0.29876077,0.4219519,0.27928734
2277115789,0.34786272,0.3430137,0.30912355
2277766580,0.33482623,0.33325905,0.33191472
2278026371,0.2430656,0.4633834,0.29355103
2278441843,0.34810144,0.34297878,0.3089198
2278962965,0.21232492,0.4007507,0.3869244
2279564075,0.34280998,0.37498635,0.28220367
2280084958,0.28785497,0.4187593,0.29338574
2280607702,0.36343044,0.34010297,0.2964666
2280727770,0.42651147,0.26484302,0.3086455
2280903008,0.315189,0.38836113,0.29644984
2280923570,0.31120956,0.35476387,0.33402655
2280996576,0.3305887,0.25565907,0.4137522
2281322765,0.37400943,0.3347003,0.29129025
2281684733,0.31976497,0.37377822,0.30645677
2282402116,0.21822289,0.48977077,0.29200637
2282668367,0.49187833,0.24385452,0.26426715
2282828794,0.47061396,0.25449598,0.2748901
2283561937,0.36706746,0.35426736,0.27866513
2283798031,0.40364283,0.30338752,0.29296964
2283824827,0.36160216,0.3325153,0.30588254
2284037550,0.3748136,0.33656198,0.2886244
2285484652,0.36779845,0.3249194,0.30728215
2285489000,0.29712498,0.33723623,0.3656388
2285938283,0.33867013,0.3536237,0.30770624
2286028439,0.36479715,0.3168871,0.31831574
2286331466,0.34024793,0.3696365,0.2901156
2286455330,0.36157066,0.33689672,0.3015327
2286757589,0.25759044,0.32306498,0.41934454
2286804523,0.2992298,0.31345892,0.38731134
2287118931,0.25110453,0.24982548,0.49906993
2287673992,0.42708164,0.2632376,0.30968073
2287813656,0.40762478,0.27895385,0.31342137
2288779440,0.26774502,0.4459528,0.2863022
2288890578,0.33637598,0.3638621,0.29976195
2289550715,0.2802679,0.4285684,0.29116365
2289654769,0.22539565,0.4978398,0.27676457
2289789422,0.3154357,0.36994344,0.31462088
2289825170,0.48554212,0.23012254,0.28433532
2290826077,0.28459397,0.40015984,0.31524622
2290881881,0.38991296,0.31097448,0.29911253
2290901122,0.33226922,0.3642104,0.30352038
2291429260,0.36320624,0.34022927,0.29656446
2291462825,0.42610395,0.27853757,0.29535848
2291725464,0.33749652,0.39383054,0.26867294
2292448302,0.3608125,0.3393076,0.29987988
2292854923,0.3154286,0.36722708,0.3173443
2293019559,0.36984345,0.3130451,0.31711143
2293141056,0.3248089,0.36856732,0.30662382
2293309997,0.35437658,0.37993944,0.26568398
2293658561,0.29922926,0.4190821,0.28168857
2294261869,0.26227808,0.4652118,0.27251008
2294325725,0.2291812,0.49358237,0.2772364
2294580927,0.36560246,0.32124388,0.31315368
2294906143,0.35384193,0.33755818,0.3085999
2295030552,0.29765958,0.39967433,0.30266613
2297042236,0.3192967,0.36464316,0.3160602
2297144274,0.36067146,0.30226082,0.3370677
2297652508,0.3506753,0.3536695,0.2956552
2298019128,0.19704844,0.54733676,0.25561482
2298295700,0.4232709,0.28926754,0.28746158
2298445627,0.40688837,0.3027026,0.29040903
2299398363,0.3573631,0.34766215,0.29497474
2299545643,0.3533612,0.33727384,0.30936494
2299571106,0.3525315,0.32383937,0.3236292
2299953415,0.52669984,0.21158972,0.2617104
2299960641,0.16806346,0.58574927,0.24618724
2300337430,0.4175376,0.3166107,0.26585168
2300494681,0.3249596,0.3659286,0.30911177
2301149672,0.24529281,0.24376354,0.51094365
2301270245,0.29289562,0.3855384,0.32156596
2302104537,0.30235785,0.39878783,0.29885435
2302143258,0.46635574,0.25956446,0.27407977
2302660434,0.29209802,0.27969062,0.42821133
2302854508,0.42429727,0.2643346,0.31136814
2302932761,0.4697428,0.24248596,0.2877712
2303233398,0.35817415,0.32751334,0.31431258
2303332065,0.38154265,0.32622325,0.29223412
2304970766,0.36613223,0.32854164,0.30532613
2305491448,0.25090396,0.37428182,0.37481415
2305747543,0.30023766,0.40616614,0.2935962
2305897230,0.3969357,0.31601575,0.28704858
2306586623,0.40817285,0.30712488,0.28470224
2306736718,0.34577832,0.34572443,0.30849725
2307071880,0.28305808,0.43621472,0.2807272
2307431331,0.38283432,0.2817332,0.3354324
2307553504,0.23058444,0.48446357,0.28495193
2307685527,0.2774762,0.45730916,0.26521462
2308001675,0.5133262,0.21928203,0.26739177
2308005271,0.31834018,0.34894648,0.33271334
2308433016,0.34589857,0.371221,0.28288049
2308660247,0.30191445,0.34895694,0.34912866
2308817020,0.3211016,0.39180845,0.28708994
2309205013,0.35417306,0.3472234,0.2986035
2309411941,0.36276054,0.3377688,0.29947066
2309514010,0.29810315,0.3933829,0.30851394
2309835132,0.21573418,0.5157191,0.26854673
2309993373,0.28548807,0.42329678,0.29121512
2310212180,0.30260503,0.39078122,0.3066138
2310346933,0.26041368,0.46940085,0.27018547
2310509476,0.25692755,0.46186125,0.28121123
2311023245,0.45295984,0.46391994,0.0831202
2311150746,0.37715572,0.2859273,0.33691698
2311381303,0.38769114,0.30266425,0.30964458
2311923069,0.4260041,0.29296607,0.28102982
2312266354,0.54317933,0.19976072,0.25705993
2312536595,0.4075857,0.30455732,0.287857
2312778779,0.24907967,0.47317094,0.27774936
2313851407,0.22394209,0.5013047,0.2747532
2314064361,0.4224936,0.29173428,0.2857721
2314376870,0.25333136,0.44377336,0.30289528
2314779443,0.3595584,0.35531765,0.28512397
2315782719,0.48697174,0.24547341,0.26755488
2316333993,0.38477886,0.32798302,0.28723806
2316876120,0.4092661,0.31653982,0.27419403
2317050092,0.41427326,0.29864475,0.28708202
2317568770,0.30317843,0.37992036,0.3169012
2317866019,0.2942595,0.33809614,0.36764437
2318149804,0.39079937,0.32136357,0.2878371
2320209861,0.32212162,0.3748354,0.303043
2320391340,0.27548856,0.44881192,0.2756995
2320685559,0.4103887,0.29999676,0.28961456
2322550638,0.2980734,0.38322455,0.31870198
2323014873,0.33532774,0.335534,0.32913828
2323052683,0.16334733,0.16334733,0.67330533
2323198756,0.2817532,0.3271714,0.3910754
2325020862,0.38844344,0.24705884,0.36449772
2325335680,0.40656924,0.30890596,0.28452477
2325459638,0.31842858,0.39266723,0.28890413
2325940661,0.27614933,0.41857165,0.30527902
2326099741,0.2817071,0.39724004,0.32105288
2326189991,0.48219106,0.24349044,0.2743185
2326344674,0.3585739,0.32610705,0.31531906
2326497165,0.34136784,0.3940288,0.26460335
2326721123,0.36111704,0.34588242,0.29300052
2326784089,0.29115674,0.4058057,0.30303752
2327078382,0.49028876,0.2336663,0.2760449
2327305921,0.29008037,0.3846224,0.32529724
2327597869,0.26487067,0.25032458,0.48480475
2327796879,0.36595112,0.35460252,0.27944636
2327938918,0.3179593,0.33602953,0.34601122
2328204251,0.4304881,0.28769228,0.28181958
2328300515,0.4414099,0.27961624,0.27897394
2328367053,0.32365376,0.3731433,0.30320296
2328645779,0.4069392,0.3043574,0.28870338
2328761260,0.29911277,0.32447508,0.37641218
2328880756,0.31460723,0.38768584,0.29770693
2329189047,0.33713016,0.34126508,0.3216048
2330236203,0.45930487,0.25335705,0.28733808
2330362941,0.47286886,0.25172412,0.27540702
2330516007,0.37003586,0.3358785,0.29408562
2330760512,0.26532733,0.25412947,0.4805432
2331397871,0.33125764,0.3456012,0.3231412
2332173051,0.4028424,0.30011618,0.29704142
2332330630,0.31468886,0.396844,0.28846714
2332444599,0.36735135,0.36580616,0.26684248
2332522636,0.34080577,0.374039,0.2851552
2332535856,0.32895654,0.32809415,0.34294933
2332635252,0.30609295,0.39087164,0.30303547
2332979289,0.42310804,0.2789304,0.29796156
2333475881,0.27632532,0.43661845,0.2870562
2333500495,0.33230034,0.3673736,0.30032608
2333960032,0.32947737,0.3585782,0.31194448
2334038004,0.26176855,0.35852426,0.37970722
2334090377,0.31111315,0.3793074,0.30957943
2334467839,0.3487723,0.37190992,0.2793178
2334517994,0.35222417,0.33125106,0.3165248
2334661405,0.42207652,0.25431126,0.32361218
2335040909,0.4073285,0.31122983,0.2814417
2335650268,0.36607394,0.34708583,0.2868402
2335716454,0.28053015,0.2992586,0.42021126
2335722686,0.50933444,0.22471368,0.26595184
2336352176,0.3770067,0.34938735,0.2736059
2336473321,0.41622394,0.28745055,0.29632547
2336911967,0.22871229,0.51213425,0.2591535
2337187596,0.3111004,0.40092915,0.28797042
2337407550,0.34153682,0.33851737,0.31994584
2337525604,0.387375,0.33463728,0.27798775
2337667630,0.38423234,0.31326544,0.30250227
2337901201,0.26543784,0.44899178,0.28557035
2338139466,0.2907652,0.42599577,0.283239
2338979911,0.29596898,0.32280117,0.38122982
2339033004,0.4316429,0.273359,0.2949981
2339190473,0.34593412,0.3568493,0.29721656
2339595471,0.26902014,0.26311666,0.46786317
2341311802,0.29506674,0.41591883,0.2890144
2341435993,0.34285372,0.34983093,0.30731538
2341556534,0.28332424,0.43070686,0.28596893
2341829247,0.36282724,0.34430307,0.29286963
2342093990,0.29741764,0.3875159,0.31506646
2342237109,0.45324063,0.2738259,0.27293345
2342493428,0.32163024,0.3811828,0.29718697
2342845006,0.34392238,0.38128257,0.27479511
2343207324,0.4257298,0.28734595,0.28692418
2343706252,0.40691188,0.29723254,0.29585558
2343907043,0.32360423,0.3695055,0.30689025
2344031820,0.36015332,0.36826324,0.2715834
2344190505,0.513668,0.21821888,0.2681131
2344421343,0.37755546,0.34269434,0.27975023
2344428509,0.290766,0.4066933,0.30254063
2345686484,0.31725633,0.3687493,0.31399435
2346911690,0.40074083,0.28316283,0.31609637
2347008507,0.34810418,0.3725028,0.27939302
2347096476,0.3913123,0.31127363,0.297414
2347878591,0.262901,0.4268437,0.31025526
2348123952,0.28458366,0.4048167,0.31059968
2348290637,0.41069388,0.3053748,0.28393126
2348625342,0.48849112,0.23393807,0.27757084
2348763312,0.28507382,0.31904483,0.3958813
2349469716,0.3363585,0.38499743,0.27864408
2349764227,0.29260877,0.4291397,0.27825153
2350248343,0.33024156,0.3356204,0.33413804
2350380761,0.25386477,0.41956273,0.32657254
2350603154,0.40289128,0.3063834,0.29072535
2350873385,0.42553708,0.27102208,0.30344078
2351286251,0.46148586,0.25962088,0.2788933
2351358404,0.35316646,0.33147135,0.3153622
2351776690,0.37333047,0.3339672,0.29270226
2352398385,0.30693132,0.39746034,0.29560828
2352681898,0.27835867,0.42030615,0.30133516
2352704207,0.41980112,0.2806387,0.29956022
2352844026,0.2912465,0.39961076,0.30914274
2353584803,0.21620876,0.22300443,0.5607868
2353654035,0.38890463,0.3004542,0.31064117
2354215536,0.2625744,0.38838798,0.34903765
2354374789,0.4286254,0.30046752,0.27090704
2354506498,0.37099975,0.32252097,0.30647925
2354625460,0.36133212,0.3515786,0.28708932
2354756865,0.34158814,0.37145695,0.28695488
2355030457,0.45650285,0.24877955,0.29471758
2355169628,0.35708416,0.33283788,0.31007797
2355418424,0.27046517,0.26300484,0.46653003
2355583857,0.4016068,0.23284236,0.36555085
2355706862,0.3836091,0.31451702,0.30187392
2356575515,0.30259228,0.42092502,0.27648273
2356739124,0.30709758,0.41760108,0.27530134
2356771500,0.33492565,0.2989171,0.36615723
2357599741,0.31633395,0.38969964,0.2939664
2357737580,0.31443605,0.39351925,0.2920447
2357791484,0.46268946,0.24766585,0.28964466
2358195774,0.3193612,0.38511837,0.29552042
2358634803,0.5396261,0.20845172,0.25192216
2358717867,0.4484753,0.2680419,0.2834828
2359335886,0.39039674,0.36348218,0.2461211
2360482981,0.23215029,0.4339119,0.33393782
2361521688,0.36628574,0.31616652,0.3175478
2361699569,0.33031607,0.34795785,0.32172608
2361815379,0.56617534,0.181324,0.25250065
2361928106,0.31448072,0.3431989,0.34232044
2362128910,0.2946115,0.41879418,0.28659427
2362490082,0.39390892,0.31583083,0.29026023
2362663489,0.27689666,0.44402385,0.2790795
2363080554,0.39794034,0.31097198,0.2910877
2363352336,0.21508878,0.5120079,0.27290332
2363555670,0.3907143,0.3323573,0.27692842
2363798470,0.37195057,0.33301216,0.29503724
2363893974,0.35267377,0.3168875,0.3304387
2365411092,0.23792249,0.29951718,0.46256027
2366314012,0.33677596,0.3602807,0.30294335
2367319254,0.400707,0.32193947,0.27735355
2367356740,0.24249747,0.44745052,0.31005198
2367652950,0.3365342,0.3714227,0.2920431
2367807325,0.41207248,0.31125885,0.27666864
2368019101,0.31548423,0.3278296,0.35668617
2368072546,0.24598272,0.4771437,0.2768736
2368143100,0.26431707,0.43243772,0.3032452
2368404284,0.27807748,0.4314231,0.29049945
2368708761,0.37981635,0.29640004,0.3237836
2369990317,0.47203782,0.2520315,0.27593064
2370138958,0.26603213,0.4467278,0.28724006
2370571116,0.37046638,0.34128678,0.28824687
2370708927,0.28363615,0.28509346,0.43127042
2370935031,0.3228181,0.33096984,0.34621206
2371123789,0.41031027,0.27260897,0.31708074
2371949020,0.5450163,0.19764835,0.25733536
2372756227,0.30237794,0.3972978,0.30032432
2373255633,0.31846833,0.39471093,0.28682077
2373489043,0.3133609,0.37592065,0.31071842
2373623039,0.3320136,0.3298251,0.33816132
2373683578,0.40355438,0.2947878,0.30165783
2373807787,0.289407,0.41783226,0.2927607
2374234736,0.21848983,0.5294649,0.2520453
2374394823,0.46645993,0.25439274,0.2791474
2375014325,0.31126115,0.28466922,0.40406954
2375231394,0.40690368,0.2621908,0.33090547
2375666595,0.36932617,0.3306412,0.30003256
2375678695,0.17947015,0.17947015,0.64105976
2376330895,0.287507,0.45151556,0.26097745
2377136122,0.2676447,0.33522913,0.3971262
2377348343,0.3479494,0.36122006,0.29083055
2377641217,0.33328608,0.37837458,0.28833938
2377850269,0.4447022,0.25264758,0.30265018
2377876619,0.42540538,0.2977472,0.27684736
2378212848,0.27823147,0.32192844,0.39984012
2378364467,0.3620574,0.35419253,0.28375012
2378677533,0.18215993,0.5389786,0.27886152
2379054860,0.30665624,0.41493377,0.27840996
2379703317,0.27845934,0.4309398,0.2906009
2380375771,0.28921607,0.3691494,0.34163457
2381574561,0.32927108,0.3905533,0.2801757
2382032158,0.39110392,0.30431467,0.30458134
2382185909,0.36740637,0.34772944,0.28486425
2382654072,0.369033,0.31633365,0.31463334
2382863523,0.31590557,0.38602734,0.29806706
2382940875,0.32208586,0.37708622,0.30082792
2383513506,0.37413865,0.30802417,0.3178372
2383873244,0.26336575,0.39138353,0.3452507
2384379902,0.41348666,0.3064854,0.28002796
2384671767,0.2831459,0.44961572,0.26723832
2384682745,0.33435816,0.38213336,0.28350845
2384761024,0.29545057,0.423675,0.28087443
2384982339,0.387319,0.30621323,0.30646774
2384992241,0.4215948,0.28586152,0.29254377
2386410756,0.33059502,0.36925584,0.3001491
2386668404,0.36876467,0.3313641,0.2998712
2386929099,0.4162007,0.2850059,0.29879338
2387108998,0.4169564,0.2774464,0.30559725
2387971177,0.32998025,0.3640111,0.30600864
2388415553,0.4170862,0.28971177,0.29320204
2388678054,0.46337914,0.2619285,0.2746924
2388976982,0.2222296,0.29048625,0.48728412
2390308396,0.37753612,0.31981766,0.30264622
2390862443,0.37063462,0.2995305,0.3298349
2391330262,0.3843252,0.30664438,0.30903047
2391373827,0.40387422,0.3213923,0.27473348
2391390362,0.3658817,0.33304965,0.3010686
2391408886,0.30249846,0.4168976,0.28060395
2391478038,0.40635562,0.31943244,0.27421194
2392462593,0.3647982,0.35114688,0.28405488
2393178412,0.3743933,0.3324377,0.29316902
2393393669,0.38469923,0.28256437,0.33273643
2393831142,0.3256417,0.39393732,0.28042096
2394171440,0.36106715,0.33520675,0.3037261
2395849495,0.39899498,0.31424427,0.28676075
2396394771,0.36437863,0.3498869,0.28573447
2397132847,0.2766011,0.37270278,0.3506961
2397981990,0.43501124,0.2844868,0.28050196
2398179995,0.29919744,0.39739805,0.30340454
2398948853,0.32225454,0.37021226,0.30753317
2400249065,0.3542324,0.3574674,0.2883002
2400938469,0.23138717,0.46583048,0.3027824
2401140785,0.35708714,0.34347266,0.2994402
2401388152,0.40802482,0.28838292,0.3035923
2401849134,0.36611348,0.3216812,0.3122053
2403924470,0.36792642,0.32711396,0.30495963
2403936578,0.3930866,0.306384,0.30052936
2404160501,0.38091606,0.3253138,0.29377013
2404181731,0.37762946,0.3450197,0.27735084
2404595899,0.2945133,0.41084582,0.29464087
2404714208,0.38859302,0.3123712,0.2990358
2405018339,0.3453322,0.31472617,0.33994162
2405303438,0.36289972,0.271418,0.36568224
2405390964,0.2930495,0.3892826,0.31766787
2405783378,0.27626824,0.27626824,0.44746348
2406095337,0.32918927,0.38868976,0.28212097
2406417055,0.30399117,0.39829648,0.29771233
2406497761,0.30028343,0.35378724,0.3459293
2406735545,0.3553604,0.37167835,0.27296126
2407166331,0.2816782,0.3362965,0.3820253
2407906294,0.2781585,0.4227606,0.29908085
2408063570,0.29412937,0.39763618,0.30823445
2408496114,0.26762766,0.39678502,0.33558732
2408624818,0.2627366,0.44225597,0.29500744
2408730410,0.33234882,0.33335117,0.33430004
2409177022,0.32004154,0.29640862,0.3835498
2409419165,0.35415727,0.3292377,0.31660503
2409665161,0.37452197,0.32704985,0.29842812
2410841381,0.42990708,0.26657394,0.30351895
2411319262,0.3298474,0.39361072,0.27654195
2411330142,0.3495468,0.36768377,0.28276944
2412001218,0.35501444,0.33924824,0.30573735
2412168388,0.28453362,0.43145585,0.2840106
2412642150,0.36640248,0.34287804,0.29071945
2412917395,0.36562848,0.34601754,0.28835398
2412959373,0.33760524,0.3724628,0.28993195
2413079563,0.37571177,0.33377177,0.2905165
2413281285,0.4974395,0.21989362,0.2826669
2413523513,0.37298793,0.3381838,0.28882825
2414659625,0.3616696,0.2972731,0.3410573
2414772179,0.23565447,0.47028917,0.29405636
2414827503,0.3191547,0.39438337,0.2864619
2414954859,0.31144124,0.3923084,0.29625028
2416363478,0.3356985,0.3453418,0.31895965
2416525355,0.48346615,0.25068712,0.26584676
2417707376,0.4621699,0.25845727,0.27937287
2417871799,0.28390262,0.41565448,0.30044287
2418008970,0.43079108,0.28601426,0.28319466
2418544984,0.39139324,0.33037418,0.27823263
2418634566,0.4009689,0.31343275,0.2855983
2419159371,0.28806472,0.26399925,0.447936
2419195021,0.32154,0.4048736,0.27358636
2419716314,0.2971345,0.30770546,0.39516002
2419955818,0.3424806,0.3822347,0.2752847
2420967852,0.5257262,0.21466018,0.25961366
2421240663,0.44302824,0.2741895,0.28278226
2421586052,0.29879272,0.40073955,0.30046773
2421754705,0.28200012,0.43373474,0.28426513
2422103073,0.35799184,0.34413117,0.29787695
2422240531,0.37376302,0.34306353,0.28317344
2422792364,0.358867,0.33751374,0.3036192
2423486779,0.40097117,0.32412815,0.2749007
2423586354,0.35985324,0.3683385,0.27180827
2424279451,0.3393176,0.3621589,0.29852352
2425259744,0.32665443,0.33646953,0.33687603
2425766485,0.33290762,0.38189703,0.28519532
2425802151,0.36928684,0.2964937,0.33421946
2426008237,0.34968865,0.3609972,0.2893141
2426325419,0.27265096,0.44824708,0.27910197
2426496514,0.29916173,0.3753411,0.3254972
2427304409,0.37638742,0.34456015,0.27905238
2427879676,0.36723065,0.31455627,0.31821308
2427936012,0.37702078,0.32646072,0.2965185
2428068655,0.3261793,0.4046648,0.26915586
2428337168,0.30166033,0.313606,0.38473368
2428936863,0.38920814,0.35083488,0.25995696
2429125415,0.3887807,0.31712234,0.29409698
2429617115,0.3693493,0.3205778,0.31007284
2430186291,0.33943105,0.37651616,0.28405276
2430198866,0.35088795,0.35493952,0.29417259
2430403973,0.36171177,0.3531053,0.2851829
2430432077,0.31644332,0.39742076,0.28613588
2430567866,0.27174884,0.43598983,0.29226133
2430626258,0.25861287,0.4225602,0.3188269
2430759588,0.37407425,0.3274171,0.29850864
2430807942,0.38218963,0.33120865,0.28660172
2431252404,0.3336674,0.38450867,0.28182393
2431289604,0.33179575,0.39151043,0.27669382
2431341625,0.3380643,0.37125957,0.29067618
2431616167,0.41775447,0.28772253,0.29452294
2431782043,0.31130117,0.34864432,0.3400545
2432112541,0.27965534,0.4395907,0.28075403
2432187439,0.30681542,0.41605937,0.27712524
2432245928,0.30982435,0.30369508,0.3864805
2432748148,0.3274278,0.3662143,0.30635786
2432806786,0.22382873,0.51797676,0.25819454
2433242856,0.5292779,0.22372472,0.24699736
2433361590,0.33928734,0.36542416,0.2952885
2433894510,0.3266187,0.39084685,0.28253442
2433904084,0.36002243,0.3433109,0.29666668
2434722483,0.32228407,0.37735444,0.3003615
2434961033,0.45933688,0.25279632,0.28786677
2435734869,0.4162823,0.29142073,0.29229695
2435974741,0.36633497,0.24157396,0.3920911
2436221927,0.33669084,0.33432743,0.32898173
2436515837,0.27206403,0.3856347,0.34230128
2436834646,0.32655084,0.34824747,0.3252017
2436993971,0.29934624,0.38023958,0.3204142
2437107328,0.35924906,0.33209518,0.30865574
2437703317,0.24426821,0.3958901,0.3598417
2437784793,0.3298088,0.3662042,0.30398703
2437998750,0.38417345,0.32163247,0.29419404
2438044041,0.30394167,0.34983456,0.34622374
2438623609,0.4485563,0.2673119,0.28413177
2439547216,0.32600796,0.36880836,0.30518368
2439673505,0.3322226,0.34751976,0.32025763
2439760408,0.35538936,0.30481303,0.33979768
2440448425,0.27559763,0.42797303,0.29642937
2440995161,0.3121201,0.3763448,0.31153512
2441094493,0.3735417,0.29048148,0.3359768
2441413613,0.42840832,0.27121586,0.30037582
2441968149,0.27573913,0.43290603,0.29135478
2442021212,0.365422,0.35220093,0.28237712
2442047779,0.41319835,0.2806864,0.30611527
2442282746,0.35811305,0.3620779,0.27980906
2442489337,0.31098533,0.25983435,0.4291803
2443366857,0.30836964,0.38898838,0.302642
2443704511,0.37792188,0.30527276,0.31680536
2444074745,0.23147988,0.5031418,0.26537833
2444458276,0.41617522,0.2506544,0.3331704
2444497987,0.36394727,0.3472916,0.28876114
2444668937,0.36304194,0.36058137,0.27637672
2444694729,0.2958411,0.28915313,0.41500583
2444821766,0.1996765,0.532494,0.2678295
2445519250,0.31130636,0.40521485,0.28347874
2446144743,0.29843026,0.44417667,0.25739306
2446610938,0.40902478,0.29065055,0.30032468
2447058530,0.55342937,0.20144099,0.24512967
2447158251,0.4309474,0.28216293,0.28688967
2447204930,0.3373395,0.3793751,0.2832854
2447209675,0.4018409,0.27838466,0.31977445
2447432973,0.4113053,0.27711958,0.31157514
2447568370,0.35668516,0.3650614,0.27825344
2447781898,0.31644714,0.39281237,0.29074052
2448300711,0.30803955,0.3090329,0.38292754
2448357631,0.27643824,0.34864342,0.37491834
2448420659,0.2720747,0.35568762,0.37223774
2448947158,0.37031278,0.35063702,0.2790502
2449467011,0.38510668,0.32226163,0.29263166
2450093855,0.42045277,0.28799173,0.29155546
2450458803,0.3504457,0.36226737,0.2872869
2450566040,0.29908633,0.4285619,0.2723518
2451008480,0.28997302,0.41853014,0.29149687
2451083516,0.16287138,0.58345014,0.2536785
2451189102,0.22749916,0.49552616,0.2769747
2451355586,0.37903172,0.3376102,0.2833581
2451457374,0.31842408,0.4060602,0.2755158
2452072426,0.45892042,0.25945204,0.28162754
2452398043,0.40445295,0.30764422,0.28790283
2452557676,0.26125354,0.432273,0.30647343
2453129928,0.28224504,0.42881167,0.28894326
2453418895,0.39939272,0.26969197,0.3309153
2453471601,0.21042565,0.22059374,0.5689806
2453609108,0.35087,0.33834478,0.31078523
2453824972,0.29757324,0.2893755,0.41305125
2454034820,0.31747788,0.38569194,0.29683018
2454401327,0.32262743,0.34446624,0.33290634
2454511476,0.21539411,0.4784277,0.30617815
2454942398,0.3495694,0.3595113,0.2909193
2455468028,0.35887188,0.21523654,0.42589158
2455727232,0.3042268,0.40201944,0.2937538
2455883286,0.5044678,0.22447318,0.2710591
2456392589,0.34963965,0.32619733,0.32416302
2456920510,0.38808376,0.31758922,0.29432702
2457452543,0.25708038,0.43664417,0.30627543
2457671933,0.37503344,0.3463219,0.27864468
2457881414,0.34943813,0.3645535,0.28600836
2458658233,0.29355413,0.4056461,0.3007998
2458660710,0.40824568,0.29591256,0.29584172
2458713035,0.37718514,0.35858458,0.2642303
2458772192,0.3931739,0.32042083,0.28640527
2458886222,0.30062652,0.33331132,0.36606216
2459603675,0.30956715,0.4046833,0.28574955
2459981483,0.41655385,0.26837605,0.31507006
2460900031,0.34375054,0.2889087,0.3673408
2461016018,0.3003499,0.3820929,0.31755725
2461629126,0.49235648,0.23555663,0.27208686
2461883419,0.29074124,0.41999203,0.2892667
2461927407,0.32796884,0.3367027,0.3353285
2462867324,0.35035157,0.32593775,0.32371074
2463737172,0.35494325,0.35097665,0.29408017
2464211407,0.46755046,0.25824833,0.27420127
2464336018,0.3500382,0.3697729,0.28018892
2464592984,0.33994082,0.28273088,0.37732834
2465206890,0.28399357,0.4440143,0.27199215
2465220042,0.41454273,0.30318072,0.2822765
2465490704,0.3824183,0.3315167,0.28606498
2465792856,0.35477263,0.3740903,0.2711371
2465814750,0.27075338,0.4500259,0.27922076
2465966724,0.34240934,0.368446,0.28914464
2466655646,0.32753134,0.2800712,0.39239746
2467071709,0.25155205,0.45718157,0.29126638
2467238490,0.2043821,0.5331624,0.26245546
2467530728,0.27251935,0.4308898,0.29659083
2467588460,0.3130262,0.3940127,0.29296112
2467969604,0.5203643,0.22324422,0.2563915
2468081308,0.33073312,0.35011452,0.31915236
2468170713,0.33538628,0.36731195,0.29730177
2468190018,0.321037,0.30789614,0.37106684
2468405674,0.29961735,0.28221804,0.4181646
2468890453,0.30828357,0.39516264,0.29655376
2469293151,0.3461755,0.3680759,0.28574857
2469305947,0.24265352,0.48686796,0.27047852
2469579126,0.35506448,0.37321797,0.27171758
2469591874,0.49582785,0.22667873,0.27749345
2469725633,0.27604404,0.3915087,0.33244723
2470042662,0.44211265,0.2657494,0.29213798
2470119949,0.3779145,0.33901966,0.28306586
2470177839,0.3264835,0.3919468,0.28156975
2470282796,0.33672756,0.39102122,0.27225122
2470307986,0.3580011,0.33656496,0.30543393
2470596087,0.39308006,0.22128303,0.38563696
2470638612,0.33562523,0.34603202,0.31834275
2470748075,0.24496207,0.39974558,0.35529238
2471004700,0.23963696,0.44574824,0.31461483
2471695127,0.33436877,0.33408833,0.33154285
2471775420,0.3515167,0.3474929,0.3009904
2471942980,0.25141758,0.46015325,0.28842917
2472489880,0.29406932,0.40178663,0.30414408
2472518267,0.4280135,0.2745915,0.297395
2472771406,0.42406648,0.28835765,0.28757593
2472974049,0.223959,0.5163197,0.25972128
2473119347,0.26502725,0.43277147,0.30220127
2473787038,0.29490894,0.40980482,0.29528627
2474139639,0.31055626,0.3785928,0.31085098
2474328540,0.30874434,0.32561773,0.36563796
2475173671,0.4852869,0.24318841,0.27152467
2475708332,0.37899977,0.34115642,0.2798438
2476772123,0.28963923,0.34578824,0.36457247
2476953648,0.32552373,0.35776478,0.3167115
2477369802,0.46381104,0.25954673,0.2766422
2477483875,0.31699932,0.3808754,0.30212522
2478330169,0.2641882,0.40664676,0.32916504
2479226582,0.50384367,0.2240167,0.2721396
2479318589,0.28243655,0.27217388,0.44538957
2479439123,0.23624736,0.23163617,0.5321164
2480075689,0.36677775,0.32633358,0.3068887
2480368495,0.3462011,0.3893516,0.26444727
2480759274,0.41306162,0.29009104,0.29684734
2480820625,0.36086577,0.36407208,0.2750621
2481710606,0.3896101,0.29613483,0.31425512
2481776715,0.3112945,0.35401055,0.33469495
2483794408,0.24416874,0.24416874,0.51166254
2485459494,0.3308584,0.35726917,0.31187242
2485478378,0.37260646,0.33204716,0.29534632
2487974136,0.3510126,0.3673619,0.2816255
2488542393,0.54962546,0.18216085,0.2682137
2488576159,0.3571175,0.37472546,0.268157
2488989957,0.281192,0.43682343,0.28198454
2489288099,0.3531292,0.35271275,0.29415804
2490322800,0.48091882,0.22754633,0.29153484
2490863497,0.377543,0.34686762,0.27558935
2491207133,0.36601517,0.31249052,0.32149434
2492125163,0.33213234,0.37953877,0.28832895
2492178290,0.33359182,0.37097576,0.2954324
2492662884,0.38995892,0.3339017,0.27613938
2492974066,0.343817,0.33824378,0.31793922
2493172424,0.38416296,0.2820952,0.33374184
2493372744,0.496777,0.23384726,0.26937574
2493417559,0.38625246,0.31934583,0.2944017
2493681018,0.46678433,0.2559801,0.27723557
2494279944,0.4518382,0.24964099,0.29852086
2494876971,0.38037932,0.33551154,0.28410915
2494964792,0.4536438,0.24920544,0.29715073
2495010206,0.35712087,0.36616355,0.27671558
2495023974,0.30572903,0.4177196,0.27655137
2495580780,0.20578578,0.5376457,0.2565685
2495610333,0.24677187,0.48236692,0.27086118
2496208941,0.3174526,0.40383822,0.27870923
2496852501,0.44148177,0.25507307,0.30344516
2496941193,0.34942955,0.36861446,0.28195596
2497070280,0.34255016,0.34811628,0.3093335
2497460494,0.48422277,0.24288976,0.27288747
2497468695,0.28788698,0.41117424,0.30093879
2497751063,0.37656444,0.35047364,0.27296194
2497767958,0.3650199,0.35858324,0.27639693
2498126191,0.30321196,0.39398062,0.30280742
2498233657,0.33213383,0.34347248,0.32439375
2498453035,0.30184412,0.39073864,0.30741727
2498761687,0.40973938,0.32211828,0.26814234
2499919306,0.2837211,0.40544832,0.31083065
2500384015,0.27854115,0.4053225,0.31613636
2500718548,0.40195698,0.260751,0.33729202
2501102898,0.34733692,0.36141455,0.29124856
2502126281,0.22749712,0.46163768,0.31086525
2502696673,0.29163337,0.4335004,0.27486622
2502999916,0.5042465,0.23321211,0.26254138
2504083793,0.39960107,0.30343705,0.29696184
2504392365,0.4216385,0.28767383,0.29068768
2504436321,0.3610483,0.3059773,0.33297434
2504561965,0.36328906,0.3434485,0.29326242
2504871027,0.41486967,0.2942313,0.290899
2505481397,0.28985503,0.35340893,0.35673606
2505871181,0.30203682,0.26455867,0.43340456
2506122550,0.2929002,0.40569937,0.30140042
2506574965,0.33352348,0.29934335,0.36713314
2506916593,0.3147611,0.2951488,0.39009014
2507580210,0.40299776,0.2881554,0.30884683
2507673643,0.33398968,0.33840394,0.32760638
2508372196,0.365498,0.33889088,0.29561108
2508537719,0.3742478,0.32639387,0.29935837
2509369154,0.3250288,0.3663023,0.3086689
2510292036,0.37270674,0.3370179,0.2902754
2510553282,0.28758997,0.4377463,0.27466375
2511092656,0.36903685,0.3530214,0.2779417
2511311346,0.44243774,0.2570514,0.30051085
2511439517,0.4400438,0.28096595,0.27899024
2511532572,0.2938065,0.3657199,0.3404736
2511641171,0.32837448,0.37853998,0.29308552
2512132305,0.282434,0.3413368,0.37622926
2512417438,0.46185595,0.24170944,0.2964346
2512472692,0.29791683,0.33499914,0.36708403
2512615931,0.51370454,0.22340818,0.2628873
2512657202,0.34428707,0.37270218,0.28301075
2512830155,0.2527669,0.35028213,0.39695096
2512914559,0.3403014,0.3471021,0.31259653
2513069424,0.33991724,0.3816843,0.27839845
2513236214,0.4220258,0.27560312,0.30237108
2514118807,0.38795942,0.32472932,0.28731126
2514363484,0.3591302,0.332786,0.3080838
2514504678,0.28993812,0.4011862,0.30887568
2514638751,0.29245263,0.4210351,0.28651226
2514794811,0.2877092,0.36623716,0.34605366
2515091963,0.32255495,0.33241016,0.34503484
2515341591,0.29387045,0.4202913,0.2858383
2515544167,0.36810213,0.35658544,0.27531242
2515669796,0.285097,0.4190736,0.29582942
2517272002,0.3076476,0.3991794,0.29317302
2517366980,0.38201717,0.32913348,0.28884935
2517451398,0.32861242,0.39248538,0.27890223
2517612196,0.37348253,0.3242107,0.3023067
2517627810,0.2801103,0.3754596,0.3444301
2518464884,0.43557763,0.27278155,0.29164085
2518697961,0.32879937,0.3495403,0.32166034
2518809253,0.36685145,0.2832089,0.34993967
2519288905,0.35866326,0.367335,0.27400172
2520074729,0.37384656,0.33773464,0.28841883
2520326886,0.36929017,0.34700447,0.28370532
2521021826,0.4297092,0.28062433,0.28966647
2521725093,0.4593485,0.26665705,0.27399445
2523112917,0.26364303,0.46631837,0.27003866
2523477586,0.349195,0.34026903,0.31053597
2523524195,0.2362021,0.47373262,0.2900653
2523592578,0.32300258,0.38143438,0.29556304
2523611816,0.25823087,0.23960072,0.5021684
2524217705,0.32258528,0.36919847,0.30821618
2524408048,0.36685547,0.3438638,0.28928077
2524454714,0.35708582,0.32544944,0.3174647
2524882044,0.27543584,0.4274348,0.29712933
2524934324,0.4477502,0.25406554,0.29818425
2524956962,0.30383354,0.37332445,0.322842
2525486711,0.4049278,0.3098421,0.2852301
2525501102,0.4752677,0.25798267,0.26674968
2526077724,0.28404024,0.2824304,0.43352935
2526203863,0.37831104,0.31969598,0.301993
2526849270,0.28298032,0.43701643,0.28000322
2527331808,0.28009146,0.39699903,0.32290947
2527603336,0.34560236,0.3699112,0.28448647
2527797831,0.26652673,0.37030417,0.36316907
2527880106,0.31549546,0.33356804,0.35093653
2528235943,0.36387223,0.33425766,0.30187005
2528806748,0.35105526,0.28813106,0.36081362
2529065148,0.40072137,0.30509883,0.29417977
2529217095,0.16888663,0.5678332,0.2632802
2529390630,0.45660686,0.27661,0.26678318
2529705424,0.29085383,0.42463088,0.28451526
2530239452,0.34056932,0.34441406,0.31501663
2530267480,0.4230785,0.27820376,0.29871777
2530571652,0.37432957,0.31774747,0.30792296
2530686271,0.393389,0.31797576,0.2886352
2531056885,0.38643712,0.34437335,0.26918954
2531201386,0.3402546,0.3229084,0.336837
2531238679,0.36698386,0.3322448,0.30077133
2531917315,0.3888694,0.288315,0.32281557
2532083520,0.29216307,0.42729092,0.28054598
2532226348,0.3606605,0.3521753,0.28716418
2532600282,0.35743153,0.34547585,0.29709256
2532887023,0.3176845,0.39012712,0.2921884
2533349449,0.4270109,0.24640475,0.32658437
2533379659,0.29142237,0.2929445,0.4156331
2533398421,0.3359699,0.38963062,0.27439946
2533606834,0.3574062,0.3663661,0.2762277
2533671634,0.27131754,0.45102692,0.27765557
2534562341,0.50092196,0.24191907,0.257159
2534759797,0.28662235,0.39879006,0.3145876
2534780681,0.36335468,0.34571695,0.29092836
2535359913,0.28605565,0.34342313,0.3705212
2536090702,0.40291512,0.27546602,0.32161883
2536163506,0.3544951,0.27253315,0.37297177
2536552812,0.33108878,0.33656308,0.3323481
2537627621,0.41628134,0.27619165,0.30752698
2537964234,0.34480375,0.32288796,0.3323083
2538206956,0.39780128,0.27342415,0.3287746
2539024396,0.41665894,0.29833847,0.28500262
2539745227,0.32723233,0.3844496,0.28831807
2539966737,0.3693529,0.3377455,0.29290158
2540336691,0.30049402,0.41607726,0.2834288
2540588007,0.28411454,0.33200938,0.38387614
2541894458,0.3466058,0.34222406,0.31117013
2542379515,0.32651335,0.38964984,0.2838368
2542474454,0.33971813,0.33971813,0.32056373
2543876793,0.4095204,0.30051163,0.28996795
2544636024,0.35336524,0.32547376,0.32116097
2544755588,0.28547397,0.40244138,0.31208462
2544872838,0.35403377,0.3370858,0.3088804
2545385705,0.27610737,0.3756565,0.34823614
2545610661,0.37909895,0.32409757,0.2968035
2546874277,0.37801966,0.32913822,0.29284212
2547778419,0.3378812,0.36795443,0.2941643
2548083658,0.3877701,0.3179625,0.29426742
2548581543,0.33557212,0.33288878,0.3315391
2549046710,0.30879474,0.37293938,0.3182659
2549369550,0.30341452,0.32164487,0.37494063
2549582305,0.34262794,0.35094053,0.30643153
2549735995,0.35489887,0.34152606,0.30357504
2550229052,0.3322727,0.36083978,0.30688748
2550472559,0.26344985,0.46501532,0.27153477
2551001579,0.2996362,0.29359847,0.40676534
2551240501,0.37944335,0.32826823,0.29228836
2552928229,0.24470934,0.48638767,0.26890302
2553257540,0.20229232,0.5344846,0.26322308
2553719036,0.26638663,0.46397322,0.26964015
2553802827,0.38742426,0.3364088,0.27616695
2554061210,0.33140075,0.35906443,0.30953485
2554400146,0.27400643,0.38274485,0.34324867
2554874025,0.36209473,0.31800872,0.31989655
2555325947,0.23660025,0.46822172,0.295178
2555636348,0.32022762,0.39829254,0.28147978
2555775197,0.3874914,0.3394388,0.27306977
2556072908,0.3407347,0.36593872,0.29332656
2556436239,0.35266557,0.34836102,0.29897344
2556450717,0.2756583,0.41625792,0.30808377
2556565231,0.42958114,0.2748294,0.29558957
2556642620,0.27292413,0.43554837,0.2915275
2556920032,0.32852733,0.38447478,0.2869979
2557301104,0.2648877,0.39822897,0.3368833
2557338624,0.39378285,0.30990225,0.29631484
2557740500,0.25897127,0.37908328,0.36194542
2557974138,0.31323987,0.3822556,0.3045045
2558121315,0.2667933,0.4495752,0.28363147
2558423442,0.31663656,0.37079898,0.3125645
2559108447,0.44878215,0.24710038,0.30411744
2559400590,0.37328044,0.32292086,0.30379874
2561087050,0.3683479,0.35037148,0.28128058
2561133650,0.29992634,0.37874597,0.3213277
2561552090,0.41311347,0.2934169,0.29346967
2561818642,0.40993434,0.27436388,0.31570178
2562036017,0.30530626,0.29412603,0.4005677
2562574375,0.30074662,0.38562983,0.31362355
2563012885,0.3138059,0.30041584,0.38577825
2563987132,0.37025273,0.30920285,0.32054442
2564019412,0.31807292,0.37342307,0.308504
2564086996,0.45275688,0.2601174,0.28712577
2564119629,0.34566137,0.37292933,0.2814093
2564273742,0.28111446,0.42564622,0.2932394
2564856045,0.32207698,0.3478905,0.33003253
2565884287,0.26138195,0.44405735,0.29456073
2565968934,0.2734599,0.45857066,0.26796943
2566230853,0.23202887,0.48608023,0.28189087
2566379970,0.29183373,0.3992133,0.308953
2566433277,0.3444553,0.33975774,0.31578693
2566647668,0.3768984,0.3277908,0.29531085
2566707734,0.34657893,0.35750318,0.29591787
2566761654,0.4488063,0.25992522,0.2912685
2567123158,0.31179887,0.39697772,0.29122347
2567235842,0.27352226,0.44182074,0.28465703
2567935459,0.2255581,0.49910653,0.2753354
2568043737,0.38426638,0.30921125,0.30652237
2568184198,0.20531224,0.5135482,0.28113964
2568778935,0.31017882,0.32488027,0.36494088
2568983817,0.49107522,0.21300247,0.29592228
2569323393,0.35088825,0.36528212,0.28382957
2569668506,0.29768133,0.3265239,0.37579477
2569934360,0.35014945,0.3809949,0.2688557
2570348395,0.42700773,0.23680976,0.33618253
2570521324,0.37293375,0.2898968,0.33716944
2570827944,0.30273896,0.37708268,0.32017836
2570989261,0.38811886,0.3257413,0.28613982
2571010448,0.29772756,0.40227675,0.2999957
2571039743,0.30436927,0.27093565,0.42469507
2571054258,0.3778354,0.32431293,0.29785162
2571215086,0.34357294,0.35320628,0.3032208
2571257997,0.29876694,0.4128938,0.28833926
2571507315,0.41409338,0.3022758,0.2836308
2571758532,0.41950268,0.2738821,0.3066153
2572028806,0.34593704,0.35715473,0.29690826
2572094248,0.3128273,0.32244253,0.36473012
2572771455,0.25930166,0.3899116,0.3507867
2573077211,0.3975156,0.31431055,0.2881739
2573674096,0.57338035,0.17576876,0.25085086
2573951046,0.3588118,0.35723823,0.28394997
2574093650,0.36930025,0.33543116,0.2952686
2574535356,0.49900964,0.23593909,0.26505128
2574801605,0.2802351,0.42908394,0.290681
2575293652,0.33841494,0.36023498,0.30135012
2575568547,0.43828583,0.26201165,0.29970253
2576615080,0.20112345,0.54228365,0.25659296
2576720866,0.28408307,0.41535684,0.30056006
2576834936,0.431135,0.26660493,0.30226004
2578017480,0.27164865,0.4437757,0.28457555
2578050231,0.34087622,0.36226872,0.29685506
2578973768,0.2573843,0.4505455,0.29207018
2579928047,0.40345424,0.29982436,0.2967214
2580582213,0.34531862,0.33886808,0.3158133
2580602883,0.2474807,0.490074,0.2624453
2580761437,0.3061771,0.40813074,0.28569216
2580971983,0.32376814,0.32815725,0.34807467
2581593185,0.24637738,0.47463268,0.27898997
2582290857,0.30989748,0.3726411,0.3174615
2582594509,0.4042828,0.3204631,0.27525413
2582798362,0.43674242,0.2867689,0.27648866
2582837528,0.3232139,0.3513949,0.32539117
2582999789,0.35509336,0.31690562,0.32800105
2583045447,0.36834678,0.3269496,0.3047036
2583285536,0.35179275,0.35988206,0.2883252
2583487988,0.3501568,0.38307926,0.26676393
2583808297,0.42503446,0.29988486,0.27508068
2584542106,0.34894505,0.33879864,0.31225628
2584719288,0.38050088,0.3398505,0.27964866
2584761902,0.34943563,0.34815255,0.30241182
2584862376,0.3303648,0.38243186,0.28720337
2585054606,0.29088554,0.41406396,0.2950505
2585429922,0.29342845,0.4132082,0.29336333
2585648510,0.39062047,0.3075322,0.3018474
2585805226,0.32323033,0.39831474,0.27845493
2586355212,0.4312262,0.2816847,0.28708908
2587808407,0.28742516,0.3979169,0.31465793
2588305194,0.43314034,0.2745854,0.2922743
2588502745,0.2674476,0.28094193,0.4516105
2589015863,0.4025895,0.30228573,0.29512477
2589323167,0.4032851,0.31115356,0.28556138
2589811980,0.27143037,0.4476142,0.28095543
2590087594,0.29503772,0.4191602,0.28580213
2590974056,0.35558972,0.31239438,0.33201593
2591193336,0.31802285,0.3862059,0.29577124
2591403764,0.5193254,0.22199771,0.2586769
2591644924,0.37759212,0.2783633,0.3440446
2592121848,0.41758305,0.29423463,0.28818232
2592734188,0.31908885,0.31544203,0.36546913
2593086553,0.46839035,0.25613648,0.27547318
2593094754,0.34213823,0.29559058,0.3622712
2593753482,0.37551457,0.33239752,0.29208797
2593852974,0.42117983,0.2900353,0.2887848
2594134551,0.2523491,0.32497656,0.4226743
2594222710,0.23494858,0.49356586,0.27148563
2594706143,0.24035138,0.3598174,0.39983124
2594726433,0.3653366,0.32100573,0.3136577
2595153086,0.30510327,0.40180558,0.29309112
2595319192,0.3327423,0.3662172,0.30104053
2595503808,0.54194224,0.18881364,0.2692441
2595853721,0.29604012,0.4054738,0.2984861
2595972295,0.3321048,0.38085324,0.28704196
2596061350,0.3173024,0.3008092,0.38188836
2596347042,0.28587013,0.4054293,0.30870056
2597189802,0.43742466,0.2680409,0.2945344
2597764849,0.21919933,0.52911824,0.2516824
2597881937,0.3877858,0.29190093,0.32031327
2597934654,0.33181146,0.37823117,0.2899574
2598110821,0.26107496,0.36519843,0.37372658
2598230187,0.35574278,0.3456658,0.29859138
2598279392,0.3187847,0.37461862,0.30659664
2599346419,0.43375677,0.2745127,0.2917305
2599352368,0.40571994,0.3297104,0.26456967
2599992608,0.33615655,0.3836986,0.28014487
2600864658,0.33508348,0.32213873,0.3427778
2601638768,0.3697244,0.35467324,0.2756024
2601845218,0.27711743,0.3237021,0.39918047
2602039914,0.39054745,0.2789476,0.33050495
2602066044,0.259442,0.45118737,0.28937063
2602429483,0.43747872,0.28478402,0.2777373
2602431378,0.42614347,0.28280646,0.29105014
2602704975,0.36313802,0.33313885,0.30372316
2603433194,0.4627825,0.26097465,0.27624282
2603803629,0.41756403,0.27369845,0.30873752
2604429089,0.25179935,0.47861743,0.26958314
2605911828,0.32594585,0.27979362,0.39426053
2606303827,0.41232547,0.28846565,0.29920888
2606728078,0.35098332,0.33210063,0.31691605
2606888198,0.36236286,0.32068008,0.316957
2607055986,0.36499417,0.31339276,0.32161307
2607873188,0.33134565,0.33915418,0.32950014
2607888141,0.3120552,0.40380716,0.2841376
2608141997,0.36010146,0.23705223,0.4028463
2608352781,0.3561445,0.35904133,0.28481418
2608415841,0.37515122,0.32703042,0.29781833
2608535673,0.4458238,0.22108757,0.3330886
2608609958,0.50710607,0.22469899,0.2681949
2608648188,0.28215206,0.27906728,0.43878064
2608995777,0.22472829,0.5040537,0.27121803
2609001297,0.30827352,0.3900504,0.30167606
2609048349,0.19048294,0.5425966,0.26692045
2609416849,0.26912752,0.42732352,0.30354893
2609874119,0.4238211,0.28968126,0.28649768
2610700572,0.3541934,0.36667642,0.27913016
2611068508,0.2892909,0.42526764,0.28544146
2611895081,0.36412874,0.3201872,0.31568405
2612150223,0.35774684,0.358087,0.28416616
2612756380,0.2703073,0.47210413,0.25758854
2612979481,0.32536933,0.38902742,0.28560328
2613208513,0.37459645,0.277234,0.34816957
2613891102,0.32782266,0.41591468,0.2562627
2614337905,0.3833494,0.33181676,0.28483385
2615973671,0.29043293,0.40366852,0.30589855
2616199518,0.38826755,0.3314471,0.28028542
2616886634,0.26858175,0.4413764,0.29004192
2617090861,0.24027753,0.5012161,0.25850636
2617253124,0.37186986,0.32080725,0.30732292
2617756200,0.27330434,0.27330434,0.4533913
2617798404,0.2803048,0.30609506,0.41360015
2617818504,0.31284633,0.3630271,0.32412654
2617895974,0.3481301,0.36372137,0.28814852
2618024144,0.3947851,0.32576963,0.27944523
2618119711,0.3298759,0.3838935,0.2862306
2619458467,0.2951494,0.28203544,0.42281514
2619481326,0.44450855,0.25848836,0.29700315
2619962365,0.32260433,0.3766651,0.3007306
2620977004,0.3291851,0.33774048,0.3330744
2621572296,0.35356817,0.35853523,0.28789657
2621828002,0.3588559,0.37375897,0.26738515
2621836487,0.36914015,0.3509593,0.27990055
2621893458,0.40640152,0.32280552,0.27079302
2622217029,0.44849885,0.24388438,0.30761677
2622282220,0.3367022,0.33349478,0.329803
2622740530,0.33187044,0.3683109,0.2998187
2622857528,0.36553603,0.33185762,0.30260628
2622921180,0.29421467,0.3261157,0.3796696
2623248017,0.41234562,0.30468,0.28297442
2623612810,0.3117879,0.39172265,0.29648945
2623950929,0.32686746,0.37761623,0.2955163
2624830842,0.40293318,0.30531177,0.29175508
2624936581,0.4329765,0.2898546,0.27716887
2627779921,0.33313897,0.39190203,0.274959
2628003473,0.3153877,0.40408576,0.28052655
2628613398,0.3947451,0.2987308,0.3065241
2628967643,0.3189096,0.39847356,0.28261688
2629341501,0.4939049,0.2354163,0.2706788
2629428022,0.29813206,0.35919088,0.34267706
2629681970,0.39375213,0.30334085,0.30290705
2629696096,0.4916241,0.236038,0.2723379
2629723689,0.3252282,0.37988088,0.29489094
2630820815,0.36202678,0.3037848,0.33418846
2630970152,0.35448238,0.37900522,0.26651245
2631883040,0.25728276,0.45683703,0.28588027
2632064731,0.2784957,0.28740752,0.43409678
2632072416,0.2855568,0.41985908,0.29458416
2633440745,0.38402173,0.34491473,0.27106348
2633746211,0.2963876,0.42521158,0.27840084
2633901613,0.3366981,0.27575564,0.38754627
2634392700,0.3572272,0.33030364,0.31246912
2634440461,0.38585714,0.31499612,0.29914674
2634799403,0.36392683,0.32293385,0.31313938
2634977401,0.32377863,0.20734803,0.46887338
2635027724,0.35766256,0.29754645,0.344791
2635309103,0.35269356,0.35964453,0.28766188
2635379509,0.40521723,0.29081142,0.3039714
2635496029,0.3922018,0.30578226,0.30201593
2635635384,0.2679369,0.45030177,0.28176132
2635875000,0.24547863,0.46529502,0.28922635
2636068965,0.44063175,0.2701309,0.2892373
2636395090,0.38103214,0.33018714,0.2887807
2638033757,0.23468894,0.49372274,0.27158833
2638432372,0.30250448,0.40428638,0.29320917
2638685387,0.3720668,0.3627585,0.26517472
2638726111,0.35210383,0.37552664,0.27236956
2639354745,0.302836,0.4129619,0.28420207
2639867292,0.5019083,0.2189837,0.27910805
2640243361,0.3811633,0.32113916,0.29769754
2640389885,0.2564333,0.4700445,0.2735222
2640755610,0.35056216,0.35813415,0.29130375
2641624401,0.2779769,0.27040344,0.45161968
2642011920,0.38100934,0.22786146,0.39112917
2642158926,0.26982045,0.4146079,0.3155716
2642571972,0.3360886,0.37736902,0.2865424
2642677217,0.32397813,0.38637584,0.28964603
2642986580,0.44185263,0.26657358,0.29157382
2643113459,0.2250651,0.4985329,0.276402
2643276500,0.30338943,0.4031932,0.2934173
2644243063,0.38235247,0.3130862,0.30456132
2644764592,0.32072645,0.39620572,0.28306782
2644861445,0.41526815,0.28526247,0.29946935
2644963929,0.3521059,0.34466976,0.30322438
2645197780,0.30478024,0.31530607,0.37991366
2646632718,0.45874554,0.26204258,0.2792119
2646826750,0.37048167,0.32405615,0.30546218
2646896377,0.3528999,0.36810797,0.27899212
2647100346,0.37804002,0.3457094,0.27625054
2647450560,0.27992797,0.39404538,0.32602668
2647987455,0.343836,0.3467198,0.3094442
2648576746,0.37572128,0.28687721,0.33740154
2648901215,0.33880138,0.35606325,0.3051353
2649330271,0.36498457,0.35744178,0.27757367
2650349351,0.4713736,0.22678429,0.30184215
2650897506,0.38263196,0.33124197,0.28612608
2650952821,0.44758338,0.26708704,0.28532964
2651103187,0.43524024,0.26196814,0.30279166
2651203910,0.25425643,0.44572228,0.3000213
2651257164,0.31218857,0.39699733,0.2908141
2651647015,0.24381183,0.4757274,0.28046077
2652104271,0.34148788,0.3683449,0.29016724
2652710124,0.3242637,0.38999575,0.28574055
2652799790,0.3189336,0.39429834,0.28676805
2652908037,0.35465753,0.3440079,0.30133462
2653226885,0.30302387,0.32370585,0.37327027
2653414665,0.38263398,0.3215507,0.2958153
2653607257,0.24468789,0.34885803,0.40645412
2654501657,0.31757304,0.37901437,0.3034126
2654904133,0.37941897,0.3329202,0.2876609
2655077283,0.21090737,0.5144197,0.27467299
2655827681,0.35491127,0.3282218,0.31686687
2656210749,0.33706754,0.369878,0.2930544
2657053037,0.5269675,0.20859069,0.2644418
2657584956,0.39913192,0.30233768,0.29853037
2657678836,0.40063515,0.28702062,0.31234425
2658983741,0.4181232,0.28417903,0.29769775
2659504036,0.2882213,0.41875464,0.29302406
2661107082,0.2898606,0.4016404,0.308499
2661393260,0.4227525,0.27928412,0.29796338
2661480980,0.37343043,0.31578228,0.31078726
2662129718,0.35475153,0.28459734,0.36065114
2662252662,0.37760586,0.33598563,0.28640854
2662265300,0.32018718,0.31170046,0.3681124
2662488090,0.35141796,0.3389596,0.30962244
2662847150,0.4003691,0.28149533,0.31813556
2663572265,0.3541696,0.32913473,0.31669563
2664162178,0.27801058,0.44725168,0.27473778
2664750251,0.35465384,0.3516674,0.29367876
2664910327,0.39992023,0.29839373,0.30168602
2665450916,0.3021723,0.38803166,0.30979607
2665472656,0.3630367,0.33756554,0.29939777
2666069335,0.28079718,0.4037062,0.31549662
2666134370,0.323205,0.40407777,0.27271724
2666339653,0.33216298,0.3625996,0.30523744
2666390099,0.42963606,0.2677908,0.30257314
2666686179,0.33873492,0.36866826,0.29259682
2666778854,0.29028437,0.41965497,0.29006067
2667508985,0.3364461,0.3558824,0.30767146
2668358741,0.17054388,0.58429706,0.24515909
2668484946,0.33755344,0.34086603,0.32158047
2668650461,0.21357454,0.5047829,0.28164256
2668877030,0.2784795,0.43460155,0.28691894
2669445059,0.38069528,0.32821447,0.29109022
2669930085,0.41520888,0.31353465,0.27125654
2669962988,0.3633774,0.3496428,0.28697973
2670766855,0.2683889,0.39644596,0.3351651
2670893679,0.31904912,0.28015062,0.4008003
2671496667,0.34469444,0.3258962,0.32940936
2671595889,0.24376336,0.44562185,0.31061476
2672342011,0.14894265,0.14894265,0.7021147
2672368276,0.34996432,0.35652,0.29351568
2672615984,0.32802743,0.3496455,0.32232708
2672885410,0.40703025,0.25384542,0.33912432
2673866549,0.2641759,0.368361,0.36746314
2674392516,0.28047228,0.38782865,0.33169907
2674807619,0.38613772,0.31966782,0.29419443
2674816424,0.37145084,0.3424874,0.28606182
2675049769,0.43615988,0.2576854,0.3061548
2675379826,0.2058593,0.46965235,0.32448834
2675480778,0.4759859,0.23259237,0.2914217
2676134237,0.4430421,0.27743563,0.27952224
2676167923,0.37147006,0.33452502,0.29400492
2676334503,0.24985808,0.43624908,0.3138928
2677011922,0.37072495,0.32672486,0.30255017
2677844288,0.24676572,0.48185322,0.27138108
2677909284,0.18038446,0.5798042,0.23981139
2678216391,0.2518661,0.4658137,0.2823202
2678500577,0.39272392,0.20275772,0.40451837
2678612407,0.45186448,0.2678464,0.2802891
2678725365,0.33961582,0.34683308,0.31355107
2679962858,0.29123163,0.4450168,0.2637516
2680472424,0.3364815,0.3639001,0.29961836
2680948461,0.3149647,0.36429763,0.32073766
2681441511,0.36421454,0.3332136,0.3025719
2682330164,0.2944195,0.43074363,0.27483687
2682844079,0.2981873,0.26555866,0.43625402
2683340662,0.32234067,0.3774605,0.3001988
2683926022,0.5049869,0.22093125,0.27408195
2683936592,0.2657394,0.46336752,0.2708931
2684724272,0.22539079,0.50989026,0.26471895
2684867316,0.32829732,0.30228788,0.36941478
2685180242,0.3090467,0.39151514,0.29943815
2686114681,0.43467337,0.26921254,0.29611412
2686128981,0.30471835,0.40843493,0.28684673
2686642955,0.3639019,0.32060486,0.31549323
2686759658,0.28654915,0.37506074,0.33839005
2687304956,0.35304344,0.34913248,0.29782405
2687333181,0.34726685,0.33349562,0.31923753
2687359433,0.4971818,0.2162011,0.28661707
2687574757,0.35147065,0.31339616,0.3351332
2688330130,0.33194083,0.370233,0.2978262
2690914878,0.2955234,0.41400737,0.29046923
2690922537,0.46644896,0.24777108,0.28577995
2690995749,0.3321841,0.37758473,0.29023117
2692669486,0.35446447,0.35817873,0.28735676
2692848299,0.2046507,0.3709009,0.42444843
2693376890,0.3381978,0.30190402,0.35989818
2693552564,0.28383416,0.39516407,0.3210018
2693693916,0.376858,0.32833332,0.2948087
2694213371,0.30573922,0.30794817,0.38631263
2694437500,0.2917272,0.3514563,0.35681647
2694477619,0.37203974,0.29823807,0.32972223
2695478636,0.3274683,0.3673017,0.30523002
2696789568,0.40389878,0.25144196,0.3446592
2697942771,0.39370728,0.30962694,0.2966658
2699761810,0.34163755,0.291551,0.36681145
2700017812,0.32116458,0.39950442,0.27933103
2700135547,0.39574367,0.2760124,0.32824394
2700975081,0.32519448,0.365389,0.3094165
2701246063,0.21544085,0.50539243,0.27916673
2701654752,0.27229637,0.43920726,0.28849638
2702185230,0.50973684,0.22862554,0.26163766
2702234935,0.4304805,0.251183,0.31833655
2702504080,0.36201856,0.2784816,0.35949987
2703530876,0.34234375,0.35590094,0.3017553
2703781385,0.2777431,0.42497838,0.29727852
2703877418,0.41969,0.28431973,0.2959903
2704737495,0.27623814,0.43979734,0.28396457
2704846034,0.39757097,0.3100816,0.29234743
2705198884,0.23189303,0.26221186,0.5058951
2705328844,0.36226884,0.3489498,0.28878137
2705741579,0.34516808,0.3593412,0.29549068
2705821389,0.35424876,0.35817522,0.28757602
2706292703,0.44611716,0.28342742,0.27045542
2706321160,0.3456002,0.35883528,0.29556447
2706400748,0.30506465,0.38388938,0.311046
2707073425,0.2817299,0.24566123,0.47260886
2707254833,0.37314242,0.33174044,0.29511714
2707664180,0.29598224,0.40503636,0.29898143
2707849630,0.44036376,0.26219058,0.2974456
2707980323,0.33857107,0.32941103,0.3320179
2708013421,0.365688,0.34015143,0.29416057
2708933044,0.32396203,0.40463293,0.27140504
2709069268,0.31138706,0.36404347,0.32456946
2710155416,0.328606,0.3573137,0.31408027
2710482080,0.33443063,0.3648548,0.30071452
2710613300,0.18514511,0.55820465,0.25665015
2711066616,0.3541109,0.35123312,0.29465598
2711216727,0.31832725,0.39541993,0.2862528
2711282766,0.38103396,0.30587864,0.3130874
2712182566,0.2503714,0.30167863,0.44794998
2712744950,0.18709058,0.5569274,0.25598204
2713575292,0.33780658,0.33061767,0.33157575
2713680330,0.3379894,0.36558264,0.296428
2713827048,0.33761406,0.36639842,0.29598752
2714022550,0.3322693,0.3054954,0.36223525
2714127952,0.23465177,0.49829203,0.26705617
2714642802,0.31729555,0.3787865,0.30391794
2714742796,0.3738762,0.33745402,0.28866974
2714790055,0.28607032,0.4300856,0.2838441
2715228831,0.31334656,0.40199414,0.2846593
2715420547,0.44043463,0.26530862,0.29425678
2716058961,0.29771253,0.31442994,0.38785756
2716162331,0.25398707,0.46283713,0.28317583
2716725342,0.4925952,0.21277276,0.29463208
2716744120,0.39564854,0.27681443,0.32753703
2717626700,0.35506684,0.37047905,0.27445412
2717921085,0.37947896,0.3347115,0.28580958
2718023528,0.25002766,0.47319263,0.2767797
2718162660,0.38013184,0.24644554,0.37342262
2718286919,0.25862864,0.4498634,0.29150796
2718289975,0.3112129,0.3850513,0.30373585
2718637009,0.28406858,0.42502588,0.29090548
2719420096,0.3278979,0.35277736,0.31932476
2719435582,0.30564272,0.30208987,0.39226744
2719726957,0.26807743,0.43666434,0.29525822
2720130337,0.43264252,0.27970278,0.2876547
2720379139,0.5574509,0.18904257,0.2535065
2720504046,0.38014892,0.33065224,0.28919882
2721158228,0.55075824,0.19227853,0.25696316
2721207957,0.5011854,0.24019232,0.25862232
2721522965,0.2828537,0.3693282,0.3478181
2721733356,0.35240513,0.33948973,0.30810514
2722812133,0.37521273,0.2815848,0.3432024
2723062279,0.37963617,0.32950878,0.29085505
2723697820,0.25752002,0.36007905,0.38240093
2723714271,0.36172265,0.32471642,0.3135609
2723890219,0.3822185,0.30859357,0.309188
2724090607,0.4029545,0.31580913,0.28123638
2724572869,0.28085822,0.385814,0.33332777
2724775035,0.3129511,0.37961632,0.3074326
2725493801,0.46930578,0.24437933,0.2863149
2725573137,0.26367348,0.45693505,0.27939147
2725709667,0.4887846,0.22812209,0.28309327
2725796544,0.31130204,0.40410715,0.28459078
2726252555,0.25455028,0.35653535,0.3889144
2727166939,0.3295858,0.36786726,0.30254692
2727956232,0.25331324,0.40310466,0.3435821
2728068647,0.40238333,0.30034667,0.29726994
2728647949,0.3510517,0.3541546,0.29479373
2728862762,0.4503833,0.27599087,0.27362585
2728881717,0.35352343,0.3503688,0.29610777
2728909100,0.3332435,0.4040297,0.26272684
2728931315,0.22228393,0.5079251,0.269791
2729209698,0.43547893,0.24624765,0.3182734
2730084196,0.36121893,0.34222984,0.29655126
2730393018,0.36056197,0.2600676,0.37937045
2730588217,0.45353493,0.2650307,0.28143436
2731356564,0.37811136,0.32533884,0.29654977
2731602574,0.44927317,0.2778275,0.27289936
2731865870,0.30757827,0.38102734,0.31139433
2731992446,0.354953,0.3061099,0.33893713
2732058171,0.41939646,0.2956966,0.28490698
2732379633,0.48633075,0.23922478,0.27444446
2733107849,0.23604771,0.4952315,0.26872075
2734329574,0.26754078,0.45572084,0.27673835
2734598424,0.28856784,0.41499516,0.29643703
2734641236,0.36548603,0.33157974,0.3029343
2734925182,0.30339313,0.4031248,0.29348212
2735414637,0.40351957,0.29538852,0.30109194
2736188469,0.25243264,0.4311375,0.31642985
2736885169,0.30117267,0.38769937,0.31112796
2736894157,0.30034548,0.2965208,0.40313375
2736921080,0.1944521,0.5246263,0.28092158
2737232807,0.46291637,0.2626662,0.2744174
2737635645,0.29196864,0.41332912,0.29470223
2739780223,0.36395139,0.33579844,0.30025014
2739955735,0.3327346,0.35383934,0.31342608
2740659120,0.3430767,0.27961147,0.37731183
2740957851,0.2558729,0.46853566,0.27559146
2741103551,0.29511786,0.42007476,0.2848074
2741215371,0.32282048,0.38384748,0.2933321
2741241990,0.32793498,0.32280332,0.3492617
2741728095,0.25544548,0.2413336,0.5032209
2741866300,0.3096277,0.35938177,0.33099055
2742924145,0.37797412,0.34055072,0.28147513
2743593824,0.30931735,0.37745452,0.31322813
2743974999,0.39994937,0.297841,0.30220962
2744250595,0.24677281,0.46135142,0.29187578
2745390556,0.33009133,0.34322998,0.3266787
2745462603,0.3336679,0.3778421,0.28849
2745527641,0.27493867,0.43631178,0.28874952
2745951671,0.3569507,0.3240906,0.31895873
2746534792,0.28024435,0.43794745,0.2818082
2746667690,0.38364947,0.2727952,0.34355533
2746824011,0.44735703,0.24273959,0.30990338
2747563094,0.32296175,0.35154238,0.3254959
2748368162,0.4068808,0.30311254,0.29000664
2749182844,0.38270745,0.30446747,0.31282508
2749420160,0.39113015,0.31275475,0.2961151
2749825048,0.30856335,0.39829773,0.29313898
2749839990,0.31655252,0.3381621,0.34528542
2749929225,0.23593995,0.47889394,0.28516608
2750813415,0.20762858,0.5127979,0.27957356
2751123149,0.22967231,0.5133983,0.2569294
2751315653,0.22307603,0.46757466,0.3093493
2751348587,0.30131525,0.4190517,0.27963307
2751416705,0.34072137,0.36024976,0.29902884
2751635032,0.38877636,0.30989274,0.30133086
2752207920,0.3040225,0.3839669,0.31201062
2753346926,0.33265832,0.34796554,0.31937617
2753526163,0.29642516,0.4079102,0.29566467
2753534867,0.3100125,0.31653756,0.37344992
2753714405,0.29685342,0.37317532,0.32997125
2753725083,0.3003087,0.41282773,0.28686354
2753768528,0.24907398,0.32207632,0.4288497
2754005966,0.21441367,0.52507645,0.26050985
2754931297,0.32417947,0.391199,0.28462154
2755112385,0.27273744,0.4165291,0.31073344
2755247207,0.388796,0.32253912,0.28866488
2755304273,0.23773451,0.46945357,0.29281187
2755377523,0.25450808,0.45566705,0.2898249
2756597162,0.45999515,0.24275711,0.29724777
2756673974,0.28767797,0.39639378,0.31592822
2756716266,0.22048464,0.5145092,0.26500615
2756784802,0.37300527,0.30617934,0.32081532
2757124837,0.36777058,0.33501107,0.29721832
2757190820,0.3282979,0.37574804,0.29595402
2757435768,0.35232326,0.38322526,0.2644515
2757600754,0.2202208,0.22779536,0.55198383
2758529185,0.23595339,0.4888488,0.27519777
2758696734,0.33055276,0.36960962,0.29983765
2759793150,0.41985625,0.2870674,0.29307634
2759870317,0.30599168,0.26788473,0.42612356
2759926673,0.20971464,0.53591037,0.25437495
2760219462,0.3958846,0.32059875,0.28351665
2760529844,0.28812438,0.37362114,0.3382545
2760992138,0.30391797,0.2880246,0.40805742
2761300684,0.3055397,0.40920255,0.28525776
2762173547,0.32121855,0.32485762,0.35392383
2762401645,0.50270367,0.22790584,0.26939052
2763028169,0.28216514,0.3786345,0.33920032
2763636528,0.29628253,0.40475953,0.298958
2764021959,0.3270297,0.39342287,0.2795474
2764263485,0.36300424,0.3592484,0.2777474
2764278004,0.34186167,0.35930675,0.2988316
2764504636,0.46013847,0.24559765,0.2942639
2764612994,0.24482194,0.48292607,0.27225202
2765103228,0.3096248,0.39952636,0.29084885
2766168632,0.30493402,0.4010027,0.29406333
2766339586,0.31012,0.39422315,0.29565686
2766968692,0.37192425,0.345513,0.2825628
2767042503,0.40009347,0.27516878,0.3247378
2767264540,0.28187072,0.26710156,0.4510277
2769088569,0.4335307,0.26122132,0.30524802
2770813912,0.44962865,0.2736373,0.27673405
2770814325,0.22372349,0.5117773,0.26449922
2771180417,0.29869348,0.34450707,0.35679948
2771259701,0.46396703,0.25112146,0.2849115
2771373282,0.21706599,0.20707385,0.57586014
2771381309,0.3430497,0.37522757,0.28172272
2771449166,0.31794304,0.31985366,0.36220327
2771615169,0.22704801,0.5026169,0.27033514
2771890367,0.3325073,0.3403443,0.32714838
2772153318,0.34612566,0.32678005,0.32709426
2772581618,0.3744075,0.3407802,0.2848123
2773132203,0.5043783,0.23211999,0.26350173
2773154274,0.38247728,0.3011655,0.3163572
2773420012,0.52497345,0.2124396,0.26258692
2773628404,0.34741247,0.3569011,0.29568648
2774241860,0.4411195,0.287812,0.2710685
2775679427,0.38836753,0.3685903,0.24304222
2776109837,0.30094248,0.41005486,0.28900266
2776778299,0.33052504,0.3471732,0.3223018
2776945684,0.25389314,0.4741524,0.27195442
2777207840,0.35217074,0.36573344,0.28209588
2777317098,0.40673822,0.2993883,0.2938735
2778002131,0.37472892,0.3254747,0.2997964
2778253253,0.18810745,0.55797297,0.25391957
2778646456,0.49724698,0.23337549,0.26937753
2778713977,0.37215465,0.3305553,0.2972901
2778959003,0.26592812,0.4599408,0.27413112
2779130886,0.32436565,0.41684863,0.25878572
2779393190,0.30139118,0.37476408,0.32384473
2779508183,0.2474562,0.45416355,0.29838026
2780068290,0.30126005,0.39204806,0.30669183
2780326017,0.31059366,0.3752488,0.3141575
2781200254,0.27982324,0.3616706,0.35850608
2781311376,0.4265131,0.28742236,0.28606457
2781821215,0.5585984,0.17560408,0.26579753
2783192710,0.41073245,0.28175187,0.3075157
2784000806,0.34554303,0.36561686,0.2888401
2784333446,0.38513446,0.301995,0.3128705
2784465461,0.3166406,0.39115837,0.29220107
2785630003,0.25448835,0.4424945,0.3030172
2785952577,0.33995038,0.32334554,0.3367041
2786303931,0.36755666,0.3329695,0.29947382
2786693365,0.34632945,0.3665366,0.287134
2786800215,0.25895196,0.45469847,0.2863496
2787635297,0.26993847,0.42143404,0.30862752
2787646127,0.43991053,0.28547794,0.27461156
2787790533,0.43501645,0.27656114,0.28842235
2788172325,0.28207827,0.3580317,0.35989007
2788847259,0.42623997,0.2746051,0.2991549
2789396693,0.39288056,0.32733694,0.27978247
2789978964,0.287485,0.3658499,0.3466651
2790242798,0.37558353,0.37240487,0.25201163
2790435881,0.34885216,0.31765687,0.33349103
2790755472,0.35195708,0.2549531,0.39308977
2790853470,0.42540216,0.29711053,0.27748728
2791387744,0.38488552,0.31006858,0.3050459
2791416222,0.35765967,0.3364547,0.3058857
2792024976,0.23114291,0.47479564,0.2940615
2792078474,0.3879751,0.32243457,0.28959036
2792555497,0.35137063,0.35557985,0.2930495
2793211603,0.27945656,0.43231934,0.2882241
2793242896,0.31356952,0.3804875,0.30594298
2794708942,0.3596341,0.35174614,0.28861976
2795126419,0.40007374,0.3146309,0.28529534
2795320378,0.40214756,0.3070277,0.29082477
2795688029,0.33739406,0.3755462,0.28705972
2796926471,0.33531436,0.32412237,0.34056324
2797073575,0.32499892,0.39021257,0.2847885
2797223203,0.40679497,0.2798736,0.31333137
2798293291,0.25522324,0.37174416,0.37303257
2799078195,0.4198317,0.28789866,0.2922697
2799199657,0.27363667,0.4404317,0.28593156
2799544266,0.38300377,0.32464013,0.2923561
2800239334,0.2843424,0.42437533,0.2912823
2800330269,0.2968223,0.4226548,0.28052288
2800634345,0.38803607,0.3448769,0.26708707
2802998739,0.45159394,0.25800022,0.29040587
2803032973,0.35421684,0.3659707,0.27981246
2803059866,0.27114913,0.37095094,0.35789996
2803170535,0.34893173,0.35297793,0.29809034
2803234785,0.30103332,0.4084565,0.29051012
2803435874,0.26507786,0.42036325,0.3145589
2804243435,0.3191446,0.33117473,0.3496807
2804396007,0.31821322,0.32215095,0.35963577
2804535775,0.42099324,0.297542,0.28146476
2804778603,0.51619697,0.21726234,0.26654077
2805079799,0.27899528,0.38796136,0.3330434
2805094259,0.36191237,0.3300977,0.3079899
2805385670,0.37438947,0.3383618,0.28724867
2805403363,0.38712454,0.31610632,0.29676914
2805575230,0.36014906,0.3284102,0.3114407
2805619957,0.3563726,0.3462033,0.29742414
2805679734,0.34410423,0.3491477,0.30674803
2805777351,0.35993856,0.33782703,0.3022344
2806144810,0.33968326,0.36324662,0.2970701
2806161176,0.28724915,0.37932777,0.33342308
2807405489,0.2737008,0.44657207,0.2797271
2807635913,0.2929873,0.36047378,0.3465389
2807688160,0.3490172,0.35848784,0.2924949
2808883199,0.24757838,0.4416818,0.31073985
2808927023,0.330581,0.3642376,0.3051814
2809039997,0.28540665,0.4292323,0.2853611
2809350427,0.3393274,0.35254878,0.30812383
2809467975,0.36181372,0.34219646,0.29598987
2809770127,0.44055247,0.26646426,0.2929833
2809813883,0.5894114,0.15487391,0.25571477
2809840561,0.36244768,0.3600298,0.2775225
2809861578,0.27082008,0.34551376,0.38366616
2810385599,0.33818215,0.35723627,0.30458158
2811743750,0.2877537,0.44419774,0.26804858
2811758924,0.5680755,0.1867629,0.2451616
2812145239,0.34432513,0.37483096,0.2808439
2812146448,0.30588052,0.42184514,0.27227437
2812774151,0.3906952,0.30323935,0.3060654
2813058116,0.26406974,0.42011732,0.31581295
2813925833,0.34798485,0.35506085,0.29695427
2814396157,0.31065336,0.40121675,0.28812987
2814468842,0.284684,0.43277,0.28254592
2814752190,0.32910344,0.38538495,0.28551155
2814892168,0.42711252,0.26072705,0.31216037
2815103786,0.39731497,0.29809344,0.3045916
2815876878,0.41878182,0.28900686,0.29221132
2816463400,0.40323588,0.31303746,0.2837267
2816483935,0.3245249,0.39265043,0.28282472
2816509802,0.28405264,0.39470696,0.32124043
2816633360,0.31336057,0.3260392,0.3606002
2817050671,0.445131,0.26509947,0.2897696
2817290321,0.29197222,0.40585405,0.30217373
2817432065,0.43827415,0.2668735,0.29485232
2817620105,0.4834757,0.24373105,0.27279323
2817652318,0.32736012,0.3635399,0.30909997
2817880590,0.2975378,0.25098538,0.45147678
2817903895,0.3238582,0.3826291,0.2935127
2818295728,0.2838765,0.4529924,0.26313108
2818664369,0.31641448,0.3138009,0.3697846
2818833637,0.3134752,0.34907526,0.33744958
2819066147,0.36097872,0.3269552,0.31206608
2820082238,0.38410258,0.32536352,0.2905339
2820392319,0.2447534,0.46020946,0.2950371
2820671762,0.25208986,0.27823025,0.4696799
2821310563,0.3106997,0.35762,0.3316803
2821382044,0.40647122,0.29973352,0.2937953
2822721417,0.3644606,0.31558684,0.31995255
2822863556,0.28878897,0.41830057,0.29291046
2823067067,0.36525518,0.2927954,0.3419494
2823428184,0.28913888,0.27922627,0.43163484
2823553577,0.47956148,0.24615285,0.27428567
2823558795,0.31985265,0.34396914,0.3361782
2824049260,0.30846792,0.29406846,0.39746365
2824394469,0.2645961,0.2694333,0.46597058
2824404254,0.35080272,0.27629519,0.3729021
2824768312,0.32716,0.37745824,0.29538178
2825340484,0.35050538,0.35720664,0.29228795
2825490815,0.33729887,0.3600717,0.30262947
2825655607,0.3114667,0.31184575,0.3766876
2825955695,0.368536,0.32262924,0.3088348
2826004812,0.25922868,0.251538,0.48923326
2826079559,0.33486718,0.3655756,0.2995572
2826142569,0.25301194,0.4706421,0.27634603
2827150900,0.3563539,0.34617886,0.29746723
2827398860,0.46086755,0.25123942,0.28789306
2827587516,0.27476054,0.22213495,0.5031045
2827775402,0.39434573,0.3267504,0.27890384
2827878326,0.2959268,0.3995965,0.30447665
2828369376,0.4008832,0.29942125,0.29969558
2828751327,0.3278277,0.37527156,0.29690072
2829164316,0.40963483,0.29318422,0.29718095
2829701372,0.33097446,0.2849791,0.3840465
2831290183,0.3662095,0.35876864,0.27502185
2831395128,0.28970033,0.36501968,0.34527996
2832186289,0.25051934,0.45142472,0.29805598
2832858443,0.34034014,0.36533615,0.29432374
2833387397,0.30949014,0.40760368,0.28290617
2833765683,0.3275836,0.36478746,0.30762887
2834061002,0.37406948,0.32699612,0.2989344
2834064621,0.51002157,0.22954163,0.26043683
2834754050,0.34634757,0.33445254,0.31919992
2834793060,0.3547407,0.34589702,0.29936233
2834794782,0.36326814,0.2996595,0.3370723
2835640764,0.25502637,0.44603303,0.29894057
2836095321,0.3958308,0.2678911,0.33627808
2836371217,0.38457975,0.32201523,0.29340503
2836577732,0.26503968,0.47338268,0.26157764
2837840934,0.39259824,0.32290506,0.28449667
2838231383,0.32791558,0.35994118,0.3121432
2838460255,0.38133153,0.33533764,0.28333083
2839278622,0.31767625,0.39709318,0.28523052
2839840273,0.26361603,0.45187423,0.28450978
2840080051,0.34209484,0.37280035,0.2851048
2841324356,0.2293941,0.2293941,0.5412118
2842017661,0.36661106,0.35644925,0.2769397
2842136305,0.3916037,0.32036027,0.28803605
2842154104,0.2704667,0.43325675,0.29627657
2842441506,0.29522675,0.3229336,0.38183963
2842657578,0.3337081,0.25579625,0.41049564
2842691985,0.42671484,0.27096033,0.3023248
2843583011,0.3416229,0.3790301,0.279347
2843631700,0.36308324,0.34565678,0.29125994
2843784232,0.43438184,0.28817487,0.27744335
2844626206,0.28421026,0.39921382,0.31657594
2846246533,0.39561698,0.3149479,0.2894351
2846914287,0.3635189,0.34260935,0.29387176
2847064284,0.29547608,0.29547608,0.40904778
2847381835,0.2967598,0.39993647,0.30330372
2847730349,0.36735705,0.32142586,0.31121713
2848213239,0.2300869,0.28359318,0.4863199
2848416370,0.27605915,0.43326944,0.2906714
2848783119,0.45633563,0.2550223,0.28864208
2849005549,0.48303795,0.24693555,0.2700265
2850438319,0.34147456,0.3174141,0.34111136
2851103942,0.32586688,0.39621103,0.2779221
2851894235,0.36955082,0.32851365,0.3019355
2851985500,0.3328893,0.3783787,0.288732
2852115275,0.3334646,0.3444455,0.3220899
2852722193,0.31000662,0.35759535,0.33239803
2852733359,0.38444915,0.32765973,0.2878911
2853353246,0.33527935,0.34849048,0.31623012
2854290863,0.4153682,0.27458003,0.3100518
2854362530,0.4400058,0.27330518,0.28668898
2855242136,0.32266468,0.3846485,0.29268676
2855370238,0.27589083,0.39962444,0.3244847
2856863316,0.2694143,0.45143652,0.2791492
2857409042,0.29219526,0.41413638,0.2936684
2858234291,0.24083465,0.48131293,0.27785242
2858386456,0.48864567,0.24096575,0.27038854
2858718275,0.35049018,0.35464418,0.2948656
2859359425,0.3674454,0.27412206,0.35843253
2859524252,0.3108517,0.36432654,0.32482177
2859623587,0.2440723,0.25321385,0.50271386
2859651764,0.30274665,0.3608946,0.33635876
2859962860,0.29245618,0.40927067,0.29827315
2861218922,0.25061265,0.49475962,0.25462773
2861328535,0.2605227,0.31022438,0.42925298
2861379309,0.50507945,0.20776057,0.28715998
2862292070,0.4456824,0.2741539,0.2801637
2862525906,0.38354284,0.31942534,0.29703188
2862551520,0.4440199,0.27755678,0.27842337
2864065334,0.3348015,0.3778248,0.28737372
2865339945,0.26860756,0.38641888,0.3449735
2865724375,0.3603801,0.33063003,0.30898988
2866073172,0.35167658,0.2713449,0.37697852
2866211930,0.37145388,0.2948052,0.3337409
2866250187,0.39756632,0.32109264,0.28134108
2866305078,0.34508497,0.3871513,0.26776373
2868528031,0.32525533,0.36476582,0.3099789
2868951493,0.40769604,0.30652723,0.28577673
2869494117,0.29574782,0.42532963,0.27892256
2869838446,0.27949443,0.30107164,0.41943392
2870393259,0.27937555,0.35038033,0.3702441
2870413416,0.4854101,0.23768175,0.27690816
2870616858,0.34149605,0.29447174,0.3640322
2870631181,0.33253205,0.35860664,0.30886137
2870693566,0.3090493,0.3951674,0.2957833
2871042933,0.30264235,0.42573896,0.27161872
2871363581,0.25173956,0.45821506,0.29004538
2871375313,0.38990468,0.26459506,0.3455003
2871847175,0.35875064,0.31871986,0.32252946
2871887394,0.35556757,0.31720382,0.3272286
2872094130,0.20897305,0.5219208,0.26910615
2872159432,0.37794006,0.30557024,0.3164897
2872360446,0.35132417,0.3492549,0.2994209
2872610676,0.35604423,0.33451226,0.3094435
2872853308,0.34949616,0.37364063,0.2768632
2874532534,0.32986954,0.35358137,0.31654912
2874696715,0.35967192,0.334243,0.3060851
2875101326,0.3105046,0.30300158,0.3864938
2875779732,0.30162096,0.284997,0.41338202
2876549151,0.27592254,0.4139133,0.31016418
2876601925,0.27386552,0.42899448,0.29714003
2876888697,0.37584156,0.32765597,0.2965025
2877027748,0.38184234,0.31650457,0.3016531
2877694709,0.31023315,0.3940851,0.2956818
2878563788,0.34866446,0.36785153,0.28348404
2879188531,0.32127762,0.33447742,0.344245
2880489315,0.41899085,0.29468137,0.28632775
2880726120,0.33183736,0.3687476,0.29941505
2880844070,0.36783022,0.3323363,0.29983348
2881108296,0.35164788,0.3316359,0.31671622
2881538229,0.3964947,0.30908185,0.29442352
2882249696,0.40243828,0.29598314,0.30157858
2882369097,0.34795055,0.288229,0.3638205
2882804645,0.19593564,0.19593564,0.6081287
2883848090,0.27419466,0.44418284,0.28162244
2884190408,0.44071168,0.26773036,0.29155797
2884683490,0.38609716,0.311823,0.3020798
2884907082,0.30086464,0.4270804,0.27205497
2885594417,0.30803075,0.39132372,0.30064553
2885801828,0.34920365,0.34095657,0.3098398
2886021248,0.30260763,0.3768969,0.3204955
2886381771,0.31958017,0.3956547,0.28476512
2887762530,0.3891133,0.3371391,0.27374756
2887838027,0.37512523,0.32080698,0.3040678
2888187358,0.3231851,0.39338565,0.2834293
2888282747,0.30756664,0.37768972,0.31474364
2888592332,0.4090728,0.30983168,0.2810955
2889569546,0.3405154,0.3613615,0.2981231
2890079351,0.33223987,0.34479487,0.32296526
2890094824,0.3156938,0.32777375,0.35653242
2890163462,0.29360205,0.31270325,0.3936947
2890494674,0.35309088,0.34262854,0.30428055
2891377218,0.2720641,0.37372792,0.354208
2891642659,0.32425064,0.29294834,0.38280106
2892283778,0.29595995,0.42419368,0.2798463
2892498124,0.25067997,0.2857908,0.4635292
2893618881,0.33277497,0.3781719,0.28905314
2894074712,0.43320367,0.28985745,0.2769389
2894133650,0.34004456,0.34353152,0.31642395
2894220969,0.393714,0.29258907,0.3136969
2894812106,0.27345192,0.27345192,0.45309606
2894855686,0.40853116,0.3061781,0.28529078
2895783239,0.29880643,0.41257152,0.28862202
2896267586,0.2110736,0.53424424,0.25468218
2897016304,0.31532925,0.3707871,0.31388366
2897860859,0.23116902,0.49472615,0.27410483
2898028521,0.26120657,0.4650967,0.27369672
2898127291,0.36896873,0.29401264,0.33701864
2898498916,0.38479722,0.31528187,0.29992092
2898667822,0.33463103,0.38423878,0.2811302
2898754250,0.39446962,0.30627173,0.29925862
2898979678,0.20179352,0.53618824,0.26201823
2899799867,0.46782404,0.24505076,0.28712517
2900295010,0.4168607,0.29051435,0.292625
2901113179,0.30283433,0.3581822,0.3389835
2901559074,0.46647757,0.25472805,0.2787944
2901774444,0.330093,0.3337217,0.33618534
2902343638,0.36343265,0.36283362,0.27373374
2902520468,0.30202663,0.3596301,0.33834326
2902770888,0.44210866,0.25050345,0.3073879
2903408427,0.37981814,0.340943,0.27923885
2903534900,0.35768956,0.35873178,0.2835787
2904015990,0.33426392,0.31821513,0.34752095
2904105681,0.35702765,0.3309725,0.31199986
2904138986,0.36999846,0.33694822,0.29305327
2904931604,0.19473258,0.20328346,0.601984
2904940035,0.39843863,0.3303249,0.2712365
2905024860,0.29524267,0.40769744,0.29705992
2905360923,0.37441045,0.33886492,0.2867247
2905377249,0.30780607,0.39771456,0.2944793
2905462605,0.46575382,0.24977979,0.2844664
2905988126,0.33407378,0.31131035,0.3546159
2906494588,0.3673097,0.35107756,0.28161275
2906604755,0.26394343,0.26394343,0.47211313
2908305514,0.2953682,0.3972732,0.30735862
2908888488,0.30618376,0.40028757,0.29352868
2908933313,0.2825591,0.41107664,0.30636424
2909153744,0.34435868,0.3477066,0.30793476
2909474515,0.3645962,0.27946043,0.35594338
2910723263,0.2973982,0.40271592,0.2998859
2911123037,0.27838075,0.33017653,0.39144272
2911621969,0.38397002,0.32839695,0.28763303
2911877073,0.3200832,0.30641595,0.37350085
2912009485,0.37643036,0.33894998,0.28461963
2912015016,0.27387488,0.29471928,0.43140584
2912784922,0.41242868,0.2798245,0.3077469
2912884861,0.22031868,0.5111703,0.268511
2913006932,0.3587653,0.34859115,0.2926436
2913540976,0.31739303,0.39251843,0.29008856
2913654161,0.41460282,0.29636437,0.28903282
2914099937,0.37723464,0.32403624,0.29872915
2914204499,0.32582593,0.35623193,0.31794217
2915225023,0.3273468,0.35342807,0.31922513
2915562490,0.40863496,0.3072076,0.2841574
2916245186,0.30765796,0.3912412,0.30110088
2916763720,0.4258203,0.2760535,0.2981262
2916923980,0.35786122,0.32362986,0.31850895
2917566896,0.400859,0.29399443,0.30514657
2917794714,0.34326014,0.32287714,0.33386272
2918187920,0.39690638,0.30359852,0.29949513
2918309889,0.2899356,0.4211023,0.28896213
2918970126,0.37171662,0.32371584,0.30456758
2919184321,0.23128249,0.22868583,0.5400317
2920712981,0.38519257,0.3259012,0.28890622
2920869359,0.33939844,0.35737443,0.3032271
2921731625,0.41868347,0.282647,0.29866952
2921943125,0.35237437,0.3696282,0.27799746
2921990726,0.359103,0.29778242,0.34311458
2922109087,0.33159605,0.37118486,0.29721907
2922633363,0.37899703,0.32416168,0.29684126
2922704676,0.5091193,0.22933805,0.26154268
2922777772,0.39062423,0.33811012,0.27126563
2924260562,0.34349304,0.361539,0.29496795
2924334777,0.36414966,0.35786852,0.27798176
2924417779,0.31748188,0.3679374,0.31458074
2924893592,0.25427797,0.48339254,0.26232946
2925088295,0.31260502,0.29216975,0.3952252
2925091139,0.47111017,0.24990204,0.27898782
2925436873,0.23807314,0.479753,0.28217387
2925714657,0.29832578,0.29162258,0.4100517
2925833047,0.42815882,0.2725032,0.29933792
2925848424,0.21772057,0.49954474,0.28273466
2925917851,0.40424195,0.30124873,0.2945093
2926019716,0.3621527,0.34594148,0.29190582
2926801714,0.36702043,0.33459932,0.2983802
2926937595,0.42925715,0.3032047,0.26753822
2926958393,0.36496097,0.33672935,0.29830968
2927644719,0.3133406,0.30841118,0.3782482
2928981411,0.32684442,0.34820962,0.32494596
2929123195,0.35900977,0.3487234,0.29226685
2929491265,0.3685888,0.309685,0.32172614
2929837567,0.28146148,0.39522076,0.32331777
2930512189,0.3761927,0.3034796,0.3203277
2931423018,0.19445314,0.5286071,0.2769398
2931496266,0.33837798,0.33282456,0.3287974
2933175188,0.35405225,0.3525574,0.29339033
2933538002,0.34156257,0.35161668,0.30682075
2933745274,0.34738863,0.3571239,0.29548743
2934358428,0.34173495,0.32667768,0.33158737
2934804039,0.4457315,0.25924325,0.2950253
2935653962,0.4362147,0.2814376,0.2823477
2936297509,0.35377997,0.34905243,0.2971676
2936555363,0.31717706,0.39765894,0.28516397
2936783161,0.33923042,0.36115727,0.29961228
2936831378,0.36590827,0.3503935,0.28369823
2936858232,0.35830402,0.34878886,0.29290712
2936907583,0.42415714,0.2915088,0.28433412
2936930476,0.403076,0.2942397,0.30268437
2937318351,0.33307856,0.38177812,0.28514332
2937445913,0.28267652,0.42180604,0.29551744
2937799219,0.38631943,0.3101303,0.30355027
2938052543,0.35968912,0.33567744,0.3046334
2939269082,0.3725723,0.33061802,0.29680967
2939388327,0.32083637,0.38137865,0.29778498
2939450035,0.33472234,0.34916347,0.31611422
2939457083,0.29233718,0.38712588,0.32053694
2939462402,0.3670979,0.2505287,0.38237342
2939519902,0.3528384,0.3624958,0.28466582
2939582159,0.32215402,0.31735098,0.36049503
2939701736,0.43782094,0.25925276,0.3029263
2939763561,0.30619264,0.4054758,0.2883316
2940007914,0.41101325,0.28898305,0.3000037
2940056819,0.35256088,0.35752344,0.28991568
2940279021,0.41914317,0.28961793,0.2912389
2940420251,0.4803593,0.21348387,0.30615687
2940851760,0.39820608,0.29249573,0.3092982
2941101281,0.32023755,0.4048931,0.27486932
2941250115,0.40235418,0.29218224,0.3054636
2941296319,0.2787321,0.423627,0.2976409
2941426946,0.26704118,0.44039643,0.2925624
2941429181,0.35591596,0.34488612,0.29919788
2941686384,0.29077384,0.4090811,0.30014506
2942019181,0.33755428,0.3461905,0.31625518
2942089011,0.3705627,0.35490626,0.274531
2942355202,0.28510737,0.41294658,0.30194598
2942701228,0.34161413,0.38381678,0.2745691
2943139478,0.26986152,0.390651,0.33948755
2943896698,0.38709098,0.3235477,0.2893613
2945001916,0.3085023,0.3209661,0.37053162
2945331702,0.27463096,0.44263625,0.28273273
2945763328,0.33537737,0.38252398,0.28209865
2946125549,0.3646198,0.34905416,0.28632602
2946646616,0.27957875,0.4177122,0.30270904
2946766120,0.43282184,0.24656832,0.32060984
2947549128,0.38305026,0.32389176,0.29305798
2947803007,0.31934586,0.39061892,0.29003522
2948228493,0.28063267,0.40471685,0.31465048
2948468163,0.28752577,0.41053826,0.30193597
2948955956,0.25666904,0.24965325,0.49367768
2949364649,0.371378,0.36185423,0.2667678
2949467866,0.40521592,0.28262568,0.31215847
2950173317,0.36363333,0.3690325,0.26733416
2950723246,0.40120023,0.2908669,0.30793285
2950741121,0.28170383,0.42083508,0.29746112
2951128766,0.2879892,0.30610847,0.40590233
2951592512,0.39811555,0.31566942,0.286215
2951709096,0.31310123,0.40555835,0.28134048
2951829189,0.34173742,0.36766806,0.29059452
2952032084,0.28154874,0.43240523,0.2860461
2952394971,0.3415019,0.36505228,0.29344583
2952477813,0.35399026,0.3618372,0.28417253
2952492182,0.32570475,0.35711136,0.3171839
2952897270,0.4175379,0.28129378,0.30116835
2953628172,0.28258738,0.37523848,0.34217414
2953785634,0.36701965,0.31887594,0.31410438
2953946256,0.30533606,0.4017789,0.29288507
2954064081,0.30615473,0.36101267,0.33283257
2954306426,0.16701178,0.16701178,0.6659764
2954364895,0.3634564,0.33942348,0.29712015
2955763989,0.20110884,0.56087744,0.23801368
2958820056,0.61686206,0.14253685,0.24060106
2959341412,0.4566847,0.23695737,0.30635792
2960866929,0.40391797,0.30590683,0.2901752
2961402376,0.35245097,0.34013498,0.30741408
2961512398,0.31840682,0.37581486,0.30577826
2962028821,0.4220531,0.2761716,0.3017753
2962106615,0.35740805,0.32396013,0.3186319
2962673754,0.3402489,0.34970832,0.31004277
2962835750,0.31539455,0.38857597,0.2960295
2963194190,0.43981013,0.2703421,0.2898477
2963430035,0.22119018,0.4673094,0.31150043
2963625502,0.3507812,0.3441665,0.3050523
2963876834,0.48501116,0.25017878,0.2648101
2963951776,0.3118329,0.32048184,0.36768532
2964416493,0.3880847,0.29912898,0.31278637
2964960933,0.3010833,0.41110596,0.28781074
2966207841,0.3398035,0.34672657,0.31346998
2967883707,0.39582884,0.30301732,0.3011538
2968393875,0.31555098,0.3205585,0.36389056
2968403084,0.43783224,0.29641536,0.26575243
2968792081,0.52027416,0.20217502,0.2775508
2968838327,0.3515473,0.36391276,0.28453994
2969388291,0.33646834,0.35055712,0.3129745
2969547578,0.2400032,0.47740012,0.28259668
2969650158,0.43975276,0.25039515,0.30985212
2969960669,0.44950533,0.25073963,0.299755
2970746192,0.3174587,0.25683793,0.42570335
2970807200,0.33175588,0.380471,0.28777307
2970861380,0.3682056,0.3184331,0.31336135
2971085788,0.3589508,0.3554504,0.2855988
2971406735,0.2783054,0.43513507,0.28655958
2972402684,0.3877101,0.31076616,0.30152375
2972781156,0.34963483,0.35164642,0.29871878
2972783772,0.30674553,0.40161943,0.2916351
2972945353,0.3583199,0.3429342,0.29874593
2973345333,0.22351943,0.49505424,0.28142634
2973693197,0.29575014,0.42569545,0.27855444
2973836195,0.3956381,0.31049484,0.29386705
2974059007,0.29304042,0.41221654,0.29474297
2974064631,0.28877145,0.27091593,0.44031262
2974358037,0.41551173,0.28954855,0.2949397
2974388099,0.30920458,0.41071266,0.2800827
2974560835,0.47890246,0.24645777,0.2746398
2974583708,0.2575539,0.23527676,0.50716937
2974661002,0.35700357,0.33604538,0.306951
2974770254,0.33510387,0.35078394,0.3141122
2975228955,0.28914523,0.3262735,0.38458127
2976977441,0.33992225,0.27644378,0.3836339
2977426181,0.38124114,0.31436217,0.3043967
2978577876,0.31706825,0.2907071,0.3922246
2978808448,0.39490533,0.31574225,0.28935242
2979130087,0.23542961,0.37114266,0.39342773
2979499817,0.25480813,0.46709946,0.27809244
2979854448,0.37472516,0.2853397,0.33993512
2979964428,0.32033545,0.3160054,0.36365914
2980452396,0.3587444,0.34894532,0.2923103
2980508547,0.32184654,0.4008153,0.2773381
2980643862,0.31640476,0.40096462,0.28263062
2980726796,0.3380698,0.34338173,0.3185485
2980993870,0.34833077,0.3840286,0.26764062
2982049823,0.32643652,0.35795018,0.31561327
2982121620,0.24898587,0.46171576,0.28929836
2982126224,0.34273794,0.3667826,0.29047942
2982937676,0.37033522,0.29655105,0.33311367
2983074876,0.34013993,0.3800441,0.27981597
2983076417,0.4613905,0.25041524,0.2881942
2983474940,0.33953997,0.36282462,0.29763544
2983704495,0.2939479,0.4028496,0.3032025
2984325781,0.41935727,0.28591698,0.2947257
2984502857,0.3188369,0.37511155,0.30605158
2985141475,0.33500826,0.36250514,0.3024866
2985205569,0.3588441,0.36084718,0.28030878
2985779709,0.28330544,0.3378677,0.37882686
2985965233,0.3806234,0.31742346,0.3019531
2985978683,0.32463044,0.38925552,0.28611404
2986026561,0.43409163,0.27564013,0.29026818
2986059033,0.35355908,0.34157795,0.30486298
2986360546,0.36758807,0.3243928,0.30801916
2986558050,0.2741704,0.3803019,0.34552774
2987564556,0.41539693,0.29446802,0.29013503
2987849252,0.3449334,0.36627787,0.28878874
2988821944,0.2769734,0.22835766,0.49466896
2988900727,0.32458887,0.38238955,0.29302162
2988918851,0.27958125,0.43549675,0.284922
2989448739,0.34711623,0.3418709,0.31101286
2990154073,0.40705407,0.29257196,0.30037403
2990272224,0.31764817,0.3505308,0.33182102
2990306620,0.323129,0.3990094,0.2778616
2990785786,0.40081888,0.2800718,0.31910926
2990848240,0.3693263,0.32841516,0.30225855
2991366599,0.36683187,0.3645495,0.26861867
2992143926,0.40580726,0.29100072,0.30319202
2992737410,0.33293486,0.3498828,0.31718233
2993465606,0.3221358,0.39045215,0.28741208
2993629400,0.26282567,0.43468493,0.3024894
2993686823,0.38361928,0.32151014,0.2948706
2993841982,0.50720584,0.23247889,0.2603153
2994032790,0.2663148,0.40918922,0.32449603
2994133796,0.36179408,0.358976,0.27922988
2994570959,0.2713669,0.4444093,0.2842238
2994824401,0.30615455,0.2920124,0.40183306
2994832745,0.407529,0.2958753,0.2965957
2995564529,0.30457625,0.36128706,0.33413666
2996257587,0.36050868,0.34854412,0.2909472
2996687371,0.3384047,0.36163205,0.2999633
2997002337,0.3485011,0.34966257,0.30183637
2997785061,0.36537075,0.3573107,0.27731854
2998730144,0.28790167,0.3954177,0.31668067
2999091578,0.35974127,0.35852924,0.2817295
2999099378,0.23866288,0.48058385,0.28075328
2999228297,0.26899832,0.39651918,0.3344825
2999270358,0.3493805,0.34823954,0.30238
2999294809,0.37001228,0.33708996,0.29289773
2999433879,0.26807982,0.26807982,0.46384037
2999496681,0.3149705,0.2522335,0.432796
2999646223,0.2652852,0.4502874,0.28442743
3001372484,0.27090156,0.40902376,0.32007474
3001632276,0.27915776,0.35770375,0.3631385
3003291429,0.45262337,0.26344174,0.2839349
3003704683,0.32744968,0.38815814,0.2843922
3004238712,0.17564347,0.56202865,0.26232782
3004466845,0.25109518,0.46560213,0.28330266
3004713202,0.23655891,0.48232716,0.28111392
3004739653,0.48038113,0.22998166,0.28963715
3004769244,0.4509505,0.2618016,0.2872479
3005495848,0.32673442,0.38249335,0.2907722
3005512817,0.34225678,0.37159482,0.28614837
3005689511,0.26421106,0.4443062,0.29148275
3005982573,0.2591865,0.45362592,0.28718758
3007156924,0.31858003,0.40463376,0.2767862
3007277850,0.23118049,0.45076135,0.3180582
3007316153,0.4104321,0.27870816,0.31085974
3008111640,0.33865866,0.35124514,0.3100962
3008259768,0.38639492,0.3229506,0.29065448
3009244751,0.30888125,0.33062506,0.36049372
3009431214,0.43558997,0.23960923,0.32480085
3010631909,0.27290812,0.42453194,0.3025599
3011718015,0.3855301,0.31195763,0.30251232
3011882725,0.3945018,0.31259584,0.29290238
3012201214,0.34850013,0.3278719,0.323628
3012670085,0.3596264,0.3585793,0.2817943
3012730735,0.45404673,0.250947,0.29500628
3012738730,0.39242357,0.31874666,0.2888298
3012948378,0.416744,0.29778284,0.28547323
3013074383,0.25962463,0.36135313,0.37902224
3013495976,0.3697251,0.33603966,0.29423523
3013967628,0.36464804,0.3331045,0.30224746
3014635804,0.26431867,0.4056039,0.3300774
3015616195,0.33901352,0.35055554,0.31043094
3015782275,0.32539076,0.38256723,0.29204202
3016638213,0.39621902,0.3055408,0.29824018
3016899035,0.32314682,0.37995613,0.29689705
3017021928,0.34861663,0.3514009,0.29998243
3017405697,0.3213236,0.37579793,0.30287844
3017697505,0.40119815,0.29702273,0.3017791
3018866390,0.35099983,0.33433187,0.3146683
3019403328,0.3579776,0.35597992,0.28604245
3019519726,0.32053375,0.26926386,0.41020232
3019787220,0.4138683,0.27875477,0.30737692
3019955026,0.25822744,0.43921322,0.30255938
3020470354,0.4259309,0.26456743,0.30950165
3021209140,0.4249578,0.2919945,0.28304774
3021564132,0.44391304,0.27282074,0.2832662
3021684210,0.34994444,0.33737338,0.31268215
3021767666,0.33713815,0.35824412,0.3046177
3022048415,0.3337431,0.37007314,0.29618376
3022212860,0.33723694,0.34869438,0.31406873
3022615070,0.5011617,0.23050436,0.26833394
3022727678,0.25657412,0.4477483,0.29567757
3023470369,0.32954013,0.38035536,0.29010445
3024269005,0.37796462,0.32876953,0.29326585
3024301895,0.2771422,0.27725446,0.44560337
3024371024,0.38603437,0.32703227,0.28693336
3024381761,0.28766286,0.2603279,0.4520092
3024438145,0.24672908,0.45037514,0.30289575
3024863803,0.31556416,0.31921238,0.3652234
3025186974,0.2815573,0.42724073,0.29120195
3025943376,0.32948524,0.3463415,0.32417327
3026213138,0.39186943,0.33040744,0.27772313
3026354303,0.32160473,0.37706518,0.30133006
3027672252,0.36499768,0.35172567,0.28327668
3027880254,0.28368378,0.34320676,0.37310943
3028199149,0.35609293,0.34519413,0.29871294
3028510994,0.32450908,0.29998466,0.37550622
3028831304,0.36298162,0.32231623,0.31470215
3029556623,0.4758719,0.2158488,0.30827934
3030042738,0.31409633,0.4095919,0.27631176
3030251450,0.48187125,0.25172448,0.2664042
3031141279,0.32092446,0.3424526,0.33662292
3031475846,0.33213264,0.37854332,0.28932402
3031675568,0.31568485,0.37949514,0.30482003
3031721589,0.35457963,0.29872376,0.3466966
3031926978,0.26592934,0.26592934,0.4681413
3031972318,0.42410034,0.29401812,0.28188154
3032485493,0.34709802,0.33406782,0.3188342
3032710241,0.2652838,0.46506065,0.26965556
3033073587,0.41173267,0.2907334,0.297534
3034022267,0.38047934,0.35370684,0.26581383
3034050421,0.5051055,0.21113177,0.28376275
3034128351,0.3835119,0.3096311,0.306857
3034493712,0.2841957,0.40653363,0.30927068
3034773165,0.3074644,0.40625298,0.2862826
3034901605,0.17511746,0.5687938,0.2560888
3035770921,0.3613058,0.27388865,0.36480552
3035782789,0.3426723,0.35425165,0.30307606
3036791451,0.24906847,0.32699037,0.4239411
3037010389,0.32152566,0.3563255,0.32214886
3037175729,0.3333982,0.32984906,0.33675277
3037463089,0.42927596,0.27984986,0.29087424
3037656552,0.47408107,0.24978553,0.2761334
3038485396,0.3184608,0.3724631,0.30907613
3038755818,0.48792732,0.23758519,0.2744875
3039022186,0.23883776,0.23883776,0.5223245
3039776585,0.36427435,0.3051011,0.33062458
3039876984,0.34659004,0.34744465,0.30596533
3040154257,0.4527782,0.273661,0.27356082
3040222643,0.2688521,0.45616162,0.27498627
3040284628,0.3720855,0.34144732,0.28646716
3040400743,0.33398205,0.3629651,0.30305278
3041253351,0.32101893,0.38191456,0.29706648
3041301838,0.32864395,0.25640422,0.41495186
3041426979,0.3410354,0.3550569,0.30390772
3042006924,0.21708992,0.5254267,0.25748342
3042177518,0.5379041,0.20088103,0.26121485
3042410554,0.33652592,0.36414778,0.2993263
3042465489,0.20402947,0.5254887,0.27048182
3042705460,0.42205304,0.31989688,0.25805002
3042907823,0.27317926,0.42925626,0.29756448
3042926800,0.4237648,0.28496248,0.29127276
3042968611,0.48081625,0.24872145,0.27046233
3043260840,0.42997664,0.2822488,0.28777453
3043332295,0.35257408,0.35390973,0.2935162
3043981444,0.3904906,0.29775915,0.31175026
3044341921,0.34196764,0.36523968,0.29279268
3044473686,0.38636243,0.3355073,0.27813026
3044939714,0.3353585,0.36453685,0.30010468
3045259677,0.36351913,0.33760977,0.29887107
3045282713,0.34133077,0.34727544,0.3113938
3045982362,0.34799254,0.32513192,0.3268755
3046029059,0.38008025,0.3357376,0.2841822
3046334622,0.26044524,0.46128255,0.27827215
3047191182,0.22844991,0.24797344,0.5235767
3047237023,0.28342098,0.2949416,0.42163748
3047793453,0.56805223,0.18611297,0.24583477
3048652115,0.23131065,0.48137146,0.28731787
3049254359,0.34035367,0.31188595,0.34776038
3049254528,0.32001352,0.38213515,0.29785126
3049276549,0.27822828,0.3290518,0.39271992
3049296420,0.35926753,0.33267683,0.30805564
3049806251,0.38584417,0.32547146,0.28868437
3050019781,0.41770366,0.26257306,0.31972325
3050554828,0.3490521,0.35829976,0.2926481
3050636532,0.32326633,0.39144358,0.28529012
3050923793,0.34747615,0.36969244,0.28283143
3050997460,0.3699603,0.34316966,0.28687
3051182575,0.32403684,0.37468266,0.30128053
3051564687,0.22670802,0.28258988,0.4907021
3052088691,0.37576002,0.28321368,0.3410263
3052837949,0.3134166,0.28296193,0.40362144
3053077321,0.4407608,0.26783,0.29140916
3053231371,0.54113644,0.20032506,0.25853848
3053303904,0.3058675,0.39128882,0.30284366
3053426885,0.36261377,0.35856014,0.27882603
3053514563,0.21544573,0.51129836,0.2732559
3054098418,0.2878797,0.417828,0.2942923
3054164951,0.39480335,0.3130789,0.29211777
3055612351,0.3310162,0.35179156,0.31719226
3055929755,0.24488714,0.45825723,0.29685557
3056027325,0.35667753,0.35628003,0.28704247
3056033715,0.35796583,0.33255243,0.30948174
3056400365,0.42753616,0.2818269,0.2906369
3056472429,0.36587557,0.31413662,0.31998777
3057207253,0.24032262,0.24032262,0.5193547
3057232885,0.23853794,0.45328104,0.308181
3057288658,0.23688523,0.24352734,0.5195875
3057381848,0.42635328,0.294117,0.2795297
3057404546,0.2868832,0.43518895,0.27792785
3057406791,0.30482578,0.3765275,0.3186467
3057467671,0.29178113,0.2435765,0.4646424
3057525759,0.31223541,0.3935128,0.2942518
3057718805,0.4213805,0.28934336,0.28927618
3057783940,0.24221444,0.4854754,0.27231017
3057829970,0.4111263,0.28675294,0.3021208
3058314878,0.46793437,0.2424379,0.28962773
3058432036,0.3332274,0.3634938,0.30327886
3059130038,0.3790047,0.32867151,0.29232383
3059157659,0.29102778,0.29962415,0.40934807
3059485477,0.36008322,0.33742982,0.30248696
3059827613,0.19334772,0.5672985,0.23935375
3059836865,0.3225353,0.35196525,0.32549948
3059838172,0.29371113,0.37694216,0.32934672
3060910009,0.30112362,0.40163127,0.2972451
3061706145,0.36812964,0.35533583,0.27653456
3062172626,0.30497286,0.29547578,0.3995514
3063836130,0.34402573,0.37324226,0.282732
3065131647,0.37973613,0.3397052,0.28055868
3065223566,0.32910222,0.26213488,0.40876287
3065385172,0.36434186,0.26705128,0.36860687
3065471345,0.35600019,0.3281319,0.31586796
3066131308,0.40170756,0.29094595,0.30734652
3066137082,0.36117065,0.33319062,0.30563867
3066392647,0.32720023,0.37102526,0.3017745
3066400927,0.29277784,0.42378002,0.28344214
3066820553,0.3582729,0.36582875,0.27589834
3068323347,0.35936102,0.34052297,0.300116
3069015996,0.30370653,0.4077636,0.2885299
3069038008,0.33584696,0.34531966,0.3188334
3069047261,0.2854615,0.42439792,0.29014057
3069132706,0.35238993,0.33332676,0.3142833
3069199607,0.41014937,0.29479793,0.2950527
3069346156,0.38757032,0.30648196,0.30594775
3069429382,0.543834,0.18982106,0.2663449
3069556025,0.2804766,0.4191804,0.30034304
3069605698,0.30406252,0.40380767,0.2921298
3070141443,0.39262083,0.31931922,0.28806
3071325689,0.22578911,0.24606812,0.5281427
3071492286,0.26381212,0.48159128,0.2545966
3072111739,0.28707534,0.3216778,0.39124686
3072262089,0.4110995,0.28985965,0.29904088
3072780016,0.17330173,0.5790992,0.2475991
3072917778,0.34194446,0.33445686,0.32359868
3073553293,0.32327938,0.2768891,0.3998316
3074102769,0.39218757,0.32753512,0.28027737
3074290132,0.37761742,0.342115,0.28026757
3075528018,0.32894763,0.32787508,0.34317726
3075981215,0.3420493,0.36583668,0.29211402
3076016350,0.30895305,0.3045851,0.38646185
3076457139,0.31707275,0.36747915,0.31544805
3076506847,0.2761218,0.41347593,0.31040227
3076642707,0.58121943,0.16559324,0.2531873
3076989601,0.24801561,0.284676,0.4673084
3077668002,0.17955212,0.5615157,0.25893217
3077801951,0.31596875,0.34944555,0.33458573
3077951288,0.2720387,0.42921716,0.29874414
3078003671,0.23586552,0.48985934,0.27427512
3078427450,0.44710326,0.2667935,0.28610322
3078467509,0.31138656,0.3884674,0.30014607
3078501533,0.38066775,0.31552887,0.30380338
3078762842,0.39966333,0.31221902,0.28811765
3079049956,0.4667151,0.25218508,0.28109992
3079269963,0.23500314,0.35774833,0.40724853
3079354016,0.35539228,0.36489236,0.27971533
3079662753,0.2994486,0.3949021,0.30564925
3079886314,0.24185416,0.4750449,0.2831009
3079904429,0.3466537,0.31007594,0.34327036
3079979828,0.24439502,0.4730811,0.28252387
3080379058,0.44705445,0.26609644,0.2868491
3080557921,0.28981876,0.4180684,0.2921129
3081025101,0.30245095,0.40725294,0.29029608
3081201866,0.431342,0.28624782,0.28241017
3081374345,0.33640012,0.38265434,0.28094557
3081419484,0.3660804,0.30092263,0.33299696
3082116103,0.21816784,0.50814587,0.27368626
3082350811,0.39214647,0.34253937,0.26531416
3084008496,0.23504262,0.41732222,0.3476352
3084033288,0.28541258,0.431762,0.2828254
3084220056,0.33729577,0.3693033,0.2934009
3084944646,0.3204786,0.3778442,0.30167717
3085202157,0.30778885,0.40839022,0.28382093
3085637723,0.3921839,0.3197106,0.28810543
3085653498,0.38724786,0.34991896,0.26283318
3085841476,0.35467893,0.34481937,0.3005017
3085870352,0.29488355,0.39472705,0.3103894
3086558033,0.36024046,0.35160905,0.2881505
3086862647,0.4341399,0.27579445,0.29006565
3087143348,0.3874936,0.340039,0.27246737
3087222095,0.34410322,0.34282216,0.3130746
3087319746,0.3539305,0.357392,0.2886774
3088163376,0.29654196,0.3081616,0.39529645
3088253543,0.24061324,0.46127772,0.29810905
3088300828,0.3562169,0.33186853,0.31191456
3088459130,0.35210615,0.33195502,0.31593883
3088947202,0.38769746,0.32300508,0.28929746
3088947385,0.37427342,0.33008653,0.29564005
3089214893,0.34435713,0.35836667,0.29727617
3090076144,0.4485671,0.2333116,0.3181213
3090112966,0.24134168,0.45775142,0.30090693
3091015415,0.41553223,0.3062056,0.27826214
3091068934,0.30499357,0.38956457,0.30544186
3091314310,0.24735889,0.46095678,0.29168433
3091718630,0.26512414,0.43927395,0.2956019
3092606564,0.52404237,0.21032274,0.2656349
3092901819,0.3306464,0.37327552,0.2960781
3093584317,0.34681493,0.36142546,0.29175955
3093926643,0.34228218,0.28162545,0.37609237
3094002205,0.19541161,0.54337025,0.26121813
3094328503,0.21580705,0.5224706,0.2617224
3095239484,0.37840736,0.31675512,0.30483755
3096214989,0.2565785,0.45734805,0.28607345
3096219054,0.3659801,0.29492098,0.3390989
3097064175,0.39182103,0.31776375,0.29041523
3097391026,0.45034117,0.2658269,0.28383192
3097857965,0.33609903,0.3748343,0.28906667
3098410193,0.51891595,0.20986736,0.2712167
3098862311,0.36380085,0.31261566,0.32358342
3099031139,0.3388999,0.34211951,0.31898057
3099174131,0.35501063,0.34059617,0.30439323
3099631123,0.33846253,0.3511802,0.31035724
3099689885,0.43991575,0.2782563,0.28182793
3099794645,0.33482087,0.34526628,0.31991285
3099855586,0.42343056,0.27476138,0.30180812
3099966493,0.29191375,0.2610203,0.44706595
3100352663,0.26443106,0.2928563,0.44271263
3100379264,0.35339624,0.39556277,0.25104102
3100684830,0.3132215,0.3077003,0.3790782
3100899104,0.2031416,0.5256244,0.271234
3101809545,0.31441087,0.38412976,0.30145937
3102676998,0.32032317,0.39200687,0.28766996
3103253909,0.46715155,0.2375679,0.2952805
3103478821,0.47551477,0.24693692,0.2775483
3103818916,0.33434203,0.38157955,0.28407842
3103916330,0.4091081,0.24016939,0.35072255
3105504803,0.3888655,0.27054805,0.34058645
3105866995,0.4086616,0.25633305,0.33500537
3106107126,0.3334033,0.31485164,0.35174507
3106229026,0.3109482,0.36213833,0.32691348
3106313560,0.28673568,0.37751058,0.33575377
3106420063,0.3648624,0.31149244,0.32364514
3106586309,0.23317608,0.4961452,0.2706787
3106678392,0.37367454,0.32806358,0.29826188
3106791978,0.37366802,0.33679485,0.28953713
3107720472,0.37630767,0.33139968,0.29229265
3108513784,0.34599444,0.35490015,0.2991054
3108517699,0.31473583,0.3768068,0.30845737
3109422004,0.31822896,0.40843758,0.27333346
3109509752,0.28352594,0.2727281,0.44374597
3109719287,0.27083963,0.4267252,0.30243516
3110144979,0.4704607,0.2620584,0.26748088
3111259906,0.43261164,0.2599559,0.3074324
3111856940,0.36033776,0.34498656,0.29467568
3111979393,0.44835833,0.26226136,0.2893803
3112490835,0.40168422,0.30238318,0.29593265
3113137370,0.21204811,0.5366453,0.2513066
3114922513,0.36175513,0.3086965,0.3295483
3115055016,0.36184072,0.26910752,0.3690517
3115218807,0.3955696,0.3100273,0.29440308
3115520364,0.41090363,0.3226498,0.2664466
3115807241,0.4018445,0.29360986,0.30454564
3115834412,0.2794526,0.4358547,0.2846927
3116547749,0.32366875,0.31414902,0.36218223
3117122035,0.29925436,0.30934167,0.39140397
3117190919,0.44866878,0.23745844,0.3138728
3118065757,0.28310353,0.24346986,0.47342664
3118254456,0.33403292,0.371896,0.29407108
3118470191,0.36125886,0.3376724,0.30106872
3119265615,0.37952122,0.2619856,0.3584932
3119297099,0.34880114,0.35283923,0.29835963
3119298581,0.36615288,0.329732,0.30411512
3119934809,0.42110234,0.24520035,0.33369732
3119963331,0.22469965,0.24390242,0.53139794
3120263175,0.32185346,0.29904956,0.37909696
3120525292,0.35199755,0.33606222,0.31194022
3120555866,0.26623154,0.39170492,0.34206352
3120880553,0.29952696,0.42663503,0.27383804
3121062050,0.46040976,0.241133,0.29845726
3121170710,0.37996453,0.2864555,0.33357993
3121212272,0.3356455,0.3560559,0.3082986
3121223262,0.35310668,0.3432131,0.3036802
3121230925,0.21830487,0.5070141,0.27468103
3121980389,0.27555913,0.4321379,0.292303
3122156389,0.34931993,0.3650108,0.2856692
3122601877,0.29948846,0.31424156,0.38627
3122654430,0.33841085,0.3575536,0.3040355
3123202315,0.355408,0.3757252,0.26886678
3123980230,0.32730764,0.34969503,0.32299736
3124492090,0.38422847,0.31538054,0.30039096
3125557184,0.37766904,0.31006187,0.31226903
3125558595,0.41507638,0.30664372,0.2782799
3125938197,0.26465708,0.45677894,0.278564
3126038295,0.278426,0.4415772,0.27999675
3126050522,0.35330772,0.34542352,0.30126876
3126130166,0.3823823,0.31211925,0.30549845
3126161786,0.46169752,0.25403047,0.28427202
3126626033,0.30764464,0.35744014,0.33491522
3127136283,0.3660065,0.3610595,0.272934
3127277799,0.340467,0.34152395,0.31800908
3127462025,0.34527248,0.29779696,0.35693055
3127902019,0.263644,0.48371053,0.25264546
3127975893,0.38698304,0.31935087,0.2936661
3128001044,0.3757822,0.30446753,0.3197503
3128179535,0.37186676,0.33602956,0.2921037
3128690995,0.30191085,0.41364264,0.2844465
3128854159,0.29595277,0.42056364,0.28348362
3128979269,0.3669511,0.35260913,0.28043973
3129051494,0.25294876,0.42748022,0.31957105
3130028850,0.3812502,0.31418237,0.3045674
3130380509,0.37860787,0.33584082,0.28555128
3130434492,0.28937054,0.4301765,0.28045294
3130496322,0.30256888,0.4227959,0.2746352
3130731450,0.36244833,0.36706215,0.27048945
3131280903,0.27442634,0.4338533,0.29172036
3133235971,0.3156168,0.32455754,0.3598256
3133288267,0.3579367,0.32057205,0.32149124
3133539954,0.38256904,0.3231157,0.29431528
3133692258,0.34986168,0.3312967,0.31884164
3134896213,0.37121284,0.3005651,0.32822207
3134984933,0.3169937,0.3293891,0.3536172
3135158524,0.27295312,0.4212659,0.30578092
3135235841,0.377253,0.30941164,0.31333536
3135597227,0.33935118,0.3395095,0.32113934
3135601918,0.331326,0.37393853,0.2947355
3135773592,0.4632554,0.25768763,0.27905694
3135960956,0.3611105,0.32919067,0.30969885
3136102386,0.33435023,0.3278159,0.33783388
3136495870,0.27053028,0.38285053,0.3466192
3136741155,0.37569368,0.3496703,0.27463603
3137240487,0.30443192,0.39636177,0.29920632
3137305744,0.36801466,0.33585113,0.2961341
3138617629,0.31590393,0.35837078,0.32572523
3139227583,0.4069094,0.3095218,0.28356877
3139716818,0.37976432,0.32278982,0.29744583
3140639297,0.40842342,0.28784212,0.30373442
3140763219,0.38166106,0.27219194,0.34614703
3140793515,0.24055234,0.46006745,0.2993802
3140863691,0.3349821,0.37472737,0.29029053
3140989039,0.24870369,0.33859015,0.41270614
3141155728,0.40714315,0.30012694,0.2927299
3142392955,0.42324495,0.2854329,0.29132217
3142658674,0.35552728,0.354907,0.28956574
3143017271,0.30559337,0.38271916,0.31168747
3143072315,0.22207856,0.5078187,0.27010274
3143483897,0.36294466,0.35068923,0.2863661
3143872499,0.30755913,0.40755785,0.28488302
3144321884,0.3252758,0.3779139,0.29681027
3144700298,0.24788395,0.4185127,0.33360332
3144941870,0.32363087,0.36948776,0.3068813
3145752512,0.37293556,0.33563036,0.2914341
3145755583,0.26738378,0.44670796,0.28590825
3145755720,0.39525735,0.3210381,0.28370452
3146721997,0.33910686,0.36722833,0.2936648
3147025128,0.40386322,0.2903763,0.30576044
3147131053,0.37922353,0.32434428,0.29643226
3147395021,0.33069208,0.3080684,0.3612395
3148136760,0.39214838,0.29808426,0.30976743
3148992817,0.3879143,0.32772684,0.28435886
3149266846,0.27156764,0.34373823,0.38469413
3150049068,0.3521117,0.34542003,0.3024683
3150496179,0.32198048,0.4007393,0.27728015
3150511487,0.38930812,0.3293184,0.2813735
3150956596,0.34895694,0.3333476,0.31769544
3151283626,0.33774793,0.3164423,0.34580973
3152538603,0.35574374,0.34847647,0.2957798
3152580090,0.34640563,0.36265346,0.2909409
3153612856,0.39131847,0.31111354,0.29756802
3154036691,0.22788805,0.5004915,0.2716205
3154099170,0.24515966,0.491667,0.26317334
3154146096,0.3883003,0.32150733,0.29019237
3154746136,0.28363466,0.39451697,0.32184833
3155998954,0.40072238,0.27409247,0.32518512
3156145621,0.35152274,0.3643511,0.28412616
3156337698,0.33869907,0.35433963,0.3069613
3156959575,0.29775578,0.40474766,0.29749653
3158363630,0.3391683,0.3385728,0.32225886
3158694360,0.48208645,0.22675684,0.2911567
3160183299,0.23510724,0.48468184,0.28021088
3160724499,0.3830855,0.3498357,0.2670788
3160759258,0.37181938,0.33284938,0.29533124
3160808280,0.33700553,0.37176788,0.29122666
3160811124,0.35733038,0.35028243,0.2923872
3162681519,0.44913635,0.2654273,0.28543636
3162753262,0.3630927,0.3239399,0.31296742
3163032616,0.34946895,0.36666864,0.2838624
3163273199,0.3644588,0.33190808,0.30363315
3163971951,0.36214197,0.316624,0.32123405
3164227135,0.29738802,0.3864169,0.31619507
3164417504,0.26315027,0.4254359,0.31141382
3164692104,0.3478317,0.3312331,0.3209352
3165242937,0.59414434,0.16399817,0.24185747
3165546521,0.38055795,0.3282439,0.29119816
3165645434,0.4421937,0.26742458,0.29038173
3165686690,0.3180341,0.39394054,0.28802535
3166352819,0.35184374,0.34908932,0.29906696
3167438898,0.2658975,0.4458353,0.28826725
3167602651,0.40963018,0.28182188,0.30854797
3167764273,0.347445,0.33299685,0.31955814
3168909592,0.39898807,0.29635078,0.30466115
3169747055,0.46437258,0.24628687,0.28934056
3169882560,0.36169782,0.3094417,0.32886046
3170056450,0.2744578,0.40840518,0.317137
3170113432,0.29926926,0.36718833,0.33354238
3170666515,0.40172487,0.3206718,0.27760333
3170792586,0.3789714,0.2891991,0.3318295
3171249488,0.42958483,0.2790408,0.29137433
3171287727,0.40442583,0.32068408,0.27489012
3171391168,0.33101875,0.37741712,0.29156417
3171427398,0.28766614,0.37290078,0.33943307
3171869129,0.424523,0.3006578,0.2748192
3171952596,0.35204718,0.3795342,0.2684186
3172535541,0.40034956,0.31829703,0.2813534
3172609814,0.28823036,0.41613948,0.29563016
3172838105,0.36115587,0.34812903,0.2907151
3173153347,0.45359337,0.26891333,0.27749333
3173492657,0.5591719,0.1887258,0.2521023
3174516022,0.451955,0.25757045,0.29047456
3174679785,0.4848745,0.22874707,0.28637838
3174968596,0.46138886,0.2722729,0.2663382
3175417030,0.39314747,0.31885657,0.28799593
3175449578,0.32707778,0.36217093,0.31075126
3175524743,0.43594462,0.27396798,0.2900874
3175827825,0.32116324,0.30408478,0.374752
3176184202,0.313879,0.37065202,0.315469
3176488905,0.18998763,0.19787285,0.6121395
3176863829,0.5146914,0.22864546,0.2566631
3177270435,0.31452566,0.3897522,0.29572213
3177815736,0.3672645,0.33074844,0.30198702
3178784528,0.34567577,0.3485555,0.30576873
3178827444,0.5095999,0.23096342,0.2594367
3179143317,0.32209295,0.33713686,0.34077018
3179160017,0.2613554,0.47076535,0.26787925
3179716452,0.24180353,0.4798954,0.27830103
3179894829,0.43097538,0.28709722,0.2819274
3179907374,0.34090486,0.29960033,0.3594948
3180091687,0.40406084,0.3155615,0.2803777
3180182003,0.27549464,0.29666024,0.42784518
3180341401,0.27247092,0.44081634,0.28671277
3180457611,0.33771056,0.29819918,0.36409026
3181078671,0.3562857,0.3512603,0.29245406
3181486886,0.34053153,0.400851,0.25861746
3181506989,0.27291974,0.43358582,0.29349446
3181830253,0.30823702,0.40343314,0.28832984
3182644921,0.35623056,0.331291,0.31247842
3182707949,0.30842757,0.28383732,0.4077351
3183049041,0.39791057,0.3265192,0.2755702
3183255576,0.3981411,0.24361172,0.35824722
3183615639,0.25338438,0.4693086,0.27730697
3183848856,0.33931342,0.29818586,0.36250067
3184249168,0.35223147,0.35875988,0.28900862
3184275676,0.18118379,0.18118379,0.6376324
3185240930,0.25906855,0.43183196,0.30909953
3185272344,0.32881862,0.3811691,0.29001224
3185859574,0.36178172,0.34823558,0.2899827
3185907136,0.24412155,0.4755619,0.28031656
3185987883,0.3973822,0.32227442,0.28034338
3186190604,0.32486725,0.35347652,0.32165623
3187223864,0.35009015,0.33099076,0.31891912
3187543836,0.38119617,0.33820367,0.2806002
3188273938,0.369936,0.3066885,0.32337552
3190280299,0.3164925,0.33805224,0.34545526
3190326540,0.37436822,0.32407677,0.30155504
3190786680,0.27348644,0.43118376,0.2953298
3191376017,0.29189807,0.35724968,0.35085225
3191771919,0.3183609,0.3949951,0.28664404
3191991150,0.31806517,0.3571323,0.32480255
3192235215,0.34872836,0.3690136,0.28225806
3192413671,0.36509442,0.34441096,0.29049456
3192483949,0.35868552,0.37365466,0.26765984
3192735463,0.3393404,0.34420863,0.316451
3193539818,0.23048645,0.50733423,0.26217934
3193596494,0.27671736,0.34318256,0.38010007
3193706182,0.28577256,0.4105206,0.30370682
3194662020,0.33003542,0.38195553,0.28800905
3195202868,0.30057874,0.33994007,0.3594812
3196030165,0.38279212,0.2882473,0.3289606
3196403254,0.50053895,0.22269112,0.27677
3196761939,0.27517605,0.44977558,0.27504838
3197582372,0.48402163,0.2362059,0.27977246
3197645139,0.48533663,0.22627157,0.28839183
3197820589,0.3613599,0.33929747,0.29934266
3197890822,0.36193532,0.3069321,0.33113262
3197905145,0.31342387,0.3826136,0.30396253
3198150454,0.2692885,0.34765905,0.38305247
3198365599,0.34945107,0.26719576,0.38335317
3199070557,0.29613733,0.22423628,0.47962636
3199603539,0.5566275,0.17811133,0.26526117
3199803753,0.34349996,0.37593144,0.2805686
3200158581,0.375758,0.36917782,0.25506422
3200349991,0.3645742,0.34892493,0.28650087
3201026969,0.36373895,0.34138188,0.29487917
3202474235,0.35622412,0.35409504,0.28968084
3203083679,0.4303993,0.2812838,0.28831697
3203094003,0.28243834,0.3905045,0.32705718
3203443621,0.2776092,0.29323843,0.42915237
3204104040,0.22849865,0.49649736,0.27500397
3204966185,0.41787946,0.29402867,0.2880919
3205166270,0.25855133,0.45742673,0.284022
3205313254,0.37258735,0.32353893,0.30387372
3205755852,0.38326788,0.33025205,0.2864801
3206209297,0.20161703,0.5246315,0.2737515
3206576532,0.3043606,0.3450935,0.35054588
3207248594,0.4018982,0.2730315,0.32507026
3207539124,0.35555297,0.34620363,0.2982434
3207729174,0.27000517,0.27164733,0.45834756
3207964447,0.24679083,0.27751678,0.47569242
3208029922,0.3656497,0.36061013,0.27374014
3208077793,0.34627366,0.3112991,0.34242728
3208163720,0.43869776,0.25958097,0.30172127
3208391076,0.3344037,0.29049754,0.3750987
3209017341,0.28924346,0.38700482,0.3237517
3209027091,0.23892845,0.5019057,0.25916588
3209205960,0.2471461,0.38860846,0.36424547
3209325351,0.37594354,0.3152917,0.30876473
3209595533,0.34230894,0.37150788,0.2861832
3209878472,0.39754486,0.3312114,0.27124372
3209977557,0.29876727,0.40535134,0.29588133
3210612222,0.37416345,0.35901576,0.2668208
3211448297,0.368045,0.3414455,0.29050946
3211553280,0.3641957,0.3513524,0.2844519
3212133013,0.4024467,0.2919429,0.30561042
3212554418,0.2793768,0.43817353,0.2824497
3212712104,0.34904152,0.36803734,0.2829212
3213229438,0.38891166,0.33254096,0.2785474
3213600440,0.26999366,0.3965767,0.33342963
3214289871,0.3237096,0.3157388,0.3605516
3214520850,0.33133096,0.33652097,0.33214805
3214642620,0.381548,0.3318576,0.2865944
3214761921,0.3922627,0.27632087,0.33141637
3215065458,0.3750006,0.27565938,0.34934
3215202887,0.35311475,0.353176,0.29370925
3215561540,0.4967655,0.2426208,0.26061368
3215579753,0.3197505,0.3610254,0.31922406
3215813153,0.38672584,0.30134323,0.31193087
3216323916,0.3877287,0.32583722,0.28643405
3216405681,0.36085862,0.35076076,0.28838062
3216524305,0.3775023,0.32783672,0.294661
3216637998,0.21167798,0.5377029,0.25061908
3216786217,0.25749335,0.46285862,0.279648
3217318611,0.46271878,0.2696158,0.26766536
3217669574,0.41526017,0.28750336,0.2972365
3217911451,0.42377985,0.29923022,0.27699
3218522083,0.42263925,0.3036544,0.27370632
3218565975,0.32424062,0.38934052,0.28641886
3218632163,0.35502678,0.35625166,0.2887215
3219459915,0.39774975,0.33105677,0.27119344
3219815633,0.31989735,0.3777926,0.30231002
3220143595,0.31691545,0.39847934,0.28460518
3220882710,0.50903153,0.21761298,0.27335545
3220927820,0.31737953,0.3928941,0.28972632
3221294162,0.31399262,0.3434407,0.34256664
3221656509,0.3718495,0.3171238,0.3110267
3222457608,0.29235828,0.3807605,0.32688123
3222840531,0.3967314,0.3278805,0.27538812
3222961707,0.35369736,0.36869866,0.27760398
3223146507,0.31040722,0.28501692,0.40457588
3224184752,0.2659222,0.45961398,0.27446377
3224729268,0.31346506,0.3525395,0.3339954
3225281478,0.29146528,0.34571093,0.36282372
3225896807,0.29541117,0.4206455,0.28394333
3226047585,0.3610854,0.2781554,0.36075923
3226196897,0.34288415,0.3414631,0.31565273
3226497479,0.40874732,0.28343672,0.30781597
3227293788,0.34676415,0.35640264,0.29683322
3227546034,0.42743456,0.2744907,0.29807478
3228289558,0.32327956,0.28179055,0.3949299
3228367042,0.46135873,0.2744459,0.26419532
3228492213,0.49020696,0.24512094,0.2646721
3228707635,0.3432611,0.37877554,0.27796337
3229098304,0.33821124,0.36768067,0.294108
3229526020,0.3526583,0.35289133,0.2944504
3229890518,0.26794708,0.42459893,0.307454
3230168129,0.38080418,0.34344152,0.27575427
3230724584,0.25986397,0.45617706,0.2839589
3230803801,0.2566374,0.4758587,0.26750386
3231108357,0.3243113,0.32509333,0.3505954
3231184947,0.37552118,0.3420555,0.28242335
3233008629,0.28122336,0.32366496,0.39511165
3233301919,0.3394863,0.31477237,0.34574133
3233732829,0.2840535,0.41412324,0.30182326
3234044851,0.49200946,0.23305827,0.27493227
3234232822,0.35484833,0.33849597,0.30665573
3234599529,0.28453356,0.29676512,0.4187013
3235517195,0.36715996,0.33000398,0.30283606
3235535186,0.18953305,0.561346,0.24912094
3236132614,0.26780048,0.45624584,0.2759537
3236205139,0.3050061,0.34515575,0.34983817
3236308720,0.4432816,0.286466,0.2702524
3236357066,0.37419552,0.3456514,0.2801531
3236502968,0.30006865,0.3847328,0.3151985
3236818080,0.20855692,0.5369772,0.25446588
3237211691,0.46360803,0.23932976,0.29706216
3237255706,0.44749808,0.25372088,0.29878104
3237459849,0.35257196,0.34964338,0.29778466
3237985386,0.31553012,0.3859474,0.29852253
3238255027,0.5586438,0.17853628,0.26281983
3238371443,0.37970537,0.31688774,0.3034069
3238609753,0.33483142,0.36099726,0.30417126
3239338165,0.35480428,0.33607635,0.30911937
3239481736,0.26368433,0.41387022,0.32244545
3239818601,0.34578556,0.35039103,0.30382335
3240228137,0.38958734,0.31893533,0.29147738
3241170090,0.24725533,0.22164035,0.5311043
3242245958,0.3729789,0.26509413,0.361927
3242250523,0.247604,0.30653614,0.44585982
3242519277,0.17054644,0.56235915,0.26709443
3242583762,0.3896832,0.326707,0.2836098
3242764247,0.39826453,0.31660134,0.2851342
3243674249,0.31489152,0.34425402,0.34085447
3243702615,0.35926092,0.3555806,0.28515843
3244003758,0.32976195,0.26963702,0.40060103
3244413826,0.3439953,0.37279424,0.2832105
3244496562,0.3807474,0.3269844,0.2922681
3244836422,0.28995568,0.41823024,0.29181403
3245029970,0.36079627,0.32290304,0.31630075
3245102816,0.34000778,0.363752,0.29624015
3245223190,0.29842374,0.24763541,0.45394087
3245280495,0.30923584,0.33016258,0.36060154
3245666806,0.35946774,0.35073155,0.2898007
3245892825,0.36470866,0.35277694,0.28251445
3246134570,0.38829222,0.33661628,0.27509156
3247270831,0.38189828,0.32862377,0.28947794
3247518210,0.23859647,0.48152283,0.27988073
3247984180,0.32390052,0.39703405,0.27906543
3248232329,0.55748683,0.19472423,0.24778894
3248751408,0.38638902,0.35436642,0.2592446
3248952555,0.38929522,0.29858243,0.31212234
3249267715,0.28149325,0.3702186,0.34828818
3249638689,0.28943408,0.39752916,0.31303683
3249775826,0.30928653,0.38027453,0.31043893
3249784736,0.36116558,0.36382023,0.27501422
3250867070,0.310825,0.40404257,0.2851324
3251344548,0.503773,0.22163305,0.27459395
3251639036,0.35587892,0.33484286,0.3092782
3252038542,0.33378908,0.28113085,0.3850801
3252349014,0.47164047,0.23565045,0.2927091
3252350997,0.4866937,0.23050162,0.2828047
3252557419,0.43505597,0.27232715,0.2926169
3252986488,0.43113744,0.28968853,0.27917406
3253567357,0.2529095,0.47406238,0.27302814
3253817798,0.32688498,0.31020918,0.36290583
3254599821,0.3392335,0.3619155,0.298851
3254808463,0.37705004,0.3230448,0.29990512
3254813127,0.30998355,0.37189597,0.31812048
3255513722,0.4630435,0.24305451,0.29390204
3256319504,0.40811914,0.29376084,0.29812002
3256347588,0.2716254,0.34485823,0.38351637
3256569372,0.3185276,0.37902278,0.30244958
3256999028,0.32635736,0.37683442,0.29680824
3257016178,0.3741367,0.3014066,0.32445672
3257986836,0.29032022,0.3793354,0.33034444
3258256669,0.31695125,0.39289153,0.29015723
3258865589,0.37006938,0.34017333,0.2897573
3259050885,0.3291658,0.3687767,0.30205756
3259494929,0.35689422,0.3298189,0.3132869
3259602679,0.48272645,0.2393227,0.27795088
3260434421,0.37657273,0.32787,0.29555732
3260822772,0.28043765,0.26631847,0.4532439
3260899233,0.32573658,0.37523887,0.29902458
3261765552,0.35099056,0.3372147,0.3117947
3261846187,0.3385414,0.32759076,0.33386785
3262222868,0.27512956,0.43597102,0.28889948
3262569578,0.35158402,0.34333974,0.30507624
3262683126,0.318182,0.32343507,0.35838297
3263291347,0.26976767,0.42285287,0.30737948
3263758499,0.41952825,0.28098825,0.29948348
3264022270,0.42875138,0.27347696,0.2977716
3265151767,0.48363826,0.22184299,0.29451877
3266543774,0.3404016,0.3179794,0.34161896
3266874440,0.37185985,0.3295955,0.29854468
3267074500,0.42505968,0.2654987,0.30944166
3267158320,0.4562326,0.2654818,0.27828562
3267314991,0.49420106,0.23469466,0.27110428
3267956368,0.32808185,0.38496417,0.28695402
3267958313,0.32566774,0.3933516,0.2809806
3268342810,0.3979596,0.32101822,0.28102225
3268521320,0.32067096,0.32081866,0.35851032
3268671125,0.33564842,0.3461674,0.31818423
3268872972,0.32006103,0.3921787,0.28776023
3268975371,0.3203787,0.36739257,0.31222874
3269015080,0.31396484,0.37329903,0.3127361
3269066699,0.44707027,0.26602998,0.28689975
3269752467,0.27571425,0.2669136,0.45737213
3270127721,0.3022267,0.4003827,0.29739058
3270134951,0.47053784,0.25745252,0.2720096
3270224778,0.35948092,0.35205376,0.28846532
3270321281,0.34076512,0.37314415,0.28609073
3270690790,0.42572796,0.28229225,0.2919798
3270894889,0.41021663,0.30614555,0.28363782
3271060713,0.4430636,0.28545168,0.27148467
3271285325,0.38371003,0.31543833,0.30085167
3271354584,0.24041754,0.47210163,0.28748086
3271603491,0.36980313,0.32337016,0.3068267
3271661908,0.38301462,0.2457701,0.37121528
3273190481,0.3396092,0.36390465,0.29648614
3273609427,0.2945723,0.24950457,0.45592314
3273804347,0.5495037,0.1825022,0.2679941
3274457708,0.2771396,0.29380316,0.42905724
3274748008,0.29711336,0.29159862,0.41128802
3274776692,0.25837898,0.35699743,0.38462362
3274948662,0.270253,0.32372805,0.40601897
3275656206,0.4217244,0.29619944,0.28207615
3275944646,0.3879845,0.32256186,0.28945363
3277123263,0.41006762,0.30019322,0.2897392
3277657186,0.28650868,0.38210282,0.33138853
3278001033,0.34067208,0.33772117,0.32160673
3278226162,0.2616002,0.45204175,0.28635806
3278313636,0.37039942,0.3309055,0.29869506
3278362175,0.35909232,0.33247757,0.30843008
3279005401,0.23635073,0.46219984,0.30144942
3280120357,0.29153156,0.37192303,0.3365454
3280382230,0.4482572,0.2595032,0.29223964
3280561209,0.32970214,0.3471749,0.32312292
3280751006,0.48739058,0.2262287,0.2863807
3280923918,0.45294675,0.26235464,0.2846986
3281525264,0.41199338,0.29228985,0.29571682
3281752915,0.36121663,0.326614,0.31216937
3281845060,0.39948592,0.28969744,0.31081665
3283281523,0.32334447,0.3927729,0.28388256
3283457260,0.35298803,0.31083956,0.3361724
3283994191,0.30167603,0.4060614,0.29226255
3284100956,0.36442637,0.36364776,0.27192587
3284336668,0.34464282,0.31518567,0.34017152
3284890211,0.35588223,0.3092453,0.33487245
3286728102,0.36492938,0.33041182,0.30465883
3286998179,0.2650906,0.4347391,0.3001703
3287193140,0.18968973,0.5495949,0.2607154
3287575370,0.30856174,0.38642782,0.30501044
3287580759,0.37390003,0.33218604,0.2939139
3287702252,0.25738028,0.2514026,0.4912172
3288518549,0.437481,0.2839225,0.27859652
3288742304,0.23896033,0.42587125,0.3351684
3289151948,0.2585741,0.45055372,0.29087222
3289521440,0.34467456,0.26554996,0.38977548
3290026807,0.32368255,0.3776189,0.29869854
3290111065,0.5187929,0.2248156,0.2563915
3291293483,0.2646612,0.24322145,0.49211735
3291373769,0.28202605,0.41854346,0.29943055
3291698934,0.3460102,0.354792,0.2991978
3291742686,0.40504965,0.2992615,0.2956888
3292204465,0.3532524,0.34163022,0.30511737
3292507728,0.31409037,0.33770695,0.34820265
3292629492,0.4054734,0.29705837,0.29746825
3292920304,0.35299167,0.3524316,0.2945767
3293395157,0.28864136,0.3932333,0.3181253
3293489896,0.3504663,0.33422744,0.31530625
3293653976,0.34209323,0.36753938,0.29036736
3293715271,0.31606644,0.3207224,0.36321118
3293958169,0.2992428,0.39091003,0.30984718
3293987159,0.25922868,0.251538,0.48923326
3294013478,0.3819843,0.30697453,0.31104118
3294721822,0.37897906,0.33737776,0.2836432
3294917894,0.3260622,0.35850805,0.31542975
3295277774,0.2769569,0.42482024,0.2982229
3295369321,0.3152001,0.3411819,0.34361804
3296706639,0.35518306,0.33237386,0.31244308
3296910100,0.3522969,0.33110824,0.31659487
3297083927,0.32329196,0.34163827,0.33506975
3297403463,0.2925613,0.4064421,0.30099657
3297721104,0.33015627,0.37490177,0.294942
3297882697,0.35571465,0.34255007,0.30173528
3298189994,0.3216228,0.39433762,0.28403956
3298196865,0.35030445,0.27553448,0.37416103
3298641848,0.32852328,0.34267437,0.32880235
3299011441,0.30950397,0.2891733,0.40132275
3299019188,0.29563302,0.36799008,0.3363769
3299390114,0.4252786,0.3023687,0.2723527
3299412065,0.33674932,0.37950626,0.28374442
3299515384,0.32669193,0.33284461,0.34046343
3299910975,0.21203774,0.52132404,0.26663822
3300592873,0.358195,0.3501471,0.2916579
3300948167,0.34265003,0.36476606,0.29258388
3301666776,0.38883898,0.34270537,0.26845568
3302502339,0.44964787,0.2524093,0.29794285
3302511153,0.29739952,0.42531216,0.27728832
3302653880,0.3815549,0.24027342,0.3781717
3303644806,0.34303084,0.3844649,0.27250427
3303888854,0.38923895,0.3287888,0.2819723
3304307811,0.37093645,0.34482336,0.28424013
3304733983,0.37078187,0.3330654,0.29615277
3304762781,0.23957801,0.36762768,0.39279425
3305054203,0.2654394,0.26313493,0.47142565
3305171806,0.41274273,0.27999544,0.30726182
3305207639,0.3630988,0.3439837,0.29291755
3305250684,0.30863434,0.34355116,0.34781456
3305695783,0.36310095,0.34784538,0.28905368
3305917307,0.36558968,0.33926374,0.29514658
3306042505,0.48746288,0.23070958,0.28182757
3306062810,0.21499643,0.5124146,0.27258903
3306147077,0.44997704,0.2670672,0.28295577
3306209769,0.41630623,0.28578123,0.2979125
3306210148,0.29326355,0.40653262,0.3002038
3306437096,0.39892387,0.32238376,0.27869236
3306559483,0.2825052,0.41746616,0.30002862
3306644637,0.27668864,0.43817687,0.2851345
3307035577,0.38639325,0.29850233,0.31510442
3307564458,0.36693582,0.3348787,0.29818547
3307824359,0.37223202,0.346481,0.281287
3308744823,0.27059767,0.43960702,0.2897953
3309146754,0.44903007,0.25822094,0.292749
3309609508,0.2708745,0.40509385,0.32403162
3310524799,0.3766441,0.3594015,0.2639544
3311048973,0.38589287,0.3289524,0.2851547
3312099502,0.32086673,0.3747366,0.30439666
3312604468,0.26987407,0.44797266,0.28215328
3313584509,0.3052545,0.39521453,0.29953095
3314559249,0.5508137,0.1974165,0.25176984
3314634622,0.4365476,0.27017596,0.29327643
3314790744,0.48937857,0.23767395,0.27294746
3315453513,0.37171376,0.3246352,0.3036511
3315962805,0.4107725,0.27440038,0.31482708
3317726558,0.48957497,0.2476379,0.26278713
3317735614,0.34869838,0.32129616,0.33000547
3317812926,0.24109708,0.45551264,0.3033903
3317883186,0.33771902,0.35516074,0.30712023
3317940016,0.18898717,0.5520288,0.2589841
3318312231,0.36652154,0.35083732,0.28264117
3318364966,0.3393941,0.36950594,0.29109997
3318754154,0.35452136,0.330143,0.31533557
3319841519,0.31783032,0.36711442,0.31505528
3320541419,0.35214347,0.3457062,0.3021503
3320694998,0.22466406,0.4906682,0.28466773
3321255371,0.25788224,0.3070643,0.43505344
3321322551,0.34785306,0.3674943,0.28465262
3321478656,0.3589633,0.35792673,0.28311
3321738454,0.3318628,0.32499778,0.3431394
3321751503,0.42126322,0.26634765,0.31238914
3321963219,0.33001137,0.33467996,0.33530867
3322519412,0.2983973,0.40774596,0.2938567
3323630373,0.27203357,0.395719,0.3322474
3323922010,0.3630041,0.34489477,0.29210114
3324159932,0.31186488,0.3431638,0.34497133
3324569088,0.3664993,0.2908309,0.3426698
3324958742,0.30416977,0.36591464,0.32991555
3325164096,0.49609977,0.23362258,0.27027762
3325196092,0.29734778,0.40500975,0.29764244
3325563903,0.47998047,0.2309298,0.28908974
3325662184,0.28905857,0.41293454,0.2980069
3325712100,0.33198023,0.37373507,0.29428476
3325759871,0.33364114,0.32891813,0.33744073
3325805365,0.23302537,0.2281763,0.53879833
3325902481,0.36914665,0.3375222,0.29333115
3325969030,0.2758208,0.3127513,0.41142794
3326682243,0.3457654,0.3608657,0.29336888
3326776675,0.3605655,0.36246216,0.2769723
3326831922,0.35747546,0.359268,0.28325653
3326952163,0.25444323,0.4466964,0.29886037
3326968081,0.3108633,0.3150818,0.3740549
3327270847,0.3796512,0.31916258,0.30118626
3327471657,0.34781194,0.37569204,0.276496
3327735141,0.24646737,0.48612309,0.26740953
3328905138,0.28498918,0.414716,0.30029476
3329166915,0.28246298,0.42100352,0.29653347
3331167497,0.47032642,0.24804902,0.28162456
3331395358,0.32933784,0.33664763,0.33401453
3331724896,0.3144089,0.36351168,0.32207942
3331843047,0.44224238,0.28541398,0.27234364
3332346656,0.47565782,0.24420655,0.28013563
3332560614,0.3657568,0.33281037,0.30143285
3332834449,0.41772795,0.304944,0.277328
3333023434,0.34648558,0.38010716,0.27340722
3333527129,0.24302824,0.48758793,0.26938385
3333832652,0.23609756,0.25189498,0.5120075
3334110885,0.45405573,0.25752747,0.28841686
3334253249,0.33038178,0.350247,0.31937122
3334900644,0.30566823,0.39746204,0.2968697
3336135497,0.30487442,0.38275066,0.3123749
3336914618,0.33774439,0.3571214,0.30513424
3337156492,0.32263646,0.3667301,0.31063342
3337211244,0.31319672,0.37205052,0.31475282
3337660936,0.4423494,0.2641824,0.29346818
3338241821,0.32822922,0.3704075,0.3013633
3339131316,0.39458805,0.30259305,0.3028189
3339151318,0.29413763,0.2826577,0.42320463
3339163977,0.27392972,0.41746736,0.30860287
3339186641,0.37730408,0.3354249,0.28727102
3340307193,0.40904474,0.32231134,0.26864392
3340399864,0.31524754,0.38286173,0.30189073
3340454218,0.3129645,0.38245547,0.30458003
3341417520,0.34653497,0.34095085,0.31251413
3341673204,0.34951192,0.3563314,0.29415667
3342579396,0.41024095,0.29863292,0.29112613
3342640401,0.21378449,0.52174807,0.2644674
3342731961,0.33643472,0.34638327,0.31718194
3342756760,0.29051796,0.43437296,0.27510908
3342810117,0.37645605,0.3413273,0.28221667
3342858023,0.37257022,0.32890356,0.29852617
3342936817,0.3545769,0.3401847,0.3052384
3343726871,0.35607392,0.35934085,0.28458524
3343962246,0.4026298,0.3099106,0.2874596
3344240922,0.34345123,0.37171844,0.28483036
3344417112,0.2259016,0.524862,0.24923642
3344672540,0.32622063,0.33264446,0.3411349
3345324631,0.398932,0.29891586,0.30215216
3345511718,0.3748716,0.3355794,0.28954902
3345530202,0.30982518,0.4052562,0.2849186
3345856759,0.2707489,0.37975338,0.3494977
3345913114,0.33608907,0.3635825,0.30032843
3346633389,0.41462857,0.31744742,0.26792395
3346823869,0.4910221,0.2450099,0.26396805
3347048526,0.53935766,0.2000989,0.2605435
3347701717,0.2878673,0.42146242,0.29067028
3348104573,0.25856242,0.45086628,0.29057127
3348763355,0.2955764,0.4045379,0.2998857
3348968882,0.32115984,0.39921203,0.27962813
3348981704,0.30418694,0.33248824,0.3633248
3349139885,0.36361575,0.34419537,0.29218882
3349531260,0.32878202,0.34568155,0.32553643
3349746928,0.3568149,0.3378555,0.30532962
3350112753,0.299289,0.4283185,0.2723925
3350362997,0.31323957,0.3963493,0.29041106
3350539547,0.35322452,0.36408645,0.28268898
3351137227,0.26254523,0.34585238,0.3916024
3352597968,0.3288474,0.40223014,0.26892245
3352842759,0.41412705,0.2930416,0.29283136
3353297853,0.38752553,0.31996858,0.29250592
3353515893,0.34159416,0.3483094,0.3100965
3353931486,0.4826185,0.22899182,0.28838965
3354263541,0.37379336,0.34691885,0.27928776
3354891298,0.3001389,0.4119553,0.28790578
3354945592,0.3074512,0.37406966,0.31847918
3355240483,0.34319592,0.35109657,0.30570754
3355723506,0.3396458,0.370875,0.28947917
3356194781,0.35812163,0.35659415,0.28528422
3356378969,0.36671948,0.34430254,0.28897798
3356789229,0.3744504,0.3216123,0.3039373
3356895881,0.3153689,0.38620943,0.29842162
3357052138,0.24891481,0.45024404,0.30084115
3357325244,0.2715906,0.34828195,0.3801275
3357523576,0.26156583,0.39730197,0.34113213
3357898241,0.3757189,0.32890347,0.2953776
3358313939,0.3179919,0.3554138,0.32659423
3358325567,0.30526847,0.3995577,0.29517382
3358334023,0.2950877,0.34702754,0.35788476
3358379083,0.26125935,0.41825616,0.32048446
3358806989,0.4298811,0.29788285,0.27223608
3359225860,0.42507613,0.27778953,0.29713434
3360097400,0.32654876,0.37390292,0.2995484
3360163610,0.52398217,0.20248109,0.27353674
3360830901,0.2576978,0.46728554,0.27501667
3361465544,0.439339,0.28050172,0.28015924
3361583865,0.5066152,0.20020916,0.29317564
3361629340,0.3613178,0.36662218,0.27205998
3362855847,0.40245694,0.30400145,0.2935416
3363181503,0.22562525,0.48717397,0.28720078
3365354730,0.36334074,0.33887416,0.29778513
3365476766,0.34446353,0.3669545,0.28858197
3365711891,0.30535775,0.40725762,0.28738466
3366163371,0.36368477,0.31352815,0.3227871
3366181088,0.42775172,0.28894258,0.28330576
3366376584,0.41709328,0.28379673,0.29910994
3366683187,0.30943638,0.29473138,0.39583224
3366813487,0.42187434,0.271964,0.3061616
3367109552,0.38751364,0.27726802,0.33521834
3367575341,0.2750317,0.4421602,0.28280813
3368110345,0.3854837,0.30809706,0.30641922
3368124299,0.4645179,0.2573136,0.27816844
3368445201,0.25654975,0.4432338,0.3002164
3368645814,0.3474027,0.3640545,0.28854275
3369010659,0.32864743,0.3792752,0.29207733
3369018162,0.2722872,0.44549215,0.28222066
3369616109,0.36556137,0.3492877,0.28515092
3369618589,0.33308935,0.37026823,0.29664248
3371348751,0.3361488,0.32578647,0.33806467
3371633618,0.30206728,0.3826571,0.3152756
3371724050,0.36824906,0.34705943,0.28469148
3371883954,0.28221837,0.4081672,0.30961442
3371888110,0.32191437,0.2965895,0.38149616
3371936115,0.25546008,0.4471135,0.2974264
3372381699,0.29280168,0.4379534,0.26924494
3373171974,0.4647689,0.23113704,0.30409408
3373221864,0.38001284,0.286784,0.3332032
3373268140,0.22772658,0.4769764,0.295297
3373326228,0.31197125,0.35229623,0.33573252
3373498301,0.34490186,0.36052787,0.29457027
3374774695,0.31232548,0.39447322,0.29320127
3375322673,0.26265997,0.43722916,0.30011085
3375507219,0.34699178,0.2831057,0.3699025
3375540761,0.4721982,0.23793659,0.2898652
3376477795,0.59199184,0.15591162,0.25209653
3376557821,0.38627043,0.28629476,0.32743478
3376989552,0.39026913,0.32227215,0.2874587
3376996698,0.35569534,0.3782626,0.26604205
3378237486,0.2821122,0.40791005,0.30997774
3378359442,0.30870843,0.2727999,0.41849166
3379059735,0.38994902,0.25787407,0.35217687
3379179148,0.32787234,0.360488,0.31163967
3379315192,0.3976071,0.30821264,0.2941802
3379336526,0.5135875,0.21270293,0.2737096
3380343163,0.35931972,0.34565204,0.29502824
3382591600,0.33702123,0.36323875,0.29974002
3382785612,0.34774467,0.3664264,0.28582898
3383431105,0.34494144,0.2965396,0.35851896
3384195968,0.3357219,0.33651438,0.32776374
3384237724,0.348248,0.32564414,0.32610786
3384534387,0.29147536,0.31970793,0.38881674
3384615924,0.32862312,0.36870775,0.30266917
3384716399,0.3477431,0.35143673,0.30082014
3384992078,0.50882447,0.22429298,0.2668826
3385391372,0.3389209,0.35848933,0.30258983
3385566106,0.34826976,0.36168188,0.29004836
3386037691,0.35493293,0.36195266,0.28311443
3386105197,0.28584343,0.34506002,0.36909658
3386190753,0.3208996,0.36937624,0.30972415
3387129846,0.3193108,0.39511836,0.2855708
3387715623,0.38897055,0.3124832,0.29854625
3388037815,0.35260072,0.3351899,0.31220937
3388260012,0.37750405,0.3346517,0.28784418
3388996618,0.30841795,0.35903,0.33255205
3389373637,0.39452216,0.22659872,0.37887913
3389472844,0.24511842,0.46244735,0.29243428
3389660594,0.3800884,0.3207519,0.29915974
3389868636,0.360866,0.31995428,0.3191797
3390326049,0.38151926,0.32218233,0.29629838
3390582814,0.2483365,0.475859,0.27580458
3391341927,0.32149792,0.378828,0.2996741
3392150848,0.501599,0.23222369,0.26617727
3392342136,0.30169636,0.40417403,0.2941296
3392937019,0.35314626,0.33496872,0.31188503
3393696372,0.27800554,0.38392583,0.3380686
3393850365,0.4731254,0.24074242,0.28613222
3393863373,0.31897098,0.37653986,0.30448917
3395206447,0.28211552,0.42177108,0.29611337
3395295545,0.36330023,0.3491176,0.28758216
3395591375,0.2810677,0.4216388,0.29729348
3395663881,0.33863398,0.366175,0.295191
3396348730,0.34209788,0.37035108,0.28755105
3396415317,0.46632463,0.23071408,0.30296132
3397170130,0.35439366,0.31946093,0.3261454
3397418243,0.2526388,0.45154306,0.29581815
3397688786,0.3718188,0.34805995,0.28012127
3398736564,0.36989897,0.32128978,0.3088112
3399573825,0.29550895,0.34189332,0.36259776
3399849034,0.39175466,0.2549917,0.35325357
3400086605,0.32179177,0.38922572,0.28898245
3400353802,0.29960048,0.41895866,0.28144088
3400520415,0.33772415,0.33572036,0.3265555
3401292830,0.31516904,0.32376665,0.3610643
3401697158,0.5016709,0.2419497,0.2563794
3401715928,0.26621562,0.43598378,0.2978006
3402267903,0.36236194,0.28504443,0.3525936
3402283190,0.38628873,0.33075696,0.2829543
3402894547,0.4595111,0.26607907,0.27440983
3402923473,0.34413698,0.32611465,0.32974836
3402951497,0.40426227,0.2827469,0.31299084
3403140276,0.28878635,0.31542224,0.39579144
3404240597,0.2100895,0.22679979,0.5631107
3404249791,0.35656565,0.33576328,0.30767113
3404463465,0.3058852,0.3658511,0.32826376
3404553100,0.29628217,0.40350375,0.30021405
3405408487,0.37546188,0.3602271,0.26431102
3405420000,0.36050564,0.33425254,0.30524176
3405760066,0.3565938,0.3660844,0.27732182
3405995956,0.34260604,0.34970933,0.30768466
3406499470,0.31804785,0.40437615,0.27757597
3407659353,0.44577104,0.27528414,0.2789448
3408290907,0.3175409,0.3832944,0.2991647
3408515440,0.31444544,0.37859344,0.3069611
3408518865,0.30197388,0.4061125,0.29191357
3408590007,0.38574982,0.32510945,0.2891407
3408733958,0.27951276,0.45340002,0.26708722
3410330813,0.33157054,0.34194928,0.32648015
3410442533,0.28106898,0.4041152,0.31481585
3410486103,0.57657254,0.1760171,0.24741045
3410635162,0.34090528,0.35073507,0.30835962
3410719105,0.33242208,0.3749509,0.29262704
3410755057,0.24755773,0.4823891,0.27005318
3411383796,0.32725194,0.3725357,0.30021238
3411667210,0.36103326,0.3493136,0.28965318
3412123024,0.34839886,0.3682419,0.28335923
3412228193,0.46491805,0.25795865,0.27712333
3412803488,0.30664366,0.3197301,0.3736262
3412825385,0.3648051,0.35631314,0.27888176
3413737966,0.31405562,0.30846977,0.37747455
3413824338,0.37399665,0.34193707,0.28406632
3413904087,0.30461913,0.42925572,0.26612517
3413932109,0.23744488,0.4974017,0.2651534
3414023952,0.38638437,0.3263421,0.28727356
3414354474,0.4451394,0.2683253,0.28653535
3414382457,0.32878777,0.3784552,0.29275703
3414728816,0.5244128,0.21645251,0.25913474
3414779440,0.24475983,0.4804905,0.2747497
3415138007,0.21674582,0.5064509,0.27680328
3415621432,0.4135632,0.28177682,0.30466002
3415882908,0.3556494,0.36909574,0.27525485
3415943718,0.40680283,0.308011,0.28518617
3416092628,0.36650977,0.31498012,0.31851006
3417035058,0.2395682,0.4889798,0.271452
3417801032,0.24527515,0.49231237,0.26241246
3419450216,0.31975055,0.3274724,0.35277706
3420034613,0.3338089,0.382546,0.28364515
3420967430,0.17552793,0.5635643,0.2609078
3421105798,0.23359114,0.4688957,0.29751316
3421208163,0.35409987,0.2943675,0.35153264
3421248584,0.2990715,0.4277831,0.27314544
3421517650,0.33756393,0.39519092,0.26724514
3421759496,0.31744066,0.28070152,0.40185785
3421922659,0.3696913,0.33656853,0.2937402
3422200799,0.25332743,0.20497711,0.5416955
3422203237,0.40193367,0.27575645,0.32230985
3422810050,0.3411083,0.3870719,0.2718198
3423252114,0.34237856,0.3530857,0.30453575
3423254003,0.36297777,0.33024618,0.3067761
3423337050,0.3520877,0.3496635,0.29824877
3423477752,0.3790906,0.33465448,0.2862549
3424316104,0.31951874,0.3734795,0.30700177
3424611127,0.44198823,0.28502452,0.2729873
3424720859,0.32181764,0.3691739,0.30900845
3425879718,0.3356418,0.3373939,0.32696426
3426332398,0.36183012,0.27860105,0.35956883
3426469730,0.38999423,0.32013488,0.2898709
3426525911,0.42088908,0.27176005,0.3073509
3426809799,0.5437107,0.19806805,0.25822124
3426934073,0.49184257,0.23260051,0.27555692
3427521018,0.48933414,0.24929328,0.26137257
3428376922,0.3279456,0.3786067,0.29344773
3428397904,0.4123064,0.29125416,0.2964394
3428831629,0.3838871,0.2897877,0.32632518
3429355434,0.38216633,0.3153836,0.30245006
3431083751,0.34421194,0.34680602,0.30898207
3431337714,0.3649848,0.36537445,0.26964077
3431610196,0.41201377,0.30104116,0.28694504
3432955243,0.3556937,0.35148144,0.29282483
3433126215,0.41326126,0.28705645,0.29968226
3433649207,0.31793883,0.36138445,0.32067674
3433839701,0.44673413,0.26107138,0.29219458
3433871708,0.31824028,0.32067508,0.3610846
3434345178,0.29457,0.3307748,0.3746552
3434518611,0.29879606,0.38487625,0.31632763
3434525226,0.40701556,0.29727697,0.29570746
3436315577,0.45114088,0.26264724,0.2862119
3437322600,0.40527296,0.2546466,0.3400804
3438826433,0.45706302,0.25116733,0.29176965
3438873122,0.31510124,0.37394527,0.3109535
3439115906,0.3803019,0.2741704,0.34552774
3439424550,0.36518356,0.32581195,0.3090045
3440359218,0.36574137,0.33352935,0.30072927
3440445973,0.35602292,0.30248946,0.34148765
3440494496,0.14074336,0.6153314,0.24392518
3440549694,0.42467368,0.2653947,0.3099316
3440589343,0.5300842,0.21631363,0.25360215
3440596988,0.3482405,0.35519946,0.29656005
3440643411,0.26458335,0.42935574,0.30606094
3440663146,0.32572606,0.36772746,0.30654645
3441126122,0.25013435,0.47321764,0.276648
3441283326,0.32490963,0.38612002,0.28897035
3441407499,0.31518984,0.35957754,0.32523265
3441640966,0.47373742,0.2420525,0.28421012
3442811366,0.36576784,0.32541412,0.30881804
3443254881,0.37162542,0.33895236,0.28942224
3443365547,0.39729255,0.2789281,0.32377934
3443577456,0.30496758,0.28423548,0.41079694
3443784754,0.36556265,0.35217062,0.28226674
3444666728,0.31306586,0.40365985,0.28327426
3444708943,0.35052228,0.36957836,0.27989936
3444841263,0.317868,0.384095,0.298037
3445134906,0.38468522,0.30565524,0.30965957
3445253305,0.2882806,0.413094,0.2986254
3445416051,0.24183312,0.47226572,0.2859011
3445778553,0.24919015,0.4417095,0.30910033
3445884899,0.38012516,0.28707612,0.33279872
3445998918,0.35373074,0.35855937,0.2877099
3446170358,0.36282712,0.34856695,0.28860593
3446826943,0.33798218,0.34121108,0.32080674
3446899736,0.33951423,0.35722837,0.3032574
3447339840,0.32863247,0.3726563,0.29871124
3448196423,0.18396996,0.55016464,0.26586545
3448727812,0.43608797,0.29134136,0.27257073
3449890656,0.42944688,0.2385304,0.33202273
3450084609,0.27267957,0.38940096,0.3379195
3450128588,0.37822136,0.3176602,0.3041184
3450666336,0.29424208,0.39961958,0.30613834
3451156068,0.31490415,0.33117938,0.3539165
3451187425,0.35140783,0.35607794,0.29251426
3451690618,0.25628284,0.4608476,0.28286952
3451825888,0.23483053,0.4928524,0.27231705
3452087643,0.2602793,0.24724206,0.49247867
3452306533,0.31148723,0.34483415,0.34367865
3452641074,0.29695255,0.29625902,0.4067884
3452656835,0.24600907,0.3263993,0.42759162
3452897588,0.4371881,0.27223936,0.2905726
3452971349,0.36903828,0.323331,0.30763072
3453172904,0.36999655,0.33826864,0.2917348
3453323161,0.32012463,0.38406298,0.2958124
3453433776,0.44337296,0.2694837,0.28714335
3453930188,0.36980468,0.3336235,0.29657182
3453977971,0.3022865,0.3695134,0.32820016
3455312331,0.35177243,0.37677914,0.27144843
3455356618,0.25048643,0.46147898,0.2880346
3456274869,0.39905667,0.33284634,0.26809695
3456475814,0.33853355,0.37050664,0.2909598
3458137169,0.39408958,0.3051434,0.300767
3458223543,0.35058326,0.37717813,0.2722386
3458659881,0.32883033,0.32278368,0.348386
3460853413,0.28757542,0.40743718,0.30498743
3461481268,0.3211746,0.38327432,0.29555112
3461633607,0.2915848,0.41980082,0.28861433
3462074745,0.4107146,0.3091411,0.28014433
3462598796,0.4406524,0.26721817,0.2921294
3462638601,0.24953964,0.46169657,0.28876376
3463439858,0.4177065,0.2972929,0.2850006
3463795208,0.33776027,0.37499732,0.2872424
3464025743,0.37329113,0.33659708,0.29011178
3464809226,0.33855593,0.37356812,0.28787595
3465024857,0.35169885,0.3704545,0.27784663
3465379477,0.34094715,0.36916643,0.28988642
3465744552,0.28321394,0.43799585,0.27879024
3466329886,0.3718058,0.3044761,0.32371807
3466613761,0.3201152,0.36960515,0.31027964
3466737646,0.19741276,0.55096143,0.25162578
3466807448,0.28652945,0.39509374,0.31837684
3466935492,0.30446526,0.42147207,0.27406272
3466959564,0.2356576,0.50883013,0.2555122
3467393478,0.31666404,0.38063112,0.30270484
3468600605,0.42939693,0.28038037,0.2902227
3469095406,0.3540268,0.3085086,0.33746463
3469217485,0.4386871,0.27979654,0.28151637
3469861150,0.24365303,0.45856658,0.2977804
3470791593,0.31537732,0.3123882,0.37223446
3470837322,0.37835786,0.3387952,0.28284693
3470923669,0.29267877,0.36617392,0.3411473
3472211036,0.37055418,0.33026177,0.29918402
3472890763,0.3683449,0.33544996,0.2962051
3473119337,0.42804295,0.2976371,0.2743199
3473409126,0.21749128,0.5212349,0.2612738
3473695606,0.31104612,0.30866688,0.380287
3473697466,0.33000502,0.30791748,0.36207747
3473745944,0.2823563,0.42955515,0.2880886
3474186879,0.36137566,0.34342977,0.29519463
3475006113,0.33333057,0.3444641,0.32220536
3475067443,0.2017371,0.53054166,0.26772124
3475087792,0.43654275,0.22995263,0.33350462
3475565233,0.37389565,0.29901528,0.3270891
3476251911,0.34162045,0.35445613,0.3039234
3476299508,0.19423835,0.5488244,0.25693724
3476523721,0.32198995,0.37071157,0.3072985
3477476741,0.3047976,0.30042347,0.3947789
3477955748,0.35699642,0.31738162,0.32562196
3479108101,0.36677524,0.36847237,0.2647524
3479233189,0.3326581,0.36173832,0.30560356
3480782243,0.46863052,0.23921853,0.29215097
3480799188,0.40122712,0.3114389,0.28733397
3480929448,0.33518243,0.32987782,0.33493972
3481489584,0.3224507,0.38594183,0.2916075
3481757191,0.3372823,0.3706442,0.2920735
3482285235,0.31116092,0.31162703,0.3772121
3482509484,0.27206445,0.4062713,0.3216642
3482979953,0.41288254,0.27859822,0.30851924
3483039076,0.49970633,0.21500973,0.28528398
3483298920,0.2448645,0.48777336,0.26736212
3483324683,0.36328673,0.33686438,0.2998489
3484192854,0.22353274,0.4637234,0.3127439
3484538696,0.35908675,0.36301413,0.27789915
3484782485,0.22786427,0.49218008,0.27995566
3484816269,0.23316526,0.50078267,0.26605204
3485102930,0.35074812,0.3465343,0.30271754
3485136199,0.3165741,0.31759298,0.36583292
3485189050,0.32536164,0.36796832,0.30667007
3485214578,0.3122698,0.40086386,0.2868663
3485554277,0.40215963,0.2957452,0.30209517
3486249428,0.27403134,0.42584416,0.30012453
3486406707,0.3342961,0.38101518,0.28468868
3487154554,0.3968691,0.31929243,0.28383845
3487456227,0.34094316,0.3546328,0.30442408
3487874062,0.3871647,0.3192948,0.29354042
3487875757,0.40035507,0.29084092,0.30880398
3487974056,0.35074666,0.3343472,0.31490615
3488894653,0.329269,0.38472074,0.28601024
3489662208,0.3537863,0.34372538,0.30248833
3489896053,0.34915993,0.3710824,0.27975765
3489905765,0.3043648,0.38278002,0.31285518
3490170770,0.29524755,0.3978569,0.30689555
3493103994,0.43507898,0.27177086,0.29315022
3493294821,0.3249738,0.34601307,0.32901308
3493856765,0.3937968,0.32249773,0.28370544
3494754040,0.4137865,0.28354925,0.30266422
3494833946,0.34185523,0.36395136,0.29419345
3495084034,0.36956015,0.25556472,0.37487513
3496246343,0.38281232,0.30249184,0.31469578
3497361239,0.39542398,0.31388223,0.29069382
3497560987,0.3295297,0.3833361,0.28713423
3498168100,0.35530388,0.34134293,0.30335316
3498586141,0.36577827,0.33331823,0.30090347
3498720760,0.37231684,0.31706473,0.31061846
3499666330,0.43419296,0.26874852,0.2970585
3499862924,0.43032953,0.26125085,0.30841962
3500018067,0.36625677,0.35476327,0.27897993
3500103921,0.6000186,0.16252282,0.2374586
3500925701,0.34793144,0.37579626,0.2762723
3501010324,0.28863204,0.43000183,0.28136614
3501245320,0.4101671,0.2815737,0.30825916
3501323858,0.42848143,0.2910878,0.28043076
3501962113,0.3177096,0.3785534,0.30373698
3502384960,0.35707423,0.35227728,0.29064852
3502899496,0.20562753,0.51094455,0.28342795
3502956208,0.3795448,0.31703326,0.30342194
3502984345,0.3227265,0.381572,0.29570144
3503305722,0.3860285,0.27440548,0.33956602
3503486846,0.33840072,0.32120067,0.3403986
3503595707,0.33124733,0.37025338,0.2984993
3503617822,0.32483512,0.2722994,0.40286547
3503886678,0.32144254,0.3774206,0.30113685
3504132550,0.38961577,0.329012,0.28137225
3504492251,0.37739468,0.3377877,0.28481764
3505322204,0.2846685,0.3530937,0.36223775
3506629837,0.49717206,0.23135921,0.2714687
3506980293,0.33059233,0.40238863,0.26701903
3507304933,0.4195559,0.2991321,0.28131205
3507419812,0.2990525,0.39667857,0.30426896
3508046419,0.29710352,0.3969872,0.30590928
3508513599,0.40335542,0.31253892,0.28410566
3509072838,0.25108916,0.46445653,0.2844543
3509921530,0.36923057,0.32067037,0.31009907
3510172782,0.41612753,0.29070386,0.2931686
3510487589,0.2968654,0.40906596,0.29406863
3510831895,0.35186985,0.35870647,0.28942367
3511269980,0.5230547,0.20266807,0.27427724
3512230107,0.3366695,0.38438982,0.27894062
3512287306,0.2891218,0.2674532,0.44342497
3512291490,0.2867841,0.3614702,0.3517457
3512962045,0.32422817,0.36821312,0.30755872
3513028582,0.3222134,0.3866809,0.29110566
3513085321,0.48372674,0.23637746,0.2798958
3514338215,0.26495793,0.45136535,0.2836767
3515027556,0.3521662,0.348876,0.29895782
3515105781,0.36070943,0.35100186,0.2882887
3515265397,0.369089,0.33970743,0.2912035
3515994772,0.25178242,0.4638393,0.2843783
3516268032,0.32772624,0.37268454,0.29958922
3516389130,0.41050017,0.2907516,0.29874825
3517380544,0.29738694,0.40637845,0.29623464
3517550177,0.3687089,0.34673142,0.28455973
3517791161,0.31840104,0.3929136,0.28868538
3518967317,0.3118477,0.3990432,0.28910917
3519001366,0.4015612,0.3110397,0.28739905
3519047429,0.36099914,0.36339116,0.27560967
3519080768,0.31250593,0.3184278,0.3690663
3519190404,0.28124204,0.3983649,0.32039303
3519242780,0.27145445,0.402449,0.3260965
3519949464,0.38891166,0.31602773,0.29506058
3520082507,0.30108353,0.40508536,0.2938311
3520520698,0.33030868,0.36911523,0.3005761
3522096824,0.21721786,0.52301496,0.25976712
3522252737,0.34530586,0.27741456,0.37727955
3522623057,0.28290233,0.35242692,0.36467075
3523636974,0.35719892,0.3418091,0.300992
3523712443,0.48809567,0.23398274,0.27792162
3523835560,0.3949968,0.27967462,0.32532853
3524057715,0.22641,0.5076059,0.26598412
3524996493,0.34119278,0.36320823,0.29559904
3525090061,0.45988506,0.256724,0.2833909
3525456887,0.3739827,0.35122603,0.27479127
3525563032,0.294731,0.29538873,0.40988022
3525634167,0.24888793,0.47118565,0.27992636
3526405689,0.2978951,0.37837362,0.3237313
3527437008,0.33172494,0.38215095,0.2861241
3528124976,0.372665,0.33766717,0.28966784
3528263093,0.3089279,0.39693958,0.29413253
3528824471,0.24398267,0.46181756,0.29419982
3528831494,0.2578676,0.4708439,0.2712885
3529592704,0.30188584,0.4077616,0.29035252
3529621483,0.36336744,0.32958102,0.3070515
3530220139,0.37630057,0.3257717,0.29792774
3530427771,0.31939045,0.3758854,0.30472416
3531063814,0.40398356,0.31460166,0.28141478
3531128301,0.30687988,0.3760938,0.31702632
3531153677,0.32756045,0.38450956,0.28793
3531271341,0.37327474,0.3302499,0.29647535
3531533455,0.3319528,0.3705243,0.29752287
3531900778,0.34291187,0.36217645,0.29491165
3532126063,0.22325277,0.49290693,0.2838403
3532503706,0.27810782,0.43771476,0.28417742
3532841250,0.3602845,0.34322393,0.29649156
3533083695,0.3332367,0.3829996,0.2837637
3533430383,0.3563698,0.35222703,0.29140317
3534180451,0.37049967,0.3415793,0.28792107
3535041409,0.39939559,0.30575895,0.29484546
3535051383,0.4996007,0.2196129,0.2807864
3535448304,0.24718882,0.37346876,0.37934238
3535452356,0.3770883,0.32995737,0.29295433
3535617794,0.2877664,0.42771462,0.28451896
3535822471,0.24367116,0.32759088,0.42873794
3536006301,0.29559046,0.39138782,0.31302172
3536589467,0.3718044,0.31093204,0.3172636
3537552908,0.2979408,0.41657943,0.28547975
3537813346,0.3610981,0.35586345,0.28303838
3537846651,0.3241229,0.29813516,0.37774187
3538626431,0.346342,0.36830574,0.28535223
3539832942,0.31792244,0.3685768,0.31350076
3539857135,0.5258871,0.1801891,0.2939238
3540864998,0.49003714,0.22156268,0.28840017
3540897218,0.37644798,0.32248276,0.30106926
3541274100,0.31282917,0.385186,0.30198485
3541744963,0.3645295,0.3337286,0.30174193
3542033755,0.29605997,0.42583734,0.27810273
3542155583,0.42439532,0.2620684,0.31353632
3542233866,0.39826822,0.29096764,0.31076416
3542612284,0.32161385,0.37781352,0.30057257
3543653746,0.24842674,0.47646803,0.2751053
3543788562,0.39640343,0.28233963,0.32125694
3544030483,0.33246347,0.36803454,0.29950202
3544110209,0.34214598,0.38410836,0.2737456
3544593490,0.3963824,0.30936158,0.29425603
3545050685,0.39770567,0.30125403,0.3010403
3545298842,0.22043446,0.2458421,0.5337235
3545374361,0.36981538,0.31518656,0.31499806
3545555202,0.34988904,0.34194535,0.30816558
3545828003,0.33118325,0.32943314,0.33938354
3545840669,0.35842437,0.32734394,0.3142317
3545935378,0.3700387,0.3423835,0.2875778
3546448098,0.28169823,0.38683015,0.33147162
3546601688,0.36230993,0.33382517,0.30386493
3546637174,0.33737415,0.33092827,0.33169758
3546756859,0.3707341,0.31931815,0.3099478
3546896065,0.32458538,0.3464812,0.32893342
3546902123,0.44221574,0.2555723,0.302212
3547127693,0.2819178,0.44419342,0.27388877
3547141716,0.4563222,0.25070623,0.29297155
3547929942,0.36285284,0.34853142,0.28861573
3548136364,0.51037645,0.22749454,0.26212898
3548295169,0.290985,0.30857098,0.40044403
3549757728,0.268607,0.42450082,0.30689222
3550058200,0.32841027,0.33515584,0.33643392
3550808545,0.34930444,0.33389258,0.316803
3551023037,0.33907646,0.3394899,0.32143366
3551058175,0.38606924,0.31965798,0.29427284
3551477478,0.3138959,0.38901353,0.29709056
3551505051,0.34842873,0.34573606,0.30583516
3551545990,0.3230892,0.31343403,0.36347678
3552109324,0.34384093,0.3071102,0.34904888
3552195410,0.29345965,0.41412714,0.29241318
3552202212,0.35568678,0.33137754,0.31293568
3552520616,0.3714062,0.32591864,0.3026752
3552907282,0.29120684,0.41238177,0.29641134
3553648616,0.3444752,0.36512113,0.29040372
3554330500,0.4912359,0.23753092,0.2712332
3554503683,0.43579185,0.2752033,0.28900486
3554528113,0.28173628,0.44530654,0.2729572
3554798061,0.3299288,0.27791476,0.39215642
3554813157,0.34280825,0.3529241,0.30426764
3555197494,0.37267673,0.30871177,0.31861144
3555559879,0.35405022,0.3660614,0.2798884
3556602351,0.2139374,0.50900924,0.27705342
3558176917,0.33431423,0.37735158,0.2883342
3558393920,0.480222,0.23474512,0.28503287
3558476042,0.27814847,0.39128998,0.33056155
3558505594,0.38012928,0.32824916,0.29162157
3559369723,0.27515036,0.43106422,0.29378545
3559423938,0.29767647,0.41665995,0.28566363
3560603336,0.32487547,0.39283144,0.28229308
3561249031,0.4073233,0.31111676,0.28155988
3561338756,0.3067388,0.3353182,0.35794294
3561506337,0.24819401,0.46202096,0.28978503
3561546594,0.31958467,0.35771585,0.32269946
3561571043,0.3113894,0.34129196,0.34731865
3561863418,0.3378371,0.36369973,0.2984631
3562277674,0.31079602,0.32838088,0.36082315
3562831745,0.36973408,0.30619985,0.32406607
3563020197,0.32878193,0.31810018,0.35311782
3563157231,0.24490827,0.4872896,0.2678021
3563580556,0.3432825,0.37970215,0.27701533
3564310960,0.5571737,0.18519029,0.25763604
3564406950,0.35980478,0.34604183,0.2941534
3564420926,0.30259767,0.35802835,0.33937395
3565179748,0.30503726,0.40592077,0.28904194
3565252363,0.32435256,0.3836196,0.29202786
3565314061,0.32039636,0.36813417,0.3114695
3565317149,0.3372351,0.29568195,0.36708295
3565433979,0.4050244,0.279751,0.3152246
3565751739,0.38053933,0.30503464,0.31442606
3566154899,0.36965334,0.31685722,0.31348944
3566563957,0.2672849,0.37189302,0.36082208
3566617510,0.32715422,0.33883202,0.33401376
3566636449,0.3469193,0.36161584,0.2914648
3567210401,0.37570688,0.3397567,0.28453642
3568039267,0.24867903,0.46712464,0.28419632
3569307669,0.3735745,0.34138963,0.28503588
3570801941,0.41158146,0.30548874,0.28292984
3571179882,0.43509758,0.25591737,0.30898505
3571217611,0.37396854,0.32619748,0.299834
3572446349,0.45309308,0.27580675,0.27110016
3572990107,0.30407453,0.40784913,0.2880763
3573328748,0.46548977,0.24266884,0.29184142
3573445457,0.2938348,0.41038138,0.29578385
3573516689,0.28038374,0.41583937,0.30377686
3574286692,0.31678298,0.34972882,0.33348823
3575022517,0.310693,0.4023918,0.28691518
3575579978,0.35990992,0.33534658,0.30474353
3575812488,0.34544727,0.36515534,0.2893974
3576231689,0.37163103,0.25826424,0.3701048
3576392436,0.3124485,0.38650662,0.30104488
3576544880,0.34016263,0.3845867,0.27525067
3576660886,0.48424542,0.239128,0.27662653
3576894648,0.33500957,0.34190196,0.3230885
3578278075,0.36059204,0.3773721,0.2620359
3578552320,0.3916123,0.3174799,0.2909078
3578593489,0.48385176,0.23536846,0.28077978
3578637616,0.28273538,0.43486875,0.2823959
3579155152,0.32002783,0.3236056,0.35636663
3579662898,0.29294378,0.310036,0.39702028
3580714575,0.36775857,0.33360904,0.29863238
3580979781,0.3189664,0.3909667,0.2900669
3581594347,0.4123858,0.29462364,0.2929906
3581811864,0.2687057,0.44141847,0.28987584
3581899190,0.3411147,0.33632314,0.32256216
3582293437,0.3584984,0.34359032,0.2979113
3582464636,0.3780399,0.26813835,0.35382175
3582506900,0.22699419,0.49386764,0.27913818
3582766601,0.3721081,0.27280957,0.35508233
3583570866,0.35236436,0.3539489,0.29368672
3583886974,0.36491513,0.36465263,0.2704322
3583927480,0.34869707,0.3731042,0.27819875
3583999779,0.39959615,0.28817853,0.31222534
3584576347,0.31476113,0.39246893,0.29276997
3584702927,0.30100712,0.405,0.29399288
3585979491,0.2566188,0.43244833,0.31093293
3585995655,0.36327958,0.3334772,0.30324322
3587126359,0.3763618,0.34408408,0.2795542
3587136464,0.37048596,0.32280993,0.30670404
3587202373,0.2890765,0.42726067,0.28366286
3587830837,0.2512244,0.31084153,0.4379341
3588886352,0.38331562,0.3234271,0.29325727
3589039142,0.32567763,0.3528872,0.32143515
3589138297,0.3307925,0.37149674,0.29771075
3589145199,0.4168713,0.26516312,0.31796557
3589343975,0.52565855,0.2187176,0.25562382
3589720584,0.43556455,0.25156862,0.3128668
3589837896,0.38727784,0.30857432,0.30414784
3589919211,0.3011196,0.39112604,0.30775434
3590177515,0.32154644,0.3739624,0.30449116
3590327782,0.292701,0.3572409,0.35005808
3590475961,0.25957018,0.36670673,0.3737231
3591191022,0.29531488,0.36832637,0.3363588
3591502688,0.42690957,0.27908581,0.29400462
3591617543,0.37886864,0.34215215,0.2789792
3592578325,0.2624184,0.38749915,0.35008246
3592610606,0.33602798,0.37597728,0.28799468
3592779218,0.4450361,0.25988698,0.2950769
3593603924,0.3393296,0.36239022,0.2982802
3595182704,0.59202963,0.16414101,0.24382932
3595558273,0.32151055,0.4037936,0.27469584
3595845136,0.3562873,0.3378755,0.30583715
3596234761,0.25717703,0.47671145,0.26611155
3596445145,0.35699058,0.34704322,0.2959662
3596860644,0.26010156,0.2793668,0.4605317
3597146723,0.23787957,0.2735468,0.4885736
3597151984,0.3088537,0.34401816,0.34712818
3597915091,0.37652105,0.3474633,0.27601564
3598371822,0.39073047,0.3299936,0.27927595
3598399803,0.3710705,0.35125944,0.27767006
3598608451,0.29787642,0.38523826,0.31688532
3599057519,0.491539,0.23192026,0.2765407
3599383115,0.33157936,0.3795392,0.28888145
3599952651,0.39513606,0.28517303,0.3196909
3600096178,0.33428258,0.34780973,0.31790772
3600438629,0.6040541,0.14803055,0.24791542
3600984724,0.30168396,0.3994982,0.2988178
3601052269,0.3260707,0.38572896,0.28820038
3601715789,0.3644744,0.33441842,0.30110723
3602178131,0.36836046,0.33719325,0.2944463
3602246322,0.2920304,0.41690105,0.29106858
3602357500,0.26529056,0.26411048,0.47059894
3602600687,0.35269833,0.34106204,0.3062396
3602630627,0.47464216,0.24677329,0.27858457
3602713522,0.41582644,0.26161367,0.3225599
3603149326,0.46070194,0.2595986,0.27969941
3603154507,0.35862735,0.33518487,0.30618778
3603439384,0.3212345,0.38585413,0.2929114
3603886789,0.31715053,0.32089847,0.361951
3604250287,0.26115683,0.36218572,0.37665743
3604442758,0.3414665,0.31904688,0.33948663
3604754589,0.36105156,0.36567363,0.27327478
3604999265,0.42418432,0.2926309,0.2831848
3605566747,0.37888753,0.33540386,0.28570864
3605598975,0.34084207,0.35220948,0.30694842
3605734628,0.36376327,0.3429056,0.2933311
3606104732,0.34300032,0.36349633,0.2935033
3606471663,0.35218984,0.3191291,0.32868105
3606579136,0.4228412,0.2882735,0.2888853
3606780073,0.27932334,0.4369946,0.28368205
3606806970,0.28991395,0.33833396,0.37175205
3607558102,0.36205304,0.3627196,0.27522737
3608074206,0.51184833,0.22847338,0.25967833
3608160808,0.34469247,0.35454217,0.30076537
3608362491,0.35363907,0.33260536,0.31375557
3609685574,0.35814297,0.36509788,0.27675918
3609919186,0.36258927,0.35900795,0.27840275
3609953696,0.38042307,0.32122403,0.29835296
3609980369,0.32825458,0.39299148,0.27875388
3610013302,0.36197793,0.31371203,0.32430997
3610149658,0.30255046,0.37682793,0.3206216
3610472025,0.42733914,0.28210416,0.2905567
3610998410,0.36940014,0.3418947,0.28870517
3611170910,0.27619848,0.4497537,0.27404785
3611427909,0.36521325,0.32449234,0.31029442
3611484413,0.4997362,0.20955426,0.29070953
3611929103,0.36813968,0.34339398,0.28846636
3612320829,0.24180575,0.4762179,0.28197634
3612379466,0.31528318,0.34279335,0.34192348
3613121792,0.2935459,0.43505692,0.27139717
3615516406,0.39362985,0.31894827,0.28742188
3615624694,0.31983662,0.35987547,0.32028788
3615763409,0.22564574,0.51514566,0.2592086
3615807787,0.39134064,0.31200773,0.29665166
3616079165,0.36287886,0.33517063,0.30195048
3616112393,0.2916674,0.2963212,0.41201133
3616200030,0.29551947,0.40313745,0.30134314
3616333863,0.36685818,0.3334896,0.2996522
3616430296,0.24920256,0.46377325,0.2870242
3617199858,0.3098881,0.37410164,0.31601024
3617790338,0.37975132,0.34622282,0.2740258
3617902736,0.35784066,0.33011872,0.31204063
3618089237,0.37412483,0.32386005,0.30201513
3618784346,0.48026004,0.24364746,0.2760925
3619595654,0.24490726,0.49927467,0.25581804
3619999607,0.2903261,0.37158728,0.33808666
3620127087,0.29666692,0.3928864,0.31044674
3620375943,0.38320452,0.3145064,0.30228907
3620640448,0.33322832,0.37289864,0.29387307
3620710928,0.44029844,0.28306577,0.27663577
3621075138,0.28755268,0.41380447,0.29864287
3621700778,0.32716376,0.37754184,0.29529434
3621794020,0.29128212,0.43763858,0.27107927
3621872275,0.2946915,0.4085701,0.29673842
3622641401,0.39479357,0.28123337,0.32397306
3622748520,0.28923756,0.40777314,0.30298927
3623216600,0.38574564,0.33659828,0.27765605
3624213171,0.31034628,0.37035984,0.31929383
3624247400,0.37172335,0.3164444,0.31183225
3624400242,0.3116683,0.26550654,0.42282516
3624812830,0.39837417,0.2830579,0.31856793
3624835943,0.30550298,0.41317347,0.2813236
3625399303,0.2631912,0.39287144,0.34393734
3625463758,0.2536833,0.4260285,0.32028824
3626462383,0.32220358,0.31644335,0.36135304
3626588827,0.3831296,0.3027324,0.314138
3626795242,0.25537494,0.44167733,0.30294773
3627211183,0.38837084,0.32798487,0.28364432
3628550994,0.2956475,0.40509397,0.29925853
3629342334,0.34512192,0.35587907,0.29899898
3629946350,0.36392343,0.33874655,0.29732996
3630156710,0.2605495,0.46488714,0.27456337
3630518008,0.26185203,0.46996948,0.26817846
3630619101,0.37575066,0.34793556,0.27631372
3630783766,0.29744196,0.34869522,0.35386285
3630988963,0.34256068,0.36074442,0.29669487
3631724351,0.3191988,0.30327398,0.3775272
3631932205,0.32891762,0.3805604,0.29052198
3632086367,0.39187163,0.28284237,0.325286
3633028664,0.2965982,0.40500236,0.29839945
3633314542,0.29424995,0.41032198,0.29542804
3633396701,0.39063382,0.31635827,0.2930079
3634874035,0.37632412,0.3115697,0.31210616
3635263387,0.2805906,0.30759564,0.41181374
3635268641,0.32534248,0.36682624,0.30783126
3635278547,0.37557173,0.25200936,0.3724189
3635484820,0.3602128,0.33200532,0.30778188
3636713338,0.2918348,0.410129,0.29803616
3636884986,0.39882195,0.3099041,0.29127395
3637261020,0.32615852,0.364192,0.30964947
3637470410,0.37235826,0.3154816,0.31216007
3637576663,0.29642484,0.42029935,0.28327584
3637896335,0.16357632,0.59136885,0.24505484
3638139002,0.26306087,0.4526288,0.2843103
3638165563,0.39040655,0.31426978,0.29532367
3638674163,0.36239254,0.34036103,0.2972465
3639568002,0.58901924,0.16412932,0.24685144
3639604948,0.26975787,0.39857846,0.33166367
3639635571,0.3913188,0.29869646,0.3099847
3639701142,0.32715178,0.36543977,0.30740848
3639825057,0.29520288,0.4115212,0.29327592
3639970298,0.3670093,0.3449693,0.2880214
3640906103,0.38201246,0.35056043,0.2674271
3641625011,0.405267,0.29537144,0.2993616
3641703696,0.33738673,0.3681904,0.29442286
3642278103,0.26400903,0.4458881,0.29010284
3642351306,0.4088214,0.27078974,0.32038882
3642614799,0.24900705,0.45198125,0.29901177
3642966515,0.28377873,0.44578296,0.2704383
3643326806,0.38713315,0.25643638,0.35643047
3643364753,0.3826033,0.2934065,0.3239902
3643579286,0.34849495,0.35932326,0.2921818
3644514481,0.44849268,0.2516796,0.29982775
3644645477,0.26941147,0.43684536,0.29374313
3645897735,0.254525,0.44151568,0.3039593
3647674946,0.27322945,0.3893134,0.33745715
3648723080,0.3634109,0.355089,0.2815001
3649316778,0.32875496,0.37061024,0.30063486
3649574415,0.3690146,0.33442056,0.29656485
3650367041,0.29643255,0.29369703,0.40987042
3650375014,0.35500073,0.33912903,0.30587026
3650511805,0.34096703,0.35380208,0.30523086
3650758625,0.29667026,0.40803182,0.29529792
3650867192,0.3572329,0.3383899,0.3043772
3651363537,0.3783149,0.30857557,0.31310952
3651614122,0.25054353,0.26060933,0.48884708
3652288451,0.361736,0.35027903,0.28798497
3653316916,0.30118138,0.41775346,0.28106517
3653428406,0.41587597,0.27643138,0.3076927
3653461116,0.21850118,0.22049269,0.5610061
3653689283,0.26061416,0.45206314,0.2873227
3653845774,0.44443268,0.27174672,0.28382057
3653967389,0.24261211,0.47354448,0.28384343
3654914308,0.44197276,0.26085097,0.2971763
3654937416,0.30155843,0.363912,0.33452958
3655193347,0.39471728,0.2726779,0.33260483
3656714533,0.33852732,0.35161382,0.30985883
3656855322,0.29436505,0.29105142,0.4145835
3657565753,0.35004526,0.2810864,0.36886835
3657767355,0.33210945,0.37330824,0.29458234
3658318160,0.3640536,0.36178753,0.27415884
3658392229,0.2606012,0.47569713,0.26370168
3658566676,0.41953248,0.26292783,0.3175397
3658795654,0.4961115,0.23044339,0.27344513
3658991985,0.50238085,0.22647864,0.2711405
3659307331,0.38683432,0.3403424,0.27282333
3659988358,0.28190452,0.36887494,0.34922057
3660466495,0.25889778,0.24982128,0.4912809
3660887021,0.45579213,0.21962643,0.32458138
3661566590,0.3341079,0.368959,0.29693308
3661602776,0.3824216,0.32485682,0.29272163
3662294764,0.20116743,0.51976216,0.2790704
3662487043,0.34898332,0.36642516,0.2845915
3663268034,0.35024586,0.3421888,0.3075653
3665168096,0.35758877,0.36513156,0.27727973
3666735176,0.3727582,0.33629096,0.29095083
3668083338,0.3145448,0.40058047,0.28487474
3668991488,0.37847602,0.26878822,0.35273582
3669005667,0.29546577,0.41212684,0.29240742
3669007133,0.36084837,0.36328533,0.27586633
3669120722,0.3651584,0.34954244,0.28529912
3669201990,0.33832616,0.36437914,0.2972947
3669442778,0.3158193,0.36557513,0.31860557
3669577586,0.48754025,0.24867734,0.26378244
3669717422,0.29,0.34587654,0.36412346
3670596186,0.31191072,0.4002446,0.28784466
3671397778,0.30008617,0.41272593,0.28718787
3672177816,0.32794958,0.39314592,0.2789045
3672331595,0.29788885,0.30170658,0.4004045
3672710194,0.39297593,0.31055322,0.29647085
3672885031,0.42687923,0.3043874,0.26873338
3672949798,0.36181375,0.34849125,0.28969496
3672962834,0.23638938,0.4831023,0.28050828
3673046513,0.29593742,0.39868578,0.30537683
3673550570,0.32602978,0.38441703,0.28955317
3673631257,0.21398115,0.5134968,0.2725221
3673915424,0.30547738,0.40177333,0.2927493
3674056820,0.3541345,0.3384487,0.3074168
3674991978,0.31728843,0.38988099,0.29283062
3675264140,0.22804388,0.4799617,0.2919944
3675573142,0.46029526,0.2632445,0.2764602
3675985723,0.3112112,0.27514738,0.41364145
3676254828,0.3981544,0.3182561,0.28358942
3676852925,0.2898984,0.41747445,0.29262713
3676864924,0.3381375,0.34373558,0.31812692
3676944211,0.46470332,0.25534424,0.27995244
3677542270,0.32638526,0.30337462,0.37024012
3678344046,0.3701046,0.36222166,0.2676737
3678354771,0.3417852,0.3753631,0.28285164
3678494888,0.25748724,0.45892462,0.2835881
3678918256,0.42075017,0.2895651,0.28968474
3679132468,0.30280071,0.37230873,0.32489055
3679752016,0.27680025,0.3811376,0.34206215
3679861908,0.40909964,0.3046484,0.28625193
3680268090,0.38666028,0.3339752,0.27936453
3680515046,0.28695685,0.42197797,0.29106516
3680992180,0.36011887,0.3818311,0.25805002
3682119430,0.3313291,0.3693847,0.29928622
3682613026,0.34308004,0.34159833,0.3153216
3682672488,0.2811458,0.29132542,0.4275288
3683184042,0.35640532,0.35130838,0.29228628
3683480096,0.22838497,0.49579167,0.27582338
3683773966,0.36893004,0.34649485,0.28457507
3683810074,0.34629774,0.32504606,0.3286562
3684237310,0.28406572,0.4296678,0.28626645
3684328848,0.33750534,0.29495513,0.36753953
3684769709,0.46483958,0.24909279,0.28606763
3685054900,0.40140694,0.30644184,0.2921512
3685382479,0.36110723,0.34772602,0.29116678
3686232527,0.34741563,0.32857215,0.3240122
3686384627,0.4446516,0.2575965,0.2977519
3686617184,0.3531815,0.34201044,0.30480808
3686746532,0.25792593,0.47420132,0.26787275
3686910324,0.35975087,0.35453779,0.28571135
3687297983,0.31058836,0.41382492,0.2755867
3687510342,0.29053798,0.29818287,0.41127914
3687736476,0.35117114,0.3652084,0.28362054
3687746974,0.36970806,0.30133456,0.32895732
3687946915,0.3031726,0.36390674,0.33292067
3688261984,0.4779253,0.25250286,0.2695718
3688955192,0.24037296,0.46723753,0.2923895
3688994942,0.45174646,0.25653973,0.2917138
3689417023,0.3350047,0.3867308,0.27826452
3689937226,0.3383034,0.3805544,0.2811422
3690002338,0.34596235,0.3494777,0.30455995
3690449146,0.37325513,0.32168818,0.3050567
3690826391,0.37003654,0.29034066,0.3396228
3691060514,0.4264638,0.28838813,0.28514808
3691514083,0.50027406,0.23176302,0.26796287
3691720622,0.30152857,0.29441047,0.40406096
3691980282,0.3341327,0.35797864,0.3078886
3692700791,0.2780332,0.42530403,0.29666275
3693213509,0.35874623,0.34371173,0.29754198
3693653598,0.4020842,0.3095543,0.28836152
3693805077,0.3024791,0.38562045,0.31190044
3694856400,0.47327125,0.23979385,0.2869349
3694917168,0.2736304,0.32940343,0.39696613
3695032801,0.21612573,0.51748544,0.26638877
3695632667,0.27386263,0.41423464,0.31190273
3695669672,0.35536253,0.3359599,0.3086775
3695730529,0.26807544,0.44642848,0.2854961
3696515701,0.36077008,0.35073042,0.28849947
3697012880,0.476452,0.25018266,0.27336538
3697176208,0.3181531,0.3580349,0.323812
3697449017,0.3452949,0.3621903,0.29251474
3698450240,0.3064776,0.3125192,0.38100326
3699863168,0.37832093,0.33883077,0.28284833
3699865854,0.35150382,0.3280099,0.32048634
3700474814,0.2414307,0.47174394,0.28682536
3700842000,0.32705784,0.36986792,0.30307424
3701455325,0.28952676,0.33545917,0.37501416
3701961104,0.30905378,0.3845978,0.3063484
3701965308,0.3135487,0.39314657,0.29330477
3702096459,0.38106468,0.3482182,0.27071708
3702225864,0.4230599,0.28903627,0.28790385
3703039733,0.2275489,0.48140198,0.29104912
3703216286,0.29567426,0.41506043,0.28926533
3703268540,0.5064233,0.22485542,0.26872128
3703807426,0.3002653,0.3380713,0.36166343
3704471220,0.47293305,0.24753168,0.27953526
3705269362,0.26360878,0.45115983,0.2852314
3705612429,0.39270288,0.31605947,0.29123765
3706672788,0.3974058,0.28760558,0.3149886
3706968151,0.20968026,0.51072466,0.27959508
3707317712,0.29559547,0.43230224,0.2721023
3707378093,0.2827027,0.42437243,0.29292488
3707441872,0.3516345,0.3550439,0.2933216
3707479007,0.3838834,0.336655,0.27946162
3707703587,0.4683208,0.24908705,0.28259218
3707708741,0.36531705,0.35469887,0.27998412
3708697020,0.28320652,0.30205873,0.4147348
3708797485,0.36017856,0.32078403,0.31903738
3708848178,0.26922926,0.23769766,0.49307305
3709151547,0.33187705,0.36315137,0.30497158
3709416269,0.33873934,0.37985384,0.28140682
3709586737,0.44563717,0.26921687,0.285146
3709962686,0.48533124,0.24182725,0.27284157
3710945249,0.47098857,0.25610626,0.27290517
3711196880,0.46609586,0.25936085,0.27454326
3711336122,0.37718946,0.33242714,0.29038346
3711572426,0.365956,0.32917833,0.30486566
3711651074,0.36180001,0.346117,0.29208297
3711914323,0.38750428,0.3215537,0.290942
3712004428,0.25334916,0.47960973,0.26704112
3712026570,0.32432824,0.36498958,0.31068212
3712076237,0.2947011,0.27909026,0.42620865
3713326809,0.3363911,0.34114406,0.32246488
3713918030,0.24440691,0.4766616,0.27893147
3714255796,0.31291586,0.3815729,0.30551124
3714387334,0.33966094,0.34930524,0.31103382
3715165360,0.3036425,0.41573876,0.28061873
3715268410,0.34220338,0.35194123,0.30585542
3715463573,0.29738957,0.29745764,0.40515277
3715608168,0.30994326,0.3783853,0.31167144
3715814867,0.4137093,0.29480025,0.29149044
3717583549,0.17740062,0.5643312,0.25826818
3717686644,0.4198532,0.28882122,0.29132554
3717781886,0.23703294,0.4873121,0.2756549
3718021905,0.25505197,0.45896736,0.28598064
3719588178,0.39966947,0.2985428,0.3017877
3719661386,0.27012187,0.41247028,0.31740782
3719892018,0.34658957,0.33448032,0.31893015
3720005219,0.36461878,0.33838314,0.29699808
3720006109,0.43272084,0.28335568,0.28392348
3720182490,0.25370154,0.34224212,0.4040563
3720346735,0.31788796,0.3457715,0.33634055
3721399115,0.3566664,0.34124625,0.30208737
3721874821,0.24280694,0.23233828,0.5248548
3722250556,0.30986518,0.3866653,0.30346954
3722383489,0.31618303,0.3896223,0.2941947
3722478645,0.34469137,0.3775223,0.27778634
3722663595,0.41694254,0.27039376,0.3126637
3723689058,0.19686913,0.5363246,0.26680624
3723766284,0.29944706,0.4033919,0.29716104
3724205743,0.47127914,0.24393976,0.28478113
3724547812,0.37178776,0.28301683,0.34519538
3724976446,0.2709819,0.44622064,0.28279752
3725027931,0.42288375,0.2898947,0.28722155
3725406667,0.44137466,0.2723562,0.28626913
3725460559,0.4166469,0.289469,0.29388407
3725635014,0.49895066,0.23804028,0.26300907
3726023799,0.5139212,0.2158333,0.27024552
3726415651,0.3149367,0.38460147,0.30046183
3726666602,0.4176185,0.30741102,0.2749705
3726833862,0.30472875,0.42082375,0.2744475
3727170884,0.3387468,0.38896587,0.27228734
3727923887,0.37606573,0.3282659,0.29566836
3728804995,0.34492272,0.34671068,0.3083666
3729162934,0.29422954,0.41871864,0.2870518
3729393639,0.3664971,0.316494,0.3170089
3729395661,0.2114713,0.4702355,0.3182932
3729428194,0.5580071,0.20317835,0.23881449
3730270867,0.30160996,0.4263875,0.27200255
3731768466,0.42121232,0.29342932,0.28535837
3731799708,0.4147501,0.2849841,0.30026573
3731824435,0.3411007,0.34239215,0.3165072
3732225241,0.2700696,0.47820723,0.2517232
3732293659,0.354434,0.36929306,0.2762729
3732336716,0.2760759,0.32170373,0.40222037
3732848011,0.25567454,0.43927258,0.30505285
3733056755,0.34276226,0.34007895,0.3171588
3733319312,0.31243652,0.3514432,0.33612025
3733614450,0.33101183,0.3545851,0.3144031
3734218942,0.35602012,0.31926957,0.3247103
3734529356,0.36110997,0.36032748,0.27856255
3734944021,0.30389827,0.40725154,0.2888502
3735006993,0.4469351,0.2606466,0.29241827
3735408811,0.32657492,0.35657585,0.3168492
3735558078,0.35020158,0.3616823,0.28811607
3735639810,0.30427176,0.4032904,0.29243785
3735766114,0.35516405,0.3540845,0.2907514
3737188175,0.30832475,0.30853164,0.38314357
3737543136,0.30802378,0.402426,0.28955022
3737851192,0.35981697,0.34356713,0.29661593
3738010876,0.3556791,0.3457051,0.2986158
3738387519,0.32516629,0.3607626,0.31407118
3738559037,0.43999505,0.26561627,0.29438865
3738749806,0.37755328,0.34642345,0.27602327
3739346291,0.35455108,0.31952292,0.325926
3739486994,0.31470707,0.34178385,0.34350908
3739654860,0.3229515,0.3627472,0.31430134
3739993851,0.2858854,0.3732249,0.3408897
3740018414,0.365246,0.3505093,0.28424478
3740057771,0.27651834,0.44041002,0.28307164
3740071849,0.26249477,0.43584204,0.30166316
3741801190,0.32103103,0.32173932,0.35722965
3743187888,0.48657927,0.23456815,0.27885258
3743743457,0.23572242,0.4967376,0.26753998
3743874734,0.330373,0.34072778,0.3288992
3744155147,0.33968744,0.3728225,0.2874901
3744303549,0.46670812,0.25324905,0.28004286
3744656253,0.2851908,0.4324188,0.28239045
3746035738,0.22540924,0.5117876,0.26280314
3746686033,0.37110084,0.32932094,0.29957822
3746708399,0.2984354,0.41527355,0.286291
3746910970,0.32453412,0.31434613,0.3611197
3747496222,0.41316485,0.29767147,0.2891637
3747712799,0.3716951,0.23322552,0.39507943
3747795109,0.32250997,0.38367778,0.29381227
3748396828,0.2968611,0.40016508,0.30297378
3748678930,0.2382234,0.47656614,0.2852105
3749050241,0.35504982,0.32791322,0.31703693
3749118402,0.35321134,0.33557206,0.31121656
3749781750,0.3251733,0.3818255,0.29300117
3750035884,0.30659795,0.40391597,0.28948608
3750514510,0.35137364,0.36060655,0.28801984
3751314777,0.3124159,0.37834302,0.30924112
3751351081,0.5495101,0.1966319,0.25385797
3751492229,0.33367726,0.39229435,0.27402836
3752160578,0.3375874,0.35827386,0.30413872
3753004450,0.3500417,0.34350207,0.30645624
3754049619,0.40723404,0.29602456,0.29674143
3755127319,0.300573,0.3779562,0.3214708
3755451447,0.49460983,0.2122769,0.29311332
3755586917,0.37273338,0.33567664,0.29158998
3756445148,0.30529767,0.3817574,0.31294492
3756588315,0.34583402,0.3138647,0.3403013
3756628684,0.34954774,0.34765995,0.30279234
3757908827,0.34259182,0.34884313,0.30856508
3758049327,0.37898344,0.30993885,0.31107774
3758207435,0.43583626,0.28183836,0.2823254
3758274822,0.25610816,0.44960058,0.29429126
3759278098,0.37128085,0.3196341,0.30908507
3759332697,0.29783142,0.4009505,0.30121812
3759767372,0.25625297,0.44273114,0.3010159
3760439929,0.27644032,0.44347212,0.28008753
3760802936,0.41300756,0.289209,0.29778337
3761339886,0.2817828,0.42176265,0.29645452
3761409737,0.36833417,0.33505356,0.29661226
3761520487,0.3239605,0.37769473,0.2983448
3761547405,0.33776018,0.37693232,0.2853075
3761926843,0.43817678,0.26560685,0.29621634
3762631344,0.38788447,0.30886427,0.30325127
3762682310,0.45056766,0.2614332,0.28799915
3763191966,0.33007413,0.3617556,0.30817026
3764248509,0.29415876,0.33256337,0.37327784
3764843303,0.31502956,0.3987679,0.28620255
3765170654,0.1805602,0.5582148,0.26122507
3765279485,0.34354153,0.36752456,0.28893393
3765305495,0.31550795,0.3955583,0.2889337
3765599159,0.3993157,0.31329325,0.287391
3766341025,0.31602708,0.33859766,0.34537524
3766372654,0.5064071,0.21772677,0.2758662
3766411270,0.39751282,0.32078046,0.28170675
3766482247,0.2493685,0.45099503,0.29963648
3766699109,0.4466517,0.26896477,0.28438354
3766904979,0.479998,0.25267515,0.26732683
3767267212,0.27475703,0.3454221,0.3798209
3767642004,0.37091267,0.3151714,0.31391597
3767716538,0.28171873,0.35636717,0.36191404
3767793899,0.35506207,0.34644055,0.29849744
3768037628,0.38051456,0.36595803,0.25352737
3768343103,0.27340513,0.44499293,0.28160197
3768406353,0.33827,0.36712784,0.29460222
3768753421,0.23416802,0.48710662,0.27872533
3769114854,0.32795566,0.33599564,0.33604866
3770507351,0.37250292,0.36013067,0.2673664
3771002520,0.38235915,0.31231475,0.3053261
3771098618,0.26352566,0.31074375,0.4257306
3771172165,0.25732702,0.43935853,0.30331445
3771453361,0.39007777,0.310198,0.29972422
3771704468,0.39439693,0.3252681,0.28033498
3772684797,0.34662628,0.3477555,0.30561823
3772870721,0.42239028,0.275227,0.3023827
3772975709,0.458134,0.2509074,0.29095852
3773015095,0.39198154,0.3091198,0.2988987
3773401058,0.45838064,0.26059896,0.2810204
3775090664,0.29046863,0.41918164,0.29034966
3775489739,0.4491297,0.25403056,0.29683977
3775935329,0.42130932,0.29312086,0.28556985
3776250968,0.29832304,0.39102185,0.31065506
3776828648,0.4342472,0.29470834,0.27104443
3777889204,0.47032928,0.22476342,0.30490726
3778089808,0.43503797,0.25708416,0.3078779
3778561201,0.3322545,0.4007455,0.267
3778770107,0.38573033,0.3245764,0.2896933
3778890574,0.22554117,0.5033715,0.27108735
3779022849,0.3851033,0.3075332,0.3073635
3779548151,0.28595194,0.36908233,0.3449657
3779580886,0.31429857,0.29043093,0.39527047
3780323554,0.32189605,0.38698325,0.2911207
3780547297,0.32726297,0.3403645,0.33237255
3780592340,0.23551771,0.4863316,0.2781507
3781518781,0.4798156,0.24955131,0.2706331
3781786293,0.365386,0.34113753,0.2934764
3781879787,0.23783347,0.25299633,0.5091702
3782216229,0.36509752,0.36020645,0.27469605
3783104098,0.35114762,0.37145096,0.2774014
3783280405,0.43000156,0.27784604,0.29215243
3783314182,0.3983121,0.3035002,0.2981876
3783510835,0.2607752,0.42016703,0.31905776
3783542263,0.3593657,0.38798416,0.25265014
3784249362,0.30383494,0.32856634,0.3675987
3784867911,0.2582991,0.4095692,0.33213162
3784921473,0.21773228,0.5096898,0.2725779
3785290243,0.35665068,0.36375016,0.27959916
3785991689,0.3967663,0.3163613,0.2868724
3786022677,0.3114721,0.357728,0.3308
3786796333,0.25637996,0.45675117,0.28686887
3786878206,0.3185771,0.3566653,0.32475758
3786899937,0.4052763,0.2997209,0.29500282
3787173535,0.3523256,0.34459507,0.30307937
3787377213,0.30680245,0.37553343,0.31766415
3788175356,0.31027654,0.38866168,0.3010618
3789357612,0.34651017,0.36079323,0.29269665
3789359717,0.32450098,0.3774578,0.29804128
3789552914,0.33996853,0.3473192,0.31271225
3789588494,0.40963072,0.2817102,0.30865908
3790917395,0.36435127,0.33774233,0.29790643
3791146524,0.16695246,0.5940454,0.23900212
3791323566,0.28101075,0.27617288,0.44281638
3791537345,0.3355987,0.35128638,0.3131149
3791805312,0.5185907,0.22429815,0.2571111
3792771939,0.36011457,0.2984913,0.34139413
3792825533,0.35934985,0.33901536,0.3016348
3793342621,0.28691113,0.41533542,0.2977535
3793680728,0.4314735,0.27346843,0.2950581
3794220164,0.2517389,0.4603172,0.2879439
3794524165,0.36567628,0.33725083,0.29707295
3794945679,0.26406622,0.27951974,0.45641407
3795342015,0.3489114,0.37677354,0.2743151
3795777210,0.51104474,0.23164909,0.2573062
3795934580,0.36345142,0.34220573,0.29434288
3796401115,0.31982327,0.40855697,0.27161974
3796696510,0.3609662,0.30108717,0.33794665
3796720818,0.36272842,0.36902606,0.2682455
3796900745,0.33731407,0.3456473,0.3170386
3797060152,0.36002657,0.35726193,0.2827115
3797338484,0.347283,0.33884162,0.31387538
3797430759,0.46283108,0.25640863,0.2807603
3797650279,0.36180153,0.35527658,0.28292188
3798481978,0.3461992,0.3793231,0.27447772
3798494249,0.35637107,0.34560835,0.2980206
3798771668,0.30266005,0.3680479,0.32929206
3798998187,0.24785155,0.47194362,0.28020483
3799380960,0.32971418,0.3712759,0.2990099
3799619258,0.33419648,0.35601315,0.3097903
3799764371,0.40412876,0.29951555,0.29635572
3800930942,0.34707925,0.34096795,0.31195283
3801226297,0.24846905,0.48387176,0.26765922
3802073634,0.3121518,0.36031115,0.32753706
3802154869,0.26394048,0.45152807,0.28453147
3803393913,0.35713777,0.35707936,0.28578287
3803462748,0.2961582,0.360957,0.34288478
3804048258,0.34207135,0.3543043,0.30362436
3804583935,0.43291467,0.27608642,0.29099897
3805051264,0.3872063,0.32132977,0.29146397
3805356928,0.2947495,0.31559065,0.38965982
3805707321,0.37746876,0.26194304,0.3605882
3805755931,0.34273022,0.37571347,0.2815563
3806073990,0.24947245,0.47068363,0.27984393
3806674157,0.2624799,0.29382113,0.443699
3806746755,0.5087936,0.23229417,0.25891227
3807495100,0.37947008,0.33998597,0.28054398
3807825433,0.49061927,0.23135096,0.27802977
3808276122,0.32010132,0.38716513,0.29273355
3808412708,0.4361583,0.25058985,0.31325188
3809351157,0.3031237,0.32921243,0.36766383
3809501871,0.4279343,0.26778257,0.30428314
3809885138,0.37485716,0.34247854,0.2826643
3809936468,0.27945077,0.39731896,0.3232302
3810284703,0.40484473,0.30447435,0.29068094
3811015098,0.31934574,0.35663798,0.32401627
3811521828,0.37678182,0.33750486,0.2857133
3812461967,0.43165764,0.28944582,0.27889654
3812477461,0.2804344,0.43626958,0.28329605
3812614080,0.35164046,0.34586638,0.30249316
3812833914,0.30719376,0.39090732,0.30189896
3813807352,0.24494322,0.29934883,0.45570794
3814029685,0.300089,0.37376866,0.32614237
3814190234,0.33037126,0.31103322,0.35859555
3814469033,0.3192204,0.3972386,0.283541
3815027373,0.3158313,0.27190816,0.4122605
3815132424,0.30045128,0.42935324,0.27019554
3815893321,0.27993178,0.43984514,0.28022307
3816031664,0.39992848,0.31008154,0.28998995
3816428447,0.34372896,0.37964576,0.2766253
3816449000,0.36239308,0.3199339,0.317673
3817015984,0.36209506,0.34565994,0.29224503
3817146812,0.4665561,0.27526337,0.25818056
3818083228,0.3576652,0.34950233,0.2928325
3818242307,0.2698657,0.45054567,0.2795887
3818266273,0.39915797,0.3144614,0.2863806
3818411187,0.33688825,0.3241081,0.33900368
3818578649,0.30302945,0.39387548,0.303095
3819989882,0.3725183,0.32942647,0.29805523
3820036357,0.35105932,0.35782325,0.29111746
3820448030,0.29899037,0.37107784,0.32993186
3820900711,0.25400802,0.46562666,0.28036535
3820949211,0.35654718,0.35035622,0.29309666
3821289167,0.32473844,0.31869018,0.35657138
3821325702,0.22033015,0.49374634,0.2859236
3821365645,0.41741765,0.27514035,0.30744204
3821693345,0.4024319,0.28023618,0.3173319
3822111075,0.3609162,0.3346784,0.3044054
3822395807,0.41789538,0.2926218,0.28948283
3822532431,0.445767,0.2785965,0.27563652
3822623829,0.27690917,0.32245493,0.4006359
3823365416,0.34326622,0.3523429,0.3043909
3823693468,0.31261194,0.3801621,0.3072259
3823716256,0.3605572,0.3562842,0.2831586
3824150472,0.28771305,0.37990636,0.33238065
3824337683,0.28024164,0.40061194,0.31914642
3824934279,0.40055504,0.3072186,0.29222634
3825044092,0.27819407,0.4493795,0.27242643
3825558361,0.38172814,0.29332185,0.32494998
3826552146,0.35439247,0.36515582,0.28045171
3826820548,0.28902918,0.29362273,0.4173481
3827038074,0.35074133,0.3440942,0.30516452
3827045844,0.39967555,0.29584193,0.30448252
3827797064,0.30185357,0.40790468,0.29024178
3827890090,0.36711293,0.33585596,0.2970311
3828121231,0.25088376,0.3006048,0.44851148
3828212517,0.34967747,0.34717506,0.30314744
3828921671,0.333355,0.377742,0.288903
3829866691,0.36900443,0.3449871,0.2860085
3830131619,0.27942076,0.41711274,0.30346644
3830223863,0.24171534,0.312725,0.44555962
3831383332,0.35870743,0.2618574,0.37943518
3832354658,0.31318486,0.4172169,0.26959825
3834125727,0.5527968,0.17686081,0.2703424
3835353848,0.5310396,0.20898888,0.25997147
3835486831,0.5266521,0.2118201,0.2615278
3835568388,0.42059946,0.3058234,0.27357715
3835786125,0.3543875,0.33145592,0.31415662
3836071757,0.45937717,0.27700472,0.26361814
3836220109,0.3175516,0.39603502,0.2864133
3836377706,0.23169467,0.4994591,0.26884624
3836519593,0.31325173,0.2832805,0.40346777
3836599079,0.3580842,0.34795618,0.29395962
3836654181,0.33704647,0.3645143,0.2984392
3836763001,0.29924148,0.34612757,0.35463092
3836822282,0.23049298,0.29405853,0.47544855
3836839628,0.2877193,0.39563206,0.31664863
3837095728,0.39594597,0.30560544,0.29844856
3837211640,0.3738752,0.32931885,0.29680595
3837298640,0.32907656,0.3871792,0.28374428
3837445208,0.33521608,0.28385714,0.3809268
3837639201,0.3701955,0.326432,0.30337253
3838354362,0.27118728,0.40810898,0.32070377
3839359874,0.3066545,0.399724,0.29362148
3839662153,0.40101704,0.3095035,0.28947946
3840813644,0.3616298,0.33896664,0.29940355
3841106815,0.4431669,0.2639917,0.29284137
3841177293,0.3391865,0.39265633,0.26815715
3841187348,0.34499097,0.34953392,0.30547512
3841539628,0.4875096,0.24758974,0.26490062
3842001935,0.33818513,0.38727373,0.27454114
3842344338,0.39183733,0.32628563,0.28187704
3842853961,0.40566948,0.3069815,0.28734905
3842957645,0.20625818,0.23134115,0.5624007
3843579862,0.36693376,0.34367996,0.28938624
3843665534,0.36024553,0.3347473,0.30500716
3843977915,0.31319278,0.36909664,0.31771058
3844079470,0.27508646,0.43337393,0.2915396
3844154198,0.43056005,0.23807654,0.33136338
3844817751,0.35826606,0.35704798,0.28468597
3845534361,0.31942666,0.3740944,0.30647892
3846730715,0.28559494,0.4212497,0.29315537
3847527196,0.35156482,0.36604315,0.28239202
3847540567,0.2883051,0.30106342,0.41063154
3847715872,0.23709404,0.49912047,0.26378545
3847915434,0.3665108,0.35605925,0.27742994
3848289028,0.3066318,0.37808433,0.3152839
3849390818,0.30743873,0.38892847,0.3036328
3849443204,0.40279996,0.30002955,0.29717052
3849580813,0.33713338,0.3676576,0.295209
3850775612,0.385098,0.31776994,0.29713207
3850777357,0.31440014,0.31250975,0.3730901
3852621599,0.31918246,0.2824394,0.3983782
3852673685,0.44500604,0.2709037,0.28409028
3853131435,0.38261682,0.33990183,0.27748135
3853345163,0.30334562,0.3382576,0.3583968
3853407805,0.37913814,0.2986101,0.3222518
3853541860,0.50821257,0.22413585,0.26765162
3853841389,0.3600887,0.34844226,0.29146904
3853934293,0.44205806,0.2635869,0.2943551
3854665600,0.43206495,0.2838601,0.28407496
3854924602,0.32566994,0.36898667,0.30534336
3855528899,0.27437818,0.44116738,0.2844544
3856023780,0.38640264,0.30507055,0.30852678
3856146345,0.21063048,0.5393724,0.24999711
3856312997,0.2598095,0.43384653,0.30634394
3857070217,0.32705194,0.3760752,0.2968728
3857225911,0.26657706,0.45593134,0.2774916
3857542864,0.36152482,0.34359974,0.2948754
3857701272,0.3915974,0.31681198,0.29159057
3857960705,0.36780292,0.31767988,0.3145172
3858385097,0.33039296,0.38207853,0.28752849
3858425137,0.30254287,0.28062126,0.41683584
3858596139,0.3084829,0.31840968,0.37310743
3859201381,0.27705336,0.39377952,0.3291671
3859259114,0.35594273,0.33748093,0.30657634
3859416473,0.37972653,0.3241752,0.29609826
3859752125,0.5163533,0.20782636,0.27582037
3860506026,0.26672786,0.26015067,0.47312146
3860837001,0.32736045,0.35121465,0.3214249
3860964123,0.29920173,0.30196857,0.3988297
3861791517,0.2839865,0.27265355,0.44335997
3862589167,0.28255796,0.3799014,0.33754057
3862889791,0.36564973,0.35234964,0.28200066
3863288150,0.39625725,0.31707838,0.28666437
3863384899,0.41254634,0.27827477,0.30917895
3864301388,0.40216655,0.30356985,0.2942636
3865307973,0.39805883,0.29869568,0.30324548
3865660213,0.3736091,0.3247642,0.30162674
3865915001,0.26185614,0.45875633,0.2793876
3866095506,0.4906322,0.23075947,0.27860832
3867011965,0.24536839,0.4771014,0.27753022
3867366441,0.35677868,0.36352766,0.2796936
3867909372,0.4450609,0.23383558,0.3211035
3868484486,0.30429792,0.25454962,0.44115245
3868973998,0.4035006,0.30231613,0.29418325
3868993576,0.26677865,0.40310654,0.33011478
3869265692,0.3404057,0.36284894,0.29674536
3869284113,0.23225832,0.2721933,0.4955484
3869434592,0.40036896,0.2993969,0.3002341
3870510885,0.34993947,0.35555384,0.29450673
3870588405,0.2536444,0.35112217,0.3952334
3870613604,0.33348653,0.39344668,0.27306682
3871606957,0.35454297,0.28804678,0.35741028
3871762337,0.2602672,0.41461945,0.32511336
3871874983,0.45222306,0.24949476,0.29828215
3871948964,0.2898762,0.42408484,0.28603894
3872042871,0.27942553,0.4373791,0.28319535
3872132261,0.26703095,0.45468402,0.27828506
3872599526,0.38790116,0.28304303,0.32905585
3872942736,0.31814027,0.3845523,0.2973074
3873367761,0.28409606,0.41946873,0.29643515
3873721817,0.33469805,0.3626635,0.30263847
3873909199,0.32361525,0.36562926,0.31075546
3875191004,0.2899771,0.43243128,0.27759165
3876177323,0.2592895,0.43380922,0.30690128
3876353636,0.3672837,0.3490621,0.28365415
3876416489,0.2469175,0.4702693,0.28281325
3876509665,0.3060872,0.40291044,0.29100233
3876575346,0.40300864,0.25109127,0.3459001
3877321824,0.20832694,0.5016173,0.29005575
3878023242,0.2997123,0.30633372,0.39395398
3878119954,0.32820153,0.34242848,0.32936996
3878958681,0.3714329,0.33599493,0.2925722
3880280939,0.37782237,0.33104318,0.29113442
3880761571,0.37820548,0.3280381,0.29375637
3881187809,0.35052842,0.339788,0.30968356
3881571249,0.39088413,0.3207604,0.28835547
3881638188,0.31726682,0.3110056,0.37172756
3881943687,0.3885448,0.30206317,0.30939206
3882233111,0.47551832,0.25615937,0.26832232
3882818874,0.49452674,0.24311733,0.26235592
3882835528,0.41542062,0.2894922,0.29508713
3883052874,0.3655728,0.350084,0.28434318
3883053766,0.37611425,0.24991539,0.37397033
3883188992,0.18099038,0.57427883,0.2447308
3883259074,0.37434503,0.30057433,0.32508066
3883382593,0.32034832,0.35976398,0.31988776
3884577125,0.28343993,0.42220405,0.29435602
3884819726,0.24872866,0.23269743,0.5185739
3884823978,0.33931535,0.388093,0.2725916
3885119210,0.29557958,0.4254234,0.27899706
3885487475,0.22906709,0.49523026,0.27570263
3885774247,0.26368958,0.46100813,0.27530226
3885863135,0.43540877,0.27775198,0.28683925
3885882058,0.3500121,0.35524547,0.2947424
3885946251,0.32996377,0.38560104,0.28443518
3886354982,0.368534,0.27721786,0.35424817
3886884537,0.44070816,0.26580605,0.29348576
3887096605,0.27831203,0.4419061,0.27978188
3887350507,0.3405842,0.37160206,0.28781378
3887546380,0.351205,0.34161073,0.30718422
3887814278,0.2672497,0.3339603,0.39879
3887913599,0.24904361,0.4468003,0.30415606
3888028201,0.4507423,0.27175385,0.27750382
3888262946,0.3692549,0.31248122,0.31826395
3888482940,0.46694785,0.24557057,0.28748158
3888687409,0.2661932,0.29927546,0.43453136
3889003744,0.25478092,0.42465013,0.32056892
3889985409,0.30740362,0.30646318,0.38613322
3890210883,0.4907764,0.22907981,0.2801438
3890819192,0.43816146,0.2617682,0.30007038
3890849941,0.37788063,0.3293848,0.2927346
3891030629,0.45681742,0.2775339,0.26564872
3891485973,0.37486973,0.3134002,0.31173006
3891661292,0.31535035,0.39369482,0.29095486
3891740571,0.25903532,0.3964178,0.34454694
3891869887,0.36714464,0.35110486,0.2817505
3892418715,0.53612125,0.20728032,0.25659838
3892615639,0.36157218,0.34689355,0.29153427
3893524764,0.29163367,0.43733984,0.27102646
3893859286,0.27730215,0.44887084,0.27382705
3894118103,0.4123377,0.30523613,0.28242615
3894235760,0.327817,0.4078588,0.2643242
3894284346,0.34358853,0.35309467,0.30331683
3894424828,0.27129138,0.40454167,0.32416695
3894551747,0.36014575,0.34290817,0.29694605
3894820669,0.30659688,0.30440217,0.38900092
3895392234,0.2536987,0.25805885,0.48824245
3895805384,0.48264307,0.24870583,0.26865113
3897310077,0.38048202,0.309339,0.31017905
3897330887,0.23750383,0.46889484,0.2936013
3897819959,0.27971733,0.44945747,0.27082518
3898216812,0.3613418,0.31739426,0.32126397
3898362763,0.36858922,0.34217012,0.28924066
3898485984,0.3175743,0.34523886,0.3371868
3899561426,0.3676054,0.33235162,0.300043
3900096085,0.37276065,0.3323111,0.2949282
3900142093,0.41230327,0.2942071,0.29348963
3900285961,0.32757998,0.35686716,0.31555283
3900515764,0.4234845,0.28506657,0.29144895
3900716878,0.32332823,0.29750574,0.379166
3901215894,0.33131933,0.37719494,0.29148573
3901350971,0.43789232,0.25250137,0.3096063
3901488791,0.31913793,0.39297667,0.28788537
3902095360,0.31519228,0.3276866,0.3571211
3902727014,0.3770535,0.34292227,0.28002426
3902816683,0.3844692,0.3373576,0.27817318
3903388603,0.31152743,0.25367427,0.4347983
3904372114,0.3998304,0.30301166,0.29715794
3904405473,0.3760945,0.3163111,0.30759442
3904536460,0.28337467,0.37196222,0.34466305
3906126657,0.28437132,0.42540342,0.29022527
3906796998,0.28842944,0.4221178,0.28945273
3906854254,0.48504618,0.22583318,0.2891206
3907386510,0.2591213,0.45050302,0.29037565
3907646440,0.37196654,0.31878617,0.30924731
3907771450,0.37850294,0.35574663,0.26575044
3908121630,0.32790983,0.3587858,0.31330436
3908570488,0.35311973,0.35174763,0.2951327
3908777473,0.37887892,0.3301381,0.29098296
3908800157,0.33233833,0.361129,0.30653262
3909152857,0.46073222,0.28685534,0.25241244
3909680262,0.280116,0.4064028,0.31348118
3910440746,0.3729179,0.27525997,0.35182214
3910640262,0.2455428,0.46716335,0.28729385
3912001245,0.3465772,0.37234315,0.28107965
3912535883,0.31341192,0.31477773,0.37181038
3913231784,0.2493999,0.45267954,0.29792055
3913344217,0.3911771,0.31963134,0.28919154
3913455269,0.27669853,0.39913577,0.3241657
3914209865,0.36386856,0.34407088,0.29206055
3914908508,0.32091898,0.3790948,0.29998624
3915776807,0.3099978,0.36967716,0.32032502
3916142598,0.45792738,0.24199273,0.30007988
3916269510,0.31812432,0.32155642,0.36031923
3916432991,0.28443596,0.4015931,0.31397095
3916502192,0.2459016,0.46538794,0.28871047
3916534349,0.29888368,0.3748861,0.3262302
3916782400,0.2770332,0.2748421,0.44812465
3917021224,0.36712068,0.37197545,0.26090384
3917041522,0.307993,0.4148543,0.27715272
3917170154,0.30346546,0.40325072,0.2932838
3917282680,0.3483016,0.3082783,0.34342018
3917378893,0.26427656,0.2606909,0.47503257
3917860080,0.262489,0.41102952,0.32648152
3918334383,0.45780742,0.25502664,0.28716588
3918406813,0.23466289,0.50143236,0.26390475
3918567518,0.37518382,0.32956296,0.29525322
3919297529,0.39164713,0.3206246,0.28772825
3919349165,0.43711913,0.27154928,0.29133165
3919434968,0.38588232,0.3222464,0.29187125
3919950208,0.51150644,0.22004807,0.2684455
3920312398,0.334939,0.35673392,0.3083271
3920738399,0.3749423,0.36037576,0.26468194
3921800141,0.28750658,0.44200802,0.2704854
3922037349,0.32580203,0.31882906,0.35536894
3922241646,0.4220059,0.3007424,0.27725166
3923390938,0.30674183,0.3892608,0.30399737
3923596825,0.37189686,0.3475244,0.28057873
3924046251,0.3788713,0.30976772,0.311361
3924525925,0.32895845,0.3782171,0.2928244
3924800120,0.34083486,0.37282866,0.28633654
3924930331,0.24303225,0.47504887,0.28191888
3926397598,0.32130855,0.34644943,0.332242
3927117189,0.26828283,0.40749273,0.32422447
3927372634,0.5070678,0.22010255,0.27282965
3927825495,0.40816227,0.2829942,0.30884352
3927888923,0.2845375,0.41615623,0.29930624
3928046501,0.41529125,0.3235182,0.26119053
3928255529,0.2824395,0.39607304,0.32148743
3928280292,0.39596808,0.29147428,0.3125576
3928528946,0.29139185,0.4194451,0.28916305
3928977997,0.31035796,0.33298653,0.3566555
3929410933,0.33192775,0.3816473,0.286425
3929748901,0.36892742,0.33120054,0.29987204
3929812193,0.27773798,0.25986415,0.46239784
3930126732,0.33837867,0.3031708,0.35845053
3930226372,0.27823249,0.37649912,0.34526843
3930236098,0.5174628,0.21787159,0.2646656
3932711533,0.2646381,0.4060875,0.32927436
3933558703,0.35372275,0.36589938,0.28037786
3933629971,0.33795488,0.27477083,0.3872743
3933953474,0.30699798,0.3742575,0.31874448
3934394978,0.3166117,0.3718118,0.31157643
3934794677,0.3247156,0.36109668,0.3141877
3935224870,0.28680396,0.3957178,0.31747818
3936073824,0.4260247,0.27155057,0.30242473
3937016305,0.22998065,0.37301522,0.39700416
3937535800,0.19762745,0.5317405,0.27063203
3937692421,0.45527112,0.26933262,0.2753963
3938299948,0.29291263,0.40476233,0.30232507
3938967638,0.3341409,0.3795433,0.2863158
3939214100,0.3235541,0.3570473,0.31939864
3939606262,0.5216436,0.20487505,0.27348137
3940122589,0.27167326,0.4535979,0.27472878
3940315190,0.43414742,0.2677623,0.29809028
3940568534,0.40865475,0.29868656,0.29265872
3940812560,0.34265512,0.36235008,0.29499477
3941111497,0.41559628,0.2815165,0.3028872
3941241582,0.2868542,0.40073436,0.31241137
3941275832,0.27811134,0.42927772,0.29261094
3941460572,0.29376882,0.35978496,0.34644622
3941799206,0.37904066,0.34741318,0.27354616
3941938532,0.33413064,0.3230682,0.34280118
3942607831,0.28285444,0.42604288,0.29110265
3942840482,0.32319772,0.36775115,0.3090511
3942939861,0.27182668,0.264813,0.46336034
3942974796,0.3535842,0.36933935,0.27707645
3943042243,0.3256801,0.38002366,0.29429626
3943195465,0.37167573,0.29758033,0.33074397
3943789733,0.5245653,0.22351465,0.25192004
3944154373,0.29397458,0.26151562,0.4445097
3944832712,0.46071437,0.22380914,0.3154765
3945398117,0.30013207,0.41703135,0.28283662
3945500605,0.34866294,0.3519345,0.29940256
3946319490,0.3732114,0.30947673,0.31731182
3946830896,0.3320886,0.30375516,0.3641563
3947240179,0.31300172,0.3821949,0.30480337
3947259040,0.34862134,0.3571998,0.29417884
3947919892,0.3423441,0.33314094,0.32451493
3948000494,0.36410338,0.36363238,0.2722643
3948503567,0.33198637,0.32063928,0.3473743
3948545558,0.37205145,0.34078485,0.28716373
3948691925,0.2545054,0.46523246,0.28026217
3948941816,0.3943557,0.30620795,0.29943633
3948949196,0.44458488,0.27370816,0.281707
3949123717,0.32779306,0.39121768,0.28098926
3949585138,0.3097601,0.30688107,0.38335887
3950138677,0.49465376,0.22769439,0.27765185
3950226447,0.37897694,0.32001483,0.3010082
3950955237,0.4436192,0.27140766,0.28497314
3952124164,0.33951604,0.32080895,0.339675
3952240738,0.38518187,0.32970577,0.28511235
3952354040,0.4273123,0.27864966,0.29403803
3953158032,0.334208,0.37480092,0.29099107
3953247050,0.36555535,0.3266764,0.30776823
3953721667,0.3050195,0.4124723,0.2825082
3953766494,0.34809127,0.35504198,0.29686671
3953779070,0.3067055,0.37024444,0.32305002
3954360710,0.23102036,0.48495406,0.2840256
3954418472,0.31903064,0.36045355,0.32051584
3954698594,0.29149503,0.36512846,0.34337646
3954711672,0.37731513,0.34025285,0.28243202
3954760489,0.27080786,0.37903816,0.35015398
3954924495,0.39088768,0.31850708,0.29060528
3954958187,0.41406986,0.26930827,0.3166219
3956010793,0.3031572,0.37993047,0.3169123
3956269050,0.40530893,0.30286407,0.29182696
3956682559,0.47952962,0.24368465,0.27678573
3956706439,0.37092018,0.33937693,0.2897029
3956717277,0.33580858,0.37198725,0.29220414
3957169234,0.29512125,0.42441273,0.280466
3957277267,0.3632262,0.31854504,0.31822875
3957622915,0.34838164,0.35916078,0.2924576
3957817208,0.35033083,0.36675513,0.28291404
3957983061,0.415879,0.2962563,0.28786474
3958217879,0.33527517,0.38765037,0.27707446
3958615315,0.36241043,0.3659653,0.27162427
3959986697,0.3966725,0.29501855,0.30830896
3960317906,0.3214571,0.3424189,0.33612394
3961508779,0.29015136,0.418278,0.2915706
3961913384,0.36060655,0.34116045,0.29823297
3962114279,0.36839563,0.3396936,0.29191083
3962196384,0.4930337,0.21814273,0.28882352
3962425556,0.36499977,0.3261239,0.30887634
3962565378,0.40610296,0.2920075,0.30188954
3962572625,0.3695002,0.3097744,0.32072544
3962644044,0.3654764,0.3251658,0.30935782
3962813769,0.35749823,0.35284746,0.2896543
3963469655,0.48192424,0.26061124,0.2574645
3964352885,0.2919857,0.42206153,0.2859528
3964881490,0.4674499,0.27668977,0.2558603
3965150353,0.3916796,0.29868764,0.30963278
3965176753,0.326818,0.33940277,0.33377928
3965609605,0.30725187,0.40164846,0.29109967
3965915335,0.2846656,0.42173406,0.29360032
3966885037,0.34076986,0.3633589,0.29587123
3967460464,0.29184976,0.40055773,0.3075925
3968193810,0.30168006,0.41286132,0.28545856
3968468141,0.35763103,0.36355275,0.27881622
3968874653,0.35089734,0.33495218,0.31415048
3969249987,0.37696365,0.33158696,0.2914494
3969771484,0.33820015,0.34511977,0.31668007
3969830490,0.34745365,0.33685744,0.31568888
3970158706,0.37661123,0.30757156,0.31581715
3970273165,0.25284883,0.28848118,0.45867
3970672226,0.3569777,0.3615684,0.2814539
3970753705,0.38414204,0.3131861,0.30267185
3970867491,0.31918716,0.2847448,0.39606807
3970890226,0.37440968,0.33598775,0.28960264
3971708696,0.29760274,0.26915652,0.4332407
3971816073,0.30591044,0.33526653,0.35882306
3972518736,0.3772872,0.2809698,0.34174296
3973475428,0.41407156,0.28978083,0.29614758
3973711672,0.29525754,0.4174471,0.28729534
3974402543,0.37213677,0.29272062,0.3351426
3975012757,0.48135966,0.23693854,0.2817018
3975378322,0.25735217,0.290614,0.45203382
3976290904,0.34669352,0.3669017,0.2864048
3976467948,0.32271063,0.365273,0.31201634
3977640207,0.39596033,0.31631237,0.28772727
3979205518,0.31760222,0.39426118,0.28813666
3979856543,0.30943033,0.3542226,0.33634713
3979861431,0.5084056,0.22129484,0.27029955
3980080434,0.3381676,0.3623328,0.29949963
3980251555,0.3190508,0.38659453,0.2943547
3982044934,0.37770104,0.32567406,0.2966249
3982103788,0.44420618,0.25781426,0.29797962
3982116212,0.51914227,0.20149636,0.27936137
3982289121,0.4124838,0.2808716,0.3066446
3982413471,0.32437643,0.36819968,0.3074239
3983085875,0.33808655,0.34820837,0.3137051
3983719476,0.32960767,0.3767935,0.2935989
3983797143,0.4525454,0.23328763,0.31416693
3984914850,0.34575224,0.31704527,0.3372025
3985702195,0.42379445,0.28765166,0.28855383
3986041636,0.37395367,0.2900031,0.33604324
3986205078,0.38894027,0.33257946,0.2784803
3986481169,0.2250903,0.21142554,0.5634842
3986750648,0.34094596,0.3438691,0.31518495
3987211678,0.32967302,0.33921146,0.33111554
3987433631,0.40110427,0.25271335,0.34618235
3988123282,0.38265622,0.29323944,0.32410437
3988238793,0.340334,0.37547415,0.28419185
3988445421,0.35970312,0.3310411,0.30925578
3988619764,0.4055154,0.306416,0.2880686
3989316956,0.37940916,0.3434946,0.27709615
3989664774,0.317063,0.38938105,0.29355597
3989744628,0.4531668,0.27435458,0.2724786
3990261261,0.32154447,0.38169706,0.29675853
3990414177,0.36157688,0.3117677,0.32665545
3990669092,0.2915715,0.40104282,0.30738565
3990672084,0.24943519,0.46838897,0.28217584
3991857184,0.39913186,0.31167763,0.28919047
3992225746,0.39280078,0.33659104,0.2706082
3993360637,0.22352916,0.20646927,0.5700016
3993419737,0.24927665,0.47530946,0.2754139
3994338332,0.30891627,0.40443563,0.28664815
3994457159,0.2845707,0.3575018,0.35792744
3995600877,0.34923643,0.34788787,0.3028757
3995697623,0.30508566,0.34190193,0.35301238
3995841927,0.35726386,0.33948863,0.30324748
3996185937,0.29369426,0.39868575,0.30762
3996745675,0.30524522,0.407979,0.28677574
3997125594,0.25944036,0.43897069,0.30158898
3997818216,0.39576685,0.29086244,0.31337076
3997948945,0.33883435,0.3604041,0.30076155
3999503462,0.35265374,0.34130397,0.3060423
3999563883,0.30895734,0.30013233,0.39091033
3999999343,0.57977915,0.17657664,0.24364424
4000225240,0.27419034,0.44547218,0.28033742
4000236844,0.35291988,0.32225448,0.3248256
4000625619,0.39303154,0.29303578,0.3139327
4000813413,0.48370284,0.23642205,0.27987507
4000879154,0.3276735,0.37170392,0.30062258
4001468334,0.36071932,0.355797,0.28348365
4002367608,0.34552693,0.34267053,0.3118025
4002975472,0.33840182,0.35657096,0.30502722
4003870179,0.34584132,0.3646435,0.28951514
4004090640,0.34430957,0.3602102,0.2954802
4004987712,0.34621263,0.32746774,0.32631963
4005773718,0.5301217,0.21495628,0.25492203
4005807981,0.35270593,0.35360733,0.29368675
4006346066,0.3912286,0.31848,0.29029137
4007023518,0.42118397,0.3000219,0.27879414
4007492024,0.26624638,0.33635214,0.3974015
4007719626,0.34583497,0.324331,0.32983407
4007735149,0.44198412,0.27556372,0.2824522
4008175429,0.2598707,0.4257828,0.31434655
4008679042,0.37665865,0.29349515,0.3298462
4008893503,0.2690615,0.43178564,0.2991529
4009024859,0.30116898,0.42751002,0.27132097
4009085793,0.32661211,0.3871602,0.28622767
4009262990,0.36761162,0.33674258,0.29564583
4009594178,0.40545374,0.3100822,0.28446406
4009800075,0.39048836,0.3138286,0.29568303
4010663177,0.32448578,0.37930942,0.29620486
4010946242,0.34026605,0.3483954,0.31133854
4011111059,0.27498308,0.457061,0.26795593
4011168801,0.34300593,0.36796755,0.28902656
4011773200,0.30921227,0.33617577,0.35461196
4012398100,0.33863682,0.36942846,0.2919347
4012446560,0.35391644,0.3568279,0.28925568
4012591092,0.36635566,0.32265854,0.3109858
4013209546,0.35875502,0.32941192,0.31183302
4013887601,0.41514337,0.2672688,0.31758782
4014316347,0.30558467,0.40743613,0.2869792
4014391119,0.34324747,0.33829457,0.31845796
4014875999,0.2660606,0.45060563,0.28333375
4015003223,0.25831115,0.44402915,0.29765964
4015141681,0.46153104,0.25555804,0.2829109
4015725594,0.39250505,0.27088016,0.3366148
4016159538,0.36954856,0.3336137,0.29683775
4016670916,0.31126475,0.3727352,0.31600004
4016693631,0.2255297,0.49860054,0.27586976
4016851112,0.34402597,0.32744783,0.32852623
4017018701,0.38190836,0.32203817,0.2960534
4017085499,0.41940278,0.28349632,0.2971009
4017092489,0.40135697,0.30273268,0.29591033
4017232365,0.454615,0.26397192,0.28141308
4017248815,0.294963,0.39553848,0.30949855
4017634675,0.33729315,0.36123914,0.3014677
4017723252,0.27431408,0.23693615,0.4887498
4017971385,0.4227895,0.27633873,0.30087173
4018342662,0.35279202,0.37317562,0.2740324
4018690722,0.3214122,0.3880822,0.29050562
4018977601,0.37060022,0.27894074,0.3504591
4019101855,0.3369878,0.3301999,0.3328123
4019531249,0.29990286,0.33735886,0.36273828
4019633666,0.36760074,0.35125622,0.281143
4020450965,0.3281218,0.369292,0.30258623
4020622060,0.25732192,0.46920705,0.27347106
4020733595,0.3196208,0.3886713,0.2917079
4021307945,0.35321558,0.32663018,0.32015428
4021320326,0.40368563,0.29759812,0.29871622
4022943638,0.24606216,0.48709643,0.2668414
4023242890,0.34987363,0.3470953,0.30303106
4023251369,0.31391573,0.28500336,0.4010809
4023763904,0.35543758,0.36733532,0.2772271
4023937558,0.3191473,0.37536645,0.3054863
4024154027,0.32967997,0.36916643,0.30115357
4024341376,0.3157511,0.38295642,0.30129248
4024372711,0.3750244,0.35348088,0.2714947
4024490030,0.23033673,0.516491,0.25317228
4024613330,0.4428982,0.267261,0.28984082
4025386765,0.23062277,0.5027332,0.26664406
4025550374,0.4532352,0.24310647,0.3036583
4025690192,0.23166393,0.28286693,0.48546916
4026215365,0.34558976,0.34578615,0.3086241
4026306087,0.27816352,0.406218,0.31561852
4026357172,0.35487244,0.36094153,0.28418607
4026361783,0.503878,0.22367868,0.2724433
4026531671,0.3488497,0.3543942,0.2967561
4027053701,0.212501,0.5113958,0.2761031
4027719926,0.3207119,0.41150016,0.2677879
4027810214,0.3975043,0.30775106,0.29474467
4028248955,0.50342,0.23247218,0.2641078
4028748234,0.31595975,0.35221314,0.33182716
4028959811,0.25688297,0.46558788,0.27752915
4029017906,0.3083486,0.3813337,0.3103177
4029024774,0.33705878,0.36144656,0.30149472
4029961621,0.34536496,0.38059124,0.2740438
4030058169,0.34539163,0.3625763,0.29203203
4030361188,0.27010342,0.43903112,0.29086545
4030388553,0.3141955,0.385485,0.3003195
4030396756,0.3726967,0.32750198,0.29980126
4030579381,0.38129765,0.33839995,0.28030246
4031124548,0.34341002,0.375183,0.281407
4031956754,0.44077533,0.25991777,0.29930693
4032443830,0.40262341,0.30796492,0.28941166
4032881709,0.2680914,0.26170048,0.47020808
4033334160,0.50640297,0.23075487,0.26284218
4033773005,0.34140128,0.33248812,0.32611054
4035218664,0.26823482,0.377661,0.3541042
4035465604,0.3180259,0.382558,0.29941615
4035494350,0.37210864,0.34379226,0.28409916
4035872072,0.3554493,0.33634692,0.30820382
4036073207,0.22604492,0.39765716,0.37629795
4036770933,0.32273197,0.36835158,0.30891645
4037165975,0.3302893,0.36041403,0.30929667
4037512865,0.44512075,0.25799018,0.29688913
4037854465,0.41415048,0.29088283,0.2949667
4038232582,0.499582,0.22835141,0.27206656
4039037544,0.36810628,0.35006845,0.28182524
4039352019,0.38852274,0.306971,0.30450618
4039622179,0.3461129,0.32839775,0.32548934
4039797566,0.24947447,0.45777017,0.29275537
4040232529,0.34473485,0.3448855,0.31037965
4040887697,0.33701545,0.36980116,0.29318345
4041185419,0.38162124,0.3167194,0.30165935
4041395609,0.41674095,0.2796219,0.30363715
4041430665,0.2740685,0.45083803,0.27509353
4041523237,0.34353518,0.35672718,0.29973763
4041814344,0.3811945,0.33075172,0.28805375
4041828630,0.33872116,0.33766854,0.32361028
4042048905,0.36726338,0.31939936,0.31333724
4042303215,0.38134035,0.3164345,0.30222514
4043553788,0.23505297,0.50572145,0.25922558
4043811582,0.32985556,0.36282766,0.30731678
4044358946,0.2557466,0.45027047,0.29398292
4044433720,0.35920632,0.3518154,0.28897828
4044549037,0.2704469,0.40859246,0.3209606
4044854606,0.3995211,0.303761,0.2967179
4045273718,0.4133256,0.30292004,0.28375438
4046303274,0.35801303,0.35357803,0.28840894
4046343687,0.33794227,0.33322576,0.32883197
4046356889,0.28007737,0.30399758,0.4159251
4046527902,0.4174769,0.3111931,0.27133
4047203188,0.35928178,0.31586593,0.3248523
4047417165,0.37112772,0.35817933,0.27069294
4047558886,0.33118683,0.31499597,0.35381722
4048240841,0.29530305,0.35758924,0.3471077
4048461804,0.30637538,0.40099382,0.2926308
4048519243,0.3375627,0.35702777,0.30540952
4050061319,0.357445,0.3532285,0.2893265
4050433326,0.40652275,0.30401456,0.2894627
4050521717,0.33253556,0.33440876,0.33305565
4050666589,0.39933223,0.3174361,0.28323165
4050835697,0.41917068,0.29081246,0.29001692
4051143214,0.30638647,0.4078669,0.28574663
4051224269,0.30112043,0.36240256,0.33647698
4051336090,0.3714478,0.3299942,0.298558
4051351230,0.38818026,0.26611117,0.34570855
4051863306,0.34341395,0.33822548,0.3183606
4051914203,0.4263274,0.2801245,0.2935481
4052060304,0.27198607,0.43927476,0.28873917
4053213331,0.3292514,0.35349122,0.31725734
4053718229,0.40619394,0.2813617,0.3124444
4054067019,0.42266488,0.28685442,0.29048073
4054598029,0.33980882,0.3751292,0.28506202
4055019143,0.3233229,0.40060338,0.2760737
4055024634,0.4344526,0.28154522,0.2840022
4055034459,0.35448006,0.3367725,0.30874747
4055046483,0.3472966,0.33327353,0.3194299
4055153883,0.33378452,0.38759404,0.27862144
4057101709,0.48027956,0.2351881,0.2845323
4057316162,0.40338147,0.29662246,0.29999608
4057464953,0.36202043,0.3419842,0.29599535
4057799304,0.41387373,0.30368012,0.28244615
4057872650,0.41488653,0.26515374,0.31995973
4058368941,0.20781764,0.5251862,0.26699615
4058593594,0.32291132,0.4035911,0.27349755
4059079489,0.3639326,0.32305688,0.31301057
4059145203,0.5976216,0.15985745,0.24252093
4059162348,0.30611062,0.3832769,0.31061256
4059421911,0.41456288,0.28706673,0.29837036
4059485874,0.20625085,0.52741766,0.2663315
4059719747,0.37906826,0.3414445,0.27948725
4060437195,0.30472133,0.40286288,0.2924158
4061196990,0.309085,0.31862348,0.37229148
4061254967,0.23245385,0.45289838,0.31464776
4061955800,0.33234376,0.32858914,0.33906713
4062341948,0.28605857,0.4321,0.28184146
4062867867,0.32168603,0.3599977,0.31831628
4063955308,0.37164634,0.31548864,0.31286508
4064333383,0.3769418,0.3367957,0.28626257
4064381909,0.2496913,0.45745176,0.29285687
4064809354,0.30109283,0.34248775,0.35641944
4064861548,0.27888936,0.2965064,0.4246043
4065135259,0.28887457,0.39251375,0.3186117
4065933547,0.27298853,0.30316138,0.42385006
4066623788,0.30861557,0.3985302,0.29285425
4066966573,0.34489012,0.2934549,0.361655
4066970778,0.30847782,0.4012012,0.290321
4067497396,0.35496962,0.29508758,0.3499428
4067980952,0.31750745,0.38261864,0.29987395
4068048209,0.31854162,0.37477967,0.3066787
4068113258,0.26135257,0.34547228,0.3931752
4068318584,0.26954675,0.24134201,0.48911124
4068382780,0.28644478,0.42397082,0.2895844
4068621652,0.17623232,0.57932854,0.24443917
4070148345,0.33854938,0.29057693,0.3708737
4070317979,0.35071766,0.3595745,0.28970784
4070389371,0.36090833,0.35376054,0.2853311
4071399303,0.33220375,0.32820523,0.33959103
4071412508,0.36455142,0.32003337,0.31541517
4072436549,0.35733595,0.35879117,0.2838729
4073321243,0.3268267,0.34601986,0.3271535
4073612080,0.22276378,0.50615215,0.27108407
4074153625,0.42292047,0.28160566,0.29547387
4074946800,0.30483866,0.2749925,0.42016888
4074949495,0.35654598,0.36212963,0.28132442
4075426844,0.3867181,0.28662336,0.3266586
4075625241,0.3147629,0.36920863,0.3160285
4075783992,0.37470034,0.32275346,0.30254626
4075842465,0.2556501,0.41513914,0.32921076
4076196775,0.28861493,0.42451787,0.28686717
4076256883,0.36364728,0.34658152,0.2897712
4076577978,0.36344236,0.34395853,0.29259914
4077065687,0.37350073,0.33506835,0.2914309
4077100781,0.37616396,0.31753778,0.30629826
4077714913,0.4168198,0.28436995,0.29881024
4077739421,0.55343604,0.19469352,0.25187042
4077898943,0.24878755,0.4827477,0.26846474
4078309963,0.3989619,0.29431784,0.30672023
4078350528,0.28768307,0.41960123,0.29271576
4078380089,0.3288359,0.36556572,0.30559838
4078984638,0.3990366,0.31381252,0.28715086
4079124970,0.36215186,0.32389128,0.31395686
4079157109,0.41577482,0.30819044,0.2760347
4079746714,0.56783915,0.18710008,0.2450608
4080538406,0.36621284,0.31080884,0.32297832
4080562510,0.29687047,0.3432511,0.35987842
4080672836,0.3037564,0.40894157,0.2873021
4080725843,0.235771,0.25402153,0.5102075
4080966544,0.35443264,0.3330143,0.31255305
4081003227,0.27196342,0.28040785,0.44762874
4082533476,0.3884258,0.3426947,0.26887953
4082559011,0.28676015,0.39605224,0.31718764
4082560358,0.26470697,0.37270367,0.36258936
4083114455,0.31041744,0.391999,0.29758352
4083236962,0.34456342,0.35283113,0.3026055
4083764040,0.35682702,0.3498094,0.2933635
4084068108,0.31156605,0.34981692,0.3386171
4084265915,0.32472384,0.389224,0.2860522
4084487286,0.38069326,0.31541044,0.3038963
4084628546,0.38715088,0.28822824,0.3246209
4084942674,0.4855514,0.22756329,0.28688532
4085125900,0.36499318,0.3128819,0.3221249
4087098854,0.40092278,0.3189637,0.28011352
4087693311,0.39606482,0.30968136,0.2942538
4087986740,0.5076402,0.22382471,0.26853514
4088072943,0.22877568,0.5032419,0.2679824
4088780445,0.3682623,0.336362,0.2953757
4089120875,0.34509605,0.32424814,0.3306558
4090260143,0.4192122,0.24415004,0.3366378
4090473547,0.3880908,0.28876114,0.32314807
4090632724,0.46590132,0.24616367,0.28793502
4091041232,0.37506425,0.31546906,0.30946666
4091196013,0.39307863,0.32245076,0.2844706
4091209556,0.4301551,0.2755981,0.2942468
4091717985,0.2838906,0.33193117,0.38417828
4091912992,0.31600702,0.35898867,0.32500434
4091932308,0.35720164,0.36818,0.27461833
4092412559,0.32405555,0.36956102,0.30638343
4092672341,0.28441474,0.4276393,0.287946
4092788359,0.3508755,0.3499292,0.2991953
4093103379,0.42669404,0.29589593,0.2774101
4093729393,0.4195832,0.26375878,0.31665802
4093808630,0.42192054,0.2876007,0.2904787
4094548618,0.46009272,0.2662321,0.27367514
4094552948,0.36932087,0.344496,0.28618315
4094654247,0.44598898,0.26643893,0.2875721
4095335222,0.32737982,0.2969834,0.37563676
4095811089,0.27562594,0.40161115,0.3227629
4095813678,0.2664851,0.4584204,0.27509454
4096699897,0.44876343,0.26749417,0.28374237
4097384790,0.5593779,0.18560997,0.25501207
4097497577,0.37346268,0.3122201,0.31431723
4098139581,0.30927563,0.34276468,0.34795976
4098148081,0.27922356,0.43455678,0.28621966
4098483367,0.32064605,0.3411721,0.33818188
4099367257,0.2684681,0.28001738,0.45151448
4099374315,0.36391032,0.25204223,0.38404748
4099772054,0.36269617,0.3475114,0.2897924
4100759070,0.337386,0.38268209,0.2799319
4100873686,0.30038267,0.4161833,0.28343397
4102128365,0.341775,0.3863119,0.2719131
4102192667,0.28928977,0.42579103,0.28491914
4102378551,0.39760575,0.30410144,0.29829282
4102693162,0.29852962,0.40949255,0.29197782
4102812675,0.22580928,0.4986941,0.27549672
4102945508,0.30485344,0.30485344,0.39029315
4102995253,0.28612563,0.3881559,0.32571846
4103012153,0.40707454,0.31810692,0.27481854
4103967893,0.25238207,0.4667681,0.2808499
4104012231,0.2968804,0.39061013,0.31250948
4104260430,0.4238068,0.28713822,0.289055
4104671898,0.34617206,0.3453576,0.3084703
4104842016,0.36300492,0.29248887,0.3445062
4105424726,0.56211233,0.18695867,0.25092897
4106386335,0.3080315,0.35259205,0.33937645
4106757710,0.30733964,0.3768496,0.31581074
4107619765,0.340441,0.3308341,0.32872492
4107801829,0.37401432,0.3285024,0.2974833
4107915054,0.35008904,0.3517751,0.29813585
4108171981,0.33760577,0.37661076,0.28578347
4108698624,0.34550655,0.34211352,0.31238
4108843698,0.3385989,0.37276477,0.28863633
4109711883,0.4644976,0.21277934,0.3227231
4109967894,0.38101685,0.3448022,0.2741809
4110616793,0.47851393,0.2518989,0.26958716
4110680169,0.33737963,0.35396814,0.30865222
4110788775,0.37405515,0.33632678,0.28961807
4111031334,0.36991453,0.35333967,0.27674583
4111510164,0.39500403,0.29427987,0.3107161
4112996790,0.43369287,0.2896846,0.27662253
4113098387,0.372001,0.31590098,0.31209803
4113151185,0.22645229,0.48656994,0.28697777
4113534165,0.41479975,0.29040962,0.29479063
4113618432,0.3941021,0.31669554,0.2892024
4113646048,0.3039937,0.40622854,0.28977782
4113979630,0.427086,0.27084693,0.302067
4114870092,0.26145136,0.4538318,0.28471687
4115127058,0.36423934,0.3608029,0.27495778
4115361724,0.2860554,0.284666,0.42927858
4116134745,0.29822508,0.40108934,0.30068558
4116856726,0.37469345,0.30896065,0.31634587
4117063982,0.47463304,0.20970827,0.3156587
4117226385,0.28236765,0.4299581,0.28767425
4117283513,0.3210328,0.39071086,0.28825635
4117427035,0.569716,0.18263705,0.24764697
4117476760,0.2509554,0.45550722,0.29353744
4117670614,0.2827257,0.41885307,0.29842126
4117754350,0.43789077,0.27905956,0.2830497
4117758636,0.24016961,0.4172034,0.342627
4118665458,0.36228552,0.27157292,0.36614156
4118954991,0.5903378,0.16940305,0.24025914
4120631279,0.25582018,0.41826516,0.32591462
4120702809,0.3843006,0.32770276,0.2879966
4120734066,0.25170806,0.31045467,0.4378372
4120802048,0.4316097,0.2872563,0.281134
4121163290,0.44209033,0.27622983,0.2816799
4121315843,0.32355455,0.3501866,0.32625884
4121373088,0.23128381,0.5100118,0.25870436
4121651943,0.3998276,0.28882614,0.31134623
4121719051,0.37050062,0.3382826,0.2912168
4121969664,0.37849993,0.34826875,0.27323136
4122162081,0.30107063,0.40473095,0.2941984
4122708799,0.30836403,0.3577639,0.33387208
4123077977,0.22149992,0.49622977,0.2822703
4123179092,0.3478267,0.35255116,0.29962212
4123746080,0.31632984,0.36561137,0.3180588
4124641753,0.27660704,0.43962908,0.2837639
4124644292,0.41672683,0.2970035,0.2862696
4125998331,0.29902422,0.3822746,0.31870112
4126612761,0.2718438,0.43839103,0.28976518
4127035740,0.37071294,0.336515,0.29277205
4127980058,0.33145005,0.35908127,0.3094687
4128721971,0.52821827,0.20469618,0.26708555
4128769631,0.45670438,0.26530662,0.27798897
4129500606,0.35848492,0.37038508,0.27113003
4129600660,0.3142609,0.3748784,0.3108607
4129765973,0.28776273,0.42583376,0.2864035
4130164025,0.3106594,0.38400674,0.3053338
4130620953,0.46493924,0.24270272,0.29235804
4131135985,0.3692885,0.34157252,0.2891389
4131751766,0.32815987,0.3939789,0.2778613
4132714818,0.35989916,0.34939882,0.29070204
4132779342,0.38931096,0.28553054,0.32515848
4132997135,0.34568194,0.37872186,0.27559623
4134035947,0.30102056,0.3900648,0.30891466
4134427534,0.3480157,0.3463061,0.30567822
4134667226,0.322986,0.3808698,0.29614428
4134720014,0.33674017,0.35632825,0.30693156
4135761275,0.36177385,0.31416932,0.3240568
4135871705,0.38820565,0.3200007,0.29179364
4136025247,0.27073598,0.3949751,0.3342889
4136163860,0.23259926,0.47092885,0.29647192
4136587469,0.3742866,0.34961691,0.27609646
4137293684,0.25316942,0.46755975,0.27927083
4137915882,0.3393339,0.32384682,0.3368193
4138368225,0.16447285,0.55914384,0.27638328
4138405412,0.36329588,0.34497476,0.2917294
4138739624,0.33005083,0.35819092,0.31175822
4139612279,0.3552934,0.35980695,0.28489965
4139906326,0.4119027,0.30571216,0.28238514
4139960622,0.37272912,0.34462288,0.2826481
4140079955,0.3392884,0.36153328,0.2991783
4140393062,0.3210889,0.3448944,0.3340167
4140412752,0.3761307,0.32865733,0.29521197
4140547518,0.3468858,0.36289302,0.2902212
4140956092,0.27019882,0.4630748,0.26672637
4141357125,0.36491922,0.3160099,0.31907085
4141607749,0.29132986,0.27789417,0.43077603
4142653457,0.36688465,0.3259428,0.30717248
4143081279,0.36144716,0.3158346,0.3227182
4143194920,0.19545798,0.55024004,0.25430205
4143543088,0.33165252,0.38639987,0.2819476
4143673319,0.44309574,0.26652667,0.2903776
4143998942,0.29978985,0.3669377,0.33327252
4144590311,0.35339808,0.34958422,0.29701772
4144624674,0.35414398,0.35581988,0.2900362
4145652418,0.4490115,0.26227787,0.28871062
4147384765,0.44063276,0.26325595,0.29611126
4147521786,0.44823998,0.25983527,0.29192472
4147987911,0.2994627,0.30965814,0.39087915
4148235796,0.30331457,0.3840146,0.3126709
4148246014,0.3351668,0.3546868,0.31014642
4148311732,0.43503156,0.28505743,0.279911
4148660315,0.3976012,0.29828814,0.3041107
4148827122,0.3496215,0.35574332,0.29463518
4149235469,0.31000298,0.37957227,0.31042475
4149503140,0.30173856,0.30345124,0.39481023
4150125228,0.29876253,0.38861224,0.31262523
4150178952,0.40639395,0.29054096,0.30306503
4150317813,0.38544273,0.33362663,0.28093064
4150994705,0.19551447,0.19456577,0.6099198
4151396289,0.3422559,0.35521924,0.30252483
4151554296,0.31084594,0.30577943,0.38337466
4151780367,0.49635136,0.22605875,0.27758992
4152599050,0.31243244,0.31243244,0.37513515
4152708184,0.22337766,0.234757,0.54186535
4153644606,0.3299326,0.36622685,0.30384052
4153796147,0.312116,0.39894643,0.28893754
4153850017,0.37343287,0.28164372,0.34492344
4154720652,0.49734414,0.23964325,0.26301262
4154789780,0.32377857,0.31793594,0.3582855
4155081458,0.3141806,0.37870267,0.30711675
4155322269,0.33657205,0.36831015,0.29511786
4155815570,0.37170166,0.32902807,0.2992703
4156200449,0.5429716,0.18366449,0.2733639
4156246813,0.2897745,0.41512662,0.29509887
4156903170,0.42031133,0.29341897,0.28626972
4157065930,0.32362574,0.3603363,0.31603795
4157468989,0.40314823,0.31790465,0.27894714
4157553702,0.3912534,0.3252812,0.2834654
4157596697,0.29050404,0.39622372,0.3132723
4158162820,0.3328091,0.39117706,0.27601382
4158216844,0.39504382,0.24375755,0.3611986
4158871941,0.28515184,0.41072458,0.30412352
4159212573,0.1350644,0.62855554,0.23638006
4159252230,0.35932747,0.33687615,0.30379638
4160207478,0.41687644,0.2930742,0.29004937
4160326571,0.345873,0.3208639,0.3332631
4160558878,0.25142226,0.24303955,0.5055382
4160779326,0.21692453,0.5132336,0.26984182
4161257562,0.46526158,0.23953402,0.2952044
4161333523,0.3545046,0.37791407,0.26758134
4161345695,0.31540942,0.29426748,0.3903231
4162252188,0.37653825,0.329444,0.29401773
4162445817,0.44533515,0.27010664,0.28455824
4163446392,0.43793792,0.27773237,0.2843297
4163549039,0.2512231,0.36684138,0.38193554
4164639546,0.31319088,0.40113026,0.28567886
4164946281,0.3569595,0.3608067,0.28223377
4165192940,0.47089747,0.25801992,0.27108264
4166166911,0.35538673,0.3359614,0.30865186
4166206527,0.35429832,0.3307763,0.31492543
4166271996,0.3771311,0.31959084,0.30327806
4166443743,0.35146254,0.3424613,0.30607617
4167068924,0.33007622,0.34102923,0.32889456
4168436541,0.35451376,0.3548014,0.29068488
4168905424,0.32842165,0.37839174,0.29318655
4168973736,0.3747149,0.32569128,0.2995938
4169282752,0.27270484,0.44622025,0.28107488
4169352682,0.385673,0.28196108,0.33236593
4169521484,0.36614978,0.35433367,0.27951658
4170134628,0.42712718,0.27338302,0.2994898
4170283219,0.39354834,0.33513308,0.2713186
4170768954,0.3625828,0.3446374,0.2927798
4170903915,0.24457274,0.48519814,0.27022913
4171201817,0.48522002,0.22533883,0.2894411
4171729273,0.25486284,0.44888192,0.29625523
4171998584,0.39681453,0.31505507,0.28813037
4172303561,0.31500092,0.3688399,0.3161592
4172499314,0.4184864,0.29231578,0.28919783
4172674866,0.26446137,0.47026175,0.26527685
4172864939,0.40358245,0.31295714,0.28346044
4172915139,0.37942988,0.31348068,0.3070895
4172989254,0.3720013,0.33251205,0.29548663
4173785422,0.34927619,0.3394658,0.31125802
4174058512,0.5250225,0.21221985,0.2627576
4174180886,0.2562002,0.45364606,0.2901538
4174718145,0.43238136,0.27331376,0.29430485
4174835967,0.23311946,0.48060274,0.28627783
4175245801,0.30604672,0.2663151,0.42763814
4175305822,0.34002483,0.34939775,0.31057742
4175436066,0.45419174,0.2647499,0.2810583
4175546451,0.44852602,0.28068003,0.27079397
4176288077,0.4543936,0.27675295,0.26885346
4177758178,0.4614923,0.25213298,0.28637475
4178090534,0.31316435,0.36306584,0.3237698
4178113438,0.34506243,0.3025301,0.35240743
4178202274,0.36100402,0.36226398,0.27673197
4178221700,0.3560388,0.38407254,0.25988862
4179193113,0.404692,0.30919778,0.2861102
4179516353,0.34472686,0.3618932,0.29337993
4180217850,0.3531999,0.32169437,0.3251057
4181032576,0.3663467,0.26001438,0.3736389
4181784550,0.459005,0.25257334,0.28842175
4182333701,0.5162502,0.21599826,0.26775151
4183084229,0.28729215,0.27042675,0.44228107
4183561471,0.4238523,0.28959954,0.28654817
4183954545,0.34294266,0.37432528,0.28273213
4184269064,0.34481692,0.35377732,0.3014058
4185132007,0.34499943,0.35824978,0.29675078
4185135579,0.20344138,0.53518957,0.26136902
4185273438,0.25548178,0.46835083,0.2761674
4185499146,0.35371286,0.33179927,0.31448787
4185585688,0.30391806,0.40778977,0.28829223
4185724417,0.31669903,0.39002824,0.29327276
4187060144,0.34095547,0.32015067,0.3388939
4187659488,0.3231223,0.3699277,0.30694997
4187818011,0.39240676,0.32110956,0.28648368
4188572588,0.4851656,0.23697141,0.27786297
4188720589,0.3383317,0.34174925,0.31991902
4188882777,0.29299265,0.4103942,0.29661316
4189199849,0.34023106,0.37807035,0.28169858
4189373812,0.46963498,0.23501517,0.29534987
4190355019,0.2390801,0.47631812,0.28460175
4190607147,0.24424557,0.48448172,0.27127272
4190774693,0.33974615,0.36230803,0.29794586
4191809121,0.42604363,0.30698496,0.26697144
4192140404,0.40223306,0.31102607,0.2867408
4192445564,0.2664578,0.4338653,0.2996769
4192994643,0.41896635,0.27760655,0.3034271
4193685101,0.43406934,0.27374345,0.29218727
4193688494,0.33063978,0.37977195,0.28958824
4194150310,0.2972952,0.40245116,0.3002536
4194578980,0.2968837,0.40277153,0.30034474
4194973013,0.41093457,0.27693033,0.3121351
4195348438,0.52766436,0.21854378,0.25379184
4195835698,0.3636815,0.33547467,0.30084378
4196302229,0.31632456,0.2970963,0.38657913
4196464969,0.3412046,0.3703798,0.28841555
4196492906,0.29500702,0.39410806,0.3108849
4196634256,0.34300196,0.33991265,0.3170854
4197094854,0.40304214,0.2766978,0.32026005
4197483593,0.33288664,0.3651836,0.3019298
4198384283,0.38778567,0.30862433,0.30359
4198453021,0.34045202,0.30626318,0.3532848
4198665000,0.3322793,0.36374503,0.3039757
4198823489,0.3355192,0.32905167,0.33542916
4199341465,0.24740387,0.46682775,0.2857684
4200088116,0.23170152,0.22750068,0.5407978
4200178121,0.39039016,0.28912482,0.32048506
4201029752,0.2831721,0.43374664,0.2830813
4201572470,0.34699953,0.33709043,0.31591004
4201597732,0.21028775,0.53895265,0.25075957
4201858738,0.44184414,0.2403715,0.31778437
4202253676,0.3497991,0.36119723,0.28900367
4202272395,0.37393603,0.31149846,0.31456548
4202369684,0.33881342,0.37103507,0.29015148
4202588088,0.29726732,0.37459368,0.328139
4202774026,0.37484846,0.33038834,0.29476318
4202808023,0.22520542,0.4875046,0.28728995
4203159050,0.2827555,0.40911406,0.30813044
4203472375,0.49456185,0.22986686,0.2755713
4203708763,0.3617577,0.35273337,0.2855089
4203735144,0.371531,0.33554846,0.29292056
4204395194,0.33011195,0.39333332,0.2765547
4205207896,0.30234033,0.39016396,0.3074957
4205926084,0.4010501,0.31049514,0.2884548
4206644455,0.3396054,0.34856388,0.31183073
4206692298,0.3489475,0.3598072,0.29124528
4206856770,0.19136567,0.56920385,0.23943046
4207145444,0.3074419,0.36152515,0.331033
4207230250,0.36823922,0.34710053,0.28466025
4207608715,0.33876914,0.35351375,0.3077171
4207858001,0.5259481,0.2195186,0.2545333
4208033247,0.42871922,0.2889304,0.28235042
4208070973,0.39201927,0.3087136,0.2992671
4208337852,0.3844005,0.32729584,0.28830364
4208856820,0.36484903,0.34111452,0.29403645
4209241314,0.27409437,0.29094,0.4349656
4210188715,0.3182578,0.3954025,0.2863397
4210339544,0.4091255,0.28905833,0.3018162
4210751808,0.32898936,0.38367903,0.28733164
4210995470,0.30950326,0.4163291,0.27416772
4211106202,0.29695064,0.3065585,0.39649087
4213015875,0.29696965,0.4094125,0.2936178
4213057466,0.32622147,0.36378613,0.30999237
4213118986,0.29720294,0.27455497,0.42824203
4213159674,0.23284552,0.46602994,0.30112457
4213202148,0.30371732,0.39092565,0.30535704
4213413316,0.33486974,0.37698236,0.28814793
4213513434,0.3399821,0.34444302,0.3155749
4213638078,0.32062614,0.35129637,0.3280775
4214265819,0.3707126,0.34694684,0.2823406
4214450583,0.32669348,0.306686,0.36662054
4214811844,0.34723055,0.36740136,0.28536808
4215105062,0.3027562,0.38118005,0.31606376
4215140113,0.32370824,0.3771601,0.2991317
4215775875,0.2975031,0.39822865,0.30426818
4215855431,0.28322124,0.41776955,0.29900917
4215922658,0.3039579,0.41349244,0.28254962
4215941661,0.37553412,0.32089302,0.3035729
4216093509,0.2534646,0.34296203,0.40357336
4216097527,0.24965884,0.48489392,0.26544723
4216398877,0.3572631,0.34748855,0.29524833
4216460780,0.45945758,0.23993579,0.3006066
4216769264,0.5456422,0.19758509,0.2567727
4216888231,0.33186716,0.3715937,0.2965392
4217163582,0.337966,0.34723395,0.31480005
4217499598,0.39649335,0.3142647,0.28924197
4218709426,0.35983622,0.32381684,0.31634694
4219086767,0.31212577,0.33158463,0.35628957
4219126037,0.33039716,0.37059283,0.29900998
4219126153,0.39105394,0.32936603,0.27958
4219516491,0.22620413,0.4989504,0.27484548
4220149347,0.28422117,0.43778193,0.27799693
4220311356,0.3770911,0.33000308,0.2929058
4220721936,0.29310644,0.22953254,0.477361
4221656851,0.40055287,0.296707,0.30274016
4222577204,0.27850276,0.41137493,0.31012237
4222847658,0.32428798,0.36169672,0.31401533
4223340612,0.23995814,0.5173356,0.24270628
4223387653,0.3234682,0.37139374,0.30513805
4223410220,0.34264147,0.36505055,0.29230803
4223764049,0.2957722,0.3517779,0.3524499
4224115839,0.27121717,0.42105538,0.30772746
4224487971,0.34472162,0.3210072,0.3342712
4224860363,0.30129725,0.40102145,0.29768127
4224929567,0.3704028,0.3106489,0.31894833
4225429292,0.35221004,0.34978664,0.29800332
4227115802,0.34955335,0.37006176,0.2803849
4227388144,0.36114037,0.35195476,0.28690487
4227490224,0.39013258,0.323197,0.2866704
4228053482,0.43958604,0.28148067,0.2789333
4228111213,0.36920285,0.3515054,0.27929178
4228864129,0.33264104,0.38682342,0.28053555
4228881315,0.3279056,0.273242,0.39885238
4229021901,0.48328143,0.25164244,0.26507616
4229026270,0.31766793,0.39653957,0.2857925
4229267872,0.24199817,0.49240404,0.2655978
4229518975,0.21876371,0.28974402,0.49149224
4229941807,0.5032805,0.22619453,0.27052498
4230143796,0.3057772,0.398313,0.2959098
4230389296,0.34496722,0.3463707,0.3086621
4230597810,0.3981787,0.3120423,0.289779
4230647450,0.36492878,0.34675735,0.28831387
4230691533,0.3213674,0.32913497,0.34949765
4231074056,0.32775134,0.3450258,0.32722282
4231121122,0.39062184,0.31175515,0.29762298
4231390741,0.36817795,0.34296757,0.28885448
4231644896,0.44034055,0.30399722,0.25566223
4232732728,0.35219473,0.33042777,0.3173775
4233902611,0.4985031,0.22407329,0.27742368
4234264844,0.34552968,0.35801584,0.29645443
4234651840,0.3710658,0.34064046,0.28829372
4235485065,0.19714293,0.54999,0.25286704
4235738750,0.22506668,0.52244276,0.25249055
4236095246,0.23671865,0.49705023,0.26623118
4236414699,0.28388324,0.27634808,0.43976867
4236728758,0.348661,0.3646704,0.2866686
4237549667,0.32324594,0.30894998,0.36780405
4238139643,0.32762358,0.37583572,0.29654074
4238511728,0.30485737,0.3886735,0.30646914
4238728244,0.276069,0.29078573,0.43314528
4238735928,0.2761948,0.43395162,0.2898536
4239396447,0.4989946,0.2249639,0.2760415
4240644936,0.32365412,0.37499487,0.30135098
4241437587,0.3972718,0.2864882,0.31623998
4241948896,0.3783186,0.33597466,0.2857067
4243204289,0.25561774,0.46750998,0.2768723
4243326482,0.33021855,0.3564347,0.31334674
4244101139,0.44207692,0.27544886,0.28247425
4244975385,0.3874281,0.31087565,0.30169627
4245482056,0.33307022,0.30138826,0.36554152
4245482950,0.2792862,0.4084972,0.31221658
4245546857,0.380229,0.34477568,0.2749954
4246075787,0.3022679,0.337615,0.36011714
4246304840,0.42316657,0.28970176,0.28713167
4246854744,0.37506795,0.35696983,0.26796222
4247287548,0.3534536,0.3680355,0.27851093
4247811575,0.2886567,0.3948879,0.31645542
4248269209,0.45829862,0.26814395,0.27355736
4248420073,0.31218755,0.318425,0.36938745
4248667785,0.3423658,0.3528407,0.3047935
4249085989,0.36207315,0.3565569,0.28136995
4249231691,0.3740415,0.3253671,0.3005914
4249381288,0.29933706,0.31078967,0.3898733
4249759461,0.35799965,0.35309893,0.2889014
4249877240,0.4312796,0.27663106,0.29208934
4250342551,0.33998626,0.3569116,0.30310214
4250439150,0.40423447,0.29530966,0.30045587
4250710791,0.44523227,0.26405752,0.29071024
4251266470,0.35897067,0.31873995,0.32228935
4251917489,0.2925716,0.4209159,0.2865125
4252161142,0.27950287,0.25543153,0.4650656
4252787969,0.32368398,0.36131942,0.31499657
4253030125,0.3548618,0.37447923,0.27065897
4253105766,0.37446147,0.33011562,0.2954229
4254044254,0.32948232,0.36482275,0.3056949
4254193206,0.36096328,0.3466252,0.29241154
4256179369,0.2685501,0.37774575,0.35370415
4256363743,0.24171284,0.24171284,0.5165744
4256557356,0.36516085,0.3423571,0.29248205
4256622843,0.4624005,0.2536156,0.2839839
4257247464,0.34675068,0.3687774,0.28447193
4258041419,0.4860403,0.22508964,0.28887004
4258041814,0.33389586,0.37885073,0.28725344
4258369845,0.4311065,0.27965716,0.2892363
4258428039,0.42008317,0.25829977,0.32161707
4258667494,0.37109423,0.34312445,0.28578138
4258765705,0.3031578,0.3824376,0.3144046
4258925590,0.39106384,0.34197858,0.26695755
4258988790,0.2869445,0.41911665,0.29393882
4260589581,0.33681267,0.37789297,0.28529435
4261216431,0.36413664,0.31342435,0.322439
4261420325,0.32696086,0.23666838,0.43637073
4261742467,0.47529918,0.2400684,0.2846324
4262860715,0.37334916,0.34949285,0.27715796
4263591872,0.3033893,0.4184497,0.27816093
4263618688,0.36494333,0.34791106,0.28714564
4263631006,0.24052924,0.46036622,0.29910454
4263727916,0.2891811,0.30209845,0.4087204
4263738907,0.40787983,0.2850837,0.30703652
4263811653,0.21559654,0.21559654,0.56880695
4263966547,0.3366231,0.3618456,0.30153126
4264293918,0.33986837,0.33155376,0.32857782
4264651374,0.3267257,0.327815,0.34545934
4265154113,0.35904068,0.3636422,0.27731714
4266065748,0.32644308,0.38638973,0.2871672
4266189146,0.21445084,0.2052418,0.58030736
4267199301,0.35601124,0.35726184,0.28672695
4269177005,0.33989382,0.32053173,0.33957446
4269403387,0.19084367,0.19084367,0.61831266
4269934547,0.44718894,0.29281062,0.26000044
4270483798,0.2810179,0.23966335,0.47931874
4270909995,0.31555125,0.3940295,0.29041922
4271180206,0.50624466,0.22171661,0.2720387
4272956219,0.3993094,0.3053311,0.29535955
4273695866,0.34407735,0.37596846,0.2799542
4274073514,0.2621835,0.38687593,0.35094061
4274076811,0.28979012,0.41034466,0.29986525
4274137569,0.42271972,0.24446449,0.3328158
4274761773,0.30402082,0.38419032,0.31178886
4275184152,0.24281701,0.47666597,0.280517
4275275519,0.3050931,0.31632578,0.37858108
4275389524,0.3967256,0.31572443,0.2875499
4275723868,0.3515486,0.33062413,0.3178272
4276132444,0.35151544,0.35561574,0.29286888
4276171493,0.354527,0.32607132,0.31940168
4278306836,0.16797188,0.5551119,0.2769162
4278511339,0.4223277,0.26089016,0.31678206
4278928586,0.32308665,0.3578481,0.3190652
4278983238,0.2841624,0.45251727,0.2633204
4279209684,0.39436942,0.31243098,0.29319957
4279221131,0.34213242,0.36121544,0.29665217
4279394335,0.2816946,0.26904184,0.44926357
4279569985,0.35582584,0.35607532,0.28809887
4280287624,0.33822474,0.39370492,0.26807034
4280501571,0.3190583,0.37147588,0.30946583
4281062380,0.38094738,0.31699175,0.30206084
4281325245,0.38483998,0.32905042,0.28610963
4281792270,0.3730628,0.35611248,0.2708248
4282315288,0.33680794,0.36856985,0.29462224
4282482144,0.33781993,0.2697723,0.39240777
4282977306,0.3805161,0.3251766,0.2943073
4283312699,0.29096562,0.42474502,0.28428936
4283365726,0.30117166,0.28809714,0.41073123
4284498087,0.361875,0.23815581,0.39996928
4284845904,0.36793125,0.32768315,0.30438563
4284911720,0.33588925,0.3327732,0.33133757
4284924803,0.47040087,0.2446517,0.2849474
4284969072,0.29143625,0.4178409,0.2907228
4285002084,0.25268847,0.48432794,0.26298362
4285850813,0.3642272,0.33823347,0.2975393
4286061858,0.51732767,0.2293636,0.25330877
4286450466,0.3503127,0.36236244,0.2873249
4286463056,0.2979948,0.26455307,0.43745208
4287650976,0.3288602,0.36608672,0.30505309
4287905957,0.36544257,0.34054825,0.29400915
4288036962,0.27695012,0.42135918,0.30169067
4288290528,0.264813,0.27182668,0.46336034
4289607724,0.26013586,0.3419059,0.39795828
4290218189,0.3779158,0.33597505,0.28610915
4290226288,0.3511645,0.34492117,0.30391428
4290323631,0.42343277,0.2962728,0.28029442
4290387078,0.39926255,0.30588728,0.2948502
4291750124,0.35851827,0.35645032,0.2850314
4292154969,0.20643288,0.20285046,0.59071666
4292612499,0.35426328,0.33831877,0.30741793
4293540065,0.31643707,0.31783944,0.3657235
4293543403,0.4451139,0.28505754,0.2698285
4293965487,0.35295337,0.34594584,0.3011008
4294254797,0.38027024,0.32293278,0.296797
4294452769,0.3225003,0.29555637,0.3819433
4294602932,0.41250548,0.30073896,0.28675556
4294633312,0.45535675,0.25836423,0.28627905
313413,0.3609901,0.36897475,0.27003515
497862,0.31839225,0.36155528,0.3200525
587904,0.2903873,0.37291113,0.33670163
604575,0.3631006,0.35273665,0.2841627
862324,0.32302043,0.3793782,0.29760137
1120158,0.3401006,0.3713525,0.28854692
1491225,0.3128637,0.2850386,0.4020977
2802516,0.37432885,0.30692756,0.3187436
2912862,0.29641935,0.40984315,0.2937375
3254113,0.34330064,0.37867182,0.27802753
3259481,0.36318514,0.30793834,0.32887655
3445782,0.3773893,0.27797848,0.34463215
3499263,0.29898155,0.41549742,0.285521
3643104,0.40643787,0.29489812,0.29866403
4961077,0.27694672,0.27449375,0.44855952
5069186,0.28650185,0.42883015,0.28466797
5187535,0.3464078,0.32905763,0.3245346
5188727,0.37197196,0.33268827,0.29533973
6287371,0.4968987,0.24732816,0.25577316
6817408,0.22324648,0.48710495,0.2896486
7047857,0.21549109,0.51362157,0.27088735
7599930,0.2832775,0.3828722,0.33385032
8322953,0.42649865,0.29409564,0.27940574
8785767,0.33113733,0.33180434,0.33705837
9534298,0.2681261,0.4471051,0.28476882
9740296,0.2189759,0.51361376,0.2674104
10798145,0.31530595,0.3660748,0.31861925
10974521,0.45063567,0.26162973,0.28773466
11036870,0.3056565,0.2942814,0.4000621
11288315,0.4648453,0.24858011,0.2865746
11462903,0.23148558,0.508772,0.25974244
11477748,0.34382948,0.3750267,0.2811438
11570555,0.30928725,0.30894142,0.38177133
11607871,0.38529712,0.31776133,0.29694158
11953413,0.36178643,0.3564239,0.28178963
12749848,0.5192559,0.2160666,0.26467752
13347957,0.30610427,0.3826375,0.31125823
13678371,0.24215236,0.46366215,0.29418546
13709106,0.23049968,0.49374932,0.27575096
13735973,0.33611745,0.3409407,0.32294184
15372768,0.3442639,0.35303736,0.30269873
16134621,0.26735005,0.30160737,0.43104255
16593225,0.28575262,0.39952064,0.31472674
16956280,0.37530947,0.28940642,0.33528414
17452762,0.48291436,0.22776969,0.289316
17846323,0.24130496,0.44253835,0.31615672
18094964,0.47717142,0.24866247,0.2741661
18229379,0.25798583,0.3858365,0.35617763
18777426,0.33007497,0.28705895,0.38286608
18802659,0.4314552,0.2772056,0.29133922
19190525,0.32826304,0.37891966,0.2928173
20579712,0.26722622,0.36768222,0.36509156
20960602,0.46517414,0.2390286,0.29579726
21076858,0.33555314,0.36251214,0.30193472
21546978,0.23521459,0.48023754,0.2845478
21998657,0.37619454,0.32493472,0.2988708
22203562,0.3056649,0.370117,0.3242181
22875501,0.4185977,0.27696088,0.3044414
23454698,0.39657968,0.26496568,0.3384546
23476865,0.3677057,0.3432889,0.2890054
23886831,0.45575255,0.27311707,0.2711304
23949628,0.31049734,0.39175183,0.29775083
23974130,0.33941516,0.38889277,0.2716921
24079185,0.23703489,0.4347304,0.3282347
24244682,0.20325622,0.54304504,0.2536987
24355595,0.2759709,0.44231483,0.28171426
25269381,0.31017727,0.3114226,0.37840015
25927022,0.43424094,0.26419508,0.301564
26390985,0.36862528,0.2973847,0.33398998
26741574,0.3136779,0.3068438,0.37947828
26880709,0.31531835,0.35186493,0.33281672
26910129,0.38555437,0.2862097,0.32823598
26928706,0.43239075,0.28007102,0.28753817
27640786,0.396802,0.3189968,0.2842012
27672843,0.33077773,0.33822736,0.33099487
28502436,0.43844005,0.27104643,0.29051355
28694407,0.33207434,0.38983405,0.27809158
28810507,0.4334687,0.27954018,0.28699112
29409951,0.31816778,0.4225953,0.25923693
29500587,0.36923778,0.34300953,0.2877527
29890516,0.30501688,0.28976095,0.40522215
30299961,0.3381964,0.3122629,0.34954065
30632871,0.48552847,0.22926608,0.28520545
30633394,0.35368246,0.34125727,0.30506027
30651405,0.3548314,0.3455708,0.2995978
31919812,0.2728644,0.2820977,0.44503784
31981480,0.36425215,0.3476878,0.28806007
32074050,0.35872257,0.3392458,0.30203164
32354026,0.3735667,0.32966805,0.29676527
32405882,0.31120607,0.39421755,0.29457647
33861741,0.39748657,0.33218658,0.27032685
34135285,0.32730588,0.3541511,0.31854302
34137502,0.26372382,0.4744844,0.26179174
34712778,0.3219452,0.4056833,0.2723715
34780911,0.40969217,0.30952206,0.2807858
34888646,0.5156628,0.21251202,0.27182522
34934612,0.2525223,0.2525223,0.49495545
34946957,0.47767454,0.24512637,0.27719906
35303250,0.23160867,0.3555032,0.4128881
36062822,0.3607611,0.34379116,0.29544774
36222911,0.4186229,0.29710066,0.2842764
36530527,0.3338197,0.36911324,0.2970671
37203239,0.44057527,0.2591774,0.30024737
37206390,0.39693233,0.27875173,0.32431597
37270092,0.25339592,0.4533075,0.2932966
37409670,0.28045112,0.44401306,0.27553585
37611174,0.2903427,0.41642064,0.29323673
38760658,0.3349773,0.38382366,0.28119904
39691906,0.3420456,0.37270325,0.28525114
40014519,0.35953906,0.333265,0.3071959
40059390,0.30277282,0.2606545,0.43657267
40172326,0.27932295,0.44538194,0.2752951
40469994,0.2683081,0.43363094,0.29806095
40718039,0.3025552,0.38836148,0.3090833
42196315,0.46607304,0.2462453,0.2876817
42441079,0.3810383,0.3255993,0.2933624
44132997,0.3882139,0.27269167,0.3390944
44286334,0.33695364,0.32941347,0.3336329
44429455,0.284958,0.41539684,0.2996452
45083686,0.3382733,0.37002861,0.2916981
45679685,0.35175112,0.33836877,0.30988014
45871743,0.4028201,0.29774773,0.29943216
46809189,0.23896363,0.50050163,0.2605347
46876466,0.37393165,0.2917075,0.33436084
48142269,0.3129816,0.39192814,0.29509023
48165008,0.38611066,0.32313347,0.2907558
48179205,0.28194168,0.42183852,0.29621983
48264930,0.3952883,0.30620623,0.2985055
48300687,0.27693456,0.4440909,0.27897447
49148726,0.26736644,0.4546315,0.27800202
49213656,0.33048803,0.3234781,0.34603384
49360504,0.28876877,0.31647784,0.3947534
49465636,0.4499662,0.23082668,0.31920713
49947138,0.5217887,0.2113546,0.26685667
50589143,0.29194808,0.32398227,0.38406962
50608374,0.2793925,0.44068345,0.27992404
50914747,0.3194305,0.4053252,0.2752443
51122739,0.34870976,0.34406322,0.30722702
51460330,0.24629962,0.47478527,0.2789151
51490527,0.396086,0.3322551,0.2716589
51497349,0.2994063,0.29063863,0.4099551
51557426,0.3992262,0.28652284,0.31425095
51782523,0.37657052,0.32071182,0.30271772
51806745,0.2552188,0.46393108,0.28085014
51857553,0.38169804,0.32239762,0.29590434
51908978,0.3494293,0.36766917,0.28290153
52088968,0.33831438,0.35092714,0.31075847
52353020,0.32766706,0.38087216,0.2914608
52356911,0.43717116,0.26941314,0.29341567
52388359,0.31853282,0.36642295,0.31504422
52893105,0.43519616,0.28478014,0.28002366
53058989,0.3560758,0.3337757,0.31014854
53527420,0.43545377,0.26387507,0.30067116
54081918,0.3249346,0.36836755,0.30669785
54230341,0.47292346,0.24240467,0.28467184
55076734,0.22032404,0.46729743,0.3123785
55301863,0.24873257,0.41972178,0.33154568
55414738,0.33054084,0.35955185,0.3099073
55695969,0.48731697,0.23797154,0.27471155
55698583,0.33214658,0.35281223,0.31504115
55873199,0.3429307,0.33505127,0.32201803
55908596,0.50707555,0.21713781,0.27578664
56432908,0.2467914,0.26334053,0.48986802
56494128,0.2586699,0.4597786,0.28155148
56636147,0.32016313,0.3502427,0.32959414
56733980,0.45555058,0.26802632,0.27642313
56973692,0.264813,0.27182668,0.46336034
57056642,0.4421509,0.27587345,0.2819757
58129946,0.382299,0.34622085,0.2714801
58207052,0.39541012,0.2953781,0.3092118
58430697,0.3242951,0.4163975,0.25930738
58586803,0.2552575,0.44111574,0.30362675
59036967,0.28390828,0.36552513,0.35056657
59247765,0.32386816,0.37502176,0.30111006
59404456,0.39383483,0.32271945,0.28344572
59408135,0.29554904,0.39660263,0.3078483
59727862,0.278354,0.3860659,0.3355801
60121960,0.42394882,0.27816874,0.29788247
61343237,0.3110274,0.38898587,0.29998666
61501780,0.31793523,0.38006464,0.30200016
61558028,0.37601048,0.32239804,0.30159146
61609805,0.32312357,0.29876608,0.37811035
61619064,0.36643127,0.3595926,0.27397615
61864121,0.46383733,0.2653783,0.27078435
62069597,0.22326902,0.42757916,0.34915182
62220900,0.29562563,0.39996478,0.30440956
63662467,0.27614868,0.4045552,0.31929612
64211461,0.31772012,0.31005874,0.37222123
64715260,0.4390108,0.27342296,0.28756627
65111410,0.3359806,0.3759836,0.28803587
65766556,0.2526087,0.48162824,0.26576304
66848153,0.32296014,0.38952142,0.28751844
67327709,0.43178377,0.28173202,0.28648424
67606846,0.28826487,0.35882086,0.35291427
68211145,0.45090395,0.27594435,0.27315167
68593198,0.36175227,0.33244476,0.30580294
68833317,0.37402287,0.34390193,0.2820753
69094828,0.33273685,0.3130515,0.35421166
70903723,0.3548544,0.3420558,0.3030898
71770169,0.3473034,0.35880148,0.29389507
72135386,0.1911343,0.1911343,0.6177314
72237387,0.43060374,0.28320855,0.28618765
73160920,0.31528282,0.40965813,0.27505904
73288796,0.31959987,0.34438556,0.3360146
73905810,0.25425252,0.47024733,0.27550012
74274070,0.35208094,0.3682467,0.27967232
74458627,0.33488154,0.37384516,0.29127327
74771281,0.32668358,0.35419768,0.31911877
75162689,0.47365323,0.25339055,0.27295622
75221603,0.3114609,0.3892025,0.29933658
75510608,0.30187112,0.40824175,0.28988713
76546068,0.33246663,0.37084922,0.2966842
76929915,0.564942,0.19226846,0.24278957
77620894,0.21196315,0.45994696,0.3280899
77862025,0.4364109,0.26086953,0.3027196
78048540,0.54117817,0.2118879,0.24693398
78276181,0.27290505,0.4178376,0.3092574
79629494,0.43834192,0.29590204,0.26575607
79890507,0.24370173,0.47930443,0.27699384
80082858,0.5344338,0.20816661,0.25739962
80657707,0.39332265,0.3038136,0.30286375
81185517,0.3081143,0.39136913,0.30051658
81235835,0.33630225,0.35578227,0.3079155
81653300,0.5622364,0.17712438,0.2606392
81655735,0.37802494,0.3122458,0.3097293
81731578,0.4268666,0.29978013,0.27335325
82241435,0.3606007,0.33028474,0.30911458
83377839,0.45027,0.26389807,0.28583193
83451493,0.2963435,0.42040646,0.28325003
84377416,0.34096605,0.23431993,0.42471403
84389393,0.32330608,0.4023466,0.27434728
85273352,0.3121364,0.39759147,0.29027215
85516503,0.34768257,0.3680094,0.28430808
85565223,0.32141042,0.30540448,0.37318516
86063424,0.42737347,0.2868781,0.28574848
86870228,0.23725364,0.38256347,0.38018292
87253114,0.35497135,0.32252085,0.3225078
87284463,0.37702957,0.32459882,0.2983716
87490807,0.3041926,0.41216505,0.28364235
87763287,0.4048315,0.32400656,0.27116185
88139056,0.29882568,0.3274424,0.37373188
88633480,0.4511093,0.25397134,0.29491937
88870528,0.2809895,0.40959156,0.30941895
88975668,0.35912502,0.34966397,0.291211
90309616,0.32739085,0.38302648,0.28958273
90318969,0.4314379,0.28391483,0.2846473
90499918,0.21621472,0.527443,0.2563423
90530234,0.3498059,0.32194614,0.32824793
91010489,0.34583604,0.3910743,0.26308963
91036999,0.32717556,0.32510185,0.3477226
91072929,0.47872633,0.2447509,0.27652273
91200921,0.37409803,0.33083826,0.29506373
91890530,0.5433192,0.19816181,0.258519
91910103,0.36558712,0.34673876,0.28767413
92214682,0.4059689,0.26987457,0.32415652
92657890,0.3435006,0.28060004,0.3758993
94023215,0.2664294,0.3473846,0.386186
94095678,0.31328332,0.381472,0.30524462
94166335,0.35311413,0.31833482,0.32855108
94423307,0.38294756,0.32753205,0.28952035
94559008,0.48468363,0.2522506,0.2630657
95019533,0.43023425,0.2657672,0.3039986
95042730,0.39383838,0.31017357,0.29598808
95945153,0.36917636,0.35648057,0.27434307
96344904,0.35182175,0.33000022,0.318178
96410999,0.3309935,0.37227505,0.29673147
96574725,0.16211137,0.60139537,0.23649323
96638380,0.31706595,0.39120883,0.29172522
97360777,0.29292166,0.37863517,0.32844317
97445496,0.27665973,0.42920405,0.29413617
97715567,0.27058065,0.4426868,0.28673255
98286543,0.31799302,0.26729318,0.4147138
98864387,0.38776994,0.3114694,0.3007607
99141574,0.35096338,0.36196166,0.28707492
99602950,0.34730914,0.36832935,0.28436157
99615539,0.3560992,0.29156575,0.35233504
100272253,0.36435366,0.34547132,0.29017502
100925297,0.51557326,0.2020323,0.28239444
101156092,0.55321133,0.19671363,0.25007504
101285917,0.3010692,0.35570487,0.3432259
101511137,0.34759432,0.3627118,0.28969383
101774346,0.33967516,0.26149237,0.3988325
102279008,0.362623,0.3533842,0.28399283
103982723,0.350834,0.3556982,0.29346776
104426062,0.30146533,0.33821705,0.36031765
104444797,0.26477003,0.28646487,0.4487651
104646942,0.30829763,0.3732692,0.31843317
104773595,0.32851547,0.38654602,0.28493848
105365883,0.44454533,0.278668,0.27678666
106517636,0.43140662,0.272697,0.29589638
107484016,0.3592791,0.32325563,0.3174653
107929474,0.39803523,0.31211752,0.2898473
108183829,0.39486796,0.3414259,0.26370615
108619841,0.36722973,0.34975797,0.28301233
109865867,0.39241272,0.3013362,0.30625105
110174608,0.374083,0.34009212,0.28582484
110694476,0.49057925,0.23546955,0.27395123
111144115,0.35984963,0.3431245,0.2970259
111591547,0.43072703,0.26541483,0.30385816
111800951,0.34016684,0.38883567,0.27099746
111979495,0.36600608,0.31749946,0.31649446
113322996,0.3112201,0.40647525,0.2823047
113533799,0.3603443,0.34040886,0.29924685
114099029,0.37986755,0.3483423,0.27179015
114912688,0.44614822,0.27213967,0.2817121
114961673,0.34942293,0.36298537,0.2875917
116005242,0.25664094,0.3046773,0.43868175
116673066,0.23102719,0.5096367,0.2593361
117012844,0.5576542,0.19639549,0.24595034
117219507,0.21277791,0.49553928,0.2916828
117265612,0.31827277,0.39632228,0.28540492
117272656,0.3202426,0.33850694,0.34125045
117959541,0.26653293,0.42129332,0.31217375
118159656,0.36442506,0.31739122,0.31818378
118655033,0.29497153,0.4250969,0.27993155
119195200,0.2561254,0.41425157,0.32962307
119246254,0.38054124,0.333741,0.28571776
120279613,0.33012915,0.36847544,0.3013954
121182436,0.26605842,0.4769745,0.25696707
121733546,0.32936448,0.35692963,0.31370586
122013844,0.33958787,0.36306417,0.29734796
122134546,0.33241296,0.390199,0.27738804
122160973,0.3834186,0.33460554,0.28197587
122577886,0.27415332,0.44566023,0.28018647
122775923,0.37902385,0.3147145,0.3062616
124255384,0.2210106,0.52114034,0.2578491
124932959,0.3287485,0.38275284,0.28849867
125468438,0.30975825,0.38449633,0.30574542
125493611,0.30431035,0.3917427,0.3039469
125599328,0.47188616,0.20936748,0.3187464
126018958,0.3508953,0.34957644,0.29952827
126227049,0.3053517,0.42364377,0.27100453
126678421,0.25082067,0.4512412,0.2979381
126736413,0.2486448,0.46148655,0.28986865
126977696,0.349001,0.32038537,0.33061367
127640629,0.3797068,0.3151543,0.3051389
127870848,0.2674411,0.3989089,0.33365
127952450,0.33274555,0.37972856,0.2875259
128621477,0.31123215,0.36444008,0.32432777
129151326,0.31237283,0.36468458,0.32294255
129439345,0.38489708,0.3404605,0.2746424
130773051,0.42172718,0.2799966,0.2982762
130853270,0.4568292,0.25886336,0.28430745
131428961,0.28949082,0.40073675,0.30977243
131589513,0.4594481,0.2717784,0.2687735
131815904,0.31522444,0.4030184,0.28175718
131913663,0.37687474,0.3270221,0.29610312
131976127,0.3610829,0.34465206,0.29426497
132447208,0.5704125,0.18372235,0.24586512
132674740,0.30024058,0.42976314,0.2699963
133547624,0.2848301,0.4319564,0.2832135
133806778,0.31928104,0.41696227,0.26375672
134134770,0.4022333,0.31952775,0.27823895
135712120,0.38552403,0.23599501,0.37848094
135748570,0.26236212,0.2937883,0.44384956
135821542,0.27617523,0.44073838,0.28308642
135936109,0.27279788,0.44028056,0.28692153
136170568,0.46995586,0.25325274,0.27679133
136663969,0.31778434,0.31801474,0.3642009
136676644,0.38981324,0.3178339,0.2923529
137517882,0.44890583,0.28567308,0.26542112
137927307,0.36691865,0.35106325,0.28201813
138084191,0.39963365,0.20995595,0.39041045
138088289,0.3917909,0.30598623,0.30222288
138150255,0.2510993,0.25093216,0.49796855
138208581,0.4503566,0.26438686,0.28525653
138790660,0.19052699,0.5523922,0.25708082
139583603,0.33523396,0.34630495,0.31846106
142046731,0.2948628,0.41543597,0.28970122
142359881,0.33964342,0.3556056,0.30475095
143068476,0.3400675,0.3645854,0.2953471
143401888,0.48248082,0.24502829,0.27249095
143411874,0.28349,0.3693567,0.3471533
143558501,0.33487564,0.36768317,0.29744118
143789824,0.34362364,0.36757725,0.28879905
144095044,0.4147567,0.30016935,0.28507394
144276703,0.47917056,0.25348383,0.2673456
144375426,0.3598612,0.31977576,0.32036301
144400163,0.39449263,0.31629992,0.28920752
145191896,0.48211026,0.23932578,0.278564
145405672,0.4766365,0.24847801,0.2748855
145561897,0.3850179,0.29503217,0.31994992
145827113,0.36859122,0.3315515,0.29985726
146344468,0.22457284,0.45658118,0.318846
146980204,0.36781085,0.33507955,0.29710963
147014780,0.20585445,0.53186905,0.2622765
147063229,0.35735214,0.35080034,0.29184753
147092774,0.32938862,0.35476512,0.31584623
147291492,0.39761555,0.29337728,0.30900717
147468615,0.30512342,0.4201456,0.27473098
147919367,0.32689044,0.35162538,0.32148418
148229679,0.33924857,0.3658467,0.2949047
148258418,0.31681773,0.3807735,0.30240875
148312752,0.36826634,0.3266283,0.30510533
149100026,0.33540148,0.35618246,0.30841607
149151854,0.3447175,0.37009764,0.28518486
149264495,0.3313601,0.37776858,0.29087132
149284203,0.40675598,0.28736514,0.30587894
149413088,0.2172951,0.4684392,0.31426573
150129771,0.347354,0.31859505,0.33405098
150838035,0.30562428,0.3496796,0.34469607
151398771,0.25918737,0.44661045,0.29420215
151584682,0.24243608,0.49189383,0.26567012
151787967,0.33912936,0.35180232,0.30906832
151937833,0.3366984,0.34929773,0.31400383
151960085,0.45383185,0.2715996,0.27456856
152205405,0.36285508,0.3192467,0.31789818
152461046,0.41925395,0.2607542,0.3199919
153238616,0.2990572,0.4131791,0.2877637
154218566,0.40164125,0.31670183,0.28165692
154660688,0.21248676,0.42288244,0.36463082
156361177,0.3194341,0.26701447,0.4135514
157180273,0.33218896,0.36860996,0.2992011
157204357,0.38101786,0.32609025,0.2928919
157324307,0.3173278,0.33996576,0.34270644
157570376,0.3979743,0.3104028,0.2916229
157683879,0.3083632,0.37708312,0.31455368
159356777,0.5071777,0.22912621,0.26369613
159976261,0.2599233,0.43071175,0.30936497
160206260,0.29811782,0.37021932,0.33166283
160574040,0.3441493,0.36725384,0.28859684
160922869,0.35978067,0.33858958,0.30162975
161260796,0.36141592,0.33715013,0.30143398
161269431,0.3470608,0.34893528,0.30400392
161279088,0.27736098,0.26819247,0.45444655
162636691,0.28704238,0.39876902,0.3141886
162813583,0.49697065,0.22775061,0.27527875
163230945,0.29779026,0.42176974,0.28043997
163743238,0.4757178,0.2540205,0.27026165
163859185,0.34883708,0.2636438,0.38751912
164041116,0.46061927,0.27410778,0.26527292
164059111,0.34543598,0.3643273,0.29023674
164166763,0.27819228,0.4442855,0.2775222
164272932,0.22290532,0.49362162,0.28347307
164502756,0.34522098,0.36793864,0.28684038
164659921,0.38706356,0.343971,0.2689654
164806500,0.29343832,0.40453905,0.30202264
164929177,0.40526855,0.32282817,0.27190328
165163307,0.4935162,0.2418051,0.2646787
165845444,0.23182672,0.22304669,0.54512656
165854494,0.5539353,0.18489772,0.261167
167028495,0.31680143,0.3383795,0.34481907
167266978,0.36521292,0.30490762,0.3298794
167278818,0.38974226,0.3225236,0.28773415
167419725,0.24396035,0.44495964,0.31108004
167592984,0.38667393,0.31825474,0.29507136
167876959,0.2727483,0.41244125,0.31481043
168503533,0.32684845,0.3777151,0.29543644
169526192,0.2662198,0.3061633,0.4276169
169784149,0.23612508,0.5048976,0.25897735
169954315,0.3216591,0.29688764,0.38145328
172104274,0.32513237,0.37800223,0.2968654
172489334,0.2549343,0.4927688,0.25229686
173765586,0.39145452,0.3044513,0.3040942
174210323,0.32166144,0.36594942,0.31238914
174239985,0.426974,0.27459353,0.29843253
174859383,0.3906473,0.2800371,0.32931563
174959811,0.25767553,0.331061,0.41126347
175378791,0.5081676,0.2330961,0.25873628
175598127,0.32521784,0.321464,0.35331815
175717836,0.3849028,0.29867575,0.31642145
175866822,0.37605384,0.34915847,0.2747877
176044840,0.35933352,0.31664538,0.32402104
176112915,0.38558784,0.3149298,0.2994824
176293155,0.24916282,0.42970666,0.32113057
176547811,0.38308245,0.29514068,0.32177687
176656350,0.3174554,0.38410223,0.29844236
176684487,0.29104382,0.42187625,0.28707993
176777033,0.2806233,0.41924688,0.30012983
177032456,0.40374804,0.27396148,0.32229048
178114498,0.31491828,0.37001845,0.31506324
178191127,0.43954575,0.2650432,0.2954111
178785698,0.3440811,0.3786734,0.27724546
178896809,0.3482306,0.35316265,0.2986068
179170564,0.2723417,0.45009997,0.27755833
179464373,0.4435504,0.28031933,0.27613023
179757471,0.25581208,0.35939842,0.38478947
179771641,0.36256406,0.3408987,0.29653722
179926491,0.20347917,0.5493833,0.24713752
179943906,0.27343345,0.3191066,0.40745994
180486224,0.30665433,0.41982827,0.2735174
180822212,0.33812875,0.31868908,0.3431822
180973025,0.32274163,0.37846345,0.29879487
181022960,0.21462168,0.3606009,0.4247774
181261423,0.23911205,0.48492143,0.27596653
182017603,0.32491913,0.32578027,0.34930062
182061143,0.27110282,0.43781322,0.29108393
182092577,0.2527805,0.46344563,0.28377384
182165985,0.34291524,0.37246913,0.28461567
182199878,0.3521754,0.35190785,0.29591677
183024850,0.38665003,0.35190368,0.26144633
183575714,0.35002118,0.33578417,0.31419462
184336585,0.2546991,0.4571666,0.28813428
184476329,0.28162715,0.44960254,0.2687703
184894470,0.35222524,0.3568049,0.29096985
185307942,0.2876669,0.35185644,0.36047664
186788542,0.34911114,0.36160284,0.28928602
187082898,0.4198501,0.28721076,0.29293916
187273758,0.22539115,0.27899402,0.4956148
187507365,0.2545614,0.27524927,0.47018933
188707092,0.35941958,0.37425214,0.2663283
188737033,0.32834065,0.37447655,0.2971828
189071365,0.34895885,0.31393957,0.33710158
189859519,0.32325158,0.33394018,0.3428082
190033685,0.4419496,0.25654316,0.30150723
190103384,0.3155961,0.39695588,0.28744802
190170879,0.33560646,0.36499146,0.29940206
190244866,0.36523497,0.3333502,0.3014148
190645928,0.3531761,0.35109085,0.2957331
191511600,0.4056302,0.29999396,0.29437584
191764079,0.32846236,0.3841737,0.28736395
192217120,0.28374314,0.3743196,0.34193724
193083004,0.23532166,0.45227706,0.31240135
193426836,0.3333704,0.3677076,0.298922
194110594,0.29887405,0.40431657,0.29680938
194801768,0.33183235,0.3742402,0.29392743
195713343,0.4196375,0.2806635,0.29969898
195945682,0.37465557,0.314417,0.31092745
195978680,0.22576779,0.47883344,0.29539877
196490614,0.3024273,0.3312043,0.36636844
196506254,0.33910435,0.38100326,0.27989239
196695252,0.5612521,0.19357519,0.24517263
197246496,0.38672626,0.28490013,0.32837358
199754128,0.4133802,0.27916244,0.30745733
199948186,0.38537925,0.25073335,0.36388743
200298946,0.26285988,0.4633116,0.27382854
200804332,0.35535723,0.29979366,0.3448491
201084034,0.35613227,0.35780972,0.286058
201111181,0.2166641,0.50858563,0.27475026
201281309,0.39641082,0.30514002,0.29844922
201575932,0.3390358,0.3277301,0.3332341
201774160,0.28367436,0.27274656,0.4435791
201867950,0.26155874,0.334581,0.40386033
202095880,0.45674968,0.25079986,0.29245043
202225427,0.36258805,0.34578913,0.29162276
202251838,0.3484671,0.3469129,0.30462003
203040806,0.38976938,0.3081711,0.30205956
203052489,0.39097834,0.27851337,0.3305083
203382756,0.37099183,0.32597023,0.30303794
203972521,0.3314603,0.405127,0.2634127
204028301,0.27690437,0.4020598,0.3210358
204321763,0.38806942,0.32887673,0.28305382
204652862,0.50805956,0.20350713,0.2884333
204802559,0.35477722,0.3460596,0.29916322
204831595,0.45415765,0.26035243,0.28548992
205009630,0.3362703,0.3600731,0.30365658
206028031,0.31752288,0.38207453,0.30040258
206064665,0.41315126,0.30648825,0.28036052
206296451,0.32380432,0.3886028,0.28759283
206824285,0.26938128,0.2627641,0.46785462
207340122,0.3297544,0.3690099,0.30123565
208705568,0.40152246,0.29380053,0.304677
208877389,0.35142285,0.33947408,0.30910304
208898961,0.34216678,0.31945926,0.33837402
209076799,0.2970866,0.3978929,0.3050205
210167925,0.34618068,0.3532909,0.3005284
211283790,0.22612385,0.48078266,0.2930935
212049783,0.2991621,0.32459158,0.37624627
212498729,0.37746024,0.34278882,0.27975094
213955494,0.50733835,0.23658052,0.25608107
214377552,0.2968552,0.4002601,0.3028847
214957331,0.2915386,0.3536128,0.35484856
215012976,0.3321761,0.34993592,0.31788796
215113892,0.37124103,0.333016,0.295743
215255198,0.29452237,0.41865277,0.28682482
215653632,0.36082417,0.34825456,0.29092127
216103711,0.1903514,0.5482961,0.26135248
216170421,0.34381175,0.3627941,0.2933942
216327796,0.3600698,0.3482903,0.29163986
216518798,0.3194331,0.3901769,0.29039
217015316,0.3263554,0.33231306,0.34133154
217849742,0.22347423,0.4987268,0.277799
217883089,0.2314385,0.49832803,0.27023345
218316951,0.30909696,0.40139884,0.28950417
218643255,0.24621347,0.46118087,0.29260564
218717891,0.29516193,0.4282713,0.27656674
218833537,0.38227642,0.2834831,0.3342405
218857235,0.21732289,0.50645226,0.27622482
218967582,0.33987615,0.34751946,0.31260443
220011342,0.2799829,0.30154103,0.4184761
220615907,0.3589862,0.33753452,0.30347925
220635484,0.29423094,0.25483233,0.45093673
220647257,0.41041243,0.30123118,0.28835636
220850022,0.33949792,0.39061385,0.26988822
221325833,0.3402177,0.3526389,0.30714345
221821151,0.33960187,0.3653,0.29509813
222055124,0.3516198,0.36216778,0.28621235
222484271,0.35526404,0.34319794,0.301538
222630273,0.32580268,0.34681576,0.3273815
223733793,0.3735014,0.35593125,0.27056736
223738749,0.26357472,0.4357062,0.30071908
224122379,0.32934636,0.28804165,0.38261202
224267964,0.26255178,0.45047158,0.28697664
224306792,0.4140787,0.28200626,0.30391505
224586690,0.22386321,0.4732257,0.3029111
224951848,0.3981589,0.3086625,0.29317856
224952350,0.40922982,0.31554788,0.27522227
225037489,0.39490807,0.319569,0.28552294
225187558,0.29587638,0.41622722,0.28789642
225990924,0.338626,0.38567013,0.2757039
226587007,0.3650088,0.35186732,0.28312388
227175960,0.24285582,0.45918328,0.29796097
227460405,0.42000657,0.28175297,0.29824042
227541901,0.31159836,0.36426514,0.3241365
227631126,0.38899767,0.3368575,0.2741449
228159243,0.26908183,0.44210613,0.28881207
228286132,0.35472295,0.3605039,0.2847731
228432526,0.44412366,0.27798557,0.2778908
229368716,0.35207552,0.3458401,0.3020844
229381391,0.3489374,0.37271988,0.27834272
229809467,0.39467633,0.3199523,0.28537133
230240980,0.3532312,0.34344557,0.3033232
230360053,0.3475827,0.36847988,0.2839374
230612173,0.30834943,0.4092114,0.2824391
230754000,0.48099488,0.22735341,0.29165176
230791937,0.20198911,0.21904269,0.5789682
231838412,0.28190967,0.41354436,0.30454597
232427358,0.32159883,0.36918673,0.30921447
232453671,0.39373213,0.29633254,0.30993527
232653054,0.38211536,0.33320832,0.2846763
232869183,0.3070928,0.37233764,0.32056957
233036963,0.28326333,0.2961586,0.4205781
233070801,0.33209398,0.36738634,0.3005197
233549717,0.41626358,0.29680666,0.2869298
233780422,0.31695768,0.3805014,0.30254096
234709229,0.307584,0.3869146,0.3055014
235264037,0.24077857,0.47261602,0.28660548
235480088,0.42867506,0.29408225,0.27724272
235606080,0.34171414,0.36780882,0.29047698
235663126,0.3696866,0.32198077,0.30833262
235803546,0.37864703,0.3161223,0.30523068
236420077,0.49866942,0.23244792,0.26888263
236581029,0.2241221,0.4988942,0.27698368
236626048,0.2735299,0.31330884,0.4131613
236942002,0.3840108,0.31505212,0.30093706
237316430,0.36056995,0.357057,0.282373
237469970,0.3239662,0.39352065,0.28251314
237500058,0.38305467,0.312181,0.3047644
237821338,0.35066685,0.3596783,0.28965485
238069683,0.28656614,0.40738708,0.30604678
238528190,0.37253666,0.311427,0.31603637
238839962,0.38409615,0.34453154,0.27137232
239103331,0.39135075,0.30801582,0.30063343
239228090,0.25741264,0.2857465,0.45684087
239540149,0.33167925,0.39250958,0.27581114
240346295,0.37255198,0.3414685,0.28597957
240416433,0.4576347,0.27883825,0.26352704
241253403,0.25845173,0.4412973,0.30025095
241621358,0.35407537,0.3187218,0.32720286
242184981,0.37851286,0.28178376,0.33970332
243210622,0.30794442,0.40125537,0.2908002
244682535,0.33540702,0.30998456,0.35460842
245314231,0.3437552,0.3944722,0.26177263
245779613,0.42114973,0.29153758,0.2873127
246435261,0.32919052,0.3203854,0.35042408
246714719,0.2857316,0.35355496,0.36071345
246894000,0.38531315,0.32883224,0.2858546
246911011,0.44296947,0.271998,0.2850325
247195175,0.49082327,0.23470637,0.27447033
247362372,0.25351632,0.43789726,0.30858648
247645009,0.33672667,0.3345096,0.32876366
247947110,0.34326744,0.35080436,0.30592823
248533914,0.36544463,0.34105098,0.29350442
248860573,0.45658267,0.26652014,0.2768972
249373640,0.36545488,0.35224465,0.2823005
249515665,0.3546757,0.34170395,0.30362034
249691536,0.34854832,0.34621754,0.30523413
249704950,0.24622664,0.4803447,0.27342868
250001920,0.33962458,0.3510046,0.30937088
250094311,0.3642748,0.34744322,0.28828198
250579666,0.27249897,0.32466564,0.40283543
250643963,0.5505613,0.19369057,0.25574812
251215059,0.45027757,0.24571562,0.30400684
251358291,0.29980677,0.40005344,0.30013978
251944703,0.34975207,0.29498193,0.35526597
252351077,0.2786924,0.2911328,0.43017477
252452296,0.32625452,0.38188684,0.29185864
252509369,0.27977437,0.41897655,0.30124903
252941917,0.4206735,0.30086687,0.2784596
253053970,0.33571672,0.35170907,0.3125742
253394721,0.27055794,0.43965572,0.2897864
253608122,0.30845124,0.38376725,0.3077815
253654369,0.25059745,0.4903174,0.25908512
255537795,0.31999087,0.36953402,0.3104751
256224697,0.35234943,0.35347357,0.29417697
256392955,0.33192018,0.33912382,0.328956
256501501,0.4333253,0.28445062,0.28222412
256570296,0.4004204,0.28575295,0.31382668
257842332,0.37351233,0.3283276,0.2981601
258114179,0.3978833,0.25073034,0.35138637
258642691,0.3250748,0.3596879,0.3152373
258876774,0.35630468,0.35654157,0.2871538
259075252,0.3773544,0.34321672,0.27942884
259143670,0.2916217,0.28702974,0.42134854
259341751,0.31938696,0.31796747,0.36264557
259571194,0.35586745,0.32864523,0.31548733
259597438,0.39135146,0.3266209,0.28202766
259618506,0.36826146,0.32964015,0.30209836
260423005,0.39063555,0.3036277,0.30573678
260458670,0.34206194,0.34393162,0.3140065
260542859,0.3929965,0.33814824,0.26885527
260630876,0.31725985,0.29527962,0.38746053
260683628,0.4528615,0.26186296,0.28527558
261349740,0.306912,0.4044155,0.28867245
261572367,0.41351414,0.29331583,0.29317003
261650976,0.26371765,0.30123115,0.43505126
261795989,0.4280311,0.27913854,0.2928304
262266284,0.28875595,0.34323013,0.36801398
262564366,0.456832,0.26309898,0.280069
263472436,0.33845112,0.39567325,0.2658756
264267033,0.3308503,0.3568668,0.31228286
264490457,0.36797363,0.31008637,0.32194
264659620,0.334884,0.3610345,0.3040815
265294683,0.2650144,0.44027317,0.29471236
265960361,0.23744515,0.39935237,0.36320245
266401627,0.43875527,0.2849686,0.27627608
266436610,0.31795144,0.38953573,0.2925129
266742880,0.3303388,0.3008449,0.36881626
266906277,0.33308458,0.35580456,0.31111082
267429172,0.28577876,0.42276067,0.29146057
267578693,0.37837517,0.3250007,0.29662412
267804199,0.33586296,0.35026178,0.31387526
268013902,0.37889272,0.34428436,0.27682292
268084334,0.2977354,0.4180444,0.28422025
268188750,0.33781368,0.36810857,0.29407772
268695623,0.28443637,0.4035305,0.3120331
268952808,0.33319047,0.32303596,0.34377354
269120791,0.20815471,0.5186836,0.27316168
269662720,0.36640626,0.31450686,0.31908688
270266697,0.3080354,0.3648057,0.32715893
270417576,0.3764677,0.28970832,0.33382398
270992552,0.23202756,0.2592513,0.5087211
271269446,0.33872986,0.36830696,0.29296318
271733214,0.2919674,0.32553855,0.38249403
272017446,0.26383922,0.4536245,0.28253633
272071617,0.31040365,0.39331302,0.29628333
272189053,0.45925137,0.24107292,0.2996757
272620576,0.38202888,0.33363414,0.28433698
272640586,0.33790514,0.37513995,0.28695488
273172492,0.3499534,0.34311593,0.30693066
273895404,0.4084252,0.3114109,0.28016382
273916532,0.40434685,0.3319495,0.26370367
274240474,0.27990258,0.41570795,0.30438942
274565870,0.36000872,0.34271118,0.2972801
274651139,0.37899286,0.33120817,0.28979895
274682742,0.31597543,0.38083082,0.30319375
274869885,0.356934,0.31115136,0.33191463
275463984,0.44802263,0.24871585,0.3032615
275542883,0.37208882,0.34799016,0.279921
277094923,0.31105602,0.39277536,0.29616863
277669107,0.3048616,0.3546875,0.34045088
277994811,0.46765107,0.25118983,0.28115913
278592691,0.3041463,0.3766887,0.31916502
278615168,0.35237676,0.34098643,0.3066368
279653888,0.52151114,0.21812296,0.26036593
279943637,0.36781588,0.34374326,0.28844088
280075315,0.36719418,0.35525763,0.27754822
280087386,0.19348796,0.5459815,0.2605305
280123012,0.3225993,0.34946436,0.3279363
280656713,0.32260698,0.4057337,0.2716593
280957118,0.37468538,0.30538827,0.31992632
281033896,0.27415562,0.28822398,0.4376204
281408943,0.26313576,0.44873315,0.28813106
281759096,0.3641643,0.3529616,0.28287414
281938456,0.37459028,0.34497064,0.28043908
282075392,0.32777208,0.38704485,0.28518307
282223844,0.27640742,0.42077512,0.30281746
282344360,0.3072346,0.3863116,0.30645382
282694995,0.33519298,0.37054008,0.29426694
283124279,0.41338393,0.32872593,0.25789016
283887081,0.3861419,0.3178016,0.2960565
284281622,0.4713508,0.24632928,0.2823199
285054377,0.3586067,0.32214063,0.3192527
285280321,0.4360902,0.28352654,0.2803833
285382564,0.31247577,0.29625416,0.3912701
285705777,0.38429645,0.34363982,0.27206373
285811677,0.23943122,0.46492404,0.29564473
286156350,0.38872117,0.32154152,0.2897373
286562612,0.3416947,0.31246662,0.34583867
286726927,0.2723172,0.4378004,0.28988242
287242606,0.3230459,0.3939978,0.2829563
287465160,0.5674866,0.17773688,0.2547765
287789064,0.26669553,0.45125437,0.28205007
287904864,0.29412332,0.40960348,0.29627317
287914153,0.32133067,0.35534403,0.3233253
288438335,0.2792281,0.41811514,0.30265677
288462276,0.45148188,0.25425917,0.29425895
288782248,0.35490197,0.35877413,0.28632393
289171919,0.26225185,0.2587604,0.47898778
289771997,0.31515217,0.3935172,0.29133058
290089605,0.5958519,0.15833747,0.24581066
290776422,0.3135966,0.37281334,0.31359
291180460,0.3277408,0.31935054,0.35290867
291305953,0.37685794,0.34763992,0.27550215
291773837,0.33881187,0.34325305,0.3179351
293288942,0.35314995,0.36411458,0.28273547
293295489,0.32986128,0.36736017,0.3027786
293759956,0.38126338,0.31352964,0.30520698
294196556,0.39942378,0.30621958,0.29435664
294611003,0.38844615,0.3102633,0.30129057
295020214,0.46230647,0.26384336,0.2738502
295216864,0.3777963,0.31633198,0.3058717
295279884,0.20029148,0.5336043,0.26610416
295471308,0.36221233,0.30518752,0.33260018
296473153,0.36032915,0.3395346,0.3001362
296765651,0.2887955,0.44125623,0.26994827
296819776,0.32386702,0.3725192,0.3036138
297131293,0.45120722,0.27025604,0.2785368
297644918,0.29328603,0.30625957,0.40045446
298559192,0.32322687,0.27460384,0.40216923
298622540,0.24440652,0.48398328,0.27161017
299325743,0.32984883,0.3765033,0.29364792
299679430,0.3153236,0.29931128,0.3853651
300112413,0.46168754,0.23759481,0.30071768
300238212,0.36118633,0.3512158,0.2875979
300904336,0.285926,0.41655612,0.29751784
300910446,0.34225142,0.35744637,0.30030215
301346955,0.38060814,0.32926068,0.2901312
302584116,0.38045117,0.26241553,0.35713327
303013041,0.30109817,0.37181172,0.3270901
303677512,0.34293056,0.3642617,0.2928077
304359790,0.25626898,0.43509692,0.3086341
304817133,0.35852814,0.34242225,0.29904965
304901128,0.5057548,0.21560541,0.2786397
305117323,0.28278974,0.42793465,0.28927565
305183840,0.33890915,0.3667817,0.29430917
305480516,0.27306765,0.36901966,0.35791272
305719146,0.36366728,0.32689536,0.3094374
306162717,0.3194646,0.33367306,0.34686238
306165233,0.29379556,0.3234082,0.3827963
306320787,0.53846395,0.19944817,0.26208788
306541398,0.35841554,0.33667058,0.30491388
306670276,0.34581536,0.3635206,0.29066405
306865727,0.25376517,0.20332666,0.5429082
306937146,0.3664895,0.33468756,0.29882294
307200846,0.34338385,0.36622334,0.29039288
307364982,0.32491225,0.33633643,0.33875132
307590450,0.33312663,0.37907407,0.2877993
307614279,0.34874064,0.32242566,0.3288337
307710444,0.24984476,0.48481512,0.26534012
308056608,0.40233183,0.31380272,0.28386545
308181755,0.3619942,0.3664456,0.27156013
308739814,0.31344545,0.38660425,0.2999503
309766103,0.44224083,0.26498938,0.29276982
310061424,0.31952202,0.39510313,0.28537482
310526207,0.3567252,0.3393389,0.30393592
310617538,0.36617082,0.34595075,0.2878784
311014708,0.37379158,0.2937528,0.33245564
312644255,0.30599102,0.38454807,0.30946088
312870461,0.3043552,0.41747916,0.27816564
312924098,0.26527148,0.32945323,0.4052753
312944185,0.28563446,0.41405052,0.300315
313059996,0.2799638,0.28061876,0.43941745
313104957,0.41086042,0.29895288,0.29018676
314258551,0.2591604,0.41532546,0.32551414
314325129,0.32264122,0.32188028,0.3554785
314894090,0.4813136,0.24284518,0.2758413
315088059,0.41937786,0.2891742,0.2914479
316167168,0.38837403,0.31428546,0.29734054
316248459,0.4045534,0.314807,0.28063953
316321144,0.3249291,0.34545994,0.32961097
316476665,0.281679,0.43149585,0.2868251
316608986,0.3570279,0.33319813,0.30977398
316711818,0.30329007,0.33072668,0.36598328
317262006,0.48760796,0.23363191,0.27876014
317978052,0.3508927,0.35425612,0.29485115
318052276,0.30166346,0.3767202,0.32161638
318308749,0.3717033,0.308095,0.32020167
318749846,0.40038818,0.30776563,0.29184616
319174472,0.4180936,0.27691182,0.30499458
319254933,0.48434973,0.19376606,0.3218842
319997892,0.32978728,0.36571962,0.30449307
320307655,0.37347603,0.33450103,0.2920229
320699178,0.36667252,0.30529577,0.32803178
320742609,0.43670514,0.2690814,0.2942134
320944123,0.35087055,0.37068182,0.27844763
321895316,0.32972014,0.38831967,0.2819602
322063355,0.3718501,0.31663287,0.31151703
322561474,0.33459932,0.3781132,0.28728744
322712026,0.35774255,0.35599083,0.2862666
322812778,0.28234893,0.40710247,0.3105486
325131642,0.31208503,0.38103974,0.30687526
325363421,0.27687526,0.43969262,0.2834321
325633748,0.42345813,0.28447056,0.29207128
325700165,0.3475302,0.33105135,0.3214184
326326801,0.31633556,0.37782818,0.3058363
326373741,0.30117702,0.40879184,0.2900311
327868680,0.41851118,0.27097908,0.31050974
327887834,0.35438988,0.36795992,0.27765018
328008876,0.4474883,0.28412247,0.26838917
328032481,0.25893426,0.41548,0.32558572
328148579,0.27050745,0.3960771,0.33341545
328331067,0.23519419,0.42287368,0.34193212
328745893,0.3254807,0.41662496,0.2578943
329093558,0.25204083,0.4805457,0.2674134
329396409,0.35034075,0.35530585,0.29435343
329627594,0.25660676,0.45808172,0.28531146
329652204,0.34984872,0.29581165,0.3543396
329694906,0.38015112,0.3252831,0.29456574
329737875,0.3257765,0.33130902,0.34291452
330388090,0.3684687,0.34820658,0.28332472
330596493,0.258441,0.44615716,0.2954018
330740707,0.3582074,0.34657902,0.29521358
330851562,0.41162345,0.23902869,0.3493479
330926758,0.40124804,0.30392474,0.29482716
332122217,0.38295332,0.33825925,0.2787875
332406430,0.33128625,0.31160933,0.35710442
332430450,0.28381315,0.28102523,0.43516165
332592208,0.36959147,0.30343854,0.32696998
333273642,0.2765454,0.39094335,0.3325113
333333295,0.372334,0.34317768,0.28448826
333700349,0.32025033,0.3057475,0.37400216
334090719,0.32587686,0.37539792,0.2987252
334407838,0.28693175,0.44217384,0.2708944
334641209,0.5212011,0.21817559,0.26062334
335002360,0.49955815,0.23161861,0.26882327
335477427,0.41191083,0.28463113,0.30345803
335548859,0.2874902,0.41784668,0.2946632
335916495,0.38909584,0.29392225,0.31698194
336306849,0.40894246,0.302269,0.2887885
336367743,0.36269802,0.32547522,0.31182683
336446875,0.4329761,0.28918964,0.27783424
336997219,0.30403823,0.3454979,0.3504638
337388116,0.27366242,0.43672222,0.28961533
338133731,0.4035601,0.27414083,0.32229906
338574663,0.27354896,0.36956292,0.35688812
338885217,0.32726926,0.3935513,0.27917945
338957473,0.41154224,0.2745059,0.3139518
339186495,0.29643637,0.32061186,0.3829517
339648268,0.34151933,0.31578308,0.34269756
339827937,0.29184127,0.37931994,0.3288388
340346684,0.3128562,0.3142562,0.3728876
340358999,0.34431684,0.36371535,0.2919678
341144678,0.27400365,0.44682235,0.27917403
341407913,0.27686617,0.43994385,0.28318998
341420934,0.23467821,0.47633156,0.28899023
341877255,0.38208956,0.32473963,0.29317075
343522003,0.3567169,0.35362878,0.28965437
344291720,0.36689404,0.33014375,0.30296224
344333142,0.37356943,0.31601718,0.31041342
344571625,0.51567954,0.22417003,0.26015043
344968829,0.38011545,0.32387614,0.29600838
345233867,0.2953507,0.40187305,0.30277628
345289242,0.24491143,0.4605525,0.29453605
345493321,0.29123655,0.41391107,0.29485238
345596138,0.30940035,0.2961498,0.39444983
345736261,0.3758484,0.31681138,0.30734023
346169330,0.21028885,0.5139179,0.2757932
346233090,0.3508197,0.35417432,0.29500598
347145782,0.30275017,0.4006451,0.2966047
347214205,0.28430355,0.38591695,0.32977948
347596921,0.3900658,0.31174678,0.2981875
347668570,0.37689468,0.3241896,0.29891568
348536552,0.41590542,0.30303067,0.2810639
349597310,0.2356571,0.44442618,0.31991673
350595578,0.40398747,0.31882542,0.2771871
351535422,0.356358,0.34306353,0.30057847
351739050,0.24366234,0.43290192,0.32343575
352302899,0.35737902,0.30792114,0.3346998
352761049,0.34198976,0.36281234,0.2951979
353434171,0.2515843,0.3093811,0.43903455
353448897,0.33571216,0.2708388,0.393449
353917106,0.36470336,0.34699607,0.28830057
354129498,0.23111084,0.4209603,0.34792885
354865926,0.34923923,0.3343748,0.31638598
355022097,0.35050416,0.36108464,0.2884112
355131624,0.40581,0.29837725,0.29581273
355307560,0.34728324,0.39049584,0.26222092
355532444,0.28584513,0.41594326,0.29821157
356252430,0.27861798,0.35877663,0.36260542
356501908,0.27773422,0.42029554,0.30197018
357247841,0.3569981,0.36441755,0.27858436
358491458,0.31459618,0.34135354,0.34405035
358536354,0.4317451,0.26761654,0.30063835
359531458,0.2890116,0.2569074,0.45408097
359796890,0.37201452,0.342458,0.28552747
359805882,0.549706,0.20150918,0.24878483
360274249,0.40376568,0.26615673,0.33007765
360307399,0.32700455,0.34269482,0.33030057
360377919,0.32876801,0.3115306,0.3597014
360614447,0.37490323,0.34136832,0.28372842
361367780,0.31665304,0.36146533,0.3218816
361469885,0.25459412,0.48723674,0.25816917
361470185,0.34970248,0.2986994,0.35159814
361548961,0.29901338,0.38187265,0.31911397
361619247,0.2939027,0.42242372,0.28367358
361907358,0.2983396,0.3982826,0.3033778
362388509,0.46965307,0.25388956,0.2764574
362590656,0.27146333,0.31420735,0.4143293
362984953,0.28971678,0.40565887,0.30462438
363512628,0.49628228,0.2385003,0.2652174
363569431,0.30750567,0.3907445,0.3017498
363928312,0.3720659,0.28460383,0.34333032
363967944,0.35151252,0.35569194,0.29279548
364378208,0.4159729,0.2940181,0.29000896
365086107,0.4571954,0.25731078,0.2854938
365203133,0.23345068,0.46857607,0.29797328
365908621,0.39151537,0.32332033,0.28516433
366107811,0.43456617,0.2766374,0.28879642
366712760,0.3798123,0.33156067,0.28862697
367247406,0.34978566,0.35314703,0.29706728
367567137,0.5316694,0.20702577,0.2613048
367639205,0.45006314,0.26141223,0.28852463
368332279,0.42008823,0.3072455,0.27266622
368749156,0.31316042,0.38991913,0.29692045
369122948,0.31325507,0.3598281,0.32691687
369402524,0.44242,0.27802464,0.27955532
369558618,0.33645087,0.3053916,0.3581575
369714363,0.30560768,0.39410114,0.30029118
369819101,0.292272,0.34066233,0.36706567
369961734,0.37862614,0.34572482,0.275649
370364212,0.34518814,0.3519677,0.30284417
370634357,0.37371057,0.34313565,0.28315377
371213138,0.34918088,0.28724742,0.36357173
371467379,0.30798915,0.357601,0.33440986
371659679,0.4094352,0.2838048,0.30675995
371703807,0.53957564,0.19673258,0.26369175
372937937,0.5240458,0.21891584,0.25703833
373445237,0.18653074,0.568624,0.24484521
373802084,0.34399158,0.35560873,0.30039966
373932124,0.32808542,0.37612808,0.2957865
374177621,0.34187454,0.37883702,0.2792884
374474041,0.3528739,0.310619,0.33650714
375151575,0.29897207,0.4058147,0.29521322
375216728,0.27510774,0.43309522,0.29179698
375435125,0.2673154,0.43474,0.2979446
375624347,0.36005038,0.34217396,0.2977757
375626951,0.36979735,0.33052438,0.29967827
376840359,0.35285968,0.3636847,0.28345558
377317026,0.42881787,0.2718194,0.29936272
377809453,0.40347335,0.27745908,0.31906757
378006218,0.30840653,0.30641493,0.38517854
378411011,0.29741848,0.41909146,0.2834901
378906378,0.42215478,0.26963755,0.30820757
379668138,0.42249447,0.3033923,0.27411318
379794683,0.23635359,0.21691374,0.54673266
379900054,0.54555637,0.19644812,0.25799552
380107118,0.42654544,0.29463565,0.27881894
382797234,0.35315067,0.35324714,0.29360223
383062526,0.36063674,0.30837995,0.33098328
383157249,0.38226572,0.32782263,0.28991163
385034757,0.26075208,0.3844501,0.3547978
385099460,0.36731005,0.36077964,0.2719103
385380545,0.34906906,0.35976726,0.29116368
385506050,0.39695966,0.30980784,0.29323256
385943193,0.24067044,0.47629833,0.28303123
386228139,0.25696787,0.47683567,0.26619643
386554435,0.3458901,0.33921275,0.31489712
387161759,0.47265822,0.25511605,0.27222574
387815971,0.2400612,0.23874769,0.5211911
388127968,0.43255642,0.27065447,0.2967891
389293329,0.2846241,0.4141874,0.30118847
389311850,0.23781139,0.49146986,0.27071875
390352506,0.22052851,0.5229088,0.25656265
390853024,0.33924246,0.35982102,0.30093646
391172021,0.2571582,0.46101055,0.2818313
392018328,0.38725257,0.33245084,0.2802966
392256871,0.30052483,0.35237098,0.3471042
393609592,0.36111033,0.36090764,0.27798206
393720165,0.34479064,0.3247367,0.33047265
393728201,0.2362676,0.24852607,0.51520634
393915995,0.29330647,0.33028966,0.3764039
395102853,0.36543688,0.33059484,0.30396825
395609933,0.36058062,0.31940693,0.32001245
395842258,0.35002422,0.33632696,0.31364882
396136015,0.41863155,0.3029772,0.27839124
396190951,0.6168622,0.1441522,0.23898561
396535557,0.28839055,0.35566878,0.3559407
396841347,0.33610168,0.34195673,0.32194158
397196050,0.27797645,0.394628,0.32739562
398098020,0.34610566,0.30595714,0.3479372
398116981,0.3870306,0.27578932,0.33718002
398992172,0.2262735,0.51376224,0.2599643
399075540,0.4163995,0.28772795,0.2958725
399235339,0.34107444,0.34863,0.31029552
399336192,0.31753242,0.4057406,0.276727
399385708,0.46129698,0.25889474,0.27980825
399995957,0.36998266,0.32526684,0.3047505
400771695,0.51893914,0.22131467,0.25974622
400861570,0.55885136,0.18639114,0.25475752
400905922,0.32659322,0.3098432,0.3635636
403382636,0.25119042,0.4706182,0.27819136
403653290,0.24395812,0.4594292,0.29661265
404018157,0.3510287,0.31841344,0.33055782
404239074,0.23532578,0.41634506,0.34832913
404564233,0.47670805,0.25070077,0.27259117
404967990,0.31465474,0.42143,0.2639153
405518545,0.24261129,0.469997,0.28739172
405754666,0.36732388,0.3573954,0.2752807
405760108,0.33269268,0.3653691,0.30193818
405878913,0.40529746,0.31263408,0.28206843
406451990,0.37441343,0.3223709,0.30321568
406765126,0.26741266,0.41086113,0.32172617
407100627,0.4729878,0.24443597,0.2825762
407695351,0.262376,0.4628784,0.2747456
408451068,0.33369884,0.3244632,0.341838
408672025,0.3705126,0.3335443,0.29594308
409028427,0.5013342,0.23201105,0.26665476
409631063,0.364958,0.34085834,0.2941837
409723713,0.41742188,0.28618646,0.2963917
409760299,0.34020233,0.36139834,0.29839936
410172253,0.40499246,0.21371639,0.38129115
410330997,0.39327067,0.30027512,0.30645418
411158524,0.316254,0.38434765,0.2993984
411476862,0.3426636,0.30279008,0.35454637
411662039,0.3301579,0.39202118,0.27782091
411833117,0.28866136,0.42010164,0.29123697
412942917,0.3291622,0.37738046,0.29345736
413352901,0.32892528,0.3618045,0.30927017
413535368,0.3433699,0.34554192,0.31108814
413600682,0.32341543,0.30498204,0.37160254
414097483,0.22449759,0.49738443,0.27811798
414107947,0.49399418,0.22252887,0.28347695
414482593,0.33922228,0.37781173,0.28296596
414501535,0.33480656,0.37780523,0.28738815
414604938,0.23660104,0.48075432,0.28264463
414671247,0.49230486,0.23793863,0.26975653
415143286,0.30944508,0.35843468,0.33212018
415376290,0.33834207,0.30109406,0.3605638
415769809,0.3539427,0.35109177,0.29496554
415787237,0.21553357,0.51585585,0.2686106
416597534,0.42773467,0.28694245,0.28532284
416701527,0.31729236,0.2683713,0.41433632
417719877,0.47414708,0.25399008,0.27186286
418047253,0.26029494,0.27157408,0.46813092
418706086,0.35907185,0.36426666,0.27666152
418820499,0.38392866,0.34903157,0.2670398
420058187,0.3638234,0.35035878,0.28581783
420523781,0.17236808,0.541356,0.28627586
420824164,0.3384859,0.38733804,0.2741761
421856118,0.26098454,0.28131425,0.4577012
421869760,0.44744515,0.26393837,0.28861642
421929347,0.4085729,0.29073143,0.30069566
422190315,0.29848805,0.40830553,0.2932064
422776447,0.26417935,0.45878375,0.2770369
422941074,0.45347252,0.22071974,0.32580775
423948356,0.35402983,0.37003076,0.2759394
425177305,0.45178956,0.27454796,0.27366248
425637061,0.30832276,0.39100873,0.30066848
425748559,0.31343585,0.3661433,0.32042092
427349904,0.23801579,0.4888619,0.2731224
427490055,0.29573268,0.406878,0.29738933
427626440,0.2809763,0.41740465,0.30161905
427911324,0.36631668,0.33455908,0.29912424
429148338,0.30396998,0.40864798,0.28738204
429374584,0.280095,0.40374154,0.31616345
430502590,0.33534473,0.35464707,0.31000817
430896547,0.34105587,0.38336977,0.27557433
430938415,0.3247109,0.3756433,0.29964578
431018221,0.38612008,0.30974787,0.30413204
432439225,0.35434872,0.3584608,0.2871905
432870317,0.30856723,0.36816716,0.32326567
433282693,0.35274953,0.28169578,0.3655547
433388512,0.3649553,0.3389154,0.2961293
433486261,0.33097857,0.36320734,0.30581406
433807466,0.21264185,0.5237576,0.26360056
434178549,0.20730218,0.5319199,0.2607779
434216323,0.3461243,0.35701188,0.29686385
434287156,0.3432668,0.37694454,0.27978873
434338353,0.39705253,0.29231063,0.31063688
435525274,0.31297493,0.40414327,0.28288177
435951302,0.42818218,0.27812016,0.2936976
436017636,0.5790888,0.1793598,0.2415514
436163606,0.25715584,0.3498292,0.39301494
436605823,0.33026892,0.38576043,0.28397065
436772617,0.19021341,0.18965697,0.6201296
437010000,0.28986028,0.44376713,0.26637256
437348309,0.38565576,0.31755084,0.29679328
437377763,0.34543222,0.3115602,0.34300756
437766510,0.3534947,0.34553558,0.30096972
438802809,0.2985116,0.3387972,0.36269122
439108956,0.34537274,0.36094975,0.2936775
439346709,0.3631462,0.34854057,0.28831327
439367905,0.35851857,0.35058442,0.29089704
439381634,0.3873526,0.274164,0.33848345
440966086,0.2824009,0.43312228,0.28447682
441160590,0.3257041,0.38755322,0.2867427
441487524,0.31323445,0.35027805,0.3364875
442421087,0.4198807,0.28769445,0.29242483
442608829,0.35333765,0.33952248,0.30713993
442983670,0.3038075,0.40880835,0.28738415
444233181,0.41429704,0.29587287,0.28983012
444476777,0.28960118,0.41446474,0.2959341
444724607,0.315885,0.29175574,0.3923593
445034386,0.315418,0.32527614,0.35930586
445246150,0.3789165,0.2831187,0.3379648
445261014,0.4628085,0.22976726,0.3074243
445261023,0.24593657,0.43835726,0.3157062
445262572,0.26143658,0.42357904,0.31498432
445978651,0.30064747,0.34970057,0.34965193
446409438,0.3813545,0.30973557,0.30890995
446925210,0.25970846,0.45153162,0.2887599
447025138,0.32656604,0.32372528,0.34970874
447193208,0.36187586,0.33080953,0.30731457
447418702,0.46293724,0.23967859,0.29738417
448043396,0.2888278,0.30720496,0.40396726
448051751,0.3754989,0.32696572,0.29753536
448806793,0.29734784,0.3867699,0.31588233
448866172,0.2674361,0.45477197,0.27779192
449275762,0.49984348,0.19322115,0.3069354
450752523,0.36236447,0.33944845,0.29818708
450827182,0.34522122,0.3686391,0.28613973
451102003,0.34190258,0.35366547,0.30443195
451611547,0.39309865,0.2899789,0.3169225
451925326,0.51693624,0.21172512,0.27133864
451958825,0.3743453,0.34282506,0.2828296
452102089,0.41798726,0.24936467,0.33264807
452217280,0.19381991,0.5628569,0.24332315
452420965,0.22950052,0.49459696,0.27590254
452577647,0.3846513,0.33626133,0.27908736
452741185,0.37205923,0.34689417,0.28104657
454215963,0.463187,0.26016492,0.27664807
454808903,0.38009363,0.32435116,0.29555523
454898660,0.30209422,0.36105314,0.3368526
455102952,0.35841,0.36375237,0.2778377
455429087,0.37132657,0.3401677,0.2885058
455615423,0.47666007,0.24682425,0.27651572
456263252,0.40381464,0.29684913,0.29933622
456357337,0.285218,0.40065902,0.31412297
456430428,0.30294567,0.41223177,0.28482255
458571160,0.37244844,0.33703986,0.29051173
458814427,0.32647002,0.328296,0.34523398
459269314,0.33185816,0.3665083,0.3016336
459322889,0.49727342,0.20708135,0.29564524
459711522,0.37277082,0.3105375,0.31669167
459990441,0.3772902,0.3434168,0.279293
460521330,0.37248352,0.34366173,0.28385478
460719099,0.342994,0.30319166,0.35381433
462048691,0.419803,0.30861628,0.27158076
463075529,0.27859896,0.4254066,0.2959944
463109444,0.34859812,0.34280595,0.3085959
463497863,0.3289039,0.3373962,0.33369988
463564812,0.24280831,0.49008608,0.2671056
464021358,0.28924954,0.3029784,0.4077721
464479208,0.38318694,0.3171,0.2997131
464699811,0.35449108,0.3318585,0.31365037
465159498,0.27251402,0.4461044,0.2813816
465193496,0.23132148,0.5006831,0.26799542
465758777,0.22841191,0.48405161,0.28753644
465854275,0.31984115,0.3988605,0.28129828
465992488,0.41909212,0.28571653,0.2951914
466203870,0.31320006,0.3352909,0.351509
466364312,0.32106856,0.3487404,0.33019108
466377308,0.33308595,0.3476712,0.31924286
467157270,0.41956738,0.29070312,0.2897295
467302219,0.56675565,0.18088716,0.25235718
469282459,0.34116715,0.31957543,0.33925742
469572577,0.3654212,0.34393328,0.29064554
469839021,0.35120976,0.33671826,0.31207192
469926125,0.53616846,0.21213469,0.25169685
470480363,0.32294327,0.3321316,0.34492517
470485337,0.32918063,0.38796818,0.28285116
470596416,0.33682662,0.2948805,0.3682929
470859906,0.30855572,0.38001022,0.31143403
470955444,0.3645975,0.3477706,0.28763187
472944911,0.37672296,0.33261824,0.29065877
473078384,0.36134666,0.33782443,0.3008289
473265719,0.28718612,0.428447,0.28436688
473445922,0.34325212,0.35524064,0.30150726
474436151,0.49258476,0.23715326,0.27026197
474466873,0.40187895,0.30566406,0.29245692
474718767,0.39299965,0.32721937,0.279781
475157163,0.34707144,0.36124617,0.29168242
475512340,0.26491827,0.44201106,0.2930706
476188273,0.34755456,0.37908366,0.27336174
476288155,0.36406344,0.35240966,0.28352693
476694272,0.28997397,0.37408713,0.33593887
477016236,0.32022253,0.3426746,0.33710283
477233195,0.4115646,0.24992216,0.33851326
477265495,0.3483109,0.34592414,0.30576497
477786295,0.34845358,0.363281,0.2882654
478396595,0.32710654,0.34384573,0.32904774
478731792,0.35207474,0.35506314,0.29286212
479308508,0.34236228,0.36139932,0.29623842
479450347,0.2443333,0.49073923,0.26492748
480445098,0.36530316,0.33559373,0.29910308
480857769,0.3128174,0.3415939,0.3455887
481899852,0.21223727,0.50238186,0.28538084
481964135,0.33979106,0.35313505,0.30707395
482338391,0.40347427,0.29510003,0.3014257
482485639,0.32530528,0.39447826,0.2802165
482812185,0.33826536,0.33303672,0.3286979
483405532,0.3329857,0.38315588,0.2838584
483531985,0.2856962,0.36941677,0.34488702
484427901,0.34388185,0.3527848,0.30333337
484687038,0.42982894,0.29376638,0.27640468
484858714,0.42060545,0.27579862,0.3035959
485143243,0.28171867,0.4106667,0.30761462
486338495,0.3439029,0.3426174,0.31347972
486355522,0.33582306,0.29006746,0.37410945
486393740,0.25554603,0.48651135,0.2579426
487542827,0.29691786,0.42460042,0.27848172
487660028,0.3298406,0.37502614,0.29513326
488965026,0.33922827,0.37577385,0.28499782
489709010,0.26546663,0.26546663,0.46906665
489731947,0.3247231,0.39771146,0.27756542
489880806,0.29677033,0.37683767,0.32639205
490037829,0.36762324,0.34312236,0.2892544
490082549,0.34210128,0.37243795,0.28546077
491085423,0.35137242,0.35919407,0.28943348
491580078,0.32119828,0.3869068,0.2918949
491901812,0.31948334,0.3748659,0.30565083
492142000,0.37774986,0.32715604,0.29509407
492802524,0.29977232,0.3121981,0.38802958
492878908,0.37936848,0.3169582,0.30367333
493244939,0.273908,0.3183712,0.40772074
493526846,0.23680672,0.4790997,0.2840936
494377371,0.34314936,0.3647868,0.29206383
494761357,0.32982165,0.31881312,0.35136527
494768722,0.23476931,0.49535388,0.26987684
494873522,0.2992736,0.39728934,0.3034371
495089530,0.45907217,0.2512961,0.28963166
495158752,0.3671347,0.35009068,0.28277457
495251589,0.2985242,0.41621214,0.28526372
495302741,0.32204947,0.3704225,0.30752802
495795387,0.4179535,0.23571011,0.34633636
498139977,0.34139276,0.36596614,0.2926411
498815495,0.31874675,0.34828317,0.33297008
500346997,0.3799699,0.35122246,0.2688076
500710707,0.3159856,0.37423217,0.30978224
501036430,0.31860292,0.30834866,0.3730484
501402942,0.37755182,0.3378872,0.28456098
501589422,0.37084055,0.3259533,0.3032062
501754487,0.2785653,0.42701912,0.2944156
502316029,0.4481302,0.25669432,0.2951755
503710285,0.17979333,0.58369553,0.2365112
503904795,0.32143486,0.39249787,0.28606725
504631902,0.30148858,0.30699778,0.3915137
504891950,0.3110988,0.32680988,0.36209133
505027458,0.29988798,0.42458007,0.27553195
505126666,0.25902665,0.45003277,0.29094064
505219931,0.29888788,0.3253016,0.3758105
505235598,0.44422892,0.26664233,0.28912872
505982586,0.3236255,0.37344158,0.3029329
506612995,0.32018787,0.37379548,0.30601665
507698035,0.34966192,0.31725073,0.3330873
508258945,0.34995204,0.32130063,0.32874733
508391469,0.36823666,0.29879177,0.3329715
508733056,0.49991864,0.23237133,0.26771003
509016510,0.34640372,0.35888508,0.29471123
509043712,0.3654115,0.35755432,0.27703416
509680289,0.54243934,0.20691329,0.25064737
510698848,0.28013444,0.45467138,0.26519418
510910177,0.5194404,0.1999909,0.28056866
511319504,0.32701635,0.38749295,0.2854907
511469601,0.3359167,0.35534945,0.30873388
511674052,0.18626964,0.56384826,0.24988209
511790223,0.39998662,0.32859394,0.27141947
511952934,0.36691707,0.3461011,0.28698182
512611805,0.36352745,0.34863424,0.28783834
513033840,0.36514807,0.35853887,0.27631307
513243487,0.29238254,0.4082362,0.29938123
514259065,0.35213572,0.34602004,0.30184427
515643408,0.2735381,0.4329931,0.2934687
515659531,0.4550925,0.23208627,0.31282127
516681525,0.38801554,0.30841222,0.30357224
517864869,0.4541666,0.2627858,0.28304762
517866176,0.50760233,0.22446212,0.2679355
518170843,0.38732612,0.3420827,0.2705912
518801162,0.21849461,0.21849461,0.5630108
519279498,0.38798973,0.3174848,0.2945255
519327124,0.33982176,0.37775105,0.2824272
519830034,0.35244977,0.3750585,0.2724917
520060609,0.40208417,0.3043363,0.29357952
520462242,0.3680938,0.3525502,0.279356
521522358,0.244365,0.48039764,0.27523738
521630998,0.42739302,0.26422036,0.30838662
522365298,0.29906863,0.4000783,0.30085313
523030646,0.43771166,0.27142468,0.29086363
523939858,0.34193492,0.38070577,0.2773593
523981390,0.35576612,0.31974334,0.32449055
524018311,0.3166058,0.32485974,0.35853446
524216288,0.2478654,0.24926795,0.5028666
524552335,0.2793399,0.4132112,0.3074489
524713761,0.3197233,0.3706309,0.30964583
525775655,0.5186488,0.21560302,0.26574817
526180222,0.28284192,0.27499846,0.44215965
526842019,0.28870943,0.27267385,0.4386167
527029193,0.3273961,0.38805714,0.28454673
527069207,0.16686982,0.5749198,0.25821036
527393534,0.42035288,0.28134716,0.29829997
527735151,0.23725113,0.48802602,0.2747228
527918715,0.2545583,0.46031198,0.2851297
528164964,0.4192115,0.26651818,0.31427038
528425001,0.24135098,0.4846908,0.27395824
528741093,0.44296417,0.2762949,0.28074098
528938967,0.31048834,0.32541203,0.36409962
528963359,0.3765834,0.31480387,0.30861276
528998104,0.37634057,0.33859375,0.28506565
531061530,0.4016856,0.31832087,0.27999356
531321232,0.40736502,0.27652758,0.3161074
531488578,0.30864614,0.3813108,0.31004304
532054872,0.34953177,0.34866107,0.3018071
532422922,0.46858305,0.23852333,0.29289362
532457514,0.31596777,0.4068411,0.2771911
532593356,0.40209365,0.3029118,0.29499453
532778683,0.31960458,0.3866299,0.29376554
532859878,0.3660574,0.3564816,0.27746105
533008937,0.21849436,0.5056267,0.275879
533475351,0.29906258,0.43350905,0.2674284
534007590,0.34995094,0.35327107,0.29677802
534421329,0.36016902,0.3780086,0.2618224
534862768,0.3811749,0.2785651,0.34026003
535041799,0.27370355,0.42868292,0.29761356
535755610,0.269942,0.45715714,0.2729009
535890961,0.26164064,0.48320407,0.25515532
536896239,0.45983732,0.2747672,0.26539552
536905807,0.44001907,0.27549455,0.28448635
537142417,0.25684628,0.4466121,0.29654163
537512161,0.31396013,0.40266877,0.2833711
537551893,0.30140305,0.31837296,0.380224
537638373,0.26773205,0.46205422,0.27021372
537688813,0.35595724,0.31833172,0.325711
537717334,0.47358814,0.24203748,0.28437436
537893941,0.30110782,0.3832755,0.3156167
538134794,0.49522567,0.23088242,0.27389187
538323154,0.36561784,0.36467078,0.26971138
538585824,0.37671858,0.32959116,0.29369032
539605416,0.2927732,0.384641,0.3225858
539832153,0.30631477,0.363905,0.32978016
540176918,0.2989336,0.41384596,0.28722042
540250747,0.31583273,0.328978,0.35518926
540255904,0.345065,0.34017575,0.31475928
540276133,0.34883848,0.30438653,0.346775
540459737,0.48686346,0.23395352,0.27918303
540796721,0.36917132,0.34428784,0.2865408
540831011,0.2341772,0.48365808,0.2821647
542386673,0.24666749,0.26399446,0.48933804
542590145,0.40460414,0.30984867,0.2855472
542968830,0.45654997,0.23192556,0.31152445
544696070,0.58938843,0.17469044,0.23592111
544955363,0.54459894,0.18605343,0.2693476
544981866,0.4112449,0.29373544,0.2950197
545091801,0.26994732,0.2873221,0.4427306
545154441,0.37382638,0.3420335,0.28414008
545195104,0.34840673,0.37668398,0.27490932
546498050,0.3961622,0.32350105,0.28033668
547277158,0.26801285,0.43622494,0.29576224
547698248,0.3175354,0.38244814,0.30001646
548020090,0.31995258,0.35438856,0.32565886
548533707,0.5226593,0.2192573,0.2580834
548579761,0.38435936,0.28978747,0.32585323
548767914,0.37492734,0.33993456,0.2851381
548792251,0.30649957,0.28208548,0.41141498
548944210,0.33379918,0.3725803,0.29362053
549027861,0.3894984,0.33103257,0.279469
549179441,0.2940209,0.37879333,0.32718575
549216751,0.32006902,0.37485963,0.30507135
549362400,0.2976241,0.40562302,0.29675287
549514947,0.31376076,0.40033013,0.28590915
549546575,0.30559236,0.40045726,0.29395038
549783000,0.37356895,0.3343974,0.2920336
549950185,0.29375854,0.413782,0.29245946
550012822,0.47956118,0.24411967,0.27631915
550044168,0.38843754,0.27222192,0.33934057
551741922,0.32638305,0.3172267,0.35639018
552847138,0.3409304,0.3650616,0.294008
552891227,0.35279965,0.3711481,0.27605224
552948542,0.42920178,0.28170526,0.28909296
554350432,0.3196646,0.3818941,0.29844123
554439300,0.34945303,0.33977515,0.3107718
554685158,0.34555274,0.31640232,0.33804494
556138136,0.25157553,0.4754447,0.2729798
556169777,0.34534845,0.34852886,0.30612266
556199404,0.30459931,0.37763703,0.3177637
556423204,0.3875016,0.3132635,0.29923487
556574131,0.34477866,0.23843718,0.41678417
556734884,0.32392263,0.38514096,0.2909364
557435929,0.3516596,0.32956603,0.3187744
557617668,0.35929075,0.25076732,0.38994193
558398613,0.34573066,0.36362255,0.29064682
559247606,0.26953605,0.45940357,0.27106047
559358989,0.2740404,0.41821843,0.30774117
559488957,0.2957692,0.40221614,0.30201465
559733602,0.32622817,0.36458337,0.3091885
560260100,0.34645352,0.3645956,0.2889509
560399427,0.2669376,0.4405617,0.29250062
560898981,0.28784722,0.42192227,0.29023054
560962274,0.21696135,0.5233214,0.25971732
561036778,0.34537375,0.3813553,0.27327096
561214980,0.38132274,0.29778475,0.32089248
561740970,0.26634753,0.4247726,0.3088799
562388801,0.25067508,0.32839486,0.42093006
562414146,0.42238784,0.28420275,0.2934094
562482473,0.35444927,0.3101505,0.33540022
562916604,0.32375333,0.4080891,0.26815757
563116231,0.23087525,0.22602522,0.5430995
563134039,0.27041128,0.4390756,0.29051316
563253912,0.2868473,0.30586988,0.40728283
565262864,0.34041038,0.3648728,0.29471686
565677946,0.14691252,0.6053838,0.24770366
565895050,0.3842256,0.3364429,0.2793315
566165855,0.46207833,0.25899515,0.27892655
567237686,0.43608916,0.273691,0.29021984
567818285,0.3582192,0.33671355,0.30506724
567830228,0.3673895,0.34572488,0.2868856
569027448,0.3567867,0.34084818,0.30236512
569911632,0.33288026,0.35561216,0.31150758
570059645,0.27549306,0.27260542,0.4519015
570244605,0.32301697,0.3638949,0.3130881
570262146,0.32225728,0.3333908,0.3443519
570271683,0.44431588,0.26710802,0.28857607
570365466,0.42000827,0.29025757,0.28973415
570673046,0.37270963,0.34247053,0.28481984
571090007,0.42605126,0.28891784,0.2850309
571273291,0.35204822,0.3379367,0.31001508
571751577,0.35513055,0.3238265,0.32104295
573318064,0.43417588,0.27505288,0.2907713
573629523,0.43534663,0.26292828,0.3017251
573698555,0.30451262,0.41180816,0.28367922
573952509,0.34055167,0.38426322,0.2751851
574190338,0.2774851,0.4356161,0.2868988
574279657,0.35739398,0.36079624,0.28180978
574734685,0.45808673,0.2673729,0.27454036
574863547,0.3619808,0.34150726,0.296512
575216919,0.24529609,0.48898935,0.26571456
575351357,0.4118113,0.302512,0.28567672
576530406,0.21912774,0.22284026,0.558032
576725776,0.45142537,0.21699136,0.33158326
576860279,0.22127661,0.36701906,0.4117043
578281132,0.3122781,0.3945325,0.29318947
578522976,0.24585684,0.4759324,0.27821076
578673415,0.346866,0.29065168,0.36248237
578752092,0.34322363,0.33467472,0.32210162
579117501,0.3318242,0.37033576,0.29784006
579244094,0.28497392,0.44027644,0.2747496
580469348,0.36479577,0.34029168,0.29491255
580554628,0.18001634,0.18389119,0.6360924
581145977,0.3334164,0.36812943,0.29845417
582223233,0.3723052,0.32246083,0.3052339
583033788,0.5986569,0.16096555,0.24037753
583126002,0.33255178,0.36539382,0.3020544
583140982,0.25965545,0.28385893,0.4564856
583728201,0.28543139,0.42670548,0.28786314
584534382,0.39874265,0.30663177,0.29462558
585107354,0.3536353,0.3557278,0.29063696
585426518,0.4723493,0.2377842,0.2898665
585459041,0.44398117,0.26015294,0.2958659
585525447,0.31533164,0.37276852,0.3118999
585572765,0.41424787,0.3176193,0.26813287
585840249,0.3293878,0.35609618,0.314516
585973772,0.30854502,0.29449922,0.39695573
586148566,0.23328435,0.49304992,0.27366567
586219795,0.340056,0.29686785,0.36307615
586423696,0.36968094,0.3499239,0.28039515
586949290,0.28924838,0.32710373,0.3836479
588053556,0.26965094,0.36486542,0.3654837
588751099,0.23719227,0.4917087,0.27109903
588968746,0.29280257,0.42570984,0.28148758
589293820,0.29151353,0.3721888,0.33629757
589632544,0.38062233,0.33353034,0.28584737
589869382,0.34929252,0.36359745,0.28711003
590191223,0.33464673,0.3693303,0.29602295
590612896,0.31430393,0.36322433,0.32247174
591000695,0.32664013,0.31132856,0.36203128
591666857,0.3584662,0.33405134,0.30748242
592908805,0.29524785,0.42056563,0.28418654
593084767,0.323722,0.38085163,0.29542637
593119214,0.4701225,0.2602731,0.26960438
593141432,0.39697033,0.28540862,0.31762105
593233622,0.24216211,0.48435074,0.27348712
593384133,0.43114218,0.25441355,0.3144443
593445868,0.31142735,0.30970287,0.37886977
593485103,0.3313074,0.36322188,0.30547065
593838648,0.22390243,0.51233983,0.26375774
593919730,0.36917698,0.32178164,0.30904138
594370397,0.36390907,0.32702923,0.30906174
594666380,0.3518275,0.38096285,0.26720965
595190820,0.37994826,0.33718848,0.28286326
595382031,0.29107016,0.34766716,0.36126268
595587090,0.35955665,0.28352112,0.3569222
596761678,0.4843154,0.25428006,0.2614045
597165431,0.3139571,0.31553006,0.37051287
597464191,0.30797404,0.3660704,0.32595557
597979661,0.37731054,0.3502081,0.27248132
598028150,0.2987087,0.35276634,0.34852493
598311416,0.38470495,0.32758692,0.2877081
598721996,0.47115582,0.2567991,0.27204508
598855916,0.41087896,0.27401447,0.31510663
598984555,0.26307082,0.4649378,0.2719914
599159921,0.49140647,0.23052995,0.2780636
599227489,0.24867207,0.46583897,0.28548896
599620038,0.35887212,0.35093534,0.29019248
599762723,0.4327178,0.2826901,0.2845921
600421220,0.31663948,0.37608317,0.30727735
600466621,0.32517958,0.30013114,0.37468928
602400267,0.3201927,0.37839895,0.3014084
602460603,0.36790228,0.31494558,0.31715214
602481325,0.33164248,0.36585784,0.3024997
603031593,0.4219418,0.29588032,0.28217793
604567051,0.3434919,0.32334298,0.33316514
605051920,0.2916805,0.30038166,0.40793782
606029465,0.33532748,0.33060545,0.33406705
606115644,0.30068684,0.41279888,0.28651428
606495668,0.30555725,0.39065635,0.3037864
606604980,0.33769256,0.37236336,0.2899441
606621642,0.289928,0.43525788,0.27481407
606778838,0.33359957,0.38260147,0.283799
607419673,0.28095907,0.42686033,0.29218063
607698458,0.40999028,0.27520853,0.31480116
607823046,0.36643192,0.27821726,0.35535085
607879740,0.34079537,0.36077386,0.2984308
607962208,0.36555922,0.3510974,0.28334337
609192285,0.28576553,0.44159395,0.2726406
609371141,0.3011285,0.3784854,0.32038608
609449522,0.32830554,0.29937238,0.37232214
609528313,0.3673613,0.3219242,0.31071448
609559471,0.23673512,0.48358518,0.2796797
610202547,0.3529368,0.35046196,0.29660124
610367092,0.251755,0.4744079,0.2738371
610925909,0.35065985,0.3529631,0.29637706
611181297,0.37419224,0.33819324,0.28761452
612751829,0.29134247,0.4414357,0.26722184
613740113,0.44476628,0.26264176,0.29259193
614020774,0.27670094,0.23586729,0.4874317
615161339,0.3372152,0.38527232,0.2775125
615570702,0.280082,0.44013834,0.27977964
615709333,0.3267511,0.35220927,0.32103962
615870213,0.3430581,0.3589893,0.2979526
616143540,0.34186047,0.3509986,0.30714095
616252715,0.46179742,0.2521222,0.28608045
616296633,0.20547798,0.53983057,0.25469148
616873129,0.25269067,0.4683133,0.27899602
616935908,0.31877595,0.37487555,0.3063485
617479962,0.2610115,0.45083907,0.28814945
617708778,0.26983458,0.33571675,0.3944487
617879069,0.24378553,0.46901694,0.28719753
617926868,0.29635906,0.39631456,0.30732644
618339970,0.30346373,0.41349673,0.2830395
619545949,0.38125965,0.27107504,0.3476653
619671696,0.44274652,0.25968605,0.29756743
620236090,0.3594887,0.35158706,0.28892428
620524477,0.33266103,0.35053638,0.31680262
621891155,0.3481314,0.36571103,0.28615758
622087916,0.37390584,0.3094114,0.31668282
622236720,0.32917172,0.33551657,0.3353117
622331560,0.2765691,0.4401158,0.28331512
622475991,0.35047805,0.33865795,0.31086403
622799072,0.37929004,0.33267915,0.2880308
623124015,0.4608382,0.25883,0.2803318
623492959,0.34381455,0.35459143,0.30159402
624725677,0.24749015,0.4745692,0.27794063
625075376,0.39367706,0.31621003,0.2901129
625470777,0.3460403,0.3657261,0.28823358
625548430,0.331347,0.37481472,0.2938383
626138796,0.32270706,0.36115366,0.3161393
626798585,0.38562715,0.29946882,0.31490406
627141565,0.2818653,0.26026744,0.4578673
627508019,0.41418028,0.30224654,0.28357318
628674489,0.35199994,0.24574356,0.40225646
629133597,0.2912351,0.4040256,0.30473924
629176467,0.38737267,0.2985996,0.3140278
629855468,0.38548997,0.30634958,0.30816042
630930104,0.34454224,0.355051,0.30040675
631243486,0.323161,0.3833077,0.2935313
631428573,0.30553913,0.34002697,0.3544339
631470496,0.3677353,0.31660962,0.31565505
631868076,0.37113452,0.31328827,0.3155772
632237904,0.3953054,0.28482628,0.31986833
632292444,0.3297429,0.36781588,0.3024412
632475973,0.3378658,0.35487217,0.307262
633305274,0.38123477,0.34830222,0.270463
634484724,0.40869915,0.3100182,0.2812826
634578782,0.39217395,0.29966247,0.30816352
634672728,0.43664205,0.2569774,0.30638057
635064748,0.3531714,0.28972274,0.35710585
635645615,0.35696632,0.25975153,0.38328218
636147262,0.2664739,0.43387443,0.29965168
636310430,0.34748203,0.3646804,0.2878375
636399858,0.31345782,0.40113693,0.28540522
636457468,0.32687446,0.35960513,0.31352043
636787315,0.22825742,0.5069996,0.26474303
636874784,0.3624763,0.3421275,0.29539615
636924454,0.33811384,0.35615867,0.30572748
637050045,0.3484996,0.3547138,0.2967866
637769173,0.4811581,0.232096,0.2867459
637827483,0.3818775,0.30445963,0.3136629
637962207,0.35521388,0.354352,0.29043412
638159432,0.4594918,0.26196423,0.278544
638160857,0.34855813,0.36218286,0.28925905
638361597,0.3181314,0.35501507,0.3268535
639032622,0.35092103,0.3144273,0.33465168
639138071,0.1730501,0.58777076,0.23917913
639169386,0.2644909,0.4109053,0.32460374
639554124,0.42467916,0.27569306,0.29962778
639739318,0.3544106,0.35367218,0.29191726
640986118,0.23422748,0.45140064,0.31437185
641010519,0.38057262,0.3487397,0.2706877
641050967,0.47903126,0.23277405,0.28819466
641097936,0.41006544,0.29606193,0.29387262
641486662,0.30174744,0.39536977,0.30288282
641602032,0.29702568,0.37910473,0.3238696
641769771,0.382532,0.35017452,0.2672935
642046230,0.29897928,0.40244034,0.29858035
642228012,0.32138678,0.38034016,0.2982731
642927726,0.33771154,0.33632952,0.32595894
643206791,0.3590122,0.36274385,0.27824396
644120854,0.35711563,0.35651934,0.28636497
644448986,0.31899995,0.38337514,0.29762495
644939934,0.36217588,0.34568882,0.29213536
644941988,0.34476542,0.36230636,0.29292822
645222783,0.37722874,0.35447454,0.26829678
645470456,0.39371875,0.2963831,0.3098982
645706137,0.33416286,0.37130463,0.29453248
646792714,0.24346319,0.4823084,0.27422845
646993495,0.38060975,0.34591866,0.2734716
646997865,0.49410895,0.24413517,0.26175588
647337169,0.27400726,0.3988805,0.3271122
647559082,0.3466416,0.3430036,0.31035483
647571816,0.24338862,0.47668552,0.27992582
647771686,0.29113942,0.33918267,0.3696779
648215224,0.33950686,0.36364284,0.2968503
648924164,0.51025915,0.22575793,0.26398292
649919138,0.30755442,0.38479215,0.30765343
650917288,0.34631026,0.36027175,0.29341802
651013110,0.25869378,0.39505982,0.3462464
651752286,0.36353236,0.34244213,0.29402545
651831051,0.28978223,0.4332828,0.27693498
652166213,0.23097318,0.508723,0.26030374
652221308,0.37505418,0.319813,0.30513287
652310313,0.36375505,0.33717412,0.29907084
652361745,0.30471456,0.40727982,0.28800565
652377101,0.32253322,0.381473,0.29599375
652801738,0.27585104,0.42327985,0.30086908
653020124,0.2696613,0.4561078,0.2742309
653232295,0.40571988,0.29749605,0.2967841
653368453,0.31992823,0.3882364,0.29183534
653447366,0.32055843,0.38345653,0.2959851
653669810,0.48450673,0.24495739,0.2705359
654392744,0.30276877,0.41515002,0.28208125
654430501,0.34423834,0.36665,0.28911167
655276803,0.37303138,0.2475718,0.37939683
655839311,0.28924173,0.30264038,0.4081179
655841003,0.37961784,0.34206277,0.27831936
655896897,0.3013407,0.38873416,0.3099251
656243391,0.28462845,0.3962087,0.3191628
656268525,0.35530567,0.36992753,0.2747668
656331069,0.399108,0.31062895,0.2902631
656594842,0.38235286,0.34313893,0.27450827
656624179,0.33957788,0.37166637,0.28875577
656778692,0.46291637,0.25950813,0.2775755
657113700,0.29222226,0.26661137,0.44116634
657244915,0.3800365,0.3304155,0.28954804
657327858,0.35196942,0.36001033,0.28802022
658111043,0.46042687,0.24262291,0.2969502
658228685,0.3380521,0.36837858,0.29356933
658636063,0.42195308,0.2857027,0.2923442
658672491,0.39516538,0.28748882,0.31734586
660096190,0.34883592,0.30189586,0.34926823
660256478,0.5565837,0.18462694,0.25878936
660985827,0.31373516,0.3612498,0.32501504
661181887,0.30796692,0.42016473,0.2718684
661284190,0.32003844,0.38683426,0.2931273
661722915,0.3625929,0.34896904,0.28843808
662351122,0.41768777,0.27832395,0.30398834
662443481,0.34921116,0.31777918,0.33300966
662451311,0.44837448,0.25468993,0.29693562
662680324,0.33435997,0.33180988,0.33383018
663171188,0.34319234,0.3595925,0.29721513
663541866,0.43549892,0.26986754,0.29463357
664005295,0.2969257,0.36380914,0.33926517
664244588,0.48176467,0.24114916,0.2770862
664460575,0.28940225,0.41529125,0.2953065
664992442,0.36348537,0.34964132,0.2868733
665715079,0.32533127,0.35403532,0.32063344
666274793,0.3681188,0.34621137,0.2856699
666426205,0.37575495,0.3080993,0.31614575
666439572,0.36950627,0.34788853,0.28260523
666911163,0.39626718,0.30247784,0.301255
667189662,0.15654364,0.608258,0.23519832
667498397,0.28806934,0.3987999,0.3131308
667938528,0.36824012,0.343516,0.28824383
668152056,0.34736896,0.36358815,0.2890429
668865690,0.33693007,0.3783651,0.2847048
669688941,0.36788952,0.32903042,0.30308005
669713722,0.44870436,0.27102646,0.2802692
669859018,0.35406852,0.34023494,0.3056966
670852744,0.39406732,0.3123381,0.2935946
671650745,0.34699738,0.28689423,0.3661084
671702775,0.44058603,0.27666032,0.28275362
671945114,0.3421912,0.35763335,0.30017543
672547997,0.40284002,0.33367622,0.26348376
673099965,0.32039315,0.3883772,0.29122964
673505563,0.38500357,0.3578237,0.25717276
675368882,0.34842855,0.33763513,0.3139363
675510053,0.38652295,0.28623217,0.32724488
675584932,0.42141378,0.28523475,0.29335147
675647301,0.34685463,0.33696,0.3161854
675753294,0.41012985,0.27894908,0.31092107
675783932,0.32854807,0.39216143,0.2792905
676269321,0.3684285,0.3219153,0.3096562
676518591,0.3376921,0.34505528,0.31725255
676559658,0.3286165,0.29193795,0.37944555
677185671,0.32225752,0.3723508,0.30539167
677204717,0.35881454,0.35605073,0.28513476
677247738,0.3744019,0.32345396,0.3021441
677712561,0.26900804,0.37771383,0.35327816
678057384,0.38551626,0.31663656,0.29784718
678379408,0.32952595,0.38452315,0.2859509
678539014,0.2758527,0.30426306,0.41988423
678816181,0.3861059,0.33307493,0.28081918
678820576,0.37748462,0.32488975,0.29762566
678989388,0.40609354,0.30753765,0.28636882
679000313,0.2372917,0.48289084,0.27981746
679082430,0.2667739,0.41080153,0.3224246
679218353,0.30798924,0.32942113,0.3625896
679448612,0.32531387,0.366817,0.30786914
679659418,0.32118282,0.34665582,0.33216137
680143524,0.41818362,0.29486448,0.2869519
680257148,0.3455465,0.36305106,0.29140246
680475797,0.36001217,0.34551078,0.29447702
680547101,0.2719756,0.4370153,0.29100913
680675949,0.38382655,0.31455392,0.3016196
681762547,0.3583578,0.34790054,0.2937417
682094803,0.2758772,0.4191764,0.30494642
682259210,0.37917233,0.29940972,0.321418
682337991,0.2990712,0.36811876,0.33281004
682432830,0.32168633,0.39894843,0.27936524
682473336,0.40990686,0.31227517,0.27781796
683114121,0.36935943,0.33949888,0.29114163
683799359,0.3291207,0.356664,0.3142153
683946311,0.2724162,0.43509007,0.29249373
684256307,0.24305412,0.48051876,0.2764271
684274419,0.37936345,0.32171655,0.29891998
684921222,0.25840592,0.35193944,0.38965467
685329785,0.3623715,0.34696192,0.29066658
685958150,0.33698905,0.34904015,0.31397074
686380422,0.31226152,0.3984412,0.28929728
686557600,0.31747305,0.38144985,0.30107707
687152352,0.34025663,0.33521485,0.3245285
687233999,0.26383114,0.44183975,0.2943291
687390679,0.355555,0.3557574,0.2886876
687507305,0.374452,0.2603152,0.36523277
687934298,0.27926207,0.42233354,0.29840434
688128642,0.41758972,0.27594793,0.30646235
688178311,0.34141457,0.3455698,0.31301564
688228605,0.2967114,0.41519982,0.28808883
688414035,0.3586715,0.33711272,0.3042158
688643500,0.35955548,0.2985815,0.34186298
688687915,0.28326255,0.3272394,0.38949805
689100268,0.3691131,0.32835415,0.30253273
689580590,0.3645929,0.3472617,0.28814536
689896699,0.45956683,0.246721,0.29371223
689923377,0.2843867,0.3795491,0.33606422
690377638,0.30260545,0.41893286,0.2784617
691071369,0.3340484,0.35850823,0.30744338
691089561,0.40216872,0.2957797,0.30205154
691791320,0.28963894,0.42932,0.2810411
691800945,0.3209641,0.395855,0.28318083
692240074,0.33226013,0.37860766,0.28913224
692366712,0.31613708,0.36600628,0.3178566
692438400,0.34400547,0.3457669,0.31022757
692846166,0.3079775,0.36084157,0.33118093
692883952,0.4678424,0.26308608,0.26907158
692907515,0.3943181,0.31459317,0.29108873
693299479,0.4144502,0.2928583,0.29269147
693683036,0.3207268,0.3790909,0.30018228
693760672,0.37229604,0.34071583,0.2869881
693823470,0.35010514,0.36928403,0.28061086
693954182,0.3168244,0.3919262,0.2912494
694162790,0.3688727,0.3566069,0.2745204
694447284,0.3062138,0.3771131,0.31667316
694518353,0.3363772,0.37054312,0.29307967
694674328,0.19240314,0.19240314,0.6151937
695150553,0.3434655,0.36538166,0.2911529
696119734,0.3530272,0.36162758,0.28534523
696672649,0.41694084,0.33059558,0.25246364
696846893,0.20450324,0.20450324,0.5909935
697209006,0.28684804,0.32710814,0.38604382
697680669,0.42376986,0.28013778,0.2960924
698136545,0.50170964,0.23184374,0.26644662
698401012,0.38375562,0.31659776,0.29964668
699057036,0.28571004,0.32414883,0.39014113
699889151,0.26037765,0.24937743,0.4902449
699931466,0.34139797,0.31484377,0.34375823
699978707,0.2997799,0.32728118,0.37293893
700257050,0.36203206,0.3433047,0.2946632
700262177,0.3248657,0.35666227,0.31847203
700659402,0.30144894,0.30870867,0.38984242
700868555,0.33695108,0.3293498,0.3336991
701090837,0.3600402,0.33644736,0.30351242
701336975,0.4258851,0.27876318,0.29535174
701360301,0.3815927,0.32945293,0.28895438
701382794,0.29774344,0.3915855,0.31067103
701495567,0.31897587,0.37616587,0.30485827
701588352,0.3479518,0.36004698,0.29200125
702041904,0.3231442,0.388471,0.28838474
702067130,0.31163585,0.37589532,0.31246883
702346209,0.21557404,0.22150579,0.56292015
702577995,0.3904169,0.29061735,0.31896573
703405849,0.26783,0.4499098,0.28226024
705052390,0.299349,0.40185556,0.29879546
705109550,0.39779162,0.3124412,0.28976715
705199188,0.37292174,0.35355526,0.27352297
705772162,0.3792512,0.3221896,0.2985592
706230222,0.27365953,0.40158415,0.32475632
706273423,0.36080754,0.3421411,0.29705137
706849199,0.3008325,0.34737766,0.3517899
707414367,0.23760755,0.24935903,0.51303345
707480036,0.33962667,0.31398267,0.3463906
707509908,0.3440249,0.32390255,0.3320726
708515109,0.3198862,0.33503062,0.34508318
709136463,0.31692344,0.35004732,0.3330292
709156988,0.4101725,0.30336845,0.2864591
709952254,0.3515377,0.31473774,0.33372456
710093751,0.3865236,0.31576905,0.29770732
710406237,0.4073608,0.30699766,0.2856415
710682796,0.3428607,0.357079,0.3000603
710712289,0.3535361,0.33695447,0.30950943
710887433,0.33404556,0.32606786,0.33988655
711385118,0.44452128,0.286892,0.26858675
711429368,0.38576496,0.32605827,0.28817677
711744841,0.3128331,0.3872949,0.29987198
711853969,0.34835297,0.38019502,0.27145195
711917575,0.3095229,0.39383566,0.29664147
712126362,0.34486914,0.36934787,0.28578305
712405210,0.36009377,0.34632415,0.29358208
712714519,0.33398026,0.36990067,0.29611906
712854371,0.34925008,0.3655998,0.2851501
712961569,0.41567546,0.23939875,0.34492582
713043559,0.39010727,0.33591038,0.27398235
713197204,0.36512458,0.29882216,0.33605325
713424065,0.36754352,0.32283884,0.30961764
714910021,0.29945868,0.34593374,0.35460758
715817672,0.36751375,0.35275346,0.2797328
715849604,0.31870463,0.3713924,0.309903
715861427,0.2959996,0.41447696,0.28952342
716236262,0.35280228,0.328126,0.31907174
716493758,0.35640204,0.33460486,0.3089931
716964962,0.24262157,0.3950662,0.36231223
717070125,0.3836921,0.32388154,0.29242635
717097269,0.35800624,0.28439373,0.35760003
717252402,0.32771242,0.37906462,0.29322296
717843988,0.28099406,0.43459743,0.28440848
718053279,0.2737937,0.43717992,0.28902638
718250232,0.34054315,0.3519966,0.30746022
719860290,0.25454983,0.31794646,0.4275037
719892604,0.40189773,0.29618523,0.30191705
720380278,0.39692622,0.29703575,0.30603802
720397764,0.2598297,0.26594925,0.4742211
720748211,0.36790687,0.34827805,0.28381512
720777997,0.35259533,0.34430623,0.3030985
720821291,0.24300021,0.48335415,0.2736456
721004517,0.38744974,0.31343126,0.29911903
721040925,0.36203176,0.3485996,0.28936863
721399219,0.22789615,0.48543108,0.28667277
721685338,0.38504913,0.32563984,0.289311
721694637,0.47334102,0.23140424,0.29525477
721694950,0.3817283,0.34324884,0.27502286
722189900,0.24330273,0.48934495,0.26735234
722270458,0.37408814,0.31244987,0.31346196
722512324,0.26723626,0.4308185,0.3019452
723176820,0.45678827,0.26835704,0.27485466
723536266,0.29788417,0.39688593,0.3052299
724144595,0.2941035,0.4024368,0.3034597
725347968,0.39716476,0.3171188,0.2857164
725451636,0.2885484,0.40598148,0.3054701
725571642,0.29878485,0.3875156,0.31369948
725712625,0.309511,0.40467644,0.28581256
726090661,0.527344,0.22089516,0.25176084
726174480,0.4793875,0.24411322,0.27649927
726790200,0.39234954,0.31173587,0.29591456
726921681,0.34340096,0.35510227,0.30149674
727383047,0.22343001,0.50596595,0.270604
728357564,0.36188728,0.35403752,0.28407517
728572634,0.35745543,0.35111892,0.2914256
728760437,0.3248194,0.26574388,0.40943673
729458908,0.3338202,0.38564187,0.28053793
729848328,0.34831303,0.37462512,0.27706185
731346432,0.37385327,0.34127706,0.28486967
731359047,0.32964492,0.301701,0.36865407
731608734,0.39463544,0.30599606,0.29936856
731814717,0.32939142,0.3492985,0.3213101
731831071,0.27099633,0.41833,0.31067365
732145029,0.45987296,0.26766598,0.27246112
732408826,0.35461336,0.31201923,0.3333674
732622568,0.23037046,0.5070394,0.26259008
733223183,0.38209853,0.3237357,0.29416573
733735516,0.37648433,0.32297194,0.3005437
734178179,0.36229116,0.34650078,0.2912081
734321315,0.3429777,0.335348,0.3216743
734797730,0.34292078,0.3744037,0.28267556
734856306,0.41995698,0.26684025,0.31320274
735068064,0.3784846,0.27966142,0.341854
735145029,0.36944577,0.33970755,0.29084665
735415860,0.35817432,0.35868427,0.28314143
736680415,0.33254373,0.36653167,0.30092466
736741376,0.47335395,0.25101185,0.27563423
737200814,0.33179766,0.37846798,0.28973442
737201480,0.26433906,0.45231593,0.28334498
737415984,0.36328188,0.35613137,0.28058672
737612704,0.3427347,0.3562135,0.30105183
737684238,0.24344152,0.48854646,0.26801202
737684657,0.28249216,0.3689811,0.34852678
738065013,0.35595554,0.3501617,0.2938828
738186597,0.3554101,0.3446265,0.2999634
738306586,0.33757865,0.3577904,0.30463094
738692448,0.37676865,0.32364476,0.2995866
740273517,0.39149597,0.3000643,0.30843973
740511279,0.32879788,0.37263083,0.29857132
741034949,0.3102066,0.37926638,0.31052703
741212665,0.39237684,0.34843,0.25919315
741268693,0.37779254,0.3304612,0.29174626
742123728,0.42657277,0.30380946,0.26961774
742283559,0.26242393,0.46122995,0.2763461
742321836,0.3351916,0.33836013,0.32644826
742651238,0.4314819,0.26313022,0.30538785
742816020,0.38138008,0.23348394,0.385136
743891198,0.38246983,0.28345203,0.3340781
744215630,0.42175874,0.28442246,0.2938188
744300599,0.44186217,0.29432547,0.26381233
744699408,0.37916806,0.31285447,0.30797744
744716337,0.2969128,0.394661,0.30842626
745092654,0.2900852,0.42053849,0.28937632
746100043,0.43973202,0.27814168,0.28212628
746463647,0.22664368,0.5055538,0.26780254
746505061,0.39510727,0.31586915,0.28902352
746959201,0.4164341,0.27422905,0.30933684
747730333,0.51067984,0.22635078,0.26296943
747730850,0.25378984,0.4580191,0.28819108
747793868,0.44385022,0.26678753,0.28936228
748464170,0.3371795,0.37133646,0.29148406
749497447,0.29587126,0.39763376,0.306495
749758791,0.48893094,0.23214954,0.2789195
749820514,0.320879,0.38274357,0.29637742
750489165,0.29388785,0.41420102,0.29191113
752598019,0.35253888,0.3688982,0.27856296
752651631,0.33914667,0.33881944,0.32203394
752952970,0.48802403,0.22393602,0.28803992
753381490,0.25313866,0.4613946,0.28546673
753407464,0.35909078,0.31596035,0.3249489
753510591,0.31376007,0.31215477,0.3740852
753567285,0.3627371,0.28509903,0.35216385
754003796,0.37410364,0.3380338,0.28786257
754249136,0.35480314,0.3232041,0.32199275
755240221,0.35094264,0.331151,0.31790638
755351780,0.4450444,0.25551975,0.29943585
756298120,0.3474825,0.36308652,0.28943095
756564306,0.46484727,0.23333153,0.3018212
757455810,0.3003841,0.40474397,0.29487193
757543140,0.20770065,0.24672273,0.5455767
757910095,0.2480683,0.2854412,0.46649057
757945744,0.39777654,0.32461566,0.2776078
758094569,0.41221857,0.24739017,0.34039125
758487427,0.34922263,0.34820744,0.30256993
759201941,0.36529887,0.3739487,0.26075247
759212152,0.34270817,0.31412017,0.34317163
759217380,0.3297733,0.33483392,0.33539274
759547905,0.33769548,0.38790298,0.27440158
759643364,0.27676743,0.41112605,0.3121065
759772839,0.3385797,0.3657764,0.29564387
759975102,0.4076873,0.27014673,0.32216594
760493513,0.41855758,0.2913705,0.2900719
760656782,0.38750046,0.34608638,0.26641318
760679584,0.31290424,0.38397297,0.30312282
760888943,0.313973,0.3268854,0.3591416
760930069,0.32131955,0.37021846,0.30846196
760945693,0.54498506,0.19665393,0.25836098
761553274,0.248521,0.47916776,0.27231127
763017173,0.32968456,0.312574,0.35774148
763096473,0.3384965,0.3806848,0.28081864
763129433,0.33433574,0.3744619,0.29120237
763947937,0.3316413,0.3592227,0.30913606
764162827,0.35610068,0.3573933,0.286506
764303769,0.21840924,0.5087742,0.27281657
764702299,0.37819615,0.33489797,0.28690594
764812062,0.3141372,0.36588824,0.31997454
764833414,0.35227388,0.35932714,0.28839904
765296911,0.30925095,0.40960032,0.2811487
765455106,0.2943083,0.37634724,0.32934442
765549343,0.22174266,0.51585853,0.2623988
765599574,0.236462,0.23214002,0.53139794
765630973,0.23418224,0.47233307,0.2934847
766200656,0.33111238,0.3299659,0.33892173
766269883,0.3953746,0.29695004,0.30767542
766335087,0.48739746,0.22178933,0.2908132
766496317,0.28767955,0.44206423,0.27025625
766523855,0.27951232,0.27951232,0.4409753
766594175,0.3413115,0.3449096,0.31377888
767200328,0.2955884,0.38089705,0.32351455
767203356,0.3071742,0.3864613,0.30636454
767238440,0.29572034,0.40527692,0.2990027
767357313,0.40811646,0.27542782,0.3164557
767408860,0.341214,0.36238995,0.29639602
767534972,0.3379432,0.2739275,0.38812935
767571489,0.34017047,0.3534983,0.30633122
767654808,0.3051219,0.394256,0.3006221
767904106,0.27022648,0.45945668,0.2703169
768309987,0.32442737,0.3464073,0.32916534
769028768,0.35378122,0.3472994,0.29891944
769578212,0.35747904,0.3262771,0.31624383
769892462,0.3816305,0.29084587,0.3275236
770147628,0.3653304,0.26827502,0.3663946
770406326,0.31120044,0.31384867,0.37495086
771515659,0.3811338,0.33076102,0.2881052
771705990,0.32388765,0.37490332,0.30120903
771758244,0.36410338,0.35470062,0.28119603
771961187,0.3511089,0.3672161,0.281675
772072990,0.2797233,0.40806693,0.31220973
772311054,0.24280718,0.48066399,0.27652884
772757442,0.23661464,0.2988584,0.46452695
773929889,0.46322495,0.24691027,0.28986478
774062307,0.27474642,0.37974596,0.34550765
774105798,0.30339098,0.37573588,0.3208731
774348995,0.4183165,0.30219108,0.27949244
775297944,0.33244914,0.34150112,0.32604972
775718046,0.18257262,0.5666286,0.25079876
775911845,0.41383177,0.22679582,0.3593724
776116035,0.45468855,0.27183264,0.2734788
776262791,0.5042886,0.22275153,0.27295986
776642746,0.36816302,0.34068346,0.29115355
777526089,0.35799512,0.35098612,0.29101872
777675806,0.369102,0.333718,0.29718
777879572,0.52568257,0.20678088,0.26753655
777951094,0.3538822,0.36290568,0.28321213
778314985,0.37188983,0.27911317,0.34899694
779169401,0.36442834,0.35244966,0.28312203
779424687,0.30453134,0.36559153,0.32987714
779653499,0.30781823,0.37742388,0.31475788
779858347,0.35416132,0.3460344,0.29980427
780075991,0.38981387,0.33310348,0.27708268
780506499,0.22534461,0.49050927,0.2841461
780695685,0.25308585,0.39960268,0.3473115
780697259,0.34473658,0.34049857,0.31476486
781120108,0.37173745,0.3196231,0.30863947
781440468,0.36272538,0.33076617,0.30650845
781756651,0.31032848,0.31908917,0.37058228
781950830,0.2603185,0.45329314,0.28638834
782183410,0.37681466,0.28265592,0.3405294
782294356,0.24291924,0.31986338,0.4372174
782376358,0.50722206,0.2180487,0.27472925
782742503,0.3619019,0.30623603,0.3318621
783046987,0.35268286,0.34680673,0.30051044
783387460,0.26392663,0.43281037,0.303263
784118017,0.24485753,0.44650024,0.30864224
784209837,0.32032305,0.377319,0.30235794
784610835,0.3428684,0.3045784,0.35255325
784797084,0.26198912,0.34724653,0.39076436
785048916,0.31072414,0.40273842,0.28653747
785332837,0.4615499,0.24375877,0.29469132
786559406,0.46716964,0.25131828,0.28151205
786641621,0.3129987,0.39895552,0.28804576
786770718,0.3921715,0.32701534,0.28081316
786783607,0.23448236,0.48778445,0.27773315
787366357,0.34925854,0.3914073,0.25933415
787423042,0.35602087,0.33829772,0.3056814
788882093,0.29442716,0.40829137,0.2972815
788895476,0.28525716,0.39116788,0.32357502
788968082,0.36474103,0.3453068,0.28995216
789617929,0.36661717,0.33984494,0.2935379
790171568,0.3398532,0.36629164,0.29385516
791231294,0.37447417,0.33703116,0.28849465
791677890,0.36276728,0.32397634,0.31325638
791780597,0.44194806,0.2674691,0.29058278
792352598,0.36264294,0.25826412,0.37909293
793302270,0.39138725,0.33972538,0.2688874
793866593,0.3570252,0.3473293,0.29564553
795269818,0.26473776,0.44736376,0.28789848
795662476,0.32106867,0.39943895,0.27949238
796048636,0.37393963,0.2628334,0.363227
796430071,0.5111087,0.22952634,0.25936493
796582708,0.2955274,0.23017159,0.47430104
796691108,0.2352602,0.48474136,0.27999842
796950142,0.49470758,0.22222233,0.28307012
797786870,0.4577583,0.26917794,0.27306378
797790532,0.3313495,0.33258146,0.33606905
798549665,0.3691044,0.35959834,0.27129728
798816810,0.33795655,0.34189785,0.32014567
798978630,0.3650736,0.34713292,0.28779352
799680491,0.26430592,0.33581364,0.39988044
799764192,0.34931943,0.31937864,0.33130193
800536650,0.2779901,0.4462735,0.2757364
800768941,0.30757535,0.40564945,0.28677517
800898722,0.3652177,0.33716586,0.29761648
801126386,0.38004526,0.29987335,0.32008135
802392842,0.30251437,0.39045003,0.3070356
803675165,0.3595906,0.3621214,0.27828804
804208116,0.2986241,0.41919363,0.28218225
804467499,0.3240868,0.35438675,0.3215265
804497184,0.33160883,0.37950438,0.28888682
804611218,0.38081145,0.30109903,0.31808954
804722742,0.327079,0.3106914,0.3622296
805484576,0.31894484,0.40081525,0.28023988
805942889,0.32917735,0.37595642,0.2948662
806191985,0.35546958,0.35547805,0.28905243
806247660,0.36839867,0.3239481,0.30765325
806976200,0.33862698,0.34776437,0.3136087
808002815,0.31017178,0.3527581,0.33707014
808323861,0.36823806,0.35848892,0.27327305
808411944,0.31847525,0.38523376,0.296291
808909771,0.29921204,0.32978162,0.37100634
809311656,0.34438813,0.3589177,0.29669416
809686481,0.35438806,0.35728976,0.2883222
809831413,0.44556448,0.23961458,0.31482092
809848307,0.2574184,0.42014194,0.32243967
810709019,0.29125965,0.40417236,0.30456793
810931083,0.33338735,0.38491768,0.28169498
811264514,0.36555082,0.35583422,0.27861494
811522991,0.31547987,0.39374873,0.29077142
812224393,0.38750774,0.31504342,0.29744887
812518689,0.35466754,0.3490864,0.29624608
812801100,0.30763048,0.32393065,0.3684389
812881541,0.3156414,0.36721957,0.31713897
812944009,0.27723643,0.4351471,0.2876165
813338471,0.34827358,0.37908068,0.27264577
813403967,0.40186217,0.27960616,0.31853163
813494037,0.2436695,0.43202615,0.3243044
813774582,0.43977904,0.2604319,0.29978907
813995981,0.27072826,0.41466343,0.3146083
814676121,0.2813011,0.4597656,0.25893328
814747273,0.3302812,0.35931665,0.31040215
815069445,0.36812386,0.32947785,0.3023983
815172120,0.25201997,0.40855825,0.33942187
815631071,0.48880652,0.23237313,0.2788204
815836742,0.24217784,0.46027297,0.2975492
816173320,0.3443249,0.36224633,0.29342872
816932544,0.32589018,0.3554741,0.3186357
818607766,0.27547765,0.31305104,0.41147137
818894452,0.44572908,0.25062084,0.30365008
819370039,0.3512406,0.34168607,0.30707335
820386908,0.37998378,0.3305263,0.28948992
820571253,0.34235755,0.3385805,0.31906196
821623140,0.3185875,0.37912574,0.30228674
821863835,0.33993393,0.3808146,0.27925152
822184468,0.3369277,0.3439282,0.31914407
822275122,0.36009902,0.28136882,0.35853213
822730342,0.29843703,0.38396096,0.31760204
823212361,0.23310667,0.43018112,0.33671218
823310658,0.32198578,0.3034077,0.37460655
823366502,0.3022532,0.38846862,0.30927825
824067423,0.35417938,0.34048218,0.30533838
824482237,0.264813,0.27182668,0.46336034
824538051,0.23537913,0.2892788,0.4753421
825163139,0.2541979,0.27379072,0.4720114
825294402,0.3884129,0.3456004,0.26598668
825757307,0.3762899,0.33180705,0.29190308
825768209,0.39399433,0.3245027,0.2815029
825877654,0.56796765,0.18684457,0.24518777
826290158,0.33402717,0.37390566,0.2920672
826615908,0.34228542,0.33290666,0.32480794
826903770,0.46011686,0.28148562,0.2583975
827314675,0.36190706,0.32965654,0.30843645
828115427,0.34651232,0.3513872,0.30210042
828389765,0.24534215,0.47840238,0.27625555
828828289,0.3599289,0.3326338,0.3074373
829247225,0.30475512,0.32584888,0.36939603
829339695,0.19779742,0.5437034,0.25849918
829670977,0.18146253,0.18146253,0.63707495
829993431,0.2292868,0.5022235,0.26848975
830083779,0.42023402,0.27950573,0.3002603
830414375,0.30440807,0.37560833,0.31998366
830442233,0.39301658,0.33468175,0.27230164
830444762,0.35009205,0.3144403,0.3354677
830517797,0.40285742,0.23701003,0.36013255
830535934,0.30004275,0.3777364,0.3222209
831081753,0.31975204,0.3924129,0.287835
831417726,0.36171478,0.35594982,0.2823354
831856317,0.24523443,0.43607572,0.31868988
832538452,0.40387267,0.3022347,0.29389262
833019307,0.30008423,0.40487745,0.29503834
833190748,0.2669578,0.44936565,0.28367656
834336581,0.34278387,0.35049355,0.30672252
834960909,0.30095673,0.40666184,0.29238147
835604446,0.24213734,0.47228375,0.2855789
835667352,0.3538953,0.3676512,0.27845353
836223002,0.31725207,0.3896094,0.2931385
836267605,0.3161459,0.38815254,0.29570156
836671415,0.28775543,0.40853846,0.30370608
836802513,0.17931134,0.5659883,0.25470033
836898557,0.2798116,0.38808018,0.33210823
837300328,0.31097582,0.38415298,0.3048712
837814911,0.34611753,0.3100804,0.34380203
838719756,0.3412002,0.3546142,0.30418563
838740162,0.5905384,0.16847649,0.24098513
838750137,0.28821844,0.4237588,0.28802273
839888009,0.47971916,0.24498302,0.27529782
841595438,0.22301945,0.5157603,0.26122028
841820089,0.37289077,0.35147244,0.2756368
842084708,0.37484708,0.3082075,0.31694537
842567347,0.3663634,0.3075263,0.32611024
843279115,0.41346228,0.27785018,0.3086876
843334337,0.29028827,0.35912713,0.3505846
843344596,0.35533595,0.3378603,0.3068038
843445922,0.32111722,0.3802983,0.29858446
843690478,0.3164575,0.38288486,0.30065763
844970664,0.31466877,0.41100353,0.27432764
845136322,0.3204257,0.39110628,0.288468
845400567,0.25134254,0.25523528,0.4934222
846154185,0.27200955,0.4391657,0.2888247
846198631,0.3226024,0.33901945,0.3383781
846202143,0.48765802,0.22321486,0.2891271
846586663,0.36657688,0.33644962,0.2969735
846600696,0.39051306,0.31777507,0.2917119
846742916,0.41500196,0.31541848,0.2695796
847097167,0.31213716,0.2773977,0.41046518
847259050,0.3379531,0.33035886,0.33168808
847351627,0.3525704,0.31509537,0.33233422
847639954,0.23350507,0.2640803,0.5024146
848182145,0.29874527,0.41761225,0.2836425
848222707,0.4613523,0.25580555,0.28284216
848425453,0.26217207,0.45685643,0.28097147
848491376,0.29765096,0.31586134,0.3864877
849450351,0.3158707,0.38358223,0.300547
849503286,0.22424103,0.26615417,0.5096048
849755318,0.36113647,0.33812344,0.30074006
850221446,0.42200297,0.28895885,0.28903812
850237855,0.29533184,0.29533184,0.40933633
850583023,0.369869,0.3395257,0.29060537
851437941,0.3138277,0.38822484,0.29794747
851741966,0.3647837,0.3379053,0.297311
851772271,0.5942751,0.16318335,0.24254152
851776254,0.3814827,0.2934747,0.32504258
852037517,0.3014359,0.28039044,0.41817367
852166977,0.2570535,0.35890698,0.38403952
852560879,0.35950658,0.32607335,0.31442004
852732787,0.34081614,0.36497867,0.29420516
852769619,0.36504704,0.34069946,0.29425353
852856601,0.28976312,0.37571704,0.33451986
853085026,0.46368843,0.23818353,0.29812807
853774565,0.38227734,0.32267138,0.29505128
854039698,0.49589124,0.2323699,0.27173883
854204789,0.3552872,0.34595442,0.2987584
854416810,0.26417032,0.4261835,0.3096462
854836814,0.39565015,0.30470932,0.29964054
856337886,0.37237084,0.27160338,0.35602576
856798972,0.33472902,0.34607768,0.3191933
857416908,0.37717313,0.3242718,0.29855508
857693972,0.2979091,0.42203027,0.2800606
857703939,0.39308876,0.3261299,0.28078133
858386083,0.34513134,0.35727584,0.29759285
858741775,0.32462835,0.25713205,0.4182396
858936913,0.3944378,0.29872835,0.3068339
859060354,0.3274545,0.38246015,0.29008532
859368732,0.28922695,0.37667656,0.3340965
859655510,0.35809213,0.3383888,0.3035191
860087617,0.37070334,0.33460993,0.29468673
860172464,0.38565648,0.33346778,0.28087574
860211596,0.3221669,0.28321844,0.3946147
860275990,0.21077752,0.5081521,0.28107035
860437326,0.24447489,0.24893138,0.5065937
860474888,0.36060792,0.34625006,0.29314208
861660085,0.34395003,0.36222634,0.2938236
861888886,0.37546295,0.34023517,0.28430188
862357408,0.31906688,0.3894531,0.29148
862855891,0.26743656,0.27798265,0.45458084
863373115,0.20162939,0.52881414,0.26955646
864780792,0.2670313,0.4494356,0.2835331
865568768,0.29413745,0.4277552,0.2781074
865805025,0.496952,0.22293009,0.28011793
865873332,0.30505565,0.42442524,0.27051908
866492806,0.37594038,0.33631164,0.287748
866660783,0.3026024,0.32648242,0.37091514
866976145,0.31597048,0.32911003,0.35491943
867268041,0.27865422,0.28866696,0.43267882
867508149,0.36796814,0.35194728,0.2800846
867727601,0.3837766,0.31456703,0.30165637
869915555,0.29179874,0.25815988,0.45004138
870332680,0.38654405,0.33523822,0.2782177
870814389,0.32874054,0.3319834,0.33927608
871068023,0.35072792,0.37939534,0.26987675
871227844,0.42965257,0.26465616,0.30569127
871322412,0.3705938,0.34525436,0.28415185
871371197,0.32686764,0.3574803,0.3156521
871526026,0.32563516,0.37032115,0.30404368
872056967,0.37150413,0.35055584,0.27794003
872310352,0.28543663,0.41649547,0.29806793
872363636,0.33460957,0.39515144,0.270239
872443680,0.3260672,0.24101898,0.43291384
872539516,0.1960286,0.55136895,0.2526024
872658612,0.33922744,0.38223705,0.27853554
872974028,0.33379984,0.38473746,0.28146273
873443158,0.15164152,0.6114868,0.23687162
873642239,0.3365743,0.36517137,0.2982543
874244917,0.21012188,0.53489184,0.25498623
874473627,0.48237884,0.25269312,0.26492804
874786880,0.29364163,0.42142653,0.28493184
875290371,0.34172803,0.34928638,0.3089856
875321721,0.27523938,0.44920272,0.27555794
875677285,0.4144603,0.2768544,0.3086853
876090188,0.5310453,0.21238664,0.2565681
876108953,0.29893163,0.28842703,0.41264135
877506055,0.34962678,0.3331526,0.3172206
877656123,0.3297929,0.3767323,0.29347485
878651111,0.42379376,0.30907667,0.2671296
878820046,0.30283946,0.41986477,0.2772958
878887272,0.32652912,0.38350734,0.28996354
879471430,0.27715063,0.42514867,0.2977007
879678321,0.43725938,0.2633934,0.2993472
879940450,0.38674653,0.33464944,0.2786041
880047507,0.291588,0.41233546,0.2960765
880759896,0.2114126,0.21101692,0.57757044
880846619,0.2228603,0.26172525,0.5154144
881310427,0.36281064,0.33728176,0.29990762
882306536,0.3396232,0.3649702,0.29540664
883021672,0.37017035,0.32075936,0.3090703
883915954,0.31096494,0.37777352,0.31126153
884224318,0.4508075,0.27077165,0.2784209
884314563,0.32000828,0.3742491,0.30574262
884569108,0.34210357,0.28227592,0.37562048
884859770,0.31819552,0.38212857,0.29967594
884960593,0.20488921,0.2056596,0.5894512
885447879,0.3168072,0.3973766,0.28581613
885521162,0.29836065,0.39350352,0.3081358
885980870,0.25715023,0.46152306,0.28132665
886003210,0.27149665,0.41953698,0.3089664
886021604,0.37080646,0.32220966,0.3069839
886142254,0.31500858,0.37597007,0.30902135
886445906,0.3033463,0.38633943,0.3103142
887507035,0.3480684,0.34744507,0.30448657
887874877,0.31438518,0.35325038,0.33236444
888100345,0.43281037,0.2546574,0.31253225
888371073,0.3878405,0.2907127,0.32144678
889167096,0.40309244,0.32214674,0.27476078
889976989,0.28472748,0.4340297,0.2812428
890319668,0.47316307,0.26147822,0.26535872
890527918,0.40712777,0.29912692,0.29374528
890646735,0.28171003,0.42714784,0.29114217
890895628,0.23525861,0.50572276,0.25901866
890907911,0.44830906,0.24833454,0.3033564
891079772,0.39666468,0.29798272,0.30535257
891398729,0.2325218,0.47468793,0.29279026
892081991,0.29194522,0.369312,0.3387428
892474828,0.43517685,0.2820899,0.28273326
892547876,0.35676536,0.38247213,0.26076254
893319568,0.3397547,0.3753811,0.2848642
893763519,0.26657435,0.4367457,0.29667994
894626352,0.35231304,0.3433438,0.30434313
895330493,0.36630237,0.3356918,0.29800582
895573330,0.29506576,0.38526845,0.3196658
895707454,0.25882712,0.4833814,0.2577915
895973701,0.31451845,0.3928073,0.29267418
896013147,0.35329503,0.37013137,0.2765736
896084903,0.33101213,0.3931495,0.27583838
896128160,0.34675345,0.36718768,0.2860589
896241291,0.26724088,0.4592299,0.27352923
896381874,0.4831409,0.24793914,0.26891997
896829909,0.2962538,0.43801808,0.26572812
897125348,0.24018508,0.49189782,0.2679171
897775559,0.30114442,0.41498852,0.28386706
898420807,0.5207125,0.21510074,0.26418674
898873672,0.36505193,0.33798733,0.2969607
899168104,0.34178275,0.3437462,0.314471
899558259,0.29483443,0.39220327,0.3129623
899801177,0.33725736,0.36478686,0.2979558
900238265,0.32863224,0.29465586,0.3767119
900664217,0.28085107,0.43724552,0.2819034
900722589,0.37577054,0.341982,0.28224742
900748846,0.20066756,0.5420063,0.25732613
901226641,0.3571754,0.31719232,0.3256323
902353824,0.5629878,0.19238794,0.24462423
902717678,0.36426884,0.33059654,0.3051346
903080822,0.33287644,0.36260128,0.3045223
903644904,0.3721885,0.3392213,0.28859022
903779818,0.3464537,0.36445498,0.28909135
904324693,0.37649286,0.36247092,0.26103628
904351330,0.30573177,0.42079073,0.27347744
904435314,0.3260867,0.38426828,0.28964496
904712108,0.36205167,0.2983346,0.33961374
904858325,0.47668147,0.24765015,0.27566835
905497492,0.24189173,0.44439608,0.31371224
905913882,0.32253465,0.40333337,0.27413195
905952256,0.33542752,0.3854214,0.27915108
905954342,0.41161048,0.2974487,0.2909408
906881914,0.20780383,0.52893627,0.26325992
907180812,0.341764,0.31537107,0.3428649
907200418,0.27227777,0.25335148,0.47437072
907404810,0.4419787,0.2820586,0.27596268
907973163,0.34435356,0.36276922,0.29287726
909019182,0.4352998,0.26645857,0.29824167
909034690,0.50773317,0.2289612,0.26330566
910875951,0.40239447,0.31906995,0.2785356
911088869,0.35348937,0.35338873,0.29312193
911439918,0.41247296,0.30789125,0.2796358
911998102,0.29382005,0.36702058,0.33915937
912794313,0.34572005,0.32271442,0.33156556
913773752,0.30527198,0.40256494,0.29216304
913802335,0.35441154,0.34308457,0.30250388
915091712,0.3587418,0.32088166,0.32037657
915367723,0.32923198,0.3583455,0.3124225
915541582,0.34508505,0.33497667,0.31993824
915620190,0.3454927,0.35423535,0.300272
915697009,0.3836174,0.23620436,0.38017824
915824111,0.370902,0.29318082,0.33591717
915937366,0.23834331,0.49387246,0.26778424
917457597,0.24028032,0.46753868,0.292181
917548030,0.3430919,0.3365007,0.3204074
917549806,0.40360147,0.29888242,0.2975161
917614862,0.32809615,0.3754136,0.2964902
917615276,0.33870834,0.27931207,0.38197964
917967567,0.27368855,0.43939966,0.2869118
918029306,0.24808526,0.4442042,0.3077105
918500838,0.40950722,0.30224735,0.28824544
918733683,0.287613,0.38245022,0.32993677
918951647,0.45597476,0.269733,0.27429223
919033853,0.2942665,0.328431,0.37730247
919286981,0.2490589,0.38690883,0.3640322
919864891,0.30534697,0.33280694,0.3618461
920144397,0.2986617,0.40739822,0.29394004
920800884,0.29706028,0.39072174,0.31221795
921097804,0.32344645,0.33249587,0.34405762
921485666,0.4427923,0.2727353,0.28447235
921506648,0.30351204,0.41079748,0.2856905
921579211,0.37541068,0.2956211,0.32896823
921761444,0.43974552,0.28189617,0.27835834
922334196,0.4178425,0.30474672,0.27741078
922418850,0.4073997,0.30576268,0.28683758
922666394,0.26699036,0.46790415,0.26510546
922942781,0.37647772,0.3304496,0.29307264
923030065,0.37860474,0.30011475,0.32128054
923222155,0.38516605,0.33624953,0.27858442
923557423,0.23230708,0.24134727,0.5263456
924281297,0.43341678,0.28947777,0.27710542
924414353,0.37504753,0.35549533,0.2694571
924507948,0.36164966,0.34458202,0.2937683
924943883,0.34761375,0.33883983,0.31354642
925134983,0.45912105,0.26749268,0.2733862
925191545,0.34836355,0.35472786,0.29690862
925485264,0.31768727,0.22283858,0.45947415
925576591,0.26396117,0.44691253,0.2891263
925695484,0.29906642,0.40597472,0.2949589
925861265,0.3393277,0.35094005,0.30973226
925963894,0.26177529,0.45645672,0.28176796
926065372,0.3814615,0.31765908,0.30087942
926101126,0.2770518,0.32859218,0.39435595
926649457,0.31916314,0.40188685,0.27894998
927057715,0.32211992,0.3716449,0.3062351
928284057,0.36494303,0.32441175,0.31064522
928510260,0.31879112,0.35863823,0.32257065
929245716,0.29887295,0.33707702,0.36405003
929505116,0.3758458,0.31964916,0.30450508
929736461,0.30406165,0.3464602,0.34947816
930647393,0.25777343,0.44048607,0.30174047
930708627,0.30410808,0.38150313,0.31438875
930812345,0.34959388,0.32547957,0.32492656
930818921,0.25788945,0.27568328,0.46642733
930847441,0.42310357,0.29469553,0.28220093
932082965,0.28332072,0.41806316,0.29861605
932453358,0.3043259,0.37168884,0.32398522
932690087,0.18026364,0.18026364,0.6394727
932788649,0.37650818,0.35058922,0.27290258
933340359,0.31020457,0.3676613,0.32213414
933393524,0.35115442,0.25406444,0.39478117
933847536,0.24404317,0.4686605,0.28729632
933973597,0.27999687,0.43547776,0.28452533
934281363,0.26774952,0.47037625,0.26187426
934551937,0.32978883,0.2978629,0.37234825
935182872,0.281734,0.41070193,0.30756414
935260663,0.40817297,0.31809366,0.27373344
935325476,0.34054625,0.3534221,0.3060316
936080336,0.34038323,0.35752022,0.30209655
936383911,0.45995843,0.25681925,0.28322232
936726225,0.26947308,0.4348606,0.29566634
937078545,0.3188129,0.31629556,0.36489153
937860125,0.34277833,0.33789796,0.31932372
938616798,0.464541,0.2536961,0.28176284
939110797,0.27505255,0.4061469,0.31880057
939239926,0.44158173,0.2635343,0.29488397
939431975,0.28070116,0.28070116,0.43859774
939800989,0.27499014,0.42221808,0.30279183
940268001,0.300281,0.39924115,0.30047786
940876675,0.36011228,0.33327883,0.30660886
941832416,0.30882233,0.4096697,0.28150797
942014434,0.3860238,0.31823432,0.29574192
942448465,0.4068066,0.30014852,0.29304487
942492220,0.34473395,0.3529197,0.30234632
943261655,0.40868917,0.29573637,0.29557443
943440380,0.35081178,0.34547052,0.30371776
943668861,0.25129712,0.22925645,0.5194464
943944171,0.5306998,0.21381384,0.25548634
944632808,0.3385567,0.35197353,0.30946976
944774454,0.33633447,0.37702364,0.28664184
945050683,0.24411163,0.4561273,0.29976112
945592869,0.32297754,0.36420786,0.31281465
945755614,0.47699928,0.24827377,0.27472696
946126879,0.38206226,0.2687833,0.3491544
946475791,0.30628616,0.3672759,0.32643795
946878255,0.4048311,0.2752077,0.3199612
947129728,0.30531088,0.31423807,0.38045108
947590678,0.40967783,0.31341872,0.27690345
947766919,0.32975912,0.3401478,0.3300931
948700648,0.34400097,0.35403776,0.30196124
949212778,0.35050797,0.35735595,0.29213604
949245136,0.3385724,0.31521484,0.34621274
949321212,0.38778538,0.33783448,0.27438018
949940487,0.24293229,0.47760302,0.27946466
950057857,0.33889914,0.36472964,0.29637116
950471324,0.30422622,0.3104604,0.3853134
950813663,0.274634,0.34221488,0.3831511
952116483,0.36086583,0.34457245,0.29456174
952119992,0.42941737,0.2901614,0.28042123
952497923,0.41529825,0.30154115,0.2831606
952785835,0.29549325,0.39444104,0.31006575
953238116,0.33266318,0.30762085,0.35971597
953490431,0.36141607,0.3486886,0.28989533
953760870,0.37811264,0.34110945,0.28077793
953949817,0.26617056,0.261544,0.47228545
954241867,0.3324184,0.35351455,0.31406707
954410312,0.299474,0.39888436,0.30164164
955238091,0.3461942,0.3246211,0.32918465
956130768,0.27287245,0.41853005,0.30859748
956249108,0.31739837,0.3621853,0.32041633
956455246,0.30858916,0.40351254,0.2878983
957159094,0.53671914,0.1958779,0.26740298
957624109,0.33384722,0.36036402,0.30578876
957625735,0.25314748,0.35884786,0.3880047
957831114,0.34944695,0.33823368,0.3123194
958181648,0.46321747,0.26809698,0.26868558
959558277,0.38731605,0.33118117,0.28150278
959829606,0.2049142,0.53268015,0.2624057
959861067,0.25700605,0.43096954,0.3120244
959896926,0.3220946,0.3251873,0.35271817
959904675,0.42595655,0.28013092,0.29391253
960146700,0.32920825,0.34257877,0.32821298
960813185,0.35366964,0.25486508,0.39146537
961009421,0.22660637,0.50327194,0.27012172
962702112,0.32834405,0.37720358,0.29445234
962859444,0.24833444,0.4787606,0.27290496
962925391,0.42226547,0.28223425,0.29550028
963079512,0.3523928,0.3889497,0.25865752
963168221,0.4096853,0.33136803,0.25894666
963245131,0.30803758,0.2762904,0.41567206
963297065,0.3672337,0.3615347,0.2712316
963922807,0.536754,0.20402387,0.2592221
964175194,0.4274431,0.29654884,0.27600807
964624604,0.16408506,0.59489924,0.2410157
964779872,0.21484467,0.53413224,0.25102305
964791589,0.27262297,0.3966552,0.3307218
965336812,0.3013199,0.28701618,0.41166395
965393251,0.38839826,0.273689,0.33791274
965632179,0.42299324,0.28768227,0.28932443
966357208,0.35836643,0.34448335,0.29715025
966677815,0.29627624,0.25722766,0.4464961
967676591,0.3204676,0.3847093,0.29482314
968051836,0.3772863,0.33347684,0.2892369
968436670,0.38667923,0.32590458,0.28741622
968511670,0.27222347,0.3862784,0.34149817
968613117,0.39759773,0.2878462,0.3145561
968827692,0.34447443,0.32012966,0.33539587
969389798,0.3604827,0.35926068,0.28025663
969553384,0.32745653,0.32946324,0.34308028
971674074,0.52506995,0.22183388,0.25309622
972663364,0.32806003,0.3779624,0.2939776
973014278,0.37679487,0.33284667,0.29035848
973230523,0.3017305,0.4148547,0.28341478
974692310,0.34073228,0.3246191,0.33464858
974713087,0.3453529,0.35911947,0.2955277
975160851,0.3158144,0.25971234,0.42447323
976503099,0.290536,0.43116498,0.27829903
976597579,0.39944166,0.2836247,0.3169336
976978017,0.33506483,0.38367346,0.28126174
976990743,0.2930352,0.32371116,0.38325363
976993712,0.36490482,0.33479846,0.30029675
977119656,0.3479241,0.3294857,0.32259017
977375709,0.2817219,0.34344244,0.3748356
977470878,0.41433117,0.28717005,0.2984988
977533411,0.320626,0.39674443,0.28262955
978005926,0.34880167,0.29101932,0.36017898
978511693,0.45042902,0.2569517,0.29261935
978709287,0.42950204,0.28693545,0.28356245
979358488,0.25492555,0.44358686,0.30148757
979401700,0.32563335,0.35730216,0.3170645
979496375,0.33542246,0.37564546,0.28893209
979979768,0.36020827,0.33611387,0.30367786
980244783,0.28340036,0.41005823,0.30654144
980854550,0.338319,0.36609325,0.29558778
981410377,0.4234107,0.2777464,0.29884285
982551587,0.48104766,0.2581622,0.26079017
982612097,0.28570935,0.3012197,0.41307098
983201833,0.35412636,0.27886477,0.36700886
983286724,0.43952817,0.2788967,0.28157517
983741282,0.4027805,0.3062846,0.29093492
984165318,0.3512231,0.3609421,0.28783482
984857340,0.34284312,0.35524017,0.30191672
984877708,0.47028804,0.2477563,0.28195566
985392153,0.42074215,0.29008126,0.28917664
985616061,0.39552024,0.3064044,0.29807532
985822193,0.27841073,0.404736,0.31685328
985876448,0.25993598,0.473339,0.26672503
986644792,0.37726784,0.33786196,0.2848702
987355737,0.3667613,0.31311253,0.32012618
987569113,0.33512735,0.32140762,0.34346503
988140021,0.34441924,0.36739242,0.28818837
988237706,0.36854932,0.33888862,0.2925621
988273890,0.30846435,0.37705964,0.31447607
988350780,0.41571844,0.29368848,0.29059306
989339260,0.30695635,0.32413897,0.36890465
989358191,0.4799193,0.2374227,0.28265804
991144882,0.51585615,0.21603137,0.26811248
991590724,0.33263952,0.36301613,0.30434436
991748622,0.35882294,0.35363075,0.28754625
992438897,0.4956551,0.2321373,0.27220762
992704586,0.20529263,0.52035105,0.2743563
992716746,0.30956262,0.39985168,0.2905857
993718349,0.38030973,0.3081023,0.31158793
994568384,0.38660532,0.32898885,0.28440583
994923800,0.2552783,0.46748728,0.27723444
995852331,0.2710462,0.4226357,0.3063181
996098848,0.38383055,0.33586037,0.28030905
996318034,0.3166342,0.34335023,0.3400156
997877761,0.19676834,0.5408715,0.26236022
999672705,0.31688264,0.34870064,0.33441675
999929110,0.45518547,0.2706032,0.2742113
999970825,0.2830494,0.43665764,0.28029296
1000959511,0.3453626,0.3602541,0.29438335
1001709180,0.22841178,0.47725528,0.29433298
1001709538,0.45051908,0.2849688,0.26451212
1003466948,0.30736345,0.39520624,0.29743034
1003948253,0.4148816,0.3019874,0.283131
1004975157,0.27523187,0.32285178,0.40191633
1005246965,0.43188435,0.23658839,0.3315273
1005334175,0.40389365,0.2942205,0.30188587
1005531631,0.3864335,0.32961848,0.28394797
1006540669,0.27394408,0.43279052,0.2932654
1006662732,0.37349284,0.34467614,0.28183103
1006671822,0.3456686,0.38255745,0.27177387
1007032744,0.3342235,0.3703176,0.2954589
1007660141,0.3985334,0.31111255,0.290354
1007950182,0.542359,0.19972226,0.25791872
1008888754,0.44536483,0.2553708,0.2992643
1009012353,0.3261028,0.39975393,0.27414328
1009112621,0.42144,0.28987005,0.28869003
1009226340,0.32347527,0.37262273,0.30390203
1009354810,0.26508492,0.44079274,0.29412237
1009485171,0.30505103,0.41196126,0.2829877
1010884121,0.5463299,0.20310771,0.25056237
1011129469,0.27454615,0.39039958,0.33505434
1011138667,0.38889357,0.31785887,0.29324755
1011257347,0.3385173,0.3734081,0.28807458
1012302776,0.3771861,0.33161628,0.2911976
1012736847,0.28989503,0.383354,0.326751
1013047563,0.30030426,0.41249925,0.28719652
1014994649,0.22091101,0.50957716,0.26951182
1015541561,0.36753276,0.364686,0.26778123
1015763468,0.36131164,0.3605085,0.2781798
1015800095,0.36641085,0.3366148,0.29697436
1016546382,0.383251,0.32950038,0.2872486
1017308929,0.4797956,0.2580367,0.26216766
1017748045,0.33023298,0.34734893,0.32241812
1018140476,0.34304386,0.3552859,0.30167025
1018178352,0.42895144,0.27698982,0.29405874
1018249075,0.36059532,0.34926492,0.29013973
1018307815,0.31672734,0.35908997,0.3241827
1019284587,0.2365861,0.4916706,0.2717433
1019335160,0.35299718,0.34020454,0.30679834
1019909130,0.35309654,0.3564701,0.29043335
1021487702,0.35638678,0.3514561,0.29215714
1021638126,0.290067,0.35997033,0.3499627
1021833650,0.39591116,0.32333338,0.2807555
1022075484,0.34279466,0.33519337,0.32201195
1022473512,0.39652273,0.2951845,0.30829275
1022798287,0.32416713,0.29062256,0.38521028
1023763530,0.34517926,0.35418642,0.30063426
1024748755,0.31824544,0.34740326,0.33435133
1025088953,0.293899,0.37118,0.334921
1026974500,0.28279555,0.4163381,0.30086637
1027651895,0.31567916,0.3810284,0.30329245
1027917935,0.42421168,0.29922277,0.27656555
1027920306,0.44273534,0.27616546,0.2810992
1028922971,0.28871775,0.4205797,0.2907026
1028945485,0.42496887,0.25529528,0.31973585
1029176578,0.34329894,0.36682367,0.2898774
1029472639,0.30959308,0.42434385,0.26606306
1030543400,0.42011634,0.2863037,0.29358
1030559904,0.58816445,0.17581855,0.23601702
1030560277,0.30112997,0.4086623,0.29020774
1031507116,0.42505062,0.28995156,0.28499782
1032416672,0.38169515,0.3309342,0.28737062
1032817895,0.2508306,0.40241012,0.34675926
1032963578,0.2885264,0.42499393,0.28647968
1033016986,0.37628102,0.33249706,0.29122192
1033027090,0.40357408,0.32893223,0.26749372
1034777449,0.40897608,0.30574125,0.28528267
1035024995,0.32803416,0.39461607,0.2773497
1036074595,0.30200595,0.42445922,0.2735348
1036228109,0.32812178,0.36587954,0.30599865
1036262220,0.26824796,0.4490058,0.2827462
1036629068,0.37931794,0.32879886,0.2918832
1036744892,0.3496059,0.34172502,0.3086691
1036783118,0.36685246,0.34018016,0.29296735
1037485963,0.31488562,0.24689174,0.43822265
1037983142,0.2560998,0.38374114,0.3601591
1038037654,0.3196593,0.3289932,0.3513475
1038833149,0.3156066,0.38796407,0.29642934
1038837107,0.27545166,0.44067392,0.28387442
1039145592,0.31439316,0.31399614,0.3716107
1039890316,0.29821151,0.31164956,0.39013892
1040016958,0.38605982,0.3007756,0.3131646
1040871669,0.40259612,0.30336207,0.29404175
1040921356,0.35116613,0.36220807,0.28662583
1041335069,0.3430018,0.3678856,0.28911263
1041982871,0.29196578,0.41058508,0.29744917
1041993740,0.33231202,0.36155263,0.30613533
1042158258,0.42837292,0.25303197,0.31859505
1043948147,0.31461626,0.3797133,0.3056704
1044093457,0.3557102,0.34142378,0.302866
1044115322,0.2509228,0.4760248,0.27305236
1044133838,0.52315867,0.20977691,0.26706448
1044672426,0.3582426,0.3402173,0.3015401
1045182636,0.3549391,0.35970104,0.28535986
1046184722,0.263632,0.4469809,0.2893871
1046282842,0.23704155,0.48567283,0.27728558
1047451741,0.24007599,0.45844918,0.3014748
1047617716,0.22771534,0.24288043,0.5294042
1048906649,0.26652324,0.4391011,0.29437566
1049033531,0.3768708,0.32633546,0.2967937
1049843584,0.3019508,0.4220005,0.27604866
1049955254,0.3081248,0.39278194,0.29909322
1050470383,0.38353324,0.29748893,0.3189779
1050479160,0.2805298,0.4310444,0.28842577
1050963907,0.525224,0.21330273,0.2614733
1051229262,0.2904483,0.32840696,0.3811447
1051435314,0.41489047,0.28671184,0.29839772
1051839803,0.2812164,0.28928095,0.42950264
1052109232,0.36806384,0.2966292,0.33530694
1052394269,0.35194695,0.36586177,0.2821913
1052669600,0.30232915,0.40144047,0.29623038
1053405939,0.3815128,0.33396235,0.28452483
1054203039,0.3232727,0.31439605,0.3623312
1054423207,0.40347904,0.28643537,0.3100856
1054650154,0.3630662,0.3453539,0.29157993
1055200347,0.3640387,0.30105498,0.33490634
1055259015,0.39870253,0.30988842,0.29140905
1055440526,0.25307125,0.47227323,0.27465555
1056182908,0.3838968,0.33915707,0.27694613
1056620183,0.28651422,0.4108134,0.30267236
1056847475,0.2622422,0.45719087,0.28056687
1057245438,0.31098127,0.39743888,0.29157984
1057958288,0.3709274,0.31136155,0.317711
1058046129,0.5124363,0.21729696,0.27026674
1058054751,0.2046982,0.21515866,0.5801431
1058256907,0.37606424,0.3256708,0.29826495
1058290383,0.40475816,0.30782786,0.28741395
1058391177,0.30685663,0.41710395,0.27603942
1058443350,0.42211464,0.27274752,0.30513784
1059491544,0.3546997,0.3463722,0.29892808
1059702344,0.3043148,0.38891518,0.30677003
1060390996,0.36963677,0.32415015,0.30621314
1060422212,0.32749504,0.36475742,0.30774754
1060480766,0.4463743,0.2692216,0.28440404
1060577312,0.45606235,0.27913037,0.26480728
1060595145,0.31619182,0.3291608,0.35464734
1061832747,0.4176502,0.29055774,0.2917921
1061844330,0.3443535,0.36361873,0.2920277
1062018626,0.31612825,0.28165305,0.4022187
1062046335,0.2253836,0.44417307,0.33044335
1063273133,0.35040775,0.32315978,0.32643247
1063297365,0.34462953,0.36445224,0.29091823
1063757177,0.28632513,0.3886635,0.32501137
1064184554,0.3690135,0.32915348,0.30183303
1064404353,0.3277552,0.38781548,0.28442928
1064408840,0.33081034,0.38214597,0.2870437
1064964076,0.56123817,0.20019728,0.23856458
1065001520,0.28138474,0.31890684,0.39970842
1066265973,0.33576888,0.37533075,0.28890035
1066652062,0.31815255,0.38436693,0.2974805
1067693407,0.38809535,0.32355377,0.28835088
1067779699,0.32686758,0.34697324,0.32615918
1067800616,0.38219404,0.3266383,0.29116765
1068429580,0.42551208,0.27497786,0.29951012
1068482775,0.35264796,0.3606575,0.28669447
1068944126,0.36123258,0.34403443,0.294733
1069550066,0.27280456,0.41765907,0.30953634
1070051461,0.3067638,0.3869683,0.30626786
1070247583,0.2812271,0.39850903,0.32026386
1070290066,0.35668492,0.34463888,0.2986762
1070629383,0.31065893,0.32885742,0.36048365
1071059762,0.36696523,0.32085735,0.31217748
1071285020,0.3765992,0.3087651,0.3146357
1071740899,0.33199662,0.3655572,0.30244613
1071787154,0.32868773,0.37969607,0.29161626
1072237788,0.3907783,0.31356215,0.2956596
1073317222,0.34933618,0.33956516,0.31109864
1073904482,0.46234363,0.2566123,0.28104416
1074152916,0.31088805,0.41049936,0.2786126
1074701889,0.35125637,0.34588557,0.30285805
1075250353,0.45778888,0.2573713,0.28483978
1075337531,0.27342892,0.43030995,0.29626113
1075598606,0.28548038,0.44788155,0.26663804
1076432568,0.3802318,0.33535722,0.28441095
1076778279,0.15948063,0.6007761,0.2397433
1076990734,0.45985866,0.25816196,0.28197944
1077102307,0.3394087,0.3602931,0.3002982
1077165674,0.36545163,0.34455392,0.28999445
1077402263,0.33712235,0.36453748,0.29834014
1078222070,0.32803202,0.38669938,0.28526863
1078435514,0.2379019,0.45380074,0.3082974
1078439285,0.2806608,0.43233633,0.28700286
1079140970,0.17605975,0.17605975,0.6478805
1079306348,0.28800327,0.42657685,0.28541982
1079974151,0.19912222,0.54534817,0.25552958
1081198286,0.30344927,0.32791138,0.36863935
1081293255,0.42383862,0.28275597,0.29340535
1081562108,0.25690013,0.31597963,0.42712024
1081678143,0.32464272,0.3688712,0.306486
1081831225,0.3337121,0.37237072,0.2939172
1084486682,0.44090378,0.2609892,0.29810703
1084541778,0.3434477,0.35039723,0.3061551
1084774628,0.30451572,0.41074872,0.28473556
1084797664,0.38882804,0.3359849,0.27518705
1084915776,0.25721303,0.4301753,0.31261176
1085288903,0.45864654,0.2616752,0.27967823
1085614294,0.25990564,0.43960458,0.30048978
1086097722,0.29976493,0.387503,0.31273204
1086199503,0.42010623,0.2802713,0.29962254
1086350357,0.34887543,0.35365415,0.29747045
1086869207,0.38517302,0.34485352,0.26997346
1087054090,0.37463483,0.32815623,0.2972089
1087278538,0.400816,0.3042515,0.29493248
1087360423,0.2865779,0.41859874,0.29482335
1087730750,0.3711387,0.31331903,0.31554228
1088911661,0.4332119,0.27205247,0.29473567
1089324157,0.3647652,0.34287724,0.29235756
1089623382,0.28796095,0.394078,0.31796107
1089844319,0.3828867,0.31368542,0.30342788
1091064572,0.372472,0.31532574,0.31220227
1091261085,0.35561478,0.3525046,0.29188064
1091912366,0.49072725,0.24281272,0.26646
1091983606,0.45567787,0.2714039,0.27291816
1092083027,0.34704247,0.37035245,0.2826051
1092127268,0.3236327,0.38427824,0.2920891
1092138215,0.2467066,0.47112387,0.2821695
1093652139,0.3343256,0.38628146,0.27939293
1093749993,0.3879992,0.30408934,0.30791143
1094424725,0.3028518,0.35522047,0.3419277
1095494081,0.3638788,0.33126184,0.30485934
1095580012,0.42300808,0.28655046,0.29044145
1095922736,0.26642415,0.2622398,0.471336
1096305551,0.3233362,0.35595983,0.32070395
1096680952,0.27775788,0.38390654,0.33833557
1096922967,0.26667553,0.42587006,0.3074544
1097447608,0.39200133,0.3199265,0.28807217
1097898821,0.3570429,0.3695823,0.2733748
1098358052,0.35414773,0.36824426,0.27760795
1098834325,0.23860759,0.47729698,0.2840954
1099090198,0.32187194,0.3649107,0.31321737
1099577871,0.2906326,0.4086439,0.30072352
1099776691,0.2758497,0.33699912,0.3871512
1100595276,0.35044384,0.33733702,0.31221914
1100835996,0.24252078,0.4727406,0.2847386
1100982684,0.34618825,0.33291024,0.32090145
1101662613,0.3948394,0.32983977,0.27532083
1101720975,0.36753058,0.31868553,0.31378385
1101960228,0.49740726,0.2402471,0.2623456
1102545808,0.45688576,0.26895595,0.2741583
1102892351,0.3331159,0.3560937,0.31079042
1103260605,0.36239702,0.3516333,0.28596964
1103266094,0.29425368,0.4153672,0.2903791
1103799908,0.41674817,0.28757542,0.2956764
1104061926,0.36435497,0.33992606,0.29571894
1104474252,0.32037446,0.3097289,0.36989665
1104561404,0.3102236,0.33859682,0.3511796
1104985207,0.19854091,0.21406356,0.58739555
1105095339,0.28705633,0.43910837,0.2738353
1105980857,0.34015518,0.3481421,0.3117028
1106045066,0.33422655,0.37709856,0.2886749
1106093983,0.356247,0.3421976,0.3015554
1106162802,0.27916986,0.40127173,0.3195584
1106686892,0.33595932,0.3647816,0.29925913
1106775264,0.342452,0.38007784,0.2774701
1107241575,0.31589398,0.40225768,0.2818483
1107416604,0.38886505,0.31462127,0.2965137
1108244912,0.38320002,0.34185234,0.27494764
1108527003,0.3036949,0.4108113,0.28549385
1108580243,0.23857713,0.49381536,0.26760754
1108862607,0.2924819,0.41315597,0.29436213
1110048206,0.30352563,0.41720772,0.2792666
1110058822,0.36685872,0.33744854,0.29569274
1110925647,0.3521103,0.3426497,0.30524004
1111423643,0.1845691,0.5737928,0.24163806
1111463510,0.36081702,0.34394422,0.29523873
1111784898,0.33912587,0.3461495,0.31472465
1112037310,0.36950058,0.32292122,0.3075782
1112077024,0.37813985,0.3295191,0.29234105
1112102849,0.40387237,0.2994232,0.2967044
1112147390,0.22855413,0.21206707,0.55937886
1112350870,0.38372636,0.34476072,0.27151293
1112365536,0.36715114,0.3005228,0.33232605
1112776268,0.50005054,0.22541228,0.27453715
1113548965,0.56232953,0.18374544,0.253925
1113682910,0.39192432,0.33500007,0.27307558
1113898468,0.216963,0.5113859,0.2716511
1114583158,0.27322412,0.41109675,0.3156792
1115509763,0.25288695,0.2865228,0.46059024
1115775492,0.27299115,0.428667,0.29834187
1116010684,0.33010113,0.28969815,0.38020068
1116028233,0.34282362,0.33880836,0.31836802
1116492070,0.3743419,0.3282426,0.2974155
1116720410,0.4538207,0.25489873,0.29128057
1116784988,0.29408956,0.35441554,0.3514949
1116973655,0.3504904,0.35628623,0.29322332
1117066573,0.239355,0.47617912,0.2844659
1117185709,0.3168002,0.33608606,0.34711373
1117260431,0.33943814,0.36055067,0.30001116
1117496788,0.38712072,0.30207855,0.31080073
1117700610,0.29966247,0.39513773,0.3051998
1117773006,0.35947812,0.36456186,0.27596006
1117869850,0.37061313,0.22626203,0.4031248
1118041627,0.2652177,0.43778175,0.2970006
1118207480,0.37437642,0.2891327,0.33649087
1118364534,0.40546215,0.318667,0.27587086
1120014665,0.30371463,0.40306115,0.29322422
1120472083,0.35698372,0.33844692,0.30456936
1121610810,0.30850753,0.27206224,0.41943026
1121676141,0.25721923,0.44337702,0.2994038
1122114075,0.52467203,0.22398344,0.25134456
1122136712,0.37050623,0.30676973,0.32272404
1122470256,0.34406912,0.35545754,0.30047327
1122515202,0.3739335,0.3212987,0.30476785
1122908935,0.5169244,0.2144689,0.26860675
1123764630,0.3496346,0.3753506,0.27501485
1123890004,0.27119318,0.42498833,0.3038185
1123932965,0.36814833,0.32059065,0.31126103
1125292564,0.44391418,0.27078018,0.28530565
1125898108,0.35064477,0.35985476,0.28950047
1126200537,0.34333998,0.3744244,0.28223562
1126419430,0.46559238,0.26211447,0.27229315
1126496904,0.22390518,0.49268025,0.2834146
1126620215,0.2302484,0.49184293,0.2779087
1126881108,0.34259367,0.33515152,0.32225484
1127147098,0.3105741,0.4275787,0.2618472
1127708840,0.3574846,0.3507083,0.2918071
1127947285,0.29713565,0.40950575,0.29335862
1128125112,0.4565484,0.23347962,0.309972
1128698907,0.32126182,0.3825701,0.2961681
1128743062,0.39270988,0.32327473,0.28401536
1129007304,0.35581225,0.3521387,0.29204908
1129094985,0.43571502,0.24444225,0.31984273
1129531382,0.34110865,0.33000147,0.32888985
1129909224,0.32720533,0.33605647,0.33673817
1130410689,0.2500512,0.4609852,0.28896362
1130499406,0.38680017,0.32550877,0.28769112
1130561892,0.3705876,0.3281033,0.30130905
1130748876,0.3815778,0.29864156,0.31978065
1131248224,0.4061985,0.29760614,0.2961954
1131743361,0.21488741,0.31194657,0.47316608
1132020153,0.37766546,0.30778456,0.31454995
1132072781,0.42855912,0.26182497,0.3096159
1132123893,0.38513848,0.33485878,0.28000277
1132246089,0.274476,0.408405,0.31711894
1132453114,0.23039117,0.45719007,0.3124188
1132646513,0.29107994,0.39656103,0.31235906
1132890375,0.23022446,0.24634066,0.5234349
1132892094,0.3317972,0.32617092,0.34203187
1133289519,0.25621793,0.45428008,0.28950197
1134249299,0.3689264,0.34604228,0.28503132
1134293607,0.3287838,0.35762388,0.31359226
1134847497,0.2834798,0.41091004,0.30561018
1135563252,0.40043658,0.31347334,0.28609008
1135847660,0.2886625,0.44113615,0.27020136
1135976346,0.3469727,0.31878084,0.3342464
1136101797,0.35899645,0.35204923,0.28895438
1136308749,0.3009064,0.38676,0.31233358
1136935930,0.3687477,0.34508428,0.286168
1137496816,0.3555529,0.31422144,0.33022565
1137861510,0.38713306,0.3262316,0.28663537
1137979314,0.30839205,0.42071715,0.2708908
1138129219,0.39018786,0.32784075,0.28197145
1138362975,0.512533,0.22766848,0.25979853
1138388307,0.21249022,0.52637017,0.26113957
1138418371,0.31341517,0.29649776,0.39008707
1138437067,0.26098213,0.445818,0.29319984
1139163988,0.33713514,0.3482173,0.31464756
1139434392,0.31680176,0.3539173,0.32928094
1140340840,0.49238032,0.21771674,0.28990293
1140392359,0.32676205,0.36669287,0.30654508
1140457370,0.26382285,0.45231098,0.28386617
1140849794,0.45691842,0.26090506,0.2821765
1140908549,0.6100892,0.14903116,0.24087963
1141390261,0.27362645,0.27424467,0.4521289
1141686357,0.39410716,0.2993248,0.30656803
1141889297,0.31073546,0.40420884,0.2850557
1141995661,0.27915525,0.26137865,0.45946607
1143183834,0.52566314,0.20692426,0.26741254
1143477729,0.2703399,0.38640362,0.34325647
1143572488,0.33080667,0.37268454,0.29650882
1145151929,0.32364616,0.38532495,0.29102883
1145537193,0.36054868,0.33058754,0.3088638
1145708232,0.31796965,0.43122333,0.25080705
1146627830,0.3674228,0.3425715,0.29000574
1146876633,0.3633611,0.35185796,0.28478095
1146938822,0.40576208,0.28764346,0.30659452
1147438345,0.29398817,0.34130973,0.3647021
1147484162,0.45245928,0.25652826,0.29101253
1147739666,0.5637922,0.1777434,0.2584644
1149446343,0.37560445,0.32380915,0.3005864
1149975172,0.37472165,0.33210152,0.29317683
1150088097,0.33734006,0.29917964,0.36348027
1150946191,0.52001065,0.21134666,0.2686427
1151018362,0.56371003,0.18235874,0.25393122
1151311864,0.15963945,0.6075517,0.2328089
1151532697,0.34670943,0.3444155,0.30887508
1152116208,0.37458938,0.275349,0.35006166
1152598108,0.22050968,0.2397385,0.5397519
1152834149,0.30557138,0.40315282,0.29127574
1153079854,0.5159128,0.21435608,0.2697311
1153352168,0.332619,0.3679066,0.29947436
1153822164,0.27475855,0.43742418,0.2878173
1155010828,0.31150448,0.34902802,0.33946747
1155815560,0.30795866,0.35906094,0.3329804
1156253662,0.2863766,0.4122228,0.3014006
1157940278,0.45227215,0.24087355,0.30685434
1158046087,0.31816787,0.39139646,0.29043567
1158313814,0.3183162,0.3741142,0.30756962
1158937172,0.3506294,0.3719185,0.2774521
1160293013,0.36126086,0.3119585,0.32678062
1160542447,0.3929234,0.32066882,0.2864078
1161166875,0.30087924,0.42163834,0.27748245
1161205031,0.35263062,0.33762658,0.30974287
1161696460,0.35314673,0.36602467,0.28082862
1162048574,0.5743501,0.17166907,0.2539808
1162079496,0.33259422,0.36123455,0.30617127
1162483298,0.261976,0.4375307,0.3004933
1163177218,0.21398991,0.4597304,0.3262797
1163461693,0.37125298,0.3422286,0.2865184
1164166335,0.27209294,0.33870798,0.38919905
1165121135,0.21705452,0.5193957,0.2635498
1165123430,0.3872226,0.32635295,0.28642443
1165230517,0.2534118,0.3513932,0.395195
1165649174,0.35851705,0.35769567,0.28378725
1165891032,0.30041516,0.35604268,0.34354216
1166499585,0.28072914,0.4407192,0.2785517
1166888029,0.34504202,0.3376363,0.3173217
1166987490,0.44518387,0.28969055,0.26512557
1168712147,0.2589448,0.47846484,0.2625904
1169236205,0.40455326,0.30566943,0.28977728
1169430677,0.39959657,0.30513933,0.29526412
1169625579,0.36882657,0.31186253,0.31931096
1170044487,0.33614457,0.3727346,0.29112086
1170255677,0.25310567,0.25310567,0.49378866
1170780635,0.25682294,0.47486654,0.26831052
1171423806,0.2738821,0.45677787,0.26934007
1171895280,0.3756128,0.3502885,0.27409866
1171977803,0.38243926,0.3329357,0.28462508
1172261101,0.49246103,0.23281768,0.27472126
1172278023,0.2274701,0.4458771,0.32665274
1172305743,0.33466715,0.34452483,0.320808
1172877730,0.23117596,0.49409783,0.27472627
1173172215,0.30502546,0.41107485,0.28389966
1174027016,0.32877648,0.33548898,0.33573455
1174447572,0.28835624,0.40520325,0.3064405
1174478604,0.2919462,0.375821,0.33223277
1175354738,0.41405225,0.2873841,0.29856366
1176642525,0.30613387,0.3960546,0.29781154
1176821550,0.46022528,0.27192196,0.26785278
1176902080,0.38679242,0.26978692,0.34342068
1177166079,0.29926056,0.40713066,0.29360878
1177853691,0.49766296,0.2211608,0.28117624
1177930924,0.31653404,0.3909626,0.29250333
1178208595,0.43510324,0.28228736,0.28260946
1178706650,0.34270343,0.34528685,0.3120097
1178923234,0.33255118,0.36667353,0.3007753
1179347120,0.33693662,0.36922252,0.29384083
1179361765,0.25133687,0.48157662,0.2670865
1179393569,0.23094271,0.41481465,0.35424268
1179532255,0.30512708,0.35770652,0.33716637
1180071843,0.34096053,0.36425906,0.2947804
1180466249,0.4433772,0.25709802,0.29952478
1180713429,0.35808527,0.34213066,0.299784
1180715321,0.4251358,0.2809897,0.2938745
1181697625,0.31418717,0.4063927,0.27942014
1182494967,0.329242,0.31510603,0.35565192
1183523598,0.35497904,0.3574937,0.28752726
1183529856,0.28814256,0.33606154,0.3757959
1183623397,0.3669083,0.34486604,0.28822565
1184271153,0.401475,0.31770262,0.28082237
1185046923,0.35115367,0.3441646,0.30468172
1185506878,0.31749046,0.34729844,0.33521107
1186227131,0.38001376,0.32327473,0.2967115
1186945177,0.3541462,0.3371535,0.30870026
1187446450,0.42413455,0.30528432,0.27058107
1187851052,0.3598476,0.3523256,0.2878268
1188360566,0.36696154,0.32847193,0.3045665
1188653516,0.24264449,0.46539497,0.29196057
1188680956,0.3502994,0.35910714,0.2905935
1188973188,0.4354604,0.2552731,0.3092665
1189120228,0.48487663,0.22897604,0.28614733
1189371503,0.33074892,0.3510335,0.31821758
1189512000,0.33310786,0.37438622,0.29250592
1189576478,0.32978868,0.2553376,0.4148737
1190420046,0.36308783,0.33338267,0.3035295
1190526022,0.343701,0.35299814,0.3033008
1190693959,0.30152828,0.4107505,0.28772128
1190730907,0.52780414,0.22327128,0.24892455
1190738743,0.41993642,0.28283545,0.29722813
1191832801,0.36197644,0.3577026,0.28032094
1192123675,0.3605861,0.34482387,0.29459006
1192231238,0.41218153,0.3092416,0.27857685
1193627664,0.37553504,0.3291685,0.2952965
1194153567,0.35793978,0.33253935,0.3095209
1194296943,0.3168705,0.39964557,0.28348395
1194738124,0.2629106,0.4489994,0.28809
1194831383,0.32463264,0.3715296,0.30383772
1195687963,0.20742308,0.51544404,0.27713287
1196357576,0.3595048,0.3460375,0.29445773
1196375667,0.31216925,0.39794958,0.28988117
1196785827,0.33782026,0.35002422,0.3121555
1197647732,0.26233888,0.3017758,0.4358853
1197924027,0.35067445,0.34401128,0.30531424
1198008923,0.37956303,0.32298064,0.29745638
1198125015,0.2967988,0.2938053,0.4093959
1198287912,0.2051361,0.49936247,0.2955014
1198296007,0.4674458,0.25932842,0.2732258
1198654506,0.34472007,0.3525687,0.30271125
1198885547,0.3534783,0.35953605,0.28698564
1201324105,0.4806093,0.23638679,0.2830039
1203478887,0.33124143,0.3665123,0.3022462
1203663576,0.31037658,0.3948326,0.29479077
1203769527,0.4433111,0.28250206,0.27418685
1204015959,0.29926884,0.4239505,0.27678066
1204066469,0.30128306,0.40629557,0.29242137
1204150073,0.3151039,0.39413851,0.2907576
1204285535,0.35823143,0.36426362,0.27750492
1204305712,0.27477762,0.2746333,0.45058912
1204384348,0.3363871,0.29339546,0.37021738
1204530623,0.42506647,0.22240531,0.3525282
1204648370,0.23041274,0.49692482,0.27266246
1204815021,0.4188834,0.27248925,0.30862737
1204863484,0.36063614,0.32781005,0.3115538
1204907533,0.32854944,0.39334723,0.2781033
1205135410,0.42758268,0.29808155,0.27433574
1206362955,0.41630754,0.2867276,0.29696482
1207421756,0.42847127,0.2945934,0.2769353
1207784470,0.3226261,0.29060602,0.3867679
1207947686,0.49178475,0.23700166,0.27121362
1208688879,0.33331174,0.38494948,0.28173882
1208939754,0.38972813,0.3192184,0.29105347
1209562519,0.3615056,0.3439554,0.294539
1209606363,0.33577853,0.36494148,0.29927996
1210389044,0.23374286,0.26273635,0.5035208
1210412512,0.38463607,0.3343824,0.28098148
1211392597,0.36379695,0.30335996,0.3328431
1212453872,0.33023274,0.3128572,0.35691002
1213298307,0.34986618,0.37189057,0.27824327
1215333342,0.37606135,0.32598582,0.2979529
1215506162,0.36583954,0.35390857,0.28025186
1215906422,0.22655751,0.22655751,0.546885
1216175230,0.3546831,0.34957755,0.29573935
1216519211,0.3986844,0.27698976,0.32432583
1217019677,0.26013476,0.46416187,0.27570337
1217258236,0.2008676,0.5405711,0.25856128
1217398397,0.3100567,0.37941855,0.31052473
1217615011,0.32930166,0.36943835,0.30126
1217645506,0.3534512,0.34179622,0.30475265
1217886931,0.42702824,0.27011245,0.3028593
1217991702,0.3876958,0.27269703,0.33960718
1218146338,0.40104735,0.31085557,0.28809705
1218386548,0.43202847,0.29672295,0.27124855
1219052724,0.4414093,0.28273362,0.27585712
1219635778,0.31031126,0.3896795,0.30000925
1219681261,0.45734194,0.25575858,0.2868995
1219704164,0.28574613,0.44232434,0.27192953
1220373859,0.34688485,0.3682694,0.2848457
1220560557,0.43750405,0.2630896,0.29940638
1220582849,0.31651872,0.36878204,0.31469923
1220759070,0.29849017,0.26201525,0.43949452
1220774187,0.33153197,0.36394063,0.30452743
1221059187,0.3395158,0.37234047,0.28814366
1221778360,0.45450258,0.26247665,0.2830207
1221995124,0.3026962,0.2829419,0.41436183
1222870224,0.284481,0.39874804,0.31677097
1222927148,0.38433796,0.3275465,0.2881155
1223153915,0.34718436,0.36430907,0.28850657
1224923489,0.355582,0.27775413,0.36666387
1225149870,0.35230866,0.32718182,0.32050955
1225668602,0.354634,0.35566837,0.28969768
1225912294,0.42009607,0.27836743,0.30153644
1225989603,0.3619429,0.33492544,0.3031317
1226688534,0.36104286,0.33807427,0.3008829
1227012056,0.44767618,0.26891682,0.28340703
1227120195,0.50584954,0.24109694,0.2530535
1227567691,0.33285892,0.36844978,0.29869127
1227730837,0.41823614,0.24684675,0.33491707
1228667853,0.33837116,0.3435281,0.3181007
1228776830,0.30304375,0.39289743,0.3040588
1228890838,0.37273318,0.33540964,0.29185715
1230006691,0.3294484,0.32036653,0.35018504
1230977785,0.2829375,0.32396492,0.39309758
1231016355,0.32714516,0.35003507,0.32281977
1232856621,0.3135427,0.39470267,0.29175466
1233172583,0.3395687,0.36367753,0.29675376
1233499180,0.31557897,0.39333224,0.29108882
1233652579,0.3044237,0.35827813,0.3372982
1233913138,0.30812594,0.41520277,0.2766713
1234846677,0.27138507,0.4395763,0.2890386
1234913681,0.35236302,0.37102324,0.27661374
1235146444,0.28842366,0.33295935,0.378617
1235307529,0.26429266,0.30685574,0.42885154
1235506859,0.37575835,0.34698558,0.27725607
1235588008,0.33521798,0.36864993,0.2961321
1235782726,0.34676215,0.3578318,0.29540604
1235842551,0.32412428,0.37665153,0.2992242
1237648611,0.32287037,0.37101716,0.30611247
1237704368,0.24216339,0.47366235,0.28417426
1238078781,0.35013816,0.36022818,0.28963363
1238529878,0.30364513,0.3435931,0.35276175
1239874865,0.39193314,0.32502168,0.28304517
1241705901,0.38558596,0.31196845,0.3024456
1242250915,0.3797204,0.32257843,0.29770118
1242742373,0.45952258,0.24703929,0.29343814
1244072133,0.40403122,0.3244294,0.27153933
1244193203,0.31070113,0.39925307,0.29004586
1245574824,0.35345998,0.33140165,0.31513834
1245999135,0.4578953,0.2767786,0.26532614
1246927102,0.3475921,0.36097267,0.29143524
1247276303,0.34033322,0.37686443,0.28280228
1247357677,0.3034005,0.41104743,0.28555208
1247383355,0.36356318,0.33965796,0.2967789
1247461883,0.4657933,0.24853957,0.28566712
1247658745,0.3543154,0.3231141,0.32257053
1247943737,0.38798046,0.28595418,0.32606533
1248346203,0.293258,0.41504645,0.29169554
1248443988,0.4952143,0.23285027,0.2719354
1249092992,0.35847348,0.346362,0.29516456
1249372251,0.38400933,0.33832282,0.27766788
1249564525,0.37547743,0.30907035,0.31545222
1249752784,0.4669938,0.2518693,0.28113693
1250656488,0.30135345,0.32703578,0.37161073
1251076662,0.3171212,0.36775094,0.31512788
1251176637,0.3770572,0.309848,0.31309482
1251462405,0.3265631,0.30629408,0.36714286
1251607363,0.39939648,0.3009255,0.29967803
1251834478,0.29444116,0.4125895,0.2929694
1251834699,0.3535239,0.34478718,0.3016889
1252110090,0.27659732,0.4336441,0.2897586
1252121704,0.35740307,0.35337883,0.28921807
1252147554,0.39354283,0.28000093,0.32645628
1252215008,0.35390854,0.34577724,0.30031422
1252216185,0.45977545,0.25168607,0.28853852
1252317063,0.30926684,0.38312936,0.30760378
1253148191,0.3830918,0.34309998,0.27380818
1253484190,0.31692368,0.39375803,0.28931832
1254331328,0.3006447,0.39212018,0.30723512
1254354571,0.35345906,0.37319535,0.27334565
1254561371,0.35151744,0.36714786,0.2813347
1255060282,0.36091048,0.2960074,0.3430821
1255281985,0.36028665,0.35104245,0.2886709
1255681810,0.3877566,0.32864165,0.2836017
1255817578,0.43930882,0.27045617,0.29023495
1256010557,0.2786575,0.3242134,0.39712912
1256082741,0.29114676,0.42142168,0.2874316
1256822527,0.31775182,0.37479067,0.3074575
1257340875,0.3748535,0.2966851,0.3284614
1257448119,0.5628003,0.18453556,0.25266415
1257523660,0.32014823,0.39210105,0.28775078
1258271360,0.38736236,0.30444497,0.30819273
1258716212,0.34034902,0.3643475,0.29530352
1259815077,0.39200902,0.31768975,0.2903012
1260301831,0.39896953,0.32206753,0.27896297
1261267036,0.33179212,0.37585285,0.292355
1261357377,0.36821514,0.3618305,0.26995438
1261653595,0.45494142,0.27072364,0.2743349
1261910680,0.38231725,0.33463952,0.28304324
1262532663,0.20067924,0.54255223,0.2567685
1262920235,0.25254297,0.3100772,0.43737984
1263031014,0.30131888,0.3828851,0.315796
1264348639,0.4103198,0.2781275,0.31155264
1264652944,0.37978423,0.35072643,0.26948935
1264780406,0.43830085,0.26837268,0.29332644
1265196889,0.34748578,0.39133525,0.26117897
1265446114,0.44174463,0.25874066,0.29951477
1265513074,0.43545473,0.27979755,0.28474778
1265715249,0.2514466,0.43407172,0.31448168
1266061587,0.36771452,0.3412354,0.29105008
1266573182,0.34022132,0.37945187,0.28032675
1266765061,0.39841008,0.31201816,0.28957176
1267220605,0.27084646,0.40447664,0.32467693
1267874053,0.22166519,0.50633204,0.2720027
1267945293,0.3239602,0.37860355,0.29743624
1268195153,0.19933414,0.5343678,0.266298
1268612930,0.33543426,0.37378114,0.29078454
1269271228,0.28326517,0.27839345,0.43834138
1269586258,0.44817019,0.2665419,0.28528795
1269759334,0.3220437,0.39836872,0.2795876
1269910859,0.38026205,0.25839913,0.3613388
1270257758,0.30598772,0.39806306,0.29594916
1270853808,0.24523115,0.24025053,0.5145183
1271054732,0.35550547,0.3671713,0.27732325
1271158252,0.28436434,0.45558858,0.26004708
1271166081,0.44634855,0.254106,0.29954544
1272000471,0.3357119,0.37619346,0.28809464
1272609166,0.42328697,0.28737053,0.28934252
1272774900,0.32522497,0.38289553,0.29187948
1273182550,0.2644127,0.32202846,0.41355884
1274390419,0.34972486,0.3808167,0.26945847
1275545993,0.29146466,0.3922007,0.31633464
1276809544,0.35595915,0.3265709,0.31746995
1277138876,0.36179066,0.32450664,0.31370276
1277189324,0.42352945,0.28263748,0.29383308
1277986837,0.34771413,0.38334563,0.26894024
1279568722,0.36705852,0.33888125,0.29406023
1279910303,0.36466736,0.35647207,0.27886057
1280239011,0.4477061,0.2841966,0.26809734
1280418844,0.30361506,0.4020862,0.2942987
1280688310,0.3380814,0.36708567,0.29483294
1280948199,0.33358622,0.25484964,0.4115641
1281365236,0.3332172,0.41106373,0.255719
1281486553,0.30008742,0.32644105,0.3734715
1281498954,0.30948734,0.37710965,0.313403
1281939268,0.30205232,0.41429856,0.28364915
1282349181,0.34675372,0.3595922,0.29365408
1283599873,0.3137396,0.30897564,0.37728477
1283883706,0.43960673,0.27472737,0.2856659
1284264753,0.373744,0.34213668,0.28411934
1285168063,0.35316363,0.3753124,0.271524
1285416221,0.29353774,0.4127915,0.29367077
1286111169,0.35467082,0.3642618,0.2810673
1286125262,0.52699864,0.20823994,0.26476148
1286289627,0.36210924,0.3438765,0.29401425
1286563222,0.29878646,0.35155767,0.34965587
1287016099,0.48986423,0.19643927,0.3136965
1287849600,0.3750068,0.25314966,0.37184358
1287944417,0.5096667,0.20782772,0.2825056
1289043550,0.30546153,0.408023,0.28651553
1291421681,0.37730268,0.28065556,0.3420418
1291798458,0.48709613,0.23745824,0.27544558
1292641739,0.33473372,0.36696392,0.29830235
1292717253,0.22940779,0.2209724,0.5496198
1292928789,0.29067326,0.41803634,0.2912904
1293059465,0.3486882,0.36717516,0.28413665
1293287447,0.22719699,0.51799905,0.25480396
1293582059,0.376828,0.32847887,0.2946931
1293634133,0.23110768,0.3944577,0.37443462
1293716862,0.36313382,0.3323637,0.3045025
1294356589,0.39426947,0.31177908,0.29395145
1294580761,0.3599542,0.27561772,0.3644281
1294882022,0.34820452,0.37400568,0.27778983
1295090946,0.3656388,0.32983667,0.30452448
1295489214,0.39750966,0.31142783,0.2910625
1295580333,0.47031188,0.25525558,0.27443254
1295676971,0.35804915,0.34577572,0.29617515
1295775858,0.27735454,0.3789801,0.34366536
1296688433,0.32575184,0.37672618,0.29752195
1297021671,0.2820459,0.29005826,0.42789587
1297380165,0.37346867,0.30602777,0.32050365
1297492026,0.47718364,0.24831991,0.2744965
1297809468,0.3491316,0.39180505,0.2590633
1297973918,0.33289155,0.31659383,0.3505146
1299039192,0.26943555,0.2926181,0.43794638
1299986849,0.26726916,0.4321726,0.3005582
1301065642,0.38128224,0.31398505,0.3047327
1301272811,0.33822358,0.33465028,0.32712615
1301726244,0.27266535,0.43828303,0.2890516
1301811061,0.37483287,0.31523225,0.3099349
1301814443,0.4024703,0.31110382,0.2864259
1301932961,0.39009216,0.30994228,0.29996556
1302123860,0.321423,0.38520896,0.29336804
1302677701,0.27480495,0.3996552,0.32553983
1302912700,0.26671678,0.44941133,0.28387183
1303165439,0.34398645,0.34368533,0.31232822
1305114484,0.32168168,0.37092727,0.3073911
1305270452,0.3724576,0.344518,0.2830244
1305324808,0.45606303,0.27193716,0.27199978
1305471566,0.4023755,0.29382008,0.30380446
1305986452,0.41073534,0.29932135,0.2899433
1305986765,0.33611894,0.36465794,0.2992231
1307484785,0.3477577,0.37123933,0.28100297
1307838420,0.37336314,0.32268804,0.30394882
1308389893,0.2784502,0.31936854,0.40218127
1308624053,0.31941062,0.38997537,0.290614
1308742485,0.36219966,0.33125323,0.30654716
1308832976,0.34871447,0.324252,0.32703355
1308854870,0.31602532,0.37942642,0.3045483
1309809729,0.27578706,0.4316042,0.29260874
1309904801,0.3549214,0.36045074,0.28462788
1310048173,0.38013524,0.34792304,0.27194178
1310186047,0.30459267,0.31851113,0.37689623
1310203577,0.38912678,0.30669063,0.3041826
1310424184,0.34592688,0.35972434,0.29434878
1310543343,0.33818015,0.347832,0.31398785
1310711971,0.44902515,0.2616104,0.28936443
1310978638,0.31013888,0.40052068,0.28934047
1311009592,0.42142287,0.30194077,0.2766364
1311164015,0.2887656,0.29926187,0.41197246
1311565211,0.3579178,0.34202915,0.30005306
1311825674,0.3628562,0.3429367,0.2942071
1311989487,0.38081956,0.26818907,0.3509914
1312060193,0.31277215,0.3814939,0.30573392
1312090506,0.41053236,0.32264906,0.26681852
1312699153,0.33896685,0.35348725,0.30754593
1312772663,0.50125295,0.2164298,0.28231722
1312841087,0.3315424,0.34795648,0.3205011
1313995845,0.5617429,0.17810068,0.2601564
1314151988,0.31836027,0.38351607,0.29812366
1314313349,0.40470254,0.29115587,0.30414158
1314805560,0.41882193,0.2939816,0.28719652
1314902939,0.34527582,0.32316583,0.33155832
1315260438,0.24023315,0.4869181,0.27284878
1316540826,0.4448492,0.2619167,0.29323414
1316686486,0.28694215,0.36201516,0.35104266
1317973127,0.2748499,0.36291867,0.36223143
1318067012,0.29372695,0.41781247,0.28846055
1318238153,0.3277266,0.36487734,0.30739605
1319020493,0.3805092,0.34494078,0.27455002
1319028473,0.32985094,0.36865014,0.3014989
1319374373,0.32400274,0.37652087,0.29947641
1319458764,0.36000347,0.36429977,0.27569675
1319500789,0.25357783,0.4609164,0.28550577
1320580770,0.37149075,0.31225133,0.31625792
1320899063,0.32484502,0.3500486,0.32510638
1321016043,0.3434493,0.35454214,0.30200857
1321465393,0.28171533,0.4371487,0.28113598
1322568446,0.25781384,0.47960305,0.26258308
1322591284,0.34824362,0.36021182,0.29154453
1322731127,0.36055204,0.3634731,0.27597487
1323072711,0.35023952,0.34208408,0.30767643
1323458647,0.39894402,0.2938637,0.30719227
1323524192,0.35883552,0.33888084,0.30228367
1324356896,0.37390867,0.31993914,0.30615225
1324683190,0.33969426,0.32668197,0.33362383
1324990554,0.35342547,0.3461188,0.30045575
1325224897,0.36724535,0.32985157,0.30290312
1325585389,0.3887776,0.29859555,0.31262678
1325622084,0.27266437,0.44977522,0.2775604
1325668840,0.25813302,0.45978326,0.28208372
1326872997,0.35781777,0.3781209,0.26406136
1327331313,0.33497906,0.27742243,0.3875985
1327354173,0.4046326,0.2923589,0.30300853
1327419676,0.29892027,0.40011987,0.3009599
1327467649,0.35814187,0.36450514,0.27735302
1327489924,0.2507557,0.40517655,0.34406772
1327772321,0.37443227,0.3284809,0.29708683
1328268614,0.24070513,0.25582093,0.5034739
1328666900,0.26754764,0.45441943,0.27803296
1328850459,0.25637263,0.45755994,0.28606743
1329163472,0.38752553,0.3288263,0.2836482
1329379463,0.44222736,0.2691839,0.28858873
1330109513,0.35708058,0.37320477,0.2697147
1331202384,0.3202658,0.37875253,0.3009817
1331539701,0.34860528,0.35666105,0.29473364
1331833424,0.4930662,0.23452927,0.27240458
1331959561,0.5295034,0.2163134,0.25418323
1332028408,0.33419925,0.3610806,0.30472016
1332220814,0.33781838,0.35297364,0.30920798
1332466932,0.33622974,0.38967928,0.274091
1332730184,0.38539952,0.3064206,0.30817986
1333876351,0.32864884,0.36100882,0.31034234
1334418656,0.37072223,0.3429432,0.28633457
1334687471,0.3590716,0.34337226,0.29755616
1335023623,0.35478064,0.34348702,0.3017323
1335189066,0.42024365,0.28475705,0.2949993
1335241884,0.28410935,0.42567587,0.29021478
1335565904,0.4968174,0.2383691,0.26481348
1336084245,0.36302233,0.33692673,0.3000509
1336227165,0.3657725,0.33959848,0.29462907
1336829757,0.4567215,0.2546319,0.28864658
1337165208,0.45984733,0.27175373,0.26839894
1337241925,0.34692565,0.30725685,0.34581754
1337279634,0.4047114,0.2921461,0.3031425
1337331354,0.5170907,0.23455665,0.24835268
1337892384,0.28243434,0.3346662,0.38289952
1337961561,0.42730808,0.2533201,0.31937182
1338180278,0.19798999,0.5379427,0.26406726
1338917733,0.34862143,0.36238518,0.28899342
1339500018,0.22993934,0.5041949,0.2658657
1339997291,0.5183664,0.22193906,0.2596945
1340267224,0.4838823,0.24874035,0.26737735
1340521071,0.3459962,0.26529998,0.3887038
1340983824,0.3568606,0.3452078,0.2979316
1341748326,0.40619302,0.28744113,0.30636585
1342015913,0.39323294,0.31977975,0.28698736
1342280978,0.18283206,0.5666796,0.25048834
1343381083,0.37811098,0.28110188,0.3407871
1344236679,0.23204684,0.24608007,0.5218731
1345011097,0.34597117,0.30207902,0.3519498
1345309379,0.37756312,0.32927027,0.29316658
1345695215,0.26215664,0.4618216,0.27602178
1346095060,0.3166032,0.3358301,0.34756672
1346241706,0.3669846,0.3131343,0.31988114
1346809321,0.4681418,0.2491928,0.2826654
1346950169,0.33486027,0.38852423,0.2766155
1348327628,0.41299066,0.3058811,0.28112823
1348637760,0.3663746,0.32322413,0.31040126
1349056050,0.40010864,0.3395059,0.26038545
1349693992,0.29117554,0.3929542,0.31587023
1349758249,0.38757253,0.33378798,0.2786395
1350718674,0.36354417,0.38006663,0.2563892
1351167515,0.3353214,0.38038957,0.284289
1351788433,0.37588525,0.32778555,0.2963292
1351892848,0.23734616,0.2979191,0.46473473
1352242357,0.3991586,0.319613,0.2812284
1352336011,0.47712722,0.23892973,0.283943
1352349749,0.31949037,0.35582376,0.32468587
1353407978,0.35324994,0.32951397,0.3172361
1353753111,0.4441262,0.28441793,0.27145585
1354983657,0.34123176,0.36996806,0.28880018
1355079867,0.32646614,0.38192967,0.29160416
1355470508,0.40935677,0.29516694,0.29547626
1355575375,0.33667505,0.36974147,0.2935835
1355859961,0.34216538,0.32131314,0.3365215
1357442109,0.32530755,0.3808841,0.29380834
1357712980,0.20144698,0.5438982,0.2546548
1358248949,0.3734264,0.33976394,0.28680968
1358442968,0.39365014,0.32229134,0.2840585
1359351860,0.2644972,0.35431707,0.3811857
1359364905,0.39518237,0.2991304,0.30568725
1359499132,0.27595478,0.3161347,0.40791047
1359824581,0.43044066,0.28311604,0.2864433
1359866642,0.34125993,0.25016207,0.40857798
1360124666,0.32643363,0.3555866,0.3179798
1361199736,0.36470002,0.3597846,0.27551535
1361351669,0.25085953,0.4482308,0.30090967
1361523952,0.2756774,0.43987638,0.28444618
1362019707,0.36158454,0.35001624,0.28839925
1362342387,0.39404428,0.3120556,0.29390013
1363099225,0.35381204,0.3430811,0.30310684
1363809692,0.39474013,0.30608174,0.29917812
1363826289,0.22011289,0.5174032,0.26248395
1364027594,0.41857612,0.28656477,0.2948591
1364209609,0.40578723,0.29885602,0.29535675
1364710980,0.38527706,0.3068535,0.30786943
1364968667,0.3468048,0.36353254,0.28966266
1365193563,0.39926103,0.31728423,0.28345475
1365214630,0.35157302,0.3492543,0.29917264
1365261702,0.29742745,0.28075176,0.42182076
1365538370,0.38241035,0.32368982,0.29389977
1365807678,0.32018858,0.32359332,0.3562181
1365946748,0.3061243,0.39172295,0.30215275
1366051891,0.33738592,0.3532423,0.30937177
1366940833,0.24138723,0.4515732,0.3070395
1367063253,0.40944976,0.2894683,0.30108196
1367439814,0.30875224,0.40729582,0.28395188
1367803584,0.3477343,0.3484493,0.30381638
1368014618,0.34823635,0.36317015,0.28859353
1368203903,0.36639953,0.3310027,0.30259776
1368358577,0.32506382,0.3592912,0.31564504
1368727418,0.3957854,0.3016008,0.30261382
1369102574,0.3246729,0.27187985,0.40344727
1369322842,0.36313194,0.31772625,0.3191418
1369624179,0.32719636,0.3825237,0.29027998
1369736016,0.35761234,0.36353058,0.27885705
1369876600,0.35835147,0.36589515,0.2757534
1370215186,0.2569125,0.336854,0.4062335
1370823547,0.2813447,0.42468598,0.29396927
1371311784,0.20502958,0.20999247,0.5849779
1371526703,0.29333872,0.35644028,0.35022104
1371759082,0.26971442,0.40129903,0.32898656
1371799927,0.32535568,0.37229756,0.30234674
1372172054,0.3642404,0.30415612,0.33160353
1372343019,0.40081042,0.30807954,0.2911101
1372506436,0.25794572,0.4671765,0.2748778
1372713518,0.3583578,0.36038858,0.28125364
1372784611,0.46516597,0.25127095,0.28356314
1373118365,0.4074214,0.30600727,0.28657132
1373596537,0.40661758,0.3113802,0.2820022
1373761899,0.33795142,0.32125717,0.3407914
1373882971,0.35947746,0.33397108,0.3065515
1374765523,0.32290095,0.29574206,0.381357
1375712417,0.25625673,0.4735548,0.27018848
1375833661,0.35486922,0.36095646,0.28417426
1375957715,0.36539435,0.34910017,0.2855054
1376081398,0.3588531,0.3422861,0.29886073
1376138468,0.23442093,0.338201,0.4273781
1376181302,0.3135151,0.3623579,0.32412696
1376450688,0.35407737,0.35354728,0.29237536
1376541121,0.3896798,0.32412404,0.28619617
1376628358,0.45035672,0.27756178,0.2720815
1376866371,0.4059868,0.31490627,0.27910691
1378221074,0.5333597,0.19199345,0.27464688
1378553375,0.37522227,0.32120764,0.30357012
1378806288,0.32619086,0.34351194,0.33029717
1379345026,0.35027948,0.3085088,0.34121162
1379923589,0.31627116,0.3518492,0.33187968
1380125976,0.41503572,0.27515835,0.30980596
1380212712,0.38905233,0.26650858,0.34443912
1380969369,0.34155664,0.3584448,0.29999858
1381596507,0.30199954,0.40565288,0.29234755
1381852384,0.3945883,0.29576892,0.3096428
1381854934,0.3775471,0.3040163,0.31843662
1382191981,0.24085951,0.45295596,0.30618453
1383342697,0.31906947,0.3686692,0.3122613
1383612884,0.31343764,0.31435496,0.3722074
1383698196,0.31882447,0.38947946,0.29169607
1383733319,0.39840657,0.29485098,0.3067425
1384154033,0.36892927,0.2909488,0.34012192
1384446962,0.48263037,0.23620906,0.2811606
1385062961,0.39251924,0.31598443,0.29149634
1385151673,0.3441444,0.30514377,0.35071185
1385305704,0.39368963,0.2962259,0.31008446
1385456715,0.35461366,0.38127398,0.26411235
1386174053,0.33859283,0.3616348,0.29977238
1387802015,0.3556118,0.35347092,0.29091722
1388215929,0.36117184,0.35675687,0.2820713
1388763840,0.25699547,0.46685535,0.27614915
1388852853,0.298549,0.40078408,0.30066693
1389526596,0.3621654,0.3387785,0.29905617
1389982916,0.36516494,0.31080997,0.3240251
1389993673,0.31587148,0.313222,0.37090653
1390021705,0.2443016,0.2736106,0.48208785
1390371900,0.2600619,0.45831335,0.28162473
1390675075,0.35673368,0.33198956,0.3112768
1390682325,0.38552684,0.3124605,0.30201268
1392137684,0.32796204,0.32326123,0.3487767
1392697382,0.35946357,0.35736823,0.28316817
1393216869,0.36140284,0.35733378,0.28126338
1393332166,0.264813,0.27182668,0.46336034
1393369450,0.37546116,0.36582392,0.2587149
1394197657,0.3423984,0.2325334,0.4250682
1394332158,0.4696042,0.26705483,0.26334098
1394372116,0.35697997,0.33898017,0.30403984
1395914424,0.35497826,0.33805287,0.30696887
1396471416,0.33340922,0.2737958,0.392795
1397033328,0.42634314,0.2744557,0.29920113
1397633716,0.36133116,0.32591182,0.31275707
1397713062,0.30836737,0.38949645,0.30213618
1397801236,0.2648452,0.28380686,0.451348
1397820372,0.3612644,0.34350997,0.29522562
1398425146,0.33963,0.36332986,0.2970401
1398516675,0.41056687,0.3075317,0.28190142
1398963070,0.25474268,0.33582783,0.40942943
1399548407,0.33798552,0.36592823,0.29608625
1399797650,0.29216665,0.31103316,0.3968002
1399825434,0.30784112,0.34091163,0.35124728
1400006593,0.2947256,0.28210646,0.42316794
1400019759,0.28641167,0.42947823,0.28411007
1400261150,0.3548143,0.34553283,0.29965287
1400587533,0.32325307,0.33188373,0.34486318
1400695722,0.26438916,0.40679866,0.32881218
1400768435,0.3077463,0.36221844,0.33003527
1400997982,0.32588583,0.35136172,0.32275242
1401159866,0.43619555,0.28471148,0.27909297
1401307085,0.34483492,0.3459779,0.30918717
1401683129,0.46649674,0.26817137,0.26533192
1402064056,0.32946894,0.37382555,0.29670554
1402271150,0.2723031,0.30014646,0.42755044
1403380941,0.31476474,0.39139062,0.29384458
1403427253,0.38293326,0.31447247,0.30259427
1403595657,0.27448177,0.42125866,0.30425954
1404258661,0.43760467,0.26054165,0.30185372
1405347775,0.3353783,0.32993507,0.33468658
1406691554,0.26224154,0.3602051,0.3775534
1406827873,0.30167913,0.380905,0.31741583
1406829456,0.27464175,0.42555037,0.29980785
1407513357,0.3708776,0.33480358,0.2943188
1407659950,0.46267962,0.2537147,0.28360564
1408173802,0.29726857,0.41748223,0.2852492
1408279353,0.3007063,0.39099407,0.30829963
1408343105,0.38072866,0.3199485,0.29932284
1408700611,0.40006548,0.3110858,0.28884873
1409775840,0.32217818,0.37772536,0.30009642
1410097361,0.36146265,0.34777486,0.2907625
1410106325,0.45723647,0.25671786,0.28604564
1410555104,0.36107105,0.35267258,0.28625637
1411188531,0.302062,0.4025219,0.2954161
1411251756,0.32650203,0.25511035,0.41838762
1411597873,0.34949118,0.3223053,0.32820353
1411768221,0.3757528,0.28777194,0.33647525
1412403014,0.32016188,0.38603345,0.29380465
1412779511,0.3068743,0.37724298,0.31588268
1413744772,0.2857294,0.41765225,0.29661834
1414036390,0.26160756,0.39088228,0.34751016
1414215305,0.29212895,0.414622,0.293249
1414257811,0.3876992,0.31297952,0.29932135
1414611051,0.41241068,0.30029422,0.28729507
1414828450,0.36105677,0.37916446,0.25977877
1415251431,0.3453675,0.36936346,0.28526905
1415561991,0.33865926,0.35636926,0.3049715
1415806400,0.30252028,0.38896394,0.30851585
1415841234,0.18931887,0.40447044,0.40621072
1416531481,0.32338932,0.39146477,0.28514597
1417775022,0.38096833,0.315832,0.30319965
1417963978,0.33927923,0.3625998,0.29812098
1418637553,0.35001582,0.36971694,0.28026724
1419701384,0.4205807,0.27234706,0.30707225
1419862961,0.40232155,0.31765404,0.28002438
1419931148,0.4350348,0.2846743,0.28029084
1420282552,0.3217249,0.40232408,0.27595103
1420284504,0.34809804,0.3068272,0.34507474
1421069299,0.27960038,0.40658516,0.31381446
1421092665,0.36239272,0.3355826,0.3020246
1421801469,0.40560538,0.27561897,0.31877565
1421805369,0.38522175,0.30068082,0.3140974
1421832505,0.40660864,0.30701894,0.28637236
1421864021,0.3086815,0.38181445,0.30950403
1422466746,0.26810884,0.2333006,0.49859056
1422932421,0.3960721,0.28253675,0.3213912
1423057514,0.26751852,0.42991272,0.30256876
1423240450,0.30444944,0.3134269,0.3821236
1423356515,0.31327328,0.386064,0.3006627
1423697164,0.25663668,0.4336216,0.30974177
1424053608,0.4621123,0.2529989,0.2848888
1424318370,0.20752525,0.54771554,0.24475922
1424386744,0.30453402,0.35617948,0.33928657
1424404514,0.42040974,0.27258042,0.30700985
1424741644,0.44640326,0.2513691,0.30222765
1425100014,0.33657593,0.3546266,0.30879742
1425296441,0.3828563,0.3367057,0.280438
1425474739,0.38301116,0.32644323,0.29054558
1425824350,0.2356758,0.4751972,0.289127
1425853503,0.29223514,0.37225878,0.33550605
1426087157,0.4224761,0.30643725,0.27108666
1426776603,0.26686388,0.3970752,0.33606094
1426865377,0.26124114,0.4263269,0.312432
1427188231,0.27315813,0.3875242,0.33931768
1427489505,0.38649738,0.31739014,0.29611248
1427573411,0.42393944,0.26552248,0.31053805
1427813073,0.37842906,0.2829147,0.3386562
1428044543,0.44989336,0.2754338,0.27467287
1428096975,0.3930941,0.3115377,0.2953682
1428323133,0.29369217,0.36027592,0.3460319
1428763053,0.3763525,0.26943466,0.35421282
1429170227,0.35874385,0.32530546,0.3159507
1429298084,0.38449568,0.33292365,0.28258067
1429343475,0.25236836,0.44227326,0.30535835
1429905856,0.370691,0.320144,0.30916494
1430393993,0.35181823,0.360256,0.28792578
1430720762,0.2795623,0.42914447,0.2912932
1430759000,0.3153643,0.3668995,0.3177362
1430961175,0.35239562,0.346155,0.30144942
1431194633,0.32170802,0.37759876,0.3006932
1431426828,0.25677118,0.44194895,0.30127984
1431613453,0.39025503,0.32918864,0.28055632
1431888365,0.3701161,0.34809858,0.28178534
1431937265,0.3094169,0.37895125,0.3116319
1432509592,0.32169837,0.36142644,0.31687516
1432525514,0.36961094,0.33837727,0.2920118
1432791243,0.36085826,0.34051102,0.29863077
1434703282,0.30514508,0.36522168,0.32963324
1434791306,0.20326239,0.5400665,0.25667113
1434990173,0.3961965,0.3147362,0.2890672
1434992319,0.24320376,0.32578403,0.4310122
1435074108,0.387112,0.31037998,0.302508
1435650370,0.32206506,0.32784766,0.3500873
1435713681,0.20311922,0.5401525,0.2567283
1436610218,0.33227426,0.36575255,0.3019732
1436887470,0.2475932,0.4587374,0.2936694
1437259090,0.31844383,0.39900595,0.28255022
1437321354,0.3685326,0.32729477,0.3041726
1437425186,0.31909704,0.37733108,0.30357188
1438347181,0.35932726,0.34074855,0.29992425
1438613970,0.39514878,0.25575018,0.349101
1439152664,0.4911856,0.24339318,0.2654212
1440362807,0.4813623,0.24199234,0.27664536
1440554360,0.45248857,0.2583069,0.28920454
1441148538,0.29692775,0.3910966,0.31197572
1441391609,0.2744338,0.38099897,0.34456724
1442253796,0.38328844,0.26887465,0.3478369
1443024288,0.39338532,0.33602947,0.27058524
1443285141,0.28143632,0.4175088,0.30105484
1443654087,0.47732332,0.23640598,0.28627074
1443768734,0.38412243,0.3067612,0.30911636
1443818593,0.34547168,0.3458926,0.30863568
1444188270,0.22327945,0.470277,0.30644354
1444315865,0.26896092,0.3747576,0.35628152
1444706883,0.39306378,0.31583744,0.29109877
1445183180,0.35499942,0.32670978,0.31829083
1445274516,0.4566524,0.26045543,0.28289223
1445382271,0.42094904,0.30130133,0.27774957
1446000452,0.3838523,0.3235751,0.29257262
1446006553,0.46467674,0.27181634,0.26350695
1446059185,0.3594946,0.34480685,0.29569858
1446129524,0.35544157,0.37886775,0.26569068
1446277750,0.24383393,0.49338874,0.26277733
1447522962,0.4703744,0.24910566,0.28051993
1447732913,0.31591856,0.37083066,0.31325072
1447998484,0.28927448,0.39936173,0.3113638
1448396868,0.2521267,0.4194169,0.3284564
1448401925,0.2756103,0.40813267,0.31625703
1448944105,0.43707734,0.30476224,0.2581604
1449026692,0.2942872,0.41922826,0.28648454
1449631259,0.26225,0.45865262,0.27909744
1450521040,0.34963828,0.3448522,0.3055095
1451648057,0.296251,0.36557114,0.3381778
1451922783,0.3629743,0.33190152,0.30512416
1451930406,0.35257024,0.34824026,0.29918945
1452140874,0.4077497,0.31496522,0.27728504
1452941756,0.44944668,0.26555723,0.2849961
1453500703,0.47977924,0.22857855,0.29164225
1453945940,0.34487373,0.29546678,0.35965946
1454155465,0.35281646,0.3371356,0.31004795
1454674653,0.34161788,0.3770074,0.28137472
1454675642,0.3648199,0.344738,0.29044208
1455276491,0.35220438,0.34491408,0.30288157
1455473686,0.44681376,0.26624727,0.28693894
1455479887,0.2584313,0.45734873,0.28421998
1455597957,0.38751012,0.30606002,0.30642986
1455766910,0.4037164,0.30407867,0.29220492
1456229078,0.41442993,0.29171228,0.2938578
1456804775,0.36832637,0.34159192,0.2900817
1456993998,0.41252038,0.29059517,0.29688442
1457231314,0.376222,0.311055,0.31272298
1457237917,0.33446056,0.36392415,0.30161524
1457428626,0.35884258,0.34124595,0.29991144
1457562864,0.35095805,0.37189537,0.27714658
1457575965,0.416609,0.30112305,0.28226793
1457576449,0.3340189,0.34875932,0.31722182
1457808206,0.30032855,0.32944047,0.37023103
1458215415,0.38956222,0.27229404,0.3381437
1458284684,0.3779673,0.33398765,0.28804508
1458360622,0.4273196,0.2877108,0.28496963
1459114057,0.34775162,0.34944376,0.30280465
1459600663,0.27043483,0.42342615,0.30613905
1461607431,0.36125553,0.3617925,0.27695197
1461725677,0.2798776,0.41649967,0.30362266
1461982918,0.48281163,0.24195749,0.27523094
1462400563,0.35685554,0.34455508,0.2985894
1462856338,0.36144134,0.3456313,0.29292738
1463241444,0.3356154,0.37041286,0.29397178
1463691562,0.31446862,0.40222386,0.2833075
1464173919,0.39134252,0.3216045,0.287053
1464698232,0.30097044,0.37724686,0.3217827
1464839546,0.3591249,0.35083243,0.2900427
1464889236,0.39592862,0.30991697,0.2941544
1464989400,0.37785757,0.32397833,0.29816413
1465145020,0.5032894,0.21635011,0.28036052
1465598380,0.36908796,0.361691,0.26922107
1466835436,0.36561993,0.36671993,0.26766014
1466995205,0.37436533,0.3284159,0.29721874
1467194255,0.4922195,0.21574107,0.2920394
1467428834,0.3711049,0.32298163,0.3059135
1468530338,0.21774167,0.21482743,0.5674309
1469579917,0.2838019,0.33160192,0.38459617
1470179272,0.60022414,0.16149789,0.23827794
1470358638,0.3328505,0.36737502,0.29977447
1470536757,0.4596421,0.25882918,0.2815287
1470573700,0.33140475,0.29580525,0.37278998
1471268624,0.34485048,0.3671405,0.28800905
1472454750,0.35355395,0.35272047,0.29372555
1473218627,0.31733477,0.3382405,0.34442466
1473352218,0.49895898,0.23314205,0.26789898
1473441771,0.182293,0.57329094,0.2444161
1473497966,0.35343522,0.3543468,0.29221797
1474329832,0.3679123,0.34695598,0.2851317
1474622758,0.27737314,0.28094417,0.4416827
1475428984,0.38803136,0.310862,0.3011066
1476558039,0.22895345,0.501482,0.2695645
1476697387,0.2116923,0.49967366,0.28863403
1476805311,0.36138338,0.29232258,0.34629402
1477204544,0.37689698,0.3141808,0.3089222
1477685182,0.3129951,0.38231075,0.30469412
1478432692,0.3454349,0.36074486,0.29382026
1478645220,0.2523263,0.4721603,0.2755134
1478735511,0.38254976,0.3229666,0.29448363
1478990035,0.286552,0.4362564,0.27719164
1479017887,0.40065625,0.29498464,0.30435914
1479037571,0.25419873,0.4521712,0.29363006
1479532136,0.41739827,0.31544966,0.26715207
1479781022,0.32891002,0.37699997,0.29408997
1480096307,0.2801432,0.4272598,0.292597
1480304353,0.24361798,0.49729013,0.2590919
1480338630,0.3797595,0.34718606,0.2730545
1481183805,0.3951543,0.31178838,0.29305732
1481469002,0.35703975,0.3480049,0.29495537
1481497817,0.33826947,0.34506655,0.31666398
1481747470,0.26760033,0.45698622,0.27541345
1481991751,0.46423292,0.26350576,0.27226132
1482454909,0.28960097,0.42376265,0.2866364
1483468960,0.38301334,0.32595152,0.29103512
1483926406,0.39440653,0.3167252,0.28886825
1484371658,0.29664904,0.31087288,0.39247805
1484716703,0.37458175,0.333006,0.29241228
1484786749,0.33007437,0.3702547,0.29967093
1485254315,0.26136687,0.44508263,0.29355052
1485530943,0.35895723,0.30282164,0.33822107
1485734716,0.29629263,0.3254118,0.3782956
1485802424,0.50204253,0.23066694,0.26729047
1485942194,0.45674503,0.24982044,0.2934345
1485953556,0.3278587,0.32923996,0.34290135
1487512474,0.3440792,0.37572625,0.28019458
1487518907,0.3072316,0.31745338,0.375315
1487887141,0.43643254,0.2403472,0.3232202
1487962819,0.39227816,0.31220013,0.29552168
1488065958,0.27355856,0.42973685,0.2967046
1488642470,0.2611168,0.42063296,0.31825018
1489327802,0.33655262,0.3620261,0.30142125
1489492767,0.36585015,0.3272984,0.30685145
1489581310,0.48968875,0.23392388,0.27638736
1490025464,0.34685603,0.3718636,0.2812804
1490064998,0.38456458,0.32790506,0.28753036
1490351249,0.4490031,0.25646737,0.29452953
1490417928,0.33376244,0.3341759,0.3320617
1490566130,0.37787667,0.3177191,0.30440426
1490956006,0.32629418,0.3698104,0.30389544
1490963250,0.3886749,0.32025963,0.29106542
1491597335,0.45192832,0.25287253,0.29519922
1491884203,0.28339517,0.30619812,0.41040665
1492537097,0.24621642,0.38406783,0.36971575
1494368966,0.33366442,0.3398773,0.32645828
1494983903,0.27500707,0.41981766,0.30517524
1495016174,0.3947073,0.314487,0.2908057
1495104052,0.28351432,0.2600541,0.45643154
1495361948,0.47696555,0.24316323,0.27987123
1495882774,0.32881945,0.32547745,0.3457031
1496266833,0.33794492,0.38041186,0.28164324
1498077061,0.18547061,0.18547061,0.6290588
1498112150,0.34265393,0.35246593,0.3048801
1498358216,0.42738256,0.30796492,0.26465255
1498847178,0.4161332,0.28061423,0.30325258
1498988581,0.21485099,0.22437328,0.56077576
1499064875,0.15742666,0.5895519,0.25302142
1499071926,0.35233194,0.3653254,0.28234273
1499571531,0.38264152,0.30872047,0.308638
1499643754,0.33414197,0.2639072,0.40195084
1499844766,0.3041169,0.36222285,0.33366024
1499855572,0.35287374,0.3404609,0.30666536
1500023508,0.37641132,0.34063458,0.28295416
1500294489,0.3575356,0.34508246,0.29738194
1500447919,0.39978313,0.2996942,0.30052263
1500503650,0.28956437,0.39530078,0.31513488
1500533698,0.31431833,0.3892607,0.296421
1500653616,0.18908852,0.1912162,0.61969525
1500811409,0.34239972,0.32069558,0.3369047
1501125676,0.38242227,0.34269714,0.2748806
1501766500,0.2722628,0.43944818,0.28828907
1502201584,0.3981262,0.29712117,0.30475262
1502356861,0.38369858,0.35110596,0.26519543
1502714461,0.38052785,0.3346511,0.28482103
1502965203,0.38871723,0.31150138,0.29978138
1503005007,0.3606599,0.33088654,0.30845353
1503270270,0.26765335,0.44319108,0.28915557
1503328582,0.338252,0.3665651,0.29518285
1503372133,0.23439999,0.5005958,0.2650042
1504473621,0.32430127,0.40548152,0.27021724
1505775208,0.3468945,0.32726473,0.3258408
1506289747,0.2922408,0.44007117,0.26768798
1506607259,0.2635051,0.44688445,0.28961045
1507182811,0.35981178,0.32287678,0.31731147
1507198566,0.43716425,0.26932055,0.29351526
1507743299,0.43471968,0.26721483,0.29806548
1508106085,0.36016732,0.35952652,0.2803062
1508226331,0.26898947,0.4393155,0.29169497
1508667545,0.2978366,0.22398865,0.47817475
1508736364,0.32316345,0.32127243,0.35556412
1509190229,0.34163117,0.3571629,0.301206
1509527944,0.31030113,0.39558733,0.29411155
1509947650,0.31982404,0.3485201,0.33165583
1510216646,0.23240061,0.502776,0.26482332
1510223473,0.30618817,0.39138114,0.30243063
1510232772,0.3317724,0.37174606,0.2964815
1510355450,0.39542276,0.32399446,0.2805828
1510739996,0.39063907,0.32671624,0.28264466
1510827012,0.37266207,0.33444715,0.2928908
1510844234,0.316293,0.39224744,0.29145956
1511441860,0.33886248,0.33351058,0.327627
1511499236,0.49240077,0.23768346,0.26991576
1511752227,0.3450709,0.36101502,0.29391408
1511986847,0.32759708,0.36455393,0.307849
1511987356,0.32443267,0.369412,0.30615535
1512036033,0.26935172,0.4048041,0.3258442
1512135050,0.44231123,0.2729546,0.28473413
1512247569,0.3558085,0.35245168,0.29173982
1512249460,0.55193406,0.20165622,0.24640973
1512512102,0.35190016,0.3637876,0.28431225
1512655073,0.31741023,0.39506418,0.28752562
1514570986,0.32536632,0.3131233,0.36151034
1515085544,0.3654691,0.35115397,0.28337693
1515194969,0.44041064,0.2858739,0.2737155
1515640780,0.3507834,0.33391744,0.31529912
1515673229,0.3557284,0.37713182,0.2671398
1516727875,0.39662874,0.3141852,0.2891861
1516766796,0.34377626,0.37335658,0.28286713
1516928323,0.3596391,0.3163905,0.32397038
1517001334,0.3572902,0.32838696,0.31432274
1517005915,0.31971586,0.3078819,0.37240225
1518305208,0.29589865,0.36342764,0.3406737
1518434714,0.32072222,0.38773566,0.2915421
1518560675,0.3169883,0.407351,0.2756607
1518964750,0.40402037,0.3072548,0.28872484
1519693368,0.3218803,0.36961472,0.30850494
1519883784,0.27616486,0.3414386,0.38239658
1520902388,0.3509743,0.33382627,0.31519943
1520990598,0.38997486,0.29008794,0.31993723
1521341084,0.31998596,0.32816073,0.35185334
1522076707,0.2923206,0.30455166,0.40312773
1522836970,0.3387066,0.3704425,0.2908509
1522997425,0.3342872,0.33701855,0.32869428
1523100513,0.37393117,0.35710496,0.26896387
1523353410,0.33679897,0.35945594,0.3037451
1524349988,0.23610803,0.40160078,0.36229122
1524374288,0.33618256,0.38039538,0.28342208
1524389910,0.37478575,0.32352835,0.30168587
1524888173,0.37269557,0.32849437,0.29881006
1526233914,0.31096822,0.38443565,0.30459607
1526255942,0.37155652,0.3249772,0.3034663
1526294126,0.496511,0.20901844,0.29447058
1526631137,0.4435559,0.23150563,0.3249385
1526827441,0.3384719,0.34427673,0.31725138
1527002556,0.44375324,0.26319876,0.29304796
1527266017,0.388397,0.31855267,0.2930503
1527439633,0.29825294,0.32055193,0.38119513
1527545731,0.56035113,0.19993258,0.23971632
1528217841,0.3652444,0.3411539,0.2936017
1528854515,0.33920294,0.34885222,0.31194484
1528866551,0.28112343,0.43834782,0.28052878
1530641411,0.33100998,0.32595307,0.34303692
1530924498,0.3423413,0.33794826,0.31971043
1531462308,0.4472248,0.2708817,0.2818935
1531480435,0.28015774,0.37144423,0.34839803
1531686659,0.36590394,0.32935458,0.30474147
1531858557,0.32512206,0.39091283,0.28396514
1531984200,0.32568783,0.39415196,0.28016025
1532499430,0.44486165,0.26000208,0.29513627
1533009688,0.3964371,0.2927617,0.31080118
1534342263,0.47039202,0.2304146,0.29919338
1534510456,0.23208809,0.4537264,0.3141855
1535765243,0.38197213,0.31879127,0.29923657
1536182259,0.36534348,0.35740435,0.2772521
1537002164,0.354212,0.3384062,0.3073818
1537117262,0.35912734,0.3304231,0.31044957
1537182322,0.28261107,0.27621338,0.44117552
1537221859,0.29782996,0.28507105,0.41709897
1537593405,0.37082198,0.3590387,0.27013934
1537599213,0.48854357,0.23660812,0.27484828
1537624706,0.33946127,0.3896833,0.2708555
1537627166,0.26919186,0.43392456,0.29688355
1538019213,0.43619043,0.24512874,0.31868082
1538179462,0.3257066,0.37904763,0.2952458
1538444137,0.39812833,0.30890054,0.29297107
1538799156,0.3436786,0.2980609,0.3582605
1538869052,0.2347799,0.48334968,0.28187042
1539377535,0.36522967,0.32674956,0.3080207
1539498625,0.3678674,0.28376228,0.34837034
1539590958,0.3188665,0.35957947,0.32155403
1540323056,0.3235259,0.3318689,0.34460524
1540400885,0.32414472,0.38062263,0.29523265
1540588713,0.39986596,0.30400488,0.29612917
1541487598,0.4608033,0.20733073,0.33186594
1541642647,0.44663972,0.2568518,0.2965085
1541685390,0.35654098,0.34728688,0.29617214
1541902405,0.29246396,0.37371463,0.3338214
1542150850,0.36071804,0.35898995,0.280292
1542254114,0.23775256,0.4424579,0.3197895
1543004491,0.31382588,0.39274427,0.29342985
1543117139,0.35966587,0.31482905,0.32550508
1543216802,0.3074286,0.3979246,0.2946468
1543923915,0.35933286,0.35105908,0.2896081
1544083540,0.35253245,0.33288857,0.31457895
1544576407,0.42946076,0.27840167,0.29213753
1544795350,0.42055812,0.28716213,0.29227972
1545365707,0.27242583,0.44482857,0.28274554
1545388639,0.31276745,0.34047478,0.34675777
1545488398,0.4636212,0.2698393,0.2665395
1545776787,0.29970616,0.34072423,0.35956967
1545802492,0.39029753,0.3162169,0.29348552
1546878008,0.3543167,0.352827,0.29285628
1547263065,0.34186408,0.354344,0.30379188
1547596992,0.26342624,0.37714675,0.35942698
1548000079,0.29570234,0.39672655,0.3075711
1548201497,0.17822452,0.56021667,0.2615588
1548556538,0.3562178,0.35989407,0.28388813
1548807188,0.50059956,0.22618091,0.27321953
1549039617,0.33896348,0.34671772,0.31431884
1549118230,0.32865036,0.33091536,0.3404343
1549570847,0.35118952,0.35373428,0.29507616
1549887134,0.31634963,0.3861023,0.29754812
1549924721,0.35410988,0.36356688,0.28232324
1550330610,0.2944097,0.4104092,0.29518107
1550750614,0.36546293,0.34403372,0.29050335
1550807865,0.48102945,0.23115595,0.2878146
1550858787,0.2746812,0.42277455,0.30254424
1551390040,0.3111664,0.36643335,0.3224002
1551665202,0.43449605,0.27596545,0.28953856
1551706273,0.34675807,0.28097656,0.37226537
1551761603,0.30162126,0.4279982,0.2703805
1552024088,0.27097857,0.44653898,0.28248242
1552398744,0.32163417,0.31166375,0.36670202
1553319303,0.3426258,0.36534518,0.29202896
1553364331,0.26511753,0.4775626,0.25731987
1553398156,0.27759555,0.3963397,0.32606468
1553584105,0.36301324,0.35297385,0.2840129
1554034790,0.41527927,0.28820214,0.2965186
1554069666,0.37820825,0.33341172,0.28838003
1554102919,0.29509977,0.41092086,0.2939794
1554476853,0.32898414,0.3507261,0.32028973
1554798788,0.2934938,0.3914671,0.31503907
1555077172,0.41657853,0.28797996,0.2954415
1555416303,0.2878655,0.37319028,0.33894426
1555915481,0.32714492,0.38642251,0.28643256
1556148778,0.37334114,0.35312408,0.27353477
1557079066,0.4363919,0.28759697,0.27601117
1557212012,0.24583498,0.47240674,0.2817583
1557518374,0.3021257,0.39390755,0.30396673
1558232164,0.3111276,0.27985537,0.4090171
1558499019,0.36479896,0.3577,0.27750108
1558568018,0.44532654,0.2599882,0.29468524
1558571254,0.3395832,0.33501798,0.32539883
1558597395,0.50856394,0.22364137,0.2677947
1558920207,0.33798027,0.38975513,0.27226466
1558936179,0.38404882,0.3002801,0.3156711
1559655202,0.34241134,0.36677963,0.290809
1559682009,0.4255935,0.27764088,0.29676557
1559706200,0.43356165,0.28267106,0.2837673
1560169397,0.25107348,0.47207996,0.27684653
1560835496,0.43836495,0.24924146,0.31239355
1560969594,0.5177498,0.23431492,0.2479353
1561122774,0.36794132,0.33348823,0.2985705
1561600123,0.38667506,0.322938,0.29038692
1561920988,0.35977784,0.31426328,0.32595885
1562046644,0.37495297,0.30194503,0.32310206
1562168146,0.43355858,0.3095809,0.2568605
1563013826,0.3535601,0.35952508,0.28691483
1563096379,0.32119286,0.27234644,0.4064607
1563380516,0.3985247,0.31173068,0.28974462
1563464106,0.41053867,0.28557217,0.30388916
1563979586,0.3191827,0.37723848,0.3035788
1564267187,0.34868324,0.3636574,0.28765935
1564309273,0.29779512,0.41102254,0.29118234
1564711501,0.31721455,0.39773566,0.28504977
1564984305,0.24283925,0.48209965,0.27506107
1565547006,0.2179114,0.48544043,0.2966482
1565624242,0.48035282,0.24931748,0.2703297
1565932246,0.37278217,0.32857794,0.29863992
1566007232,0.36764526,0.34949216,0.28286263
1567424993,0.49564174,0.23439842,0.26995987
1568062166,0.33683738,0.33352178,0.32964087
1568335656,0.36436403,0.2862866,0.34934938
1568735071,0.34524447,0.3521801,0.3025754
1569194084,0.38547078,0.3181085,0.29642075
1569527028,0.31564653,0.3835253,0.30082816
1569819771,0.35061502,0.3682686,0.28111643
1569856595,0.36062703,0.35536048,0.28401256
1570005821,0.3989638,0.32603925,0.27499694
1570523015,0.3015558,0.35870534,0.33973885
1571039670,0.48964572,0.23802859,0.2723257
1571333066,0.34219307,0.37811765,0.27968925
1571552797,0.32439536,0.36233354,0.3132711
1572470569,0.31379098,0.36403328,0.32217577
1572553183,0.4673369,0.2547978,0.27786538
1572914742,0.4815815,0.2399067,0.27851176
1573161678,0.4639631,0.25606042,0.2799765
1573520031,0.32341433,0.37885344,0.29773223
1573875860,0.3578193,0.33577806,0.30640265
1574037377,0.28771132,0.44881222,0.2634765
1574177759,0.35834843,0.349581,0.2920706
1574360470,0.23759907,0.49677855,0.26562238
1574464447,0.3632947,0.35729772,0.2794076
1575244496,0.34986028,0.3543967,0.295743
1575539869,0.40162316,0.30067533,0.29770154
1575598780,0.29207337,0.40370148,0.3042251
1575868665,0.4298147,0.28780407,0.28238124
1576478815,0.3345939,0.35744506,0.30796108
1576739802,0.34044635,0.308234,0.3513196
1577508368,0.28546268,0.40902197,0.30551532
1577605262,0.30476475,0.41202906,0.28320625
1577839236,0.26571095,0.3928776,0.34141144
1577844014,0.5217108,0.2171157,0.2611735
1578075430,0.35620627,0.3443095,0.2994842
1578708985,0.39230728,0.33245322,0.2752395
1578953865,0.41423178,0.2974667,0.28830156
1579308266,0.3406124,0.3593828,0.30000484
1579535336,0.34271914,0.370943,0.28633785
1579784333,0.36229622,0.35078698,0.28691673
1579920550,0.54392797,0.19615445,0.25991756
1579923608,0.34956092,0.36759657,0.28284246
1580232758,0.30145517,0.41325068,0.28529418
1580267370,0.40184164,0.31098634,0.28717202
1581317758,0.5616187,0.1945452,0.24383608
1581630968,0.286959,0.41985422,0.29318678
1581766713,0.25832185,0.46281928,0.27885887
1582285515,0.4384853,0.27310133,0.28841335
1582968476,0.36901736,0.32202294,0.3089597
1583233073,0.39315635,0.28428087,0.3225628
1583331605,0.3330216,0.33061823,0.3363602
1583336579,0.33762872,0.36376274,0.29860854
1583808444,0.34289235,0.37969327,0.27741438
1583962668,0.34779745,0.2707013,0.38150126
1584353583,0.34379083,0.2828537,0.37335545
1584614778,0.36111498,0.3491793,0.28970575
1584755738,0.3484978,0.34048635,0.31101584
1584769560,0.23460588,0.48549116,0.279903
1584828913,0.42170852,0.27504075,0.30325073
1585442353,0.36029714,0.35375893,0.28594396
1585563968,0.39749002,0.2864552,0.31605482
1585646412,0.28097308,0.37370217,0.34532472
1585788708,0.34493116,0.2756353,0.37943354
1585993730,0.3133547,0.40051264,0.2861327
1586598952,0.29446715,0.434296,0.27123687
1586863487,0.31386045,0.378206,0.3079335
1586944136,0.36459497,0.26729566,0.36810935
1587034462,0.28699842,0.4304096,0.28259194
1587512829,0.36324298,0.27738267,0.3593743
1587855609,0.2724756,0.46770996,0.25981444
1587940698,0.35718578,0.31899863,0.32381558
1589379263,0.31507587,0.3972582,0.2876659
1589543088,0.37795138,0.33354115,0.2885075
1589767457,0.21764508,0.51741785,0.2649371
1590633590,0.3450887,0.3182518,0.33665955
1591210425,0.3444623,0.31258002,0.34295768
1591251663,0.28375366,0.31804872,0.3981976
1591483485,0.387816,0.31979555,0.29238847
1592574381,0.32646704,0.38786066,0.28567228
1592720903,0.34391296,0.3403942,0.31569284
1594144248,0.3152462,0.32107747,0.3636763
1594519552,0.3513087,0.30522487,0.34346643
1595280977,0.3678971,0.3487949,0.28330803
1595552836,0.25835526,0.46038038,0.28126436
1596027900,0.339416,0.33280492,0.32777905
1596032728,0.5462345,0.18910046,0.26466504
1596604971,0.4903441,0.20710659,0.30254933
1596671229,0.37392128,0.33731687,0.28876185
1596862780,0.49447316,0.23864476,0.26688203
1597775889,0.37033844,0.33202612,0.29763544
1599096814,0.35422963,0.3423399,0.30343044
1599297569,0.21006617,0.504789,0.2851449
1599568522,0.43040937,0.27746323,0.29212737
1599722393,0.3595237,0.35104382,0.2894325
1599794379,0.38278782,0.32277912,0.29443306
1601400546,0.3827268,0.31831664,0.29895657
1602454146,0.41937754,0.28786296,0.2927595
1602570873,0.39301538,0.33414453,0.27284008
1602580450,0.20054212,0.5415653,0.25789258
1602883850,0.31055033,0.30854356,0.38090608
1603000115,0.37238932,0.3269946,0.30061612
1603211318,0.2948174,0.37481546,0.33036715
1603477366,0.30671287,0.30671287,0.3865742
1603729573,0.38862085,0.30925024,0.30212885
1604031501,0.26841474,0.45296633,0.27861893
1604084168,0.2845775,0.28959143,0.42583102
1604197781,0.3174057,0.39554232,0.28705198
1605752317,0.24904299,0.28330946,0.46764755
1605822431,0.27744138,0.4388916,0.28366703
1605992008,0.34983432,0.36244547,0.28772017
1606066599,0.28676552,0.42966083,0.2835736
1606353997,0.25927913,0.46753025,0.27319062
1606390545,0.2691485,0.41605783,0.3147937
1607078665,0.30086464,0.39156264,0.30757272
1607649966,0.3571586,0.294537,0.3483044
1609080132,0.26040152,0.23674144,0.50285697
1609217775,0.29965556,0.3592593,0.34108514
1609369409,0.2857226,0.43524227,0.27903515
1609425811,0.36194462,0.2736739,0.3643815
1609629198,0.28158063,0.431799,0.28662038
1609686987,0.341738,0.3437124,0.31454962
1609837491,0.33414334,0.31501138,0.35084528
1609990742,0.3424979,0.36184645,0.29565564
1610201143,0.36116976,0.35745877,0.28137144
1610359276,0.305533,0.27730718,0.41715983
1610415921,0.36734694,0.34619528,0.28645778
1611328179,0.38232192,0.27404168,0.3436364
1612280218,0.3597545,0.34715867,0.29308686
1612768800,0.4076504,0.31315798,0.2791916
1612816978,0.3729077,0.33664715,0.2904452
1612820294,0.5361446,0.21499091,0.2488645
1613232805,0.33697343,0.351256,0.31177062
1613824045,0.36842293,0.35385895,0.27771816
1614539656,0.3700735,0.33734202,0.29258442
1615309005,0.3430286,0.36955684,0.28741455
1615483187,0.3181306,0.3745544,0.30731493
1615572819,0.48611414,0.2403382,0.27354768
1615635284,0.3659287,0.3574144,0.2766569
1615807992,0.3177405,0.37075776,0.31150174
1616011673,0.3152249,0.2792921,0.40548298
1616103241,0.41201043,0.29020524,0.29778427
1616461896,0.4446049,0.26573017,0.28966495
1618305495,0.26585028,0.45008814,0.28406155
1618617837,0.30405456,0.35711175,0.33883372
1619884496,0.42526752,0.2871936,0.28753892
1620267727,0.41665334,0.30002755,0.28331918
1620500632,0.44344068,0.2751854,0.28137392
1621407819,0.25020558,0.45161432,0.2981801
1621688419,0.29376748,0.39489937,0.31133318
1621753560,0.4055366,0.3223549,0.2721085
1621949448,0.22173755,0.50152916,0.27673328
1622389763,0.5183836,0.20994285,0.27167344
1622395515,0.36265334,0.32826996,0.30907667
1622775803,0.2839387,0.3901062,0.32595512
1623146152,0.35301405,0.23770219,0.40928376
1623170855,0.3526946,0.3749125,0.2723929
1623318114,0.2791685,0.427388,0.2934435
1623339523,0.3982411,0.3002714,0.30148745
1624288723,0.33119267,0.37734172,0.29146558
1625903001,0.3231362,0.38258553,0.29427826
1626070850,0.3601501,0.35998815,0.2798618
1626679827,0.30595616,0.39147425,0.30256963
1626710019,0.22698838,0.4884951,0.2845165
1626939895,0.43959552,0.27838033,0.2820241
1627926960,0.33957165,0.36906397,0.29136437
1628729911,0.44627023,0.24693197,0.30679777
1629764690,0.45102155,0.2627761,0.28620237
1630527862,0.47101986,0.21516366,0.31381643
1630831872,0.3560735,0.35064584,0.29328066
1631138575,0.35122037,0.36802465,0.28075498
1631382474,0.3683113,0.35627303,0.27541572
1631567249,0.21057653,0.52926266,0.26016086
1631677815,0.3387484,0.3926118,0.26863977
1632014183,0.29294646,0.40780926,0.29924428
1632122545,0.30644485,0.41469094,0.2788642
1632858316,0.35257477,0.36598927,0.2814359
1633800504,0.22996223,0.46478373,0.30525398
1633807580,0.3869471,0.32985425,0.28319865
1633946324,0.3716342,0.28152752,0.3468383
1634078036,0.33970246,0.32702154,0.333276
1634139642,0.40634233,0.29204488,0.3016128
1634185276,0.27053195,0.2209871,0.5084809
1634434573,0.31433702,0.3899722,0.29569077
1635306903,0.34465033,0.36538902,0.28996065
1636596824,0.42523417,0.2806608,0.294105
1636653458,0.30474108,0.26593927,0.42931968
1637024745,0.27259213,0.4584781,0.2689298
1637776970,0.3597688,0.35600466,0.2842266
1637879229,0.3462779,0.21851805,0.43520406
1637952709,0.2572111,0.46144027,0.28134865
1638422111,0.2767149,0.43458885,0.2886963
1638477743,0.4241864,0.30627978,0.26953387
1639085082,0.34705177,0.35426527,0.29868293
1639237901,0.5330222,0.21089202,0.25608575
1640758507,0.34630576,0.3617397,0.29195458
1642014759,0.4656924,0.25792634,0.27638122
1642035848,0.32604367,0.37235373,0.3016026
1642263146,0.28682977,0.26391435,0.44925585
1642395421,0.3710613,0.34238344,0.2865553
1642467783,0.2635053,0.4099211,0.32657355
1642681147,0.41363767,0.26712105,0.3192413
1643405176,0.33005524,0.3461206,0.32382423
1643907626,0.4699521,0.25378975,0.27625814
1644699788,0.30324295,0.32542735,0.37132967
1644781606,0.40060407,0.30175504,0.29764086
1644817605,0.3265545,0.3443015,0.32914403
1645052117,0.30631238,0.34197024,0.35171738
1645209852,0.31313175,0.39854306,0.2883252
1645560299,0.34971464,0.33994788,0.31033748
1646020069,0.32473576,0.35465288,0.3206113
1646822472,0.27423808,0.41357523,0.31218672
1647117594,0.24300183,0.45416442,0.30283377
1647424465,0.40920925,0.30013856,0.29065216
1647708791,0.40542275,0.3058657,0.28871155
1647757809,0.327438,0.3002171,0.3723449
1648239182,0.37192404,0.32791498,0.30016094
1648422833,0.28902432,0.35656816,0.3544075
1648642740,0.54702777,0.19039449,0.26257774
1648720857,0.37263852,0.29972395,0.32763755
1649490436,0.48444122,0.2517481,0.26381063
1649703342,0.35973656,0.34312034,0.29714313
1649862792,0.41987392,0.26799357,0.3121325
1650300505,0.41365603,0.30395812,0.28238583
1650471177,0.24548052,0.4450615,0.309458
1650613449,0.34403315,0.35167876,0.3042881
1650745342,0.34393063,0.33386657,0.3222028
1650901619,0.3018099,0.31050453,0.38768557
1650902560,0.29702443,0.4196545,0.28332108
1650914041,0.45188195,0.26590812,0.2822099
1651217316,0.5587793,0.19099799,0.2502228
1651561506,0.3979363,0.32528126,0.27678236
1651690251,0.28775078,0.43108758,0.2811616
1653616188,0.23134398,0.48951083,0.27914518
1653684786,0.41864133,0.3050471,0.27631158
1653876340,0.25151518,0.44713402,0.3013508
1654427558,0.33044776,0.35827553,0.31127667
1654684700,0.32937092,0.36843112,0.302198
1655073338,0.23487061,0.49475852,0.27037084
1655143326,0.23937304,0.28426188,0.4763651
1655790883,0.3004496,0.39928943,0.30026096
1657016881,0.35466743,0.35191604,0.2934165
1657467200,0.30749652,0.383551,0.30895248
1657539739,0.22870198,0.48777992,0.28351808
1658504900,0.39531076,0.31042588,0.29426342
1658832957,0.33906895,0.37748614,0.2834449
1658939627,0.35081625,0.32291868,0.3262651
1658958070,0.30560774,0.30560774,0.3887845
1658967966,0.5686157,0.19090922,0.24047512
1659114265,0.36652392,0.28795624,0.3455198
1659438468,0.3053056,0.38945693,0.3052374
1660208850,0.3684793,0.3233808,0.30813986
1660857258,0.45807078,0.26374358,0.27818564
1661116563,0.31220844,0.41819882,0.26959273
1661813809,0.2623078,0.46684796,0.27084428
1661843591,0.36414272,0.34532863,0.29052866
1662151765,0.38661435,0.27304545,0.34034017
1662484259,0.31697598,0.3905455,0.2924785
1662512832,0.38533318,0.26644123,0.3482256
1662521699,0.44022626,0.26927572,0.290498
1663299496,0.3541199,0.35567617,0.29020396
1663468816,0.30356258,0.4132025,0.28323492
1663491346,0.45416835,0.2821657,0.2636659
1663538895,0.35864002,0.32137424,0.31998575
1663637561,0.32786578,0.37934655,0.2927876
1663717781,0.30922037,0.39783293,0.2929467
1664201201,0.3238939,0.339677,0.33642906
1664322673,0.23673888,0.23919483,0.5240663
1664732760,0.21621639,0.50104415,0.28273946
1664994046,0.3584975,0.34233305,0.29916948
1665065234,0.30076113,0.37829286,0.32094598
1666139437,0.39968246,0.29718584,0.3031317
1666402895,0.3013411,0.41517866,0.2834802
1666992104,0.4082191,0.30548972,0.28629118
1667614373,0.22573605,0.48476252,0.2895015
1668507734,0.3975271,0.309879,0.29259387
1668858113,0.34298357,0.2910425,0.36597395
1669416968,0.33213347,0.3494944,0.31837213
1669538948,0.2919052,0.40107858,0.3070162
1670070169,0.28589204,0.34456646,0.3695415
1670334570,0.39227608,0.29665467,0.31106925
1670792860,0.3396986,0.36894637,0.291355
1671246071,0.5827663,0.17684956,0.24038416
1671546542,0.3674983,0.34226653,0.2902351
1671576059,0.35589916,0.36086515,0.28323573
1671873354,0.35296947,0.3509159,0.29611468
1672347710,0.31050366,0.3991443,0.29035205
1672371508,0.4802695,0.23808885,0.28164166
1673836625,0.35979486,0.3421984,0.2980067
1673930835,0.36033124,0.31450424,0.3251645
1674271218,0.36047173,0.34003192,0.29949635
1674290386,0.28264517,0.24187925,0.4754756
1674303347,0.30047658,0.4231153,0.27640814
1674613483,0.35172188,0.3432461,0.305032
1674870575,0.2604548,0.4265468,0.31299835
1674981451,0.34820127,0.3636161,0.28818262
1675239770,0.29123384,0.3949201,0.31384602
1676497076,0.35191035,0.37638924,0.27170038
1676810362,0.43752217,0.2731083,0.28936952
1677729180,0.34747684,0.3506381,0.30188507
1678266395,0.3979148,0.3043874,0.2976978
1678431547,0.33296084,0.34467685,0.3223623
1678514311,0.31482548,0.2683897,0.41678476
1678626069,0.3797741,0.31865725,0.3015687
1678905990,0.33212817,0.3497159,0.31815588
1679999721,0.3445785,0.3582562,0.29716527
1680192080,0.36230564,0.33121634,0.30647802
1680516333,0.37236598,0.295155,0.332479
1680611137,0.37612835,0.32278734,0.30108437
1680969361,0.32692373,0.3944298,0.27864647
1681735086,0.29048014,0.43108478,0.27843514
1681814692,0.34565338,0.34003133,0.31431532
1682074721,0.38499457,0.31131518,0.30369025
1682308532,0.34500903,0.34952205,0.3054689
1682386993,0.44293374,0.27421033,0.28285593
1682833625,0.26342112,0.4365523,0.30002666
1682953571,0.41411015,0.28287965,0.3030102
1683783813,0.49270332,0.2320534,0.27524322
1683889396,0.29717457,0.38215882,0.32066667
1683947411,0.38021564,0.3218371,0.2979473
1684319103,0.16778773,0.5646086,0.2676037
1684715833,0.21729685,0.5087013,0.27400184
1684845933,0.34929058,0.33066058,0.32004884
1685030974,0.3838793,0.32292086,0.2931998
1685777887,0.33769447,0.32568246,0.33662307
1686878421,0.32253587,0.3699293,0.3075348
1687006641,0.34130776,0.28630173,0.3723905
1688657687,0.30199987,0.4069987,0.2910014
1690043841,0.30414492,0.30758393,0.38827112
1690297634,0.34706348,0.36053967,0.29239684
1690337718,0.33499378,0.37720168,0.28780448
1690844113,0.40807867,0.30432454,0.28759676
1691088739,0.45765412,0.25016353,0.2921824
1691227636,0.34395936,0.3287536,0.32728705
1691229265,0.3508383,0.35925046,0.2899112
1691407828,0.23728827,0.4724396,0.29027218
1691438113,0.24515165,0.49373168,0.2611167
1692031084,0.37353164,0.3175558,0.30891258
1692058788,0.36022365,0.34518105,0.2945953
1692128230,0.35025102,0.34950522,0.3002438
1692292133,0.2336927,0.48213366,0.2841737
1692439240,0.2646411,0.43953875,0.29582018
1692442552,0.2967532,0.38922435,0.31402248
1692550667,0.3437062,0.34880644,0.3074873
1692935898,0.34390348,0.36218086,0.2939157
1693898511,0.29491103,0.35056764,0.3545213
1694382325,0.28183046,0.44852698,0.26964253
1694483196,0.25237304,0.32310724,0.42451972
1694489471,0.2114689,0.51743793,0.27109313
1694665554,0.33778152,0.33898342,0.3232351
1695071938,0.24688625,0.37611035,0.3770034
1696678573,0.33682692,0.36881918,0.2943539
1697384419,0.29849216,0.38326457,0.3182433
1697607616,0.35734934,0.22216876,0.42048192
1697947520,0.33548778,0.37167507,0.29283714
1698432274,0.36392158,0.33389854,0.30217987
1698527753,0.5522413,0.18569084,0.26206782
1698763891,0.27134126,0.43178773,0.29687098
1699260348,0.21923259,0.5192949,0.26147252
1699517623,0.36609745,0.34127903,0.29262352
1699705099,0.34325877,0.3648457,0.29189554
1699833007,0.2897854,0.41310635,0.29710823
1700496488,0.31475496,0.38510776,0.30013728
1701006666,0.35724765,0.3310234,0.31172895
1701693802,0.48366755,0.23191804,0.2844144
1702012397,0.39487094,0.31587547,0.28925365
1702134344,0.3337202,0.34707272,0.319207
1702390481,0.44302928,0.26683715,0.2901335
1702398362,0.3121112,0.32665586,0.36123294
1702505390,0.33146232,0.35193467,0.31660295
1702698069,0.33785594,0.3606224,0.3015216
1702709833,0.39757377,0.31679624,0.28563002
1702965667,0.23766342,0.22139698,0.54093957
1705236839,0.4084915,0.30227593,0.28923255
1705405987,0.38888988,0.302978,0.3081321
1705660092,0.3353407,0.38295794,0.28170133
1706168551,0.30766886,0.32721663,0.3651145
1706433544,0.37529594,0.34163094,0.28307313
1708045889,0.36404282,0.30246398,0.33349317
1708191432,0.35109305,0.33162445,0.31728247
1708417335,0.397692,0.34081012,0.26149786
1708596348,0.37954292,0.2507053,0.36975175
1708728114,0.34904736,0.36553466,0.2854179
1708759667,0.32130337,0.3370173,0.34167933
1708799770,0.40441424,0.29309797,0.3024878
1709570513,0.36074722,0.32662785,0.31262496
1709609302,0.30005428,0.41973263,0.2802131
1710270763,0.36106667,0.32616693,0.31276637
1710383653,0.32830885,0.37933004,0.29236108
1710539629,0.34246218,0.31854635,0.33899146
1710773731,0.3813033,0.3160349,0.30266172
1711501045,0.34383452,0.3397967,0.3163688
1711804964,0.35259867,0.37386352,0.27353778
1712620059,0.3193063,0.38978213,0.2909116
1712648614,0.29614747,0.354402,0.34945053
1713029428,0.38412303,0.31443483,0.30144215
1713146408,0.36834386,0.3560743,0.27558187
1713689606,0.28555167,0.41036814,0.30408022
1714033303,0.3283402,0.37166,0.29999977
1714135789,0.31353465,0.38469684,0.30176854
1714143351,0.48544878,0.2432147,0.27133653
1714210749,0.2710312,0.35564584,0.373323
1715351046,0.26873565,0.44274795,0.2885164
1715514321,0.24247986,0.49526867,0.26225153
1716588874,0.37696022,0.34253484,0.28050497
1716610171,0.31486,0.39142722,0.2937128
1716765550,0.33089393,0.3721874,0.29691866
1717147012,0.26237231,0.46514267,0.27248496
1717646550,0.31737202,0.36342278,0.3192052
1717692915,0.35301358,0.34941447,0.29757196
1718495528,0.33290115,0.3629337,0.30416518
1718737773,0.38849354,0.2946911,0.31681538
1719075252,0.33634484,0.3835148,0.2801404
1720552419,0.39197975,0.25705352,0.3509667
1720693294,0.32710367,0.38603085,0.2868655
1721453938,0.36372262,0.31311974,0.32315764
1721717050,0.44866505,0.2708469,0.280488
1721718420,0.3233796,0.28917024,0.38745016
1721981634,0.41563982,0.2680843,0.3162759
1722534903,0.35675,0.344278,0.29897195
1722614692,0.33672825,0.366429,0.29684275
1723276070,0.31690967,0.36217827,0.32091206
1723518433,0.29517332,0.35543603,0.34939066
1723723756,0.39700332,0.30817574,0.2948209
1723966098,0.42535585,0.27560228,0.29904187
1724589264,0.34607932,0.36415702,0.28976366
1724700984,0.47390756,0.24573725,0.28035522
1724948921,0.33186525,0.37047946,0.2976553
1726735156,0.3724156,0.33747494,0.29010946
1727320611,0.38590842,0.31088144,0.30321014
1727642542,0.42585784,0.26343852,0.3107036
1727844644,0.33100975,0.3635953,0.30539498
1728623670,0.37013125,0.35235673,0.27751204
1728768467,0.2993357,0.4204321,0.28023222
1729373744,0.36480293,0.34303492,0.29216218
1729696277,0.419817,0.29377186,0.28641114
1729885130,0.38635558,0.3149187,0.29872572
1729885436,0.23301424,0.33487993,0.43210584
1730050025,0.42250744,0.26602167,0.31147087
1730974193,0.24989334,0.24518268,0.50492394
1731109166,0.27207255,0.38699275,0.3409347
1731382787,0.29940718,0.40719742,0.2933954
1731499471,0.28542075,0.44465476,0.26992446
1731523613,0.264176,0.44803596,0.28778803
1731550578,0.35203964,0.304111,0.34384933
1731576286,0.3270554,0.36007035,0.31287426
1732060126,0.2674513,0.27846694,0.45408177
1732575572,0.4602728,0.2621885,0.27753872
1734324267,0.29290754,0.30154437,0.40554816
1734649525,0.27381605,0.42168957,0.30449432
1734739733,0.34768814,0.32525468,0.32705715
1735270029,0.21653964,0.5040812,0.2793792
1735436560,0.21023774,0.51849496,0.2712673
1735439387,0.3448735,0.3306409,0.3244856
1735759001,0.34043878,0.3685282,0.29103303
1735934847,0.3089714,0.39731807,0.29371053
1736410915,0.29721892,0.34098676,0.36179432
1738448173,0.34265316,0.36174056,0.2956063
1738924789,0.3408095,0.3677411,0.29144943
1739189842,0.3863095,0.33422107,0.27946937
1739541010,0.47833958,0.20619985,0.31546062
1739942735,0.29950196,0.37560934,0.3248887
1739956661,0.28352302,0.31743553,0.39904147
1740237192,0.34772703,0.36027014,0.29200286
1740433539,0.3941397,0.27572778,0.33013254
1740504509,0.36449754,0.35631466,0.2791878
1740735801,0.3509525,0.35784733,0.29120013
1741120464,0.3047562,0.38478458,0.31045926
1741489359,0.35805735,0.34494096,0.2970017
1741804669,0.34696224,0.3447289,0.30830887
1742362315,0.35193625,0.35207504,0.29598874
1742701127,0.43954587,0.27285847,0.28759566
1743448511,0.3434103,0.31686756,0.3397221
1743589577,0.4158193,0.26458877,0.31959194
1744227513,0.29618096,0.4035867,0.30023235
1744259434,0.29716036,0.31504837,0.38779128
1744905996,0.4194793,0.29932725,0.28119346
1745439660,0.33051524,0.34271383,0.32677096
1745457284,0.36689913,0.3609512,0.27214968
1746241766,0.32424062,0.37390107,0.3018583
1746428053,0.24102926,0.22516507,0.5338056
1746687827,0.37838835,0.32285577,0.29875594
1746812348,0.29004568,0.32253057,0.38742375
1747120057,0.33222255,0.33918816,0.32858926
1747295803,0.3447846,0.36881155,0.2864039
1747857534,0.3624089,0.33274984,0.30484125
1747959696,0.35421813,0.32208493,0.32369694
1748468456,0.2531775,0.42472008,0.32210237
1748516683,0.35204548,0.34941572,0.2985388
1748561071,0.39314032,0.29281378,0.31404597
1748620648,0.34872496,0.33900797,0.31226707
1748833888,0.33774954,0.38372722,0.27852327
1749573236,0.23532976,0.47926652,0.2854037
1750537063,0.44247037,0.2723559,0.28517365
1751348068,0.5558431,0.1864974,0.25765944
1751566519,0.33513024,0.37453824,0.2903315
1751569927,0.3238364,0.3052617,0.37090194
1751916943,0.381672,0.3211071,0.2972209
1752529936,0.41528267,0.28569782,0.29901952
1753141802,0.29413083,0.28384244,0.4220267
1753297962,0.36124742,0.31509805,0.32365453
1753403727,0.3261627,0.3980081,0.27582923
1753917941,0.31992072,0.31319588,0.36688343
1754183888,0.24037161,0.48379278,0.27583557
1754210271,0.3215134,0.30057907,0.37790748
1754933836,0.39759326,0.3199576,0.28244916
1755011036,0.37281245,0.34454107,0.28264648
1755147195,0.22174013,0.47353077,0.30472916
1755918975,0.3018381,0.40245926,0.29570267
1756390721,0.3560588,0.35822666,0.28571457
1756604914,0.46577263,0.26134706,0.2728803
1756778091,0.41425294,0.30492228,0.28082484
1757111307,0.36726266,0.32010674,0.31263056
1757407802,0.2822715,0.33017108,0.3875574
1758459469,0.3715512,0.33667424,0.2917745
1758650147,0.30438778,0.31654188,0.37907037
1759724196,0.34528893,0.36551908,0.28919196
1759750393,0.3358134,0.3761177,0.2880689
1759940412,0.44033962,0.2781564,0.28150398
1760222829,0.30840972,0.39832354,0.29326674
1761047446,0.30394277,0.41320747,0.28284973
1761076283,0.2311918,0.48836592,0.28044224
1761306249,0.39014107,0.2981851,0.3116738
1761325511,0.3906193,0.33105978,0.2783209
1761841445,0.30603606,0.35226154,0.34170246
1761988485,0.35500544,0.32168797,0.3233066
1762750447,0.24513474,0.4780345,0.27683076
1762791831,0.35358095,0.34894133,0.29747766
1763145514,0.32733625,0.36867926,0.30398452
1763273725,0.33255875,0.30537903,0.36206222
1763984560,0.33097392,0.34695655,0.3220696
1764626265,0.40904105,0.30999064,0.28096825
1764925675,0.36768383,0.3585619,0.27375424
1764959940,0.36726725,0.33021817,0.30251458
1765178402,0.32926238,0.37602174,0.29471588
1765541774,0.3152858,0.40137196,0.2833423
1765676415,0.30157426,0.40714946,0.29127628
1765816286,0.46342465,0.2708699,0.2657054
1766329459,0.3438624,0.28561294,0.3705246
1766622653,0.27661365,0.401301,0.32208532
1766747709,0.28975803,0.41271737,0.29752457
1767691323,0.38058817,0.33682477,0.28258705
1768121582,0.3043541,0.33742017,0.3582257
1768498319,0.32934773,0.373851,0.29680127
1768781611,0.33338648,0.31440124,0.35221225
1769890857,0.36805683,0.35865363,0.27328956
1770394150,0.36705667,0.29339707,0.33954626
1770599782,0.312047,0.39146397,0.296489
1770686376,0.3568874,0.29552263,0.34758997
1770732040,0.32899228,0.37822986,0.29277784
1770830248,0.31942326,0.37724915,0.30332756
1772054066,0.19389547,0.55144453,0.25466
1772141099,0.34566367,0.36030194,0.2940344
1772649140,0.3730835,0.3288787,0.2980378
1773696782,0.40721393,0.28827983,0.30450627
1774865901,0.40897548,0.30260807,0.28841642
1775093196,0.38005674,0.2995147,0.32042855
1775176720,0.34452018,0.38846076,0.2670191
1775324218,0.40945524,0.30266464,0.28788012
1775632894,0.26291424,0.45271894,0.28436685
1776034380,0.30403984,0.37529004,0.3206701
1776038744,0.30081588,0.41061592,0.2885682
1776998452,0.18751124,0.54147124,0.27101755
1777452724,0.40622097,0.30127388,0.29250515
1777466675,0.5513968,0.18679094,0.26181227
1778090574,0.34210324,0.36046612,0.2974307
1778202741,0.27803046,0.4086001,0.31336945
1778290929,0.42873952,0.27625573,0.29500479
1778696047,0.28450042,0.42945847,0.2860411
1779042082,0.39040685,0.328838,0.28075522
1779382445,0.41895157,0.28972238,0.29132605
1779485822,0.34386957,0.37355494,0.2825755
1779502048,0.32181364,0.31568348,0.36250287
1779735910,0.36440155,0.34327257,0.29232588
1780000603,0.3882841,0.27845687,0.33325896
1780336094,0.35482138,0.36982548,0.27535307
1780546093,0.50686824,0.21808633,0.27504542
1781742865,0.37615255,0.33597523,0.2878722
1781762949,0.37390417,0.35647953,0.26961628
1781785953,0.3973767,0.308231,0.29439235
1781948936,0.29273507,0.38771677,0.31954813
1782320050,0.352381,0.37836495,0.26925397
1782528878,0.32627273,0.29270348,0.38102382
1782794369,0.35640317,0.3272007,0.31639606
1783367579,0.32037282,0.37732852,0.30229867
1784536927,0.32924137,0.34138817,0.3293705
1785015198,0.35427594,0.35639012,0.28933394
1785134603,0.3562755,0.3521999,0.29152456
1785715127,0.29372972,0.3906332,0.31563705
1786826925,0.33492488,0.38652855,0.27854657
1786903872,0.21791218,0.5018728,0.28021508
1787030325,0.39566794,0.3043046,0.3000275
1787529666,0.3639449,0.34470087,0.29135424
1787896345,0.3113054,0.41758245,0.27111214
1788543444,0.30215737,0.4009754,0.29686722
1788856010,0.26407403,0.41079456,0.32513136
1788985330,0.28296864,0.24322651,0.47380483
1789417039,0.33595583,0.36651945,0.2975247
1789739929,0.33787492,0.3746325,0.28749257
1789937313,0.38668138,0.3302284,0.2830902
1790581941,0.4972223,0.2253505,0.2774272
1790585521,0.4771208,0.25084913,0.27203006
1790656233,0.43443286,0.26458728,0.30097982
1790753051,0.29164225,0.40523696,0.3031208
1790952639,0.5347885,0.20392361,0.26128793
1791430266,0.39310363,0.30842173,0.2984746
1791581065,0.5524812,0.19107977,0.2564391
1791629751,0.2705338,0.27389288,0.45557332
1792205628,0.24753383,0.48901325,0.26345295
1792362496,0.5594445,0.1848386,0.25571692
1792566723,0.36870268,0.32520974,0.30608758
1792892946,0.2517806,0.35195106,0.39626837
1793470403,0.38438928,0.30606872,0.30954203
1794190781,0.33333868,0.35221034,0.31445098
1794512480,0.3835463,0.3127652,0.30368847
1794840909,0.29777497,0.37132215,0.3309028
1795139469,0.38844097,0.30935252,0.30220646
1795379566,0.3344348,0.3587284,0.30683678
1795760643,0.24714324,0.4664667,0.2863901
1796055199,0.3810631,0.263891,0.35504588
1796071606,0.21861506,0.4911239,0.29026103
1796087940,0.2211297,0.5144775,0.2643928
1796305712,0.32796502,0.362416,0.30961895
1796352365,0.3217432,0.38667744,0.2915794
1796435372,0.36651796,0.32503098,0.30845112
1796728916,0.3345852,0.35859588,0.30681893
1796899195,0.24376306,0.24925265,0.5069843
1797178188,0.3543746,0.3312865,0.31433892
1797297309,0.5031166,0.22426003,0.27262333
1798067323,0.40789664,0.2939782,0.29812515
1799456013,0.39245552,0.30997074,0.29757375
1800240206,0.3025295,0.343635,0.35383546
1800297641,0.3450055,0.27571547,0.37927905
1800720725,0.36410776,0.3333431,0.30254918
1800833974,0.32240552,0.399802,0.27779245
1800841843,0.24525228,0.48949385,0.26525387
1801284664,0.2971326,0.4139162,0.28895116
1801580711,0.36596984,0.3692519,0.26477826
1801663771,0.37943256,0.3264075,0.2941599
1801721906,0.321467,0.3255071,0.3530259
1801840402,0.34763873,0.363441,0.28892028
1802076456,0.28327537,0.43957818,0.2771465
1802409890,0.38127506,0.32426548,0.29445943
1802855908,0.3861149,0.33316553,0.28071958
1802997966,0.47597277,0.25080013,0.27322713
1803065593,0.50912106,0.22832978,0.26254913
1803290940,0.34158063,0.31802797,0.34039137
1804828115,0.31545615,0.4037302,0.2808136
1804860296,0.3727857,0.3141573,0.313057
1805042728,0.39364862,0.31161714,0.29473424
1805131958,0.39728755,0.32558972,0.27712274
1805833364,0.3002001,0.35388076,0.34591913
1806083326,0.29131293,0.44183818,0.26684892
1806237233,0.37121475,0.3400662,0.28871912
1806862610,0.28993505,0.35639155,0.3536734
1806971820,0.31475857,0.36893958,0.31630188
1807130483,0.35885358,0.28388548,0.35726094
1807215640,0.32839692,0.36781234,0.3037907
1807813287,0.22937447,0.49275768,0.27786785
1807968496,0.3105182,0.38522196,0.30425984
1808485242,0.3551485,0.3532075,0.29164398
1808797234,0.3318007,0.36296248,0.30523682
1809270813,0.32193682,0.4030702,0.27499297
1809662805,0.41411132,0.30587822,0.28001046
1810473971,0.3578437,0.33281654,0.30933973
1810703122,0.31806654,0.3734076,0.30852586
1811071982,0.28321344,0.26119986,0.45558667
1811388293,0.35323137,0.32139632,0.3253723
1811474229,0.38012642,0.3236935,0.2961801
1811936123,0.2573525,0.41542017,0.32722735
1811947290,0.36527628,0.3631928,0.271531
1812398186,0.27391636,0.41544113,0.3106425
1813115352,0.5689405,0.17198183,0.25907764
1813582710,0.3491941,0.34126213,0.30954373
1813718061,0.4184537,0.2741202,0.3074261
1813809654,0.32955414,0.3671609,0.30328497
1813816869,0.26344728,0.43883717,0.29771554
1813836497,0.3041908,0.3742462,0.321563
1815451789,0.45899704,0.24625543,0.29474753
1816584649,0.3334949,0.36310643,0.30339864
1816643488,0.30672392,0.39353824,0.29973787
1817013612,0.44522104,0.2769548,0.27782413
1817539108,0.27553084,0.44242197,0.28204715
1818825106,0.41158235,0.29148686,0.29693073
1819567564,0.33354247,0.37743768,0.28901982
1819851832,0.25788528,0.30674192,0.4353728
1820739925,0.35554394,0.35063973,0.29381636
1821281539,0.36811137,0.27898628,0.3529024
1821700297,0.3402338,0.3851515,0.27461463
1822211120,0.43204516,0.2910999,0.2768549
1822850619,0.26527062,0.45037392,0.28435546
1822864735,0.28592297,0.28749147,0.42658556
1822983353,0.5200483,0.20621212,0.27373958
1823014755,0.38021654,0.30068743,0.31909603
1823667954,0.29844895,0.40239912,0.29915193
1823873064,0.41297883,0.28746283,0.2995583
1823914891,0.3725441,0.3451793,0.28227654
1825057336,0.4010738,0.30074707,0.29817915
1825573723,0.3123353,0.3941897,0.29347503
1825687496,0.2905261,0.40083465,0.30863923
1826732985,0.29595536,0.34890106,0.35514355
1827251317,0.27265173,0.4483282,0.27902007
1827285897,0.17139341,0.5553926,0.27321398
1827360732,0.34453732,0.36782598,0.2876367
1827665332,0.32304582,0.38318607,0.2937681
1827845182,0.26195258,0.34605196,0.3919955
1827943181,0.28746903,0.2979989,0.41453207
1828507348,0.33993825,0.3778636,0.28219816
1828581507,0.26049328,0.47209078,0.26741594
1828585893,0.34293628,0.2539341,0.40312964
1828694169,0.30232543,0.39885056,0.29882404
1829054007,0.43973815,0.28678846,0.27347338
1829808842,0.3174554,0.40040565,0.28213897
1829822741,0.4067695,0.30923486,0.28399563
1829840565,0.42603117,0.28426924,0.2896996
1829988438,0.29077587,0.38612273,0.3231014
1830146880,0.37380743,0.34794384,0.27824873
1830477180,0.3891105,0.32910737,0.28178215
1830864824,0.34500128,0.3604946,0.29450417
1831796549,0.33634382,0.381065,0.28259116
1831907244,0.33003205,0.33188927,0.33807868
1832023830,0.22079268,0.48526296,0.29394436
1832492483,0.33180004,0.35280508,0.31539488
1832804844,0.35694197,0.35794085,0.2851172
1832824111,0.29816163,0.34244308,0.3593953
1832846757,0.3466882,0.3317658,0.321546
1833564551,0.34510884,0.3686555,0.28623563
1833829202,0.4494689,0.27413684,0.2763942
1833960999,0.41606325,0.2609085,0.32302827
1834096075,0.3217515,0.27247655,0.4057719
1834796822,0.41270486,0.28966287,0.29763228
1834807649,0.38691264,0.3194684,0.29361892
1835715112,0.35881132,0.36580443,0.27538425
1835741436,0.346392,0.2948627,0.35874534
1836201341,0.33261713,0.37305307,0.2943298
1836363755,0.39069682,0.34530526,0.2639979
1836596070,0.29306024,0.4136584,0.29328138
1837092571,0.21691084,0.2463074,0.5367817
1837141587,0.33558747,0.36794326,0.29646927
1837584553,0.40810585,0.30282807,0.28906605
1837620295,0.582088,0.16872925,0.2491828
1839047520,0.3852702,0.33793613,0.27679366
1839338508,0.21430165,0.50286806,0.28283024
1839422469,0.23556826,0.4482168,0.31621498
1839449269,0.22904718,0.49816388,0.27278894
1839615695,0.4340809,0.2676759,0.2982432
1840493005,0.35108012,0.3426236,0.3062963
1841199008,0.23198174,0.4984538,0.26956445
1841518517,0.2908877,0.41149342,0.29761887
1841723997,0.3931442,0.31497383,0.29188198
1841875995,0.33960897,0.36854395,0.29184705
1842156771,0.25450134,0.4560451,0.28945357
1842984376,0.30168366,0.39230952,0.3060068
1843261156,0.26754752,0.45005935,0.2823931
1843583855,0.39905614,0.27988932,0.32105446
1843691306,0.3132295,0.3141364,0.3726341
1844291078,0.35328257,0.35515058,0.29156682
1845135893,0.25994307,0.43240964,0.3076473
1845335325,0.28181753,0.43645972,0.28172278
1845345903,0.30783904,0.38875386,0.30340713
1845683110,0.3749401,0.32068744,0.30437243
1845725696,0.27805442,0.41625518,0.30569035
1846989780,0.3725559,0.33983868,0.2876054
1847034527,0.34453663,0.311297,0.34416634
1847516760,0.37775916,0.33751753,0.28472334
1848264509,0.3496073,0.3560024,0.29439032
1849427356,0.32125038,0.34927392,0.3294757
1849837736,0.29163134,0.39982882,0.3085398
1849952474,0.39302856,0.3118473,0.2951241
1851024124,0.4177809,0.2846089,0.29761022
1851049254,0.277429,0.29179683,0.43077415
1851496710,0.37123263,0.31979218,0.30897516
1851643301,0.51808155,0.21831542,0.26360306
1852121395,0.3392226,0.35916978,0.3016076
1852162355,0.36078137,0.36138323,0.27783543
1852413391,0.3838337,0.31041127,0.30575505
1853206553,0.3513257,0.32592857,0.32274574
1853346918,0.32027835,0.34109393,0.3386277
1853362225,0.45081407,0.25560495,0.29358107
1853404473,0.451589,0.27120575,0.27720523
1853630375,0.35779327,0.35738903,0.28481776
1854086934,0.40101862,0.2943799,0.30460155
1854220883,0.41461045,0.29439762,0.2909919
1854519594,0.39265454,0.32117137,0.2861741
1855117526,0.4141356,0.26711088,0.31875354
1855494156,0.45939857,0.2667628,0.27383858
1855624316,0.41671467,0.3005551,0.28273022
1855678949,0.4902755,0.22486167,0.28486288
1855896814,0.30601877,0.38784996,0.30613127
1856123730,0.28412342,0.41463384,0.3012427
1856505296,0.37496334,0.30985403,0.31518266
1857059153,0.35066742,0.33838898,0.3109436
1857328541,0.3495098,0.34731668,0.30317348
1857331373,0.35254788,0.3588574,0.2885947
1857590949,0.3252605,0.3737334,0.30100614
1858007505,0.4751039,0.237737,0.28715912
1858426600,0.36423212,0.3335324,0.30223542
1858656320,0.26278108,0.4186961,0.31852284
1858965249,0.34030747,0.35035574,0.30933675
1859328894,0.31335223,0.2961066,0.39054117
1859975804,0.38517633,0.31862503,0.29619867
1860381578,0.43440145,0.29406267,0.27153587
1860415021,0.24275587,0.24275587,0.5144882
1860675301,0.34768048,0.34945133,0.3028682
1860831060,0.34158358,0.31877953,0.33963692
1861032798,0.25994226,0.25994226,0.4801155
1861223819,0.36375773,0.29963017,0.33661205
1862110732,0.29587686,0.37764168,0.32648146
1862173971,0.304762,0.33288544,0.36235255
1862219676,0.38239655,0.3253684,0.29223505
1862730226,0.3617707,0.32195193,0.3162774
1863118818,0.48161513,0.23695767,0.28142715
1864098639,0.36747777,0.35058105,0.28194118
1864169962,0.37738,0.3376389,0.28498107
1864355532,0.49688804,0.23503396,0.26807803
1864590426,0.3178289,0.36288118,0.31928992
1865383897,0.41754395,0.30369124,0.27876478
1865782479,0.3528831,0.36584187,0.28127497
1866319154,0.4225163,0.29600692,0.2814768
1866609926,0.3274896,0.39154142,0.28096896
1866987081,0.3575132,0.34805512,0.29443166
1867262281,0.31291214,0.34071162,0.34637624
1867473365,0.45512778,0.27005053,0.27482164
1867732683,0.3289703,0.33518553,0.33584422
1868011795,0.5355909,0.20716591,0.25724313
1868266979,0.5066851,0.23322818,0.26008675
1868322237,0.33320633,0.35786968,0.30892402
1869847477,0.35216472,0.31945094,0.32838434
1871774147,0.51622075,0.1978623,0.28591698
1872039285,0.39241463,0.3308338,0.27675164
1872391170,0.3230689,0.37934816,0.29758292
1872821386,0.29255503,0.42903048,0.27841455
1873432245,0.25832924,0.45356566,0.28810513
1873716888,0.26628482,0.26277646,0.4709387
1873738179,0.28821456,0.42943183,0.28235364
1874266091,0.3051888,0.3735773,0.32123393
1875715082,0.3980341,0.29765636,0.30430946
1875767721,0.44986168,0.2434851,0.30665323
1876061811,0.23467572,0.4834353,0.28188896
1876260647,0.3548755,0.31268293,0.3324415
1877207884,0.36373463,0.34969884,0.2865665
1877790521,0.2823631,0.39676034,0.32087654
1878814595,0.2752486,0.4499501,0.27480125
1880246459,0.31789637,0.3698613,0.31224227
1880340213,0.34374857,0.33992088,0.31633055
1881200007,0.34016758,0.3639298,0.29590255
1881792593,0.39031565,0.32723838,0.28244597
1882508709,0.32709378,0.29540676,0.3774994
1882999466,0.4533739,0.26083365,0.2857924
1883072453,0.2869112,0.42543837,0.2876504
1883162937,0.3467232,0.35088137,0.30239546
1883873185,0.35095486,0.35798705,0.29105806
1884208805,0.40408128,0.2899488,0.30596992
1884555756,0.40018228,0.29297435,0.3068434
1885142871,0.5669309,0.18412292,0.24894625
1886010380,0.2774644,0.35676414,0.36577147
1886605007,0.37134504,0.35224384,0.2764111
1886833793,0.23621354,0.49107072,0.27271575
1887499173,0.40735108,0.3367219,0.25592697
1887809448,0.34009337,0.3757984,0.28410825
1888166782,0.31712708,0.39572603,0.28714693
1888375478,0.2791346,0.43378693,0.2870785
1888644453,0.3084835,0.39180893,0.29970753
1889326009,0.3084952,0.3786521,0.31285268
1889659827,0.35654196,0.34851697,0.29494107
1889699298,0.27301803,0.42152697,0.305455
1889730829,0.20722055,0.5286271,0.26415238
1890127572,0.21622005,0.50180626,0.28197372
1890535693,0.33471832,0.34241408,0.3228676
1891093934,0.2918069,0.2731855,0.43500757
1891461456,0.29761654,0.42285705,0.2795264
1891702442,0.44934022,0.25821006,0.2924497
1891807875,0.29331207,0.28525758,0.42143035
1892321714,0.26253712,0.43857676,0.29888612
1892449409,0.25917166,0.39211127,0.3487171
1892739887,0.28018087,0.4265657,0.29325342
1893704725,0.36007723,0.3541906,0.28573215
1893906195,0.29596525,0.3212007,0.38283408
1894547992,0.3715294,0.31898484,0.3094858
1894587819,0.2621675,0.301665,0.43616748
1894800271,0.34597778,0.34336585,0.31065637
1894858590,0.2916482,0.31230873,0.39604312
1896050177,0.24478914,0.467296,0.28791487
1896832005,0.3592981,0.37284425,0.2678576
1897082135,0.33511427,0.3605759,0.3043098
1897700982,0.41361412,0.31290472,0.27348113
1898559280,0.37134767,0.32533625,0.30331606
1899073583,0.25791162,0.4688521,0.27323627
1899128543,0.4986349,0.23503402,0.26633102
1899471176,0.29997265,0.38680544,0.31322193
1899757089,0.35315353,0.34026545,0.30658105
1899823463,0.31271976,0.37812674,0.3091535
1899922296,0.22541344,0.513035,0.26155162
1900115977,0.34086162,0.3438189,0.31531948
1900423745,0.26819506,0.45362177,0.27818316
1901023205,0.44221294,0.27689484,0.28089222
1901252551,0.41148096,0.25780004,0.330719
1901377630,0.3894241,0.3219418,0.28863412
1901996237,0.26533645,0.4466632,0.2880003
1902098227,0.30993402,0.3163849,0.37368107
1902104199,0.2923649,0.42818558,0.27944952
1902712371,0.27715218,0.44189292,0.2809549
1903638916,0.2559554,0.4302433,0.3138013
1903781583,0.32278484,0.37343413,0.303781
1904079396,0.2663359,0.2663359,0.46732813
1904467349,0.39179558,0.31713665,0.29106778
1905699048,0.37235075,0.3244546,0.30319458
1905888865,0.3159142,0.3180915,0.36599427
1906324450,0.3556573,0.3459084,0.2984343
1906780683,0.38263407,0.24747527,0.36989066
1906887234,0.30622455,0.2914002,0.40237525
1907564520,0.3065038,0.40449077,0.28900543
1908362872,0.2582298,0.4534771,0.28829306
1908902888,0.45705655,0.26203865,0.28090483
1908935400,0.3222267,0.3746286,0.3031447
1909150615,0.27182668,0.264813,0.46336034
1909190325,0.39874163,0.29381594,0.30744237
1909297628,0.35374087,0.34695736,0.29930174
1909535068,0.35957932,0.32984912,0.31057155
1909882241,0.39283913,0.31168616,0.2954747
1910666481,0.31294972,0.39979646,0.28725386
1911823527,0.47881275,0.24975127,0.271436
1911933902,0.38074002,0.31218228,0.3070777
1912221484,0.34327084,0.35541335,0.30131578
1912275586,0.3863616,0.29787165,0.31576678
1913369636,0.4618376,0.26176733,0.2763951
1913458756,0.37911564,0.33743548,0.2834489
1914504972,0.3734028,0.34192854,0.28466868
1914746569,0.2703527,0.46863043,0.26101685
1915265286,0.26152062,0.26851892,0.4699604
1915329322,0.36146277,0.34747252,0.29106468
1915874676,0.17608097,0.5632826,0.26063636
1916164838,0.37237453,0.34561273,0.28201273
1916529111,0.5361004,0.20561436,0.25828528
1917616706,0.40416503,0.30678082,0.28905416
1917620047,0.2862947,0.41914898,0.29455632
1918079053,0.32940203,0.32076,0.34983796
1918438745,0.31715256,0.35469866,0.3281488
1918511171,0.2541722,0.4309325,0.31489527
1919020478,0.22078644,0.49995112,0.27926242
1919860036,0.36554635,0.33372566,0.300728
1919884998,0.37050927,0.3314565,0.2980342
1920228588,0.4356804,0.28276938,0.28155023
1921012689,0.34131533,0.32817551,0.3305092
1921416746,0.32094735,0.32094735,0.3581053
1921923157,0.3616657,0.34575883,0.29257548
1921987772,0.40579724,0.32360733,0.27059537
1922102849,0.3454482,0.37770045,0.27685142
1922271299,0.32430586,0.35489208,0.3208021
1923454666,0.31596512,0.37716183,0.30687308
1924343155,0.32968205,0.35111406,0.3192039
1924572705,0.34846997,0.36511406,0.28641596
1924619920,0.33470076,0.3631372,0.30216205
1925350258,0.25656438,0.466581,0.27685463
1925463520,0.3535018,0.31363297,0.33286518
1925888214,0.32138503,0.3142772,0.36433774
1925960747,0.37426865,0.32082358,0.3049078
1926438109,0.2619546,0.26852876,0.4695167
1926504166,0.30937362,0.3018668,0.3887596
1926966126,0.29477894,0.42505142,0.28016967
1927358770,0.26585773,0.3108179,0.42332435
1927468545,0.3277002,0.36473346,0.30756637
1927600529,0.3380953,0.37646967,0.28543502
1927672278,0.3319053,0.3556583,0.31243637
1928551624,0.3513158,0.3545348,0.29414934
1928907430,0.28787845,0.37847123,0.33365035
1928963087,0.38001916,0.30811298,0.3118679
1929359410,0.36509877,0.362617,0.27228427
1929832872,0.39428598,0.31706047,0.28865352
1929848629,0.5041205,0.226453,0.26942644
1929901663,0.38789472,0.29102242,0.32108283
1929909317,0.3808452,0.34048986,0.2786649
1930675773,0.254588,0.35509446,0.39031756
1931305930,0.4646639,0.26076645,0.2745697
1931371645,0.3602475,0.30662316,0.33312932
1931642465,0.34693953,0.3572592,0.29580125
1931845641,0.50212914,0.2265587,0.27131218
1933261490,0.42020458,0.28561425,0.29418117
1933305475,0.37338004,0.33986318,0.28675675
1933492350,0.3518533,0.36704224,0.28110448
1933708856,0.38184232,0.31975964,0.29839805
1933865603,0.30428925,0.29254565,0.4031651
1934002630,0.37618318,0.33310995,0.2907069
1934182076,0.5312992,0.2066795,0.26202136
1934266460,0.35360897,0.3537234,0.29266766
1934725709,0.3606947,0.3575909,0.28171435
1935774515,0.28578085,0.27891952,0.4352996
1935871825,0.14677694,0.62068105,0.23254207
1936486922,0.3227577,0.39653426,0.2807081
1937006257,0.37021065,0.34076482,0.2890246
1937094363,0.31512526,0.37084123,0.31403354
1937209721,0.38763097,0.32867175,0.28369725
1937785831,0.33081496,0.3180549,0.35113013
1939324211,0.3733586,0.34503967,0.28160176
1939462930,0.2347523,0.5063801,0.25886756
1939767009,0.45798737,0.26053005,0.28148258
1939850026,0.48929018,0.2336348,0.27707505
1940479063,0.34958988,0.34022126,0.3101889
1940815712,0.24011056,0.49748728,0.26240218
1940976797,0.3790002,0.35479176,0.266208
1941301348,0.29064202,0.38444152,0.32491645
1941942822,0.44182318,0.26951212,0.2886647
1942386136,0.23964718,0.4547264,0.30562642
1943447306,0.3173594,0.38349336,0.2991473
1943852121,0.23982373,0.49890786,0.26126844
1944827397,0.44394243,0.27120805,0.28484952
1945127333,0.3231708,0.3821446,0.29468456
1945216570,0.27635106,0.43404227,0.28960666
1945297482,0.3268476,0.36754996,0.30560243
1945305751,0.29973635,0.41180778,0.28845584
1945707768,0.30595672,0.34084415,0.35319912
1946593026,0.2719044,0.40972716,0.3183685
1946865603,0.2622308,0.45370406,0.28406513
1947404406,0.3792506,0.29311264,0.32763678
1947607959,0.3699739,0.33869484,0.2913313
1947670186,0.30535406,0.38971522,0.3049307
1947689771,0.39174393,0.33493483,0.2733212
1947824752,0.37231112,0.36828053,0.25940835
1948070459,0.46998647,0.2583931,0.2716204
1948255326,0.35229284,0.35342228,0.29428488
1949028697,0.28152227,0.4236341,0.29484355
1949195065,0.2992195,0.36505216,0.33572835
1949310222,0.37152857,0.29923624,0.3292352
1949718491,0.45024174,0.267149,0.28260928
1950588393,0.24369615,0.30338264,0.45292127
1950759538,0.23301089,0.5099144,0.2570747
1950837105,0.29086143,0.33971965,0.36941892
1953292467,0.37852526,0.35178494,0.26968986
1953559498,0.43593633,0.27148682,0.29257685
1953561355,0.41612613,0.24369025,0.34018362
1953633987,0.32794887,0.4038605,0.26819065
1954121554,0.3465432,0.34330192,0.31015486
1954210594,0.31115422,0.3843752,0.30447054
1954462532,0.33729267,0.3558047,0.30690265
1954599413,0.36078808,0.32864082,0.31057113
1954734350,0.2322222,0.3431341,0.4246437
1955413169,0.32443315,0.25779295,0.4177739
1955907406,0.3311314,0.26250672,0.40636188
1956128667,0.38256562,0.3321644,0.28526992
1956419338,0.2840954,0.2651279,0.4507767
1957000742,0.34632432,0.3455912,0.3080846
1957077076,0.46897236,0.23829743,0.29273024
1957162227,0.3371191,0.34674805,0.3161329
1957493761,0.30818048,0.40556237,0.28625715
1959549447,0.376473,0.3332397,0.29028732
1959878363,0.24582148,0.46392435,0.2902542
1960230502,0.21455136,0.3234285,0.46202013
1960260006,0.36024368,0.3351897,0.30456668
1960390821,0.34981662,0.37858695,0.27159643
1960849386,0.40717518,0.29383704,0.29898772
1961450503,0.28693163,0.41972727,0.29334116
1961591045,0.35669413,0.3784094,0.26489645
1961657825,0.34000975,0.33389053,0.32609975
1962727587,0.3898347,0.31354362,0.29662168
1963127892,0.33181828,0.36723801,0.30094367
1963365257,0.39725745,0.3149429,0.2877997
1964215541,0.40661585,0.29126883,0.30211532
1965577387,0.34566042,0.35519737,0.29914218
1965950816,0.5451038,0.19730033,0.25759584
1966055446,0.31413606,0.39902127,0.28684264
1966205635,0.34151497,0.33922154,0.31926346
1966611026,0.31515473,0.38944143,0.29540384
1966831742,0.37108088,0.3260346,0.30288452
1967008886,0.32844037,0.37961063,0.29194903
1967122077,0.45767674,0.26931608,0.2730072
1967385089,0.2982819,0.40381563,0.29790246
1967460318,0.4361906,0.27835375,0.2854556
1967801244,0.30709082,0.40164196,0.29126722
1968425889,0.3373378,0.3596092,0.30305305
1968860668,0.3282119,0.36798587,0.3038022
1969163012,0.40321088,0.2868935,0.30989563
1969196102,0.34464633,0.37597513,0.27937853
1969744622,0.3135264,0.37289685,0.3135768
1970027403,0.3453731,0.3328655,0.32176143
1970457647,0.41015273,0.302806,0.2870413
1970504429,0.39051083,0.3241474,0.2853418
1971025509,0.31338733,0.3806522,0.3059605
1971670453,0.29868984,0.4180084,0.28330177
1972167622,0.39282906,0.30092958,0.30624136
1972223096,0.31140417,0.34760815,0.34098768
1973153879,0.45875025,0.2589433,0.28230643
1973238065,0.37551653,0.3125386,0.31194487
1973551416,0.3986622,0.32829678,0.27304107
1974196122,0.34917307,0.35862845,0.29219854
1974240102,0.26900214,0.38331527,0.34768257
1975083187,0.2146141,0.49325678,0.29212913
1975433988,0.35869217,0.3451439,0.29616398
1975468963,0.37769717,0.3250688,0.29723403
1975639013,0.41137487,0.29075634,0.29786873
1976543150,0.37409884,0.33165473,0.2942464
1977069580,0.3680981,0.3371495,0.29475242
1977400117,0.25534284,0.39983594,0.3448212
1977496836,0.35648984,0.32991514,0.31359503
1978501254,0.29000708,0.4370958,0.27289715
1978569140,0.3377238,0.33132187,0.33095434
1979643324,0.3203789,0.39055294,0.28906813
1979720137,0.4491796,0.24821031,0.30261013
1980052267,0.2429685,0.48706293,0.26996863
1980433876,0.35610375,0.33065432,0.31324196
1980468450,0.32928276,0.38366228,0.28705496
1980982031,0.3984548,0.3282376,0.27330762
1981522422,0.28784114,0.285195,0.42696387
1981553122,0.33259308,0.34462434,0.32278258
1981636538,0.44808638,0.25063476,0.30127883
1982561311,0.37837148,0.34797877,0.27364978
1982818485,0.41394836,0.29875788,0.2872938
1982951658,0.43740866,0.28422096,0.27837044
1983045885,0.29253337,0.39154088,0.31592578
1983367696,0.34468934,0.3562926,0.29901806
1983384701,0.28359634,0.30411133,0.4122923
1983628927,0.3532142,0.3583817,0.28840417
1984234280,0.557333,0.18365055,0.25901648
1984627040,0.3233924,0.33297437,0.34363323
1984828935,0.43179923,0.28651226,0.28168857
1984939791,0.3757112,0.32086846,0.3034203
1985390889,0.37928808,0.31482118,0.30589074
1985800342,0.31469893,0.3677541,0.31754696
1986619761,0.34001914,0.3745256,0.28545523
1986918436,0.3194932,0.3776339,0.3028729
1986986318,0.35386717,0.28600398,0.36012888
1987650741,0.21440798,0.51729727,0.26829475
1987973500,0.30848074,0.3045509,0.3869683
1988222234,0.24909371,0.47922826,0.27167803
1988441187,0.24752235,0.43880028,0.31367737
1989040254,0.2517158,0.48041004,0.26787412
1989183758,0.2893957,0.37434447,0.33625984
1989325522,0.24394734,0.47813308,0.27791953
1989326123,0.3923931,0.33302957,0.27457732
1989333144,0.39783564,0.3144319,0.28773242
1989983690,0.54369265,0.18955931,0.26674807
1991641887,0.25334227,0.46275806,0.28389966
1991707666,0.36182547,0.325167,0.31300753
1991776671,0.3147079,0.36475274,0.32053936
1991868649,0.2819732,0.42271465,0.2953121
1992103532,0.28161323,0.39091438,0.32747233
1992881385,0.26808447,0.431391,0.30052456
1992893755,0.26521146,0.2799536,0.45483497
1993240930,0.4029953,0.3263358,0.27066892
1993364677,0.36516827,0.36261892,0.27221286
1993985814,0.45064357,0.26397467,0.2853818
1994290511,0.3306301,0.3771171,0.29225284
1994311035,0.36954385,0.35344765,0.27700853
1995076849,0.3048228,0.38923097,0.30594623
1995374640,0.32939202,0.3625581,0.30804992
1996016764,0.3516077,0.35845268,0.28993958
1996511383,0.36114275,0.31320667,0.32565057
1996844545,0.45736948,0.26586518,0.27676538
1997016599,0.2973355,0.34401476,0.35864973
1997069435,0.37354594,0.326119,0.30033505
1998234756,0.35696375,0.35536712,0.2876691
1998986023,0.3405415,0.3464297,0.31302872
1999878908,0.2881686,0.38043872,0.33139274
2000675971,0.37340468,0.3306414,0.295954
2000906946,0.35599193,0.35065448,0.29335362
2001031114,0.2966169,0.4238431,0.27954006
2001395405,0.3540941,0.26948085,0.37642503
2001582756,0.24168281,0.23738673,0.52093047
2001625501,0.33759615,0.3446893,0.31771457
2001789554,0.35315263,0.33835563,0.3084917
2002330049,0.41459185,0.30100697,0.28440118
2002349787,0.3618824,0.27974907,0.35836858
2002798719,0.29916948,0.40689838,0.2939321
2003229420,0.46209064,0.24391402,0.29399538
2003234083,0.24313381,0.41291597,0.34395024
2003438451,0.24236238,0.50305563,0.25458202
2003618030,0.3522751,0.28266737,0.36505753
2004107214,0.3550616,0.32824326,0.31669515
2004598889,0.26141486,0.47186553,0.26671964
2004824754,0.33753505,0.37211552,0.29034942
2006149797,0.43385756,0.23683703,0.32930544
2006264958,0.3938807,0.304119,0.3020003
2006600665,0.36026204,0.33651066,0.30322725
2007385774,0.29034358,0.29928845,0.41036797
2007745930,0.36726654,0.34310657,0.2896269
2008905081,0.29885566,0.41988486,0.28125948
2009005763,0.3336143,0.38240236,0.2839834
2009006679,0.32404032,0.38699567,0.28896403
2009443908,0.28158432,0.43609458,0.2823211
2009615307,0.25521907,0.45263487,0.2921461
2009766910,0.32277033,0.36806786,0.30916184
2010038162,0.3297394,0.3795238,0.29073682
2010082041,0.48053348,0.24773316,0.27173334
2010395394,0.33727485,0.35729522,0.30542988
2010420309,0.48890716,0.24962512,0.2614677
2010536086,0.3697837,0.32781452,0.30240178
2011267686,0.3862099,0.3225199,0.29127026
2011509086,0.49482837,0.24351999,0.26165164
2011791573,0.30200848,0.3986585,0.2993331
2012568120,0.2646994,0.32232636,0.41297424
2012741083,0.34083325,0.34829283,0.31087393
2012901422,0.351335,0.35626122,0.29240382
2013334601,0.4118793,0.29005843,0.29806226
2013653507,0.34493157,0.32989615,0.32517228
2013679260,0.33147043,0.3471957,0.32133386
2013958883,0.26170808,0.4230631,0.31522882
2014957584,0.25286955,0.25370523,0.49342525
2015093375,0.26596886,0.4064756,0.32755548
2015355824,0.38396445,0.29413643,0.32189912
2015357481,0.26702836,0.39403123,0.33894044
2015508638,0.3442174,0.34581363,0.309969
2016142964,0.3687933,0.31908596,0.3121208
2016180794,0.32418567,0.37934533,0.29646897
2016616419,0.4534209,0.2862286,0.26035053
2016879128,0.3381815,0.38767815,0.27414036
2017743748,0.3227474,0.25914866,0.418104
2017790601,0.31475067,0.3943174,0.2909319
2019463228,0.2710364,0.43836695,0.29059666
2020010623,0.374511,0.34370714,0.2817818
2020426195,0.33500504,0.35670534,0.3082896
2020614042,0.26941216,0.3892395,0.34134835
2020655674,0.31961176,0.32823557,0.35215265
2020860095,0.28298536,0.33821103,0.3788036
2021120992,0.28181934,0.40596408,0.31221658
2021291768,0.32508808,0.38368744,0.29122442
2021673257,0.31589186,0.27429193,0.4098162
2021953804,0.24968116,0.48317266,0.26714617
2022368912,0.32414395,0.36463103,0.31122506
2022911993,0.40575135,0.284182,0.31006667
2023111211,0.27385542,0.45273614,0.27340853
2023159103,0.2981351,0.31367278,0.3881921
2023677478,0.348876,0.35302198,0.29810208
2024308268,0.32867098,0.36410332,0.30722576
2024320022,0.39667177,0.2454853,0.35784298
2024507596,0.37626976,0.29389903,0.32983124
2025808592,0.35934916,0.30795208,0.33269882
2025871361,0.31945327,0.38080758,0.29973915
2026262418,0.26120046,0.45875138,0.28004816
2026561247,0.27257326,0.44621536,0.28121138
2026795544,0.31995288,0.36386546,0.31618166
2026935252,0.3251227,0.38489145,0.28998584
2027203300,0.3604325,0.33548945,0.3040781
2027346970,0.28038597,0.34176922,0.3778448
2028053374,0.27566215,0.31425488,0.41008288
2028215884,0.34211892,0.3461449,0.31173623
2028871902,0.20900299,0.342825,0.44817203
2029152141,0.3961037,0.30711773,0.29677856
2030179258,0.35356063,0.29639804,0.35004133
2031293798,0.299195,0.30258518,0.39821982
2031447538,0.37773383,0.30042157,0.32184458
2031568051,0.35388643,0.3655267,0.28058684
2031931391,0.23927517,0.38681397,0.37391084
2032176673,0.26913053,0.3945304,0.33633912
2032593737,0.39463574,0.29395527,0.311409
2032978315,0.37610012,0.31152332,0.31237653
2033280305,0.19072008,0.5405463,0.2687336
2033487953,0.3687543,0.3396163,0.2916294
2033562043,0.34045988,0.36987805,0.28966206
2033852652,0.34144568,0.35064465,0.30790967
2034007454,0.35948092,0.33706954,0.30344957
2034284843,0.35435724,0.3347532,0.31088954
2034625513,0.34156364,0.3550903,0.30334604
2034728186,0.24614008,0.474459,0.279401
2035397330,0.48363823,0.24179173,0.27457005
2036193113,0.31615755,0.3397857,0.34405676
2036277459,0.4370201,0.27714503,0.28583485
2036443660,0.33119693,0.344972,0.32383102
2036585943,0.30273017,0.3885638,0.30870602
2036806849,0.30339605,0.41357917,0.2830248
2036914119,0.32052615,0.39430338,0.2851705
2036956013,0.30627722,0.41113648,0.28258628
2037110108,0.33873612,0.3593799,0.30188394
2038038270,0.32674325,0.36442178,0.308835
2038518686,0.28367054,0.3809573,0.33537215
2038638847,0.4151584,0.30162382,0.2832178
2040426478,0.27179983,0.41807124,0.31012893
2040440700,0.32992744,0.38413984,0.28593272
2041084212,0.30708712,0.38811487,0.304798
2041572258,0.24596888,0.4255876,0.3284435
2042363832,0.34895137,0.3718332,0.27921546
2043614323,0.44873095,0.26956418,0.28170484
2044127167,0.25057688,0.4379865,0.3114366
2044783052,0.2670606,0.44648382,0.2864556
2044880521,0.41524512,0.29557204,0.2891828
2044888694,0.38663498,0.2981306,0.31523442
2044934250,0.341834,0.27145648,0.38670948
2044995128,0.33875757,0.36729747,0.29394498
2045374258,0.21110767,0.52704304,0.2618493
2045838531,0.44694632,0.24802136,0.30503228
2045900242,0.3177278,0.34805924,0.33421296
2046072545,0.2637458,0.39644468,0.33980948
2046389166,0.33549994,0.35320428,0.3112958
2046843534,0.34233153,0.35290182,0.3047666
2046930754,0.4459874,0.25994083,0.29407173
2047102532,0.23800561,0.46742386,0.29457054
2047379906,0.3601935,0.37618828,0.26361823
2047428779,0.344011,0.35446495,0.30152404
2047579569,0.38679552,0.32660747,0.28659707
2047988109,0.32604986,0.37023157,0.30371854
2048184040,0.27138722,0.45320302,0.27540982
2048500498,0.39925534,0.3025759,0.29816878
2049112430,0.348685,0.33647066,0.3148443
2049384464,0.4231242,0.28112143,0.29575437
2049484830,0.2531768,0.23624244,0.5105807
2049645541,0.32029122,0.39988753,0.27982125
2050136071,0.24402644,0.42522272,0.3307508
2050265878,0.37340927,0.33455402,0.2920367
2050377917,0.4681062,0.24790016,0.2839936
2051238205,0.33516124,0.36758998,0.29724878
2051777202,0.44572967,0.2619128,0.29235756
2052020036,0.2701622,0.39497024,0.3348676
2052050594,0.26992303,0.43822688,0.29185003
2052218032,0.40688366,0.30134407,0.2917723
2052824400,0.34907606,0.3474328,0.30349112
2052994074,0.37184525,0.30287826,0.3252765
2053889727,0.37087977,0.33309898,0.29602122
2054130724,0.37395495,0.29099366,0.33505142
2054182870,0.29865897,0.33278692,0.36855412
2054234432,0.36273298,0.27359527,0.36367178
2054389663,0.2983456,0.399007,0.3026474
2054947892,0.3445295,0.36946815,0.28600234
2055031233,0.40368688,0.26727158,0.32904154
2055100785,0.23328039,0.46516222,0.30155742
2055520293,0.34995246,0.3458576,0.30418998
2056432444,0.31362617,0.37519053,0.3111833
2056857853,0.3418179,0.3698939,0.28828824
2057094525,0.28471535,0.37165248,0.34363216
2057097866,0.33558482,0.37337357,0.29104164
2057208360,0.34252086,0.38569033,0.2717888
2057222617,0.27720028,0.43245634,0.29034334
2057365513,0.33859414,0.34376323,0.31764263
2057434995,0.31041914,0.31984115,0.36973965
2058358489,0.3254342,0.35438555,0.3201802
2058733250,0.3354903,0.38480085,0.2797089
2058740544,0.34041563,0.36342373,0.29616064
2058885236,0.44765037,0.25181735,0.30053225
2059685460,0.33204925,0.33668345,0.3312673
2060443395,0.43684202,0.27766037,0.28549764
2060909779,0.35037768,0.34608656,0.30353573
2061724674,0.5393698,0.2102955,0.2503347
2061780499,0.3972133,0.3161923,0.28659445
2061845207,0.43551296,0.27320924,0.29127783
2062610750,0.56642616,0.18493569,0.24863818
2063000478,0.30919158,0.39888334,0.29192513
2063092557,0.3079964,0.3941093,0.2978943
2064389224,0.29776594,0.40743,0.2948041
2064560023,0.35039642,0.35511833,0.2944852
2064792774,0.3422141,0.37393695,0.283849
2065022932,0.37662935,0.31034338,0.31302726
2065800836,0.20662135,0.52562886,0.2677498
2067680611,0.28982002,0.41090316,0.2992768
2067859800,0.3661682,0.35548538,0.27834642
2068043137,0.46181405,0.25224075,0.2859452
2068779106,0.31930113,0.38146365,0.29923522
2068818744,0.46248344,0.2614161,0.27610046
2069473632,0.40166843,0.30044234,0.2978893
2069608827,0.44441336,0.2692939,0.28629267
2069849101,0.28771394,0.41689676,0.2953893
2070046352,0.24637347,0.48633865,0.26728785
2070252376,0.35200924,0.3330356,0.3149552
2070417057,0.32809228,0.33718234,0.33472544
2070844052,0.42386183,0.29238933,0.28374887
2072165557,0.21561027,0.51275474,0.271635
2073446197,0.2692209,0.41329676,0.31748238
2073732903,0.39449567,0.31365263,0.29185176
2073971002,0.34093434,0.3814119,0.27765375
2073995764,0.4231947,0.28594238,0.29086292
2074907566,0.2996593,0.28316623,0.4171744
2075123756,0.35519356,0.2825604,0.36224604
2075288928,0.34737346,0.32270592,0.32992065
2075522086,0.3775105,0.34217858,0.280311
2075790142,0.3725853,0.32430097,0.30311376
2076275906,0.28017798,0.39170548,0.3281165
2076430770,0.30999094,0.3170922,0.37291685
2076737017,0.3799294,0.30689156,0.31317905
2077274914,0.26354444,0.35630196,0.3801536
2077588865,0.3482155,0.37847543,0.2733091
2077801436,0.31856102,0.34184378,0.33959517
2078732029,0.32604367,0.3928067,0.28114957
2078811322,0.373003,0.32216254,0.30483443
2078867342,0.39192224,0.2671572,0.34092057
2078873336,0.38525504,0.30271506,0.31202993
2078986687,0.47956127,0.2408121,0.27962667
2079272098,0.32827815,0.37203103,0.2996908
2079884536,0.3150229,0.39261687,0.29236028
2080517570,0.2383525,0.47927547,0.28237206
2080520502,0.39971635,0.29534364,0.30494004
2081021688,0.27301657,0.4306073,0.2963761
2081074809,0.29898512,0.40627643,0.2947384
2081662142,0.31260294,0.3173697,0.3700274
2082627633,0.22330932,0.5083927,0.268298
2082819753,0.4120502,0.2647683,0.3231815
2083495095,0.3802262,0.34197164,0.2778022
2083592807,0.31853056,0.37078682,0.3106826
2084682204,0.40053347,0.31259578,0.28687078
2084708866,0.33110514,0.36891615,0.29997873
2085446324,0.26916015,0.34446204,0.38637775
2086527610,0.3644663,0.31752282,0.31801084
2086618353,0.24302214,0.2588575,0.49812034
2086680459,0.29293752,0.36571318,0.3413493
2087306648,0.3743183,0.32105517,0.30462652
2087957533,0.36804706,0.3277753,0.3041776
2088182009,0.21406941,0.52648115,0.25944942
2088648267,0.38558877,0.33885366,0.27555752
2089855027,0.35539955,0.33815625,0.30644423
2090210501,0.38902354,0.31894997,0.29202652
2090312577,0.3015644,0.4062727,0.29216293
2090602867,0.25573698,0.3366229,0.40764016
2091178653,0.38003314,0.33123353,0.28873333
2091581141,0.23884581,0.46968937,0.29146484
2091682069,0.3265776,0.3849611,0.28846127
2092193048,0.25980508,0.37585184,0.36434305
2092344019,0.2790521,0.42264915,0.29829878
2092628403,0.51881796,0.21490964,0.26627237
2092967842,0.26735675,0.4466304,0.2860129
2093253743,0.27258646,0.4475795,0.27983403
2093317457,0.3690638,0.33058944,0.30034682
2093470875,0.4000995,0.30376315,0.2961374
2093695830,0.33497,0.34573495,0.31929505
2094058551,0.4734984,0.25208518,0.2744164
2094588499,0.30422664,0.40566453,0.2901088
2094589713,0.3128919,0.36853018,0.3185779
2094796323,0.41207594,0.29213956,0.29578453
2094837437,0.33855218,0.3736165,0.28783137
2094888241,0.2605323,0.29545665,0.44401106
2095033554,0.35418168,0.3059032,0.3399151
2095258757,0.49494863,0.23773749,0.26731387
2095526493,0.42781234,0.27655664,0.29563102
2095751400,0.34706864,0.33964747,0.31328386
2095932584,0.3640105,0.34362322,0.29236627
2096579881,0.3589195,0.32285485,0.31822562
2096853916,0.28806034,0.26814422,0.44379544
2097155731,0.34399718,0.3526457,0.30335712
2097307529,0.2117582,0.5270473,0.26119453
2097584469,0.25923187,0.41261256,0.32815558
2097611791,0.34057078,0.37212652,0.28730273
2098492616,0.36783653,0.35260323,0.27956027
2098587659,0.18214786,0.54596937,0.27188277
2099273467,0.3523231,0.36193436,0.28574258
2099871418,0.29820704,0.28786236,0.41393065
2099874638,0.31183568,0.34614933,0.34201497
2100446973,0.3997338,0.30787098,0.2923952
2100462042,0.33925772,0.33161008,0.32913214
2100787710,0.36013848,0.31945384,0.32040775
2101154796,0.4257596,0.26666233,0.30757803
2101751297,0.4349134,0.29214007,0.2729465
2101839739,0.34609163,0.3695268,0.28438157
2102222790,0.34002262,0.3246733,0.3353041
2102316019,0.268328,0.4342218,0.29745018
2102898283,0.41396886,0.29074058,0.2952906
2102982207,0.3478169,0.35467237,0.2975107
2103324373,0.24480534,0.25563118,0.49956352
2104116336,0.33593976,0.32654947,0.33751076
2104161126,0.35767502,0.3531779,0.28914705
2104732620,0.16791761,0.58710253,0.24497987
2104972927,0.2800047,0.3406959,0.37929946
2104974142,0.3125131,0.40822384,0.27926302
2104983081,0.29987997,0.40023583,0.29988423
2105521679,0.37464714,0.34705913,0.27829373
2105984817,0.31963488,0.39842182,0.28194332
2106310582,0.32383013,0.36621487,0.309955
2106920056,0.4049596,0.3060517,0.2889887
2107601446,0.48356146,0.25325602,0.2631825
2107741644,0.24318954,0.47468808,0.28212237
2108005840,0.26726195,0.3289676,0.40377045
2108165987,0.27030456,0.4340456,0.2956499
2108216061,0.4335739,0.27339214,0.29303396
2108273608,0.3426568,0.36171764,0.29562557
2109107899,0.31024748,0.33387065,0.35588187
2109434388,0.30792302,0.39411747,0.29795948
2109684784,0.392783,0.28301376,0.3242033
2110328874,0.24821222,0.47929388,0.27249396
2110413895,0.5256639,0.21940008,0.254936
2110464869,0.25400645,0.47820717,0.26778644
2111224349,0.30189,0.2959795,0.40213054
2111400508,0.5538431,0.19731769,0.24883924
2111846834,0.28268617,0.42653638,0.29077747
2112089240,0.34639597,0.3593911,0.29421294
2112616497,0.26144466,0.44281477,0.29574054
2112979135,0.36362126,0.33388117,0.30249757
2113467123,0.36801243,0.32747906,0.30450845
2113779647,0.37305164,0.3253033,0.30164507
2113923549,0.31155884,0.3986035,0.28983766
2113949784,0.3745175,0.31464612,0.31083637
2114853919,0.38938466,0.31842774,0.29218763
2114934258,0.27544343,0.4047612,0.31979537
2115035759,0.41197187,0.30654484,0.28148326
2115139264,0.40701413,0.256504,0.33648187
2116142512,0.43078363,0.2863968,0.2828195
2116248840,0.23750886,0.48058504,0.28190607
2116651931,0.33720332,0.3147456,0.34805107
2116814139,0.36203396,0.3457539,0.29221213
2117066093,0.2475799,0.28150335,0.47091675
2117763695,0.28957555,0.38548487,0.3249396
2117856847,0.4011991,0.2905565,0.30824444
2117987427,0.30687204,0.36450818,0.32861978
2120023937,0.3758742,0.32552904,0.2985968
2120161598,0.41477782,0.28885972,0.29636246
2120476261,0.3296342,0.37571788,0.29464793
2120498893,0.30240864,0.42051357,0.2770778
2120623173,0.39222884,0.30071276,0.30705842
2120861410,0.37474996,0.3403267,0.28492337
2121152127,0.32098538,0.3478416,0.331173
2121290752,0.36638236,0.23566452,0.3979531
2121387230,0.3396203,0.3698736,0.29050612
2121394367,0.3274451,0.36541373,0.30714118
2121429147,0.3616926,0.35057944,0.28772795
2121863348,0.4234696,0.2540427,0.32248768
2122057499,0.2901063,0.40701956,0.30287415
2122284002,0.20800251,0.53640884,0.25558868
2122385024,0.34101486,0.36545804,0.29352713
2122598664,0.35653955,0.32784197,0.3156185
2122719862,0.35290706,0.3244486,0.32264438
2123359792,0.33441535,0.3736168,0.29196784
2123513898,0.2721693,0.2935905,0.43424022
2123557632,0.22187074,0.5223165,0.25581276
2123622109,0.3636934,0.3368456,0.29946095
2123747483,0.30641684,0.30248934,0.39109385
2124321851,0.5749732,0.17795935,0.24706744
2124354613,0.34865656,0.35077363,0.3005698
2124680829,0.38737828,0.33402312,0.27859864
2124871972,0.35502416,0.3645094,0.2804665
2125669148,0.34435114,0.32794973,0.32769912
2126625982,0.31593925,0.35813823,0.3259225
2126795629,0.43046254,0.28565663,0.28388083
2127112198,0.2410709,0.25734118,0.501588
2127385542,0.33226514,0.35692137,0.3108135
2127994961,0.4877014,0.21866414,0.29363447
2128561286,0.33572948,0.366747,0.29752356
2129033940,0.36585268,0.33460695,0.2995404
2129540840,0.3471994,0.34326625,0.3095343
2129919954,0.37706935,0.332747,0.2901836
2130366503,0.37786475,0.32112932,0.3010059
2130495925,0.5662521,0.18191639,0.25183147
2130544337,0.33109683,0.36880153,0.30010167
2130753431,0.41863006,0.28183836,0.29953155
2130880509,0.31830898,0.32592237,0.35576865
2132502282,0.37284446,0.3518703,0.27528524
2132931739,0.3107286,0.35291457,0.3363568
2133339598,0.3327655,0.36994803,0.29728654
2134384877,0.3336445,0.3587972,0.30755827
2134424933,0.309515,0.3983443,0.29214072
2134961827,0.26126677,0.44713938,0.2915939
2134971002,0.46279764,0.24469396,0.29250833
2135357266,0.22505236,0.4738118,0.3011359
2135599804,0.4007799,0.3234946,0.27572554
2135881043,0.22628541,0.5069635,0.26675105
2136065231,0.35339695,0.34926862,0.29733443
2136661291,0.31657973,0.2717781,0.4116422
2136931687,0.29627287,0.34274185,0.36098525
2137050823,0.32615358,0.3705404,0.30330598
2137141665,0.324529,0.39603138,0.27943957
2137202001,0.16184732,0.6009221,0.23723061
2138116871,0.5149324,0.21660462,0.26846302
2138751611,0.35053793,0.35073084,0.2987312
2139230311,0.37423074,0.22837417,0.39739507
2141798217,0.33049095,0.38349044,0.2860186
2142171033,0.30482557,0.405429,0.28974536
2143747095,0.31965786,0.34694314,0.333399
2146147893,0.33745918,0.3948313,0.26770955
2146424298,0.35751686,0.36172453,0.28075862
2146444710,0.3195839,0.39001396,0.2904021
2146509257,0.30021632,0.39191186,0.3078719
2147000643,0.36635968,0.3452471,0.28839326
2147003276,0.38409853,0.28446156,0.3314399
2147119279,0.3220009,0.404032,0.2739671
2147245864,0.33558506,0.340073,0.32434198
2147374695,0.35808122,0.3430495,0.29886934
2147587070,0.3510337,0.3445887,0.30437768
2148187042,0.44444954,0.25003618,0.30551428
2148211672,0.32083094,0.3470292,0.33213982
2148351368,0.3651159,0.31120825,0.32367587
2148542644,0.2639511,0.25905612,0.4769928
2148564974,0.34780842,0.34310552,0.30908608
2148573269,0.20806739,0.44027716,0.35165548
2148736883,0.3661927,0.33728927,0.29651794
2148751174,0.44499946,0.26999483,0.28500572
2149066326,0.25486583,0.4765063,0.26862788
2149766159,0.49286777,0.23378986,0.2733424
2150960812,0.35629523,0.35552704,0.28817773
2151549168,0.38754612,0.32820845,0.28424543
2152083412,0.33112535,0.28205085,0.38682383
2153284044,0.3357247,0.33086312,0.33341217
2153377515,0.34574622,0.3552207,0.29903305
2153434858,0.30389655,0.375399,0.3207045
2153726005,0.35392055,0.3533244,0.29275507
2154206532,0.43705395,0.2465083,0.31643778
2154265137,0.34357464,0.39033568,0.26608974
2155493782,0.27297187,0.42678016,0.300248
2155752666,0.40035403,0.30723178,0.29241413
2155878726,0.36041737,0.33284807,0.3067346
2155899997,0.380039,0.34313333,0.27682763
2155961175,0.27246132,0.40535808,0.32218063
2156451291,0.3723405,0.32537037,0.30228913
2156681417,0.36223638,0.32058764,0.31717592
2156687860,0.30620345,0.33974105,0.3540555
2157221841,0.30014664,0.42427334,0.27558
2157450175,0.289635,0.28476614,0.42559886
2157635699,0.41214067,0.26489043,0.32296896
2157767944,0.2973415,0.4200616,0.2825969
2158426505,0.38547212,0.31838757,0.2961403
2158495825,0.34175962,0.32913417,0.3291062
2158693353,0.41810298,0.290996,0.29090106
2159408200,0.29597682,0.38104123,0.32298195
2159434272,0.39689094,0.32161823,0.28149086
2160631588,0.32386428,0.32850084,0.34763485
2160766017,0.41044396,0.30921274,0.2803433
2160960469,0.36334646,0.34346426,0.2931893
2161381046,0.47807595,0.24687809,0.275046
2161407935,0.40091494,0.30900374,0.29008132
2161623416,0.35883063,0.3452613,0.2959081
2161693751,0.34316397,0.34874007,0.308096
2161695712,0.26943898,0.4289046,0.30165642
2162154196,0.3215624,0.38122523,0.29721236
2162379049,0.36212283,0.33201802,0.30585915
2162774322,0.38041383,0.27494738,0.34463874
2163041061,0.5760132,0.18772484,0.23626196
2163153718,0.23668799,0.4737575,0.28955454
2163323544,0.3414993,0.36178344,0.29671723
2163535296,0.5013339,0.21938999,0.27927613
2163806104,0.29235834,0.35633063,0.35131103
2164068360,0.40023106,0.31549767,0.28427124
2164161501,0.31966883,0.38054246,0.29978877
2164380389,0.4000302,0.2972061,0.3027637
2164610527,0.3183572,0.38772625,0.29391652
2164717971,0.2659696,0.45040447,0.28362593
2164785122,0.45436102,0.23782992,0.30780905
2165491159,0.34728968,0.31781876,0.33489156
2166547924,0.33126476,0.3520218,0.31671342
2166643978,0.3265415,0.3834086,0.2900499
2167113703,0.27543706,0.31174195,0.41282102
2167186281,0.21424797,0.3098295,0.47592252
2168402547,0.38982284,0.32394096,0.28623623
2168635886,0.24871534,0.4058748,0.34540987
2168860861,0.30971432,0.38238752,0.30789816
2168990125,0.34088737,0.34724784,0.31186476
2168990417,0.3664414,0.30764204,0.32591656
2169186049,0.34942442,0.34135443,0.30922112
2169507256,0.37077665,0.30538356,0.32383972
2169827235,0.28251022,0.4363857,0.2811041
2170079397,0.42430755,0.27647293,0.2992195
2170245455,0.4398569,0.26877254,0.2913705
2172902073,0.34817284,0.38659588,0.26523125
2172965443,0.33456203,0.32873526,0.3367027
2173044583,0.28080854,0.31400433,0.40518713
2173573785,0.39778993,0.30401242,0.2981977
2174334713,0.30762064,0.40416116,0.28821823
2175375181,0.43731874,0.27878964,0.28389162
2175375762,0.21283078,0.4856534,0.30151582
2175379345,0.3628052,0.33602133,0.30117348
2175708246,0.34915835,0.30891198,0.34192973
2176380779,0.28303504,0.4310152,0.28594983
2177317908,0.26330814,0.39737296,0.33931893
2177762036,0.53121364,0.22083579,0.2479506
2177809918,0.29511398,0.430701,0.27418503
2178431864,0.29631647,0.35498947,0.3486941
2178485799,0.34079704,0.37905833,0.28014463
2178565224,0.41638947,0.27466002,0.3089505
2179924052,0.23172462,0.49765566,0.27061975
2182051823,0.46477035,0.26356572,0.27166393
2182078263,0.26310733,0.45545578,0.2814369
2182110236,0.29247278,0.26815328,0.43937388
2182429336,0.37690967,0.31493294,0.30815738
2183263550,0.3401227,0.29522133,0.36465597
2185127442,0.35877836,0.34574473,0.29547694
2185542123,0.28310603,0.37850177,0.33839223
2185584067,0.34780872,0.35994133,0.29224992
2186053015,0.39146614,0.3271559,0.28137797
2186149237,0.35402763,0.3541685,0.29180384
2188341121,0.52392834,0.2157084,0.26036328
2188450245,0.2839163,0.42574835,0.29033536
2189914806,0.32550347,0.34632158,0.32817495
2190064907,0.3193422,0.39401698,0.28664085
2190111601,0.26297623,0.4230256,0.3139981
2191399937,0.328345,0.37075055,0.30090445
2191429188,0.35690868,0.3163575,0.3267338
2191491585,0.27191222,0.45251155,0.27557623
2191894314,0.2808628,0.2859456,0.4331916
2191957212,0.3146313,0.40516233,0.28020635
2192049636,0.30219725,0.38165873,0.316144
2192401569,0.32032228,0.4076592,0.2720185
2192631617,0.3805735,0.354001,0.2654255
2192854784,0.23241237,0.49012837,0.27745926
2193134213,0.4241076,0.26645148,0.30944097
2193186555,0.31562755,0.40406752,0.2803049
2194273168,0.38492495,0.3184046,0.29667047
2194989287,0.28252685,0.41932076,0.2981524
2195309341,0.330679,0.35363072,0.31569025
2195549176,0.33784384,0.36046988,0.3016863
2195908317,0.44939697,0.27717417,0.2734289
2196533346,0.3417976,0.36228544,0.29591697
2196534261,0.2999874,0.39034122,0.30967134
2197350417,0.30515033,0.35109228,0.34375745
2197806429,0.3375995,0.38476753,0.277633
2198041181,0.29712284,0.37514117,0.327736
2198060696,0.4024313,0.30455846,0.29301023
2198300335,0.2543899,0.4792106,0.26639947
2199418965,0.33113033,0.38173825,0.2871315
2199753353,0.32682586,0.39286053,0.2803136
2200109639,0.35814726,0.3564806,0.28537214
2200129080,0.39278013,0.279424,0.32779583
2200367117,0.3031614,0.392,0.3048386
2200760287,0.38320422,0.3275184,0.28927737
2200762727,0.2648813,0.39926416,0.33585456
2201194221,0.3542575,0.33304384,0.31269866
2201250092,0.42544222,0.28206638,0.29249144
2201316187,0.36683533,0.32070732,0.31245732
2201893143,0.24190487,0.4467291,0.31136602
2201956014,0.36565048,0.34595615,0.28839338
2202060353,0.37635383,0.31144533,0.3122008
2202204229,0.28880364,0.41174388,0.29945248
2202718964,0.36809984,0.31910217,0.31279802
2203090053,0.22435609,0.4883257,0.28731823
2203583853,0.305712,0.3211907,0.37309724
2203608675,0.2762813,0.44963455,0.27408415
2203646211,0.4010777,0.24613836,0.35278392
2204018165,0.47710472,0.24160719,0.28128803
2204101284,0.3570334,0.3511504,0.2918162
2204420123,0.23737824,0.48002976,0.28259197
2204538178,0.31598336,0.30979764,0.374219
2204581489,0.3155645,0.39874944,0.28568602
2204675804,0.38106927,0.33659655,0.2823342
2205344811,0.34857345,0.32945275,0.3219738
2205594062,0.32795566,0.3653273,0.30671704
2205960906,0.37187135,0.35670993,0.27141875
2206016293,0.35373685,0.34685796,0.29940516
2206060258,0.3165596,0.3996782,0.28376222
2206179541,0.31690016,0.37539396,0.3077059
2206848073,0.32830265,0.37159294,0.30010438
2207290725,0.4196719,0.24975644,0.33057165
2207937288,0.39736605,0.30843216,0.2942018
2208707505,0.2905099,0.42980903,0.27968103
2208914287,0.36535603,0.3210124,0.3136316
2209719060,0.48987627,0.2225875,0.28753623
2210574810,0.35390246,0.36424863,0.28184888
2210608891,0.31125718,0.3258515,0.36289132
2211652723,0.25337994,0.47404665,0.27257347
2211796773,0.2831185,0.3993457,0.31753582
2212009414,0.24853466,0.46324316,0.28822216
2212097877,0.32577297,0.38395518,0.29027182
2212461482,0.27585608,0.35136923,0.37277466
2212658035,0.2553506,0.45952997,0.28511947
2212661087,0.29495174,0.37324673,0.33180153
2212872210,0.39001137,0.31760246,0.29238614
2212973568,0.264203,0.4619431,0.2738539
2213074554,0.48538154,0.23383906,0.28077942
2213880157,0.3505145,0.3564601,0.29302537
2214006330,0.3443243,0.29256183,0.36311394
2214604939,0.29799402,0.3424672,0.3595388
2215107396,0.24512398,0.45672458,0.29815143
2215238716,0.2331104,0.48746592,0.2794237
2215623769,0.35819787,0.34511805,0.2966841
2215995886,0.34435803,0.31798726,0.3376547
2216199211,0.28374076,0.32619506,0.39006424
2216317974,0.33925533,0.34726298,0.3134817
2216971698,0.3005467,0.3265934,0.3728599
2217545993,0.42327866,0.29697746,0.2797439
2217612204,0.38533247,0.2889316,0.32573593
2217838490,0.21996513,0.52614355,0.25389132
2218509531,0.35015762,0.37120456,0.27863783
2219251002,0.36527878,0.3380422,0.296679
2219444654,0.53184986,0.20993277,0.25821733
2219551261,0.27973032,0.39148998,0.3287797
2219972472,0.4162524,0.30301118,0.2807364
2221060427,0.38455933,0.26759815,0.34784254
2221105889,0.2519759,0.25634468,0.49167943
2221454885,0.27601963,0.3975039,0.32647642
2222389267,0.28032345,0.42417347,0.29550314
2222466737,0.4055752,0.31304073,0.28138408
2222739893,0.30474305,0.4076773,0.28757963
2222782509,0.395481,0.32860756,0.27591142
2223112778,0.42414254,0.2705182,0.30533922
2223303260,0.40672237,0.3030295,0.2902481
2223354909,0.3693565,0.33404586,0.2965976
2223844577,0.31877822,0.31323805,0.3679837
2224874719,0.45808637,0.23973788,0.30217576
2225148928,0.40736878,0.31740117,0.27523005
2225227814,0.3555471,0.30849013,0.33596277
2225865785,0.25714105,0.46498534,0.2778736
2227154808,0.29607874,0.4079147,0.29600656
2227466042,0.31472898,0.37608194,0.3091891
2228027394,0.33024055,0.36306763,0.30669183
2228486960,0.36413783,0.3527053,0.28315684
2228868747,0.34060156,0.32929584,0.3301026
2229524639,0.3671736,0.3134995,0.31932694
2229767665,0.61702955,0.15434514,0.22862527
2229856446,0.33816588,0.3627295,0.29910466
2230769990,0.37059745,0.3305868,0.29881576
2231026419,0.36890602,0.32902753,0.30206648
2231208872,0.52357244,0.2107906,0.26563698
2231950417,0.3082112,0.40407443,0.28771436
2231988758,0.3178037,0.39210215,0.29009414
2232557865,0.39322495,0.29813173,0.30864328
2232800183,0.28342506,0.4324796,0.28409538
2232963307,0.3554678,0.32756144,0.31697083
2233375801,0.3874336,0.3190979,0.29346848
2233450339,0.3428549,0.35993335,0.2972118
2233457260,0.40889305,0.31814972,0.27295727
2233691314,0.33728936,0.36382142,0.29888922
2233860446,0.27218294,0.43309274,0.29472435
2235176510,0.31760323,0.37675947,0.3056373
2235325730,0.29806474,0.38331938,0.3186159
2235511720,0.33813912,0.34726363,0.31459725
2236397330,0.34530598,0.35823077,0.29646325
2236497842,0.37477005,0.3422922,0.28293777
2236775275,0.17116398,0.5922795,0.23655652
2237200309,0.36415657,0.3345492,0.3012942
2237388584,0.37618265,0.3319322,0.2918852
2237519634,0.31418687,0.3663974,0.31941575
2237563625,0.23649317,0.46568698,0.29781985
2237694013,0.37204164,0.35564235,0.27231604
2237923086,0.27700695,0.4245084,0.29848468
2238159024,0.27485052,0.41208822,0.3130613
2238501337,0.3890671,0.31100428,0.29992867
2238671025,0.33335972,0.29351422,0.37312603
2238781862,0.37462085,0.32842112,0.29695806
2238801046,0.35801166,0.34829438,0.29369396
2239199732,0.34664744,0.36640942,0.2869431
2239516792,0.41314852,0.29512405,0.29172742
2240081835,0.3236349,0.3784653,0.29789984
2240530224,0.37179384,0.35026014,0.27794608
2241653935,0.30562276,0.3605916,0.3337857
2242878159,0.2923683,0.42242667,0.285205
2243324832,0.35726684,0.34632272,0.29641044
2243778670,0.26078296,0.43329227,0.30592483
2243867576,0.24873474,0.3484656,0.40279973
2244141058,0.37597656,0.33588845,0.28813493
2244383597,0.21533686,0.5324998,0.25216335
2244486422,0.3069154,0.3741689,0.31891572
2244984752,0.3369976,0.38116458,0.2818378
2246159672,0.35485822,0.37085453,0.27428728
2246364871,0.33638918,0.35623083,0.30738002
2246786388,0.36513692,0.32905024,0.30581278
2246980479,0.37431368,0.32756472,0.29812163
2247568694,0.24820715,0.4784121,0.2733808
2248244003,0.29330894,0.32701167,0.37967938
2248960113,0.36509913,0.36390603,0.27099484
2249496683,0.3743395,0.35050258,0.27515793
2249689098,0.39826745,0.31831104,0.28342152
2250241937,0.3546971,0.34323034,0.30207253
2250706444,0.32778662,0.38446057,0.2877528
2251207767,0.4707682,0.21254097,0.31669086
2252205916,0.29350868,0.42804474,0.27844658
2252552345,0.39254612,0.3521014,0.2553525
2252748527,0.36972618,0.31374618,0.31652766
2252854331,0.36348557,0.31130856,0.32520586
2253958290,0.36859196,0.34514517,0.28626293
2254882058,0.35341358,0.33974937,0.30683708
2254978168,0.3441478,0.3793965,0.2764557
2255585265,0.3613072,0.37582886,0.26286393
2255872499,0.41015267,0.30092454,0.2889228
2257024613,0.53153795,0.21081057,0.25765154
2257481314,0.2677928,0.43660223,0.29560497
2259600644,0.36965382,0.33871686,0.29162937
2259712863,0.3696489,0.36027437,0.2700767
2259716100,0.34793964,0.36568516,0.28637516
2259848046,0.37460154,0.34777653,0.27762192
2260692717,0.40183455,0.3140115,0.28415394
2260772856,0.5090146,0.22226304,0.26872236
2260966330,0.4277564,0.27873534,0.2935083
2261059826,0.37396497,0.30805197,0.31798303
2261572826,0.5276831,0.21947889,0.25283802
2263558046,0.26821035,0.45395717,0.2778325
2263635780,0.40439698,0.3019908,0.29361224
2264085641,0.32453573,0.37378117,0.3016831
2264309340,0.33498734,0.370047,0.29496562
2264324380,0.27391288,0.4355521,0.29053503
2264799790,0.2803626,0.38940918,0.33022824
2264812206,0.33162743,0.32324558,0.345127
2264884209,0.3150227,0.31077778,0.3741995
2264954161,0.51216125,0.22612467,0.261714
2265414849,0.3272258,0.3304249,0.34234926
2265508914,0.5473447,0.2002728,0.25238258
2265517269,0.28093994,0.333529,0.38553113
2265574956,0.4928575,0.24340671,0.26373577
2265588796,0.36481944,0.3479411,0.28723943
2265618045,0.48617113,0.24586412,0.26796472
2265643097,0.35944963,0.3428322,0.29771817
2265928003,0.42377824,0.28457505,0.29164672
2266147269,0.34493935,0.3505,0.30456066
2266475027,0.3198281,0.3985219,0.28165
2266656671,0.22309387,0.4564685,0.32043764
2266753828,0.32034695,0.3640107,0.31564236
2266894397,0.2905999,0.36824208,0.34115803
2267008040,0.22045761,0.47508854,0.3044539
2267564218,0.33301228,0.3796445,0.2873432
2269257130,0.31325656,0.36727953,0.31946397
2269453381,0.30392653,0.35277462,0.34329885
2269628778,0.2229825,0.5015619,0.27545562
2269653850,0.30165726,0.38314113,0.31520158
2270043430,0.34313005,0.35702914,0.2998408
2270064571,0.24828261,0.46339327,0.28832412
2270386999,0.34478313,0.34215257,0.31306428
2270390577,0.4062788,0.2901268,0.30359447
2270429608,0.3801872,0.34615964,0.2736531
2270442609,0.31482035,0.40793416,0.27724552
2270661201,0.3475809,0.31581402,0.3366051
2271076399,0.3122102,0.3487536,0.33903617
2271127424,0.3573699,0.3381158,0.30451432
2272060827,0.2134117,0.5264159,0.2601724
2272077931,0.37068194,0.3524007,0.2769174
2272586163,0.21954262,0.5136553,0.2668021
2274115797,0.36539668,0.32393688,0.31066644
2274445939,0.351654,0.38040644,0.2679396
2274482428,0.34478378,0.3453225,0.30989367
2275782433,0.36242697,0.34315312,0.29441994
2275923141,0.34100437,0.25019485,0.40880078
2276015837,0.4219519,0.29876077,0.27928734
2277115789,0.3430137,0.34786272,0.30912355
2277766580,0.33325905,0.33482623,0.33191472
2278026371,0.4633834,0.2430656,0.29355103
2278441843,0.34297878,0.34810144,0.3089198
2278962965,0.4007507,0.21232492,0.3869244
2279564075,0.37498635,0.34280998,0.28220367
2280084958,0.4187593,0.28785497,0.29338574
2280607702,0.34010297,0.36343044,0.2964666
2280727770,0.26484302,0.42651147,0.3086455
2280903008,0.38836113,0.315189,0.29644984
2280923570,0.35476387,0.31120956,0.33402655
2280996576,0.25565907,0.3305887,0.4137522
2281322765,0.3347003,0.37400943,0.29129025
2281684733,0.37377822,0.31976497,0.30645677
2282402116,0.48977077,0.21822289,0.29200637
2282668367,0.24385452,0.49187833,0.26426715
2282828794,0.25449598,0.47061396,0.2748901
2283561937,0.35426736,0.36706746,0.27866513
2283798031,0.30338752,0.40364283,0.29296964
2283824827,0.3325153,0.36160216,0.30588254
2284037550,0.33656198,0.3748136,0.2886244
2285484652,0.3249194,0.36779845,0.30728215
2285489000,0.33723623,0.29712498,0.3656388
2285938283,0.3536237,0.33867013,0.30770624
2286028439,0.3168871,0.36479715,0.31831574
2286331466,0.3696365,0.34024793,0.2901156
2286455330,0.33689672,0.36157066,0.3015327
2286757589,0.32306498,0.25759044,0.41934454
2286804523,0.31345892,0.2992298,0.38731134
2287118931,0.24982548,0.25110453,0.49906993
2287673992,0.2632376,0.42708164,0.30968073
2287813656,0.27895385,0.40762478,0.31342137
2288779440,0.4459528,0.26774502,0.2863022
2288890578,0.3638621,0.33637598,0.29976195
2289550715,0.4285684,0.2802679,0.29116365
2289654769,0.4978398,0.22539565,0.27676457
2289789422,0.36994344,0.3154357,0.31462088
2289825170,0.23012254,0.48554212,0.28433532
2290826077,0.40015984,0.28459397,0.31524622
2290881881,0.31097448,0.38991296,0.29911253
2290901122,0.3642104,0.33226922,0.30352038
2291429260,0.34022927,0.36320624,0.29656446
2291462825,0.27853757,0.42610395,0.29535848
2291725464,0.39383054,0.33749652,0.26867294
2292448302,0.3393076,0.3608125,0.29987988
2292854923,0.36722708,0.3154286,0.3173443
2293019559,0.3130451,0.36984345,0.31711143
2293141056,0.36856732,0.3248089,0.30662382
2293309997,0.37993944,0.35437658,0.26568398
2293658561,0.4190821,0.29922926,0.28168857
2294261869,0.4652118,0.26227808,0.27251008
2294325725,0.49358237,0.2291812,0.2772364
2294580927,0.32124388,0.36560246,0.31315368
2294906143,0.33755818,0.35384193,0.3085999
2295030552,0.39967433,0.29765958,0.30266613
2297042236,0.36464316,0.3192967,0.3160602
2297144274,0.30226082,0.36067146,0.3370677
2297652508,0.3536695,0.3506753,0.2956552
2298019128,0.54733676,0.19704844,0.25561482
2298295700,0.28926754,0.4232709,0.28746158
2298445627,0.3027026,0.40688837,0.29040903
2299398363,0.34766215,0.3573631,0.29497474
2299545643,0.33727384,0.3533612,0.30936494
2299571106,0.32383937,0.3525315,0.3236292
2299953415,0.21158972,0.52669984,0.2617104
2299960641,0.58574927,0.16806346,0.24618724
2300337430,0.3166107,0.4175376,0.26585168
2300494681,0.3659286,0.3249596,0.30911177
2301149672,0.24376354,0.24529281,0.51094365
2301270245,0.3855384,0.29289562,0.32156596
2302104537,0.39878783,0.30235785,0.29885435
2302143258,0.25956446,0.46635574,0.27407977
2302660434,0.27969062,0.29209802,0.42821133
2302854508,0.2643346,0.42429727,0.31136814
2302932761,0.24248596,0.4697428,0.2877712
2303233398,0.32751334,0.35817415,0.31431258
2303332065,0.32622325,0.38154265,0.29223412
2304970766,0.32854164,0.36613223,0.30532613
2305491448,0.37428182,0.25090396,0.37481415
2305747543,0.40616614,0.30023766,0.2935962
2305897230,0.31601575,0.3969357,0.28704858
2306586623,0.30712488,0.40817285,0.28470224
2306736718,0.34572443,0.34577832,0.30849725
2307071880,0.43621472,0.28305808,0.2807272
2307431331,0.2817332,0.38283432,0.3354324
2307553504,0.48446357,0.23058444,0.28495193
2307685527,0.45730916,0.2774762,0.26521462
2308001675,0.21928203,0.5133262,0.26739177
2308005271,0.34894648,0.31834018,0.33271334
2308433016,0.371221,0.34589857,0.28288049
2308660247,0.34895694,0.30191445,0.34912866
2308817020,0.39180845,0.3211016,0.28708994
2309205013,0.3472234,0.35417306,0.2986035
2309411941,0.3377688,0.36276054,0.29947066
2309514010,0.3933829,0.29810315,0.30851394
2309835132,0.5157191,0.21573418,0.26854673
2309993373,0.42329678,0.28548807,0.29121512
2310212180,0.39078122,0.30260503,0.3066138
2310346933,0.46940085,0.26041368,0.27018547
2310509476,0.46186125,0.25692755,0.28121123
2311023245,0.46391994,0.45295984,0.0831202
2311150746,0.2859273,0.37715572,0.33691698
2311381303,0.30266425,0.38769114,0.30964458
2311923069,0.29296607,0.4260041,0.28102982
2312266354,0.19976072,0.54317933,0.25705993
2312536595,0.30455732,0.4075857,0.287857
2312778779,0.47317094,0.24907967,0.27774936
2313851407,0.5013047,0.22394209,0.2747532
2314064361,0.29173428,0.4224936,0.2857721
2314376870,0.44377336,0.25333136,0.30289528
2314779443,0.35531765,0.3595584,0.28512397
2315782719,0.24547341,0.48697174,0.26755488
2316333993,0.32798302,0.38477886,0.28723806
2316876120,0.31653982,0.4092661,0.27419403
2317050092,0.29864475,0.41427326,0.28708202
2317568770,0.37992036,0.30317843,0.3169012
2317866019,0.33809614,0.2942595,0.36764437
2318149804,0.32136357,0.39079937,0.2878371
2320209861,0.3748354,0.32212162,0.303043
2320391340,0.44881192,0.27548856,0.2756995
2320685559,0.29999676,0.4103887,0.28961456
2322550638,0.38322455,0.2980734,0.31870198
2323014873,0.335534,0.33532774,0.32913828
2323052683,0.16334733,0.16334733,0.67330533
2323198756,0.3271714,0.2817532,0.3910754
2325020862,0.24705884,0.38844344,0.36449772
2325335680,0.30890596,0.40656924,0.28452477
2325459638,0.39266723,0.31842858,0.28890413
2325940661,0.41857165,0.27614933,0.30527902
2326099741,0.39724004,0.2817071,0.32105288
2326189991,0.24349044,0.48219106,0.2743185
2326344674,0.32610705,0.3585739,0.31531906
2326497165,0.3940288,0.34136784,0.26460335
2326721123,0.34588242,0.36111704,0.29300052
2326784089,0.4058057,0.29115674,0.30303752
2327078382,0.2336663,0.49028876,0.2760449
2327305921,0.3846224,0.29008037,0.32529724
2327597869,0.25032458,0.26487067,0.48480475
2327796879,0.35460252,0.36595112,0.27944636
2327938918,0.33602953,0.3179593,0.34601122
2328204251,0.28769228,0.4304881,0.28181958
2328300515,0.27961624,0.4414099,0.27897394
2328367053,0.3731433,0.32365376,0.30320296
2328645779,0.3043574,0.4069392,0.28870338
2328761260,0.32447508,0.29911277,0.37641218
2328880756,0.38768584,0.31460723,0.29770693
2329189047,0.34126508,0.33713016,0.3216048
2330236203,0.25335705,0.45930487,0.28733808
2330362941,0.25172412,0.47286886,0.27540702
2330516007,0.3358785,0.37003586,0.29408562
2330760512,0.25412947,0.26532733,0.4805432
2331397871,0.3456012,0.33125764,0.3231412
2332173051,0.30011618,0.4028424,0.29704142
2332330630,0.396844,0.31468886,0.28846714
2332444599,0.36580616,0.36735135,0.26684248
2332522636,0.374039,0.34080577,0.2851552
2332535856,0.32809415,0.32895654,0.34294933
2332635252,0.39087164,0.30609295,0.30303547
2332979289,0.2789304,0.42310804,0.29796156
2333475881,0.43661845,0.27632532,0.2870562
2333500495,0.3673736,0.33230034,0.30032608
2333960032,0.3585782,0.32947737,0.31194448
2334038004,0.35852426,0.26176855,0.37970722
2334090377,0.3793074,0.31111315,0.30957943
2334467839,0.37190992,0.3487723,0.2793178
2334517994,0.33125106,0.35222417,0.3165248
2334661405,0.25431126,0.42207652,0.32361218
2335040909,0.31122983,0.4073285,0.2814417
2335650268,0.34708583,0.36607394,0.2868402
2335716454,0.2992586,0.28053015,0.42021126
2335722686,0.22471368,0.50933444,0.26595184
2336352176,0.34938735,0.3770067,0.2736059
2336473321,0.28745055,0.41622394,0.29632547
2336911967,0.51213425,0.22871229,0.2591535
2337187596,0.40092915,0.3111004,0.28797042
2337407550,0.33851737,0.34153682,0.31994584
2337525604,0.33463728,0.387375,0.27798775
2337667630,0.31326544,0.38423234,0.30250227
2337901201,0.44899178,0.26543784,0.28557035
2338139466,0.42599577,0.2907652,0.283239
2338979911,0.32280117,0.29596898,0.38122982
2339033004,0.273359,0.4316429,0.2949981
2339190473,0.3568493,0.34593412,0.29721656
2339595471,0.26311666,0.26902014,0.46786317
2341311802,0.41591883,0.29506674,0.2890144
2341435993,0.34983093,0.34285372,0.30731538
2341556534,0.43070686,0.28332424,0.28596893
2341829247,0.34430307,0.36282724,0.29286963
2342093990,0.3875159,0.29741764,0.31506646
2342237109,0.2738259,0.45324063,0.27293345
2342493428,0.3811828,0.32163024,0.29718697
2342845006,0.38128257,0.34392238,0.27479511
2343207324,0.28734595,0.4257298,0.28692418
2343706252,0.29723254,0.40691188,0.29585558
2343907043,0.3695055,0.32360423,0.30689025
2344031820,0.36826324,0.36015332,0.2715834
2344190505,0.21821888,0.513668,0.2681131
2344421343,0.34269434,0.37755546,0.27975023
2344428509,0.4066933,0.290766,0.30254063
2345686484,0.3687493,0.31725633,0.31399435
2346911690,0.28316283,0.40074083,0.31609637
2347008507,0.3725028,0.34810418,0.27939302
2347096476,0.31127363,0.3913123,0.297414
2347878591,0.4268437,0.262901,0.31025526
2348123952,0.4048167,0.28458366,0.31059968
2348290637,0.3053748,0.41069388,0.28393126
2348625342,0.23393807,0.48849112,0.27757084
2348763312,0.31904483,0.28507382,0.3958813
2349469716,0.38499743,0.3363585,0.27864408
2349764227,0.4291397,0.29260877,0.27825153
2350248343,0.3356204,0.33024156,0.33413804
2350380761,0.41956273,0.25386477,0.32657254
2350603154,0.3063834,0.40289128,0.29072535
2350873385,0.27102208,0.42553708,0.30344078
2351286251,0.25962088,0.46148586,0.2788933
2351358404,0.33147135,0.35316646,0.3153622
2351776690,0.3339672,0.37333047,0.29270226
2352398385,0.39746034,0.30693132,0.29560828
2352681898,0.42030615,0.27835867,0.30133516
2352704207,0.2806387,0.41980112,0.29956022
2352844026,0.39961076,0.2912465,0.30914274
2353584803,0.22300443,0.21620876,0.5607868
2353654035,0.3004542,0.38890463,0.31064117
2354215536,0.38838798,0.2625744,0.34903765
2354374789,0.30046752,0.4286254,0.27090704
2354506498,0.32252097,0.37099975,0.30647925
2354625460,0.3515786,0.36133212,0.28708932
2354756865,0.37145695,0.34158814,0.28695488
2355030457,0.24877955,0.45650285,0.29471758
2355169628,0.33283788,0.35708416,0.31007797
2355418424,0.26300484,0.27046517,0.46653003
2355583857,0.23284236,0.4016068,0.36555085
2355706862,0.31451702,0.3836091,0.30187392
2356575515,0.42092502,0.30259228,0.27648273
2356739124,0.41760108,0.30709758,0.27530134
2356771500,0.2989171,0.33492565,0.36615723
2357599741,0.38969964,0.31633395,0.2939664
2357737580,0.39351925,0.31443605,0.2920447
2357791484,0.24766585,0.46268946,0.28964466
2358195774,0.38511837,0.3193612,0.29552042
2358634803,0.20845172,0.5396261,0.25192216
2358717867,0.2680419,0.4484753,0.2834828
2359335886,0.36348218,0.39039674,0.2461211
2360482981,0.4339119,0.23215029,0.33393782
2361521688,0.31616652,0.36628574,0.3175478
2361699569,0.34795785,0.33031607,0.32172608
2361815379,0.181324,0.56617534,0.25250065
2361928106,0.3431989,0.31448072,0.34232044
2362128910,0.41879418,0.2946115,0.28659427
2362490082,0.31583083,0.39390892,0.29026023
2362663489,0.44402385,0.27689666,0.2790795
2363080554,0.31097198,0.39794034,0.2910877
2363352336,0.5120079,0.21508878,0.27290332
2363555670,0.3323573,0.3907143,0.27692842
2363798470,0.33301216,0.37195057,0.29503724
2363893974,0.3168875,0.35267377,0.3304387
2365411092,0.29951718,0.23792249,0.46256027
2366314012,0.3602807,0.33677596,0.30294335
2367319254,0.32193947,0.400707,0.27735355
2367356740,0.44745052,0.24249747,0.31005198
2367652950,0.3714227,0.3365342,0.2920431
2367807325,0.31125885,0.41207248,0.27666864
2368019101,0.3278296,0.31548423,0.35668617
2368072546,0.4771437,0.24598272,0.2768736
2368143100,0.43243772,0.26431707,0.3032452
2368404284,0.4314231,0.27807748,0.29049945
2368708761,0.29640004,0.37981635,0.3237836
2369990317,0.2520315,0.47203782,0.27593064
2370138958,0.4467278,0.26603213,0.28724006
2370571116,0.34128678,0.37046638,0.28824687
2370708927,0.28509346,0.28363615,0.43127042
2370935031,0.33096984,0.3228181,0.34621206
2371123789,0.27260897,0.41031027,0.31708074
2371949020,0.19764835,0.5450163,0.25733536
2372756227,0.3972978,0.30237794,0.30032432
2373255633,0.39471093,0.31846833,0.28682077
2373489043,0.37592065,0.3133609,0.31071842
2373623039,0.3298251,0.3320136,0.33816132
2373683578,0.2947878,0.40355438,0.30165783
2373807787,0.41783226,0.289407,0.2927607
2374234736,0.5294649,0.21848983,0.2520453
2374394823,0.25439274,0.46645993,0.2791474
2375014325,0.28466922,0.31126115,0.40406954
2375231394,0.2621908,0.40690368,0.33090547
2375666595,0.3306412,0.36932617,0.30003256
2375678695,0.17947015,0.17947015,0.64105976
2376330895,0.45151556,0.287507,0.26097745
2377136122,0.33522913,0.2676447,0.3971262
2377348343,0.36122006,0.3479494,0.29083055
2377641217,0.37837458,0.33328608,0.28833938
2377850269,0.25264758,0.4447022,0.30265018
2377876619,0.2977472,0.42540538,0.27684736
2378212848,0.32192844,0.27823147,0.39984012
2378364467,0.35419253,0.3620574,0.28375012
2378677533,0.5389786,0.18215993,0.27886152
2379054860,0.41493377,0.30665624,0.27840996
2379703317,0.4309398,0.27845934,0.2906009
2380375771,0.3691494,0.28921607,0.34163457
2381574561,0.3905533,0.32927108,0.2801757
2382032158,0.30431467,0.39110392,0.30458134
2382185909,0.34772944,0.36740637,0.28486425
2382654072,0.31633365,0.369033,0.31463334
2382863523,0.38602734,0.31590557,0.29806706
2382940875,0.37708622,0.32208586,0.30082792
2383513506,0.30802417,0.37413865,0.3178372
2383873244,0.39138353,0.26336575,0.3452507
2384379902,0.3064854,0.41348666,0.28002796
2384671767,0.44961572,0.2831459,0.26723832
2384682745,0.38213336,0.33435816,0.28350845
2384761024,0.423675,0.29545057,0.28087443
2384982339,0.30621323,0.387319,0.30646774
2384992241,0.28586152,0.4215948,0.29254377
2386410756,0.36925584,0.33059502,0.3001491
2386668404,0.3313641,0.36876467,0.2998712
2386929099,0.2850059,0.4162007,0.29879338
2387108998,0.2774464,0.4169564,0.30559725
2387971177,0.3640111,0.32998025,0.30600864
2388415553,0.28971177,0.4170862,0.29320204
2388678054,0.2619285,0.46337914,0.2746924
2388976982,0.29048625,0.2222296,0.48728412
2390308396,0.31981766,0.37753612,0.30264622
2390862443,0.2995305,0.37063462,0.3298349
2391330262,0.30664438,0.3843252,0.30903047
2391373827,0.3213923,0.40387422,0.27473348
2391390362,0.33304965,0.3658817,0.3010686
2391408886,0.4168976,0.30249846,0.28060395
2391478038,0.31943244,0.40635562,0.27421194
2392462593,0.35114688,0.3647982,0.28405488
2393178412,0.3324377,0.3743933,0.29316902
2393393669,0.28256437,0.38469923,0.33273643
2393831142,0.39393732,0.3256417,0.28042096
2394171440,0.33520675,0.36106715,0.3037261
2395849495,0.31424427,0.39899498,0.28676075
2396394771,0.3498869,0.36437863,0.28573447
2397132847,0.37270278,0.2766011,0.3506961
2397981990,0.2844868,0.43501124,0.28050196
2398179995,0.39739805,0.29919744,0.30340454
2398948853,0.37021226,0.32225454,0.30753317
2400249065,0.3574674,0.3542324,0.2883002
2400938469,0.46583048,0.23138717,0.3027824
2401140785,0.34347266,0.35708714,0.2994402
2401388152,0.28838292,0.40802482,0.3035923
2401849134,0.3216812,0.36611348,0.3122053
2403924470,0.32711396,0.36792642,0.30495963
2403936578,0.306384,0.3930866,0.30052936
2404160501,0.3253138,0.38091606,0.29377013
2404181731,0.3450197,0.37762946,0.27735084
2404595899,0.41084582,0.2945133,0.29464087
2404714208,0.3123712,0.38859302,0.2990358
2405018339,0.31472617,0.3453322,0.33994162
2405303438,0.271418,0.36289972,0.36568224
2405390964,0.3892826,0.2930495,0.31766787
2405783378,0.27626824,0.27626824,0.44746348
2406095337,0.38868976,0.32918927,0.28212097
2406417055,0.39829648,0.30399117,0.29771233
2406497761,0.35378724,0.30028343,0.3459293
2406735545,0.37167835,0.3553604,0.27296126
2407166331,0.3362965,0.2816782,0.3820253
2407906294,0.4227606,0.2781585,0.29908085
2408063570,0.39763618,0.29412937,0.30823445
2408496114,0.39678502,0.26762766,0.33558732
2408624818,0.44225597,0.2627366,0.29500744
2408730410,0.33335117,0.33234882,0.33430004
2409177022,0.29640862,0.32004154,0.3835498
2409419165,0.3292377,0.35415727,0.31660503
2409665161,0.32704985,0.37452197,0.29842812
2410841381,0.26657394,0.42990708,0.30351895
2411319262,0.39361072,0.3298474,0.27654195
2411330142,0.36768377,0.3495468,0.28276944
2412001218,0.33924824,0.35501444,0.30573735
2412168388,0.43145585,0.28453362,0.2840106
2412642150,0.34287804,0.36640248,0.29071945
2412917395,0.34601754,0.36562848,0.28835398
2412959373,0.3724628,0.33760524,0.28993195
2413079563,0.33377177,0.37571177,0.2905165
2413281285,0.21989362,0.4974395,0.2826669
2413523513,0.3381838,0.37298793,0.28882825
2414659625,0.2972731,0.3616696,0.3410573
2414772179,0.47028917,0.23565447,0.29405636
2414827503,0.39438337,0.3191547,0.2864619
2414954859,0.3923084,0.31144124,0.29625028
2416363478,0.3453418,0.3356985,0.31895965
2416525355,0.25068712,0.48346615,0.26584676
2417707376,0.25845727,0.4621699,0.27937287
2417871799,0.41565448,0.28390262,0.30044287
2418008970,0.28601426,0.43079108,0.28319466
2418544984,0.33037418,0.39139324,0.27823263
2418634566,0.31343275,0.4009689,0.2855983
2419159371,0.26399925,0.28806472,0.447936
2419195021,0.4048736,0.32154,0.27358636
2419716314,0.30770546,0.2971345,0.39516002
2419955818,0.3822347,0.3424806,0.2752847
2420967852,0.21466018,0.5257262,0.25961366
2421240663,0.2741895,0.44302824,0.28278226
2421586052,0.40073955,0.29879272,0.30046773
2421754705,0.43373474,0.28200012,0.28426513
2422103073,0.34413117,0.35799184,0.29787695
2422240531,0.34306353,0.37376302,0.28317344
2422792364,0.33751374,0.358867,0.3036192
2423486779,0.32412815,0.40097117,0.2749007
2423586354,0.3683385,0.35985324,0.27180827
2424279451,0.3621589,0.3393176,0.29852352
2425259744,0.33646953,0.32665443,0.33687603
2425766485,0.38189703,0.33290762,0.28519532
2425802151,0.2964937,0.36928684,0.33421946
2426008237,0.3609972,0.34968865,0.2893141
2426325419,0.44824708,0.27265096,0.27910197
2426496514,0.3753411,0.29916173,0.3254972
2427304409,0.34456015,0.37638742,0.27905238
2427879676,0.31455627,0.36723065,0.31821308
2427936012,0.32646072,0.37702078,0.2965185
2428068655,0.4046648,0.3261793,0.26915586
2428337168,0.313606,0.30166033,0.38473368
2428936863,0.35083488,0.38920814,0.25995696
2429125415,0.31712234,0.3887807,0.29409698
2429617115,0.3205778,0.3693493,0.31007284
2430186291,0.37651616,0.33943105,0.28405276
2430198866,0.35493952,0.35088795,0.29417259
2430403973,0.3531053,0.36171177,0.2851829
2430432077,0.39742076,0.31644332,0.28613588
2430567866,0.43598983,0.27174884,0.29226133
2430626258,0.4225602,0.25861287,0.3188269
2430759588,0.3274171,0.37407425,0.29850864
2430807942,0.33120865,0.38218963,0.28660172
2431252404,0.38450867,0.3336674,0.28182393
2431289604,0.39151043,0.33179575,0.27669382
2431341625,0.37125957,0.3380643,0.29067618
2431616167,0.28772253,0.41775447,0.29452294
2431782043,0.34864432,0.31130117,0.3400545
2432112541,0.4395907,0.27965534,0.28075403
2432187439,0.41605937,0.30681542,0.27712524
2432245928,0.30369508,0.30982435,0.3864805
2432748148,0.3662143,0.3274278,0.30635786
2432806786,0.51797676,0.22382873,0.25819454
2433242856,0.22372472,0.5292779,0.24699736
2433361590,0.36542416,0.33928734,0.2952885
2433894510,0.39084685,0.3266187,0.28253442
2433904084,0.3433109,0.36002243,0.29666668
2434722483,0.37735444,0.32228407,0.3003615
2434961033,0.25279632,0.45933688,0.28786677
2435734869,0.29142073,0.4162823,0.29229695
2435974741,0.24157396,0.36633497,0.3920911
2436221927,0.33432743,0.33669084,0.32898173
2436515837,0.3856347,0.27206403,0.34230128
2436834646,0.34824747,0.32655084,0.3252017
2436993971,0.38023958,0.29934624,0.3204142
2437107328,0.33209518,0.35924906,0.30865574
2437703317,0.3958901,0.24426821,0.3598417
2437784793,0.3662042,0.3298088,0.30398703
2437998750,0.32163247,0.38417345,0.29419404
2438044041,0.34983456,0.30394167,0.34622374
2438623609,0.2673119,0.4485563,0.28413177
2439547216,0.36880836,0.32600796,0.30518368
2439673505,0.34751976,0.3322226,0.32025763
2439760408,0.30481303,0.35538936,0.33979768
2440448425,0.42797303,0.27559763,0.29642937
2440995161,0.3763448,0.3121201,0.31153512
2441094493,0.29048148,0.3735417,0.3359768
2441413613,0.27121586,0.42840832,0.30037582
2441968149,0.43290603,0.27573913,0.29135478
2442021212,0.35220093,0.365422,0.28237712
2442047779,0.2806864,0.41319835,0.30611527
2442282746,0.3620779,0.35811305,0.27980906
2442489337,0.25983435,0.31098533,0.4291803
2443366857,0.38898838,0.30836964,0.302642
2443704511,0.30527276,0.37792188,0.31680536
2444074745,0.5031418,0.23147988,0.26537833
2444458276,0.2506544,0.41617522,0.3331704
2444497987,0.3472916,0.36394727,0.28876114
2444668937,0.36058137,0.36304194,0.27637672
2444694729,0.28915313,0.2958411,0.41500583
2444821766,0.532494,0.1996765,0.2678295
2445519250,0.40521485,0.31130636,0.28347874
2446144743,0.44417667,0.29843026,0.25739306
2446610938,0.29065055,0.40902478,0.30032468
2447058530,0.20144099,0.55342937,0.24512967
2447158251,0.28216293,0.4309474,0.28688967
2447204930,0.3793751,0.3373395,0.2832854
2447209675,0.27838466,0.4018409,0.31977445
2447432973,0.27711958,0.4113053,0.31157514
2447568370,0.3650614,0.35668516,0.27825344
2447781898,0.39281237,0.31644714,0.29074052
2448300711,0.3090329,0.30803955,0.38292754
2448357631,0.34864342,0.27643824,0.37491834
2448420659,0.35568762,0.2720747,0.37223774
2448947158,0.35063702,0.37031278,0.2790502
2449467011,0.32226163,0.38510668,0.29263166
2450093855,0.28799173,0.42045277,0.29155546
2450458803,0.36226737,0.3504457,0.2872869
2450566040,0.4285619,0.29908633,0.2723518
2451008480,0.41853014,0.28997302,0.29149687
2451083516,0.58345014,0.16287138,0.2536785
2451189102,0.49552616,0.22749916,0.2769747
2451355586,0.3376102,0.37903172,0.2833581
2451457374,0.4060602,0.31842408,0.2755158
2452072426,0.25945204,0.45892042,0.28162754
2452398043,0.30764422,0.40445295,0.28790283
2452557676,0.432273,0.26125354,0.30647343
2453129928,0.42881167,0.28224504,0.28894326
2453418895,0.26969197,0.39939272,0.3309153
2453471601,0.22059374,0.21042565,0.5689806
2453609108,0.33834478,0.35087,0.31078523
2453824972,0.2893755,0.29757324,0.41305125
2454034820,0.38569194,0.31747788,0.29683018
2454401327,0.34446624,0.32262743,0.33290634
2454511476,0.4784277,0.21539411,0.30617815
2454942398,0.3595113,0.3495694,0.2909193
2455468028,0.21523654,0.35887188,0.42589158
2455727232,0.40201944,0.3042268,0.2937538
2455883286,0.22447318,0.5044678,0.2710591
2456392589,0.32619733,0.34963965,0.32416302
2456920510,0.31758922,0.38808376,0.29432702
2457452543,0.43664417,0.25708038,0.30627543
2457671933,0.3463219,0.37503344,0.27864468
2457881414,0.3645535,0.34943813,0.28600836
2458658233,0.4056461,0.29355413,0.3007998
2458660710,0.29591256,0.40824568,0.29584172
2458713035,0.35858458,0.37718514,0.2642303
2458772192,0.32042083,0.3931739,0.28640527
2458886222,0.33331132,0.30062652,0.36606216
2459603675,0.4046833,0.30956715,0.28574955
2459981483,0.26837605,0.41655385,0.31507006
2460900031,0.2889087,0.34375054,0.3673408
2461016018,0.3820929,0.3003499,0.31755725
2461629126,0.23555663,0.49235648,0.27208686
2461883419,0.41999203,0.29074124,0.2892667
2461927407,0.3367027,0.32796884,0.3353285
2462867324,0.32593775,0.35035157,0.32371074
2463737172,0.35097665,0.35494325,0.29408017
2464211407,0.25824833,0.46755046,0.27420127
2464336018,0.3697729,0.3500382,0.28018892
2464592984,0.28273088,0.33994082,0.37732834
2465206890,0.4440143,0.28399357,0.27199215
2465220042,0.30318072,0.41454273,0.2822765
2465490704,0.3315167,0.3824183,0.28606498
2465792856,0.3740903,0.35477263,0.2711371
2465814750,0.4500259,0.27075338,0.27922076
2465966724,0.368446,0.34240934,0.28914464
2466655646,0.2800712,0.32753134,0.39239746
2467071709,0.45718157,0.25155205,0.29126638
2467238490,0.5331624,0.2043821,0.26245546
2467530728,0.4308898,0.27251935,0.29659083
2467588460,0.3940127,0.3130262,0.29296112
2467969604,0.22324422,0.5203643,0.2563915
2468081308,0.35011452,0.33073312,0.31915236
2468170713,0.36731195,0.33538628,0.29730177
2468190018,0.30789614,0.321037,0.37106684
2468405674,0.28221804,0.29961735,0.4181646
2468890453,0.39516264,0.30828357,0.29655376
2469293151,0.3680759,0.3461755,0.28574857
2469305947,0.48686796,0.24265352,0.27047852
2469579126,0.37321797,0.35506448,0.27171758
2469591874,0.22667873,0.49582785,0.27749345
2469725633,0.3915087,0.27604404,0.33244723
2470042662,0.2657494,0.44211265,0.29213798
2470119949,0.33901966,0.3779145,0.28306586
2470177839,0.3919468,0.3264835,0.28156975
2470282796,0.39102122,0.33672756,0.27225122
2470307986,0.33656496,0.3580011,0.30543393
2470596087,0.22128303,0.39308006,0.38563696
2470638612,0.34603202,0.33562523,0.31834275
2470748075,0.39974558,0.24496207,0.35529238
2471004700,0.44574824,0.23963696,0.31461483
2471695127,0.33408833,0.33436877,0.33154285
2471775420,0.3474929,0.3515167,0.3009904
2471942980,0.46015325,0.25141758,0.28842917
2472489880,0.40178663,0.29406932,0.30414408
2472518267,0.2745915,0.4280135,0.297395
2472771406,0.28835765,0.42406648,0.28757593
2472974049,0.5163197,0.223959,0.25972128
2473119347,0.43277147,0.26502725,0.30220127
2473787038,0.40980482,0.29490894,0.29528627
2474139639,0.3785928,0.31055626,0.31085098
2474328540,0.32561773,0.30874434,0.36563796
2475173671,0.24318841,0.4852869,0.27152467
2475708332,0.34115642,0.37899977,0.2798438
2476772123,0.34578824,0.28963923,0.36457247
2476953648,0.35776478,0.32552373,0.3167115
2477369802,0.25954673,0.46381104,0.2766422
2477483875,0.3808754,0.31699932,0.30212522
2478330169,0.40664676,0.2641882,0.32916504
2479226582,0.2240167,0.50384367,0.2721396
2479318589,0.27217388,0.28243655,0.44538957
2479439123,0.23163617,0.23624736,0.5321164
2480075689,0.32633358,0.36677775,0.3068887
2480368495,0.3893516,0.3462011,0.26444727
2480759274,0.29009104,0.41306162,0.29684734
2480820625,0.36407208,0.36086577,0.2750621
2481710606,0.29613483,0.3896101,0.31425512
2481776715,0.35401055,0.3112945,0.33469495
2483794408,0.24416874,0.24416874,0.51166254
2485459494,0.35726917,0.3308584,0.31187242
2485478378,0.33204716,0.37260646,0.29534632
2487974136,0.3673619,0.3510126,0.2816255
2488542393,0.18216085,0.54962546,0.2682137
2488576159,0.37472546,0.3571175,0.268157
2488989957,0.43682343,0.281192,0.28198454
2489288099,0.35271275,0.3531292,0.29415804
2490322800,0.22754633,0.48091882,0.29153484
2490863497,0.34686762,0.377543,0.27558935
2491207133,0.31249052,0.36601517,0.32149434
2492125163,0.37953877,0.33213234,0.28832895
2492178290,0.37097576,0.33359182,0.2954324
2492662884,0.3339017,0.38995892,0.27613938
2492974066,0.33824378,0.343817,0.31793922
2493172424,0.2820952,0.38416296,0.33374184
2493372744,0.23384726,0.496777,0.26937574
2493417559,0.31934583,0.38625246,0.2944017
2493681018,0.2559801,0.46678433,0.27723557
2494279944,0.24964099,0.4518382,0.29852086
2494876971,0.33551154,0.38037932,0.28410915
2494964792,0.24920544,0.4536438,0.29715073
2495010206,0.36616355,0.35712087,0.27671558
2495023974,0.4177196,0.30572903,0.27655137
2495580780,0.5376457,0.20578578,0.2565685
2495610333,0.48236692,0.24677187,0.27086118
2496208941,0.40383822,0.3174526,0.27870923
2496852501,0.25507307,0.44148177,0.30344516
2496941193,0.36861446,0.34942955,0.28195596
2497070280,0.34811628,0.34255016,0.3093335
2497460494,0.24288976,0.48422277,0.27288747
2497468695,0.41117424,0.28788698,0.30093879
2497751063,0.35047364,0.37656444,0.27296194
2497767958,0.35858324,0.3650199,0.27639693
2498126191,0.39398062,0.30321196,0.30280742
2498233657,0.34347248,0.33213383,0.32439375
2498453035,0.39073864,0.30184412,0.30741727
2498761687,0.32211828,0.40973938,0.26814234
2499919306,0.40544832,0.2837211,0.31083065
2500384015,0.4053225,0.27854115,0.31613636
2500718548,0.260751,0.40195698,0.33729202
2501102898,0.36141455,0.34733692,0.29124856
2502126281,0.46163768,0.22749712,0.31086525
2502696673,0.4335004,0.29163337,0.27486622
2502999916,0.23321211,0.5042465,0.26254138
2504083793,0.30343705,0.39960107,0.29696184
2504392365,0.28767383,0.4216385,0.29068768
2504436321,0.3059773,0.3610483,0.33297434
2504561965,0.3434485,0.36328906,0.29326242
2504871027,0.2942313,0.41486967,0.290899
2505481397,0.35340893,0.28985503,0.35673606
2505871181,0.26455867,0.30203682,0.43340456
2506122550,0.40569937,0.2929002,0.30140042
2506574965,0.29934335,0.33352348,0.36713314
2506916593,0.2951488,0.3147611,0.39009014
2507580210,0.2881554,0.40299776,0.30884683
2507673643,0.33840394,0.33398968,0.32760638
2508372196,0.33889088,0.365498,0.29561108
2508537719,0.32639387,0.3742478,0.29935837
2509369154,0.3663023,0.3250288,0.3086689
2510292036,0.3370179,0.37270674,0.2902754
2510553282,0.4377463,0.28758997,0.27466375
2511092656,0.3530214,0.36903685,0.2779417
2511311346,0.2570514,0.44243774,0.30051085
2511439517,0.28096595,0.4400438,0.27899024
2511532572,0.3657199,0.2938065,0.3404736
2511641171,0.37853998,0.32837448,0.29308552
2512132305,0.3413368,0.282434,0.37622926
2512417438,0.24170944,0.46185595,0.2964346
2512472692,0.33499914,0.29791683,0.36708403
2512615931,0.22340818,0.51370454,0.2628873
2512657202,0.37270218,0.34428707,0.28301075
2512830155,0.35028213,0.2527669,0.39695096
2512914559,0.3471021,0.3403014,0.31259653
2513069424,0.3816843,0.33991724,0.27839845
2513236214,0.27560312,0.4220258,0.30237108
2514118807,0.32472932,0.38795942,0.28731126
2514363484,0.332786,0.3591302,0.3080838
2514504678,0.4011862,0.28993812,0.30887568
2514638751,0.4210351,0.29245263,0.28651226
2514794811,0.36623716,0.2877092,0.34605366
2515091963,0.33241016,0.32255495,0.34503484
2515341591,0.4202913,0.29387045,0.2858383
2515544167,0.35658544,0.36810213,0.27531242
2515669796,0.4190736,0.285097,0.29582942
2517272002,0.3991794,0.3076476,0.29317302
2517366980,0.32913348,0.38201717,0.28884935
2517451398,0.39248538,0.32861242,0.27890223
2517612196,0.3242107,0.37348253,0.3023067
2517627810,0.3754596,0.2801103,0.3444301
2518464884,0.27278155,0.43557763,0.29164085
2518697961,0.3495403,0.32879937,0.32166034
2518809253,0.2832089,0.36685145,0.34993967
2519288905,0.367335,0.35866326,0.27400172
2520074729,0.33773464,0.37384656,0.28841883
2520326886,0.34700447,0.36929017,0.28370532
2521021826,0.28062433,0.4297092,0.28966647
2521725093,0.26665705,0.4593485,0.27399445
2523112917,0.46631837,0.26364303,0.27003866
2523477586,0.34026903,0.349195,0.31053597
2523524195,0.47373262,0.2362021,0.2900653
2523592578,0.38143438,0.32300258,0.29556304
2523611816,0.23960072,0.25823087,0.5021684
2524217705,0.36919847,0.32258528,0.30821618
2524408048,0.3438638,0.36685547,0.28928077
2524454714,0.32544944,0.35708582,0.3174647
2524882044,0.4274348,0.27543584,0.29712933
2524934324,0.25406554,0.4477502,0.29818425
2524956962,0.37332445,0.30383354,0.322842
2525486711,0.3098421,0.4049278,0.2852301
2525501102,0.25798267,0.4752677,0.26674968
2526077724,0.2824304,0.28404024,0.43352935
2526203863,0.31969598,0.37831104,0.301993
2526849270,0.43701643,0.28298032,0.28000322
2527331808,0.39699903,0.28009146,0.32290947
2527603336,0.3699112,0.34560236,0.28448647
2527797831,0.37030417,0.26652673,0.36316907
2527880106,0.33356804,0.31549546,0.35093653
2528235943,0.33425766,0.36387223,0.30187005
2528806748,0.28813106,0.35105526,0.36081362
2529065148,0.30509883,0.40072137,0.29417977
2529217095,0.5678332,0.16888663,0.2632802
2529390630,0.27661,0.45660686,0.26678318
2529705424,0.42463088,0.29085383,0.28451526
2530239452,0.34441406,0.34056932,0.31501663
2530267480,0.27820376,0.4230785,0.29871777
2530571652,0.31774747,0.37432957,0.30792296
2530686271,0.31797576,0.393389,0.2886352
2531056885,0.34437335,0.38643712,0.26918954
2531201386,0.3229084,0.3402546,0.336837
2531238679,0.3322448,0.36698386,0.30077133
2531917315,0.288315,0.3888694,0.32281557
2532083520,0.42729092,0.29216307,0.28054598
2532226348,0.3521753,0.3606605,0.28716418
2532600282,0.34547585,0.35743153,0.29709256
2532887023,0.39012712,0.3176845,0.2921884
2533349449,0.24640475,0.4270109,0.32658437
2533379659,0.2929445,0.29142237,0.4156331
2533398421,0.38963062,0.3359699,0.27439946
2533606834,0.3663661,0.3574062,0.2762277
2533671634,0.45102692,0.27131754,0.27765557
2534562341,0.24191907,0.50092196,0.257159
2534759797,0.39879006,0.28662235,0.3145876
2534780681,0.34571695,0.36335468,0.29092836
2535359913,0.34342313,0.28605565,0.3705212
2536090702,0.27546602,0.40291512,0.32161883
2536163506,0.27253315,0.3544951,0.37297177
2536552812,0.33656308,0.33108878,0.3323481
2537627621,0.27619165,0.41628134,0.30752698
2537964234,0.32288796,0.34480375,0.3323083
2538206956,0.27342415,0.39780128,0.3287746
2539024396,0.29833847,0.41665894,0.28500262
2539745227,0.3844496,0.32723233,0.28831807
2539966737,0.3377455,0.3693529,0.29290158
2540336691,0.41607726,0.30049402,0.2834288
2540588007,0.33200938,0.28411454,0.38387614
2541894458,0.34222406,0.3466058,0.31117013
2542379515,0.38964984,0.32651335,0.2838368
2542474454,0.33971813,0.33971813,0.32056373
2543876793,0.30051163,0.4095204,0.28996795
2544636024,0.32547376,0.35336524,0.32116097
2544755588,0.40244138,0.28547397,0.31208462
2544872838,0.3370858,0.35403377,0.3088804
2545385705,0.3756565,0.27610737,0.34823614
2545610661,0.32409757,0.37909895,0.2968035
2546874277,0.32913822,0.37801966,0.29284212
2547778419,0.36795443,0.3378812,0.2941643
2548083658,0.3179625,0.3877701,0.29426742
2548581543,0.33288878,0.33557212,0.3315391
2549046710,0.37293938,0.30879474,0.3182659
2549369550,0.32164487,0.30341452,0.37494063
2549582305,0.35094053,0.34262794,0.30643153
2549735995,0.34152606,0.35489887,0.30357504
2550229052,0.36083978,0.3322727,0.30688748
2550472559,0.46501532,0.26344985,0.27153477
2551001579,0.29359847,0.2996362,0.40676534
2551240501,0.32826823,0.37944335,0.29228836
2552928229,0.48638767,0.24470934,0.26890302
2553257540,0.5344846,0.20229232,0.26322308
2553719036,0.46397322,0.26638663,0.26964015
2553802827,0.3364088,0.38742426,0.27616695
2554061210,0.35906443,0.33140075,0.30953485
2554400146,0.38274485,0.27400643,0.34324867
2554874025,0.31800872,0.36209473,0.31989655
2555325947,0.46822172,0.23660025,0.295178
2555636348,0.39829254,0.32022762,0.28147978
2555775197,0.3394388,0.3874914,0.27306977
2556072908,0.36593872,0.3407347,0.29332656
2556436239,0.34836102,0.35266557,0.29897344
2556450717,0.41625792,0.2756583,0.30808377
2556565231,0.2748294,0.42958114,0.29558957
2556642620,0.43554837,0.27292413,0.2915275
2556920032,0.38447478,0.32852733,0.2869979
2557301104,0.39822897,0.2648877,0.3368833
2557338624,0.30990225,0.39378285,0.29631484
2557740500,0.37908328,0.25897127,0.36194542
2557974138,0.3822556,0.31323987,0.3045045
2558121315,0.4495752,0.2667933,0.28363147
2558423442,0.37079898,0.31663656,0.3125645
2559108447,0.24710038,0.44878215,0.30411744
2559400590,0.32292086,0.37328044,0.30379874
2561087050,0.35037148,0.3683479,0.28128058
2561133650,0.37874597,0.29992634,0.3213277
2561552090,0.2934169,0.41311347,0.29346967
2561818642,0.27436388,0.40993434,0.31570178
2562036017,0.29412603,0.30530626,0.4005677
2562574375,0.38562983,0.30074662,0.31362355
2563012885,0.30041584,0.3138059,0.38577825
2563987132,0.30920285,0.37025273,0.32054442
2564019412,0.37342307,0.31807292,0.308504
2564086996,0.2601174,0.45275688,0.28712577
2564119629,0.37292933,0.34566137,0.2814093
2564273742,0.42564622,0.28111446,0.2932394
2564856045,0.3478905,0.32207698,0.33003253
2565884287,0.44405735,0.26138195,0.29456073
2565968934,0.45857066,0.2734599,0.26796943
2566230853,0.48608023,0.23202887,0.28189087
2566379970,0.3992133,0.29183373,0.308953
2566433277,0.33975774,0.3444553,0.31578693
2566647668,0.3277908,0.3768984,0.29531085
2566707734,0.35750318,0.34657893,0.29591787
2566761654,0.25992522,0.4488063,0.2912685
2567123158,0.39697772,0.31179887,0.29122347
2567235842,0.44182074,0.27352226,0.28465703
2567935459,0.49910653,0.2255581,0.2753354
2568043737,0.30921125,0.38426638,0.30652237
2568184198,0.5135482,0.20531224,0.28113964
2568778935,0.32488027,0.31017882,0.36494088
2568983817,0.21300247,0.49107522,0.29592228
2569323393,0.36528212,0.35088825,0.28382957
2569668506,0.3265239,0.29768133,0.37579477
2569934360,0.3809949,0.35014945,0.2688557
2570348395,0.23680976,0.42700773,0.33618253
2570521324,0.2898968,0.37293375,0.33716944
2570827944,0.37708268,0.30273896,0.32017836
2570989261,0.3257413,0.38811886,0.28613982
2571010448,0.40227675,0.29772756,0.2999957
2571039743,0.27093565,0.30436927,0.42469507
2571054258,0.32431293,0.3778354,0.29785162
2571215086,0.35320628,0.34357294,0.3032208
2571257997,0.4128938,0.29876694,0.28833926
2571507315,0.3022758,0.41409338,0.2836308
2571758532,0.2738821,0.41950268,0.3066153
2572028806,0.35715473,0.34593704,0.29690826
2572094248,0.32244253,0.3128273,0.36473012
2572771455,0.3899116,0.25930166,0.3507867
2573077211,0.31431055,0.3975156,0.2881739
2573674096,0.17576876,0.57338035,0.25085086
2573951046,0.35723823,0.3588118,0.28394997
2574093650,0.33543116,0.36930025,0.2952686
2574535356,0.23593909,0.49900964,0.26505128
2574801605,0.42908394,0.2802351,0.290681
2575293652,0.36023498,0.33841494,0.30135012
2575568547,0.26201165,0.43828583,0.29970253
2576615080,0.54228365,0.20112345,0.25659296
2576720866,0.41535684,0.28408307,0.30056006
2576834936,0.26660493,0.431135,0.30226004
2578017480,0.4437757,0.27164865,0.28457555
2578050231,0.36226872,0.34087622,0.29685506
2578973768,0.4505455,0.2573843,0.29207018
2579928047,0.29982436,0.40345424,0.2967214
2580582213,0.33886808,0.34531862,0.3158133
2580602883,0.490074,0.2474807,0.2624453
2580761437,0.40813074,0.3061771,0.28569216
2580971983,0.32815725,0.32376814,0.34807467
2581593185,0.47463268,0.24637738,0.27898997
2582290857,0.3726411,0.30989748,0.3174615
2582594509,0.3204631,0.4042828,0.27525413
2582798362,0.2867689,0.43674242,0.27648866
2582837528,0.3513949,0.3232139,0.32539117
2582999789,0.31690562,0.35509336,0.32800105
2583045447,0.3269496,0.36834678,0.3047036
2583285536,0.35988206,0.35179275,0.2883252
2583487988,0.38307926,0.3501568,0.26676393
2583808297,0.29988486,0.42503446,0.27508068
2584542106,0.33879864,0.34894505,0.31225628
2584719288,0.3398505,0.38050088,0.27964866
2584761902,0.34815255,0.34943563,0.30241182
2584862376,0.38243186,0.3303648,0.28720337
2585054606,0.41406396,0.29088554,0.2950505
2585429922,0.4132082,0.29342845,0.29336333
2585648510,0.3075322,0.39062047,0.3018474
2585805226,0.39831474,0.32323033,0.27845493
2586355212,0.2816847,0.4312262,0.28708908
2587808407,0.3979169,0.28742516,0.31465793
2588305194,0.2745854,0.43314034,0.2922743
2588502745,0.28094193,0.2674476,0.4516105
2589015863,0.30228573,0.4025895,0.29512477
2589323167,0.31115356,0.4032851,0.28556138
2589811980,0.4476142,0.27143037,0.28095543
2590087594,0.4191602,0.29503772,0.28580213
2590974056,0.31239438,0.35558972,0.33201593
2591193336,0.3862059,0.31802285,0.29577124
2591403764,0.22199771,0.5193254,0.2586769
2591644924,0.2783633,0.37759212,0.3440446
2592121848,0.29423463,0.41758305,0.28818232
2592734188,0.31544203,0.31908885,0.36546913
2593086553,0.25613648,0.46839035,0.27547318
2593094754,0.29559058,0.34213823,0.3622712
2593753482,0.33239752,0.37551457,0.29208797
2593852974,0.2900353,0.42117983,0.2887848
2594134551,0.32497656,0.2523491,0.4226743
2594222710,0.49356586,0.23494858,0.27148563
2594706143,0.3598174,0.24035138,0.39983124
2594726433,0.32100573,0.3653366,0.3136577
2595153086,0.40180558,0.30510327,0.29309112
2595319192,0.3662172,0.3327423,0.30104053
2595503808,0.18881364,0.54194224,0.2692441
2595853721,0.4054738,0.29604012,0.2984861
2595972295,0.38085324,0.3321048,0.28704196
2596061350,0.3008092,0.3173024,0.38188836
2596347042,0.4054293,0.28587013,0.30870056
2597189802,0.2680409,0.43742466,0.2945344
2597764849,0.52911824,0.21919933,0.2516824
2597881937,0.29190093,0.3877858,0.32031327
2597934654,0.37823117,0.33181146,0.2899574
2598110821,0.36519843,0.26107496,0.37372658
2598230187,0.3456658,0.35574278,0.29859138
2598279392,0.37461862,0.3187847,0.30659664
2599346419,0.2745127,0.43375677,0.2917305
2599352368,0.3297104,0.40571994,0.26456967
2599992608,0.3836986,0.33615655,0.28014487
2600864658,0.32213873,0.33508348,0.3427778
2601638768,0.35467324,0.3697244,0.2756024
2601845218,0.3237021,0.27711743,0.39918047
2602039914,0.2789476,0.39054745,0.33050495
2602066044,0.45118737,0.259442,0.28937063
2602429483,0.28478402,0.43747872,0.2777373
2602431378,0.28280646,0.42614347,0.29105014
2602704975,0.33313885,0.36313802,0.30372316
2603433194,0.26097465,0.4627825,0.27624282
2603803629,0.27369845,0.41756403,0.30873752
2604429089,0.47861743,0.25179935,0.26958314
2605911828,0.27979362,0.32594585,0.39426053
2606303827,0.28846565,0.41232547,0.29920888
2606728078,0.33210063,0.35098332,0.31691605
2606888198,0.32068008,0.36236286,0.316957
2607055986,0.31339276,0.36499417,0.32161307
2607873188,0.33915418,0.33134565,0.32950014
2607888141,0.40380716,0.3120552,0.2841376
2608141997,0.23705223,0.36010146,0.4028463
2608352781,0.35904133,0.3561445,0.28481418
2608415841,0.32703042,0.37515122,0.29781833
2608535673,0.22108757,0.4458238,0.3330886
2608609958,0.22469899,0.50710607,0.2681949
2608648188,0.27906728,0.28215206,0.43878064
2608995777,0.5040537,0.22472829,0.27121803
2609001297,0.3900504,0.30827352,0.30167606
2609048349,0.5425966,0.19048294,0.26692045
2609416849,0.42732352,0.26912752,0.30354893
2609874119,0.28968126,0.4238211,0.28649768
2610700572,0.36667642,0.3541934,0.27913016
2611068508,0.42526764,0.2892909,0.28544146
2611895081,0.3201872,0.36412874,0.31568405
2612150223,0.358087,0.35774684,0.28416616
2612756380,0.47210413,0.2703073,0.25758854
2612979481,0.38902742,0.32536933,0.28560328
2613208513,0.277234,0.37459645,0.34816957
2613891102,0.41591468,0.32782266,0.2562627
2614337905,0.33181676,0.3833494,0.28483385
2615973671,0.40366852,0.29043293,0.30589855
2616199518,0.3314471,0.38826755,0.28028542
2616886634,0.4413764,0.26858175,0.29004192
2617090861,0.5012161,0.24027753,0.25850636
2617253124,0.32080725,0.37186986,0.30732292
2617756200,0.27330434,0.27330434,0.4533913
2617798404,0.30609506,0.2803048,0.41360015
2617818504,0.3630271,0.31284633,0.32412654
2617895974,0.36372137,0.3481301,0.28814852
2618024144,0.32576963,0.3947851,0.27944523
2618119711,0.3838935,0.3298759,0.2862306
2619458467,0.28203544,0.2951494,0.42281514
2619481326,0.25848836,0.44450855,0.29700315
2619962365,0.3766651,0.32260433,0.3007306
2620977004,0.33774048,0.3291851,0.3330744
2621572296,0.35853523,0.35356817,0.28789657
2621828002,0.37375897,0.3588559,0.26738515
2621836487,0.3509593,0.36914015,0.27990055
2621893458,0.32280552,0.40640152,0.27079302
2622217029,0.24388438,0.44849885,0.30761677
2622282220,0.33349478,0.3367022,0.329803
2622740530,0.3683109,0.33187044,0.2998187
2622857528,0.33185762,0.36553603,0.30260628
2622921180,0.3261157,0.29421467,0.3796696
2623248017,0.30468,0.41234562,0.28297442
2623612810,0.39172265,0.3117879,0.29648945
2623950929,0.37761623,0.32686746,0.2955163
2624830842,0.30531177,0.40293318,0.29175508
2624936581,0.2898546,0.4329765,0.27716887
2627779921,0.39190203,0.33313897,0.274959
2628003473,0.40408576,0.3153877,0.28052655
2628613398,0.2987308,0.3947451,0.3065241
2628967643,0.39847356,0.3189096,0.28261688
2629341501,0.2354163,0.4939049,0.2706788
2629428022,0.35919088,0.29813206,0.34267706
2629681970,0.30334085,0.39375213,0.30290705
2629696096,0.236038,0.4916241,0.2723379
2629723689,0.37988088,0.3252282,0.29489094
2630820815,0.3037848,0.36202678,0.33418846
2630970152,0.37900522,0.35448238,0.26651245
2631883040,0.45683703,0.25728276,0.28588027
2632064731,0.28740752,0.2784957,0.43409678
2632072416,0.41985908,0.2855568,0.29458416
2633440745,0.34491473,0.38402173,0.27106348
2633746211,0.42521158,0.2963876,0.27840084
2633901613,0.27575564,0.3366981,0.38754627
2634392700,0.33030364,0.3572272,0.31246912
2634440461,0.31499612,0.38585714,0.29914674
2634799403,0.32293385,0.36392683,0.31313938
2634977401,0.20734803,0.32377863,0.46887338
2635027724,0.29754645,0.35766256,0.344791
2635309103,0.35964453,0.35269356,0.28766188
2635379509,0.29081142,0.40521723,0.3039714
2635496029,0.30578226,0.3922018,0.30201593
2635635384,0.45030177,0.2679369,0.28176132
2635875000,0.46529502,0.24547863,0.28922635
2636068965,0.2701309,0.44063175,0.2892373
2636395090,0.33018714,0.38103214,0.2887807
2638033757,0.49372274,0.23468894,0.27158833
2638432372,0.40428638,0.30250448,0.29320917
2638685387,0.3627585,0.3720668,0.26517472
2638726111,0.37552664,0.35210383,0.27236956
2639354745,0.4129619,0.302836,0.28420207
2639867292,0.2189837,0.5019083,0.27910805
2640243361,0.32113916,0.3811633,0.29769754
2640389885,0.4700445,0.2564333,0.2735222
2640755610,0.35813415,0.35056216,0.29130375
2641624401,0.27040344,0.2779769,0.45161968
2642011920,0.22786146,0.38100934,0.39112917
2642158926,0.4146079,0.26982045,0.3155716
2642571972,0.37736902,0.3360886,0.2865424
2642677217,0.38637584,0.32397813,0.28964603
2642986580,0.26657358,0.44185263,0.29157382
2643113459,0.4985329,0.2250651,0.276402
2643276500,0.4031932,0.30338943,0.2934173
2644243063,0.3130862,0.38235247,0.30456132
2644764592,0.39620572,0.32072645,0.28306782
2644861445,0.28526247,0.41526815,0.29946935
2644963929,0.34466976,0.3521059,0.30322438
2645197780,0.31530607,0.30478024,0.37991366
2646632718,0.26204258,0.45874554,0.2792119
2646826750,0.32405615,0.37048167,0.30546218
2646896377,0.36810797,0.3528999,0.27899212
2647100346,0.3457094,0.37804002,0.27625054
2647450560,0.39404538,0.27992797,0.32602668
2647987455,0.3467198,0.343836,0.3094442
2648576746,0.28687721,0.37572128,0.33740154
2648901215,0.35606325,0.33880138,0.3051353
2649330271,0.35744178,0.36498457,0.27757367
2650349351,0.22678429,0.4713736,0.30184215
2650897506,0.33124197,0.38263196,0.28612608
2650952821,0.26708704,0.44758338,0.28532964
2651103187,0.26196814,0.43524024,0.30279166
2651203910,0.44572228,0.25425643,0.3000213
2651257164,0.39699733,0.31218857,0.2908141
2651647015,0.4757274,0.24381183,0.28046077
2652104271,0.3683449,0.34148788,0.29016724
2652710124,0.38999575,0.3242637,0.28574055
2652799790,0.39429834,0.3189336,0.28676805
2652908037,0.3440079,0.35465753,0.30133462
2653226885,0.32370585,0.30302387,0.37327027
2653414665,0.3215507,0.38263398,0.2958153
2653607257,0.34885803,0.24468789,0.40645412
2654501657,0.37901437,0.31757304,0.3034126
2654904133,0.3329202,0.37941897,0.2876609
2655077283,0.5144197,0.21090737,0.27467299
2655827681,0.3282218,0.35491127,0.31686687
2656210749,0.369878,0.33706754,0.2930544
2657053037,0.20859069,0.5269675,0.2644418
2657584956,0.30233768,0.39913192,0.29853037
2657678836,0.28702062,0.40063515,0.31234425
2658983741,0.28417903,0.4181232,0.29769775
2659504036,0.41875464,0.2882213,0.29302406
2661107082,0.4016404,0.2898606,0.308499
2661393260,0.27928412,0.4227525,0.29796338
2661480980,0.31578228,0.37343043,0.31078726
2662129718,0.28459734,0.35475153,0.36065114
2662252662,0.33598563,0.37760586,0.28640854
2662265300,0.31170046,0.32018718,0.3681124
2662488090,0.3389596,0.35141796,0.30962244
2662847150,0.28149533,0.4003691,0.31813556
2663572265,0.32913473,0.3541696,0.31669563
2664162178,0.44725168,0.27801058,0.27473778
2664750251,0.3516674,0.35465384,0.29367876
2664910327,0.29839373,0.39992023,0.30168602
2665450916,0.38803166,0.3021723,0.30979607
2665472656,0.33756554,0.3630367,0.29939777
2666069335,0.4037062,0.28079718,0.31549662
2666134370,0.40407777,0.323205,0.27271724
2666339653,0.3625996,0.33216298,0.30523744
2666390099,0.2677908,0.42963606,0.30257314
2666686179,0.36866826,0.33873492,0.29259682
2666778854,0.41965497,0.29028437,0.29006067
2667508985,0.3558824,0.3364461,0.30767146
2668358741,0.58429706,0.17054388,0.24515909
2668484946,0.34086603,0.33755344,0.32158047
2668650461,0.5047829,0.21357454,0.28164256
2668877030,0.43460155,0.2784795,0.28691894
2669445059,0.32821447,0.38069528,0.29109022
2669930085,0.31353465,0.41520888,0.27125654
2669962988,0.3496428,0.3633774,0.28697973
2670766855,0.39644596,0.2683889,0.3351651
2670893679,0.28015062,0.31904912,0.4008003
2671496667,0.3258962,0.34469444,0.32940936
2671595889,0.44562185,0.24376336,0.31061476
2672342011,0.14894265,0.14894265,0.7021147
2672368276,0.35652,0.34996432,0.29351568
2672615984,0.3496455,0.32802743,0.32232708
2672885410,0.25384542,0.40703025,0.33912432
2673866549,0.368361,0.2641759,0.36746314
2674392516,0.38782865,0.28047228,0.33169907
2674807619,0.31966782,0.38613772,0.29419443
2674816424,0.3424874,0.37145084,0.28606182
2675049769,0.2576854,0.43615988,0.3061548
2675379826,0.46965235,0.2058593,0.32448834
2675480778,0.23259237,0.4759859,0.2914217
2676134237,0.27743563,0.4430421,0.27952224
2676167923,0.33452502,0.37147006,0.29400492
2676334503,0.43624908,0.24985808,0.3138928
2677011922,0.32672486,0.37072495,0.30255017
2677844288,0.48185322,0.24676572,0.27138108
2677909284,0.5798042,0.18038446,0.23981139
2678216391,0.4658137,0.2518661,0.2823202
2678500577,0.20275772,0.39272392,0.40451837
2678612407,0.2678464,0.45186448,0.2802891
2678725365,0.34683308,0.33961582,0.31355107
2679962858,0.4450168,0.29123163,0.2637516
2680472424,0.3639001,0.3364815,0.29961836
2680948461,0.36429763,0.3149647,0.32073766
2681441511,0.3332136,0.36421454,0.3025719
2682330164,0.43074363,0.2944195,0.27483687
2682844079,0.26555866,0.2981873,0.43625402
2683340662,0.3774605,0.32234067,0.3001988
2683926022,0.22093125,0.5049869,0.27408195
2683936592,0.46336752,0.2657394,0.2708931
2684724272,0.50989026,0.22539079,0.26471895
2684867316,0.30228788,0.32829732,0.36941478
2685180242,0.39151514,0.3090467,0.29943815
2686114681,0.26921254,0.43467337,0.29611412
2686128981,0.40843493,0.30471835,0.28684673
2686642955,0.32060486,0.3639019,0.31549323
2686759658,0.37506074,0.28654915,0.33839005
2687304956,0.34913248,0.35304344,0.29782405
2687333181,0.33349562,0.34726685,0.31923753
2687359433,0.2162011,0.4971818,0.28661707
2687574757,0.31339616,0.35147065,0.3351332
2688330130,0.370233,0.33194083,0.2978262
2690914878,0.41400737,0.2955234,0.29046923
2690922537,0.24777108,0.46644896,0.28577995
2690995749,0.37758473,0.3321841,0.29023117
2692669486,0.35817873,0.35446447,0.28735676
2692848299,0.3709009,0.2046507,0.42444843
2693376890,0.30190402,0.3381978,0.35989818
2693552564,0.39516407,0.28383416,0.3210018
2693693916,0.32833332,0.376858,0.2948087
2694213371,0.30794817,0.30573922,0.38631263
2694437500,0.3514563,0.2917272,0.35681647
2694477619,0.29823807,0.37203974,0.32972223
2695478636,0.3673017,0.3274683,0.30523002
2696789568,0.25144196,0.40389878,0.3446592
2697942771,0.30962694,0.39370728,0.2966658
2699761810,0.291551,0.34163755,0.36681145
2700017812,0.39950442,0.32116458,0.27933103
2700135547,0.2760124,0.39574367,0.32824394
2700975081,0.365389,0.32519448,0.3094165
2701246063,0.50539243,0.21544085,0.27916673
2701654752,0.43920726,0.27229637,0.28849638
2702185230,0.22862554,0.50973684,0.26163766
2702234935,0.251183,0.4304805,0.31833655
2702504080,0.2784816,0.36201856,0.35949987
2703530876,0.35590094,0.34234375,0.3017553
2703781385,0.42497838,0.2777431,0.29727852
2703877418,0.28431973,0.41969,0.2959903
2704737495,0.43979734,0.27623814,0.28396457
2704846034,0.3100816,0.39757097,0.29234743
2705198884,0.26221186,0.23189303,0.5058951
2705328844,0.3489498,0.36226884,0.28878137
2705741579,0.3593412,0.34516808,0.29549068
2705821389,0.35817522,0.35424876,0.28757602
2706292703,0.28342742,0.44611716,0.27045542
2706321160,0.35883528,0.3456002,0.29556447
2706400748,0.38388938,0.30506465,0.311046
2707073425,0.24566123,0.2817299,0.47260886
2707254833,0.33174044,0.37314242,0.29511714
2707664180,0.40503636,0.29598224,0.29898143
2707849630,0.26219058,0.44036376,0.2974456
2707980323,0.32941103,0.33857107,0.3320179
2708013421,0.34015143,0.365688,0.29416057
2708933044,0.40463293,0.32396203,0.27140504
2709069268,0.36404347,0.31138706,0.32456946
2710155416,0.3573137,0.328606,0.31408027
2710482080,0.3648548,0.33443063,0.30071452
2710613300,0.55820465,0.18514511,0.25665015
2711066616,0.35123312,0.3541109,0.29465598
2711216727,0.39541993,0.31832725,0.2862528
2711282766,0.30587864,0.38103396,0.3130874
2712182566,0.30167863,0.2503714,0.44794998
2712744950,0.5569274,0.18709058,0.25598204
2713575292,0.33061767,0.33780658,0.33157575
2713680330,0.36558264,0.3379894,0.296428
2713827048,0.36639842,0.33761406,0.29598752
2714022550,0.3054954,0.3322693,0.36223525
2714127952,0.49829203,0.23465177,0.26705617
2714642802,0.3787865,0.31729555,0.30391794
2714742796,0.33745402,0.3738762,0.28866974
2714790055,0.4300856,0.28607032,0.2838441
2715228831,0.40199414,0.31334656,0.2846593
2715420547,0.26530862,0.44043463,0.29425678
2716058961,0.31442994,0.29771253,0.38785756
2716162331,0.46283713,0.25398707,0.28317583
2716725342,0.21277276,0.4925952,0.29463208
2716744120,0.27681443,0.39564854,0.32753703
2717626700,0.37047905,0.35506684,0.27445412
2717921085,0.3347115,0.37947896,0.28580958
2718023528,0.47319263,0.25002766,0.2767797
2718162660,0.24644554,0.38013184,0.37342262
2718286919,0.4498634,0.25862864,0.29150796
2718289975,0.3850513,0.3112129,0.30373585
2718637009,0.42502588,0.28406858,0.29090548
2719420096,0.35277736,0.3278979,0.31932476
2719435582,0.30208987,0.30564272,0.39226744
2719726957,0.43666434,0.26807743,0.29525822
2720130337,0.27970278,0.43264252,0.2876547
2720379139,0.18904257,0.5574509,0.2535065
2720504046,0.33065224,0.38014892,0.28919882
2721158228,0.19227853,0.55075824,0.25696316
2721207957,0.24019232,0.5011854,0.25862232
2721522965,0.3693282,0.2828537,0.3478181
2721733356,0.33948973,0.35240513,0.30810514
2722812133,0.2815848,0.37521273,0.3432024
2723062279,0.32950878,0.37963617,0.29085505
2723697820,0.36007905,0.25752002,0.38240093
2723714271,0.32471642,0.36172265,0.3135609
2723890219,0.30859357,0.3822185,0.309188
2724090607,0.31580913,0.4029545,0.28123638
2724572869,0.385814,0.28085822,0.33332777
2724775035,0.37961632,0.3129511,0.3074326
2725493801,0.24437933,0.46930578,0.2863149
2725573137,0.45693505,0.26367348,0.27939147
2725709667,0.22812209,0.4887846,0.28309327
2725796544,0.40410715,0.31130204,0.28459078
2726252555,0.35653535,0.25455028,0.3889144
2727166939,0.36786726,0.3295858,0.30254692
2727956232,0.40310466,0.25331324,0.3435821
2728068647,0.30034667,0.40238333,0.29726994
2728647949,0.3541546,0.3510517,0.29479373
2728862762,0.27599087,0.4503833,0.27362585
2728881717,0.3503688,0.35352343,0.29610777
2728909100,0.4040297,0.3332435,0.26272684
2728931315,0.5079251,0.22228393,0.269791
2729209698,0.24624765,0.43547893,0.3182734
2730084196,0.34222984,0.36121893,0.29655126
2730393018,0.2600676,0.36056197,0.37937045
2730588217,0.2650307,0.45353493,0.28143436
2731356564,0.32533884,0.37811136,0.29654977
2731602574,0.2778275,0.44927317,0.27289936
2731865870,0.38102734,0.30757827,0.31139433
2731992446,0.3061099,0.354953,0.33893713
2732058171,0.2956966,0.41939646,0.28490698
2732379633,0.23922478,0.48633075,0.27444446
2733107849,0.4952315,0.23604771,0.26872075
2734329574,0.45572084,0.26754078,0.27673835
2734598424,0.41499516,0.28856784,0.29643703
2734641236,0.33157974,0.36548603,0.3029343
2734925182,0.4031248,0.30339313,0.29348212
2735414637,0.29538852,0.40351957,0.30109194
2736188469,0.4311375,0.25243264,0.31642985
2736885169,0.38769937,0.30117267,0.31112796
2736894157,0.2965208,0.30034548,0.40313375
2736921080,0.5246263,0.1944521,0.28092158
2737232807,0.2626662,0.46291637,0.2744174
2737635645,0.41332912,0.29196864,0.29470223
2739780223,0.33579844,0.36395139,0.30025014
2739955735,0.35383934,0.3327346,0.31342608
2740659120,0.27961147,0.3430767,0.37731183
2740957851,0.46853566,0.2558729,0.27559146
2741103551,0.42007476,0.29511786,0.2848074
2741215371,0.38384748,0.32282048,0.2933321
2741241990,0.32280332,0.32793498,0.3492617
2741728095,0.2413336,0.25544548,0.5032209
2741866300,0.35938177,0.3096277,0.33099055
2742924145,0.34055072,0.37797412,0.28147513
2743593824,0.37745452,0.30931735,0.31322813
2743974999,0.297841,0.39994937,0.30220962
2744250595,0.46135142,0.24677281,0.29187578
2745390556,0.34322998,0.33009133,0.3266787
2745462603,0.3778421,0.3336679,0.28849
2745527641,0.43631178,0.27493867,0.28874952
2745951671,0.3240906,0.3569507,0.31895873
2746534792,0.43794745,0.28024435,0.2818082
2746667690,0.2727952,0.38364947,0.34355533
2746824011,0.24273959,0.44735703,0.30990338
2747563094,0.35154238,0.32296175,0.3254959
2748368162,0.30311254,0.4068808,0.29000664
2749182844,0.30446747,0.38270745,0.31282508
2749420160,0.31275475,0.39113015,0.2961151
2749825048,0.39829773,0.30856335,0.29313898
2749839990,0.3381621,0.31655252,0.34528542
2749929225,0.47889394,0.23593995,0.28516608
2750813415,0.5127979,0.20762858,0.27957356
2751123149,0.5133983,0.22967231,0.2569294
2751315653,0.46757466,0.22307603,0.3093493
2751348587,0.4190517,0.30131525,0.27963307
2751416705,0.36024976,0.34072137,0.29902884
2751635032,0.30989274,0.38877636,0.30133086
2752207920,0.3839669,0.3040225,0.31201062
2753346926,0.34796554,0.33265832,0.31937617
2753526163,0.4079102,0.29642516,0.29566467
2753534867,0.31653756,0.3100125,0.37344992
2753714405,0.37317532,0.29685342,0.32997125
2753725083,0.41282773,0.3003087,0.28686354
2753768528,0.32207632,0.24907398,0.4288497
2754005966,0.52507645,0.21441367,0.26050985
2754931297,0.391199,0.32417947,0.28462154
2755112385,0.4165291,0.27273744,0.31073344
2755247207,0.32253912,0.388796,0.28866488
2755304273,0.46945357,0.23773451,0.29281187
2755377523,0.45566705,0.25450808,0.2898249
2756597162,0.24275711,0.45999515,0.29724777
2756673974,0.39639378,0.28767797,0.31592822
2756716266,0.5145092,0.22048464,0.26500615
2756784802,0.30617934,0.37300527,0.32081532
2757124837,0.33501107,0.36777058,0.29721832
2757190820,0.37574804,0.3282979,0.29595402
2757435768,0.38322526,0.35232326,0.2644515
2757600754,0.22779536,0.2202208,0.55198383
2758529185,0.4888488,0.23595339,0.27519777
2758696734,0.36960962,0.33055276,0.29983765
2759793150,0.2870674,0.41985625,0.29307634
2759870317,0.26788473,0.30599168,0.42612356
2759926673,0.53591037,0.20971464,0.25437495
2760219462,0.32059875,0.3958846,0.28351665
2760529844,0.37362114,0.28812438,0.3382545
2760992138,0.2880246,0.30391797,0.40805742
2761300684,0.40920255,0.3055397,0.28525776
2762173547,0.32485762,0.32121855,0.35392383
2762401645,0.22790584,0.50270367,0.26939052
2763028169,0.3786345,0.28216514,0.33920032
2763636528,0.40475953,0.29628253,0.298958
2764021959,0.39342287,0.3270297,0.2795474
2764263485,0.3592484,0.36300424,0.2777474
2764278004,0.35930675,0.34186167,0.2988316
2764504636,0.24559765,0.46013847,0.2942639
2764612994,0.48292607,0.24482194,0.27225202
2765103228,0.39952636,0.3096248,0.29084885
2766168632,0.4010027,0.30493402,0.29406333
2766339586,0.39422315,0.31012,0.29565686
2766968692,0.345513,0.37192425,0.2825628
2767042503,0.27516878,0.40009347,0.3247378
2767264540,0.26710156,0.28187072,0.4510277
2769088569,0.26122132,0.4335307,0.30524802
2770813912,0.2736373,0.44962865,0.27673405
2770814325,0.5117773,0.22372349,0.26449922
2771180417,0.34450707,0.29869348,0.35679948
2771259701,0.25112146,0.46396703,0.2849115
2771373282,0.20707385,0.21706599,0.57586014
2771381309,0.37522757,0.3430497,0.28172272
2771449166,0.31985366,0.31794304,0.36220327
2771615169,0.5026169,0.22704801,0.27033514
2771890367,0.3403443,0.3325073,0.32714838
2772153318,0.32678005,0.34612566,0.32709426
2772581618,0.3407802,0.3744075,0.2848123
2773132203,0.23211999,0.5043783,0.26350173
2773154274,0.3011655,0.38247728,0.3163572
2773420012,0.2124396,0.52497345,0.26258692
2773628404,0.3569011,0.34741247,0.29568648
2774241860,0.287812,0.4411195,0.2710685
2775679427,0.3685903,0.38836753,0.24304222
2776109837,0.41005486,0.30094248,0.28900266
2776778299,0.3471732,0.33052504,0.3223018
2776945684,0.4741524,0.25389314,0.27195442
2777207840,0.36573344,0.35217074,0.28209588
2777317098,0.2993883,0.40673822,0.2938735
2778002131,0.3254747,0.37472892,0.2997964
2778253253,0.55797297,0.18810745,0.25391957
2778646456,0.23337549,0.49724698,0.26937753
2778713977,0.3305553,0.37215465,0.2972901
2778959003,0.4599408,0.26592812,0.27413112
2779130886,0.41684863,0.32436565,0.25878572
2779393190,0.37476408,0.30139118,0.32384473
2779508183,0.45416355,0.2474562,0.29838026
2780068290,0.39204806,0.30126005,0.30669183
2780326017,0.3752488,0.31059366,0.3141575
2781200254,0.3616706,0.27982324,0.35850608
2781311376,0.28742236,0.4265131,0.28606457
2781821215,0.17560408,0.5585984,0.26579753
2783192710,0.28175187,0.41073245,0.3075157
2784000806,0.36561686,0.34554303,0.2888401
2784333446,0.301995,0.38513446,0.3128705
2784465461,0.39115837,0.3166406,0.29220107
2785630003,0.4424945,0.25448835,0.3030172
2785952577,0.32334554,0.33995038,0.3367041
2786303931,0.3329695,0.36755666,0.29947382
2786693365,0.3665366,0.34632945,0.287134
2786800215,0.45469847,0.25895196,0.2863496
2787635297,0.42143404,0.26993847,0.30862752
2787646127,0.28547794,0.43991053,0.27461156
2787790533,0.27656114,0.43501645,0.28842235
2788172325,0.3580317,0.28207827,0.35989007
2788847259,0.2746051,0.42623997,0.2991549
2789396693,0.32733694,0.39288056,0.27978247
2789978964,0.3658499,0.287485,0.3466651
2790242798,0.37240487,0.37558353,0.25201163
2790435881,0.31765687,0.34885216,0.33349103
2790755472,0.2549531,0.35195708,0.39308977
2790853470,0.29711053,0.42540216,0.27748728
2791387744,0.31006858,0.38488552,0.3050459
2791416222,0.3364547,0.35765967,0.3058857
2792024976,0.47479564,0.23114291,0.2940615
2792078474,0.32243457,0.3879751,0.28959036
2792555497,0.35557985,0.35137063,0.2930495
2793211603,0.43231934,0.27945656,0.2882241
2793242896,0.3804875,0.31356952,0.30594298
2794708942,0.35174614,0.3596341,0.28861976
2795126419,0.3146309,0.40007374,0.28529534
2795320378,0.3070277,0.40214756,0.29082477
2795688029,0.3755462,0.33739406,0.28705972
2796926471,0.32412237,0.33531436,0.34056324
2797073575,0.39021257,0.32499892,0.2847885
2797223203,0.2798736,0.40679497,0.31333137
2798293291,0.37174416,0.25522324,0.37303257
2799078195,0.28789866,0.4198317,0.2922697
2799199657,0.4404317,0.27363667,0.28593156
2799544266,0.32464013,0.38300377,0.2923561
2800239334,0.42437533,0.2843424,0.2912823
2800330269,0.4226548,0.2968223,0.28052288
2800634345,0.3448769,0.38803607,0.26708707
2802998739,0.25800022,0.45159394,0.29040587
2803032973,0.3659707,0.35421684,0.27981246
2803059866,0.37095094,0.27114913,0.35789996
2803170535,0.35297793,0.34893173,0.29809034
2803234785,0.4084565,0.30103332,0.29051012
2803435874,0.42036325,0.26507786,0.3145589
2804243435,0.33117473,0.3191446,0.3496807
2804396007,0.32215095,0.31821322,0.35963577
2804535775,0.297542,0.42099324,0.28146476
2804778603,0.21726234,0.51619697,0.26654077
2805079799,0.38796136,0.27899528,0.3330434
2805094259,0.3300977,0.36191237,0.3079899
2805385670,0.3383618,0.37438947,0.28724867
2805403363,0.31610632,0.38712454,0.29676914
2805575230,0.3284102,0.36014906,0.3114407
2805619957,0.3462033,0.3563726,0.29742414
2805679734,0.3491477,0.34410423,0.30674803
2805777351,0.33782703,0.35993856,0.3022344
2806144810,0.36324662,0.33968326,0.2970701
2806161176,0.37932777,0.28724915,0.33342308
2807405489,0.44657207,0.2737008,0.2797271
2807635913,0.36047378,0.2929873,0.3465389
2807688160,0.35848784,0.3490172,0.2924949
2808883199,0.4416818,0.24757838,0.31073985
2808927023,0.3642376,0.330581,0.3051814
2809039997,0.4292323,0.28540665,0.2853611
2809350427,0.35254878,0.3393274,0.30812383
2809467975,0.34219646,0.36181372,0.29598987
2809770127,0.26646426,0.44055247,0.2929833
2809813883,0.15487391,0.5894114,0.25571477
2809840561,0.3600298,0.36244768,0.2775225
2809861578,0.34551376,0.27082008,0.38366616
2810385599,0.35723627,0.33818215,0.30458158
2811743750,0.44419774,0.2877537,0.26804858
2811758924,0.1867629,0.5680755,0.2451616
2812145239,0.37483096,0.34432513,0.2808439
2812146448,0.42184514,0.30588052,0.27227437
2812774151,0.30323935,0.3906952,0.3060654
2813058116,0.42011732,0.26406974,0.31581295
2813925833,0.35506085,0.34798485,0.29695427
2814396157,0.40121675,0.31065336,0.28812987
2814468842,0.43277,0.284684,0.28254592
2814752190,0.38538495,0.32910344,0.28551155
2814892168,0.26072705,0.42711252,0.31216037
2815103786,0.29809344,0.39731497,0.3045916
2815876878,0.28900686,0.41878182,0.29221132
2816463400,0.31303746,0.40323588,0.2837267
2816483935,0.39265043,0.3245249,0.28282472
2816509802,0.39470696,0.28405264,0.32124043
2816633360,0.3260392,0.31336057,0.3606002
2817050671,0.26509947,0.445131,0.2897696
2817290321,0.40585405,0.29197222,0.30217373
2817432065,0.2668735,0.43827415,0.29485232
2817620105,0.24373105,0.4834757,0.27279323
2817652318,0.3635399,0.32736012,0.30909997
2817880590,0.25098538,0.2975378,0.45147678
2817903895,0.3826291,0.3238582,0.2935127
2818295728,0.4529924,0.2838765,0.26313108
2818664369,0.3138009,0.31641448,0.3697846
2818833637,0.34907526,0.3134752,0.33744958
2819066147,0.3269552,0.36097872,0.31206608
2820082238,0.32536352,0.38410258,0.2905339
2820392319,0.46020946,0.2447534,0.2950371
2820671762,0.27823025,0.25208986,0.4696799
2821310563,0.35762,0.3106997,0.3316803
2821382044,0.29973352,0.40647122,0.2937953
2822721417,0.31558684,0.3644606,0.31995255
2822863556,0.41830057,0.28878897,0.29291046
2823067067,0.2927954,0.36525518,0.3419494
2823428184,0.27922627,0.28913888,0.43163484
2823553577,0.24615285,0.47956148,0.27428567
2823558795,0.34396914,0.31985265,0.3361782
2824049260,0.29406846,0.30846792,0.39746365
2824394469,0.2694333,0.2645961,0.46597058
2824404254,0.27629519,0.35080272,0.3729021
2824768312,0.37745824,0.32716,0.29538178
2825340484,0.35720664,0.35050538,0.29228795
2825490815,0.3600717,0.33729887,0.30262947
2825655607,0.31184575,0.3114667,0.3766876
2825955695,0.32262924,0.368536,0.3088348
2826004812,0.251538,0.25922868,0.48923326
2826079559,0.3655756,0.33486718,0.2995572
2826142569,0.4706421,0.25301194,0.27634603
2827150900,0.34617886,0.3563539,0.29746723
2827398860,0.25123942,0.46086755,0.28789306
2827587516,0.22213495,0.27476054,0.5031045
2827775402,0.3267504,0.39434573,0.27890384
2827878326,0.3995965,0.2959268,0.30447665
2828369376,0.29942125,0.4008832,0.29969558
2828751327,0.37527156,0.3278277,0.29690072
2829164316,0.29318422,0.40963483,0.29718095
2829701372,0.2849791,0.33097446,0.3840465
2831290183,0.35876864,0.3662095,0.27502185
2831395128,0.36501968,0.28970033,0.34527996
2832186289,0.45142472,0.25051934,0.29805598
2832858443,0.36533615,0.34034014,0.29432374
2833387397,0.40760368,0.30949014,0.28290617
2833765683,0.36478746,0.3275836,0.30762887
2834061002,0.32699612,0.37406948,0.2989344
2834064621,0.22954163,0.51002157,0.26043683
2834754050,0.33445254,0.34634757,0.31919992
2834793060,0.34589702,0.3547407,0.29936233
2834794782,0.2996595,0.36326814,0.3370723
2835640764,0.44603303,0.25502637,0.29894057
2836095321,0.2678911,0.3958308,0.33627808
2836371217,0.32201523,0.38457975,0.29340503
2836577732,0.47338268,0.26503968,0.26157764
2837840934,0.32290506,0.39259824,0.28449667
2838231383,0.35994118,0.32791558,0.3121432
2838460255,0.33533764,0.38133153,0.28333083
2839278622,0.39709318,0.31767625,0.28523052
2839840273,0.45187423,0.26361603,0.28450978
2840080051,0.37280035,0.34209484,0.2851048
2841324356,0.2293941,0.2293941,0.5412118
2842017661,0.35644925,0.36661106,0.2769397
2842136305,0.32036027,0.3916037,0.28803605
2842154104,0.43325675,0.2704667,0.29627657
2842441506,0.3229336,0.29522675,0.38183963
2842657578,0.25579625,0.3337081,0.41049564
2842691985,0.27096033,0.42671484,0.3023248
2843583011,0.3790301,0.3416229,0.279347
2843631700,0.34565678,0.36308324,0.29125994
2843784232,0.28817487,0.43438184,0.27744335
2844626206,0.39921382,0.28421026,0.31657594
2846246533,0.3149479,0.39561698,0.2894351
2846914287,0.34260935,0.3635189,0.29387176
2847064284,0.29547608,0.29547608,0.40904778
2847381835,0.39993647,0.2967598,0.30330372
2847730349,0.32142586,0.36735705,0.31121713
2848213239,0.28359318,0.2300869,0.4863199
2848416370,0.43326944,0.27605915,0.2906714
2848783119,0.2550223,0.45633563,0.28864208
2849005549,0.24693555,0.48303795,0.2700265
2850438319,0.3174141,0.34147456,0.34111136
2851103942,0.39621103,0.32586688,0.2779221
2851894235,0.32851365,0.36955082,0.3019355
2851985500,0.3783787,0.3328893,0.288732
2852115275,0.3444455,0.3334646,0.3220899
2852722193,0.35759535,0.31000662,0.33239803
2852733359,0.32765973,0.38444915,0.2878911
2853353246,0.34849048,0.33527935,0.31623012
2854290863,0.27458003,0.4153682,0.3100518
2854362530,0.27330518,0.4400058,0.28668898
2855242136,0.3846485,0.32266468,0.29268676
2855370238,0.39962444,0.27589083,0.3244847
2856863316,0.45143652,0.2694143,0.2791492
2857409042,0.41413638,0.29219526,0.2936684
2858234291,0.48131293,0.24083465,0.27785242
2858386456,0.24096575,0.48864567,0.27038854
2858718275,0.35464418,0.35049018,0.2948656
2859359425,0.27412206,0.3674454,0.35843253
2859524252,0.36432654,0.3108517,0.32482177
2859623587,0.25321385,0.2440723,0.50271386
2859651764,0.3608946,0.30274665,0.33635876
2859962860,0.40927067,0.29245618,0.29827315
2861218922,0.49475962,0.25061265,0.25462773
2861328535,0.31022438,0.2605227,0.42925298
2861379309,0.20776057,0.50507945,0.28715998
2862292070,0.2741539,0.4456824,0.2801637
2862525906,0.31942534,0.38354284,0.29703188
2862551520,0.27755678,0.4440199,0.27842337
2864065334,0.3778248,0.3348015,0.28737372
2865339945,0.38641888,0.26860756,0.3449735
2865724375,0.33063003,0.3603801,0.30898988
2866073172,0.2713449,0.35167658,0.37697852
2866211930,0.2948052,0.37145388,0.3337409
2866250187,0.32109264,0.39756632,0.28134108
2866305078,0.3871513,0.34508497,0.26776373
2868528031,0.36476582,0.32525533,0.3099789
2868951493,0.30652723,0.40769604,0.28577673
2869494117,0.42532963,0.29574782,0.27892256
2869838446,0.30107164,0.27949443,0.41943392
2870393259,0.35038033,0.27937555,0.3702441
2870413416,0.23768175,0.4854101,0.27690816
2870616858,0.29447174,0.34149605,0.3640322
2870631181,0.35860664,0.33253205,0.30886137
2870693566,0.3951674,0.3090493,0.2957833
2871042933,0.42573896,0.30264235,0.27161872
2871363581,0.45821506,0.25173956,0.29004538
2871375313,0.26459506,0.38990468,0.3455003
2871847175,0.31871986,0.35875064,0.32252946
2871887394,0.31720382,0.35556757,0.3272286
2872094130,0.5219208,0.20897305,0.26910615
2872159432,0.30557024,0.37794006,0.3164897
2872360446,0.3492549,0.35132417,0.2994209
2872610676,0.33451226,0.35604423,0.3094435
2872853308,0.37364063,0.34949616,0.2768632
2874532534,0.35358137,0.32986954,0.31654912
2874696715,0.334243,0.35967192,0.3060851
2875101326,0.30300158,0.3105046,0.3864938
2875779732,0.284997,0.30162096,0.41338202
2876549151,0.4139133,0.27592254,0.31016418
2876601925,0.42899448,0.27386552,0.29714003
2876888697,0.32765597,0.37584156,0.2965025
2877027748,0.31650457,0.38184234,0.3016531
2877694709,0.3940851,0.31023315,0.2956818
2878563788,0.36785153,0.34866446,0.28348404
2879188531,0.33447742,0.32127762,0.344245
2880489315,0.29468137,0.41899085,0.28632775
2880726120,0.3687476,0.33183736,0.29941505
2880844070,0.3323363,0.36783022,0.29983348
2881108296,0.3316359,0.35164788,0.31671622
2881538229,0.30908185,0.3964947,0.29442352
2882249696,0.29598314,0.40243828,0.30157858
2882369097,0.288229,0.34795055,0.3638205
2882804645,0.19593564,0.19593564,0.6081287
2883848090,0.44418284,0.27419466,0.28162244
2884190408,0.26773036,0.44071168,0.29155797
2884683490,0.311823,0.38609716,0.3020798
2884907082,0.4270804,0.30086464,0.27205497
2885594417,0.39132372,0.30803075,0.30064553
2885801828,0.34095657,0.34920365,0.3098398
2886021248,0.3768969,0.30260763,0.3204955
2886381771,0.3956547,0.31958017,0.28476512
2887762530,0.3371391,0.3891133,0.27374756
2887838027,0.32080698,0.37512523,0.3040678
2888187358,0.39338565,0.3231851,0.2834293
2888282747,0.37768972,0.30756664,0.31474364
2888592332,0.30983168,0.4090728,0.2810955
2889569546,0.3613615,0.3405154,0.2981231
2890079351,0.34479487,0.33223987,0.32296526
2890094824,0.32777375,0.3156938,0.35653242
2890163462,0.31270325,0.29360205,0.3936947
2890494674,0.34262854,0.35309088,0.30428055
2891377218,0.37372792,0.2720641,0.354208
2891642659,0.29294834,0.32425064,0.38280106
2892283778,0.42419368,0.29595995,0.2798463
2892498124,0.2857908,0.25067997,0.4635292
2893618881,0.3781719,0.33277497,0.28905314
2894074712,0.28985745,0.43320367,0.2769389
2894133650,0.34353152,0.34004456,0.31642395
2894220969,0.29258907,0.393714,0.3136969
2894812106,0.27345192,0.27345192,0.45309606
2894855686,0.3061781,0.40853116,0.28529078
2895783239,0.41257152,0.29880643,0.28862202
2896267586,0.53424424,0.2110736,0.25468218
2897016304,0.3707871,0.31532925,0.31388366
2897860859,0.49472615,0.23116902,0.27410483
2898028521,0.4650967,0.26120657,0.27369672
2898127291,0.29401264,0.36896873,0.33701864
2898498916,0.31528187,0.38479722,0.29992092
2898667822,0.38423878,0.33463103,0.2811302
2898754250,0.30627173,0.39446962,0.29925862
2898979678,0.53618824,0.20179352,0.26201823
2899799867,0.24505076,0.46782404,0.28712517
2900295010,0.29051435,0.4168607,0.292625
2901113179,0.3581822,0.30283433,0.3389835
2901559074,0.25472805,0.46647757,0.2787944
2901774444,0.3337217,0.330093,0.33618534
2902343638,0.36283362,0.36343265,0.27373374
2902520468,0.3596301,0.30202663,0.33834326
2902770888,0.25050345,0.44210866,0.3073879
2903408427,0.340943,0.37981814,0.27923885
2903534900,0.35873178,0.35768956,0.2835787
2904015990,0.31821513,0.33426392,0.34752095
2904105681,0.3309725,0.35702765,0.31199986
2904138986,0.33694822,0.36999846,0.29305327
2904931604,0.20328346,0.19473258,0.601984
2904940035,0.3303249,0.39843863,0.2712365
2905024860,0.40769744,0.29524267,0.29705992
2905360923,0.33886492,0.37441045,0.2867247
2905377249,0.39771456,0.30780607,0.2944793
2905462605,0.24977979,0.46575382,0.2844664
2905988126,0.31131035,0.33407378,0.3546159
2906494588,0.35107756,0.3673097,0.28161275
2906604755,0.26394343,0.26394343,0.47211313
2908305514,0.3972732,0.2953682,0.30735862
2908888488,0.40028757,0.30618376,0.29352868
2908933313,0.41107664,0.2825591,0.30636424
2909153744,0.3477066,0.34435868,0.30793476
2909474515,0.27946043,0.3645962,0.35594338
2910723263,0.40271592,0.2973982,0.2998859
2911123037,0.33017653,0.27838075,0.39144272
2911621969,0.32839695,0.38397002,0.28763303
2911877073,0.30641595,0.3200832,0.37350085
2912009485,0.33894998,0.37643036,0.28461963
2912015016,0.29471928,0.27387488,0.43140584
2912784922,0.2798245,0.41242868,0.3077469
2912884861,0.5111703,0.22031868,0.268511
2913006932,0.34859115,0.3587653,0.2926436
2913540976,0.39251843,0.31739303,0.29008856
2913654161,0.29636437,0.41460282,0.28903282
2914099937,0.32403624,0.37723464,0.29872915
2914204499,0.35623193,0.32582593,0.31794217
2915225023,0.35342807,0.3273468,0.31922513
2915562490,0.3072076,0.40863496,0.2841574
2916245186,0.3912412,0.30765796,0.30110088
2916763720,0.2760535,0.4258203,0.2981262
2916923980,0.32362986,0.35786122,0.31850895
2917566896,0.29399443,0.400859,0.30514657
2917794714,0.32287714,0.34326014,0.33386272
2918187920,0.30359852,0.39690638,0.29949513
2918309889,0.4211023,0.2899356,0.28896213
2918970126,0.32371584,0.37171662,0.30456758
2919184321,0.22868583,0.23128249,0.5400317
2920712981,0.3259012,0.38519257,0.28890622
2920869359,0.35737443,0.33939844,0.3032271
2921731625,0.282647,0.41868347,0.29866952
2921943125,0.3696282,0.35237437,0.27799746
2921990726,0.29778242,0.359103,0.34311458
2922109087,0.37118486,0.33159605,0.29721907
2922633363,0.32416168,0.37899703,0.29684126
2922704676,0.22933805,0.5091193,0.26154268
2922777772,0.33811012,0.39062423,0.27126563
2924260562,0.361539,0.34349304,0.29496795
2924334777,0.35786852,0.36414966,0.27798176
2924417779,0.3679374,0.31748188,0.31458074
2924893592,0.48339254,0.25427797,0.26232946
2925088295,0.29216975,0.31260502,0.3952252
2925091139,0.24990204,0.47111017,0.27898782
2925436873,0.479753,0.23807314,0.28217387
2925714657,0.29162258,0.29832578,0.4100517
2925833047,0.2725032,0.42815882,0.29933792
2925848424,0.49954474,0.21772057,0.28273466
2925917851,0.30124873,0.40424195,0.2945093
2926019716,0.34594148,0.3621527,0.29190582
2926801714,0.33459932,0.36702043,0.2983802
2926937595,0.3032047,0.42925715,0.26753822
2926958393,0.33672935,0.36496097,0.29830968
2927644719,0.30841118,0.3133406,0.3782482
2928981411,0.34820962,0.32684442,0.32494596
2929123195,0.3487234,0.35900977,0.29226685
2929491265,0.309685,0.3685888,0.32172614
2929837567,0.39522076,0.28146148,0.32331777
2930512189,0.3034796,0.3761927,0.3203277
2931423018,0.5286071,0.19445314,0.2769398
2931496266,0.33282456,0.33837798,0.3287974
2933175188,0.3525574,0.35405225,0.29339033
2933538002,0.35161668,0.34156257,0.30682075
2933745274,0.3571239,0.34738863,0.29548743
2934358428,0.32667768,0.34173495,0.33158737
2934804039,0.25924325,0.4457315,0.2950253
2935653962,0.2814376,0.4362147,0.2823477
2936297509,0.34905243,0.35377997,0.2971676
2936555363,0.39765894,0.31717706,0.28516397
2936783161,0.36115727,0.33923042,0.29961228
2936831378,0.3503935,0.36590827,0.28369823
2936858232,0.34878886,0.35830402,0.29290712
2936907583,0.2915088,0.42415714,0.28433412
2936930476,0.2942397,0.403076,0.30268437
2937318351,0.38177812,0.33307856,0.28514332
2937445913,0.42180604,0.28267652,0.29551744
2937799219,0.3101303,0.38631943,0.30355027
2938052543,0.33567744,0.35968912,0.3046334
2939269082,0.33061802,0.3725723,0.29680967
2939388327,0.38137865,0.32083637,0.29778498
2939450035,0.34916347,0.33472234,0.31611422
2939457083,0.38712588,0.29233718,0.32053694
2939462402,0.2505287,0.3670979,0.38237342
2939519902,0.3624958,0.3528384,0.28466582
2939582159,0.31735098,0.32215402,0.36049503
2939701736,0.25925276,0.43782094,0.3029263
2939763561,0.4054758,0.30619264,0.2883316
2940007914,0.28898305,0.41101325,0.3000037
2940056819,0.35752344,0.35256088,0.28991568
2940279021,0.28961793,0.41914317,0.2912389
2940420251,0.21348387,0.4803593,0.30615687
2940851760,0.29249573,0.39820608,0.3092982
2941101281,0.4048931,0.32023755,0.27486932
2941250115,0.29218224,0.40235418,0.3054636
2941296319,0.423627,0.2787321,0.2976409
2941426946,0.44039643,0.26704118,0.2925624
2941429181,0.34488612,0.35591596,0.29919788
2941686384,0.4090811,0.29077384,0.30014506
2942019181,0.3461905,0.33755428,0.31625518
2942089011,0.35490626,0.3705627,0.274531
2942355202,0.41294658,0.28510737,0.30194598
2942701228,0.38381678,0.34161413,0.2745691
2943139478,0.390651,0.26986152,0.33948755
2943896698,0.3235477,0.38709098,0.2893613
2945001916,0.3209661,0.3085023,0.37053162
2945331702,0.44263625,0.27463096,0.28273273
2945763328,0.38252398,0.33537737,0.28209865
2946125549,0.34905416,0.3646198,0.28632602
2946646616,0.4177122,0.27957875,0.30270904
2946766120,0.24656832,0.43282184,0.32060984
2947549128,0.32389176,0.38305026,0.29305798
2947803007,0.39061892,0.31934586,0.29003522
2948228493,0.40471685,0.28063267,0.31465048
2948468163,0.41053826,0.28752577,0.30193597
2948955956,0.24965325,0.25666904,0.49367768
2949364649,0.36185423,0.371378,0.2667678
2949467866,0.28262568,0.40521592,0.31215847
2950173317,0.3690325,0.36363333,0.26733416
2950723246,0.2908669,0.40120023,0.30793285
2950741121,0.42083508,0.28170383,0.29746112
2951128766,0.30610847,0.2879892,0.40590233
2951592512,0.31566942,0.39811555,0.286215
2951709096,0.40555835,0.31310123,0.28134048
2951829189,0.36766806,0.34173742,0.29059452
2952032084,0.43240523,0.28154874,0.2860461
2952394971,0.36505228,0.3415019,0.29344583
2952477813,0.3618372,0.35399026,0.28417253
2952492182,0.35711136,0.32570475,0.3171839
2952897270,0.28129378,0.4175379,0.30116835
2953628172,0.37523848,0.28258738,0.34217414
2953785634,0.31887594,0.36701965,0.31410438
2953946256,0.4017789,0.30533606,0.29288507
2954064081,0.36101267,0.30615473,0.33283257
2954306426,0.16701178,0.16701178,0.6659764
2954364895,0.33942348,0.3634564,0.29712015
2955763989,0.56087744,0.20110884,0.23801368
2958820056,0.14253685,0.61686206,0.24060106
2959341412,0.23695737,0.4566847,0.30635792
2960866929,0.30590683,0.40391797,0.2901752
2961402376,0.34013498,0.35245097,0.30741408
2961512398,0.37581486,0.31840682,0.30577826
2962028821,0.2761716,0.4220531,0.3017753
2962106615,0.32396013,0.35740805,0.3186319
2962673754,0.34970832,0.3402489,0.31004277
2962835750,0.38857597,0.31539455,0.2960295
2963194190,0.2703421,0.43981013,0.2898477
2963430035,0.4673094,0.22119018,0.31150043
2963625502,0.3441665,0.3507812,0.3050523
2963876834,0.25017878,0.48501116,0.2648101
2963951776,0.32048184,0.3118329,0.36768532
2964416493,0.29912898,0.3880847,0.31278637
2964960933,0.41110596,0.3010833,0.28781074
2966207841,0.34672657,0.3398035,0.31346998
2967883707,0.30301732,0.39582884,0.3011538
2968393875,0.3205585,0.31555098,0.36389056
2968403084,0.29641536,0.43783224,0.26575243
2968792081,0.20217502,0.52027416,0.2775508
2968838327,0.36391276,0.3515473,0.28453994
2969388291,0.35055712,0.33646834,0.3129745
2969547578,0.47740012,0.2400032,0.28259668
2969650158,0.25039515,0.43975276,0.30985212
2969960669,0.25073963,0.44950533,0.299755
2970746192,0.25683793,0.3174587,0.42570335
2970807200,0.380471,0.33175588,0.28777307
2970861380,0.3184331,0.3682056,0.31336135
2971085788,0.3554504,0.3589508,0.2855988
2971406735,0.43513507,0.2783054,0.28655958
2972402684,0.31076616,0.3877101,0.30152375
2972781156,0.35164642,0.34963483,0.29871878
2972783772,0.40161943,0.30674553,0.2916351
2972945353,0.3429342,0.3583199,0.29874593
2973345333,0.49505424,0.22351943,0.28142634
2973693197,0.42569545,0.29575014,0.27855444
2973836195,0.31049484,0.3956381,0.29386705
2974059007,0.41221654,0.29304042,0.29474297
2974064631,0.27091593,0.28877145,0.44031262
2974358037,0.28954855,0.41551173,0.2949397
2974388099,0.41071266,0.30920458,0.2800827
2974560835,0.24645777,0.47890246,0.2746398
2974583708,0.23527676,0.2575539,0.50716937
2974661002,0.33604538,0.35700357,0.306951
2974770254,0.35078394,0.33510387,0.3141122
2975228955,0.3262735,0.28914523,0.38458127
2976977441,0.27644378,0.33992225,0.3836339
2977426181,0.31436217,0.38124114,0.3043967
2978577876,0.2907071,0.31706825,0.3922246
2978808448,0.31574225,0.39490533,0.28935242
2979130087,0.37114266,0.23542961,0.39342773
2979499817,0.46709946,0.25480813,0.27809244
2979854448,0.2853397,0.37472516,0.33993512
2979964428,0.3160054,0.32033545,0.36365914
2980452396,0.34894532,0.3587444,0.2923103
2980508547,0.4008153,0.32184654,0.2773381
2980643862,0.40096462,0.31640476,0.28263062
2980726796,0.34338173,0.3380698,0.3185485
2980993870,0.3840286,0.34833077,0.26764062
2982049823,0.35795018,0.32643652,0.31561327
2982121620,0.46171576,0.24898587,0.28929836
2982126224,0.3667826,0.34273794,0.29047942
2982937676,0.29655105,0.37033522,0.33311367
2983074876,0.3800441,0.34013993,0.27981597
2983076417,0.25041524,0.4613905,0.2881942
2983474940,0.36282462,0.33953997,0.29763544
2983704495,0.4028496,0.2939479,0.3032025
2984325781,0.28591698,0.41935727,0.2947257
2984502857,0.37511155,0.3188369,0.30605158
2985141475,0.36250514,0.33500826,0.3024866
2985205569,0.36084718,0.3588441,0.28030878
2985779709,0.3378677,0.28330544,0.37882686
2985965233,0.31742346,0.3806234,0.3019531
2985978683,0.38925552,0.32463044,0.28611404
2986026561,0.27564013,0.43409163,0.29026818
2986059033,0.34157795,0.35355908,0.30486298
2986360546,0.3243928,0.36758807,0.30801916
2986558050,0.3803019,0.2741704,0.34552774
2987564556,0.29446802,0.41539693,0.29013503
2987849252,0.36627787,0.3449334,0.28878874
2988821944,0.22835766,0.2769734,0.49466896
2988900727,0.38238955,0.32458887,0.29302162
2988918851,0.43549675,0.27958125,0.284922
2989448739,0.3418709,0.34711623,0.31101286
2990154073,0.29257196,0.40705407,0.30037403
2990272224,0.3505308,0.31764817,0.33182102
2990306620,0.3990094,0.323129,0.2778616
2990785786,0.2800718,0.40081888,0.31910926
2990848240,0.32841516,0.3693263,0.30225855
2991366599,0.3645495,0.36683187,0.26861867
2992143926,0.29100072,0.40580726,0.30319202
2992737410,0.3498828,0.33293486,0.31718233
2993465606,0.39045215,0.3221358,0.28741208
2993629400,0.43468493,0.26282567,0.3024894
2993686823,0.32151014,0.38361928,0.2948706
2993841982,0.23247889,0.50720584,0.2603153
2994032790,0.40918922,0.2663148,0.32449603
2994133796,0.358976,0.36179408,0.27922988
2994570959,0.4444093,0.2713669,0.2842238
2994824401,0.2920124,0.30615455,0.40183306
2994832745,0.2958753,0.407529,0.2965957
2995564529,0.36128706,0.30457625,0.33413666
2996257587,0.34854412,0.36050868,0.2909472
2996687371,0.36163205,0.3384047,0.2999633
2997002337,0.34966257,0.3485011,0.30183637
2997785061,0.3573107,0.36537075,0.27731854
2998730144,0.3954177,0.28790167,0.31668067
2999091578,0.35852924,0.35974127,0.2817295
2999099378,0.48058385,0.23866288,0.28075328
2999228297,0.39651918,0.26899832,0.3344825
2999270358,0.34823954,0.3493805,0.30238
2999294809,0.33708996,0.37001228,0.29289773
2999433879,0.26807982,0.26807982,0.46384037
2999496681,0.2522335,0.3149705,0.432796
2999646223,0.4502874,0.2652852,0.28442743
3001372484,0.40902376,0.27090156,0.32007474
3001632276,0.35770375,0.27915776,0.3631385
3003291429,0.26344174,0.45262337,0.2839349
3003704683,0.38815814,0.32744968,0.2843922
3004238712,0.56202865,0.17564347,0.26232782
3004466845,0.46560213,0.25109518,0.28330266
3004713202,0.48232716,0.23655891,0.28111392
3004739653,0.22998166,0.48038113,0.28963715
3004769244,0.2618016,0.4509505,0.2872479
3005495848,0.38249335,0.32673442,0.2907722
3005512817,0.37159482,0.34225678,0.28614837
3005689511,0.4443062,0.26421106,0.29148275
3005982573,0.45362592,0.2591865,0.28718758
3007156924,0.40463376,0.31858003,0.2767862
3007277850,0.45076135,0.23118049,0.3180582
3007316153,0.27870816,0.4104321,0.31085974
3008111640,0.35124514,0.33865866,0.3100962
3008259768,0.3229506,0.38639492,0.29065448
3009244751,0.33062506,0.30888125,0.36049372
3009431214,0.23960923,0.43558997,0.32480085
3010631909,0.42453194,0.27290812,0.3025599
3011718015,0.31195763,0.3855301,0.30251232
3011882725,0.31259584,0.3945018,0.29290238
3012201214,0.3278719,0.34850013,0.323628
3012670085,0.3585793,0.3596264,0.2817943
3012730735,0.250947,0.45404673,0.29500628
3012738730,0.31874666,0.39242357,0.2888298
3012948378,0.29778284,0.416744,0.28547323
3013074383,0.36135313,0.25962463,0.37902224
3013495976,0.33603966,0.3697251,0.29423523
3013967628,0.3331045,0.36464804,0.30224746
3014635804,0.4056039,0.26431867,0.3300774
3015616195,0.35055554,0.33901352,0.31043094
3015782275,0.38256723,0.32539076,0.29204202
3016638213,0.3055408,0.39621902,0.29824018
3016899035,0.37995613,0.32314682,0.29689705
3017021928,0.3514009,0.34861663,0.29998243
3017405697,0.37579793,0.3213236,0.30287844
3017697505,0.29702273,0.40119815,0.3017791
3018866390,0.33433187,0.35099983,0.3146683
3019403328,0.35597992,0.3579776,0.28604245
3019519726,0.26926386,0.32053375,0.41020232
3019787220,0.27875477,0.4138683,0.30737692
3019955026,0.43921322,0.25822744,0.30255938
3020470354,0.26456743,0.4259309,0.30950165
3021209140,0.2919945,0.4249578,0.28304774
3021564132,0.27282074,0.44391304,0.2832662
3021684210,0.33737338,0.34994444,0.31268215
3021767666,0.35824412,0.33713815,0.3046177
3022048415,0.37007314,0.3337431,0.29618376
3022212860,0.34869438,0.33723694,0.31406873
3022615070,0.23050436,0.5011617,0.26833394
3022727678,0.4477483,0.25657412,0.29567757
3023470369,0.38035536,0.32954013,0.29010445
3024269005,0.32876953,0.37796462,0.29326585
3024301895,0.27725446,0.2771422,0.44560337
3024371024,0.32703227,0.38603437,0.28693336
3024381761,0.2603279,0.28766286,0.4520092
3024438145,0.45037514,0.24672908,0.30289575
3024863803,0.31921238,0.31556416,0.3652234
3025186974,0.42724073,0.2815573,0.29120195
3025943376,0.3463415,0.32948524,0.32417327
3026213138,0.33040744,0.39186943,0.27772313
3026354303,0.37706518,0.32160473,0.30133006
3027672252,0.35172567,0.36499768,0.28327668
3027880254,0.34320676,0.28368378,0.37310943
3028199149,0.34519413,0.35609293,0.29871294
3028510994,0.29998466,0.32450908,0.37550622
3028831304,0.32231623,0.36298162,0.31470215
3029556623,0.2158488,0.4758719,0.30827934
3030042738,0.4095919,0.31409633,0.27631176
3030251450,0.25172448,0.48187125,0.2664042
3031141279,0.3424526,0.32092446,0.33662292
3031475846,0.37854332,0.33213264,0.28932402
3031675568,0.37949514,0.31568485,0.30482003
3031721589,0.29872376,0.35457963,0.3466966
3031926978,0.26592934,0.26592934,0.4681413
3031972318,0.29401812,0.42410034,0.28188154
3032485493,0.33406782,0.34709802,0.3188342
3032710241,0.46506065,0.2652838,0.26965556
3033073587,0.2907334,0.41173267,0.297534
3034022267,0.35370684,0.38047934,0.26581383
3034050421,0.21113177,0.5051055,0.28376275
3034128351,0.3096311,0.3835119,0.306857
3034493712,0.40653363,0.2841957,0.30927068
3034773165,0.40625298,0.3074644,0.2862826
3034901605,0.5687938,0.17511746,0.2560888
3035770921,0.27388865,0.3613058,0.36480552
3035782789,0.35425165,0.3426723,0.30307606
3036791451,0.32699037,0.24906847,0.4239411
3037010389,0.3563255,0.32152566,0.32214886
3037175729,0.32984906,0.3333982,0.33675277
3037463089,0.27984986,0.42927596,0.29087424
3037656552,0.24978553,0.47408107,0.2761334
3038485396,0.3724631,0.3184608,0.30907613
3038755818,0.23758519,0.48792732,0.2744875
3039022186,0.23883776,0.23883776,0.5223245
3039776585,0.3051011,0.36427435,0.33062458
3039876984,0.34744465,0.34659004,0.30596533
3040154257,0.273661,0.4527782,0.27356082
3040222643,0.45616162,0.2688521,0.27498627
3040284628,0.34144732,0.3720855,0.28646716
3040400743,0.3629651,0.33398205,0.30305278
3041253351,0.38191456,0.32101893,0.29706648
3041301838,0.25640422,0.32864395,0.41495186
3041426979,0.3550569,0.3410354,0.30390772
3042006924,0.5254267,0.21708992,0.25748342
3042177518,0.20088103,0.5379041,0.26121485
3042410554,0.36414778,0.33652592,0.2993263
3042465489,0.5254887,0.20402947,0.27048182
3042705460,0.31989688,0.42205304,0.25805002
3042907823,0.42925626,0.27317926,0.29756448
3042926800,0.28496248,0.4237648,0.29127276
3042968611,0.24872145,0.48081625,0.27046233
3043260840,0.2822488,0.42997664,0.28777453
3043332295,0.35390973,0.35257408,0.2935162
3043981444,0.29775915,0.3904906,0.31175026
3044341921,0.36523968,0.34196764,0.29279268
3044473686,0.3355073,0.38636243,0.27813026
3044939714,0.36453685,0.3353585,0.30010468
3045259677,0.33760977,0.36351913,0.29887107
3045282713,0.34727544,0.34133077,0.3113938
3045982362,0.32513192,0.34799254,0.3268755
3046029059,0.3357376,0.38008025,0.2841822
3046334622,0.46128255,0.26044524,0.27827215
3047191182,0.24797344,0.22844991,0.5235767
3047237023,0.2949416,0.28342098,0.42163748
3047793453,0.18611297,0.56805223,0.24583477
3048652115,0.48137146,0.23131065,0.28731787
3049254359,0.31188595,0.34035367,0.34776038
3049254528,0.38213515,0.32001352,0.29785126
3049276549,0.3290518,0.27822828,0.39271992
3049296420,0.33267683,0.35926753,0.30805564
3049806251,0.32547146,0.38584417,0.28868437
3050019781,0.26257306,0.41770366,0.31972325
3050554828,0.35829976,0.3490521,0.2926481
3050636532,0.39144358,0.32326633,0.28529012
3050923793,0.36969244,0.34747615,0.28283143
3050997460,0.34316966,0.3699603,0.28687
3051182575,0.37468266,0.32403684,0.30128053
3051564687,0.28258988,0.22670802,0.4907021
3052088691,0.28321368,0.37576002,0.3410263
3052837949,0.28296193,0.3134166,0.40362144
3053077321,0.26783,0.4407608,0.29140916
3053231371,0.20032506,0.54113644,0.25853848
3053303904,0.39128882,0.3058675,0.30284366
3053426885,0.35856014,0.36261377,0.27882603
3053514563,0.51129836,0.21544573,0.2732559
3054098418,0.417828,0.2878797,0.2942923
3054164951,0.3130789,0.39480335,0.29211777
3055612351,0.35179156,0.3310162,0.31719226
3055929755,0.45825723,0.24488714,0.29685557
3056027325,0.35628003,0.35667753,0.28704247
3056033715,0.33255243,0.35796583,0.30948174
3056400365,0.2818269,0.42753616,0.2906369
3056472429,0.31413662,0.36587557,0.31998777
3057207253,0.24032262,0.24032262,0.5193547
3057232885,0.45328104,0.23853794,0.308181
3057288658,0.24352734,0.23688523,0.5195875
3057381848,0.294117,0.42635328,0.2795297
3057404546,0.43518895,0.2868832,0.27792785
3057406791,0.3765275,0.30482578,0.3186467
3057467671,0.2435765,0.29178113,0.4646424
3057525759,0.3935128,0.31223541,0.2942518
3057718805,0.28934336,0.4213805,0.28927618
3057783940,0.4854754,0.24221444,0.27231017
3057829970,0.28675294,0.4111263,0.3021208
3058314878,0.2424379,0.46793437,0.28962773
3058432036,0.3634938,0.3332274,0.30327886
3059130038,0.32867151,0.3790047,0.29232383
3059157659,0.29962415,0.29102778,0.40934807
3059485477,0.33742982,0.36008322,0.30248696
3059827613,0.5672985,0.19334772,0.23935375
3059836865,0.35196525,0.3225353,0.32549948
3059838172,0.37694216,0.29371113,0.32934672
3060910009,0.40163127,0.30112362,0.2972451
3061706145,0.35533583,0.36812964,0.27653456
3062172626,0.29547578,0.30497286,0.3995514
3063836130,0.37324226,0.34402573,0.282732
3065131647,0.3397052,0.37973613,0.28055868
3065223566,0.26213488,0.32910222,0.40876287
3065385172,0.26705128,0.36434186,0.36860687
3065471345,0.3281319,0.35600019,0.31586796
3066131308,0.29094595,0.40170756,0.30734652
3066137082,0.33319062,0.36117065,0.30563867
3066392647,0.37102526,0.32720023,0.3017745
3066400927,0.42378002,0.29277784,0.28344214
3066820553,0.36582875,0.3582729,0.27589834
3068323347,0.34052297,0.35936102,0.300116
3069015996,0.4077636,0.30370653,0.2885299
3069038008,0.34531966,0.33584696,0.3188334
3069047261,0.42439792,0.2854615,0.29014057
3069132706,0.33332676,0.35238993,0.3142833
3069199607,0.29479793,0.41014937,0.2950527
3069346156,0.30648196,0.38757032,0.30594775
3069429382,0.18982106,0.543834,0.2663449
3069556025,0.4191804,0.2804766,0.30034304
3069605698,0.40380767,0.30406252,0.2921298
3070141443,0.31931922,0.39262083,0.28806
3071325689,0.24606812,0.22578911,0.5281427
3071492286,0.48159128,0.26381212,0.2545966
3072111739,0.3216778,0.28707534,0.39124686
3072262089,0.28985965,0.4110995,0.29904088
3072780016,0.5790992,0.17330173,0.2475991
3072917778,0.33445686,0.34194446,0.32359868
3073553293,0.2768891,0.32327938,0.3998316
3074102769,0.32753512,0.39218757,0.28027737
3074290132,0.342115,0.37761742,0.28026757
3075528018,0.32787508,0.32894763,0.34317726
3075981215,0.36583668,0.3420493,0.29211402
3076016350,0.3045851,0.30895305,0.38646185
3076457139,0.36747915,0.31707275,0.31544805
3076506847,0.41347593,0.2761218,0.31040227
3076642707,0.16559324,0.58121943,0.2531873
3076989601,0.284676,0.24801561,0.4673084
3077668002,0.5615157,0.17955212,0.25893217
3077801951,0.34944555,0.31596875,0.33458573
3077951288,0.42921716,0.2720387,0.29874414
3078003671,0.48985934,0.23586552,0.27427512
3078427450,0.2667935,0.44710326,0.28610322
3078467509,0.3884674,0.31138656,0.30014607
3078501533,0.31552887,0.38066775,0.30380338
3078762842,0.31221902,0.39966333,0.28811765
3079049956,0.25218508,0.4667151,0.28109992
3079269963,0.35774833,0.23500314,0.40724853
3079354016,0.36489236,0.35539228,0.27971533
3079662753,0.3949021,0.2994486,0.30564925
3079886314,0.4750449,0.24185416,0.2831009
3079904429,0.31007594,0.3466537,0.34327036
3079979828,0.4730811,0.24439502,0.28252387
3080379058,0.26609644,0.44705445,0.2868491
3080557921,0.4180684,0.28981876,0.2921129
3081025101,0.40725294,0.30245095,0.29029608
3081201866,0.28624782,0.431342,0.28241017
3081374345,0.38265434,0.33640012,0.28094557
3081419484,0.30092263,0.3660804,0.33299696
3082116103,0.50814587,0.21816784,0.27368626
3082350811,0.34253937,0.39214647,0.26531416
3084008496,0.41732222,0.23504262,0.3476352
3084033288,0.431762,0.28541258,0.2828254
3084220056,0.3693033,0.33729577,0.2934009
3084944646,0.3778442,0.3204786,0.30167717
3085202157,0.40839022,0.30778885,0.28382093
3085637723,0.3197106,0.3921839,0.28810543
3085653498,0.34991896,0.38724786,0.26283318
3085841476,0.34481937,0.35467893,0.3005017
3085870352,0.39472705,0.29488355,0.3103894
3086558033,0.35160905,0.36024046,0.2881505
3086862647,0.27579445,0.4341399,0.29006565
3087143348,0.340039,0.3874936,0.27246737
3087222095,0.34282216,0.34410322,0.3130746
3087319746,0.357392,0.3539305,0.2886774
3088163376,0.3081616,0.29654196,0.39529645
3088253543,0.46127772,0.24061324,0.29810905
3088300828,0.33186853,0.3562169,0.31191456
3088459130,0.33195502,0.35210615,0.31593883
3088947202,0.32300508,0.38769746,0.28929746
3088947385,0.33008653,0.37427342,0.29564005
3089214893,0.35836667,0.34435713,0.29727617
3090076144,0.2333116,0.4485671,0.3181213
3090112966,0.45775142,0.24134168,0.30090693
3091015415,0.3062056,0.41553223,0.27826214
3091068934,0.38956457,0.30499357,0.30544186
3091314310,0.46095678,0.24735889,0.29168433
3091718630,0.43927395,0.26512414,0.2956019
3092606564,0.21032274,0.52404237,0.2656349
3092901819,0.37327552,0.3306464,0.2960781
3093584317,0.36142546,0.34681493,0.29175955
3093926643,0.28162545,0.34228218,0.37609237
3094002205,0.54337025,0.19541161,0.26121813
3094328503,0.5224706,0.21580705,0.2617224
3095239484,0.31675512,0.37840736,0.30483755
3096214989,0.45734805,0.2565785,0.28607345
3096219054,0.29492098,0.3659801,0.3390989
3097064175,0.31776375,0.39182103,0.29041523
3097391026,0.2658269,0.45034117,0.28383192
3097857965,0.3748343,0.33609903,0.28906667
3098410193,0.20986736,0.51891595,0.2712167
3098862311,0.31261566,0.36380085,0.32358342
3099031139,0.34211951,0.3388999,0.31898057
3099174131,0.34059617,0.35501063,0.30439323
3099631123,0.3511802,0.33846253,0.31035724
3099689885,0.2782563,0.43991575,0.28182793
3099794645,0.34526628,0.33482087,0.31991285
3099855586,0.27476138,0.42343056,0.30180812
3099966493,0.2610203,0.29191375,0.44706595
3100352663,0.2928563,0.26443106,0.44271263
3100379264,0.39556277,0.35339624,0.25104102
3100684830,0.3077003,0.3132215,0.3790782
3100899104,0.5256244,0.2031416,0.271234
3101809545,0.38412976,0.31441087,0.30145937
3102676998,0.39200687,0.32032317,0.28766996
3103253909,0.2375679,0.46715155,0.2952805
3103478821,0.24693692,0.47551477,0.2775483
3103818916,0.38157955,0.33434203,0.28407842
3103916330,0.24016939,0.4091081,0.35072255
3105504803,0.27054805,0.3888655,0.34058645
3105866995,0.25633305,0.4086616,0.33500537
3106107126,0.31485164,0.3334033,0.35174507
3106229026,0.36213833,0.3109482,0.32691348
3106313560,0.37751058,0.28673568,0.33575377
3106420063,0.31149244,0.3648624,0.32364514
3106586309,0.4961452,0.23317608,0.2706787
3106678392,0.32806358,0.37367454,0.29826188
3106791978,0.33679485,0.37366802,0.28953713
3107720472,0.33139968,0.37630767,0.29229265
3108513784,0.35490015,0.34599444,0.2991054
3108517699,0.3768068,0.31473583,0.30845737
3109422004,0.40843758,0.31822896,0.27333346
3109509752,0.2727281,0.28352594,0.44374597
3109719287,0.4267252,0.27083963,0.30243516
3110144979,0.2620584,0.4704607,0.26748088
3111259906,0.2599559,0.43261164,0.3074324
3111856940,0.34498656,0.36033776,0.29467568
3111979393,0.26226136,0.44835833,0.2893803
3112490835,0.30238318,0.40168422,0.29593265
3113137370,0.5366453,0.21204811,0.2513066
3114922513,0.3086965,0.36175513,0.3295483
3115055016,0.26910752,0.36184072,0.3690517
3115218807,0.3100273,0.3955696,0.29440308
3115520364,0.3226498,0.41090363,0.2664466
3115807241,0.29360986,0.4018445,0.30454564
3115834412,0.4358547,0.2794526,0.2846927
3116547749,0.31414902,0.32366875,0.36218223
3117122035,0.30934167,0.29925436,0.39140397
3117190919,0.23745844,0.44866878,0.3138728
3118065757,0.24346986,0.28310353,0.47342664
3118254456,0.371896,0.33403292,0.29407108
3118470191,0.3376724,0.36125886,0.30106872
3119265615,0.2619856,0.37952122,0.3584932
3119297099,0.35283923,0.34880114,0.29835963
3119298581,0.329732,0.36615288,0.30411512
3119934809,0.24520035,0.42110234,0.33369732
3119963331,0.24390242,0.22469965,0.53139794
3120263175,0.29904956,0.32185346,0.37909696
3120525292,0.33606222,0.35199755,0.31194022
3120555866,0.39170492,0.26623154,0.34206352
3120880553,0.42663503,0.29952696,0.27383804
3121062050,0.241133,0.46040976,0.29845726
3121170710,0.2864555,0.37996453,0.33357993
3121212272,0.3560559,0.3356455,0.3082986
3121223262,0.3432131,0.35310668,0.3036802
3121230925,0.5070141,0.21830487,0.27468103
3121980389,0.4321379,0.27555913,0.292303
3122156389,0.3650108,0.34931993,0.2856692
3122601877,0.31424156,0.29948846,0.38627
3122654430,0.3575536,0.33841085,0.3040355
3123202315,0.3757252,0.355408,0.26886678
3123980230,0.34969503,0.32730764,0.32299736
3124492090,0.31538054,0.38422847,0.30039096
3125557184,0.31006187,0.37766904,0.31226903
3125558595,0.30664372,0.41507638,0.2782799
3125938197,0.45677894,0.26465708,0.278564
3126038295,0.4415772,0.278426,0.27999675
3126050522,0.34542352,0.35330772,0.30126876
3126130166,0.31211925,0.3823823,0.30549845
3126161786,0.25403047,0.46169752,0.28427202
3126626033,0.35744014,0.30764464,0.33491522
3127136283,0.3610595,0.3660065,0.272934
3127277799,0.34152395,0.340467,0.31800908
3127462025,0.29779696,0.34527248,0.35693055
3127902019,0.48371053,0.263644,0.25264546
3127975893,0.31935087,0.38698304,0.2936661
3128001044,0.30446753,0.3757822,0.3197503
3128179535,0.33602956,0.37186676,0.2921037
3128690995,0.41364264,0.30191085,0.2844465
3128854159,0.42056364,0.29595277,0.28348362
3128979269,0.35260913,0.3669511,0.28043973
3129051494,0.42748022,0.25294876,0.31957105
3130028850,0.31418237,0.3812502,0.3045674
3130380509,0.33584082,0.37860787,0.28555128
3130434492,0.4301765,0.28937054,0.28045294
3130496322,0.4227959,0.30256888,0.2746352
3130731450,0.36706215,0.36244833,0.27048945
3131280903,0.4338533,0.27442634,0.29172036
3133235971,0.32455754,0.3156168,0.3598256
3133288267,0.32057205,0.3579367,0.32149124
3133539954,0.3231157,0.38256904,0.29431528
3133692258,0.3312967,0.34986168,0.31884164
3134896213,0.3005651,0.37121284,0.32822207
3134984933,0.3293891,0.3169937,0.3536172
3135158524,0.4212659,0.27295312,0.30578092
3135235841,0.30941164,0.377253,0.31333536
3135597227,0.3395095,0.33935118,0.32113934
3135601918,0.37393853,0.331326,0.2947355
3135773592,0.25768763,0.4632554,0.27905694
3135960956,0.32919067,0.3611105,0.30969885
3136102386,0.3278159,0.33435023,0.33783388
3136495870,0.38285053,0.27053028,0.3466192
3136741155,0.3496703,0.37569368,0.27463603
3137240487,0.39636177,0.30443192,0.29920632
3137305744,0.33585113,0.36801466,0.2961341
3138617629,0.35837078,0.31590393,0.32572523
3139227583,0.3095218,0.4069094,0.28356877
3139716818,0.32278982,0.37976432,0.29744583
3140639297,0.28784212,0.40842342,0.30373442
3140763219,0.27219194,0.38166106,0.34614703
3140793515,0.46006745,0.24055234,0.2993802
3140863691,0.37472737,0.3349821,0.29029053
3140989039,0.33859015,0.24870369,0.41270614
3141155728,0.30012694,0.40714315,0.2927299
3142392955,0.2854329,0.42324495,0.29132217
3142658674,0.354907,0.35552728,0.28956574
3143017271,0.38271916,0.30559337,0.31168747
3143072315,0.5078187,0.22207856,0.27010274
3143483897,0.35068923,0.36294466,0.2863661
3143872499,0.40755785,0.30755913,0.28488302
3144321884,0.3779139,0.3252758,0.29681027
3144700298,0.4185127,0.24788395,0.33360332
3144941870,0.36948776,0.32363087,0.3068813
3145752512,0.33563036,0.37293556,0.2914341
3145755583,0.44670796,0.26738378,0.28590825
3145755720,0.3210381,0.39525735,0.28370452
3146721997,0.36722833,0.33910686,0.2936648
3147025128,0.2903763,0.40386322,0.30576044
3147131053,0.32434428,0.37922353,0.29643226
3147395021,0.3080684,0.33069208,0.3612395
3148136760,0.29808426,0.39214838,0.30976743
3148992817,0.32772684,0.3879143,0.28435886
3149266846,0.34373823,0.27156764,0.38469413
3150049068,0.34542003,0.3521117,0.3024683
3150496179,0.4007393,0.32198048,0.27728015
3150511487,0.3293184,0.38930812,0.2813735
3150956596,0.3333476,0.34895694,0.31769544
3151283626,0.3164423,0.33774793,0.34580973
3152538603,0.34847647,0.35574374,0.2957798
3152580090,0.36265346,0.34640563,0.2909409
3153612856,0.31111354,0.39131847,0.29756802
3154036691,0.5004915,0.22788805,0.2716205
3154099170,0.491667,0.24515966,0.26317334
3154146096,0.32150733,0.3883003,0.29019237
3154746136,0.39451697,0.28363466,0.32184833
3155998954,0.27409247,0.40072238,0.32518512
3156145621,0.3643511,0.35152274,0.28412616
3156337698,0.35433963,0.33869907,0.3069613
3156959575,0.40474766,0.29775578,0.29749653
3158363630,0.3385728,0.3391683,0.32225886
3158694360,0.22675684,0.48208645,0.2911567
3160183299,0.48468184,0.23510724,0.28021088
3160724499,0.3498357,0.3830855,0.2670788
3160759258,0.33284938,0.37181938,0.29533124
3160808280,0.37176788,0.33700553,0.29122666
3160811124,0.35028243,0.35733038,0.2923872
3162681519,0.2654273,0.44913635,0.28543636
3162753262,0.3239399,0.3630927,0.31296742
3163032616,0.36666864,0.34946895,0.2838624
3163273199,0.33190808,0.3644588,0.30363315
3163971951,0.316624,0.36214197,0.32123405
3164227135,0.3864169,0.29738802,0.31619507
3164417504,0.4254359,0.26315027,0.31141382
3164692104,0.3312331,0.3478317,0.3209352
3165242937,0.16399817,0.59414434,0.24185747
3165546521,0.3282439,0.38055795,0.29119816
3165645434,0.26742458,0.4421937,0.29038173
3165686690,0.39394054,0.3180341,0.28802535
3166352819,0.34908932,0.35184374,0.29906696
3167438898,0.4458353,0.2658975,0.28826725
3167602651,0.28182188,0.40963018,0.30854797
3167764273,0.33299685,0.347445,0.31955814
3168909592,0.29635078,0.39898807,0.30466115
3169747055,0.24628687,0.46437258,0.28934056
3169882560,0.3094417,0.36169782,0.32886046
3170056450,0.40840518,0.2744578,0.317137
3170113432,0.36718833,0.29926926,0.33354238
3170666515,0.3206718,0.40172487,0.27760333
3170792586,0.2891991,0.3789714,0.3318295
3171249488,0.2790408,0.42958483,0.29137433
3171287727,0.32068408,0.40442583,0.27489012
3171391168,0.37741712,0.33101875,0.29156417
3171427398,0.37290078,0.28766614,0.33943307
3171869129,0.3006578,0.424523,0.2748192
3171952596,0.3795342,0.35204718,0.2684186
3172535541,0.31829703,0.40034956,0.2813534
3172609814,0.41613948,0.28823036,0.29563016
3172838105,0.34812903,0.36115587,0.2907151
3173153347,0.26891333,0.45359337,0.27749333
3173492657,0.1887258,0.5591719,0.2521023
3174516022,0.25757045,0.451955,0.29047456
3174679785,0.22874707,0.4848745,0.28637838
3174968596,0.2722729,0.46138886,0.2663382
3175417030,0.31885657,0.39314747,0.28799593
3175449578,0.36217093,0.32707778,0.31075126
3175524743,0.27396798,0.43594462,0.2900874
3175827825,0.30408478,0.32116324,0.374752
3176184202,0.37065202,0.313879,0.315469
3176488905,0.19787285,0.18998763,0.6121395
3176863829,0.22864546,0.5146914,0.2566631
3177270435,0.3897522,0.31452566,0.29572213
3177815736,0.33074844,0.3672645,0.30198702
3178784528,0.3485555,0.34567577,0.30576873
3178827444,0.23096342,0.5095999,0.2594367
3179143317,0.33713686,0.32209295,0.34077018
3179160017,0.47076535,0.2613554,0.26787925
3179716452,0.4798954,0.24180353,0.27830103
3179894829,0.28709722,0.43097538,0.2819274
3179907374,0.29960033,0.34090486,0.3594948
3180091687,0.3155615,0.40406084,0.2803777
3180182003,0.29666024,0.27549464,0.42784518
3180341401,0.44081634,0.27247092,0.28671277
3180457611,0.29819918,0.33771056,0.36409026
3181078671,0.3512603,0.3562857,0.29245406
3181486886,0.400851,0.34053153,0.25861746
3181506989,0.43358582,0.27291974,0.29349446
3181830253,0.40343314,0.30823702,0.28832984
3182644921,0.331291,0.35623056,0.31247842
3182707949,0.28383732,0.30842757,0.4077351
3183049041,0.3265192,0.39791057,0.2755702
3183255576,0.24361172,0.3981411,0.35824722
3183615639,0.4693086,0.25338438,0.27730697
3183848856,0.29818586,0.33931342,0.36250067
3184249168,0.35875988,0.35223147,0.28900862
3184275676,0.18118379,0.18118379,0.6376324
3185240930,0.43183196,0.25906855,0.30909953
3185272344,0.3811691,0.32881862,0.29001224
3185859574,0.34823558,0.36178172,0.2899827
3185907136,0.4755619,0.24412155,0.28031656
3185987883,0.32227442,0.3973822,0.28034338
3186190604,0.35347652,0.32486725,0.32165623
3187223864,0.33099076,0.35009015,0.31891912
3187543836,0.33820367,0.38119617,0.2806002
3188273938,0.3066885,0.369936,0.32337552
3190280299,0.33805224,0.3164925,0.34545526
3190326540,0.32407677,0.37436822,0.30155504
3190786680,0.43118376,0.27348644,0.2953298
3191376017,0.35724968,0.29189807,0.35085225
3191771919,0.3949951,0.3183609,0.28664404
3191991150,0.3571323,0.31806517,0.32480255
3192235215,0.3690136,0.34872836,0.28225806
3192413671,0.34441096,0.36509442,0.29049456
3192483949,0.37365466,0.35868552,0.26765984
3192735463,0.34420863,0.3393404,0.316451
3193539818,0.50733423,0.23048645,0.26217934
3193596494,0.34318256,0.27671736,0.38010007
3193706182,0.4105206,0.28577256,0.30370682
3194662020,0.38195553,0.33003542,0.28800905
3195202868,0.33994007,0.30057874,0.3594812
3196030165,0.2882473,0.38279212,0.3289606
3196403254,0.22269112,0.50053895,0.27677
3196761939,0.44977558,0.27517605,0.27504838
3197582372,0.2362059,0.48402163,0.27977246
3197645139,0.22627157,0.48533663,0.28839183
3197820589,0.33929747,0.3613599,0.29934266
3197890822,0.3069321,0.36193532,0.33113262
3197905145,0.3826136,0.31342387,0.30396253
3198150454,0.34765905,0.2692885,0.38305247
3198365599,0.26719576,0.34945107,0.38335317
3199070557,0.22423628,0.29613733,0.47962636
3199603539,0.17811133,0.5566275,0.26526117
3199803753,0.37593144,0.34349996,0.2805686
3200158581,0.36917782,0.375758,0.25506422
3200349991,0.34892493,0.3645742,0.28650087
3201026969,0.34138188,0.36373895,0.29487917
3202474235,0.35409504,0.35622412,0.28968084
3203083679,0.2812838,0.4303993,0.28831697
3203094003,0.3905045,0.28243834,0.32705718
3203443621,0.29323843,0.2776092,0.42915237
3204104040,0.49649736,0.22849865,0.27500397
3204966185,0.29402867,0.41787946,0.2880919
3205166270,0.45742673,0.25855133,0.284022
3205313254,0.32353893,0.37258735,0.30387372
3205755852,0.33025205,0.38326788,0.2864801
3206209297,0.5246315,0.20161703,0.2737515
3206576532,0.3450935,0.3043606,0.35054588
3207248594,0.2730315,0.4018982,0.32507026
3207539124,0.34620363,0.35555297,0.2982434
3207729174,0.27164733,0.27000517,0.45834756
3207964447,0.27751678,0.24679083,0.47569242
3208029922,0.36061013,0.3656497,0.27374014
3208077793,0.3112991,0.34627366,0.34242728
3208163720,0.25958097,0.43869776,0.30172127
3208391076,0.29049754,0.3344037,0.3750987
3209017341,0.38700482,0.28924346,0.3237517
3209027091,0.5019057,0.23892845,0.25916588
3209205960,0.38860846,0.2471461,0.36424547
3209325351,0.3152917,0.37594354,0.30876473
3209595533,0.37150788,0.34230894,0.2861832
3209878472,0.3312114,0.39754486,0.27124372
3209977557,0.40535134,0.29876727,0.29588133
3210612222,0.35901576,0.37416345,0.2668208
3211448297,0.3414455,0.368045,0.29050946
3211553280,0.3513524,0.3641957,0.2844519
3212133013,0.2919429,0.4024467,0.30561042
3212554418,0.43817353,0.2793768,0.2824497
3212712104,0.36803734,0.34904152,0.2829212
3213229438,0.33254096,0.38891166,0.2785474
3213600440,0.3965767,0.26999366,0.33342963
3214289871,0.3157388,0.3237096,0.3605516
3214520850,0.33652097,0.33133096,0.33214805
3214642620,0.3318576,0.381548,0.2865944
3214761921,0.27632087,0.3922627,0.33141637
3215065458,0.27565938,0.3750006,0.34934
3215202887,0.353176,0.35311475,0.29370925
3215561540,0.2426208,0.4967655,0.26061368
3215579753,0.3610254,0.3197505,0.31922406
3215813153,0.30134323,0.38672584,0.31193087
3216323916,0.32583722,0.3877287,0.28643405
3216405681,0.35076076,0.36085862,0.28838062
3216524305,0.32783672,0.3775023,0.294661
3216637998,0.5377029,0.21167798,0.25061908
3216786217,0.46285862,0.25749335,0.279648
3217318611,0.2696158,0.46271878,0.26766536
3217669574,0.28750336,0.41526017,0.2972365
3217911451,0.29923022,0.42377985,0.27699
3218522083,0.3036544,0.42263925,0.27370632
3218565975,0.38934052,0.32424062,0.28641886
3218632163,0.35625166,0.35502678,0.2887215
3219459915,0.33105677,0.39774975,0.27119344
3219815633,0.3777926,0.31989735,0.30231002
3220143595,0.39847934,0.31691545,0.28460518
3220882710,0.21761298,0.50903153,0.27335545
3220927820,0.3928941,0.31737953,0.28972632
3221294162,0.3434407,0.31399262,0.34256664
3221656509,0.3171238,0.3718495,0.3110267
3222457608,0.3807605,0.29235828,0.32688123
3222840531,0.3278805,0.3967314,0.27538812
3222961707,0.36869866,0.35369736,0.27760398
3223146507,0.28501692,0.31040722,0.40457588
3224184752,0.45961398,0.2659222,0.27446377
3224729268,0.3525395,0.31346506,0.3339954
3225281478,0.34571093,0.29146528,0.36282372
3225896807,0.4206455,0.29541117,0.28394333
3226047585,0.2781554,0.3610854,0.36075923
3226196897,0.3414631,0.34288415,0.31565273
3226497479,0.28343672,0.40874732,0.30781597
3227293788,0.35640264,0.34676415,0.29683322
3227546034,0.2744907,0.42743456,0.29807478
3228289558,0.28179055,0.32327956,0.3949299
3228367042,0.2744459,0.46135873,0.26419532
3228492213,0.24512094,0.49020696,0.2646721
3228707635,0.37877554,0.3432611,0.27796337
3229098304,0.36768067,0.33821124,0.294108
3229526020,0.35289133,0.3526583,0.2944504
3229890518,0.42459893,0.26794708,0.307454
3230168129,0.34344152,0.38080418,0.27575427
3230724584,0.45617706,0.25986397,0.2839589
3230803801,0.4758587,0.2566374,0.26750386
3231108357,0.32509333,0.3243113,0.3505954
3231184947,0.3420555,0.37552118,0.28242335
3233008629,0.32366496,0.28122336,0.39511165
3233301919,0.31477237,0.3394863,0.34574133
3233732829,0.41412324,0.2840535,0.30182326
3234044851,0.23305827,0.49200946,0.27493227
3234232822,0.33849597,0.35484833,0.30665573
3234599529,0.29676512,0.28453356,0.4187013
3235517195,0.33000398,0.36715996,0.30283606
3235535186,0.561346,0.18953305,0.24912094
3236132614,0.45624584,0.26780048,0.2759537
3236205139,0.34515575,0.3050061,0.34983817
3236308720,0.286466,0.4432816,0.2702524
3236357066,0.3456514,0.37419552,0.2801531
3236502968,0.3847328,0.30006865,0.3151985
3236818080,0.5369772,0.20855692,0.25446588
3237211691,0.23932976,0.46360803,0.29706216
3237255706,0.25372088,0.44749808,0.29878104
3237459849,0.34964338,0.35257196,0.29778466
3237985386,0.3859474,0.31553012,0.29852253
3238255027,0.17853628,0.5586438,0.26281983
3238371443,0.31688774,0.37970537,0.3034069
3238609753,0.36099726,0.33483142,0.30417126
3239338165,0.33607635,0.35480428,0.30911937
3239481736,0.41387022,0.26368433,0.32244545
3239818601,0.35039103,0.34578556,0.30382335
3240228137,0.31893533,0.38958734,0.29147738
3241170090,0.22164035,0.24725533,0.5311043
3242245958,0.26509413,0.3729789,0.361927
3242250523,0.30653614,0.247604,0.44585982
3242519277,0.56235915,0.17054644,0.26709443
3242583762,0.326707,0.3896832,0.2836098
3242764247,0.31660134,0.39826453,0.2851342
3243674249,0.34425402,0.31489152,0.34085447
3243702615,0.3555806,0.35926092,0.28515843
3244003758,0.26963702,0.32976195,0.40060103
3244413826,0.37279424,0.3439953,0.2832105
3244496562,0.3269844,0.3807474,0.2922681
3244836422,0.41823024,0.28995568,0.29181403
3245029970,0.32290304,0.36079627,0.31630075
3245102816,0.363752,0.34000778,0.29624015
3245223190,0.24763541,0.29842374,0.45394087
3245280495,0.33016258,0.30923584,0.36060154
3245666806,0.35073155,0.35946774,0.2898007
3245892825,0.35277694,0.36470866,0.28251445
3246134570,0.33661628,0.38829222,0.27509156
3247270831,0.32862377,0.38189828,0.28947794
3247518210,0.48152283,0.23859647,0.27988073
3247984180,0.39703405,0.32390052,0.27906543
3248232329,0.19472423,0.55748683,0.24778894
3248751408,0.35436642,0.38638902,0.2592446
3248952555,0.29858243,0.38929522,0.31212234
3249267715,0.3702186,0.28149325,0.34828818
3249638689,0.39752916,0.28943408,0.31303683
3249775826,0.38027453,0.30928653,0.31043893
3249784736,0.36382023,0.36116558,0.27501422
3250867070,0.40404257,0.310825,0.2851324
3251344548,0.22163305,0.503773,0.27459395
3251639036,0.33484286,0.35587892,0.3092782
3252038542,0.28113085,0.33378908,0.3850801
3252349014,0.23565045,0.47164047,0.2927091
3252350997,0.23050162,0.4866937,0.2828047
3252557419,0.27232715,0.43505597,0.2926169
3252986488,0.28968853,0.43113744,0.27917406
3253567357,0.47406238,0.2529095,0.27302814
3253817798,0.31020918,0.32688498,0.36290583
3254599821,0.3619155,0.3392335,0.298851
3254808463,0.3230448,0.37705004,0.29990512
3254813127,0.37189597,0.30998355,0.31812048
3255513722,0.24305451,0.4630435,0.29390204
3256319504,0.29376084,0.40811914,0.29812002
3256347588,0.34485823,0.2716254,0.38351637
3256569372,0.37902278,0.3185276,0.30244958
3256999028,0.37683442,0.32635736,0.29680824
3257016178,0.3014066,0.3741367,0.32445672
3257986836,0.3793354,0.29032022,0.33034444
3258256669,0.39289153,0.31695125,0.29015723
3258865589,0.34017333,0.37006938,0.2897573
3259050885,0.3687767,0.3291658,0.30205756
3259494929,0.3298189,0.35689422,0.3132869
3259602679,0.2393227,0.48272645,0.27795088
3260434421,0.32787,0.37657273,0.29555732
3260822772,0.26631847,0.28043765,0.4532439
3260899233,0.37523887,0.32573658,0.29902458
3261765552,0.3372147,0.35099056,0.3117947
3261846187,0.32759076,0.3385414,0.33386785
3262222868,0.43597102,0.27512956,0.28889948
3262569578,0.34333974,0.35158402,0.30507624
3262683126,0.32343507,0.318182,0.35838297
3263291347,0.42285287,0.26976767,0.30737948
3263758499,0.28098825,0.41952825,0.29948348
3264022270,0.27347696,0.42875138,0.2977716
3265151767,0.22184299,0.48363826,0.29451877
3266543774,0.3179794,0.3404016,0.34161896
3266874440,0.3295955,0.37185985,0.29854468
3267074500,0.2654987,0.42505968,0.30944166
3267158320,0.2654818,0.4562326,0.27828562
3267314991,0.23469466,0.49420106,0.27110428
3267956368,0.38496417,0.32808185,0.28695402
3267958313,0.3933516,0.32566774,0.2809806
3268342810,0.32101822,0.3979596,0.28102225
3268521320,0.32081866,0.32067096,0.35851032
3268671125,0.3461674,0.33564842,0.31818423
3268872972,0.3921787,0.32006103,0.28776023
3268975371,0.36739257,0.3203787,0.31222874
3269015080,0.37329903,0.31396484,0.3127361
3269066699,0.26602998,0.44707027,0.28689975
3269752467,0.2669136,0.27571425,0.45737213
3270127721,0.4003827,0.3022267,0.29739058
3270134951,0.25745252,0.47053784,0.2720096
3270224778,0.35205376,0.35948092,0.28846532
3270321281,0.37314415,0.34076512,0.28609073
3270690790,0.28229225,0.42572796,0.2919798
3270894889,0.30614555,0.41021663,0.28363782
3271060713,0.28545168,0.4430636,0.27148467
3271285325,0.31543833,0.38371003,0.30085167
3271354584,0.47210163,0.24041754,0.28748086
3271603491,0.32337016,0.36980313,0.3068267
3271661908,0.2457701,0.38301462,0.37121528
3273190481,0.36390465,0.3396092,0.29648614
3273609427,0.24950457,0.2945723,0.45592314
3273804347,0.1825022,0.5495037,0.2679941
3274457708,0.29380316,0.2771396,0.42905724
3274748008,0.29159862,0.29711336,0.41128802
3274776692,0.35699743,0.25837898,0.38462362
3274948662,0.32372805,0.270253,0.40601897
3275656206,0.29619944,0.4217244,0.28207615
3275944646,0.32256186,0.3879845,0.28945363
3277123263,0.30019322,0.41006762,0.2897392
3277657186,0.38210282,0.28650868,0.33138853
3278001033,0.33772117,0.34067208,0.32160673
3278226162,0.45204175,0.2616002,0.28635806
3278313636,0.3309055,0.37039942,0.29869506
3278362175,0.33247757,0.35909232,0.30843008
3279005401,0.46219984,0.23635073,0.30144942
3280120357,0.37192303,0.29153156,0.3365454
3280382230,0.2595032,0.4482572,0.29223964
3280561209,0.3471749,0.32970214,0.32312292
3280751006,0.2262287,0.48739058,0.2863807
3280923918,0.26235464,0.45294675,0.2846986
3281525264,0.29228985,0.41199338,0.29571682
3281752915,0.326614,0.36121663,0.31216937
3281845060,0.28969744,0.39948592,0.31081665
3283281523,0.3927729,0.32334447,0.28388256
3283457260,0.31083956,0.35298803,0.3361724
3283994191,0.4060614,0.30167603,0.29226255
3284100956,0.36364776,0.36442637,0.27192587
3284336668,0.31518567,0.34464282,0.34017152
3284890211,0.3092453,0.35588223,0.33487245
3286728102,0.33041182,0.36492938,0.30465883
3286998179,0.4347391,0.2650906,0.3001703
3287193140,0.5495949,0.18968973,0.2607154
3287575370,0.38642782,0.30856174,0.30501044
3287580759,0.33218604,0.37390003,0.2939139
3287702252,0.2514026,0.25738028,0.4912172
3288518549,0.2839225,0.437481,0.27859652
3288742304,0.42587125,0.23896033,0.3351684
3289151948,0.45055372,0.2585741,0.29087222
3289521440,0.26554996,0.34467456,0.38977548
3290026807,0.3776189,0.32368255,0.29869854
3290111065,0.2248156,0.5187929,0.2563915
3291293483,0.24322145,0.2646612,0.49211735
3291373769,0.41854346,0.28202605,0.29943055
3291698934,0.354792,0.3460102,0.2991978
3291742686,0.2992615,0.40504965,0.2956888
3292204465,0.34163022,0.3532524,0.30511737
3292507728,0.33770695,0.31409037,0.34820265
3292629492,0.29705837,0.4054734,0.29746825
3292920304,0.3524316,0.35299167,0.2945767
3293395157,0.3932333,0.28864136,0.3181253
3293489896,0.33422744,0.3504663,0.31530625
3293653976,0.36753938,0.34209323,0.29036736
3293715271,0.3207224,0.31606644,0.36321118
3293958169,0.39091003,0.2992428,0.30984718
3293987159,0.251538,0.25922868,0.48923326
3294013478,0.30697453,0.3819843,0.31104118
3294721822,0.33737776,0.37897906,0.2836432
3294917894,0.35850805,0.3260622,0.31542975
3295277774,0.42482024,0.2769569,0.2982229
3295369321,0.3411819,0.3152001,0.34361804
3296706639,0.33237386,0.35518306,0.31244308
3296910100,0.33110824,0.3522969,0.31659487
3297083927,0.34163827,0.32329196,0.33506975
3297403463,0.4064421,0.2925613,0.30099657
3297721104,0.37490177,0.33015627,0.294942
3297882697,0.34255007,0.35571465,0.30173528
3298189994,0.39433762,0.3216228,0.28403956
3298196865,0.27553448,0.35030445,0.37416103
3298641848,0.34267437,0.32852328,0.32880235
3299011441,0.2891733,0.30950397,0.40132275
3299019188,0.36799008,0.29563302,0.3363769
3299390114,0.3023687,0.4252786,0.2723527
3299412065,0.37950626,0.33674932,0.28374442
3299515384,0.33284461,0.32669193,0.34046343
3299910975,0.52132404,0.21203774,0.26663822
3300592873,0.3501471,0.358195,0.2916579
3300948167,0.36476606,0.34265003,0.29258388
3301666776,0.34270537,0.38883898,0.26845568
3302502339,0.2524093,0.44964787,0.29794285
3302511153,0.42531216,0.29739952,0.27728832
3302653880,0.24027342,0.3815549,0.3781717
3303644806,0.3844649,0.34303084,0.27250427
3303888854,0.3287888,0.38923895,0.2819723
3304307811,0.34482336,0.37093645,0.28424013
3304733983,0.3330654,0.37078187,0.29615277
3304762781,0.36762768,0.23957801,0.39279425
3305054203,0.26313493,0.2654394,0.47142565
3305171806,0.27999544,0.41274273,0.30726182
3305207639,0.3439837,0.3630988,0.29291755
3305250684,0.34355116,0.30863434,0.34781456
3305695783,0.34784538,0.36310095,0.28905368
3305917307,0.33926374,0.36558968,0.29514658
3306042505,0.23070958,0.48746288,0.28182757
3306062810,0.5124146,0.21499643,0.27258903
3306147077,0.2670672,0.44997704,0.28295577
3306209769,0.28578123,0.41630623,0.2979125
3306210148,0.40653262,0.29326355,0.3002038
3306437096,0.32238376,0.39892387,0.27869236
3306559483,0.41746616,0.2825052,0.30002862
3306644637,0.43817687,0.27668864,0.2851345
3307035577,0.29850233,0.38639325,0.31510442
3307564458,0.3348787,0.36693582,0.29818547
3307824359,0.346481,0.37223202,0.281287
3308744823,0.43960702,0.27059767,0.2897953
3309146754,0.25822094,0.44903007,0.292749
3309609508,0.40509385,0.2708745,0.32403162
3310524799,0.3594015,0.3766441,0.2639544
3311048973,0.3289524,0.38589287,0.2851547
3312099502,0.3747366,0.32086673,0.30439666
3312604468,0.44797266,0.26987407,0.28215328
3313584509,0.39521453,0.3052545,0.29953095
3314559249,0.1974165,0.5508137,0.25176984
3314634622,0.27017596,0.4365476,0.29327643
3314790744,0.23767395,0.48937857,0.27294746
3315453513,0.3246352,0.37171376,0.3036511
3315962805,0.27440038,0.4107725,0.31482708
3317726558,0.2476379,0.48957497,0.26278713
3317735614,0.32129616,0.34869838,0.33000547
3317812926,0.45551264,0.24109708,0.3033903
3317883186,0.35516074,0.33771902,0.30712023
3317940016,0.5520288,0.18898717,0.2589841
3318312231,0.35083732,0.36652154,0.28264117
3318364966,0.36950594,0.3393941,0.29109997
3318754154,0.330143,0.35452136,0.31533557
3319841519,0.36711442,0.31783032,0.31505528
3320541419,0.3457062,0.35214347,0.3021503
3320694998,0.4906682,0.22466406,0.28466773
3321255371,0.3070643,0.25788224,0.43505344
3321322551,0.3674943,0.34785306,0.28465262
3321478656,0.35792673,0.3589633,0.28311
3321738454,0.32499778,0.3318628,0.3431394
3321751503,0.26634765,0.42126322,0.31238914
3321963219,0.33467996,0.33001137,0.33530867
3322519412,0.40774596,0.2983973,0.2938567
3323630373,0.395719,0.27203357,0.3322474
3323922010,0.34489477,0.3630041,0.29210114
3324159932,0.3431638,0.31186488,0.34497133
3324569088,0.2908309,0.3664993,0.3426698
3324958742,0.36591464,0.30416977,0.32991555
3325164096,0.23362258,0.49609977,0.27027762
3325196092,0.40500975,0.29734778,0.29764244
3325563903,0.2309298,0.47998047,0.28908974
3325662184,0.41293454,0.28905857,0.2980069
3325712100,0.37373507,0.33198023,0.29428476
3325759871,0.32891813,0.33364114,0.33744073
3325805365,0.2281763,0.23302537,0.53879833
3325902481,0.3375222,0.36914665,0.29333115
3325969030,0.3127513,0.2758208,0.41142794
3326682243,0.3608657,0.3457654,0.29336888
3326776675,0.36246216,0.3605655,0.2769723
3326831922,0.359268,0.35747546,0.28325653
3326952163,0.4466964,0.25444323,0.29886037
3326968081,0.3150818,0.3108633,0.3740549
3327270847,0.31916258,0.3796512,0.30118626
3327471657,0.37569204,0.34781194,0.276496
3327735141,0.48612309,0.24646737,0.26740953
3328905138,0.414716,0.28498918,0.30029476
3329166915,0.42100352,0.28246298,0.29653347
3331167497,0.24804902,0.47032642,0.28162456
3331395358,0.33664763,0.32933784,0.33401453
3331724896,0.36351168,0.3144089,0.32207942
3331843047,0.28541398,0.44224238,0.27234364
3332346656,0.24420655,0.47565782,0.28013563
3332560614,0.33281037,0.3657568,0.30143285
3332834449,0.304944,0.41772795,0.277328
3333023434,0.38010716,0.34648558,0.27340722
3333527129,0.48758793,0.24302824,0.26938385
3333832652,0.25189498,0.23609756,0.5120075
3334110885,0.25752747,0.45405573,0.28841686
3334253249,0.350247,0.33038178,0.31937122
3334900644,0.39746204,0.30566823,0.2968697
3336135497,0.38275066,0.30487442,0.3123749
3336914618,0.3571214,0.33774439,0.30513424
3337156492,0.3667301,0.32263646,0.31063342
3337211244,0.37205052,0.31319672,0.31475282
3337660936,0.2641824,0.4423494,0.29346818
3338241821,0.3704075,0.32822922,0.3013633
3339131316,0.30259305,0.39458805,0.3028189
3339151318,0.2826577,0.29413763,0.42320463
3339163977,0.41746736,0.27392972,0.30860287
3339186641,0.3354249,0.37730408,0.28727102
3340307193,0.32231134,0.40904474,0.26864392
3340399864,0.38286173,0.31524754,0.30189073
3340454218,0.38245547,0.3129645,0.30458003
3341417520,0.34095085,0.34653497,0.31251413
3341673204,0.3563314,0.34951192,0.29415667
3342579396,0.29863292,0.41024095,0.29112613
3342640401,0.52174807,0.21378449,0.2644674
3342731961,0.34638327,0.33643472,0.31718194
3342756760,0.43437296,0.29051796,0.27510908
3342810117,0.3413273,0.37645605,0.28221667
3342858023,0.32890356,0.37257022,0.29852617
3342936817,0.3401847,0.3545769,0.3052384
3343726871,0.35934085,0.35607392,0.28458524
3343962246,0.3099106,0.4026298,0.2874596
3344240922,0.37171844,0.34345123,0.28483036
3344417112,0.524862,0.2259016,0.24923642
3344672540,0.33264446,0.32622063,0.3411349
3345324631,0.29891586,0.398932,0.30215216
3345511718,0.3355794,0.3748716,0.28954902
3345530202,0.4052562,0.30982518,0.2849186
3345856759,0.37975338,0.2707489,0.3494977
3345913114,0.3635825,0.33608907,0.30032843
3346633389,0.31744742,0.41462857,0.26792395
3346823869,0.2450099,0.4910221,0.26396805
3347048526,0.2000989,0.53935766,0.2605435
3347701717,0.42146242,0.2878673,0.29067028
3348104573,0.45086628,0.25856242,0.29057127
3348763355,0.4045379,0.2955764,0.2998857
3348968882,0.39921203,0.32115984,0.27962813
3348981704,0.33248824,0.30418694,0.3633248
3349139885,0.34419537,0.36361575,0.29218882
3349531260,0.34568155,0.32878202,0.32553643
3349746928,0.3378555,0.3568149,0.30532962
3350112753,0.4283185,0.299289,0.2723925
3350362997,0.3963493,0.31323957,0.29041106
3350539547,0.36408645,0.35322452,0.28268898
3351137227,0.34585238,0.26254523,0.3916024
3352597968,0.40223014,0.3288474,0.26892245
3352842759,0.2930416,0.41412705,0.29283136
3353297853,0.31996858,0.38752553,0.29250592
3353515893,0.3483094,0.34159416,0.3100965
3353931486,0.22899182,0.4826185,0.28838965
3354263541,0.34691885,0.37379336,0.27928776
3354891298,0.4119553,0.3001389,0.28790578
3354945592,0.37406966,0.3074512,0.31847918
3355240483,0.35109657,0.34319592,0.30570754
3355723506,0.370875,0.3396458,0.28947917
3356194781,0.35659415,0.35812163,0.28528422
3356378969,0.34430254,0.36671948,0.28897798
3356789229,0.3216123,0.3744504,0.3039373
3356895881,0.38620943,0.3153689,0.29842162
3357052138,0.45024404,0.24891481,0.30084115
3357325244,0.34828195,0.2715906,0.3801275
3357523576,0.39730197,0.26156583,0.34113213
3357898241,0.32890347,0.3757189,0.2953776
3358313939,0.3554138,0.3179919,0.32659423
3358325567,0.3995577,0.30526847,0.29517382
3358334023,0.34702754,0.2950877,0.35788476
3358379083,0.41825616,0.26125935,0.32048446
3358806989,0.29788285,0.4298811,0.27223608
3359225860,0.27778953,0.42507613,0.29713434
3360097400,0.37390292,0.32654876,0.2995484
3360163610,0.20248109,0.52398217,0.27353674
3360830901,0.46728554,0.2576978,0.27501667
3361465544,0.28050172,0.439339,0.28015924
3361583865,0.20020916,0.5066152,0.29317564
3361629340,0.36662218,0.3613178,0.27205998
3362855847,0.30400145,0.40245694,0.2935416
3363181503,0.48717397,0.22562525,0.28720078
3365354730,0.33887416,0.36334074,0.29778513
3365476766,0.3669545,0.34446353,0.28858197
3365711891,0.40725762,0.30535775,0.28738466
3366163371,0.31352815,0.36368477,0.3227871
3366181088,0.28894258,0.42775172,0.28330576
3366376584,0.28379673,0.41709328,0.29910994
3366683187,0.29473138,0.30943638,0.39583224
3366813487,0.271964,0.42187434,0.3061616
3367109552,0.27726802,0.38751364,0.33521834
3367575341,0.4421602,0.2750317,0.28280813
3368110345,0.30809706,0.3854837,0.30641922
3368124299,0.2573136,0.4645179,0.27816844
3368445201,0.4432338,0.25654975,0.3002164
3368645814,0.3640545,0.3474027,0.28854275
3369010659,0.3792752,0.32864743,0.29207733
3369018162,0.44549215,0.2722872,0.28222066
3369616109,0.3492877,0.36556137,0.28515092
3369618589,0.37026823,0.33308935,0.29664248
3371348751,0.32578647,0.3361488,0.33806467
3371633618,0.3826571,0.30206728,0.3152756
3371724050,0.34705943,0.36824906,0.28469148
3371883954,0.4081672,0.28221837,0.30961442
3371888110,0.2965895,0.32191437,0.38149616
3371936115,0.4471135,0.25546008,0.2974264
3372381699,0.4379534,0.29280168,0.26924494
3373171974,0.23113704,0.4647689,0.30409408
3373221864,0.286784,0.38001284,0.3332032
3373268140,0.4769764,0.22772658,0.295297
3373326228,0.35229623,0.31197125,0.33573252
3373498301,0.36052787,0.34490186,0.29457027
3374774695,0.39447322,0.31232548,0.29320127
3375322673,0.43722916,0.26265997,0.30011085
3375507219,0.2831057,0.34699178,0.3699025
3375540761,0.23793659,0.4721982,0.2898652
3376477795,0.15591162,0.59199184,0.25209653
3376557821,0.28629476,0.38627043,0.32743478
3376989552,0.32227215,0.39026913,0.2874587
3376996698,0.3782626,0.35569534,0.26604205
3378237486,0.40791005,0.2821122,0.30997774
3378359442,0.2727999,0.30870843,0.41849166
3379059735,0.25787407,0.38994902,0.35217687
3379179148,0.360488,0.32787234,0.31163967
3379315192,0.30821264,0.3976071,0.2941802
3379336526,0.21270293,0.5135875,0.2737096
3380343163,0.34565204,0.35931972,0.29502824
3382591600,0.36323875,0.33702123,0.29974002
3382785612,0.3664264,0.34774467,0.28582898
3383431105,0.2965396,0.34494144,0.35851896
3384195968,0.33651438,0.3357219,0.32776374
3384237724,0.32564414,0.348248,0.32610786
3384534387,0.31970793,0.29147536,0.38881674
3384615924,0.36870775,0.32862312,0.30266917
3384716399,0.35143673,0.3477431,0.30082014
3384992078,0.22429298,0.50882447,0.2668826
3385391372,0.35848933,0.3389209,0.30258983
3385566106,0.36168188,0.34826976,0.29004836
3386037691,0.36195266,0.35493293,0.28311443
3386105197,0.34506002,0.28584343,0.36909658
3386190753,0.36937624,0.3208996,0.30972415
3387129846,0.39511836,0.3193108,0.2855708
3387715623,0.3124832,0.38897055,0.29854625
3388037815,0.3351899,0.35260072,0.31220937
3388260012,0.3346517,0.37750405,0.28784418
3388996618,0.35903,0.30841795,0.33255205
3389373637,0.22659872,0.39452216,0.37887913
3389472844,0.46244735,0.24511842,0.29243428
3389660594,0.3207519,0.3800884,0.29915974
3389868636,0.31995428,0.360866,0.3191797
3390326049,0.32218233,0.38151926,0.29629838
3390582814,0.475859,0.2483365,0.27580458
3391341927,0.378828,0.32149792,0.2996741
3392150848,0.23222369,0.501599,0.26617727
3392342136,0.40417403,0.30169636,0.2941296
3392937019,0.33496872,0.35314626,0.31188503
3393696372,0.38392583,0.27800554,0.3380686
3393850365,0.24074242,0.4731254,0.28613222
3393863373,0.37653986,0.31897098,0.30448917
3395206447,0.42177108,0.28211552,0.29611337
3395295545,0.3491176,0.36330023,0.28758216
3395591375,0.4216388,0.2810677,0.29729348
3395663881,0.366175,0.33863398,0.295191
3396348730,0.37035108,0.34209788,0.28755105
3396415317,0.23071408,0.46632463,0.30296132
3397170130,0.31946093,0.35439366,0.3261454
3397418243,0.45154306,0.2526388,0.29581815
3397688786,0.34805995,0.3718188,0.28012127
3398736564,0.32128978,0.36989897,0.3088112
3399573825,0.34189332,0.29550895,0.36259776
3399849034,0.2549917,0.39175466,0.35325357
3400086605,0.38922572,0.32179177,0.28898245
3400353802,0.41895866,0.29960048,0.28144088
3400520415,0.33572036,0.33772415,0.3265555
3401292830,0.32376665,0.31516904,0.3610643
3401697158,0.2419497,0.5016709,0.2563794
3401715928,0.43598378,0.26621562,0.2978006
3402267903,0.28504443,0.36236194,0.3525936
3402283190,0.33075696,0.38628873,0.2829543
3402894547,0.26607907,0.4595111,0.27440983
3402923473,0.32611465,0.34413698,0.32974836
3402951497,0.2827469,0.40426227,0.31299084
3403140276,0.31542224,0.28878635,0.39579144
3404240597,0.22679979,0.2100895,0.5631107
3404249791,0.33576328,0.35656565,0.30767113
3404463465,0.3658511,0.3058852,0.32826376
3404553100,0.40350375,0.29628217,0.30021405
3405408487,0.3602271,0.37546188,0.26431102
3405420000,0.33425254,0.36050564,0.30524176
3405760066,0.3660844,0.3565938,0.27732182
3405995956,0.34970933,0.34260604,0.30768466
3406499470,0.40437615,0.31804785,0.27757597
3407659353,0.27528414,0.44577104,0.2789448
3408290907,0.3832944,0.3175409,0.2991647
3408515440,0.37859344,0.31444544,0.3069611
3408518865,0.4061125,0.30197388,0.29191357
3408590007,0.32510945,0.38574982,0.2891407
3408733958,0.45340002,0.27951276,0.26708722
3410330813,0.34194928,0.33157054,0.32648015
3410442533,0.4041152,0.28106898,0.31481585
3410486103,0.1760171,0.57657254,0.24741045
3410635162,0.35073507,0.34090528,0.30835962
3410719105,0.3749509,0.33242208,0.29262704
3410755057,0.4823891,0.24755773,0.27005318
3411383796,0.3725357,0.32725194,0.30021238
3411667210,0.3493136,0.36103326,0.28965318
3412123024,0.3682419,0.34839886,0.28335923
3412228193,0.25795865,0.46491805,0.27712333
3412803488,0.3197301,0.30664366,0.3736262
3412825385,0.35631314,0.3648051,0.27888176
3413737966,0.30846977,0.31405562,0.37747455
3413824338,0.34193707,0.37399665,0.28406632
3413904087,0.42925572,0.30461913,0.26612517
3413932109,0.4974017,0.23744488,0.2651534
3414023952,0.3263421,0.38638437,0.28727356
3414354474,0.2683253,0.4451394,0.28653535
3414382457,0.3784552,0.32878777,0.29275703
3414728816,0.21645251,0.5244128,0.25913474
3414779440,0.4804905,0.24475983,0.2747497
3415138007,0.5064509,0.21674582,0.27680328
3415621432,0.28177682,0.4135632,0.30466002
3415882908,0.36909574,0.3556494,0.27525485
3415943718,0.308011,0.40680283,0.28518617
3416092628,0.31498012,0.36650977,0.31851006
3417035058,0.4889798,0.2395682,0.271452
3417801032,0.49231237,0.24527515,0.26241246
3419450216,0.3274724,0.31975055,0.35277706
3420034613,0.382546,0.3338089,0.28364515
3420967430,0.5635643,0.17552793,0.2609078
3421105798,0.4688957,0.23359114,0.29751316
3421208163,0.2943675,0.35409987,0.35153264
3421248584,0.4277831,0.2990715,0.27314544
3421517650,0.39519092,0.33756393,0.26724514
3421759496,0.28070152,0.31744066,0.40185785
3421922659,0.33656853,0.3696913,0.2937402
3422200799,0.20497711,0.25332743,0.5416955
3422203237,0.27575645,0.40193367,0.32230985
3422810050,0.3870719,0.3411083,0.2718198
3423252114,0.3530857,0.34237856,0.30453575
3423254003,0.33024618,0.36297777,0.3067761
3423337050,0.3496635,0.3520877,0.29824877
3423477752,0.33465448,0.3790906,0.2862549
3424316104,0.3734795,0.31951874,0.30700177
3424611127,0.28502452,0.44198823,0.2729873
3424720859,0.3691739,0.32181764,0.30900845
3425879718,0.3373939,0.3356418,0.32696426
3426332398,0.27860105,0.36183012,0.35956883
3426469730,0.32013488,0.38999423,0.2898709
3426525911,0.27176005,0.42088908,0.3073509
3426809799,0.19806805,0.5437107,0.25822124
3426934073,0.23260051,0.49184257,0.27555692
3427521018,0.24929328,0.48933414,0.26137257
3428376922,0.3786067,0.3279456,0.29344773
3428397904,0.29125416,0.4123064,0.2964394
3428831629,0.2897877,0.3838871,0.32632518
3429355434,0.3153836,0.38216633,0.30245006
3431083751,0.34680602,0.34421194,0.30898207
3431337714,0.36537445,0.3649848,0.26964077
3431610196,0.30104116,0.41201377,0.28694504
3432955243,0.35148144,0.3556937,0.29282483
3433126215,0.28705645,0.41326126,0.29968226
3433649207,0.36138445,0.31793883,0.32067674
3433839701,0.26107138,0.44673413,0.29219458
3433871708,0.32067508,0.31824028,0.3610846
3434345178,0.3307748,0.29457,0.3746552
3434518611,0.38487625,0.29879606,0.31632763
3434525226,0.29727697,0.40701556,0.29570746
3436315577,0.26264724,0.45114088,0.2862119
3437322600,0.2546466,0.40527296,0.3400804
3438826433,0.25116733,0.45706302,0.29176965
3438873122,0.37394527,0.31510124,0.3109535
3439115906,0.2741704,0.3803019,0.34552774
3439424550,0.32581195,0.36518356,0.3090045
3440359218,0.33352935,0.36574137,0.30072927
3440445973,0.30248946,0.35602292,0.34148765
3440494496,0.6153314,0.14074336,0.24392518
3440549694,0.2653947,0.42467368,0.3099316
3440589343,0.21631363,0.5300842,0.25360215
3440596988,0.35519946,0.3482405,0.29656005
3440643411,0.42935574,0.26458335,0.30606094
3440663146,0.36772746,0.32572606,0.30654645
3441126122,0.47321764,0.25013435,0.276648
3441283326,0.38612002,0.32490963,0.28897035
3441407499,0.35957754,0.31518984,0.32523265
3441640966,0.2420525,0.47373742,0.28421012
3442811366,0.32541412,0.36576784,0.30881804
3443254881,0.33895236,0.37162542,0.28942224
3443365547,0.2789281,0.39729255,0.32377934
3443577456,0.28423548,0.30496758,0.41079694
3443784754,0.35217062,0.36556265,0.28226674
3444666728,0.40365985,0.31306586,0.28327426
3444708943,0.36957836,0.35052228,0.27989936
3444841263,0.384095,0.317868,0.298037
3445134906,0.30565524,0.38468522,0.30965957
3445253305,0.413094,0.2882806,0.2986254
3445416051,0.47226572,0.24183312,0.2859011
3445778553,0.4417095,0.24919015,0.30910033
3445884899,0.28707612,0.38012516,0.33279872
3445998918,0.35855937,0.35373074,0.2877099
3446170358,0.34856695,0.36282712,0.28860593
3446826943,0.34121108,0.33798218,0.32080674
3446899736,0.35722837,0.33951423,0.3032574
3447339840,0.3726563,0.32863247,0.29871124
3448196423,0.55016464,0.18396996,0.26586545
3448727812,0.29134136,0.43608797,0.27257073
3449890656,0.2385304,0.42944688,0.33202273
3450084609,0.38940096,0.27267957,0.3379195
3450128588,0.3176602,0.37822136,0.3041184
3450666336,0.39961958,0.29424208,0.30613834
3451156068,0.33117938,0.31490415,0.3539165
3451187425,0.35607794,0.35140783,0.29251426
3451690618,0.4608476,0.25628284,0.28286952
3451825888,0.4928524,0.23483053,0.27231705
3452087643,0.24724206,0.2602793,0.49247867
3452306533,0.34483415,0.31148723,0.34367865
3452641074,0.29625902,0.29695255,0.4067884
3452656835,0.3263993,0.24600907,0.42759162
3452897588,0.27223936,0.4371881,0.2905726
3452971349,0.323331,0.36903828,0.30763072
3453172904,0.33826864,0.36999655,0.2917348
3453323161,0.38406298,0.32012463,0.2958124
3453433776,0.2694837,0.44337296,0.28714335
3453930188,0.3336235,0.36980468,0.29657182
3453977971,0.3695134,0.3022865,0.32820016
3455312331,0.37677914,0.35177243,0.27144843
3455356618,0.46147898,0.25048643,0.2880346
3456274869,0.33284634,0.39905667,0.26809695
3456475814,0.37050664,0.33853355,0.2909598
3458137169,0.3051434,0.39408958,0.300767
3458223543,0.37717813,0.35058326,0.2722386
3458659881,0.32278368,0.32883033,0.348386
3460853413,0.40743718,0.28757542,0.30498743
3461481268,0.38327432,0.3211746,0.29555112
3461633607,0.41980082,0.2915848,0.28861433
3462074745,0.3091411,0.4107146,0.28014433
3462598796,0.26721817,0.4406524,0.2921294
3462638601,0.46169657,0.24953964,0.28876376
3463439858,0.2972929,0.4177065,0.2850006
3463795208,0.37499732,0.33776027,0.2872424
3464025743,0.33659708,0.37329113,0.29011178
3464809226,0.37356812,0.33855593,0.28787595
3465024857,0.3704545,0.35169885,0.27784663
3465379477,0.36916643,0.34094715,0.28988642
3465744552,0.43799585,0.28321394,0.27879024
3466329886,0.3044761,0.3718058,0.32371807
3466613761,0.36960515,0.3201152,0.31027964
3466737646,0.55096143,0.19741276,0.25162578
3466807448,0.39509374,0.28652945,0.31837684
3466935492,0.42147207,0.30446526,0.27406272
3466959564,0.50883013,0.2356576,0.2555122
3467393478,0.38063112,0.31666404,0.30270484
3468600605,0.28038037,0.42939693,0.2902227
3469095406,0.3085086,0.3540268,0.33746463
3469217485,0.27979654,0.4386871,0.28151637
3469861150,0.45856658,0.24365303,0.2977804
3470791593,0.3123882,0.31537732,0.37223446
3470837322,0.3387952,0.37835786,0.28284693
3470923669,0.36617392,0.29267877,0.3411473
3472211036,0.33026177,0.37055418,0.29918402
3472890763,0.33544996,0.3683449,0.2962051
3473119337,0.2976371,0.42804295,0.2743199
3473409126,0.5212349,0.21749128,0.2612738
3473695606,0.30866688,0.31104612,0.380287
3473697466,0.30791748,0.33000502,0.36207747
3473745944,0.42955515,0.2823563,0.2880886
3474186879,0.34342977,0.36137566,0.29519463
3475006113,0.3444641,0.33333057,0.32220536
3475067443,0.53054166,0.2017371,0.26772124
3475087792,0.22995263,0.43654275,0.33350462
3475565233,0.29901528,0.37389565,0.3270891
3476251911,0.35445613,0.34162045,0.3039234
3476299508,0.5488244,0.19423835,0.25693724
3476523721,0.37071157,0.32198995,0.3072985
3477476741,0.30042347,0.3047976,0.3947789
3477955748,0.31738162,0.35699642,0.32562196
3479108101,0.36847237,0.36677524,0.2647524
3479233189,0.36173832,0.3326581,0.30560356
3480782243,0.23921853,0.46863052,0.29215097
3480799188,0.3114389,0.40122712,0.28733397
3480929448,0.32987782,0.33518243,0.33493972
3481489584,0.38594183,0.3224507,0.2916075
3481757191,0.3706442,0.3372823,0.2920735
3482285235,0.31162703,0.31116092,0.3772121
3482509484,0.4062713,0.27206445,0.3216642
3482979953,0.27859822,0.41288254,0.30851924
3483039076,0.21500973,0.49970633,0.28528398
3483298920,0.48777336,0.2448645,0.26736212
3483324683,0.33686438,0.36328673,0.2998489
3484192854,0.4637234,0.22353274,0.3127439
3484538696,0.36301413,0.35908675,0.27789915
3484782485,0.49218008,0.22786427,0.27995566
3484816269,0.50078267,0.23316526,0.26605204
3485102930,0.3465343,0.35074812,0.30271754
3485136199,0.31759298,0.3165741,0.36583292
3485189050,0.36796832,0.32536164,0.30667007
3485214578,0.40086386,0.3122698,0.2868663
3485554277,0.2957452,0.40215963,0.30209517
3486249428,0.42584416,0.27403134,0.30012453
3486406707,0.38101518,0.3342961,0.28468868
3487154554,0.31929243,0.3968691,0.28383845
3487456227,0.3546328,0.34094316,0.30442408
3487874062,0.3192948,0.3871647,0.29354042
3487875757,0.29084092,0.40035507,0.30880398
3487974056,0.3343472,0.35074666,0.31490615
3488894653,0.38472074,0.329269,0.28601024
3489662208,0.34372538,0.3537863,0.30248833
3489896053,0.3710824,0.34915993,0.27975765
3489905765,0.38278002,0.3043648,0.31285518
3490170770,0.3978569,0.29524755,0.30689555
3493103994,0.27177086,0.43507898,0.29315022
3493294821,0.34601307,0.3249738,0.32901308
3493856765,0.32249773,0.3937968,0.28370544
3494754040,0.28354925,0.4137865,0.30266422
3494833946,0.36395136,0.34185523,0.29419345
3495084034,0.25556472,0.36956015,0.37487513
3496246343,0.30249184,0.38281232,0.31469578
3497361239,0.31388223,0.39542398,0.29069382
3497560987,0.3833361,0.3295297,0.28713423
3498168100,0.34134293,0.35530388,0.30335316
3498586141,0.33331823,0.36577827,0.30090347
3498720760,0.31706473,0.37231684,0.31061846
3499666330,0.26874852,0.43419296,0.2970585
3499862924,0.26125085,0.43032953,0.30841962
3500018067,0.35476327,0.36625677,0.27897993
3500103921,0.16252282,0.6000186,0.2374586
3500925701,0.37579626,0.34793144,0.2762723
3501010324,0.43000183,0.28863204,0.28136614
3501245320,0.2815737,0.4101671,0.30825916
3501323858,0.2910878,0.42848143,0.28043076
3501962113,0.3785534,0.3177096,0.30373698
3502384960,0.35227728,0.35707423,0.29064852
3502899496,0.51094455,0.20562753,0.28342795
3502956208,0.31703326,0.3795448,0.30342194
3502984345,0.381572,0.3227265,0.29570144
3503305722,0.27440548,0.3860285,0.33956602
3503486846,0.32120067,0.33840072,0.3403986
3503595707,0.37025338,0.33124733,0.2984993
3503617822,0.2722994,0.32483512,0.40286547
3503886678,0.3774206,0.32144254,0.30113685
3504132550,0.329012,0.38961577,0.28137225
3504492251,0.3377877,0.37739468,0.28481764
3505322204,0.3530937,0.2846685,0.36223775
3506629837,0.23135921,0.49717206,0.2714687
3506980293,0.40238863,0.33059233,0.26701903
3507304933,0.2991321,0.4195559,0.28131205
3507419812,0.39667857,0.2990525,0.30426896
3508046419,0.3969872,0.29710352,0.30590928
3508513599,0.31253892,0.40335542,0.28410566
3509072838,0.46445653,0.25108916,0.2844543
3509921530,0.32067037,0.36923057,0.31009907
3510172782,0.29070386,0.41612753,0.2931686
3510487589,0.40906596,0.2968654,0.29406863
3510831895,0.35870647,0.35186985,0.28942367
3511269980,0.20266807,0.5230547,0.27427724
3512230107,0.38438982,0.3366695,0.27894062
3512287306,0.2674532,0.2891218,0.44342497
3512291490,0.3614702,0.2867841,0.3517457
3512962045,0.36821312,0.32422817,0.30755872
3513028582,0.3866809,0.3222134,0.29110566
3513085321,0.23637746,0.48372674,0.2798958
3514338215,0.45136535,0.26495793,0.2836767
3515027556,0.348876,0.3521662,0.29895782
3515105781,0.35100186,0.36070943,0.2882887
3515265397,0.33970743,0.369089,0.2912035
3515994772,0.4638393,0.25178242,0.2843783
3516268032,0.37268454,0.32772624,0.29958922
3516389130,0.2907516,0.41050017,0.29874825
3517380544,0.40637845,0.29738694,0.29623464
3517550177,0.34673142,0.3687089,0.28455973
3517791161,0.3929136,0.31840104,0.28868538
3518967317,0.3990432,0.3118477,0.28910917
3519001366,0.3110397,0.4015612,0.28739905
3519047429,0.36339116,0.36099914,0.27560967
3519080768,0.3184278,0.31250593,0.3690663
3519190404,0.3983649,0.28124204,0.32039303
3519242780,0.402449,0.27145445,0.3260965
3519949464,0.31602773,0.38891166,0.29506058
3520082507,0.40508536,0.30108353,0.2938311
3520520698,0.36911523,0.33030868,0.3005761
3522096824,0.52301496,0.21721786,0.25976712
3522252737,0.27741456,0.34530586,0.37727955
3522623057,0.35242692,0.28290233,0.36467075
3523636974,0.3418091,0.35719892,0.300992
3523712443,0.23398274,0.48809567,0.27792162
3523835560,0.27967462,0.3949968,0.32532853
3524057715,0.5076059,0.22641,0.26598412
3524996493,0.36320823,0.34119278,0.29559904
3525090061,0.256724,0.45988506,0.2833909
3525456887,0.35122603,0.3739827,0.27479127
3525563032,0.29538873,0.294731,0.40988022
3525634167,0.47118565,0.24888793,0.27992636
3526405689,0.37837362,0.2978951,0.3237313
3527437008,0.38215095,0.33172494,0.2861241
3528124976,0.33766717,0.372665,0.28966784
3528263093,0.39693958,0.3089279,0.29413253
3528824471,0.46181756,0.24398267,0.29419982
3528831494,0.4708439,0.2578676,0.2712885
3529592704,0.4077616,0.30188584,0.29035252
3529621483,0.32958102,0.36336744,0.3070515
3530220139,0.3257717,0.37630057,0.29792774
3530427771,0.3758854,0.31939045,0.30472416
3531063814,0.31460166,0.40398356,0.28141478
3531128301,0.3760938,0.30687988,0.31702632
3531153677,0.38450956,0.32756045,0.28793
3531271341,0.3302499,0.37327474,0.29647535
3531533455,0.3705243,0.3319528,0.29752287
3531900778,0.36217645,0.34291187,0.29491165
3532126063,0.49290693,0.22325277,0.2838403
3532503706,0.43771476,0.27810782,0.28417742
3532841250,0.34322393,0.3602845,0.29649156
3533083695,0.3829996,0.3332367,0.2837637
3533430383,0.35222703,0.3563698,0.29140317
3534180451,0.3415793,0.37049967,0.28792107
3535041409,0.30575895,0.39939559,0.29484546
3535051383,0.2196129,0.4996007,0.2807864
3535448304,0.37346876,0.24718882,0.37934238
3535452356,0.32995737,0.3770883,0.29295433
3535617794,0.42771462,0.2877664,0.28451896
3535822471,0.32759088,0.24367116,0.42873794
3536006301,0.39138782,0.29559046,0.31302172
3536589467,0.31093204,0.3718044,0.3172636
3537552908,0.41657943,0.2979408,0.28547975
3537813346,0.35586345,0.3610981,0.28303838
3537846651,0.29813516,0.3241229,0.37774187
3538626431,0.36830574,0.346342,0.28535223
3539832942,0.3685768,0.31792244,0.31350076
3539857135,0.1801891,0.5258871,0.2939238
3540864998,0.22156268,0.49003714,0.28840017
3540897218,0.32248276,0.37644798,0.30106926
3541274100,0.385186,0.31282917,0.30198485
3541744963,0.3337286,0.3645295,0.30174193
3542033755,0.42583734,0.29605997,0.27810273
3542155583,0.2620684,0.42439532,0.31353632
3542233866,0.29096764,0.39826822,0.31076416
3542612284,0.37781352,0.32161385,0.30057257
3543653746,0.47646803,0.24842674,0.2751053
3543788562,0.28233963,0.39640343,0.32125694
3544030483,0.36803454,0.33246347,0.29950202
3544110209,0.38410836,0.34214598,0.2737456
3544593490,0.30936158,0.3963824,0.29425603
3545050685,0.30125403,0.39770567,0.3010403
3545298842,0.2458421,0.22043446,0.5337235
3545374361,0.31518656,0.36981538,0.31499806
3545555202,0.34194535,0.34988904,0.30816558
3545828003,0.32943314,0.33118325,0.33938354
3545840669,0.32734394,0.35842437,0.3142317
3545935378,0.3423835,0.3700387,0.2875778
3546448098,0.38683015,0.28169823,0.33147162
3546601688,0.33382517,0.36230993,0.30386493
3546637174,0.33092827,0.33737415,0.33169758
3546756859,0.31931815,0.3707341,0.3099478
3546896065,0.3464812,0.32458538,0.32893342
3546902123,0.2555723,0.44221574,0.302212
3547127693,0.44419342,0.2819178,0.27388877
3547141716,0.25070623,0.4563222,0.29297155
3547929942,0.34853142,0.36285284,0.28861573
3548136364,0.22749454,0.51037645,0.26212898
3548295169,0.30857098,0.290985,0.40044403
3549757728,0.42450082,0.268607,0.30689222
3550058200,0.33515584,0.32841027,0.33643392
3550808545,0.33389258,0.34930444,0.316803
3551023037,0.3394899,0.33907646,0.32143366
3551058175,0.31965798,0.38606924,0.29427284
3551477478,0.38901353,0.3138959,0.29709056
3551505051,0.34573606,0.34842873,0.30583516
3551545990,0.31343403,0.3230892,0.36347678
3552109324,0.3071102,0.34384093,0.34904888
3552195410,0.41412714,0.29345965,0.29241318
3552202212,0.33137754,0.35568678,0.31293568
3552520616,0.32591864,0.3714062,0.3026752
3552907282,0.41238177,0.29120684,0.29641134
3553648616,0.36512113,0.3444752,0.29040372
3554330500,0.23753092,0.4912359,0.2712332
3554503683,0.2752033,0.43579185,0.28900486
3554528113,0.44530654,0.28173628,0.2729572
3554798061,0.27791476,0.3299288,0.39215642
3554813157,0.3529241,0.34280825,0.30426764
3555197494,0.30871177,0.37267673,0.31861144
3555559879,0.3660614,0.35405022,0.2798884
3556602351,0.50900924,0.2139374,0.27705342
3558176917,0.37735158,0.33431423,0.2883342
3558393920,0.23474512,0.480222,0.28503287
3558476042,0.39128998,0.27814847,0.33056155
3558505594,0.32824916,0.38012928,0.29162157
3559369723,0.43106422,0.27515036,0.29378545
3559423938,0.41665995,0.29767647,0.28566363
3560603336,0.39283144,0.32487547,0.28229308
3561249031,0.31111676,0.4073233,0.28155988
3561338756,0.3353182,0.3067388,0.35794294
3561506337,0.46202096,0.24819401,0.28978503
3561546594,0.35771585,0.31958467,0.32269946
3561571043,0.34129196,0.3113894,0.34731865
3561863418,0.36369973,0.3378371,0.2984631
3562277674,0.32838088,0.31079602,0.36082315
3562831745,0.30619985,0.36973408,0.32406607
3563020197,0.31810018,0.32878193,0.35311782
3563157231,0.4872896,0.24490827,0.2678021
3563580556,0.37970215,0.3432825,0.27701533
3564310960,0.18519029,0.5571737,0.25763604
3564406950,0.34604183,0.35980478,0.2941534
3564420926,0.35802835,0.30259767,0.33937395
3565179748,0.40592077,0.30503726,0.28904194
3565252363,0.3836196,0.32435256,0.29202786
3565314061,0.36813417,0.32039636,0.3114695
3565317149,0.29568195,0.3372351,0.36708295
3565433979,0.279751,0.4050244,0.3152246
3565751739,0.30503464,0.38053933,0.31442606
3566154899,0.31685722,0.36965334,0.31348944
3566563957,0.37189302,0.2672849,0.36082208
3566617510,0.33883202,0.32715422,0.33401376
3566636449,0.36161584,0.3469193,0.2914648
3567210401,0.3397567,0.37570688,0.28453642
3568039267,0.46712464,0.24867903,0.28419632
3569307669,0.34138963,0.3735745,0.28503588
3570801941,0.30548874,0.41158146,0.28292984
3571179882,0.25591737,0.43509758,0.30898505
3571217611,0.32619748,0.37396854,0.299834
3572446349,0.27580675,0.45309308,0.27110016
3572990107,0.40784913,0.30407453,0.2880763
3573328748,0.24266884,0.46548977,0.29184142
3573445457,0.41038138,0.2938348,0.29578385
3573516689,0.41583937,0.28038374,0.30377686
3574286692,0.34972882,0.31678298,0.33348823
3575022517,0.4023918,0.310693,0.28691518
3575579978,0.33534658,0.35990992,0.30474353
3575812488,0.36515534,0.34544727,0.2893974
3576231689,0.25826424,0.37163103,0.3701048
3576392436,0.38650662,0.3124485,0.30104488
3576544880,0.3845867,0.34016263,0.27525067
3576660886,0.239128,0.48424542,0.27662653
3576894648,0.34190196,0.33500957,0.3230885
3578278075,0.3773721,0.36059204,0.2620359
3578552320,0.3174799,0.3916123,0.2909078
3578593489,0.23536846,0.48385176,0.28077978
3578637616,0.43486875,0.28273538,0.2823959
3579155152,0.3236056,0.32002783,0.35636663
3579662898,0.310036,0.29294378,0.39702028
3580714575,0.33360904,0.36775857,0.29863238
3580979781,0.3909667,0.3189664,0.2900669
3581594347,0.29462364,0.4123858,0.2929906
3581811864,0.44141847,0.2687057,0.28987584
3581899190,0.33632314,0.3411147,0.32256216
3582293437,0.34359032,0.3584984,0.2979113
3582464636,0.26813835,0.3780399,0.35382175
3582506900,0.49386764,0.22699419,0.27913818
3582766601,0.27280957,0.3721081,0.35508233
3583570866,0.3539489,0.35236436,0.29368672
3583886974,0.36465263,0.36491513,0.2704322
3583927480,0.3731042,0.34869707,0.27819875
3583999779,0.28817853,0.39959615,0.31222534
3584576347,0.39246893,0.31476113,0.29276997
3584702927,0.405,0.30100712,0.29399288
3585979491,0.43244833,0.2566188,0.31093293
3585995655,0.3334772,0.36327958,0.30324322
3587126359,0.34408408,0.3763618,0.2795542
3587136464,0.32280993,0.37048596,0.30670404
3587202373,0.42726067,0.2890765,0.28366286
3587830837,0.31084153,0.2512244,0.4379341
3588886352,0.3234271,0.38331562,0.29325727
3589039142,0.3528872,0.32567763,0.32143515
3589138297,0.37149674,0.3307925,0.29771075
3589145199,0.26516312,0.4168713,0.31796557
3589343975,0.2187176,0.52565855,0.25562382
3589720584,0.25156862,0.43556455,0.3128668
3589837896,0.30857432,0.38727784,0.30414784
3589919211,0.39112604,0.3011196,0.30775434
3590177515,0.3739624,0.32154644,0.30449116
3590327782,0.3572409,0.292701,0.35005808
3590475961,0.36670673,0.25957018,0.3737231
3591191022,0.36832637,0.29531488,0.3363588
3591502688,0.27908581,0.42690957,0.29400462
3591617543,0.34215215,0.37886864,0.2789792
3592578325,0.38749915,0.2624184,0.35008246
3592610606,0.37597728,0.33602798,0.28799468
3592779218,0.25988698,0.4450361,0.2950769
3593603924,0.36239022,0.3393296,0.2982802
3595182704,0.16414101,0.59202963,0.24382932
3595558273,0.4037936,0.32151055,0.27469584
3595845136,0.3378755,0.3562873,0.30583715
3596234761,0.47671145,0.25717703,0.26611155
3596445145,0.34704322,0.35699058,0.2959662
3596860644,0.2793668,0.26010156,0.4605317
3597146723,0.2735468,0.23787957,0.4885736
3597151984,0.34401816,0.3088537,0.34712818
3597915091,0.3474633,0.37652105,0.27601564
3598371822,0.3299936,0.39073047,0.27927595
3598399803,0.35125944,0.3710705,0.27767006
3598608451,0.38523826,0.29787642,0.31688532
3599057519,0.23192026,0.491539,0.2765407
3599383115,0.3795392,0.33157936,0.28888145
3599952651,0.28517303,0.39513606,0.3196909
3600096178,0.34780973,0.33428258,0.31790772
3600438629,0.14803055,0.6040541,0.24791542
3600984724,0.3994982,0.30168396,0.2988178
3601052269,0.38572896,0.3260707,0.28820038
3601715789,0.33441842,0.3644744,0.30110723
3602178131,0.33719325,0.36836046,0.2944463
3602246322,0.41690105,0.2920304,0.29106858
3602357500,0.26411048,0.26529056,0.47059894
3602600687,0.34106204,0.35269833,0.3062396
3602630627,0.24677329,0.47464216,0.27858457
3602713522,0.26161367,0.41582644,0.3225599
3603149326,0.2595986,0.46070194,0.27969941
3603154507,0.33518487,0.35862735,0.30618778
3603439384,0.38585413,0.3212345,0.2929114
3603886789,0.32089847,0.31715053,0.361951
3604250287,0.36218572,0.26115683,0.37665743
3604442758,0.31904688,0.3414665,0.33948663
3604754589,0.36567363,0.36105156,0.27327478
3604999265,0.2926309,0.42418432,0.2831848
3605566747,0.33540386,0.37888753,0.28570864
3605598975,0.35220948,0.34084207,0.30694842
3605734628,0.3429056,0.36376327,0.2933311
3606104732,0.36349633,0.34300032,0.2935033
3606471663,0.3191291,0.35218984,0.32868105
3606579136,0.2882735,0.4228412,0.2888853
3606780073,0.4369946,0.27932334,0.28368205
3606806970,0.33833396,0.28991395,0.37175205
3607558102,0.3627196,0.36205304,0.27522737
3608074206,0.22847338,0.51184833,0.25967833
3608160808,0.35454217,0.34469247,0.30076537
3608362491,0.33260536,0.35363907,0.31375557
3609685574,0.36509788,0.35814297,0.27675918
3609919186,0.35900795,0.36258927,0.27840275
3609953696,0.32122403,0.38042307,0.29835296
3609980369,0.39299148,0.32825458,0.27875388
3610013302,0.31371203,0.36197793,0.32430997
3610149658,0.37682793,0.30255046,0.3206216
3610472025,0.28210416,0.42733914,0.2905567
3610998410,0.3418947,0.36940014,0.28870517
3611170910,0.4497537,0.27619848,0.27404785
3611427909,0.32449234,0.36521325,0.31029442
3611484413,0.20955426,0.4997362,0.29070953
3611929103,0.34339398,0.36813968,0.28846636
3612320829,0.4762179,0.24180575,0.28197634
3612379466,0.34279335,0.31528318,0.34192348
3613121792,0.43505692,0.2935459,0.27139717
3615516406,0.31894827,0.39362985,0.28742188
3615624694,0.35987547,0.31983662,0.32028788
3615763409,0.51514566,0.22564574,0.2592086
3615807787,0.31200773,0.39134064,0.29665166
3616079165,0.33517063,0.36287886,0.30195048
3616112393,0.2963212,0.2916674,0.41201133
3616200030,0.40313745,0.29551947,0.30134314
3616333863,0.3334896,0.36685818,0.2996522
3616430296,0.46377325,0.24920256,0.2870242
3617199858,0.37410164,0.3098881,0.31601024
3617790338,0.34622282,0.37975132,0.2740258
3617902736,0.33011872,0.35784066,0.31204063
3618089237,0.32386005,0.37412483,0.30201513
3618784346,0.24364746,0.48026004,0.2760925
3619595654,0.49927467,0.24490726,0.25581804
3619999607,0.37158728,0.2903261,0.33808666
3620127087,0.3928864,0.29666692,0.31044674
3620375943,0.3145064,0.38320452,0.30228907
3620640448,0.37289864,0.33322832,0.29387307
3620710928,0.28306577,0.44029844,0.27663577
3621075138,0.41380447,0.28755268,0.29864287
3621700778,0.37754184,0.32716376,0.29529434
3621794020,0.43763858,0.29128212,0.27107927
3621872275,0.4085701,0.2946915,0.29673842
3622641401,0.28123337,0.39479357,0.32397306
3622748520,0.40777314,0.28923756,0.30298927
3623216600,0.33659828,0.38574564,0.27765605
3624213171,0.37035984,0.31034628,0.31929383
3624247400,0.3164444,0.37172335,0.31183225
3624400242,0.26550654,0.3116683,0.42282516
3624812830,0.2830579,0.39837417,0.31856793
3624835943,0.41317347,0.30550298,0.2813236
3625399303,0.39287144,0.2631912,0.34393734
3625463758,0.4260285,0.2536833,0.32028824
3626462383,0.31644335,0.32220358,0.36135304
3626588827,0.3027324,0.3831296,0.314138
3626795242,0.44167733,0.25537494,0.30294773
3627211183,0.32798487,0.38837084,0.28364432
3628550994,0.40509397,0.2956475,0.29925853
3629342334,0.35587907,0.34512192,0.29899898
3629946350,0.33874655,0.36392343,0.29732996
3630156710,0.46488714,0.2605495,0.27456337
3630518008,0.46996948,0.26185203,0.26817846
3630619101,0.34793556,0.37575066,0.27631372
3630783766,0.34869522,0.29744196,0.35386285
3630988963,0.36074442,0.34256068,0.29669487
3631724351,0.30327398,0.3191988,0.3775272
3631932205,0.3805604,0.32891762,0.29052198
3632086367,0.28284237,0.39187163,0.325286
3633028664,0.40500236,0.2965982,0.29839945
3633314542,0.41032198,0.29424995,0.29542804
3633396701,0.31635827,0.39063382,0.2930079
3634874035,0.3115697,0.37632412,0.31210616
3635263387,0.30759564,0.2805906,0.41181374
3635268641,0.36682624,0.32534248,0.30783126
3635278547,0.25200936,0.37557173,0.3724189
3635484820,0.33200532,0.3602128,0.30778188
3636713338,0.410129,0.2918348,0.29803616
3636884986,0.3099041,0.39882195,0.29127395
3637261020,0.364192,0.32615852,0.30964947
3637470410,0.3154816,0.37235826,0.31216007
3637576663,0.42029935,0.29642484,0.28327584
3637896335,0.59136885,0.16357632,0.24505484
3638139002,0.4526288,0.26306087,0.2843103
3638165563,0.31426978,0.39040655,0.29532367
3638674163,0.34036103,0.36239254,0.2972465
3639568002,0.16412932,0.58901924,0.24685144
3639604948,0.39857846,0.26975787,0.33166367
3639635571,0.29869646,0.3913188,0.3099847
3639701142,0.36543977,0.32715178,0.30740848
3639825057,0.4115212,0.29520288,0.29327592
3639970298,0.3449693,0.3670093,0.2880214
3640906103,0.35056043,0.38201246,0.2674271
3641625011,0.29537144,0.405267,0.2993616
3641703696,0.3681904,0.33738673,0.29442286
3642278103,0.4458881,0.26400903,0.29010284
3642351306,0.27078974,0.4088214,0.32038882
3642614799,0.45198125,0.24900705,0.29901177
3642966515,0.44578296,0.28377873,0.2704383
3643326806,0.25643638,0.38713315,0.35643047
3643364753,0.2934065,0.3826033,0.3239902
3643579286,0.35932326,0.34849495,0.2921818
3644514481,0.2516796,0.44849268,0.29982775
3644645477,0.43684536,0.26941147,0.29374313
3645897735,0.44151568,0.254525,0.3039593
3647674946,0.3893134,0.27322945,0.33745715
3648723080,0.355089,0.3634109,0.2815001
3649316778,0.37061024,0.32875496,0.30063486
3649574415,0.33442056,0.3690146,0.29656485
3650367041,0.29369703,0.29643255,0.40987042
3650375014,0.33912903,0.35500073,0.30587026
3650511805,0.35380208,0.34096703,0.30523086
3650758625,0.40803182,0.29667026,0.29529792
3650867192,0.3383899,0.3572329,0.3043772
3651363537,0.30857557,0.3783149,0.31310952
3651614122,0.26060933,0.25054353,0.48884708
3652288451,0.35027903,0.361736,0.28798497
3653316916,0.41775346,0.30118138,0.28106517
3653428406,0.27643138,0.41587597,0.3076927
3653461116,0.22049269,0.21850118,0.5610061
3653689283,0.45206314,0.26061416,0.2873227
3653845774,0.27174672,0.44443268,0.28382057
3653967389,0.47354448,0.24261211,0.28384343
3654914308,0.26085097,0.44197276,0.2971763
3654937416,0.363912,0.30155843,0.33452958
3655193347,0.2726779,0.39471728,0.33260483
3656714533,0.35161382,0.33852732,0.30985883
3656855322,0.29105142,0.29436505,0.4145835
3657565753,0.2810864,0.35004526,0.36886835
3657767355,0.37330824,0.33210945,0.29458234
3658318160,0.36178753,0.3640536,0.27415884
3658392229,0.47569713,0.2606012,0.26370168
3658566676,0.26292783,0.41953248,0.3175397
3658795654,0.23044339,0.4961115,0.27344513
3658991985,0.22647864,0.50238085,0.2711405
3659307331,0.3403424,0.38683432,0.27282333
3659988358,0.36887494,0.28190452,0.34922057
3660466495,0.24982128,0.25889778,0.4912809
3660887021,0.21962643,0.45579213,0.32458138
3661566590,0.368959,0.3341079,0.29693308
3661602776,0.32485682,0.3824216,0.29272163
3662294764,0.51976216,0.20116743,0.2790704
3662487043,0.36642516,0.34898332,0.2845915
3663268034,0.3421888,0.35024586,0.3075653
3665168096,0.36513156,0.35758877,0.27727973
3666735176,0.33629096,0.3727582,0.29095083
3668083338,0.40058047,0.3145448,0.28487474
3668991488,0.26878822,0.37847602,0.35273582
3669005667,0.41212684,0.29546577,0.29240742
3669007133,0.36328533,0.36084837,0.27586633
3669120722,0.34954244,0.3651584,0.28529912
3669201990,0.36437914,0.33832616,0.2972947
3669442778,0.36557513,0.3158193,0.31860557
3669577586,0.24867734,0.48754025,0.26378244
3669717422,0.34587654,0.29,0.36412346
3670596186,0.4002446,0.31191072,0.28784466
3671397778,0.41272593,0.30008617,0.28718787
3672177816,0.39314592,0.32794958,0.2789045
3672331595,0.30170658,0.29788885,0.4004045
3672710194,0.31055322,0.39297593,0.29647085
3672885031,0.3043874,0.42687923,0.26873338
3672949798,0.34849125,0.36181375,0.28969496
3672962834,0.4831023,0.23638938,0.28050828
3673046513,0.39868578,0.29593742,0.30537683
3673550570,0.38441703,0.32602978,0.28955317
3673631257,0.5134968,0.21398115,0.2725221
3673915424,0.40177333,0.30547738,0.2927493
3674056820,0.3384487,0.3541345,0.3074168
3674991978,0.38988099,0.31728843,0.29283062
3675264140,0.4799617,0.22804388,0.2919944
3675573142,0.2632445,0.46029526,0.2764602
3675985723,0.27514738,0.3112112,0.41364145
3676254828,0.3182561,0.3981544,0.28358942
3676852925,0.41747445,0.2898984,0.29262713
3676864924,0.34373558,0.3381375,0.31812692
3676944211,0.25534424,0.46470332,0.27995244
3677542270,0.30337462,0.32638526,0.37024012
3678344046,0.36222166,0.3701046,0.2676737
3678354771,0.3753631,0.3417852,0.28285164
3678494888,0.45892462,0.25748724,0.2835881
3678918256,0.2895651,0.42075017,0.28968474
3679132468,0.37230873,0.30280071,0.32489055
3679752016,0.3811376,0.27680025,0.34206215
3679861908,0.3046484,0.40909964,0.28625193
3680268090,0.3339752,0.38666028,0.27936453
3680515046,0.42197797,0.28695685,0.29106516
3680992180,0.3818311,0.36011887,0.25805002
3682119430,0.3693847,0.3313291,0.29928622
3682613026,0.34159833,0.34308004,0.3153216
3682672488,0.29132542,0.2811458,0.4275288
3683184042,0.35130838,0.35640532,0.29228628
3683480096,0.49579167,0.22838497,0.27582338
3683773966,0.34649485,0.36893004,0.28457507
3683810074,0.32504606,0.34629774,0.3286562
3684237310,0.4296678,0.28406572,0.28626645
3684328848,0.29495513,0.33750534,0.36753953
3684769709,0.24909279,0.46483958,0.28606763
3685054900,0.30644184,0.40140694,0.2921512
3685382479,0.34772602,0.36110723,0.29116678
3686232527,0.32857215,0.34741563,0.3240122
3686384627,0.2575965,0.4446516,0.2977519
3686617184,0.34201044,0.3531815,0.30480808
3686746532,0.47420132,0.25792593,0.26787275
3686910324,0.35453779,0.35975087,0.28571135
3687297983,0.41382492,0.31058836,0.2755867
3687510342,0.29818287,0.29053798,0.41127914
3687736476,0.3652084,0.35117114,0.28362054
3687746974,0.30133456,0.36970806,0.32895732
3687946915,0.36390674,0.3031726,0.33292067
3688261984,0.25250286,0.4779253,0.2695718
3688955192,0.46723753,0.24037296,0.2923895
3688994942,0.25653973,0.45174646,0.2917138
3689417023,0.3867308,0.3350047,0.27826452
3689937226,0.3805544,0.3383034,0.2811422
3690002338,0.3494777,0.34596235,0.30455995
3690449146,0.32168818,0.37325513,0.3050567
3690826391,0.29034066,0.37003654,0.3396228
3691060514,0.28838813,0.4264638,0.28514808
3691514083,0.23176302,0.50027406,0.26796287
3691720622,0.29441047,0.30152857,0.40406096
3691980282,0.35797864,0.3341327,0.3078886
3692700791,0.42530403,0.2780332,0.29666275
3693213509,0.34371173,0.35874623,0.29754198
3693653598,0.3095543,0.4020842,0.28836152
3693805077,0.38562045,0.3024791,0.31190044
3694856400,0.23979385,0.47327125,0.2869349
3694917168,0.32940343,0.2736304,0.39696613
3695032801,0.51748544,0.21612573,0.26638877
3695632667,0.41423464,0.27386263,0.31190273
3695669672,0.3359599,0.35536253,0.3086775
3695730529,0.44642848,0.26807544,0.2854961
3696515701,0.35073042,0.36077008,0.28849947
3697012880,0.25018266,0.476452,0.27336538
3697176208,0.3580349,0.3181531,0.323812
3697449017,0.3621903,0.3452949,0.29251474
3698450240,0.3125192,0.3064776,0.38100326
3699863168,0.33883077,0.37832093,0.28284833
3699865854,0.3280099,0.35150382,0.32048634
3700474814,0.47174394,0.2414307,0.28682536
3700842000,0.36986792,0.32705784,0.30307424
3701455325,0.33545917,0.28952676,0.37501416
3701961104,0.3845978,0.30905378,0.3063484
3701965308,0.39314657,0.3135487,0.29330477
3702096459,0.3482182,0.38106468,0.27071708
3702225864,0.28903627,0.4230599,0.28790385
3703039733,0.48140198,0.2275489,0.29104912
3703216286,0.41506043,0.29567426,0.28926533
3703268540,0.22485542,0.5064233,0.26872128
3703807426,0.3380713,0.3002653,0.36166343
3704471220,0.24753168,0.47293305,0.27953526
3705269362,0.45115983,0.26360878,0.2852314
3705612429,0.31605947,0.39270288,0.29123765
3706672788,0.28760558,0.3974058,0.3149886
3706968151,0.51072466,0.20968026,0.27959508
3707317712,0.43230224,0.29559547,0.2721023
3707378093,0.42437243,0.2827027,0.29292488
3707441872,0.3550439,0.3516345,0.2933216
3707479007,0.336655,0.3838834,0.27946162
3707703587,0.24908705,0.4683208,0.28259218
3707708741,0.35469887,0.36531705,0.27998412
3708697020,0.30205873,0.28320652,0.4147348
3708797485,0.32078403,0.36017856,0.31903738
3708848178,0.23769766,0.26922926,0.49307305
3709151547,0.36315137,0.33187705,0.30497158
3709416269,0.37985384,0.33873934,0.28140682
3709586737,0.26921687,0.44563717,0.285146
3709962686,0.24182725,0.48533124,0.27284157
3710945249,0.25610626,0.47098857,0.27290517
3711196880,0.25936085,0.46609586,0.27454326
3711336122,0.33242714,0.37718946,0.29038346
3711572426,0.32917833,0.365956,0.30486566
3711651074,0.346117,0.36180001,0.29208297
3711914323,0.3215537,0.38750428,0.290942
3712004428,0.47960973,0.25334916,0.26704112
3712026570,0.36498958,0.32432824,0.31068212
3712076237,0.27909026,0.2947011,0.42620865
3713326809,0.34114406,0.3363911,0.32246488
3713918030,0.4766616,0.24440691,0.27893147
3714255796,0.3815729,0.31291586,0.30551124
3714387334,0.34930524,0.33966094,0.31103382
3715165360,0.41573876,0.3036425,0.28061873
3715268410,0.35194123,0.34220338,0.30585542
3715463573,0.29745764,0.29738957,0.40515277
3715608168,0.3783853,0.30994326,0.31167144
3715814867,0.29480025,0.4137093,0.29149044
3717583549,0.5643312,0.17740062,0.25826818
3717686644,0.28882122,0.4198532,0.29132554
3717781886,0.4873121,0.23703294,0.2756549
3718021905,0.45896736,0.25505197,0.28598064
3719588178,0.2985428,0.39966947,0.3017877
3719661386,0.41247028,0.27012187,0.31740782
3719892018,0.33448032,0.34658957,0.31893015
3720005219,0.33838314,0.36461878,0.29699808
3720006109,0.28335568,0.43272084,0.28392348
3720182490,0.34224212,0.25370154,0.4040563
3720346735,0.3457715,0.31788796,0.33634055
3721399115,0.34124625,0.3566664,0.30208737
3721874821,0.23233828,0.24280694,0.5248548
3722250556,0.3866653,0.30986518,0.30346954
3722383489,0.3896223,0.31618303,0.2941947
3722478645,0.3775223,0.34469137,0.27778634
3722663595,0.27039376,0.41694254,0.3126637
3723689058,0.5363246,0.19686913,0.26680624
3723766284,0.4033919,0.29944706,0.29716104
3724205743,0.24393976,0.47127914,0.28478113
3724547812,0.28301683,0.37178776,0.34519538
3724976446,0.44622064,0.2709819,0.28279752
3725027931,0.2898947,0.42288375,0.28722155
3725406667,0.2723562,0.44137466,0.28626913
3725460559,0.289469,0.4166469,0.29388407
3725635014,0.23804028,0.49895066,0.26300907
3726023799,0.2158333,0.5139212,0.27024552
3726415651,0.38460147,0.3149367,0.30046183
3726666602,0.30741102,0.4176185,0.2749705
3726833862,0.42082375,0.30472875,0.2744475
3727170884,0.38896587,0.3387468,0.27228734
3727923887,0.3282659,0.37606573,0.29566836
3728804995,0.34671068,0.34492272,0.3083666
3729162934,0.41871864,0.29422954,0.2870518
3729393639,0.316494,0.3664971,0.3170089
3729395661,0.4702355,0.2114713,0.3182932
3729428194,0.20317835,0.5580071,0.23881449
3730270867,0.4263875,0.30160996,0.27200255
3731768466,0.29342932,0.42121232,0.28535837
3731799708,0.2849841,0.4147501,0.30026573
3731824435,0.34239215,0.3411007,0.3165072
3732225241,0.47820723,0.2700696,0.2517232
3732293659,0.36929306,0.354434,0.2762729
3732336716,0.32170373,0.2760759,0.40222037
3732848011,0.43927258,0.25567454,0.30505285
3733056755,0.34007895,0.34276226,0.3171588
3733319312,0.3514432,0.31243652,0.33612025
3733614450,0.3545851,0.33101183,0.3144031
3734218942,0.31926957,0.35602012,0.3247103
3734529356,0.36032748,0.36110997,0.27856255
3734944021,0.40725154,0.30389827,0.2888502
3735006993,0.2606466,0.4469351,0.29241827
3735408811,0.35657585,0.32657492,0.3168492
3735558078,0.3616823,0.35020158,0.28811607
3735639810,0.4032904,0.30427176,0.29243785
3735766114,0.3540845,0.35516405,0.2907514
3737188175,0.30853164,0.30832475,0.38314357
3737543136,0.402426,0.30802378,0.28955022
3737851192,0.34356713,0.35981697,0.29661593
3738010876,0.3457051,0.3556791,0.2986158
3738387519,0.3607626,0.32516629,0.31407118
3738559037,0.26561627,0.43999505,0.29438865
3738749806,0.34642345,0.37755328,0.27602327
3739346291,0.31952292,0.35455108,0.325926
3739486994,0.34178385,0.31470707,0.34350908
3739654860,0.3627472,0.3229515,0.31430134
3739993851,0.3732249,0.2858854,0.3408897
3740018414,0.3505093,0.365246,0.28424478
3740057771,0.44041002,0.27651834,0.28307164
3740071849,0.43584204,0.26249477,0.30166316
3741801190,0.32173932,0.32103103,0.35722965
3743187888,0.23456815,0.48657927,0.27885258
3743743457,0.4967376,0.23572242,0.26753998
3743874734,0.34072778,0.330373,0.3288992
3744155147,0.3728225,0.33968744,0.2874901
3744303549,0.25324905,0.46670812,0.28004286
3744656253,0.4324188,0.2851908,0.28239045
3746035738,0.5117876,0.22540924,0.26280314
3746686033,0.32932094,0.37110084,0.29957822
3746708399,0.41527355,0.2984354,0.286291
3746910970,0.31434613,0.32453412,0.3611197
3747496222,0.29767147,0.41316485,0.2891637
3747712799,0.23322552,0.3716951,0.39507943
3747795109,0.38367778,0.32250997,0.29381227
3748396828,0.40016508,0.2968611,0.30297378
3748678930,0.47656614,0.2382234,0.2852105
3749050241,0.32791322,0.35504982,0.31703693
3749118402,0.33557206,0.35321134,0.31121656
3749781750,0.3818255,0.3251733,0.29300117
3750035884,0.40391597,0.30659795,0.28948608
3750514510,0.36060655,0.35137364,0.28801984
3751314777,0.37834302,0.3124159,0.30924112
3751351081,0.1966319,0.5495101,0.25385797
3751492229,0.39229435,0.33367726,0.27402836
3752160578,0.35827386,0.3375874,0.30413872
3753004450,0.34350207,0.3500417,0.30645624
3754049619,0.29602456,0.40723404,0.29674143
3755127319,0.3779562,0.300573,0.3214708
3755451447,0.2122769,0.49460983,0.29311332
3755586917,0.33567664,0.37273338,0.29158998
3756445148,0.3817574,0.30529767,0.31294492
3756588315,0.3138647,0.34583402,0.3403013
3756628684,0.34765995,0.34954774,0.30279234
3757908827,0.34884313,0.34259182,0.30856508
3758049327,0.30993885,0.37898344,0.31107774
3758207435,0.28183836,0.43583626,0.2823254
3758274822,0.44960058,0.25610816,0.29429126
3759278098,0.3196341,0.37128085,0.30908507
3759332697,0.4009505,0.29783142,0.30121812
3759767372,0.44273114,0.25625297,0.3010159
3760439929,0.44347212,0.27644032,0.28008753
3760802936,0.289209,0.41300756,0.29778337
3761339886,0.42176265,0.2817828,0.29645452
3761409737,0.33505356,0.36833417,0.29661226
3761520487,0.37769473,0.3239605,0.2983448
3761547405,0.37693232,0.33776018,0.2853075
3761926843,0.26560685,0.43817678,0.29621634
3762631344,0.30886427,0.38788447,0.30325127
3762682310,0.2614332,0.45056766,0.28799915
3763191966,0.3617556,0.33007413,0.30817026
3764248509,0.33256337,0.29415876,0.37327784
3764843303,0.3987679,0.31502956,0.28620255
3765170654,0.5582148,0.1805602,0.26122507
3765279485,0.36752456,0.34354153,0.28893393
3765305495,0.3955583,0.31550795,0.2889337
3765599159,0.31329325,0.3993157,0.287391
3766341025,0.33859766,0.31602708,0.34537524
3766372654,0.21772677,0.5064071,0.2758662
3766411270,0.32078046,0.39751282,0.28170675
3766482247,0.45099503,0.2493685,0.29963648
3766699109,0.26896477,0.4466517,0.28438354
3766904979,0.25267515,0.479998,0.26732683
3767267212,0.3454221,0.27475703,0.3798209
3767642004,0.3151714,0.37091267,0.31391597
3767716538,0.35636717,0.28171873,0.36191404
3767793899,0.34644055,0.35506207,0.29849744
3768037628,0.36595803,0.38051456,0.25352737
3768343103,0.44499293,0.27340513,0.28160197
3768406353,0.36712784,0.33827,0.29460222
3768753421,0.48710662,0.23416802,0.27872533
3769114854,0.33599564,0.32795566,0.33604866
3770507351,0.36013067,0.37250292,0.2673664
3771002520,0.31231475,0.38235915,0.3053261
3771098618,0.31074375,0.26352566,0.4257306
3771172165,0.43935853,0.25732702,0.30331445
3771453361,0.310198,0.39007777,0.29972422
3771704468,0.3252681,0.39439693,0.28033498
3772684797,0.3477555,0.34662628,0.30561823
3772870721,0.275227,0.42239028,0.3023827
3772975709,0.2509074,0.458134,0.29095852
3773015095,0.3091198,0.39198154,0.2988987
3773401058,0.26059896,0.45838064,0.2810204
3775090664,0.41918164,0.29046863,0.29034966
3775489739,0.25403056,0.4491297,0.29683977
3775935329,0.29312086,0.42130932,0.28556985
3776250968,0.39102185,0.29832304,0.31065506
3776828648,0.29470834,0.4342472,0.27104443
3777889204,0.22476342,0.47032928,0.30490726
3778089808,0.25708416,0.43503797,0.3078779
3778561201,0.4007455,0.3322545,0.267
3778770107,0.3245764,0.38573033,0.2896933
3778890574,0.5033715,0.22554117,0.27108735
3779022849,0.3075332,0.3851033,0.3073635
3779548151,0.36908233,0.28595194,0.3449657
3779580886,0.29043093,0.31429857,0.39527047
3780323554,0.38698325,0.32189605,0.2911207
3780547297,0.3403645,0.32726297,0.33237255
3780592340,0.4863316,0.23551771,0.2781507
3781518781,0.24955131,0.4798156,0.2706331
3781786293,0.34113753,0.365386,0.2934764
3781879787,0.25299633,0.23783347,0.5091702
3782216229,0.36020645,0.36509752,0.27469605
3783104098,0.37145096,0.35114762,0.2774014
3783280405,0.27784604,0.43000156,0.29215243
3783314182,0.3035002,0.3983121,0.2981876
3783510835,0.42016703,0.2607752,0.31905776
3783542263,0.38798416,0.3593657,0.25265014
3784249362,0.32856634,0.30383494,0.3675987
3784867911,0.4095692,0.2582991,0.33213162
3784921473,0.5096898,0.21773228,0.2725779
3785290243,0.36375016,0.35665068,0.27959916
3785991689,0.3163613,0.3967663,0.2868724
3786022677,0.357728,0.3114721,0.3308
3786796333,0.45675117,0.25637996,0.28686887
3786878206,0.3566653,0.3185771,0.32475758
3786899937,0.2997209,0.4052763,0.29500282
3787173535,0.34459507,0.3523256,0.30307937
3787377213,0.37553343,0.30680245,0.31766415
3788175356,0.38866168,0.31027654,0.3010618
3789357612,0.36079323,0.34651017,0.29269665
3789359717,0.3774578,0.32450098,0.29804128
3789552914,0.3473192,0.33996853,0.31271225
3789588494,0.2817102,0.40963072,0.30865908
3790917395,0.33774233,0.36435127,0.29790643
3791146524,0.5940454,0.16695246,0.23900212
3791323566,0.27617288,0.28101075,0.44281638
3791537345,0.35128638,0.3355987,0.3131149
3791805312,0.22429815,0.5185907,0.2571111
3792771939,0.2984913,0.36011457,0.34139413
3792825533,0.33901536,0.35934985,0.3016348
3793342621,0.41533542,0.28691113,0.2977535
3793680728,0.27346843,0.4314735,0.2950581
3794220164,0.4603172,0.2517389,0.2879439
3794524165,0.33725083,0.36567628,0.29707295
3794945679,0.27951974,0.26406622,0.45641407
3795342015,0.37677354,0.3489114,0.2743151
3795777210,0.23164909,0.51104474,0.2573062
3795934580,0.34220573,0.36345142,0.29434288
3796401115,0.40855697,0.31982327,0.27161974
3796696510,0.30108717,0.3609662,0.33794665
3796720818,0.36902606,0.36272842,0.2682455
3796900745,0.3456473,0.33731407,0.3170386
3797060152,0.35726193,0.36002657,0.2827115
3797338484,0.33884162,0.347283,0.31387538
3797430759,0.25640863,0.46283108,0.2807603
3797650279,0.35527658,0.36180153,0.28292188
3798481978,0.3793231,0.3461992,0.27447772
3798494249,0.34560835,0.35637107,0.2980206
3798771668,0.3680479,0.30266005,0.32929206
3798998187,0.47194362,0.24785155,0.28020483
3799380960,0.3712759,0.32971418,0.2990099
3799619258,0.35601315,0.33419648,0.3097903
3799764371,0.29951555,0.40412876,0.29635572
3800930942,0.34096795,0.34707925,0.31195283
3801226297,0.48387176,0.24846905,0.26765922
3802073634,0.36031115,0.3121518,0.32753706
3802154869,0.45152807,0.26394048,0.28453147
3803393913,0.35707936,0.35713777,0.28578287
3803462748,0.360957,0.2961582,0.34288478
3804048258,0.3543043,0.34207135,0.30362436
3804583935,0.27608642,0.43291467,0.29099897
3805051264,0.32132977,0.3872063,0.29146397
3805356928,0.31559065,0.2947495,0.38965982
3805707321,0.26194304,0.37746876,0.3605882
3805755931,0.37571347,0.34273022,0.2815563
3806073990,0.47068363,0.24947245,0.27984393
3806674157,0.29382113,0.2624799,0.443699
3806746755,0.23229417,0.5087936,0.25891227
3807495100,0.33998597,0.37947008,0.28054398
3807825433,0.23135096,0.49061927,0.27802977
3808276122,0.38716513,0.32010132,0.29273355
3808412708,0.25058985,0.4361583,0.31325188
3809351157,0.32921243,0.3031237,0.36766383
3809501871,0.26778257,0.4279343,0.30428314
3809885138,0.34247854,0.37485716,0.2826643
3809936468,0.39731896,0.27945077,0.3232302
3810284703,0.30447435,0.40484473,0.29068094
3811015098,0.35663798,0.31934574,0.32401627
3811521828,0.33750486,0.37678182,0.2857133
3812461967,0.28944582,0.43165764,0.27889654
3812477461,0.43626958,0.2804344,0.28329605
3812614080,0.34586638,0.35164046,0.30249316
3812833914,0.39090732,0.30719376,0.30189896
3813807352,0.29934883,0.24494322,0.45570794
3814029685,0.37376866,0.300089,0.32614237
3814190234,0.31103322,0.33037126,0.35859555
3814469033,0.3972386,0.3192204,0.283541
3815027373,0.27190816,0.3158313,0.4122605
3815132424,0.42935324,0.30045128,0.27019554
3815893321,0.43984514,0.27993178,0.28022307
3816031664,0.31008154,0.39992848,0.28998995
3816428447,0.37964576,0.34372896,0.2766253
3816449000,0.3199339,0.36239308,0.317673
3817015984,0.34565994,0.36209506,0.29224503
3817146812,0.27526337,0.4665561,0.25818056
3818083228,0.34950233,0.3576652,0.2928325
3818242307,0.45054567,0.2698657,0.2795887
3818266273,0.3144614,0.39915797,0.2863806
3818411187,0.3241081,0.33688825,0.33900368
3818578649,0.39387548,0.30302945,0.303095
3819989882,0.32942647,0.3725183,0.29805523
3820036357,0.35782325,0.35105932,0.29111746
3820448030,0.37107784,0.29899037,0.32993186
3820900711,0.46562666,0.25400802,0.28036535
3820949211,0.35035622,0.35654718,0.29309666
3821289167,0.31869018,0.32473844,0.35657138
3821325702,0.49374634,0.22033015,0.2859236
3821365645,0.27514035,0.41741765,0.30744204
3821693345,0.28023618,0.4024319,0.3173319
3822111075,0.3346784,0.3609162,0.3044054
3822395807,0.2926218,0.41789538,0.28948283
3822532431,0.2785965,0.445767,0.27563652
3822623829,0.32245493,0.27690917,0.4006359
3823365416,0.3523429,0.34326622,0.3043909
3823693468,0.3801621,0.31261194,0.3072259
3823716256,0.3562842,0.3605572,0.2831586
3824150472,0.37990636,0.28771305,0.33238065
3824337683,0.40061194,0.28024164,0.31914642
3824934279,0.3072186,0.40055504,0.29222634
3825044092,0.4493795,0.27819407,0.27242643
3825558361,0.29332185,0.38172814,0.32494998
3826552146,0.36515582,0.35439247,0.28045171
3826820548,0.29362273,0.28902918,0.4173481
3827038074,0.3440942,0.35074133,0.30516452
3827045844,0.29584193,0.39967555,0.30448252
3827797064,0.40790468,0.30185357,0.29024178
3827890090,0.33585596,0.36711293,0.2970311
3828121231,0.3006048,0.25088376,0.44851148
3828212517,0.34717506,0.34967747,0.30314744
3828921671,0.377742,0.333355,0.288903
3829866691,0.3449871,0.36900443,0.2860085
3830131619,0.41711274,0.27942076,0.30346644
3830223863,0.312725,0.24171534,0.44555962
3831383332,0.2618574,0.35870743,0.37943518
3832354658,0.4172169,0.31318486,0.26959825
3834125727,0.17686081,0.5527968,0.2703424
3835353848,0.20898888,0.5310396,0.25997147
3835486831,0.2118201,0.5266521,0.2615278
3835568388,0.3058234,0.42059946,0.27357715
3835786125,0.33145592,0.3543875,0.31415662
3836071757,0.27700472,0.45937717,0.26361814
3836220109,0.39603502,0.3175516,0.2864133
3836377706,0.4994591,0.23169467,0.26884624
3836519593,0.2832805,0.31325173,0.40346777
3836599079,0.34795618,0.3580842,0.29395962
3836654181,0.3645143,0.33704647,0.2984392
3836763001,0.34612757,0.29924148,0.35463092
3836822282,0.29405853,0.23049298,0.47544855
3836839628,0.39563206,0.2877193,0.31664863
3837095728,0.30560544,0.39594597,0.29844856
3837211640,0.32931885,0.3738752,0.29680595
3837298640,0.3871792,0.32907656,0.28374428
3837445208,0.28385714,0.33521608,0.3809268
3837639201,0.326432,0.3701955,0.30337253
3838354362,0.40810898,0.27118728,0.32070377
3839359874,0.399724,0.3066545,0.29362148
3839662153,0.3095035,0.40101704,0.28947946
3840813644,0.33896664,0.3616298,0.29940355
3841106815,0.2639917,0.4431669,0.29284137
3841177293,0.39265633,0.3391865,0.26815715
3841187348,0.34953392,0.34499097,0.30547512
3841539628,0.24758974,0.4875096,0.26490062
3842001935,0.38727373,0.33818513,0.27454114
3842344338,0.32628563,0.39183733,0.28187704
3842853961,0.3069815,0.40566948,0.28734905
3842957645,0.23134115,0.20625818,0.5624007
3843579862,0.34367996,0.36693376,0.28938624
3843665534,0.3347473,0.36024553,0.30500716
3843977915,0.36909664,0.31319278,0.31771058
3844079470,0.43337393,0.27508646,0.2915396
3844154198,0.23807654,0.43056005,0.33136338
3844817751,0.35704798,0.35826606,0.28468597
3845534361,0.3740944,0.31942666,0.30647892
3846730715,0.4212497,0.28559494,0.29315537
3847527196,0.36604315,0.35156482,0.28239202
3847540567,0.30106342,0.2883051,0.41063154
3847715872,0.49912047,0.23709404,0.26378545
3847915434,0.35605925,0.3665108,0.27742994
3848289028,0.37808433,0.3066318,0.3152839
3849390818,0.38892847,0.30743873,0.3036328
3849443204,0.30002955,0.40279996,0.29717052
3849580813,0.3676576,0.33713338,0.295209
3850775612,0.31776994,0.385098,0.29713207
3850777357,0.31250975,0.31440014,0.3730901
3852621599,0.2824394,0.31918246,0.3983782
3852673685,0.2709037,0.44500604,0.28409028
3853131435,0.33990183,0.38261682,0.27748135
3853345163,0.3382576,0.30334562,0.3583968
3853407805,0.2986101,0.37913814,0.3222518
3853541860,0.22413585,0.50821257,0.26765162
3853841389,0.34844226,0.3600887,0.29146904
3853934293,0.2635869,0.44205806,0.2943551
3854665600,0.2838601,0.43206495,0.28407496
3854924602,0.36898667,0.32566994,0.30534336
3855528899,0.44116738,0.27437818,0.2844544
3856023780,0.30507055,0.38640264,0.30852678
3856146345,0.5393724,0.21063048,0.24999711
3856312997,0.43384653,0.2598095,0.30634394
3857070217,0.3760752,0.32705194,0.2968728
3857225911,0.45593134,0.26657706,0.2774916
3857542864,0.34359974,0.36152482,0.2948754
3857701272,0.31681198,0.3915974,0.29159057
3857960705,0.31767988,0.36780292,0.3145172
3858385097,0.38207853,0.33039296,0.28752849
3858425137,0.28062126,0.30254287,0.41683584
3858596139,0.31840968,0.3084829,0.37310743
3859201381,0.39377952,0.27705336,0.3291671
3859259114,0.33748093,0.35594273,0.30657634
3859416473,0.3241752,0.37972653,0.29609826
3859752125,0.20782636,0.5163533,0.27582037
3860506026,0.26015067,0.26672786,0.47312146
3860837001,0.35121465,0.32736045,0.3214249
3860964123,0.30196857,0.29920173,0.3988297
3861791517,0.27265355,0.2839865,0.44335997
3862589167,0.3799014,0.28255796,0.33754057
3862889791,0.35234964,0.36564973,0.28200066
3863288150,0.31707838,0.39625725,0.28666437
3863384899,0.27827477,0.41254634,0.30917895
3864301388,0.30356985,0.40216655,0.2942636
3865307973,0.29869568,0.39805883,0.30324548
3865660213,0.3247642,0.3736091,0.30162674
3865915001,0.45875633,0.26185614,0.2793876
3866095506,0.23075947,0.4906322,0.27860832
3867011965,0.4771014,0.24536839,0.27753022
3867366441,0.36352766,0.35677868,0.2796936
3867909372,0.23383558,0.4450609,0.3211035
3868484486,0.25454962,0.30429792,0.44115245
3868973998,0.30231613,0.4035006,0.29418325
3868993576,0.40310654,0.26677865,0.33011478
3869265692,0.36284894,0.3404057,0.29674536
3869284113,0.2721933,0.23225832,0.4955484
3869434592,0.2993969,0.40036896,0.3002341
3870510885,0.35555384,0.34993947,0.29450673
3870588405,0.35112217,0.2536444,0.3952334
3870613604,0.39344668,0.33348653,0.27306682
3871606957,0.28804678,0.35454297,0.35741028
3871762337,0.41461945,0.2602672,0.32511336
3871874983,0.24949476,0.45222306,0.29828215
3871948964,0.42408484,0.2898762,0.28603894
3872042871,0.4373791,0.27942553,0.28319535
3872132261,0.45468402,0.26703095,0.27828506
3872599526,0.28304303,0.38790116,0.32905585
3872942736,0.3845523,0.31814027,0.2973074
3873367761,0.41946873,0.28409606,0.29643515
3873721817,0.3626635,0.33469805,0.30263847
3873909199,0.36562926,0.32361525,0.31075546
3875191004,0.43243128,0.2899771,0.27759165
3876177323,0.43380922,0.2592895,0.30690128
3876353636,0.3490621,0.3672837,0.28365415
3876416489,0.4702693,0.2469175,0.28281325
3876509665,0.40291044,0.3060872,0.29100233
3876575346,0.25109127,0.40300864,0.3459001
3877321824,0.5016173,0.20832694,0.29005575
3878023242,0.30633372,0.2997123,0.39395398
3878119954,0.34242848,0.32820153,0.32936996
3878958681,0.33599493,0.3714329,0.2925722
3880280939,0.33104318,0.37782237,0.29113442
3880761571,0.3280381,0.37820548,0.29375637
3881187809,0.339788,0.35052842,0.30968356
3881571249,0.3207604,0.39088413,0.28835547
3881638188,0.3110056,0.31726682,0.37172756
3881943687,0.30206317,0.3885448,0.30939206
3882233111,0.25615937,0.47551832,0.26832232
3882818874,0.24311733,0.49452674,0.26235592
3882835528,0.2894922,0.41542062,0.29508713
3883052874,0.350084,0.3655728,0.28434318
3883053766,0.24991539,0.37611425,0.37397033
3883188992,0.57427883,0.18099038,0.2447308
3883259074,0.30057433,0.37434503,0.32508066
3883382593,0.35976398,0.32034832,0.31988776
3884577125,0.42220405,0.28343993,0.29435602
3884819726,0.23269743,0.24872866,0.5185739
3884823978,0.388093,0.33931535,0.2725916
3885119210,0.4254234,0.29557958,0.27899706
3885487475,0.49523026,0.22906709,0.27570263
3885774247,0.46100813,0.26368958,0.27530226
3885863135,0.27775198,0.43540877,0.28683925
3885882058,0.35524547,0.3500121,0.2947424
3885946251,0.38560104,0.32996377,0.28443518
3886354982,0.27721786,0.368534,0.35424817
3886884537,0.26580605,0.44070816,0.29348576
3887096605,0.4419061,0.27831203,0.27978188
3887350507,0.37160206,0.3405842,0.28781378
3887546380,0.34161073,0.351205,0.30718422
3887814278,0.3339603,0.2672497,0.39879
3887913599,0.4468003,0.24904361,0.30415606
3888028201,0.27175385,0.4507423,0.27750382
3888262946,0.31248122,0.3692549,0.31826395
3888482940,0.24557057,0.46694785,0.28748158
3888687409,0.29927546,0.2661932,0.43453136
3889003744,0.42465013,0.25478092,0.32056892
3889985409,0.30646318,0.30740362,0.38613322
3890210883,0.22907981,0.4907764,0.2801438
3890819192,0.2617682,0.43816146,0.30007038
3890849941,0.3293848,0.37788063,0.2927346
3891030629,0.2775339,0.45681742,0.26564872
3891485973,0.3134002,0.37486973,0.31173006
3891661292,0.39369482,0.31535035,0.29095486
3891740571,0.3964178,0.25903532,0.34454694
3891869887,0.35110486,0.36714464,0.2817505
3892418715,0.20728032,0.53612125,0.25659838
3892615639,0.34689355,0.36157218,0.29153427
3893524764,0.43733984,0.29163367,0.27102646
3893859286,0.44887084,0.27730215,0.27382705
3894118103,0.30523613,0.4123377,0.28242615
3894235760,0.4078588,0.327817,0.2643242
3894284346,0.35309467,0.34358853,0.30331683
3894424828,0.40454167,0.27129138,0.32416695
3894551747,0.34290817,0.36014575,0.29694605
3894820669,0.30440217,0.30659688,0.38900092
3895392234,0.25805885,0.2536987,0.48824245
3895805384,0.24870583,0.48264307,0.26865113
3897310077,0.309339,0.38048202,0.31017905
3897330887,0.46889484,0.23750383,0.2936013
3897819959,0.44945747,0.27971733,0.27082518
3898216812,0.31739426,0.3613418,0.32126397
3898362763,0.34217012,0.36858922,0.28924066
3898485984,0.34523886,0.3175743,0.3371868
3899561426,0.33235162,0.3676054,0.300043
3900096085,0.3323111,0.37276065,0.2949282
3900142093,0.2942071,0.41230327,0.29348963
3900285961,0.35686716,0.32757998,0.31555283
3900515764,0.28506657,0.4234845,0.29144895
3900716878,0.29750574,0.32332823,0.379166
3901215894,0.37719494,0.33131933,0.29148573
3901350971,0.25250137,0.43789232,0.3096063
3901488791,0.39297667,0.31913793,0.28788537
3902095360,0.3276866,0.31519228,0.3571211
3902727014,0.34292227,0.3770535,0.28002426
3902816683,0.3373576,0.3844692,0.27817318
3903388603,0.25367427,0.31152743,0.4347983
3904372114,0.30301166,0.3998304,0.29715794
3904405473,0.3163111,0.3760945,0.30759442
3904536460,0.37196222,0.28337467,0.34466305
3906126657,0.42540342,0.28437132,0.29022527
3906796998,0.4221178,0.28842944,0.28945273
3906854254,0.22583318,0.48504618,0.2891206
3907386510,0.45050302,0.2591213,0.29037565
3907646440,0.31878617,0.37196654,0.30924731
3907771450,0.35574663,0.37850294,0.26575044
3908121630,0.3587858,0.32790983,0.31330436
3908570488,0.35174763,0.35311973,0.2951327
3908777473,0.3301381,0.37887892,0.29098296
3908800157,0.361129,0.33233833,0.30653262
3909152857,0.28685534,0.46073222,0.25241244
3909680262,0.4064028,0.280116,0.31348118
3910440746,0.27525997,0.3729179,0.35182214
3910640262,0.46716335,0.2455428,0.28729385
3912001245,0.37234315,0.3465772,0.28107965
3912535883,0.31477773,0.31341192,0.37181038
3913231784,0.45267954,0.2493999,0.29792055
3913344217,0.31963134,0.3911771,0.28919154
3913455269,0.39913577,0.27669853,0.3241657
3914209865,0.34407088,0.36386856,0.29206055
3914908508,0.3790948,0.32091898,0.29998624
3915776807,0.36967716,0.3099978,0.32032502
3916142598,0.24199273,0.45792738,0.30007988
3916269510,0.32155642,0.31812432,0.36031923
3916432991,0.4015931,0.28443596,0.31397095
3916502192,0.46538794,0.2459016,0.28871047
3916534349,0.3748861,0.29888368,0.3262302
3916782400,0.2748421,0.2770332,0.44812465
3917021224,0.37197545,0.36712068,0.26090384
3917041522,0.4148543,0.307993,0.27715272
3917170154,0.40325072,0.30346546,0.2932838
3917282680,0.3082783,0.3483016,0.34342018
3917378893,0.2606909,0.26427656,0.47503257
3917860080,0.41102952,0.262489,0.32648152
3918334383,0.25502664,0.45780742,0.28716588
3918406813,0.50143236,0.23466289,0.26390475
3918567518,0.32956296,0.37518382,0.29525322
3919297529,0.3206246,0.39164713,0.28772825
3919349165,0.27154928,0.43711913,0.29133165
3919434968,0.3222464,0.38588232,0.29187125
3919950208,0.22004807,0.51150644,0.2684455
3920312398,0.35673392,0.334939,0.3083271
3920738399,0.36037576,0.3749423,0.26468194
3921800141,0.44200802,0.28750658,0.2704854
3922037349,0.31882906,0.32580203,0.35536894
3922241646,0.3007424,0.4220059,0.27725166
3923390938,0.3892608,0.30674183,0.30399737
3923596825,0.3475244,0.37189686,0.28057873
3924046251,0.30976772,0.3788713,0.311361
3924525925,0.3782171,0.32895845,0.2928244
3924800120,0.37282866,0.34083486,0.28633654
3924930331,0.47504887,0.24303225,0.28191888
3926397598,0.34644943,0.32130855,0.332242
3927117189,0.40749273,0.26828283,0.32422447
3927372634,0.22010255,0.5070678,0.27282965
3927825495,0.2829942,0.40816227,0.30884352
3927888923,0.41615623,0.2845375,0.29930624
3928046501,0.3235182,0.41529125,0.26119053
3928255529,0.39607304,0.2824395,0.32148743
3928280292,0.29147428,0.39596808,0.3125576
3928528946,0.4194451,0.29139185,0.28916305
3928977997,0.33298653,0.31035796,0.3566555
3929410933,0.3816473,0.33192775,0.286425
3929748901,0.33120054,0.36892742,0.29987204
3929812193,0.25986415,0.27773798,0.46239784
3930126732,0.3031708,0.33837867,0.35845053
3930226372,0.37649912,0.27823249,0.34526843
3930236098,0.21787159,0.5174628,0.2646656
3932711533,0.4060875,0.2646381,0.32927436
3933558703,0.36589938,0.35372275,0.28037786
3933629971,0.27477083,0.33795488,0.3872743
3933953474,0.3742575,0.30699798,0.31874448
3934394978,0.3718118,0.3166117,0.31157643
3934794677,0.36109668,0.3247156,0.3141877
3935224870,0.3957178,0.28680396,0.31747818
3936073824,0.27155057,0.4260247,0.30242473
3937016305,0.37301522,0.22998065,0.39700416
3937535800,0.5317405,0.19762745,0.27063203
3937692421,0.26933262,0.45527112,0.2753963
3938299948,0.40476233,0.29291263,0.30232507
3938967638,0.3795433,0.3341409,0.2863158
3939214100,0.3570473,0.3235541,0.31939864
3939606262,0.20487505,0.5216436,0.27348137
3940122589,0.4535979,0.27167326,0.27472878
3940315190,0.2677623,0.43414742,0.29809028
3940568534,0.29868656,0.40865475,0.29265872
3940812560,0.36235008,0.34265512,0.29499477
3941111497,0.2815165,0.41559628,0.3028872
3941241582,0.40073436,0.2868542,0.31241137
3941275832,0.42927772,0.27811134,0.29261094
3941460572,0.35978496,0.29376882,0.34644622
3941799206,0.34741318,0.37904066,0.27354616
3941938532,0.3230682,0.33413064,0.34280118
3942607831,0.42604288,0.28285444,0.29110265
3942840482,0.36775115,0.32319772,0.3090511
3942939861,0.264813,0.27182668,0.46336034
3942974796,0.36933935,0.3535842,0.27707645
3943042243,0.38002366,0.3256801,0.29429626
3943195465,0.29758033,0.37167573,0.33074397
3943789733,0.22351465,0.5245653,0.25192004
3944154373,0.26151562,0.29397458,0.4445097
3944832712,0.22380914,0.46071437,0.3154765
3945398117,0.41703135,0.30013207,0.28283662
3945500605,0.3519345,0.34866294,0.29940256
3946319490,0.30947673,0.3732114,0.31731182
3946830896,0.30375516,0.3320886,0.3641563
3947240179,0.3821949,0.31300172,0.30480337
3947259040,0.3571998,0.34862134,0.29417884
3947919892,0.33314094,0.3423441,0.32451493
3948000494,0.36363238,0.36410338,0.2722643
3948503567,0.32063928,0.33198637,0.3473743
3948545558,0.34078485,0.37205145,0.28716373
3948691925,0.46523246,0.2545054,0.28026217
3948941816,0.30620795,0.3943557,0.29943633
3948949196,0.27370816,0.44458488,0.281707
3949123717,0.39121768,0.32779306,0.28098926
3949585138,0.30688107,0.3097601,0.38335887
3950138677,0.22769439,0.49465376,0.27765185
3950226447,0.32001483,0.37897694,0.3010082
3950955237,0.27140766,0.4436192,0.28497314
3952124164,0.32080895,0.33951604,0.339675
3952240738,0.32970577,0.38518187,0.28511235
3952354040,0.27864966,0.4273123,0.29403803
3953158032,0.37480092,0.334208,0.29099107
3953247050,0.3266764,0.36555535,0.30776823
3953721667,0.4124723,0.3050195,0.2825082
3953766494,0.35504198,0.34809127,0.29686671
3953779070,0.37024444,0.3067055,0.32305002
3954360710,0.48495406,0.23102036,0.2840256
3954418472,0.36045355,0.31903064,0.32051584
3954698594,0.36512846,0.29149503,0.34337646
3954711672,0.34025285,0.37731513,0.28243202
3954760489,0.37903816,0.27080786,0.35015398
3954924495,0.31850708,0.39088768,0.29060528
3954958187,0.26930827,0.41406986,0.3166219
3956010793,0.37993047,0.3031572,0.3169123
3956269050,0.30286407,0.40530893,0.29182696
3956682559,0.24368465,0.47952962,0.27678573
3956706439,0.33937693,0.37092018,0.2897029
3956717277,0.37198725,0.33580858,0.29220414
3957169234,0.42441273,0.29512125,0.280466
3957277267,0.31854504,0.3632262,0.31822875
3957622915,0.35916078,0.34838164,0.2924576
3957817208,0.36675513,0.35033083,0.28291404
3957983061,0.2962563,0.415879,0.28786474
3958217879,0.38765037,0.33527517,0.27707446
3958615315,0.3659653,0.36241043,0.27162427
3959986697,0.29501855,0.3966725,0.30830896
3960317906,0.3424189,0.3214571,0.33612394
3961508779,0.418278,0.29015136,0.2915706
3961913384,0.34116045,0.36060655,0.29823297
3962114279,0.3396936,0.36839563,0.29191083
3962196384,0.21814273,0.4930337,0.28882352
3962425556,0.3261239,0.36499977,0.30887634
3962565378,0.2920075,0.40610296,0.30188954
3962572625,0.3097744,0.3695002,0.32072544
3962644044,0.3251658,0.3654764,0.30935782
3962813769,0.35284746,0.35749823,0.2896543
3963469655,0.26061124,0.48192424,0.2574645
3964352885,0.42206153,0.2919857,0.2859528
3964881490,0.27668977,0.4674499,0.2558603
3965150353,0.29868764,0.3916796,0.30963278
3965176753,0.33940277,0.326818,0.33377928
3965609605,0.40164846,0.30725187,0.29109967
3965915335,0.42173406,0.2846656,0.29360032
3966885037,0.3633589,0.34076986,0.29587123
3967460464,0.40055773,0.29184976,0.3075925
3968193810,0.41286132,0.30168006,0.28545856
3968468141,0.36355275,0.35763103,0.27881622
3968874653,0.33495218,0.35089734,0.31415048
3969249987,0.33158696,0.37696365,0.2914494
3969771484,0.34511977,0.33820015,0.31668007
3969830490,0.33685744,0.34745365,0.31568888
3970158706,0.30757156,0.37661123,0.31581715
3970273165,0.28848118,0.25284883,0.45867
3970672226,0.3615684,0.3569777,0.2814539
3970753705,0.3131861,0.38414204,0.30267185
3970867491,0.2847448,0.31918716,0.39606807
3970890226,0.33598775,0.37440968,0.28960264
3971708696,0.26915652,0.29760274,0.4332407
3971816073,0.33526653,0.30591044,0.35882306
3972518736,0.2809698,0.3772872,0.34174296
3973475428,0.28978083,0.41407156,0.29614758
3973711672,0.4174471,0.29525754,0.28729534
3974402543,0.29272062,0.37213677,0.3351426
3975012757,0.23693854,0.48135966,0.2817018
3975378322,0.290614,0.25735217,0.45203382
3976290904,0.3669017,0.34669352,0.2864048
3976467948,0.365273,0.32271063,0.31201634
3977640207,0.31631237,0.39596033,0.28772727
3979205518,0.39426118,0.31760222,0.28813666
3979856543,0.3542226,0.30943033,0.33634713
3979861431,0.22129484,0.5084056,0.27029955
3980080434,0.3623328,0.3381676,0.29949963
3980251555,0.38659453,0.3190508,0.2943547
3982044934,0.32567406,0.37770104,0.2966249
3982103788,0.25781426,0.44420618,0.29797962
3982116212,0.20149636,0.51914227,0.27936137
3982289121,0.2808716,0.4124838,0.3066446
3982413471,0.36819968,0.32437643,0.3074239
3983085875,0.34820837,0.33808655,0.3137051
3983719476,0.3767935,0.32960767,0.2935989
3983797143,0.23328763,0.4525454,0.31416693
3984914850,0.31704527,0.34575224,0.3372025
3985702195,0.28765166,0.42379445,0.28855383
3986041636,0.2900031,0.37395367,0.33604324
3986205078,0.33257946,0.38894027,0.2784803
3986481169,0.21142554,0.2250903,0.5634842
3986750648,0.3438691,0.34094596,0.31518495
3987211678,0.33921146,0.32967302,0.33111554
3987433631,0.25271335,0.40110427,0.34618235
3988123282,0.29323944,0.38265622,0.32410437
3988238793,0.37547415,0.340334,0.28419185
3988445421,0.3310411,0.35970312,0.30925578
3988619764,0.306416,0.4055154,0.2880686
3989316956,0.3434946,0.37940916,0.27709615
3989664774,0.38938105,0.317063,0.29355597
3989744628,0.27435458,0.4531668,0.2724786
3990261261,0.38169706,0.32154447,0.29675853
3990414177,0.3117677,0.36157688,0.32665545
3990669092,0.40104282,0.2915715,0.30738565
3990672084,0.46838897,0.24943519,0.28217584
3991857184,0.31167763,0.39913186,0.28919047
3992225746,0.33659104,0.39280078,0.2706082
3993360637,0.20646927,0.22352916,0.5700016
3993419737,0.47530946,0.24927665,0.2754139
3994338332,0.40443563,0.30891627,0.28664815
3994457159,0.3575018,0.2845707,0.35792744
3995600877,0.34788787,0.34923643,0.3028757
3995697623,0.34190193,0.30508566,0.35301238
3995841927,0.33948863,0.35726386,0.30324748
3996185937,0.39868575,0.29369426,0.30762
3996745675,0.407979,0.30524522,0.28677574
3997125594,0.43897069,0.25944036,0.30158898
3997818216,0.29086244,0.39576685,0.31337076
3997948945,0.3604041,0.33883435,0.30076155
3999503462,0.34130397,0.35265374,0.3060423
3999563883,0.30013233,0.30895734,0.39091033
3999999343,0.17657664,0.57977915,0.24364424
4000225240,0.44547218,0.27419034,0.28033742
4000236844,0.32225448,0.35291988,0.3248256
4000625619,0.29303578,0.39303154,0.3139327
4000813413,0.23642205,0.48370284,0.27987507
4000879154,0.37170392,0.3276735,0.30062258
4001468334,0.355797,0.36071932,0.28348365
4002367608,0.34267053,0.34552693,0.3118025
4002975472,0.35657096,0.33840182,0.30502722
4003870179,0.3646435,0.34584132,0.28951514
4004090640,0.3602102,0.34430957,0.2954802
4004987712,0.32746774,0.34621263,0.32631963
4005773718,0.21495628,0.5301217,0.25492203
4005807981,0.35360733,0.35270593,0.29368675
4006346066,0.31848,0.3912286,0.29029137
4007023518,0.3000219,0.42118397,0.27879414
4007492024,0.33635214,0.26624638,0.3974015
4007719626,0.324331,0.34583497,0.32983407
4007735149,0.27556372,0.44198412,0.2824522
4008175429,0.4257828,0.2598707,0.31434655
4008679042,0.29349515,0.37665865,0.3298462
4008893503,0.43178564,0.2690615,0.2991529
4009024859,0.42751002,0.30116898,0.27132097
4009085793,0.3871602,0.32661211,0.28622767
4009262990,0.33674258,0.36761162,0.29564583
4009594178,0.3100822,0.40545374,0.28446406
4009800075,0.3138286,0.39048836,0.29568303
4010663177,0.37930942,0.32448578,0.29620486
4010946242,0.3483954,0.34026605,0.31133854
4011111059,0.457061,0.27498308,0.26795593
4011168801,0.36796755,0.34300593,0.28902656
4011773200,0.33617577,0.30921227,0.35461196
4012398100,0.36942846,0.33863682,0.2919347
4012446560,0.3568279,0.35391644,0.28925568
4012591092,0.32265854,0.36635566,0.3109858
4013209546,0.32941192,0.35875502,0.31183302
4013887601,0.2672688,0.41514337,0.31758782
4014316347,0.40743613,0.30558467,0.2869792
4014391119,0.33829457,0.34324747,0.31845796
4014875999,0.45060563,0.2660606,0.28333375
4015003223,0.44402915,0.25831115,0.29765964
4015141681,0.25555804,0.46153104,0.2829109
4015725594,0.27088016,0.39250505,0.3366148
4016159538,0.3336137,0.36954856,0.29683775
4016670916,0.3727352,0.31126475,0.31600004
4016693631,0.49860054,0.2255297,0.27586976
4016851112,0.32744783,0.34402597,0.32852623
4017018701,0.32203817,0.38190836,0.2960534
4017085499,0.28349632,0.41940278,0.2971009
4017092489,0.30273268,0.40135697,0.29591033
4017232365,0.26397192,0.454615,0.28141308
4017248815,0.39553848,0.294963,0.30949855
4017634675,0.36123914,0.33729315,0.3014677
4017723252,0.23693615,0.27431408,0.4887498
4017971385,0.27633873,0.4227895,0.30087173
4018342662,0.37317562,0.35279202,0.2740324
4018690722,0.3880822,0.3214122,0.29050562
4018977601,0.27894074,0.37060022,0.3504591
4019101855,0.3301999,0.3369878,0.3328123
4019531249,0.33735886,0.29990286,0.36273828
4019633666,0.35125622,0.36760074,0.281143
4020450965,0.369292,0.3281218,0.30258623
4020622060,0.46920705,0.25732192,0.27347106
4020733595,0.3886713,0.3196208,0.2917079
4021307945,0.32663018,0.35321558,0.32015428
4021320326,0.29759812,0.40368563,0.29871622
4022943638,0.48709643,0.24606216,0.2668414
4023242890,0.3470953,0.34987363,0.30303106
4023251369,0.28500336,0.31391573,0.4010809
4023763904,0.36733532,0.35543758,0.2772271
4023937558,0.37536645,0.3191473,0.3054863
4024154027,0.36916643,0.32967997,0.30115357
4024341376,0.38295642,0.3157511,0.30129248
4024372711,0.35348088,0.3750244,0.2714947
4024490030,0.516491,0.23033673,0.25317228
4024613330,0.267261,0.4428982,0.28984082
4025386765,0.5027332,0.23062277,0.26664406
4025550374,0.24310647,0.4532352,0.3036583
4025690192,0.28286693,0.23166393,0.48546916
4026215365,0.34578615,0.34558976,0.3086241
4026306087,0.406218,0.27816352,0.31561852
4026357172,0.36094153,0.35487244,0.28418607
4026361783,0.22367868,0.503878,0.2724433
4026531671,0.3543942,0.3488497,0.2967561
4027053701,0.5113958,0.212501,0.2761031
4027719926,0.41150016,0.3207119,0.2677879
4027810214,0.30775106,0.3975043,0.29474467
4028248955,0.23247218,0.50342,0.2641078
4028748234,0.35221314,0.31595975,0.33182716
4028959811,0.46558788,0.25688297,0.27752915
4029017906,0.3813337,0.3083486,0.3103177
4029024774,0.36144656,0.33705878,0.30149472
4029961621,0.38059124,0.34536496,0.2740438
4030058169,0.3625763,0.34539163,0.29203203
4030361188,0.43903112,0.27010342,0.29086545
4030388553,0.385485,0.3141955,0.3003195
4030396756,0.32750198,0.3726967,0.29980126
4030579381,0.33839995,0.38129765,0.28030246
4031124548,0.375183,0.34341002,0.281407
4031956754,0.25991777,0.44077533,0.29930693
4032443830,0.30796492,0.40262341,0.28941166
4032881709,0.26170048,0.2680914,0.47020808
4033334160,0.23075487,0.50640297,0.26284218
4033773005,0.33248812,0.34140128,0.32611054
4035218664,0.377661,0.26823482,0.3541042
4035465604,0.382558,0.3180259,0.29941615
4035494350,0.34379226,0.37210864,0.28409916
4035872072,0.33634692,0.3554493,0.30820382
4036073207,0.39765716,0.22604492,0.37629795
4036770933,0.36835158,0.32273197,0.30891645
4037165975,0.36041403,0.3302893,0.30929667
4037512865,0.25799018,0.44512075,0.29688913
4037854465,0.29088283,0.41415048,0.2949667
4038232582,0.22835141,0.499582,0.27206656
4039037544,0.35006845,0.36810628,0.28182524
4039352019,0.306971,0.38852274,0.30450618
4039622179,0.32839775,0.3461129,0.32548934
4039797566,0.45777017,0.24947447,0.29275537
4040232529,0.3448855,0.34473485,0.31037965
4040887697,0.36980116,0.33701545,0.29318345
4041185419,0.3167194,0.38162124,0.30165935
4041395609,0.2796219,0.41674095,0.30363715
4041430665,0.45083803,0.2740685,0.27509353
4041523237,0.35672718,0.34353518,0.29973763
4041814344,0.33075172,0.3811945,0.28805375
4041828630,0.33766854,0.33872116,0.32361028
4042048905,0.31939936,0.36726338,0.31333724
4042303215,0.3164345,0.38134035,0.30222514
4043553788,0.50572145,0.23505297,0.25922558
4043811582,0.36282766,0.32985556,0.30731678
4044358946,0.45027047,0.2557466,0.29398292
4044433720,0.3518154,0.35920632,0.28897828
4044549037,0.40859246,0.2704469,0.3209606
4044854606,0.303761,0.3995211,0.2967179
4045273718,0.30292004,0.4133256,0.28375438
4046303274,0.35357803,0.35801303,0.28840894
4046343687,0.33322576,0.33794227,0.32883197
4046356889,0.30399758,0.28007737,0.4159251
4046527902,0.3111931,0.4174769,0.27133
4047203188,0.31586593,0.35928178,0.3248523
4047417165,0.35817933,0.37112772,0.27069294
4047558886,0.31499597,0.33118683,0.35381722
4048240841,0.35758924,0.29530305,0.3471077
4048461804,0.40099382,0.30637538,0.2926308
4048519243,0.35702777,0.3375627,0.30540952
4050061319,0.3532285,0.357445,0.2893265
4050433326,0.30401456,0.40652275,0.2894627
4050521717,0.33440876,0.33253556,0.33305565
4050666589,0.3174361,0.39933223,0.28323165
4050835697,0.29081246,0.41917068,0.29001692
4051143214,0.4078669,0.30638647,0.28574663
4051224269,0.36240256,0.30112043,0.33647698
4051336090,0.3299942,0.3714478,0.298558
4051351230,0.26611117,0.38818026,0.34570855
4051863306,0.33822548,0.34341395,0.3183606
4051914203,0.2801245,0.4263274,0.2935481
4052060304,0.43927476,0.27198607,0.28873917
4053213331,0.35349122,0.3292514,0.31725734
4053718229,0.2813617,0.40619394,0.3124444
4054067019,0.28685442,0.42266488,0.29048073
4054598029,0.3751292,0.33980882,0.28506202
4055019143,0.40060338,0.3233229,0.2760737
4055024634,0.28154522,0.4344526,0.2840022
4055034459,0.3367725,0.35448006,0.30874747
4055046483,0.33327353,0.3472966,0.3194299
4055153883,0.38759404,0.33378452,0.27862144
4057101709,0.2351881,0.48027956,0.2845323
4057316162,0.29662246,0.40338147,0.29999608
4057464953,0.3419842,0.36202043,0.29599535
4057799304,0.30368012,0.41387373,0.28244615
4057872650,0.26515374,0.41488653,0.31995973
4058368941,0.5251862,0.20781764,0.26699615
4058593594,0.4035911,0.32291132,0.27349755
4059079489,0.32305688,0.3639326,0.31301057
4059145203,0.15985745,0.5976216,0.24252093
4059162348,0.3832769,0.30611062,0.31061256
4059421911,0.28706673,0.41456288,0.29837036
4059485874,0.52741766,0.20625085,0.2663315
4059719747,0.3414445,0.37906826,0.27948725
4060437195,0.40286288,0.30472133,0.2924158
4061196990,0.31862348,0.309085,0.37229148
4061254967,0.45289838,0.23245385,0.31464776
4061955800,0.32858914,0.33234376,0.33906713
4062341948,0.4321,0.28605857,0.28184146
4062867867,0.3599977,0.32168603,0.31831628
4063955308,0.31548864,0.37164634,0.31286508
4064333383,0.3367957,0.3769418,0.28626257
4064381909,0.45745176,0.2496913,0.29285687
4064809354,0.34248775,0.30109283,0.35641944
4064861548,0.2965064,0.27888936,0.4246043
4065135259,0.39251375,0.28887457,0.3186117
4065933547,0.30316138,0.27298853,0.42385006
4066623788,0.3985302,0.30861557,0.29285425
4066966573,0.2934549,0.34489012,0.361655
4066970778,0.4012012,0.30847782,0.290321
4067497396,0.29508758,0.35496962,0.3499428
4067980952,0.38261864,0.31750745,0.29987395
4068048209,0.37477967,0.31854162,0.3066787
4068113258,0.34547228,0.26135257,0.3931752
4068318584,0.24134201,0.26954675,0.48911124
4068382780,0.42397082,0.28644478,0.2895844
4068621652,0.57932854,0.17623232,0.24443917
4070148345,0.29057693,0.33854938,0.3708737
4070317979,0.3595745,0.35071766,0.28970784
4070389371,0.35376054,0.36090833,0.2853311
4071399303,0.32820523,0.33220375,0.33959103
4071412508,0.32003337,0.36455142,0.31541517
4072436549,0.35879117,0.35733595,0.2838729
4073321243,0.34601986,0.3268267,0.3271535
4073612080,0.50615215,0.22276378,0.27108407
4074153625,0.28160566,0.42292047,0.29547387
4074946800,0.2749925,0.30483866,0.42016888
4074949495,0.36212963,0.35654598,0.28132442
4075426844,0.28662336,0.3867181,0.3266586
4075625241,0.36920863,0.3147629,0.3160285
4075783992,0.32275346,0.37470034,0.30254626
4075842465,0.41513914,0.2556501,0.32921076
4076196775,0.42451787,0.28861493,0.28686717
4076256883,0.34658152,0.36364728,0.2897712
4076577978,0.34395853,0.36344236,0.29259914
4077065687,0.33506835,0.37350073,0.2914309
4077100781,0.31753778,0.37616396,0.30629826
4077714913,0.28436995,0.4168198,0.29881024
4077739421,0.19469352,0.55343604,0.25187042
4077898943,0.4827477,0.24878755,0.26846474
4078309963,0.29431784,0.3989619,0.30672023
4078350528,0.41960123,0.28768307,0.29271576
4078380089,0.36556572,0.3288359,0.30559838
4078984638,0.31381252,0.3990366,0.28715086
4079124970,0.32389128,0.36215186,0.31395686
4079157109,0.30819044,0.41577482,0.2760347
4079746714,0.18710008,0.56783915,0.2450608
4080538406,0.31080884,0.36621284,0.32297832
4080562510,0.3432511,0.29687047,0.35987842
4080672836,0.40894157,0.3037564,0.2873021
4080725843,0.25402153,0.235771,0.5102075
4080966544,0.3330143,0.35443264,0.31255305
4081003227,0.28040785,0.27196342,0.44762874
4082533476,0.3426947,0.3884258,0.26887953
4082559011,0.39605224,0.28676015,0.31718764
4082560358,0.37270367,0.26470697,0.36258936
4083114455,0.391999,0.31041744,0.29758352
4083236962,0.35283113,0.34456342,0.3026055
4083764040,0.3498094,0.35682702,0.2933635
4084068108,0.34981692,0.31156605,0.3386171
4084265915,0.389224,0.32472384,0.2860522
4084487286,0.31541044,0.38069326,0.3038963
4084628546,0.28822824,0.38715088,0.3246209
4084942674,0.22756329,0.4855514,0.28688532
4085125900,0.3128819,0.36499318,0.3221249
4087098854,0.3189637,0.40092278,0.28011352
4087693311,0.30968136,0.39606482,0.2942538
4087986740,0.22382471,0.5076402,0.26853514
4088072943,0.5032419,0.22877568,0.2679824
4088780445,0.336362,0.3682623,0.2953757
4089120875,0.32424814,0.34509605,0.3306558
4090260143,0.24415004,0.4192122,0.3366378
4090473547,0.28876114,0.3880908,0.32314807
4090632724,0.24616367,0.46590132,0.28793502
4091041232,0.31546906,0.37506425,0.30946666
4091196013,0.32245076,0.39307863,0.2844706
4091209556,0.2755981,0.4301551,0.2942468
4091717985,0.33193117,0.2838906,0.38417828
4091912992,0.35898867,0.31600702,0.32500434
4091932308,0.36818,0.35720164,0.27461833
4092412559,0.36956102,0.32405555,0.30638343
4092672341,0.4276393,0.28441474,0.287946
4092788359,0.3499292,0.3508755,0.2991953
4093103379,0.29589593,0.42669404,0.2774101
4093729393,0.26375878,0.4195832,0.31665802
4093808630,0.2876007,0.42192054,0.2904787
4094548618,0.2662321,0.46009272,0.27367514
4094552948,0.344496,0.36932087,0.28618315
4094654247,0.26643893,0.44598898,0.2875721
4095335222,0.2969834,0.32737982,0.37563676
4095811089,0.40161115,0.27562594,0.3227629
4095813678,0.4584204,0.2664851,0.27509454
4096699897,0.26749417,0.44876343,0.28374237
4097384790,0.18560997,0.5593779,0.25501207
4097497577,0.3122201,0.37346268,0.31431723
4098139581,0.34276468,0.30927563,0.34795976
4098148081,0.43455678,0.27922356,0.28621966
4098483367,0.3411721,0.32064605,0.33818188
4099367257,0.28001738,0.2684681,0.45151448
4099374315,0.25204223,0.36391032,0.38404748
4099772054,0.3475114,0.36269617,0.2897924
4100759070,0.38268209,0.337386,0.2799319
4100873686,0.4161833,0.30038267,0.28343397
4102128365,0.3863119,0.341775,0.2719131
4102192667,0.42579103,0.28928977,0.28491914
4102378551,0.30410144,0.39760575,0.29829282
4102693162,0.40949255,0.29852962,0.29197782
4102812675,0.4986941,0.22580928,0.27549672
4102945508,0.30485344,0.30485344,0.39029315
4102995253,0.3881559,0.28612563,0.32571846
4103012153,0.31810692,0.40707454,0.27481854
4103967893,0.4667681,0.25238207,0.2808499
4104012231,0.39061013,0.2968804,0.31250948
4104260430,0.28713822,0.4238068,0.289055
4104671898,0.3453576,0.34617206,0.3084703
4104842016,0.29248887,0.36300492,0.3445062
4105424726,0.18695867,0.56211233,0.25092897
4106386335,0.35259205,0.3080315,0.33937645
4106757710,0.3768496,0.30733964,0.31581074
4107619765,0.3308341,0.340441,0.32872492
4107801829,0.3285024,0.37401432,0.2974833
4107915054,0.3517751,0.35008904,0.29813585
4108171981,0.37661076,0.33760577,0.28578347
4108698624,0.34211352,0.34550655,0.31238
4108843698,0.37276477,0.3385989,0.28863633
4109711883,0.21277934,0.4644976,0.3227231
4109967894,0.3448022,0.38101685,0.2741809
4110616793,0.2518989,0.47851393,0.26958716
4110680169,0.35396814,0.33737963,0.30865222
4110788775,0.33632678,0.37405515,0.28961807
4111031334,0.35333967,0.36991453,0.27674583
4111510164,0.29427987,0.39500403,0.3107161
4112996790,0.2896846,0.43369287,0.27662253
4113098387,0.31590098,0.372001,0.31209803
4113151185,0.48656994,0.22645229,0.28697777
4113534165,0.29040962,0.41479975,0.29479063
4113618432,0.31669554,0.3941021,0.2892024
4113646048,0.40622854,0.3039937,0.28977782
4113979630,0.27084693,0.427086,0.302067
4114870092,0.4538318,0.26145136,0.28471687
4115127058,0.3608029,0.36423934,0.27495778
4115361724,0.284666,0.2860554,0.42927858
4116134745,0.40108934,0.29822508,0.30068558
4116856726,0.30896065,0.37469345,0.31634587
4117063982,0.20970827,0.47463304,0.3156587
4117226385,0.4299581,0.28236765,0.28767425
4117283513,0.39071086,0.3210328,0.28825635
4117427035,0.18263705,0.569716,0.24764697
4117476760,0.45550722,0.2509554,0.29353744
4117670614,0.41885307,0.2827257,0.29842126
4117754350,0.27905956,0.43789077,0.2830497
4117758636,0.4172034,0.24016961,0.342627
4118665458,0.27157292,0.36228552,0.36614156
4118954991,0.16940305,0.5903378,0.24025914
4120631279,0.41826516,0.25582018,0.32591462
4120702809,0.32770276,0.3843006,0.2879966
4120734066,0.31045467,0.25170806,0.4378372
4120802048,0.2872563,0.4316097,0.281134
4121163290,0.27622983,0.44209033,0.2816799
4121315843,0.3501866,0.32355455,0.32625884
4121373088,0.5100118,0.23128381,0.25870436
4121651943,0.28882614,0.3998276,0.31134623
4121719051,0.3382826,0.37050062,0.2912168
4121969664,0.34826875,0.37849993,0.27323136
4122162081,0.40473095,0.30107063,0.2941984
4122708799,0.3577639,0.30836403,0.33387208
4123077977,0.49622977,0.22149992,0.2822703
4123179092,0.35255116,0.3478267,0.29962212
4123746080,0.36561137,0.31632984,0.3180588
4124641753,0.43962908,0.27660704,0.2837639
4124644292,0.2970035,0.41672683,0.2862696
4125998331,0.3822746,0.29902422,0.31870112
4126612761,0.43839103,0.2718438,0.28976518
4127035740,0.336515,0.37071294,0.29277205
4127980058,0.35908127,0.33145005,0.3094687
4128721971,0.20469618,0.52821827,0.26708555
4128769631,0.26530662,0.45670438,0.27798897
4129500606,0.37038508,0.35848492,0.27113003
4129600660,0.3748784,0.3142609,0.3108607
4129765973,0.42583376,0.28776273,0.2864035
4130164025,0.38400674,0.3106594,0.3053338
4130620953,0.24270272,0.46493924,0.29235804
4131135985,0.34157252,0.3692885,0.2891389
4131751766,0.3939789,0.32815987,0.2778613
4132714818,0.34939882,0.35989916,0.29070204
4132779342,0.28553054,0.38931096,0.32515848
4132997135,0.37872186,0.34568194,0.27559623
4134035947,0.3900648,0.30102056,0.30891466
4134427534,0.3463061,0.3480157,0.30567822
4134667226,0.3808698,0.322986,0.29614428
4134720014,0.35632825,0.33674017,0.30693156
4135761275,0.31416932,0.36177385,0.3240568
4135871705,0.3200007,0.38820565,0.29179364
4136025247,0.3949751,0.27073598,0.3342889
4136163860,0.47092885,0.23259926,0.29647192
4136587469,0.34961691,0.3742866,0.27609646
4137293684,0.46755975,0.25316942,0.27927083
4137915882,0.32384682,0.3393339,0.3368193
4138368225,0.55914384,0.16447285,0.27638328
4138405412,0.34497476,0.36329588,0.2917294
4138739624,0.35819092,0.33005083,0.31175822
4139612279,0.35980695,0.3552934,0.28489965
4139906326,0.30571216,0.4119027,0.28238514
4139960622,0.34462288,0.37272912,0.2826481
4140079955,0.36153328,0.3392884,0.2991783
4140393062,0.3448944,0.3210889,0.3340167
4140412752,0.32865733,0.3761307,0.29521197
4140547518,0.36289302,0.3468858,0.2902212
4140956092,0.4630748,0.27019882,0.26672637
4141357125,0.3160099,0.36491922,0.31907085
4141607749,0.27789417,0.29132986,0.43077603
4142653457,0.3259428,0.36688465,0.30717248
4143081279,0.3158346,0.36144716,0.3227182
4143194920,0.55024004,0.19545798,0.25430205
4143543088,0.38639987,0.33165252,0.2819476
4143673319,0.26652667,0.44309574,0.2903776
4143998942,0.3669377,0.29978985,0.33327252
4144590311,0.34958422,0.35339808,0.29701772
4144624674,0.35581988,0.35414398,0.2900362
4145652418,0.26227787,0.4490115,0.28871062
4147384765,0.26325595,0.44063276,0.29611126
4147521786,0.25983527,0.44823998,0.29192472
4147987911,0.30965814,0.2994627,0.39087915
4148235796,0.3840146,0.30331457,0.3126709
4148246014,0.3546868,0.3351668,0.31014642
4148311732,0.28505743,0.43503156,0.279911
4148660315,0.29828814,0.3976012,0.3041107
4148827122,0.35574332,0.3496215,0.29463518
4149235469,0.37957227,0.31000298,0.31042475
4149503140,0.30345124,0.30173856,0.39481023
4150125228,0.38861224,0.29876253,0.31262523
4150178952,0.29054096,0.40639395,0.30306503
4150317813,0.33362663,0.38544273,0.28093064
4150994705,0.19456577,0.19551447,0.6099198
4151396289,0.35521924,0.3422559,0.30252483
4151554296,0.30577943,0.31084594,0.38337466
4151780367,0.22605875,0.49635136,0.27758992
4152599050,0.31243244,0.31243244,0.37513515
4152708184,0.234757,0.22337766,0.54186535
4153644606,0.36622685,0.3299326,0.30384052
4153796147,0.39894643,0.312116,0.28893754
4153850017,0.28164372,0.37343287,0.34492344
4154720652,0.23964325,0.49734414,0.26301262
4154789780,0.31793594,0.32377857,0.3582855
4155081458,0.37870267,0.3141806,0.30711675
4155322269,0.36831015,0.33657205,0.29511786
4155815570,0.32902807,0.37170166,0.2992703
4156200449,0.18366449,0.5429716,0.2733639
4156246813,0.41512662,0.2897745,0.29509887
4156903170,0.29341897,0.42031133,0.28626972
4157065930,0.3603363,0.32362574,0.31603795
4157468989,0.31790465,0.40314823,0.27894714
4157553702,0.3252812,0.3912534,0.2834654
4157596697,0.39622372,0.29050404,0.3132723
4158162820,0.39117706,0.3328091,0.27601382
4158216844,0.24375755,0.39504382,0.3611986
4158871941,0.41072458,0.28515184,0.30412352
4159212573,0.62855554,0.1350644,0.23638006
4159252230,0.33687615,0.35932747,0.30379638
4160207478,0.2930742,0.41687644,0.29004937
4160326571,0.3208639,0.345873,0.3332631
4160558878,0.24303955,0.25142226,0.5055382
4160779326,0.5132336,0.21692453,0.26984182
4161257562,0.23953402,0.46526158,0.2952044
4161333523,0.37791407,0.3545046,0.26758134
4161345695,0.29426748,0.31540942,0.3903231
4162252188,0.329444,0.37653825,0.29401773
4162445817,0.27010664,0.44533515,0.28455824
4163446392,0.27773237,0.43793792,0.2843297
4163549039,0.36684138,0.2512231,0.38193554
4164639546,0.40113026,0.31319088,0.28567886
4164946281,0.3608067,0.3569595,0.28223377
4165192940,0.25801992,0.47089747,0.27108264
4166166911,0.3359614,0.35538673,0.30865186
4166206527,0.3307763,0.35429832,0.31492543
4166271996,0.31959084,0.3771311,0.30327806
4166443743,0.3424613,0.35146254,0.30607617
4167068924,0.34102923,0.33007622,0.32889456
4168436541,0.3548014,0.35451376,0.29068488
4168905424,0.37839174,0.32842165,0.29318655
4168973736,0.32569128,0.3747149,0.2995938
4169282752,0.44622025,0.27270484,0.28107488
4169352682,0.28196108,0.385673,0.33236593
4169521484,0.35433367,0.36614978,0.27951658
4170134628,0.27338302,0.42712718,0.2994898
4170283219,0.33513308,0.39354834,0.2713186
4170768954,0.3446374,0.3625828,0.2927798
4170903915,0.48519814,0.24457274,0.27022913
4171201817,0.22533883,0.48522002,0.2894411
4171729273,0.44888192,0.25486284,0.29625523
4171998584,0.31505507,0.39681453,0.28813037
4172303561,0.3688399,0.31500092,0.3161592
4172499314,0.29231578,0.4184864,0.28919783
4172674866,0.47026175,0.26446137,0.26527685
4172864939,0.31295714,0.40358245,0.28346044
4172915139,0.31348068,0.37942988,0.3070895
4172989254,0.33251205,0.3720013,0.29548663
4173785422,0.3394658,0.34927619,0.31125802
4174058512,0.21221985,0.5250225,0.2627576
4174180886,0.45364606,0.2562002,0.2901538
4174718145,0.27331376,0.43238136,0.29430485
4174835967,0.48060274,0.23311946,0.28627783
4175245801,0.2663151,0.30604672,0.42763814
4175305822,0.34939775,0.34002483,0.31057742
4175436066,0.2647499,0.45419174,0.2810583
4175546451,0.28068003,0.44852602,0.27079397
4176288077,0.27675295,0.4543936,0.26885346
4177758178,0.25213298,0.4614923,0.28637475
4178090534,0.36306584,0.31316435,0.3237698
4178113438,0.3025301,0.34506243,0.35240743
4178202274,0.36226398,0.36100402,0.27673197
4178221700,0.38407254,0.3560388,0.25988862
4179193113,0.30919778,0.404692,0.2861102
4179516353,0.3618932,0.34472686,0.29337993
4180217850,0.32169437,0.3531999,0.3251057
4181032576,0.26001438,0.3663467,0.3736389
4181784550,0.25257334,0.459005,0.28842175
4182333701,0.21599826,0.5162502,0.26775151
4183084229,0.27042675,0.28729215,0.44228107
4183561471,0.28959954,0.4238523,0.28654817
4183954545,0.37432528,0.34294266,0.28273213
4184269064,0.35377732,0.34481692,0.3014058
4185132007,0.35824978,0.34499943,0.29675078
4185135579,0.53518957,0.20344138,0.26136902
4185273438,0.46835083,0.25548178,0.2761674
4185499146,0.33179927,0.35371286,0.31448787
4185585688,0.40778977,0.30391806,0.28829223
4185724417,0.39002824,0.31669903,0.29327276
4187060144,0.32015067,0.34095547,0.3388939
4187659488,0.3699277,0.3231223,0.30694997
4187818011,0.32110956,0.39240676,0.28648368
4188572588,0.23697141,0.4851656,0.27786297
4188720589,0.34174925,0.3383317,0.31991902
4188882777,0.4103942,0.29299265,0.29661316
4189199849,0.37807035,0.34023106,0.28169858
4189373812,0.23501517,0.46963498,0.29534987
4190355019,0.47631812,0.2390801,0.28460175
4190607147,0.48448172,0.24424557,0.27127272
4190774693,0.36230803,0.33974615,0.29794586
4191809121,0.30698496,0.42604363,0.26697144
4192140404,0.31102607,0.40223306,0.2867408
4192445564,0.4338653,0.2664578,0.2996769
4192994643,0.27760655,0.41896635,0.3034271
4193685101,0.27374345,0.43406934,0.29218727
4193688494,0.37977195,0.33063978,0.28958824
4194150310,0.40245116,0.2972952,0.3002536
4194578980,0.40277153,0.2968837,0.30034474
4194973013,0.27693033,0.41093457,0.3121351
4195348438,0.21854378,0.52766436,0.25379184
4195835698,0.33547467,0.3636815,0.30084378
4196302229,0.2970963,0.31632456,0.38657913
4196464969,0.3703798,0.3412046,0.28841555
4196492906,0.39410806,0.29500702,0.3108849
4196634256,0.33991265,0.34300196,0.3170854
4197094854,0.2766978,0.40304214,0.32026005
4197483593,0.3651836,0.33288664,0.3019298
4198384283,0.30862433,0.38778567,0.30359
4198453021,0.30626318,0.34045202,0.3532848
4198665000,0.36374503,0.3322793,0.3039757
4198823489,0.32905167,0.3355192,0.33542916
4199341465,0.46682775,0.24740387,0.2857684
4200088116,0.22750068,0.23170152,0.5407978
4200178121,0.28912482,0.39039016,0.32048506
4201029752,0.43374664,0.2831721,0.2830813
4201572470,0.33709043,0.34699953,0.31591004
4201597732,0.53895265,0.21028775,0.25075957
4201858738,0.2403715,0.44184414,0.31778437
4202253676,0.36119723,0.3497991,0.28900367
4202272395,0.31149846,0.37393603,0.31456548
4202369684,0.37103507,0.33881342,0.29015148
4202588088,0.37459368,0.29726732,0.328139
4202774026,0.33038834,0.37484846,0.29476318
4202808023,0.4875046,0.22520542,0.28728995
4203159050,0.40911406,0.2827555,0.30813044
4203472375,0.22986686,0.49456185,0.2755713
4203708763,0.35273337,0.3617577,0.2855089
4203735144,0.33554846,0.371531,0.29292056
4204395194,0.39333332,0.33011195,0.2765547
4205207896,0.39016396,0.30234033,0.3074957
4205926084,0.31049514,0.4010501,0.2884548
4206644455,0.34856388,0.3396054,0.31183073
4206692298,0.3598072,0.3489475,0.29124528
4206856770,0.56920385,0.19136567,0.23943046
4207145444,0.36152515,0.3074419,0.331033
4207230250,0.34710053,0.36823922,0.28466025
4207608715,0.35351375,0.33876914,0.3077171
4207858001,0.2195186,0.5259481,0.2545333
4208033247,0.2889304,0.42871922,0.28235042
4208070973,0.3087136,0.39201927,0.2992671
4208337852,0.32729584,0.3844005,0.28830364
4208856820,0.34111452,0.36484903,0.29403645
4209241314,0.29094,0.27409437,0.4349656
4210188715,0.3954025,0.3182578,0.2863397
4210339544,0.28905833,0.4091255,0.3018162
4210751808,0.38367903,0.32898936,0.28733164
4210995470,0.4163291,0.30950326,0.27416772
4211106202,0.3065585,0.29695064,0.39649087
4213015875,0.4094125,0.29696965,0.2936178
4213057466,0.36378613,0.32622147,0.30999237
4213118986,0.27455497,0.29720294,0.42824203
4213159674,0.46602994,0.23284552,0.30112457
4213202148,0.39092565,0.30371732,0.30535704
4213413316,0.37698236,0.33486974,0.28814793
4213513434,0.34444302,0.3399821,0.3155749
4213638078,0.35129637,0.32062614,0.3280775
4214265819,0.34694684,0.3707126,0.2823406
4214450583,0.306686,0.32669348,0.36662054
4214811844,0.36740136,0.34723055,0.28536808
4215105062,0.38118005,0.3027562,0.31606376
4215140113,0.3771601,0.32370824,0.2991317
4215775875,0.39822865,0.2975031,0.30426818
4215855431,0.41776955,0.28322124,0.29900917
4215922658,0.41349244,0.3039579,0.28254962
4215941661,0.32089302,0.37553412,0.3035729
4216093509,0.34296203,0.2534646,0.40357336
4216097527,0.48489392,0.24965884,0.26544723
4216398877,0.34748855,0.3572631,0.29524833
4216460780,0.23993579,0.45945758,0.3006066
4216769264,0.19758509,0.5456422,0.2567727
4216888231,0.3715937,0.33186716,0.2965392
4217163582,0.34723395,0.337966,0.31480005
4217499598,0.3142647,0.39649335,0.28924197
4218709426,0.32381684,0.35983622,0.31634694
4219086767,0.33158463,0.31212577,0.35628957
4219126037,0.37059283,0.33039716,0.29900998
4219126153,0.32936603,0.39105394,0.27958
4219516491,0.4989504,0.22620413,0.27484548
4220149347,0.43778193,0.28422117,0.27799693
4220311356,0.33000308,0.3770911,0.2929058
4220721936,0.22953254,0.29310644,0.477361
4221656851,0.296707,0.40055287,0.30274016
4222577204,0.41137493,0.27850276,0.31012237
4222847658,0.36169672,0.32428798,0.31401533
4223340612,0.5173356,0.23995814,0.24270628
4223387653,0.37139374,0.3234682,0.30513805
4223410220,0.36505055,0.34264147,0.29230803
4223764049,0.3517779,0.2957722,0.3524499
4224115839,0.42105538,0.27121717,0.30772746
4224487971,0.3210072,0.34472162,0.3342712
4224860363,0.40102145,0.30129725,0.29768127
4224929567,0.3106489,0.3704028,0.31894833
4225429292,0.34978664,0.35221004,0.29800332
4227115802,0.37006176,0.34955335,0.2803849
4227388144,0.35195476,0.36114037,0.28690487
4227490224,0.323197,0.39013258,0.2866704
4228053482,0.28148067,0.43958604,0.2789333
4228111213,0.3515054,0.36920285,0.27929178
4228864129,0.38682342,0.33264104,0.28053555
4228881315,0.273242,0.3279056,0.39885238
4229021901,0.25164244,0.48328143,0.26507616
4229026270,0.39653957,0.31766793,0.2857925
4229267872,0.49240404,0.24199817,0.2655978
4229518975,0.28974402,0.21876371,0.49149224
4229941807,0.22619453,0.5032805,0.27052498
4230143796,0.398313,0.3057772,0.2959098
4230389296,0.3463707,0.34496722,0.3086621
4230597810,0.3120423,0.3981787,0.289779
4230647450,0.34675735,0.36492878,0.28831387
4230691533,0.32913497,0.3213674,0.34949765
4231074056,0.3450258,0.32775134,0.32722282
4231121122,0.31175515,0.39062184,0.29762298
4231390741,0.34296757,0.36817795,0.28885448
4231644896,0.30399722,0.44034055,0.25566223
4232732728,0.33042777,0.35219473,0.3173775
4233902611,0.22407329,0.4985031,0.27742368
4234264844,0.35801584,0.34552968,0.29645443
4234651840,0.34064046,0.3710658,0.28829372
4235485065,0.54999,0.19714293,0.25286704
4235738750,0.52244276,0.22506668,0.25249055
4236095246,0.49705023,0.23671865,0.26623118
4236414699,0.27634808,0.28388324,0.43976867
4236728758,0.3646704,0.348661,0.2866686
4237549667,0.30894998,0.32324594,0.36780405
4238139643,0.37583572,0.32762358,0.29654074
4238511728,0.3886735,0.30485737,0.30646914
4238728244,0.29078573,0.276069,0.43314528
4238735928,0.43395162,0.2761948,0.2898536
4239396447,0.2249639,0.4989946,0.2760415
4240644936,0.37499487,0.32365412,0.30135098
4241437587,0.2864882,0.3972718,0.31623998
4241948896,0.33597466,0.3783186,0.2857067
4243204289,0.46750998,0.25561774,0.2768723
4243326482,0.3564347,0.33021855,0.31334674
4244101139,0.27544886,0.44207692,0.28247425
4244975385,0.31087565,0.3874281,0.30169627
4245482056,0.30138826,0.33307022,0.36554152
4245482950,0.4084972,0.2792862,0.31221658
4245546857,0.34477568,0.380229,0.2749954
4246075787,0.337615,0.3022679,0.36011714
4246304840,0.28970176,0.42316657,0.28713167
4246854744,0.35696983,0.37506795,0.26796222
4247287548,0.3680355,0.3534536,0.27851093
4247811575,0.3948879,0.2886567,0.31645542
4248269209,0.26814395,0.45829862,0.27355736
4248420073,0.318425,0.31218755,0.36938745
4248667785,0.3528407,0.3423658,0.3047935
4249085989,0.3565569,0.36207315,0.28136995
4249231691,0.3253671,0.3740415,0.3005914
4249381288,0.31078967,0.29933706,0.3898733
4249759461,0.35309893,0.35799965,0.2889014
4249877240,0.27663106,0.4312796,0.29208934
4250342551,0.3569116,0.33998626,0.30310214
4250439150,0.29530966,0.40423447,0.30045587
4250710791,0.26405752,0.44523227,0.29071024
4251266470,0.31873995,0.35897067,0.32228935
4251917489,0.4209159,0.2925716,0.2865125
4252161142,0.25543153,0.27950287,0.4650656
4252787969,0.36131942,0.32368398,0.31499657
4253030125,0.37447923,0.3548618,0.27065897
4253105766,0.33011562,0.37446147,0.2954229
4254044254,0.36482275,0.32948232,0.3056949
4254193206,0.3466252,0.36096328,0.29241154
4256179369,0.37774575,0.2685501,0.35370415
4256363743,0.24171284,0.24171284,0.5165744
4256557356,0.3423571,0.36516085,0.29248205
4256622843,0.2536156,0.4624005,0.2839839
4257247464,0.3687774,0.34675068,0.28447193
4258041419,0.22508964,0.4860403,0.28887004
4258041814,0.37885073,0.33389586,0.28725344
4258369845,0.27965716,0.4311065,0.2892363
4258428039,0.25829977,0.42008317,0.32161707
4258667494,0.34312445,0.37109423,0.28578138
4258765705,0.3824376,0.3031578,0.3144046
4258925590,0.34197858,0.39106384,0.26695755
4258988790,0.41911665,0.2869445,0.29393882
4260589581,0.37789297,0.33681267,0.28529435
4261216431,0.31342435,0.36413664,0.322439
4261420325,0.23666838,0.32696086,0.43637073
4261742467,0.2400684,0.47529918,0.2846324
4262860715,0.34949285,0.37334916,0.27715796
4263591872,0.4184497,0.3033893,0.27816093
4263618688,0.34791106,0.36494333,0.28714564
4263631006,0.46036622,0.24052924,0.29910454
4263727916,0.30209845,0.2891811,0.4087204
4263738907,0.2850837,0.40787983,0.30703652
4263811653,0.21559654,0.21559654,0.56880695
4263966547,0.3618456,0.3366231,0.30153126
4264293918,0.33155376,0.33986837,0.32857782
4264651374,0.327815,0.3267257,0.34545934
4265154113,0.3636422,0.35904068,0.27731714
4266065748,0.38638973,0.32644308,0.2871672
4266189146,0.2052418,0.21445084,0.58030736
4267199301,0.35726184,0.35601124,0.28672695
4269177005,0.32053173,0.33989382,0.33957446
4269403387,0.19084367,0.19084367,0.61831266
4269934547,0.29281062,0.44718894,0.26000044
4270483798,0.23966335,0.2810179,0.47931874
4270909995,0.3940295,0.31555125,0.29041922
4271180206,0.22171661,0.50624466,0.2720387
4272956219,0.3053311,0.3993094,0.29535955
4273695866,0.37596846,0.34407735,0.2799542
4274073514,0.38687593,0.2621835,0.35094061
4274076811,0.41034466,0.28979012,0.29986525
4274137569,0.24446449,0.42271972,0.3328158
4274761773,0.38419032,0.30402082,0.31178886
4275184152,0.47666597,0.24281701,0.280517
4275275519,0.31632578,0.3050931,0.37858108
4275389524,0.31572443,0.3967256,0.2875499
4275723868,0.33062413,0.3515486,0.3178272
4276132444,0.35561574,0.35151544,0.29286888
4276171493,0.32607132,0.354527,0.31940168
4278306836,0.5551119,0.16797188,0.2769162
4278511339,0.26089016,0.4223277,0.31678206
4278928586,0.3578481,0.32308665,0.3190652
4278983238,0.45251727,0.2841624,0.2633204
4279209684,0.31243098,0.39436942,0.29319957
4279221131,0.36121544,0.34213242,0.29665217
4279394335,0.26904184,0.2816946,0.44926357
4279569985,0.35607532,0.35582584,0.28809887
4280287624,0.39370492,0.33822474,0.26807034
4280501571,0.37147588,0.3190583,0.30946583
4281062380,0.31699175,0.38094738,0.30206084
4281325245,0.32905042,0.38483998,0.28610963
4281792270,0.35611248,0.3730628,0.2708248
4282315288,0.36856985,0.33680794,0.29462224
4282482144,0.2697723,0.33781993,0.39240777
4282977306,0.3251766,0.3805161,0.2943073
4283312699,0.42474502,0.29096562,0.28428936
4283365726,0.28809714,0.30117166,0.41073123
4284498087,0.23815581,0.361875,0.39996928
4284845904,0.32768315,0.36793125,0.30438563
4284911720,0.3327732,0.33588925,0.33133757
4284924803,0.2446517,0.47040087,0.2849474
4284969072,0.4178409,0.29143625,0.2907228
4285002084,0.48432794,0.25268847,0.26298362
4285850813,0.33823347,0.3642272,0.2975393
4286061858,0.2293636,0.51732767,0.25330877
4286450466,0.36236244,0.3503127,0.2873249
4286463056,0.26455307,0.2979948,0.43745208
4287650976,0.36608672,0.3288602,0.30505309
4287905957,0.34054825,0.36544257,0.29400915
4288036962,0.42135918,0.27695012,0.30169067
4288290528,0.27182668,0.264813,0.46336034
4289607724,0.3419059,0.26013586,0.39795828
4290218189,0.33597505,0.3779158,0.28610915
4290226288,0.34492117,0.3511645,0.30391428
4290323631,0.2962728,0.42343277,0.28029442
4290387078,0.30588728,0.39926255,0.2948502
4291750124,0.35645032,0.35851827,0.2850314
4292154969,0.20285046,0.20643288,0.59071666
4292612499,0.33831877,0.35426328,0.30741793
4293540065,0.31783944,0.31643707,0.3657235
4293543403,0.28505754,0.4451139,0.2698285
4293965487,0.34594584,0.35295337,0.3011008
4294254797,0.32293278,0.38027024,0.296797
4294452769,0.29555637,0.3225003,0.3819433
4294602932,0.30073896,0.41250548,0.28675556
4294633312,0.25836423,0.45535675,0.28627905
