id,winner_model_a,winner_model_b,winner_tie
198779,0.47958052,0.31932706,0.20109242
481524,0.39660835,0.35312688,0.2502648
914644,0.36072558,0.39285976,0.24641463
933555,0.38781708,0.28156763,0.33061528
1744093,0.32582206,0.40411997,0.270058
2298796,0.32729483,0.33709353,0.3356117
2944182,0.2831433,0.3157106,0.4011461
3475655,0.22832486,0.31141746,0.46025762
3590999,0.22306582,0.22306582,0.55386835
4186011,0.26421672,0.52678525,0.20899804
4349090,0.54921544,0.26094308,0.18984143
5973148,0.45909673,0.35823774,0.18266556
6701196,0.36149776,0.41227645,0.2262258
7311145,0.28843075,0.4496236,0.26194566
7831108,0.3855995,0.31422126,0.3001793
8017578,0.30369025,0.3053677,0.39094204
8948997,0.36716595,0.40284392,0.22999014
9484428,0.43732226,0.2913308,0.27134693
9638121,0.37246764,0.3606228,0.2669096
9785707,0.3923859,0.32973242,0.27788168
9865433,0.32880253,0.3330695,0.33812797
10038573,0.30668777,0.27246535,0.42084688
11174153,0.28284448,0.46443748,0.25271803
11466834,0.4837436,0.34401384,0.1722426
11662304,0.37651148,0.33450884,0.28897965
11802413,0.3114643,0.43913156,0.24940416
12030710,0.40331888,0.35382605,0.24285504
13394448,0.41056865,0.32840812,0.26102322
13556772,0.36673892,0.41076958,0.2224915
13782880,0.29231256,0.29658335,0.41110405
14493470,0.41260836,0.31198907,0.27540255
14685320,0.27175498,0.28384498,0.44440004
14940307,0.56512415,0.20677993,0.22809592
15059469,0.29823187,0.4568736,0.2448945
15323548,0.3486948,0.37796587,0.2733393
15641037,0.5693341,0.22127917,0.2093867
15828515,0.3687129,0.37171462,0.2595725
15909896,0.35880125,0.33258379,0.30861497
16164492,0.43650925,0.32374635,0.2397444
16350735,0.3491847,0.3965311,0.2542842
16461522,0.37214166,0.39896223,0.22889611
17434002,0.28397942,0.39317188,0.32284874
17448643,0.3920613,0.3896861,0.21825261
18086268,0.42930147,0.3545611,0.21613741
18138965,0.41223234,0.36381125,0.2239564
18452420,0.35448313,0.37483278,0.27068406
19108602,0.3473236,0.29369137,0.35898507
19298357,0.39625373,0.42937678,0.17436945
20191819,0.32229608,0.48628137,0.19142255
20323081,0.3878835,0.36043334,0.25168318
20449586,0.45569193,0.29366326,0.2506448
20663371,0.4207408,0.3397239,0.23953527
21469188,0.27288842,0.34706098,0.3800506
22030556,0.30145723,0.31138074,0.38716203
22198032,0.40290737,0.3430786,0.25401407
22224316,0.48074937,0.2897808,0.22946985
22285215,0.3561663,0.36000597,0.2838277
22287709,0.30195102,0.4686757,0.22937329
22619105,0.3341993,0.40139264,0.26440802
23262408,0.3884827,0.4277833,0.18373396
23479672,0.39552075,0.33763367,0.26684558
23752038,0.32803005,0.34674716,0.32522273
24217487,0.37738752,0.3651594,0.2574531
24250539,0.33607018,0.44471902,0.2192108
24291614,0.4525101,0.35559967,0.19189021
24685627,0.3922093,0.3484875,0.25930324
24766918,0.37166566,0.4175794,0.21075487
26269482,0.41919512,0.33594087,0.244864
26376073,0.24380678,0.19897008,0.5572232
26535266,0.3904091,0.38253582,0.22705504
26853196,0.39469296,0.31318966,0.29211736
26977623,0.36475533,0.4076575,0.22758716
27595930,0.31616443,0.44563913,0.23819646
27698358,0.3509629,0.3666972,0.28233993
27899018,0.32407856,0.31678247,0.35913897
28503704,0.47199205,0.36758688,0.16042101
28967472,0.35683984,0.44280627,0.20035392
29769670,0.377281,0.39520586,0.22751312
30406816,0.37295246,0.32474792,0.30229962
30596949,0.5269022,0.25303742,0.22006035
30716997,0.41219133,0.36172584,0.22608283
31055850,0.42935705,0.36294127,0.20770174
31168210,0.30384213,0.23714738,0.45901054
31514551,0.4052893,0.39866588,0.19604482
31588430,0.43912143,0.3279088,0.23296976
31735386,0.4597777,0.31922466,0.22099763
31747214,0.5379724,0.25558102,0.20644662
31970451,0.36585236,0.37183172,0.262316
32175659,0.34424853,0.4340799,0.22167158
33161531,0.45945805,0.297194,0.24334796
33419218,0.49199882,0.30303055,0.20497063
33955780,0.35506648,0.24784118,0.39709237
33989060,0.42214984,0.370041,0.20780912
34083819,0.37053108,0.3609053,0.26856363
34141516,0.55887806,0.24424306,0.19687888
34348633,0.35607606,0.28706688,0.35685706
34360479,0.30443424,0.39278054,0.30278522
34540796,0.38485533,0.3831604,0.23198429
35201644,0.3971145,0.38632107,0.21656446
35492332,0.34228453,0.43566322,0.22205228
35654393,0.40339187,0.34257925,0.25402886
36171158,0.35203552,0.35159624,0.29636824
37403219,0.31929246,0.33032954,0.35037798
37411931,0.36325222,0.40852553,0.2282223
37697874,0.31920508,0.40639517,0.2743998
38367458,0.33429217,0.3311211,0.33458674
39506411,0.3239578,0.30789545,0.36814678
39507509,0.288368,0.3952791,0.3163529
40025404,0.22870845,0.44409156,0.3272
40132483,0.36020276,0.3453001,0.29449713
40594907,0.34089446,0.38062936,0.27847618
40686068,0.3410474,0.3271982,0.33175436
40687256,0.38099363,0.43655896,0.1824474
40823165,0.35098276,0.32267612,0.32634115
41007496,0.4420186,0.31876183,0.23921956
41097827,0.26165178,0.5333617,0.2049866
41126880,0.29545677,0.27520794,0.42933533
41176201,0.30496997,0.40744856,0.28758144
41401699,0.30952483,0.4447048,0.24577038
41939754,0.49759078,0.29958558,0.20282361
42421151,0.36205217,0.34686732,0.29108053
43199588,0.44878367,0.28962386,0.26159248
43490392,0.34909838,0.38597357,0.26492807
43641645,0.36882442,0.25749445,0.37368113
44439894,0.4155694,0.35013914,0.23429143
44685153,0.38201076,0.38672298,0.23126629
45203971,0.26051036,0.46098986,0.27849978
45306623,0.34542924,0.4544729,0.20009784
45445864,0.34680036,0.46335453,0.18984517
45862971,0.38460022,0.28930688,0.3260929
46821932,0.37272203,0.36207452,0.26520348
47599014,0.24766135,0.5079408,0.24439776
47623951,0.38400948,0.3752366,0.24075392
47979246,0.29961833,0.45747352,0.24290816
48242477,0.5933927,0.18206467,0.22454254
48576265,0.37157488,0.3717035,0.25672162
48642438,0.2873329,0.4992761,0.213391
48919853,0.45540875,0.30538753,0.23920375
48942865,0.22092754,0.5836891,0.19538346
49435804,0.37303078,0.35109133,0.2758779
49610973,0.27627236,0.4850096,0.23871808
49623367,0.24273996,0.55126506,0.205995
50196105,0.27857733,0.42938247,0.29204014
51210806,0.28998232,0.43947428,0.2705434
51653907,0.47622514,0.30974868,0.21402617
52770361,0.37165856,0.38435623,0.24398527
53443545,0.24805097,0.512182,0.23976707
53704229,0.454839,0.2875558,0.25760517
54262195,0.33044627,0.26350582,0.40604788
54330510,0.4175616,0.36164385,0.22079447
54523115,0.33598787,0.45789003,0.20612216
54822700,0.49296477,0.30836296,0.19867226
54955806,0.45353574,0.35053694,0.19592732
54973675,0.4010979,0.3859486,0.21295342
55173888,0.36198777,0.42207247,0.21593978
55198760,0.2975788,0.36591715,0.33650404
55331276,0.27602953,0.5223596,0.20161086
55608506,0.27744627,0.2901693,0.43238443
56375195,0.3336948,0.4346335,0.23167174
56446540,0.3261342,0.34565228,0.3282135
56570247,0.30018967,0.4699417,0.2298686
56874306,0.24502888,0.5395747,0.2153964
57464350,0.28580204,0.39851975,0.31567818
57663615,0.38806424,0.39166987,0.22026591
58131904,0.37306166,0.39456105,0.23237729
58628175,0.4627514,0.33445984,0.20278881
58855804,0.2865134,0.34165668,0.37182993
59022044,0.26571953,0.5449726,0.18930781
59824387,0.37471446,0.39820695,0.22707859
60373227,0.2525024,0.5064165,0.24108109
61093234,0.4764421,0.26672465,0.25683326
61143223,0.33910626,0.46279424,0.1980995
61314766,0.33240753,0.42958063,0.2380118
61412684,0.29454243,0.4991179,0.20633963
61564781,0.331963,0.3227285,0.34530854
61612801,0.52104837,0.27258506,0.2063666
63138580,0.24503835,0.34178635,0.41317526
64571863,0.29635495,0.33965176,0.36399323
64757753,0.32063165,0.446545,0.23282334
65504068,0.26868105,0.24780193,0.483517
65525364,0.31976348,0.3959888,0.2842477
66167562,0.47162363,0.3148412,0.21353516
66246031,0.30553886,0.36101183,0.3334493
66310559,0.36449647,0.41896093,0.2165426
66699553,0.4051301,0.33505517,0.25981474
66717329,0.3805859,0.391895,0.22751914
67152163,0.40420684,0.33784217,0.25795096
67405472,0.28191376,0.51284474,0.20524152
67960801,0.26138666,0.5699538,0.1686596
68890531,0.486427,0.30491367,0.20865935
69976808,0.56801975,0.23784807,0.19413215
70264803,0.53465945,0.26592213,0.19941846
70912581,0.37959373,0.35828197,0.2621243
71023956,0.26450393,0.259932,0.475564
71683683,0.3645329,0.38042286,0.25504425
72551638,0.37186515,0.39085996,0.23727489
73576434,0.4201036,0.38660806,0.1932883
73625918,0.45131817,0.3274377,0.2212441
73771022,0.55198455,0.23717532,0.2108401
73902561,0.5256467,0.2545522,0.21980111
73980122,0.26037276,0.2535991,0.48602813
74260397,0.3284338,0.41574794,0.25581825
74492564,0.37936735,0.33500886,0.2856238
74521474,0.30469418,0.42367297,0.27163282
75654377,0.41207403,0.36467418,0.22325179
76020303,0.25751588,0.5533782,0.1891059
76818137,0.44594133,0.3233853,0.2306734
76953214,0.4394673,0.35779047,0.20274216
77072101,0.40109438,0.35306895,0.2458367
77181015,0.49005902,0.31068167,0.19925928
77293566,0.46638054,0.28102866,0.25259078
77764403,0.24961504,0.23186946,0.51851547
77822904,0.38708043,0.37736833,0.23555128
78323278,0.36351556,0.32973298,0.3067515
78956673,0.4737257,0.3050964,0.22117788
79179109,0.37349352,0.3470255,0.27948093
79519224,0.40871212,0.33495635,0.25633156
80141038,0.34564453,0.3421719,0.31218356
80205282,0.3580352,0.3387912,0.3031736
80525318,0.43126184,0.3044979,0.2642402
80787512,0.45973557,0.32620037,0.214064
81192693,0.29501903,0.5145775,0.19040352
81249307,0.3426859,0.42984283,0.22747126
81954652,0.3777287,0.38819993,0.23407134
83620275,0.45843118,0.33197352,0.20959531
84127059,0.34839225,0.34464717,0.30696052
84475574,0.44665158,0.28480688,0.2685415
84759783,0.4236185,0.30735707,0.26902443
84760327,0.3347108,0.42511964,0.24016957
84798842,0.3053718,0.28989428,0.40473396
85318392,0.2800367,0.53408146,0.18588185
85676838,0.2875975,0.4681218,0.24428073
85722057,0.38999614,0.34385735,0.26614654
85758625,0.34742618,0.34368134,0.30889243
86326684,0.3129199,0.23576164,0.45131847
86393019,0.37550667,0.35586137,0.26863196
86419007,0.38038442,0.41795093,0.20166467
86573522,0.34012678,0.41887453,0.24099869
87533124,0.28808135,0.5084218,0.2034969
88696366,0.4036963,0.3020472,0.29425654
88730793,0.41645384,0.3524992,0.23104697
89036775,0.27518255,0.49611977,0.22869767
90309999,0.4162044,0.30187893,0.28191668
90924664,0.29520237,0.3613474,0.3434502
91120476,0.40232638,0.37807226,0.21960136
91270932,0.56591046,0.23684515,0.1972444
91353116,0.36084923,0.37186348,0.2672873
91392552,0.42421168,0.37461814,0.20117018
91508203,0.30499488,0.4521767,0.24282837
91514729,0.28118825,0.5061081,0.21270365
91641175,0.44312322,0.32469848,0.23217836
92087698,0.3415222,0.35156497,0.30691278
92137308,0.4315967,0.34697893,0.22142439
92816758,0.4474103,0.34469944,0.20789024
93135336,0.24307328,0.40600288,0.35092384
93678596,0.5472828,0.27398124,0.17873594
94093596,0.35321224,0.32872322,0.31806457
94227666,0.35751688,0.35724425,0.28523892
94740109,0.28034726,0.30137402,0.4182787
94800366,0.3782745,0.36066344,0.26106203
95535518,0.47967255,0.3218481,0.19847935
95582216,0.36651897,0.31138748,0.3220935
95644301,0.4611231,0.29459262,0.24428421
95896686,0.5656953,0.23659107,0.19771366
96808026,0.28791183,0.50513756,0.2069506
96840376,0.4509518,0.22603697,0.3230112
96861466,0.3362597,0.33754325,0.32619706
97120486,0.42027795,0.26988915,0.3098329
97391343,0.3021558,0.39001197,0.3078322
99126847,0.36499453,0.38033822,0.25466728
99226500,0.43445143,0.3153993,0.25014934
100040967,0.37252364,0.422962,0.20451432
101485010,0.5346667,0.27202627,0.19330701
101737634,0.27684593,0.51476514,0.20838892
101918832,0.33546516,0.4438541,0.22068071
102839110,0.42565933,0.34752217,0.2268185
103014146,0.33334702,0.3375153,0.32913765
103029271,0.61822504,0.2078977,0.17387724
103088501,0.34440887,0.4264822,0.22910893
103404710,0.39933363,0.30778426,0.29288214
104327024,0.4150617,0.3315593,0.25337893
104397560,0.3059982,0.4657162,0.22828557
104868968,0.30959907,0.41847572,0.27192518
105393223,0.36864182,0.27782258,0.35353562
105956094,0.43491903,0.28691536,0.2781656
106035300,0.3807418,0.33001995,0.2892382
106972419,0.29253048,0.34928152,0.35818803
107099682,0.2780509,0.49649692,0.22545218
107286860,0.32143658,0.4594869,0.21907647
107344797,0.36085665,0.42887768,0.21026567
107498868,0.4346166,0.3071277,0.2582557
107512736,0.37316126,0.35753906,0.2692997
107846647,0.4261589,0.33721125,0.23662981
108404504,0.36051112,0.24417606,0.39531285
108477597,0.4112035,0.30101597,0.28778046
108720029,0.3359018,0.38403282,0.2800654
109410988,0.29511434,0.264059,0.44082665
109568328,0.43707305,0.31319898,0.24972798
109599364,0.44534022,0.36136472,0.19329506
110019484,0.38906395,0.38459724,0.22633877
110435563,0.27274346,0.26106232,0.4661942
110738755,0.44614935,0.3135959,0.24025476
111718171,0.3255303,0.48262054,0.19184914
113842835,0.37945145,0.34476924,0.2757793
114649337,0.36432153,0.37500972,0.26066875
114659557,0.5720477,0.2142236,0.2137287
114720363,0.4873077,0.29313418,0.21955809
114723677,0.3611765,0.33316517,0.30565828
115755020,0.42859197,0.32802725,0.24338078
115833760,0.31389767,0.34222224,0.34388015
117042177,0.42115584,0.32877183,0.25007236
117044552,0.38469738,0.39331418,0.22198841
117617524,0.31310338,0.48517686,0.20171976
118404397,0.37606347,0.4122005,0.21173604
119138094,0.3495289,0.40236402,0.24810708
119265914,0.39470112,0.33694977,0.2683491
120298223,0.46580952,0.31357384,0.22061661
121039605,0.36852753,0.41176185,0.21971066
121663832,0.39041585,0.3207605,0.28882375
122208084,0.33372208,0.38438874,0.2818892
123426414,0.37888306,0.41768146,0.20343542
123699166,0.40902305,0.38238275,0.20859426
124060038,0.38224864,0.37742984,0.24032152
124261895,0.28088906,0.48802274,0.23108819
124556638,0.37251818,0.40775365,0.2197282
124797767,0.5002434,0.29381102,0.20594558
125023135,0.43966466,0.3702665,0.1900688
125049334,0.3829115,0.36276448,0.25432402
125682858,0.24010782,0.22974868,0.5301435
125857825,0.51020265,0.30893856,0.18085879
125946145,0.35591477,0.41040343,0.23368181
127116268,0.3044228,0.415512,0.28006518
127982670,0.40078428,0.29149163,0.3077241
128368900,0.4055466,0.32520598,0.2692474
128588182,0.21270669,0.36505812,0.4222352
128673789,0.40992886,0.35651463,0.23355651
128761802,0.41314298,0.37347093,0.21338603
129257832,0.41599488,0.381333,0.20267211
129277625,0.4289295,0.3731374,0.19793305
129481800,0.4740249,0.31566733,0.21030778
129517551,0.30038452,0.5211656,0.1784499
129791516,0.41291887,0.30977154,0.2773096
130949313,0.39589006,0.40500963,0.19910029
131147010,0.36726907,0.40121222,0.23151878
131454540,0.3533687,0.40279168,0.24383959
131682646,0.28267974,0.45524472,0.26207554
131939314,0.34128875,0.43089682,0.22781442
131967081,0.2519582,0.57826924,0.1697725
132511780,0.5339705,0.28033867,0.18569085
133559054,0.54035145,0.2883994,0.17124915
134190253,0.30684733,0.49289557,0.20025714
134264759,0.36922926,0.4221062,0.20866454
134445396,0.3903687,0.40012506,0.20950624
134632307,0.29536408,0.44458264,0.2600533
134894387,0.39395726,0.35708475,0.24895805
134981298,0.47398514,0.29168695,0.23432791
135262034,0.3300141,0.3117438,0.35824206
135868301,0.56490964,0.25030288,0.18478748
135902844,0.37618625,0.38012272,0.243691
136282836,0.34532547,0.43484664,0.21982789
136959345,0.41208762,0.3841121,0.20380032
137526381,0.34008512,0.41138875,0.24852614
138013043,0.301606,0.36876914,0.32962483
139177400,0.44368607,0.3326311,0.22368285
139343777,0.46607584,0.27898657,0.2549376
140695017,0.48667172,0.30379677,0.20953149
140938773,0.30567002,0.29995662,0.39437336
141795084,0.3328368,0.35849905,0.30866414
141937111,0.4055329,0.3757841,0.21868303
142467940,0.35673672,0.39069584,0.2525674
142899803,0.30235434,0.46304333,0.2346023
143823770,0.57961947,0.19284302,0.22753748
144031797,0.29961014,0.50087637,0.19951352
144873681,0.28456548,0.50994956,0.20548493
144980560,0.38662452,0.37769938,0.23567614
145145629,0.45174998,0.2902903,0.25795972
146787255,0.3258971,0.35039735,0.32370558
147184775,0.44557148,0.33351666,0.22091189
147235064,0.4077406,0.36288708,0.22937235
148283256,0.35379905,0.36512744,0.2810735
148343740,0.20489651,0.3719427,0.4231608
148695806,0.30682737,0.44897655,0.24419612
148868083,0.44062132,0.28260386,0.2767748
149086724,0.44023073,0.35220212,0.20756717
149522636,0.31942946,0.515343,0.16522753
150103775,0.4848444,0.32297045,0.1921852
150146783,0.44023043,0.3639481,0.19582143
150155155,0.43173727,0.32955444,0.23870823
150220146,0.44675606,0.28615698,0.26708698
150397391,0.38742426,0.35205972,0.26051602
150646471,0.58058226,0.24681264,0.17260504
150748250,0.33572453,0.3819183,0.28235713
150756637,0.4165132,0.36994404,0.21354283
150857616,0.31591564,0.42396122,0.26012316
150929280,0.35066098,0.31496847,0.33437055
150978685,0.57879084,0.23462844,0.18658072
151073886,0.297275,0.3163309,0.38639408
151286288,0.32249296,0.29490376,0.3826033
151599737,0.33022732,0.32340622,0.34636647
151662173,0.3559755,0.40157568,0.24244884
151790928,0.40370637,0.37943193,0.2168617
151933871,0.38685033,0.38832068,0.22482903
152641577,0.5284048,0.24591257,0.22568263
153302305,0.40475047,0.31241167,0.28283787
154781476,0.44950205,0.3201247,0.23037326
155850298,0.3016263,0.3572418,0.3411319
155853770,0.3317999,0.40480977,0.2633903
155938206,0.36137116,0.44593236,0.19269648
156778175,0.38930002,0.36911464,0.24158536
157015136,0.3434344,0.30455658,0.35200906
157287102,0.35678703,0.40931553,0.23389742
157721706,0.449575,0.33534002,0.21508494
158191068,0.25679636,0.22767507,0.51552856
158451646,0.35566834,0.33293813,0.3113935
159160826,0.3831185,0.27302283,0.34385866
159206202,0.3981411,0.26341274,0.33844614
159483167,0.41304272,0.32811874,0.25883856
159949147,0.43907148,0.29646474,0.2644638
160044871,0.27029634,0.49634463,0.233359
161447803,0.50565284,0.2907235,0.20362371
161980222,0.29927984,0.3127463,0.38797382
163109053,0.42154104,0.31285942,0.26559955
163136960,0.567975,0.21992192,0.21210313
163170605,0.3737904,0.40283945,0.2233701
163707939,0.37543792,0.40120828,0.22335385
164614087,0.34250093,0.4046815,0.25281763
164664656,0.26731282,0.50126475,0.23142242
164828765,0.42934996,0.34613037,0.22451967
165543789,0.60826194,0.19310445,0.19863366
166120566,0.4162727,0.34564996,0.23807734
166133014,0.4318209,0.31920457,0.24897447
166267452,0.38025886,0.30274248,0.31699866
166596141,0.5192354,0.25975966,0.22100496
167517523,0.46006832,0.34882033,0.19111134
167622122,0.3274788,0.35236943,0.3201518
168772236,0.41853762,0.31427184,0.26719058
169684936,0.41319248,0.27124506,0.31556246
170212609,0.26761425,0.4008202,0.33156556
170249524,0.33321,0.38510317,0.28168684
170457446,0.39268526,0.26525667,0.34205806
170935158,0.34989256,0.38480145,0.26530594
171404634,0.42894083,0.3849522,0.18610698
171435115,0.4066161,0.37590253,0.21748137
171497432,0.410452,0.34097674,0.2485713
173095007,0.32211208,0.36476743,0.31312048
173638961,0.30421233,0.46337253,0.23241514
173729787,0.34224933,0.40137342,0.25637725
174033244,0.25143367,0.2656385,0.4829278
174172159,0.4754909,0.29189077,0.23261836
174235077,0.5081413,0.26636136,0.22549736
174727915,0.20921664,0.60659564,0.18418771
174816457,0.38500232,0.39448202,0.22051561
175340347,0.37381062,0.3270042,0.2991852
175461577,0.335661,0.35291514,0.31142384
175569031,0.27330202,0.24861011,0.47808787
176488956,0.441801,0.374047,0.184152
176859306,0.31050205,0.4500373,0.23946066
176979943,0.41982847,0.34650192,0.23366958
177151720,0.45299542,0.33727396,0.20973063
177277096,0.3945462,0.3208725,0.28458136
177333087,0.23284402,0.56188154,0.2052744
177460908,0.34805262,0.3528794,0.2990679
177738347,0.43401033,0.341941,0.22404873
178031890,0.44233638,0.29390147,0.26376218
179265533,0.4290402,0.31497642,0.25598338
179461974,0.36104858,0.39267194,0.24627948
179694761,0.4255526,0.356071,0.2183764
179793290,0.51913345,0.27512357,0.20574299
180087284,0.34210497,0.3098126,0.34808242
180809229,0.39725655,0.40409368,0.19864978
181606808,0.4494955,0.28032777,0.27017677
182331123,0.30960014,0.30148286,0.38891703
182399816,0.4942747,0.2820291,0.22369623
182684533,0.50486165,0.29463825,0.2005001
183083146,0.45242816,0.3103323,0.2372396
183508420,0.25136754,0.24862781,0.50000465
183661976,0.38815033,0.3761307,0.23571894
184029984,0.29648846,0.20498917,0.49852234
184128422,0.28911877,0.4087823,0.30209893
184876636,0.4511518,0.36546808,0.1833801
186103788,0.40839356,0.3815822,0.21002422
186870438,0.3467213,0.41795558,0.23532309
188188079,0.29504895,0.37765884,0.32729214
188289137,0.30230367,0.34260684,0.35508943
188428650,0.36675513,0.41227368,0.22097117
188742406,0.40582472,0.30691838,0.28725684
189177685,0.35636777,0.35583246,0.2877998
189997538,0.32048148,0.31735665,0.36216184
192605511,0.30756146,0.4886997,0.20373882
192665216,0.39841872,0.3810976,0.22048369
192980368,0.31401595,0.4035903,0.28239375
193910852,0.36031762,0.44018543,0.19949694
194114636,0.29293317,0.47055852,0.23650831
194709019,0.35985145,0.33953047,0.30061805
195726577,0.26426739,0.44536752,0.2903651
196025014,0.3863132,0.38679135,0.22689542
196271452,0.50787675,0.25098252,0.24114075
196412039,0.34793746,0.37618405,0.27587843
197154038,0.33288652,0.30101973,0.36609375
197948073,0.501627,0.2639491,0.23442392
198631528,0.33064556,0.47980967,0.18954475
198870048,0.32553506,0.41794765,0.25651726
198894413,0.348118,0.38506854,0.26681346
199241066,0.40639448,0.3403415,0.253264
199296303,0.48505956,0.3090897,0.20585069
199841581,0.29632884,0.290715,0.41295612
199895047,0.33703697,0.39321935,0.2697437
200425477,0.3803527,0.42340857,0.19623876
200433527,0.5887668,0.23056714,0.18066603
200451455,0.39738292,0.37070405,0.23191302
201250351,0.27915835,0.26387388,0.45696783
202396022,0.38454175,0.39173943,0.22371884
202567090,0.27991202,0.40785158,0.31223637
203971666,0.31647754,0.33211744,0.35140502
203987935,0.5159944,0.28352386,0.20048168
204032816,0.4358185,0.3433003,0.2208812
204245400,0.35620505,0.4046295,0.23916543
204857937,0.2843958,0.53658515,0.17901905
204879430,0.27257296,0.49489397,0.23253305
205291223,0.27009475,0.51006126,0.21984398
205335087,0.35974592,0.41344738,0.22680667
205618955,0.48908553,0.3023553,0.20855919
206277987,0.3629176,0.35749912,0.27958333
206956571,0.42279613,0.3797528,0.19745103
207658856,0.4534288,0.35745716,0.18911402
208359111,0.3780448,0.36950365,0.25245154
208431452,0.3970477,0.39880112,0.20415114
208746000,0.3253008,0.27912244,0.39557672
208768415,0.40492368,0.3055861,0.28949022
208816164,0.36790574,0.40378514,0.22830912
209302802,0.5196265,0.26889837,0.21147513
209436261,0.35997087,0.4071175,0.23291168
210343643,0.2436012,0.29448503,0.46191376
210712988,0.46179855,0.3169138,0.22128767
211357242,0.32964814,0.2820963,0.3882556
212357954,0.38632935,0.36875534,0.24491532
212429303,0.3012078,0.46220642,0.2365858
212462607,0.45656407,0.32188597,0.22154991
212615565,0.42518783,0.30558202,0.2692302
213127520,0.36326635,0.35427147,0.28246224
213190316,0.34227943,0.34010553,0.31761503
213579164,0.35922524,0.29549292,0.34528184
214206792,0.37563226,0.37876618,0.24560158
214699911,0.33284497,0.44542646,0.2217286
214720140,0.31482488,0.4843649,0.20081022
215325950,0.6118119,0.17249686,0.21569127
216423733,0.3332735,0.48562786,0.18109861
216998706,0.29106006,0.48895973,0.21998024
217359682,0.34723297,0.3891158,0.2636512
217541315,0.3810681,0.3760622,0.24286968
217877080,0.3152573,0.33687562,0.34786707
218477317,0.39166376,0.3584954,0.2498408
218568373,0.41038227,0.3781436,0.21147409
218841179,0.38554585,0.37172446,0.24272972
219278908,0.3177437,0.43132198,0.25093433
219693035,0.3677082,0.38119525,0.2510966
219783538,0.3330524,0.43738684,0.22956076
220548286,0.32140648,0.4572667,0.22132683
221082092,0.28405482,0.34452152,0.37142366
221141213,0.4046051,0.36677277,0.22862214
221240160,0.2899758,0.40812486,0.30189934
221310669,0.40428084,0.39500517,0.20071402
221344059,0.40682766,0.3654872,0.22768517
221761045,0.34768748,0.29871258,0.35359994
222601147,0.30357817,0.3052139,0.39120787
222642571,0.3325901,0.33635718,0.33105272
222706307,0.36332464,0.36499438,0.27168098
224379896,0.2858505,0.49212635,0.22202319
224563036,0.27973688,0.43872893,0.2815342
225307024,0.29447246,0.3073312,0.39819634
225994511,0.31133115,0.4261885,0.26248032
226032403,0.35362178,0.39785564,0.24852261
227585857,0.26756948,0.45698375,0.27544674
227601522,0.35124022,0.40649694,0.24226284
227643251,0.2522943,0.4303085,0.31739718
227759644,0.33426672,0.34155622,0.32417703
227888358,0.33731318,0.3799428,0.28274405
228133194,0.41551292,0.33681837,0.24766865
228410393,0.36905512,0.37637752,0.25456733
228433385,0.26793528,0.5019761,0.23008871
228532392,0.45388934,0.35326523,0.1928454
228541191,0.37718558,0.36923206,0.25358236
228578967,0.25603718,0.2449601,0.4990027
228729362,0.27767882,0.50062376,0.22169745
228748461,0.448545,0.30808216,0.24337281
228759454,0.44641468,0.31904903,0.23453628
228860525,0.42062104,0.28115097,0.29822797
228880935,0.47885627,0.28918827,0.23195544
229115102,0.45873892,0.29265124,0.24860981
229874927,0.1807129,0.1807129,0.6385743
229968420,0.33560938,0.46707398,0.19731663
231572695,0.3883257,0.40417308,0.20750125
231625085,0.35426033,0.4221924,0.22354725
231761227,0.2274402,0.3422137,0.43034613
232512059,0.37774664,0.37737644,0.24487695
232793107,0.36397487,0.41831902,0.21770614
232893642,0.26398313,0.52532375,0.21069312
233138921,0.28970894,0.29009572,0.42019528
233608399,0.21151094,0.5755856,0.21290338
234126998,0.3064255,0.33978543,0.35378906
234730980,0.3640231,0.34841138,0.2875656
234910661,0.4648028,0.3030885,0.23210873
235235600,0.35120687,0.38149408,0.26729906
235974677,0.23589085,0.54914075,0.2149684
236030054,0.28408134,0.51891685,0.19700187
236170502,0.41768038,0.30823487,0.27408475
236438456,0.3853305,0.2991461,0.3155234
236674618,0.32268542,0.49727768,0.1800369
238461245,0.36227423,0.35992643,0.27779937
238633992,0.40267742,0.35610217,0.24122036
238740967,0.2346327,0.43431276,0.33105454
238990934,0.34230882,0.4794842,0.17820698
239206486,0.28447077,0.52050483,0.19502446
239546334,0.27441147,0.2591639,0.4664246
240664578,0.3612845,0.41198298,0.22673246
241053733,0.3246382,0.36073613,0.31462565
241995906,0.246138,0.49449125,0.25937074
242033817,0.41064507,0.33031195,0.25904298
242659269,0.29561585,0.44585866,0.2585255
243418831,0.31103033,0.2877307,0.401239
243460137,0.2994978,0.39928827,0.30121392
244366192,0.27073753,0.52444756,0.20481491
244440276,0.3256046,0.49294704,0.18144836
245070789,0.5452965,0.23209065,0.22261281
245381573,0.43721777,0.37743425,0.185348
246089960,0.30970845,0.45127183,0.23901966
246158140,0.4292199,0.28998137,0.28079873
246164255,0.27110028,0.48729214,0.24160758
246169764,0.35920447,0.4010059,0.2397896
246420674,0.30221206,0.27438614,0.42340174
246558613,0.39679745,0.43072116,0.1724814
247279910,0.3547252,0.45093763,0.19433713
247795785,0.37173086,0.35070533,0.2775638
247808611,0.33388755,0.3765756,0.2895369
249118362,0.35105258,0.36333162,0.2856158
249120924,0.3931792,0.38974673,0.21707404
249690269,0.41584665,0.35816535,0.22598794
250930207,0.5656923,0.24174422,0.19256347
252457907,0.57026386,0.25081715,0.17891896
252549006,0.23200423,0.5367299,0.23126593
253156481,0.32011917,0.40573594,0.27414492
253311844,0.37231493,0.30666476,0.32102025
254568556,0.42248714,0.2953448,0.28216803
254685723,0.42819896,0.3302651,0.24153592
255200059,0.35952958,0.3593347,0.28113565
256273613,0.37023845,0.3696496,0.260112
256633831,0.29193306,0.44162196,0.26644498
256792782,0.5522605,0.23551345,0.21222602
256899548,0.26195717,0.5024,0.23564288
257603645,0.2758989,0.24641709,0.47768402
257659324,0.2574183,0.44634145,0.29624027
258068688,0.51965517,0.27093908,0.20940578
258228650,0.3689289,0.41835403,0.212717
258237206,0.289718,0.41846013,0.29182184
258390642,0.35875955,0.40492973,0.2363107
259074460,0.36537457,0.32962045,0.30500495
260197639,0.31373513,0.39179927,0.2944656
261050155,0.35064495,0.44999555,0.1993595
261119093,0.36044902,0.37594086,0.26361006
261149022,0.38604861,0.28916377,0.32478768
261177522,0.4472437,0.28784004,0.26491627
261811530,0.34480926,0.3828979,0.2722928
261871449,0.37319535,0.35328418,0.2735205
262090437,0.5254737,0.25562596,0.21890035
262297730,0.430273,0.30533168,0.26439533
262303887,0.37393343,0.40501332,0.22105327
262571023,0.46260542,0.34735277,0.19004177
263434757,0.3103208,0.506673,0.18300626
264286984,0.28007472,0.48023438,0.2396909
265695475,0.29917908,0.46546566,0.23535529
265736401,0.2733052,0.5382129,0.1884819
266642661,0.37389362,0.40582508,0.22028133
268017223,0.43360817,0.3344967,0.2318951
268888229,0.3573277,0.38346434,0.25920796
268899012,0.35354865,0.36982882,0.27662253
269412492,0.41211998,0.38167036,0.2062096
269924344,0.3882921,0.40652746,0.20518042
270000254,0.42907774,0.3273327,0.24358958
270041939,0.41700542,0.3957029,0.18729168
270067434,0.35461608,0.37947726,0.26590663
270074617,0.31860346,0.4286464,0.25275013
270189621,0.34227613,0.36945736,0.28826648
270544312,0.34456605,0.3209477,0.33448625
270584346,0.37223285,0.39818186,0.22958532
270956550,0.39299327,0.4029233,0.20408344
271314859,0.37370402,0.36982775,0.25646818
271687870,0.24760553,0.53847194,0.21392253
272372202,0.225627,0.57421196,0.20016102
272897307,0.4079221,0.3963462,0.19573173
273414650,0.3607332,0.45490777,0.18435904
273452823,0.39289063,0.37040728,0.23670213
273872869,0.41002363,0.37627888,0.2136975
274283227,0.3269348,0.4023764,0.27068874
274383555,0.42086172,0.31872368,0.2604146
275808123,0.4242735,0.36755547,0.20817104
276457521,0.40311518,0.36895627,0.22792858
276579209,0.33490154,0.36471987,0.3003786
276719735,0.34163326,0.40846506,0.24990162
276729685,0.36440676,0.44461834,0.19097495
276908896,0.47789425,0.2965891,0.22551662
277124981,0.3209237,0.28389603,0.39518028
277139386,0.2825461,0.52664703,0.1908069
277183249,0.37408382,0.35397315,0.27194297
277254083,0.4080202,0.3802176,0.21176217
277347960,0.33967325,0.4554778,0.20484895
277489060,0.30228654,0.2618627,0.4358508
278163564,0.37620175,0.38274676,0.24105147
278533160,0.367984,0.36998045,0.26203558
278908043,0.4265108,0.31111485,0.26237434
279663279,0.37936202,0.4080183,0.21261969
279730053,0.3630248,0.36371586,0.27325934
279797820,0.34425902,0.30392247,0.35181844
280651628,0.386369,0.3556077,0.25802332
280678386,0.3122714,0.48491699,0.20281163
280899913,0.36186618,0.41995335,0.2181805
281337869,0.36452544,0.39678067,0.23869392
281342055,0.3344064,0.31070292,0.35489064
281457356,0.48076975,0.29046682,0.2287634
281666511,0.27791983,0.34471384,0.37736636
281904288,0.34975675,0.3700657,0.28017753
282123801,0.2276741,0.3984302,0.37389565
282490696,0.2775653,0.29013783,0.43229684
282658672,0.31447175,0.41843498,0.26709324
282906292,0.31321353,0.3025614,0.38422513
283088452,0.29584956,0.41785076,0.2862997
283212948,0.3958244,0.3052163,0.29895929
283746053,0.33812538,0.41584814,0.24602649
283949155,0.4263451,0.35779843,0.21585648
284015792,0.4231665,0.32416153,0.25267202
284047231,0.3555177,0.41184646,0.23263589
284922522,0.4879836,0.2919119,0.22010452
285064977,0.49830472,0.28721297,0.21448234
285666673,0.39074183,0.3889584,0.22029978
285842179,0.3160112,0.4424677,0.24152112
285993528,0.4313732,0.31548822,0.25313854
286451810,0.28284776,0.24172622,0.47542596
286783177,0.3065004,0.3349355,0.35856414
286942981,0.3679738,0.3455289,0.2864973
286984376,0.39571685,0.37087426,0.2334089
287343630,0.34563273,0.39454484,0.25982243
288496905,0.3842349,0.3809498,0.23481527
288663614,0.38392758,0.29461026,0.32146215
289124883,0.37896937,0.40507817,0.21595246
289290403,0.3346737,0.26188153,0.40344477
289495857,0.37560242,0.36183715,0.26256043
289514891,0.3899623,0.39676112,0.21327662
289736509,0.5573002,0.24792497,0.19477487
289765425,0.34224734,0.42681652,0.23093612
289986567,0.2916286,0.5070772,0.20129418
290247062,0.25182423,0.28459838,0.4635774
291037764,0.3295803,0.41154873,0.25887096
291143539,0.33714265,0.34256762,0.32028973
291298352,0.37701797,0.3488302,0.27415186
291485195,0.3545641,0.43624896,0.20918691
292345541,0.2531079,0.45680296,0.29008913
292848529,0.38290983,0.4121756,0.2049146
293126462,0.26594675,0.29879966,0.4352536
293710821,0.47624388,0.28327435,0.24048178
294036452,0.49532175,0.33008996,0.1745883
294341871,0.37604934,0.30045602,0.32349467
294515461,0.43978542,0.35125363,0.20896098
295506725,0.31280163,0.35027385,0.3369245
295576677,0.60911274,0.20027226,0.19061498
295604428,0.32162878,0.3181047,0.36026648
296227084,0.32494837,0.409702,0.26534963
296550192,0.45451635,0.31614083,0.22934279
296610526,0.4446929,0.31359416,0.24171294
296763792,0.37851208,0.39084542,0.23064244
298187036,0.29963154,0.35402453,0.34634393
299126114,0.37241632,0.3357585,0.2918252
299353890,0.21892491,0.56011415,0.220961
299387821,0.42796096,0.33678883,0.23525025
299389287,0.35432908,0.32008827,0.32558268
299517420,0.28339368,0.50158954,0.21501678
299683154,0.4988329,0.29125652,0.20991054
300446022,0.42396098,0.26961267,0.30642635
301130093,0.3372411,0.31499088,0.347768
301353898,0.3418331,0.32210028,0.3360666
301504635,0.2576512,0.56518435,0.17716444
301557957,0.41528675,0.33246207,0.2522512
301605001,0.4221512,0.3345455,0.2433033
301809313,0.54440993,0.24671364,0.2088764
302757805,0.26188642,0.3220682,0.41604537
304447045,0.3919866,0.3354885,0.2725249
304466823,0.48239684,0.32405105,0.19355205
304836805,0.3641222,0.37301168,0.26286614
304945427,0.4083195,0.37820694,0.21347356
305269649,0.3677857,0.39109123,0.24112311
306288705,0.38861424,0.38629186,0.2250939
306445172,0.27398357,0.33985806,0.3861584
307112608,0.34953213,0.29418343,0.3562844
308301547,0.341426,0.32980812,0.32876587
309115138,0.4248644,0.35514677,0.21998878
310402612,0.448906,0.26003325,0.29106075
310490069,0.35829735,0.371841,0.26986164
310712023,0.45809722,0.27287993,0.26902282
310770509,0.32631195,0.43696576,0.23672232
311574180,0.42509806,0.35327655,0.22162542
312349382,0.39605388,0.36888522,0.23506087
312454782,0.46892083,0.31491306,0.21616611
312527284,0.46305686,0.26230952,0.27463365
312559048,0.347351,0.3553056,0.29734334
313628044,0.42189518,0.3091476,0.26895723
313931225,0.39393926,0.33586323,0.2701975
314171585,0.39942616,0.41917652,0.1813973
314887546,0.48396045,0.31284994,0.2031896
315848407,0.3150304,0.3708976,0.31407195
316767334,0.3610562,0.39538318,0.24356061
316838673,0.3729295,0.36390173,0.26316875
317119670,0.43047264,0.30926234,0.26026505
317481198,0.34275278,0.24703975,0.41020745
317486062,0.29789892,0.33771795,0.36438313
318160729,0.33466572,0.37501577,0.29031855
318255199,0.41015208,0.27856243,0.31128547
319172157,0.43560684,0.30492914,0.25946403
319976796,0.3746713,0.3792436,0.24608512
320474637,0.2651633,0.56649864,0.16833809
321564028,0.28896803,0.47544765,0.23558435
322026138,0.2852369,0.4267481,0.28801504
322449217,0.34635362,0.3875732,0.26607317
323464573,0.37818086,0.36865675,0.25316238
323724591,0.3120526,0.4363529,0.25159448
324193760,0.4652542,0.32396945,0.21077637
324693557,0.30545938,0.27916545,0.41537517
324756178,0.63705814,0.19423306,0.16870879
325293683,0.34072164,0.3187635,0.34051487
325506954,0.4506718,0.26910257,0.28022563
325851772,0.3385983,0.43487784,0.22652385
326366642,0.32210243,0.40815866,0.2697389
327697847,0.3750677,0.3694128,0.2555195
327929338,0.3221615,0.3242845,0.353554
329057094,0.28489405,0.3899929,0.32511306
329284329,0.3707645,0.31575322,0.31348228
329646548,0.3689394,0.31169823,0.31936237
329682565,0.348464,0.4605103,0.19102561
329727074,0.2203185,0.60373855,0.17594296
329990393,0.4845506,0.33260977,0.18283963
330151603,0.26016462,0.27775326,0.4620821
330344356,0.3719015,0.38852358,0.23957491
330507412,0.38878775,0.42399263,0.18721965
330633013,0.44456166,0.34131625,0.21412209
330654455,0.30749625,0.47286424,0.2196395
331045260,0.34212917,0.44072443,0.21714643
331452075,0.25048003,0.55470884,0.19481114
331718460,0.3284115,0.41529298,0.2562955
332035935,0.33541653,0.42509186,0.2394916
332554661,0.4842629,0.2947377,0.22099939
332685432,0.37786144,0.37458616,0.24755235
333239863,0.39902157,0.3786607,0.2223177
333656406,0.30074447,0.38081694,0.3184386
334055242,0.4884486,0.22580251,0.28574884
334120183,0.39893377,0.32398874,0.2770775
334244665,0.35711166,0.3947455,0.24814287
334419140,0.36309573,0.40509224,0.23181207
335005692,0.3654359,0.40213633,0.23242778
335384967,0.2903303,0.30430216,0.4053676
335432347,0.39557248,0.328684,0.2757435
336023457,0.32476956,0.36470768,0.3105228
336659064,0.2756856,0.28165394,0.44266045
336838776,0.32910898,0.4279498,0.24294128
337076417,0.36489952,0.33693862,0.29816183
338510133,0.35999298,0.33489543,0.3051116
338941468,0.21390188,0.6162155,0.16988263
338947376,0.48575452,0.2710023,0.24324319
340875526,0.38766474,0.39696175,0.21537349
341375141,0.42893964,0.26874515,0.30231524
341417088,0.40473586,0.36410946,0.23115468
341665382,0.3327936,0.33186167,0.33534476
341709951,0.36500743,0.3870573,0.24793527
341777279,0.26400295,0.27210528,0.46389177
342190546,0.38941655,0.38088018,0.22970326
342372962,0.36278802,0.36857438,0.2686376
342526287,0.3500077,0.36969626,0.2802961
342825226,0.39216757,0.36864614,0.2391863
343439286,0.441639,0.33708537,0.22127563
343461679,0.31330007,0.30907482,0.3776251
343586383,0.310323,0.44166243,0.24801457
343618878,0.34064743,0.3599718,0.29938078
344059040,0.23620448,0.39651155,0.367284
344513876,0.48310602,0.31420726,0.20268676
345010082,0.36026216,0.36289304,0.27684486
345241564,0.2761734,0.49222538,0.23160127
346026366,0.3566014,0.3574661,0.2859325
346453932,0.41833398,0.267447,0.314219
346789860,0.4236472,0.31256455,0.26378825
346840273,0.2573459,0.4305827,0.3120714
347062248,0.38839242,0.38838094,0.22322664
347488699,0.32433313,0.4148898,0.2607771
347525559,0.4055009,0.3761294,0.21836966
347555916,0.35545236,0.41837212,0.2261755
347660984,0.3194021,0.38039553,0.3002023
348289876,0.3891849,0.19330746,0.41750768
348389630,0.370009,0.3557166,0.2742744
348848855,0.42019713,0.34065485,0.239148
349067866,0.5479342,0.19935098,0.2527148
349176498,0.4397859,0.3347357,0.22547841
349293236,0.34205985,0.31594282,0.3419973
349512602,0.23783424,0.541046,0.2211197
349948997,0.3961177,0.404694,0.19918835
350003310,0.3214183,0.46233177,0.21624997
350252935,0.36969376,0.35143727,0.278869
350346724,0.35035685,0.38816822,0.2614749
350729992,0.35690114,0.32567015,0.31742868
350872272,0.38863108,0.37250033,0.23886862
351330709,0.28383496,0.3659821,0.35018295
351456382,0.3608447,0.24547201,0.3936833
352874887,0.3400769,0.31597218,0.34395096
353899520,0.26697972,0.2883172,0.4447031
354607241,0.28295612,0.43897998,0.27806383
354614830,0.45709747,0.29471606,0.2481865
354838276,0.26904318,0.40838262,0.32257417
355026639,0.3934812,0.35724214,0.24927665
355181739,0.23967144,0.5452735,0.21505508
355245885,0.34583324,0.42177457,0.23239219
355432088,0.32708758,0.46262246,0.21028997
355931570,0.35212284,0.36805105,0.2798261
356985112,0.3809592,0.39785907,0.22118175
356993930,0.29720837,0.3314735,0.3713181
357026764,0.5276324,0.2905956,0.18177196
357528827,0.37242484,0.40848377,0.21909142
357628727,0.4756161,0.2936777,0.23070619
357900632,0.2646786,0.26691398,0.4684074
358001593,0.34319976,0.3532166,0.30358368
358291174,0.31043515,0.36700183,0.32256308
359344113,0.35854906,0.30848223,0.33296877
359434960,0.37729615,0.4047659,0.21793789
360573961,0.4074139,0.39319432,0.19939175
360688716,0.3661269,0.3252672,0.30860588
363495974,0.2805069,0.30849338,0.41099972
363567521,0.33981377,0.41255116,0.24763507
363751937,0.4730004,0.24297762,0.28402197
363805355,0.42190707,0.34934768,0.22874528
363992420,0.29865336,0.47391135,0.22743538
364049723,0.333363,0.32887453,0.33776248
364080449,0.583068,0.23205405,0.18487796
365141011,0.34092265,0.37502167,0.28405568
365221147,0.41021073,0.35905278,0.23073645
365472238,0.31945273,0.43569767,0.24484956
366030800,0.31546134,0.34539452,0.33914414
367091813,0.2761477,0.4727376,0.25111464
367963578,0.2522159,0.28717214,0.46061194
368479736,0.34220016,0.4683829,0.18941694
368956873,0.359432,0.34024948,0.3003185
369426575,0.47244707,0.29508725,0.23246565
369970125,0.43809858,0.35613456,0.20576683
370624652,0.34789878,0.40804493,0.24405625
370973663,0.28478628,0.29166996,0.42354375
371291526,0.37023127,0.30940023,0.32036856
371327669,0.35055152,0.4273852,0.22206323
371846587,0.32705462,0.31281015,0.3601352
371917764,0.35036922,0.44070262,0.20892815
372778981,0.41582605,0.3113141,0.27285984
372988295,0.5551607,0.26631933,0.17852
373188074,0.37395602,0.36438408,0.2616599
373208271,0.42817518,0.35527542,0.21654943
373236274,0.3560512,0.28490925,0.35903955
373275542,0.34730184,0.41196296,0.24073519
373288804,0.27177712,0.50903344,0.21918947
373373021,0.39965796,0.3475405,0.2528016
373956493,0.39332712,0.39259273,0.21408015
374302741,0.27283224,0.48105174,0.24611601
374894398,0.41739064,0.35341573,0.22919358
375016963,0.31072098,0.35945475,0.32982427
375489918,0.29664588,0.32544598,0.3779081
376177356,0.39909968,0.384942,0.21595834
376360783,0.3337509,0.29522383,0.37102526
377069067,0.24739426,0.46352893,0.28907683
377447997,0.30481046,0.31991756,0.37527198
377695480,0.37184823,0.39377686,0.23437491
378594406,0.38446105,0.36358035,0.25195864
378911922,0.45702934,0.2813493,0.26162136
379113034,0.34940875,0.32292002,0.32767123
379221905,0.36601496,0.43254912,0.20143591
379240634,0.29689854,0.2649991,0.43810236
380069247,0.28947973,0.44046944,0.27005088
380126926,0.30274734,0.33044976,0.36680293
380784192,0.41345704,0.30807123,0.2784717
380991376,0.30909854,0.36606607,0.32483542
381031987,0.37571508,0.38395035,0.24033459
381131000,0.4136684,0.25756449,0.32876712
382356448,0.28577542,0.25103188,0.46319264
382535075,0.32832545,0.35515153,0.31652302
382726051,0.29155913,0.51443166,0.19400921
383411309,0.37573656,0.37563503,0.24862841
383827392,0.51613396,0.25138077,0.23248525
383919279,0.3163851,0.44661748,0.23699746
383936378,0.42120177,0.35079488,0.22800334
383990274,0.3136545,0.48775607,0.19858938
384624705,0.4238246,0.34660897,0.22956643
384645558,0.39304805,0.40287685,0.20407507
384692746,0.37126616,0.35908026,0.2696536
384760446,0.481583,0.27234447,0.24607253
384773768,0.51962495,0.2869569,0.19341817
385110598,0.46474174,0.3103254,0.22493283
385560158,0.27529353,0.37901062,0.34569588
385604064,0.35774428,0.3634268,0.27882898
386266773,0.29956675,0.27874935,0.42168394
387278209,0.31703442,0.36741114,0.3155544
387395899,0.35379624,0.34347942,0.30272436
387778712,0.34854364,0.4155661,0.23589021
387994332,0.5135533,0.2403675,0.24607918
388326434,0.3006502,0.4059837,0.2933661
388469737,0.2819782,0.33549353,0.38252825
388740327,0.34671962,0.3675384,0.28574198
389029712,0.34619534,0.35532922,0.29847547
389806624,0.4230759,0.27194446,0.3049796
389851822,0.39214045,0.38587117,0.22198835
390046630,0.26306593,0.48260826,0.2543258
390700072,0.33862835,0.39200357,0.26936805
391067853,0.42232996,0.36661923,0.21105085
391411256,0.37740928,0.3612254,0.26136535
391554420,0.37960416,0.4128353,0.20756052
392546513,0.24192779,0.5151262,0.24294601
392567206,0.40285307,0.30942765,0.28771925
392947474,0.35475123,0.33158728,0.31366146
392994272,0.37738037,0.333917,0.28870267
393264716,0.37091267,0.35505638,0.27403098
393392435,0.3561637,0.3038355,0.34000075
393878610,0.38377666,0.34565148,0.2705719
394669883,0.44898137,0.31874683,0.23227179
394788030,0.4610875,0.3305595,0.20835304
395057640,0.386966,0.28322008,0.32981396
395069775,0.38064724,0.3165428,0.30280998
395138908,0.35603982,0.36350226,0.2804579
395962006,0.35678703,0.37175757,0.2714554
396049328,0.38863516,0.37117764,0.24018717
396051154,0.45090908,0.33781964,0.21127129
396426337,0.42354774,0.31805924,0.258393
397447397,0.56973773,0.27731752,0.1529448
397640370,0.32108122,0.4149127,0.2640061
397853068,0.50190175,0.29238963,0.2057086
398108590,0.350787,0.416291,0.23292199
398136367,0.44661546,0.36297667,0.19040784
398415667,0.3124297,0.43048805,0.25708222
398466701,0.26450586,0.5347531,0.20074102
398594542,0.3222639,0.26481804,0.41291812
399124474,0.23271012,0.25583792,0.51145196
399838869,0.3346085,0.3756682,0.2897233
400235030,0.28513402,0.47501636,0.23984967
401257644,0.31428114,0.32770377,0.35801506
401739210,0.33074883,0.24370804,0.4255431
402159369,0.3922729,0.3651259,0.24260125
402333166,0.41968417,0.37404096,0.20627487
402772415,0.38335305,0.3866664,0.22998056
403176753,0.40385062,0.34574872,0.25040066
403371445,0.35765702,0.3827864,0.2595566
403860524,0.38294345,0.33973625,0.2773203
403935066,0.44870004,0.34572643,0.20557353
404054108,0.34391105,0.40564388,0.25044507
404422657,0.25710383,0.5008806,0.24201563
404571680,0.23183069,0.2949359,0.4732334
405146135,0.36994475,0.40026784,0.22978741
405565153,0.39279717,0.3897946,0.21740827
405785376,0.37009782,0.435194,0.19470817
405873048,0.3010258,0.45834988,0.24062434
406179938,0.39160866,0.36392805,0.2444633
407067866,0.36781958,0.3595599,0.27262053
407470118,0.3823294,0.36373714,0.25393343
408107557,0.3772019,0.38862628,0.23417182
408469583,0.33815116,0.3528104,0.30903846
408544890,0.35871324,0.38497165,0.25631508
409047535,0.44835693,0.277026,0.2746171
409556085,0.22298628,0.51778644,0.25922725
409565107,0.32098237,0.36369255,0.3153251
410389783,0.40482995,0.341363,0.25380698
410484691,0.20061214,0.61387295,0.18551488
410500100,0.24868043,0.24812889,0.5031907
410558343,0.29191887,0.36490065,0.34318048
410812575,0.38214695,0.37492672,0.24292633
410910887,0.41900906,0.38535297,0.19563794
411087143,0.26875734,0.44190675,0.28933588
411186193,0.3820441,0.3643355,0.2536204
412376289,0.32072175,0.48496687,0.19431141
412654128,0.40897548,0.29644996,0.29457456
412676306,0.30508953,0.4192745,0.275636
412744395,0.41162902,0.3584036,0.22996745
413140117,0.38450938,0.3290878,0.28640282
413334700,0.42725956,0.3771283,0.19561218
413745855,0.26353714,0.40443516,0.33202773
413955245,0.4329513,0.38337603,0.1836727
414643822,0.2745786,0.5179145,0.20750692
415065706,0.39916268,0.37501788,0.22581945
415930463,0.37798116,0.40545255,0.21656632
416702291,0.26520833,0.53846896,0.19632277
416731021,0.3605401,0.39307985,0.24638006
417072152,0.38288826,0.3602488,0.25686294
418317292,0.3070983,0.48588514,0.20701656
418358775,0.33602434,0.3747324,0.28924322
419311087,0.37256444,0.39281172,0.23462385
419740328,0.6229798,0.19403145,0.18298876
419755662,0.31838715,0.31112915,0.37048373
421525416,0.476266,0.27903518,0.24469878
421690468,0.28435612,0.52343136,0.19221249
421820226,0.3140042,0.28181067,0.40418515
422443346,0.34572387,0.4236927,0.2305834
423332843,0.41724166,0.3674402,0.21531817
423665427,0.30055457,0.35535318,0.34409225
423667800,0.4228456,0.33388174,0.24327263
423727571,0.41564593,0.38471955,0.19963452
424128665,0.2749482,0.46198592,0.26306587
424331101,0.40525192,0.32796207,0.26678598
424342753,0.59136444,0.19387157,0.21476397
424582483,0.32250473,0.29003546,0.38745987
424659810,0.4250219,0.33785877,0.23711932
424878968,0.3355202,0.48689124,0.17758861
425806040,0.47294188,0.32761067,0.19944745
426873725,0.446159,0.33320966,0.22063133
427503513,0.3517853,0.37423158,0.27398312
427564476,0.29884377,0.4919139,0.20924233
428619063,0.40684855,0.38635084,0.20680058
428910764,0.32577223,0.45841163,0.21581616
429092535,0.39883915,0.28550744,0.31565338
429385642,0.5334721,0.23830083,0.22822705
429503056,0.3475191,0.37593198,0.27654892
429923848,0.34931213,0.33939803,0.31128985
430663117,0.41529363,0.40381184,0.18089455
431011503,0.41665566,0.38024926,0.2030951
431226021,0.39431417,0.3850872,0.22059862
431260386,0.4698618,0.28368777,0.24645045
432903891,0.4666598,0.30481935,0.22852087
432967915,0.40292668,0.3798115,0.21726182
433132553,0.33933276,0.34812206,0.31254518
433154198,0.3724453,0.372005,0.25554973
433284801,0.48986778,0.28492925,0.22520296
433519813,0.42863268,0.39468175,0.17668559
433689079,0.34317064,0.36667335,0.29015604
433987535,0.23117961,0.3740977,0.39472267
434560267,0.26436776,0.36095095,0.3746813
434602340,0.38722724,0.35597926,0.2567935
435404736,0.37773222,0.41089976,0.21136807
436029068,0.29260647,0.26959407,0.43779945
436206969,0.19701582,0.22815278,0.57483137
436312025,0.34977704,0.25632715,0.3938958
436461293,0.3456375,0.41583285,0.23852965
436857094,0.34953007,0.37474996,0.27572
436937034,0.37654322,0.33076406,0.29269272
436976969,0.60337317,0.20879233,0.18783452
437223170,0.30556726,0.47748473,0.21694802
437271233,0.36045074,0.4334167,0.20613258
437476833,0.2897862,0.5264493,0.18376443
437657543,0.36400092,0.37157696,0.26442206
437730953,0.39984256,0.3545983,0.24555908
437957305,0.3170484,0.25561413,0.42733744
438335758,0.45236897,0.2829188,0.2647122
438919134,0.44076198,0.35264176,0.20659623
439197173,0.381346,0.3359908,0.28266323
440686336,0.52357703,0.2752322,0.20119074
440876776,0.4114024,0.35305023,0.23554736
440880456,0.40778053,0.34260786,0.24961162
441036120,0.33319515,0.37178016,0.29502463
441102973,0.44968814,0.3478539,0.202458
441244224,0.3851356,0.3732654,0.24159905
441383759,0.3524496,0.36793178,0.2796186
441874323,0.34384057,0.35434824,0.30181116
442281768,0.34412542,0.30451003,0.35136455
442406055,0.37666902,0.37189436,0.2514366
442670162,0.27852607,0.40473443,0.3167395
442759144,0.20509648,0.49199897,0.30290455
442788674,0.28141093,0.5276979,0.19089109
442905619,0.45925707,0.33015713,0.2105858
442939289,0.3783576,0.33633375,0.28530866
443067175,0.4151435,0.34185085,0.24300568
443074106,0.26128763,0.43648893,0.30222344
443266737,0.44834256,0.33611298,0.2155444
443634778,0.3959136,0.38908044,0.21500592
443690459,0.3894611,0.30810514,0.30243376
443881343,0.36229134,0.4146204,0.22308826
444234823,0.31320485,0.42545575,0.2613394
444519621,0.27918124,0.29582784,0.4249909
445455149,0.29513317,0.36613184,0.33873498
445616580,0.3298099,0.31607765,0.35411245
445655208,0.2766043,0.4780621,0.24533361
445905668,0.46071625,0.2858646,0.25341913
446512308,0.35633415,0.27833658,0.36532933
446536026,0.30752915,0.49185324,0.20061764
447236946,0.38489723,0.40117228,0.21393049
447764974,0.30439875,0.47815046,0.2174508
448150222,0.27154636,0.26972124,0.45873243
448206796,0.30898815,0.4740117,0.21700017
448330729,0.19150084,0.6209145,0.18758464
448638751,0.34381026,0.3838546,0.2723351
449542934,0.36745873,0.30727836,0.3252629
449957906,0.25112945,0.5283246,0.22054598
451223408,0.3059404,0.3096584,0.3844012
451459137,0.47827378,0.31765932,0.2040669
451474677,0.35614103,0.40790057,0.23595837
452889914,0.36446905,0.29851037,0.33702064
453219091,0.51922053,0.28144413,0.19933537
453309125,0.3361905,0.4418105,0.22199903
453602555,0.39367878,0.28586763,0.32045358
454577007,0.32054764,0.34796524,0.33148712
455425542,0.47566548,0.30461878,0.21971574
455551502,0.44580376,0.32805067,0.22614557
455720109,0.2810762,0.49745005,0.22147378
455838921,0.23113209,0.24303398,0.52583396
456110783,0.2629354,0.41416943,0.32289514
456339278,0.56462926,0.26018956,0.17518118
456412435,0.3337177,0.37034222,0.29594004
457362480,0.29926088,0.4575494,0.2431897
457450028,0.3703354,0.36144543,0.26821914
457642714,0.37936276,0.40500176,0.21563545
458677274,0.27951124,0.32804263,0.3924462
458767383,0.3676991,0.42542762,0.20687333
458776308,0.36322477,0.4090835,0.2276918
459280148,0.30902946,0.44797197,0.24299863
459600837,0.3543137,0.35499114,0.29069513
459990017,0.4145463,0.35595047,0.22950317
460742431,0.31001306,0.43594635,0.2540405
461061919,0.32051152,0.37731588,0.30217263
462732529,0.43187404,0.36208177,0.20604415
462949816,0.36628234,0.3921171,0.2416006
463153867,0.2941172,0.2941172,0.41176555
463155098,0.34102166,0.36624244,0.29273587
463188580,0.43674642,0.31779402,0.2454596
463287815,0.43104857,0.3404106,0.22854081
463944696,0.37632516,0.39570034,0.22797452
464046818,0.42430842,0.3257152,0.2499764
464091542,0.32760215,0.3063338,0.36606407
464110158,0.48043066,0.26708838,0.25248098
464186111,0.33743203,0.4343569,0.22821108
464237715,0.3103213,0.40773875,0.28193995
464635735,0.3578033,0.38151574,0.26068103
464968543,0.41786504,0.33736768,0.24476731
464975319,0.3112708,0.47230875,0.21642046
465561956,0.25265557,0.53958535,0.20775905
465994878,0.3689346,0.3409806,0.29008478
466010252,0.42115974,0.38465428,0.19418599
466277654,0.2912927,0.5193082,0.1893991
466926515,0.3616194,0.38290232,0.25547823
467178230,0.51394373,0.26396412,0.22209215
467518182,0.30853444,0.2758624,0.41560316
467764110,0.39190465,0.42889094,0.17920437
468048222,0.23776472,0.48793662,0.27429867
468242541,0.3779312,0.38526523,0.23680355
468250958,0.36489248,0.3362261,0.2988814
468633040,0.40216923,0.36255136,0.23527938
468660756,0.2978981,0.48621708,0.2158848
468723110,0.36633703,0.4065848,0.22707817
469336714,0.28349915,0.3321982,0.38430268
470656843,0.3638,0.4174356,0.21876445
471088945,0.31415248,0.4418376,0.24400988
471644003,0.34784734,0.41706723,0.23508543
471650656,0.374189,0.30281642,0.3229946
471676659,0.33082557,0.30565155,0.36352286
471975614,0.5200308,0.24436349,0.23560573
472342466,0.3005718,0.39582586,0.3036023
472767345,0.3908589,0.32585025,0.28329083
473031638,0.4814033,0.30575275,0.21284392
475410319,0.31567484,0.3129995,0.37132567
476352428,0.37009075,0.36273873,0.2671705
476667660,0.35017413,0.38227838,0.26754755
477217124,0.34468102,0.3087116,0.34660736
477631614,0.42134374,0.3403244,0.2383318
478208903,0.22687835,0.61325026,0.15987143
478828961,0.43287957,0.37380528,0.19331515
478834489,0.32598597,0.3687007,0.30531332
479134446,0.33686373,0.3624094,0.30072683
479421963,0.3476804,0.29092175,0.36139786
480011417,0.3582933,0.40609312,0.23561352
480798685,0.36078066,0.32138455,0.3178348
481109508,0.2729511,0.5124785,0.21457043
481588342,0.29532874,0.338516,0.3661553
482131990,0.47155598,0.29057595,0.2378681
482137607,0.3298788,0.4466588,0.2234624
482963048,0.44100156,0.32721102,0.23178738
483050435,0.4084587,0.28594878,0.30559248
483296173,0.3629956,0.30212104,0.33488336
483455335,0.5117637,0.27982846,0.20840785
483955485,0.4331904,0.36241117,0.2043984
484107421,0.31800213,0.22531685,0.45668095
485124296,0.3428793,0.4050343,0.2520864
485214601,0.3320642,0.33066064,0.3372751
486124467,0.37246966,0.3802343,0.24729598
487403950,0.34735027,0.40312853,0.2495212
488042669,0.513985,0.27464765,0.21136734
488058549,0.43301708,0.30597013,0.2610128
488171159,0.38583547,0.28333807,0.3308265
489012955,0.35749948,0.35136047,0.29114002
489086161,0.387161,0.42745298,0.18538605
489126920,0.46632138,0.34098285,0.19269574
489146593,0.42354432,0.22828937,0.34816632
489569915,0.3636822,0.40361872,0.23269907
490479146,0.4512235,0.30061474,0.24816176
490598558,0.42514914,0.38088876,0.19396204
491881471,0.42519808,0.3815477,0.1932542
492090356,0.3052771,0.4021849,0.29253802
492481745,0.49653828,0.30313146,0.20033032
492788803,0.38407812,0.38201666,0.23390524
492943824,0.50028193,0.29330826,0.20640981
493255567,0.4084838,0.37593937,0.21557683
493508260,0.38571823,0.38041925,0.23386252
493846450,0.4869501,0.28384417,0.22920577
494500525,0.25140664,0.51353514,0.23505814
496223624,0.32036108,0.31108993,0.368549
496311633,0.41278842,0.33385593,0.25335568
496395999,0.3346792,0.444422,0.22089887
497200228,0.30527306,0.46738356,0.22734338
497784772,0.30926648,0.34464353,0.34608996
497834662,0.52826023,0.26742792,0.20431188
497929258,0.36347833,0.3696857,0.26683593
498001485,0.4060354,0.36719897,0.2267656
498605733,0.28840727,0.44867074,0.26292196
498882726,0.3630374,0.39164802,0.24531457
499081983,0.25782728,0.4852898,0.25688285
499340183,0.43508875,0.3495999,0.21531138
499779556,0.31167817,0.5007377,0.1875841
500619281,0.4361631,0.31577688,0.24806002
500908111,0.27836287,0.46704894,0.25458813
501085807,0.33593398,0.36510548,0.29896054
501691691,0.34980127,0.3848719,0.26532686
501945871,0.48126382,0.27169818,0.24703796
503632841,0.3317182,0.30943763,0.35884416
504311299,0.4239869,0.32470304,0.2513101
504316486,0.34529018,0.33937564,0.31533417
504437799,0.28152916,0.28198493,0.4364859
504557090,0.38757,0.3714062,0.24102387
504845461,0.3839989,0.34626365,0.26973748
506036380,0.4547302,0.32027388,0.22499597
506474693,0.3949672,0.3776116,0.2274212
506602825,0.38753247,0.34458518,0.26788235
506632785,0.32049423,0.4246109,0.25489485
506864417,0.2860482,0.48872203,0.2252298
506963134,0.40938494,0.380962,0.20965306
507010395,0.33808276,0.3821982,0.279719
507102749,0.36318922,0.40716547,0.22964531
507141207,0.42101967,0.33070976,0.24827054
507364539,0.42513227,0.32809037,0.24677733
507396232,0.36938134,0.42981052,0.20080811
507746519,0.44022167,0.33262226,0.22715604
507796471,0.3044302,0.47350508,0.22206472
508424506,0.39018112,0.35437542,0.25544348
508565378,0.38958216,0.37581527,0.2346026
508592795,0.38048917,0.37280217,0.24670863
508732430,0.3556301,0.39949596,0.24487391
508883404,0.25568303,0.54339457,0.20092243
508989589,0.40313715,0.37863916,0.21822372
509164675,0.3014443,0.45469844,0.24385726
509329196,0.38312575,0.37661898,0.24025525
509418373,0.3808691,0.3281677,0.29096323
509819931,0.3246987,0.47564775,0.19965354
509938782,0.43189496,0.25866765,0.30943733
510056103,0.33253217,0.42107832,0.24638954
510362946,0.36765158,0.36531705,0.26703143
511652351,0.29388455,0.3468014,0.35931402
512528779,0.3298523,0.43030608,0.2398416
512988540,0.2813415,0.5176973,0.20096122
513417392,0.57373047,0.24914825,0.17712131
513432524,0.43620127,0.35736835,0.2064304
514269842,0.46886045,0.33833218,0.1928074
515104973,0.33928376,0.42484713,0.23586911
515175075,0.43702403,0.2839631,0.27901286
515569047,0.44933408,0.34320924,0.2074567
516428332,0.37612152,0.3737247,0.25015378
516843871,0.3709408,0.31245542,0.31660372
516926107,0.37786674,0.37797534,0.24415791
517244551,0.32913417,0.27091032,0.3999555
517301745,0.38279822,0.36601806,0.25118372
517348116,0.34276348,0.31011248,0.34712404
517359281,0.3827929,0.34562397,0.27158314
518308157,0.38542068,0.3526262,0.26195312
518825578,0.29002357,0.48004454,0.22993186
518866200,0.38166243,0.36999547,0.24834216
518913635,0.28950244,0.28400916,0.4264884
518934975,0.30800605,0.48821348,0.20378044
519392568,0.3133943,0.2945738,0.3920319
519699719,0.39212713,0.32922417,0.2786487
519895256,0.37478355,0.39460137,0.2306151
520242453,0.29126596,0.4746002,0.23413382
520360147,0.27839643,0.28979325,0.4318103
521254880,0.30491316,0.49032146,0.20476541
521312118,0.36479232,0.3399786,0.29522914
521707491,0.35544538,0.43412757,0.210427
521833964,0.3071609,0.26260182,0.43023723
522149653,0.46449,0.34330028,0.19220966
522383864,0.41174322,0.36386257,0.22439417
522792618,0.3776264,0.36080244,0.2615711
523890923,0.3814414,0.32523632,0.29332232
524056442,0.42560035,0.38006538,0.19433425
524079957,0.3692189,0.37304884,0.25773227
524100219,0.25699514,0.30029038,0.44271448
524253015,0.41970593,0.2793089,0.30098516
524443744,0.3875445,0.3583767,0.25407875
524902727,0.39502513,0.37869972,0.22627518
525426307,0.46919456,0.32733953,0.20346592
525508890,0.30245602,0.28662667,0.41091734
526881306,0.34500593,0.4077088,0.24728529
527124624,0.34282947,0.43711367,0.22005685
527284515,0.3952042,0.39488,0.20991585
528121179,0.4770394,0.29954302,0.2234176
528719052,0.3259124,0.50048584,0.17360176
528751313,0.46984315,0.30759332,0.2225635
529202222,0.29375243,0.42386281,0.28238475
529657453,0.4024064,0.36091408,0.23667946
529907853,0.31787136,0.48150727,0.20062138
530452853,0.33608437,0.34321237,0.3207033
530673600,0.45880574,0.2824864,0.25870785
530687554,0.3831983,0.38966584,0.22713587
531675861,0.28415686,0.28446835,0.4313748
531848948,0.261562,0.26256758,0.4758705
532331198,0.34618717,0.27568245,0.37813038
532686259,0.31338435,0.4611559,0.22545974
532800436,0.38589478,0.40076935,0.21333587
532993875,0.40667093,0.2827633,0.3105657
533495683,0.4285506,0.32378778,0.24766162
534138771,0.51865196,0.2228721,0.258476
534756103,0.34415582,0.3555272,0.300317
534883730,0.4038627,0.4036392,0.19249806
535764480,0.2888147,0.36002222,0.3511631
536115267,0.29186755,0.45012462,0.25800782
536361299,0.43705225,0.3279788,0.2349689
536739854,0.37455797,0.4176096,0.20783249
537112849,0.3548204,0.3049342,0.34024537
537562685,0.2833463,0.23766348,0.4789902
538331565,0.27582014,0.46646333,0.25771648
538425393,0.40777725,0.34357834,0.24864444
538540807,0.42399448,0.35161954,0.22438598
540004797,0.3949445,0.3748572,0.23019835
540824781,0.32520306,0.31130615,0.36349082
541067258,0.37047493,0.3534457,0.27607936
541260823,0.31966087,0.27175418,0.40858492
541350615,0.3397882,0.4325895,0.2276223
541523862,0.33150503,0.40138245,0.26711255
541590787,0.45942396,0.35217097,0.18840513
542350222,0.35952172,0.42721727,0.21326095
542848870,0.3598165,0.39532262,0.24486086
543521495,0.42227215,0.37053037,0.20719749
543780662,0.33685622,0.32397437,0.3391694
543963929,0.29990995,0.32065675,0.37943333
544031246,0.38351405,0.39323312,0.22325285
544169812,0.41605946,0.39531663,0.18862393
544188879,0.3197534,0.3306269,0.34961966
544243494,0.30402637,0.38996893,0.30600464
544304079,0.40901482,0.33644396,0.2545412
544624323,0.49855685,0.28477174,0.21667138
544674583,0.4003492,0.35579875,0.24385206
544979653,0.3252863,0.25576138,0.41895235
546330187,0.50694656,0.24435617,0.24869727
546471010,0.43295762,0.3342256,0.23281679
547051420,0.2609533,0.48978078,0.24926591
547515416,0.4300983,0.33007646,0.23982528
547557413,0.26701158,0.55894303,0.17404532
548077771,0.30608922,0.3973605,0.29655027
548593765,0.26573658,0.5379214,0.19634193
548671493,0.34123605,0.31539232,0.34337163
548837587,0.4408056,0.3429089,0.2162855
549269048,0.35999566,0.36208594,0.2779184
549602343,0.3307879,0.4004834,0.26872864
549808869,0.4642893,0.3317805,0.20393018
550271162,0.34592637,0.41175187,0.24232179
550980146,0.31586215,0.4336335,0.25050434
551453381,0.30261797,0.33180395,0.36557806
551956319,0.40026927,0.36653483,0.23319587
552017944,0.42384142,0.30862543,0.2675332
552246401,0.44759497,0.3337031,0.21870193
552767898,0.35112616,0.4018833,0.24699053
553945747,0.30161455,0.50528795,0.1930975
553947619,0.3739788,0.35342324,0.27259797
554021983,0.40804282,0.3773255,0.21463169
554294097,0.4023822,0.35987452,0.2377433
554909128,0.36430144,0.31906736,0.31663123
555339916,0.47400582,0.33437455,0.1916196
555768950,0.44932503,0.3203708,0.23030415
556478311,0.41312778,0.34441465,0.24245757
556917833,0.4140479,0.34052017,0.24543196
556932169,0.4568323,0.3425824,0.2005853
557216058,0.3542218,0.4247877,0.2209905
557326805,0.42163843,0.35866916,0.21969241
557383200,0.5336197,0.22884247,0.23753783
557581897,0.38769564,0.4166838,0.19562054
557789757,0.35833144,0.43040666,0.2112619
557928308,0.39808184,0.35246915,0.24944898
557971905,0.3205133,0.2833813,0.3961054
557982730,0.47121876,0.25149977,0.2772815
558288955,0.42534536,0.35456264,0.22009197
558689497,0.5038219,0.2872001,0.20897798
558801432,0.3590289,0.40019602,0.24077508
558877257,0.34505853,0.3459804,0.3089611
558988687,0.44154114,0.31738967,0.24106917
559187265,0.26469404,0.31327838,0.42202753
559926167,0.32308877,0.36090702,0.31600422
560186635,0.22794956,0.27024776,0.5018027
560318038,0.50386816,0.27913815,0.21699367
560499910,0.37260628,0.38260993,0.24478376
560612692,0.5477808,0.2748214,0.17739773
560763590,0.4178301,0.39113945,0.19103047
561583192,0.22595398,0.55958134,0.2144647
561853109,0.5446231,0.2532995,0.20207739
562591097,0.31199852,0.44675255,0.24124894
562718839,0.28440002,0.43622115,0.27937883
563389770,0.31865597,0.41402096,0.26732308
563620901,0.2956487,0.2956487,0.40870258
563678859,0.5881442,0.24499834,0.16685751
563802433,0.3894629,0.3673876,0.24314958
564275127,0.46121335,0.31937188,0.21941483
565181077,0.24246395,0.54927266,0.20826337
565802994,0.2814911,0.50023496,0.21827388
566653635,0.50630337,0.28685778,0.20683883
566692012,0.30680078,0.43778265,0.25541657
566936798,0.33888072,0.39220005,0.2689192
566987298,0.3198293,0.48198214,0.19818856
567735523,0.3799997,0.285739,0.3342613
567744823,0.31749654,0.32203782,0.36046565
567985478,0.2919581,0.38191795,0.32612395
568453661,0.5609402,0.24187122,0.19718856
568464139,0.30376118,0.4399311,0.25630772
569037345,0.22221126,0.49522775,0.28256094
569738126,0.38245618,0.41786093,0.19968289
570166605,0.37243587,0.3818968,0.24566731
570953181,0.45220178,0.28428775,0.26351044
571131456,0.32771933,0.42986298,0.2424177
571483807,0.35908145,0.36666727,0.2742513
572110648,0.59377897,0.2359595,0.1702615
572480127,0.48992985,0.2867079,0.22336224
573182218,0.4574775,0.3267088,0.21581365
573288573,0.32546932,0.34763122,0.32689947
573529721,0.35003757,0.35357472,0.29638767
574458497,0.41357616,0.34825838,0.23816547
574720113,0.36119908,0.4130714,0.22572955
574992614,0.3495525,0.4009506,0.2494968
576276287,0.2767168,0.50928783,0.21399537
576367297,0.47078973,0.35145319,0.17775707
576434381,0.31511864,0.45771766,0.22716373
576804687,0.36474243,0.3770774,0.2581802
576854728,0.33133382,0.374911,0.2937552
577449993,0.542814,0.26040488,0.19678116
577766341,0.2566155,0.22770184,0.51568264
578229841,0.46884426,0.31455418,0.21660158
578256325,0.38580108,0.37988013,0.23431878
579094722,0.3701034,0.4467442,0.1831524
579682320,0.36452857,0.42676854,0.20870289
579715271,0.23811999,0.4463727,0.31550735
579834409,0.33738923,0.42156896,0.24104181
579911034,0.22575426,0.36222035,0.4120254
580242683,0.41814166,0.37815505,0.20370331
580587127,0.5003843,0.27416518,0.22545055
580984991,0.4863659,0.28668058,0.2269535
581231396,0.2855662,0.40017062,0.31426316
581365261,0.22001517,0.43622077,0.3437641
582136902,0.34208143,0.3885739,0.2693447
582764958,0.36273107,0.42885798,0.20841095
583303505,0.28641635,0.5149152,0.19866839
583320349,0.28475648,0.51467323,0.20057032
583602153,0.27895898,0.4233588,0.29768223
583680893,0.40057188,0.3990554,0.20037268
585089260,0.3410559,0.37616882,0.28277528
585245959,0.5031384,0.26199985,0.2348617
585252901,0.27207994,0.44105762,0.28686243
585491874,0.3188885,0.408199,0.27291244
586058936,0.31070796,0.47538152,0.21391052
586694098,0.334058,0.36348808,0.3024539
586842278,0.35839307,0.3485031,0.29310387
587305393,0.35876727,0.3566626,0.28457016
589413458,0.40448844,0.3274604,0.26805115
589578121,0.47985852,0.30203646,0.21810502
590286997,0.36535013,0.33576605,0.29888386
591199057,0.4659324,0.31215444,0.22191319
591315438,0.38232514,0.32060528,0.29706955
591515943,0.37347162,0.389884,0.23664434
592310793,0.38675874,0.37366813,0.23957314
592633848,0.42861444,0.3684978,0.20288774
592784721,0.37657684,0.3096391,0.31378406
593015676,0.33731687,0.41981834,0.24286473
593293976,0.33268833,0.40191007,0.26540163
594258961,0.3518588,0.3504151,0.29772604
594647938,0.461535,0.3319388,0.20652619
594651962,0.39433694,0.34007847,0.26558456
595618303,0.47095084,0.34287447,0.18617466
595758395,0.3416111,0.28696665,0.37142223
596045489,0.2912629,0.51445735,0.19427976
597229071,0.43111482,0.337566,0.23131919
597663801,0.41120648,0.2648952,0.32389832
597868437,0.27188402,0.27291104,0.45520496
597882047,0.34500945,0.3764223,0.27856833
598508290,0.373663,0.36463457,0.2617024
598601350,0.26642883,0.29245925,0.4411119
598799767,0.38809446,0.3813766,0.23052898
599939180,0.3216778,0.39839786,0.27992433
600119009,0.23824432,0.23824432,0.52351135
600290247,0.3720312,0.28739738,0.3405714
601396996,0.4192915,0.37747997,0.2032285
601778709,0.25253767,0.30835164,0.4391107
602080755,0.33890212,0.41380405,0.24729383
602180208,0.2942117,0.3791588,0.32662952
602283845,0.44392598,0.32667166,0.22940242
602406101,0.2824463,0.34466466,0.37288904
602434327,0.34837502,0.4029146,0.24871035
602673896,0.4311794,0.31501588,0.25380468
603025261,0.31421965,0.33149165,0.35428876
603826189,0.4063698,0.40486938,0.18876076
604424806,0.38602847,0.36732593,0.24664563
604586972,0.32628167,0.39457178,0.27914655
605440728,0.40095884,0.32561594,0.27342522
605842496,0.34790206,0.31780392,0.33429402
605908341,0.34199142,0.41796145,0.24004713
606055597,0.53505886,0.2847004,0.18024075
606144760,0.47493038,0.34436136,0.18070826
606243271,0.36789614,0.3892259,0.24287795
606593151,0.34524637,0.46939242,0.18536118
607018584,0.36716136,0.42271173,0.21012697
607842518,0.30269855,0.43718284,0.26011854
608381802,0.3641972,0.3524804,0.28332236
609391314,0.36802197,0.410138,0.22184004
609730784,0.42275506,0.32144386,0.25580102
609919890,0.31284598,0.34662694,0.34052706
610870752,0.37808287,0.4210539,0.20086327
611929222,0.3782583,0.3786753,0.2430664
612021708,0.2523985,0.57838607,0.16921543
612116424,0.3747584,0.35634226,0.26889932
612529681,0.26926315,0.5074655,0.2232714
613026843,0.397104,0.35203153,0.2508645
613133700,0.39108437,0.30809724,0.30081844
613337167,0.45745355,0.3450417,0.19750474
613543125,0.34673727,0.28177255,0.3714902
613543423,0.25253996,0.51735175,0.23010832
613754862,0.32306904,0.45068654,0.22624448
614028879,0.41887546,0.37126648,0.20985806
614451319,0.26123488,0.567553,0.17121215
614563874,0.18242478,0.6287501,0.18882516
614873464,0.3648554,0.33054337,0.30460125
615490619,0.40951478,0.33540076,0.25508446
616376865,0.31286907,0.41961694,0.26751402
616758500,0.3523392,0.38262993,0.26503086
617492354,0.34696507,0.4148845,0.23815045
619751007,0.33990288,0.42271382,0.2373833
619967192,0.43601048,0.3661936,0.19779594
620751969,0.35460365,0.3062187,0.33917764
622074995,0.39204517,0.32981157,0.27814323
622229927,0.41308722,0.36912256,0.21779025
622521765,0.42348814,0.35087252,0.22563936
623884476,0.3131361,0.45813859,0.22872536
624704374,0.3567961,0.4076503,0.23555353
625290530,0.34836125,0.42670804,0.22493069
625303898,0.3722428,0.4132283,0.21452892
625584483,0.36760914,0.4135127,0.21887818
626039013,0.35941276,0.40181112,0.23877609
626206004,0.2931161,0.4463418,0.26054212
626444376,0.3248422,0.4919414,0.18321638
627273077,0.37202066,0.3593136,0.26866573
627465737,0.588517,0.21444348,0.19703948
627475411,0.30030698,0.4110083,0.28868473
627482926,0.42333406,0.3190578,0.25760815
627603430,0.3978091,0.432404,0.16978693
627629586,0.37912005,0.3075993,0.31328064
629109478,0.23201883,0.365338,0.40264314
629979072,0.3608377,0.45820868,0.18095359
630035772,0.36885032,0.37591413,0.25523555
630802002,0.3359834,0.38724655,0.27677006
630871577,0.41266018,0.35109138,0.2362484
631055849,0.35818776,0.42914388,0.21266836
631123761,0.34492052,0.40089998,0.25417954
632191069,0.47701553,0.30064243,0.22234201
632488259,0.42116404,0.36030617,0.21852978
632700669,0.36751902,0.41329688,0.21918407
633004298,0.35603082,0.34558028,0.2983889
634276256,0.288156,0.34357554,0.36826843
635061373,0.4001671,0.34052646,0.2593064
635181829,0.29246345,0.37735635,0.33018023
635397325,0.2564835,0.49400318,0.24951333
635694317,0.23439449,0.4717098,0.29389566
636422753,0.40093884,0.36565423,0.23340689
636540093,0.32450563,0.4935381,0.18195629
636639893,0.2790279,0.34911418,0.37185788
637202179,0.38932055,0.38585812,0.22482133
637484805,0.4611259,0.34613,0.19274405
638236836,0.5907783,0.24289256,0.16632913
638355296,0.26783898,0.40827113,0.3238899
639010767,0.5408923,0.25043046,0.20867723
639351069,0.44028577,0.32215017,0.237564
640217060,0.3637146,0.41845945,0.21782595
640562671,0.36733937,0.43421644,0.19844419
641622846,0.31529778,0.4506857,0.23401652
641975450,0.32279432,0.3269483,0.35025746
642357980,0.43670118,0.2894241,0.27387476
643375630,0.4021994,0.35746807,0.24033254
644299081,0.39515424,0.3520872,0.25275856
644320504,0.32822365,0.32902196,0.34275442
644646161,0.47066027,0.3312893,0.19805045
644692938,0.39820707,0.3456457,0.25614727
645124157,0.4005112,0.39613116,0.20335762
646599490,0.36579573,0.44165674,0.19254757
646791760,0.374091,0.33969587,0.2862131
647181302,0.31479427,0.40816385,0.2770419
647350081,0.381487,0.38416547,0.2343475
647539302,0.4584147,0.29241264,0.24917263
647627482,0.4131711,0.31364602,0.27318287
647776971,0.37525046,0.3675428,0.25720674
647971462,0.37458196,0.39542633,0.22999173
648207224,0.35105228,0.3570807,0.29186702
648541154,0.41208583,0.36046535,0.22744887
648587824,0.36664665,0.393542,0.23981136
648732937,0.41109908,0.3207043,0.26819667
648799172,0.5107263,0.2755685,0.21370526
649081447,0.47899944,0.32151538,0.19948518
649981095,0.3507163,0.39683044,0.25245327
651793343,0.37738508,0.41476244,0.20785244
652028803,0.35908467,0.41298088,0.22793445
652512269,0.3871641,0.39278245,0.2200535
653309763,0.42878693,0.33294928,0.23826377
653426315,0.4351558,0.35901362,0.20583063
654570015,0.28852886,0.36441302,0.34705806
655270603,0.3451814,0.41593087,0.23888776
655457232,0.3618747,0.38955647,0.24856886
655500799,0.29067892,0.2856531,0.42366797
655576858,0.32218343,0.39244276,0.2853738
655806341,0.35521814,0.40321746,0.24156438
655987166,0.3702415,0.3907109,0.23904762
656429164,0.3315815,0.36444277,0.3039757
656843847,0.25888842,0.3490675,0.39204407
656980424,0.45660028,0.31203604,0.23136368
657509659,0.33933288,0.4403872,0.22027993
657913317,0.33549714,0.43847513,0.2260277
658128424,0.2337408,0.35172543,0.41453373
658366772,0.37609875,0.40649515,0.21740606
658384153,0.41463208,0.35982263,0.22554529
658638557,0.30703723,0.49105906,0.2019037
658769774,0.2982774,0.47488594,0.22683665
658976676,0.23700467,0.5171864,0.24580894
659462457,0.333428,0.34037364,0.3261984
659597219,0.25740194,0.40173915,0.34085894
659627118,0.2625911,0.27158028,0.4658286
659762880,0.3724475,0.32360518,0.30394733
660141245,0.28035435,0.4746849,0.24496077
660294379,0.39399922,0.3682403,0.23776042
660856423,0.259571,0.5458758,0.19455323
661809566,0.31579784,0.36552048,0.3186817
662525178,0.34006265,0.34698844,0.31294894
662735704,0.2555074,0.5536696,0.19082302
662967993,0.40391147,0.36624777,0.22984073
663208817,0.42367262,0.3274877,0.2488397
663731471,0.27879596,0.44565082,0.2755532
664439945,0.34650123,0.42477846,0.22872034
664740963,0.26932928,0.5495735,0.18109724
664746578,0.35905737,0.32973158,0.31121105
665255622,0.36807775,0.35414648,0.2777758
665401554,0.30365792,0.3940186,0.3023235
665406998,0.33620915,0.3230201,0.34077078
665435262,0.4156439,0.38267964,0.20167646
665868161,0.36317068,0.4073799,0.22944945
665904304,0.49096796,0.33147073,0.17756131
666280008,0.24171996,0.5384692,0.21981084
666753908,0.3697945,0.33408344,0.2961221
668105388,0.47115475,0.33364603,0.19519924
668523157,0.41393095,0.3478245,0.2382445
668768543,0.24719451,0.24378294,0.5090226
668839158,0.39797127,0.37498093,0.22704779
668947112,0.30972564,0.3510364,0.33923796
669624833,0.4056641,0.35711926,0.23721667
670013189,0.38066542,0.37938637,0.23994823
670353794,0.31541467,0.46302545,0.22155988
670475690,0.44990563,0.38052097,0.1695734
670988023,0.34348422,0.33692613,0.31958959
671097536,0.3616873,0.3080716,0.33024108
671682534,0.36062324,0.44973928,0.18963748
671994141,0.2943205,0.456231,0.24944848
672734714,0.3417015,0.35358024,0.30471826
673074493,0.4076403,0.3563488,0.23601088
673799648,0.26474363,0.46968818,0.2655682
673887330,0.37473148,0.37155008,0.2537184
674426366,0.3473236,0.32967275,0.32300365
674450823,0.23179565,0.49051076,0.27769354
674525115,0.36204576,0.3350953,0.3028589
674551325,0.23284242,0.549122,0.21803565
675120372,0.32864684,0.42508474,0.24626847
675450853,0.31242737,0.440076,0.2474966
675546441,0.36115384,0.32760525,0.31124094
676012072,0.44330716,0.37185892,0.18483394
676165482,0.53392494,0.2346938,0.23138122
676188140,0.3645447,0.3203259,0.31512943
676200289,0.5084127,0.28309175,0.2084955
676417214,0.38702077,0.37389094,0.23908825
676805842,0.4060325,0.3339292,0.26003826
677567486,0.35136068,0.42747656,0.22116277
677880163,0.43791515,0.31081134,0.25127354
678941974,0.37463248,0.37030396,0.25506356
679308122,0.3880791,0.3631093,0.24881163
679541637,0.38063502,0.25195983,0.36740512
679713354,0.25043616,0.28446347,0.4651004
679758785,0.28439492,0.4045241,0.31108102
679779798,0.40075004,0.3874966,0.21175334
679794909,0.36780143,0.2872613,0.3449373
679961012,0.3470651,0.34680882,0.30612612
680628066,0.40731633,0.37492216,0.21776153
680889163,0.3691615,0.4220482,0.20879027
681086383,0.37000006,0.37895262,0.2510473
681485541,0.3545292,0.30573413,0.33973667
681742615,0.32030207,0.4356637,0.24403425
681814746,0.33162165,0.41184163,0.25653675
684087919,0.39460713,0.34703282,0.25836003
684283469,0.33196405,0.4396714,0.22836459
684622873,0.51266754,0.28743416,0.19989836
684635508,0.4904222,0.27968872,0.22988912
684875310,0.3992247,0.36279136,0.23798394
685334275,0.36448443,0.37350303,0.26201254
685357360,0.38219863,0.35768884,0.26011255
685920182,0.37516546,0.28793174,0.33690277
686334333,0.42132795,0.3148505,0.2638215
686433192,0.35060915,0.38197255,0.26741827
686610718,0.55609167,0.23923136,0.20467702
686712096,0.490799,0.3191011,0.19009994
687035485,0.3348648,0.41679534,0.24833986
687249572,0.30132246,0.47702053,0.22165701
687763970,0.298625,0.3045192,0.3968558
688024009,0.39212108,0.35263547,0.2552435
688046616,0.35425687,0.43467122,0.21107191
688470296,0.44568488,0.30422115,0.250094
688524930,0.45575202,0.35066408,0.1935839
688914374,0.4124264,0.32783878,0.2597348
689032599,0.4112407,0.3830998,0.20565951
689177239,0.5458674,0.26787385,0.18625876
689477032,0.4253894,0.32913947,0.24547109
690003730,0.3534192,0.41844168,0.22813916
690316676,0.45783877,0.33263022,0.20953101
690370631,0.33723366,0.43384963,0.22891667
690421317,0.36737275,0.4286834,0.20394382
690505210,0.345681,0.4481027,0.20621629
690519344,0.3253196,0.43026572,0.24441475
690658220,0.38092643,0.41278315,0.20629042
690666270,0.39660597,0.32955742,0.27383667
691228640,0.42471915,0.34167787,0.23360302
691278699,0.3425905,0.40893316,0.24847634
691832537,0.31654948,0.393777,0.2896735
692153834,0.34289718,0.40862057,0.24848226
692215861,0.3142222,0.40807757,0.27770025
692902357,0.3305991,0.4136815,0.25571936
693383278,0.43390238,0.32253456,0.24356304
693415412,0.34756768,0.3280784,0.324354
693476535,0.35244793,0.38971424,0.2578378
693514725,0.34015518,0.3752218,0.2846231
693521638,0.37847677,0.39124167,0.23028159
693677011,0.37676752,0.36870128,0.25453115
693916620,0.32986993,0.37079832,0.2993318
694637328,0.4427032,0.29853204,0.25876474
694714052,0.33575493,0.42294484,0.2413002
695084326,0.3841571,0.39878696,0.21705598
695257297,0.3803423,0.36967373,0.249984
695283729,0.2829919,0.480742,0.2362661
695320649,0.3595851,0.34405664,0.29635826
695419302,0.36503786,0.38096523,0.25399694
695517017,0.42004234,0.33746278,0.24249491
695689424,0.4520766,0.2760011,0.27192226
695825409,0.23423997,0.54328513,0.2224749
696251115,0.30541825,0.4784525,0.21612921
696376585,0.55677295,0.23909135,0.20413572
696724308,0.3514111,0.45585513,0.19273378
697146759,0.29083794,0.49426293,0.21489914
697161635,0.35438222,0.34155953,0.30405825
698133334,0.41047782,0.31967482,0.2698474
698457338,0.32673025,0.30823356,0.3650362
699150274,0.32058963,0.31245646,0.3669539
699753251,0.41182,0.4010026,0.1871774
699951951,0.3276814,0.39058724,0.28173137
700023380,0.3032104,0.3441373,0.35265225
700535093,0.3552248,0.40934289,0.23543233
700629198,0.46134675,0.32905635,0.20959693
700795059,0.353759,0.4007186,0.24552238
701020433,0.41561368,0.34087634,0.24350998
701309230,0.39325428,0.29651502,0.31023073
701568757,0.5084529,0.30245262,0.18909448
702999944,0.2984336,0.4682721,0.23329431
703237550,0.42237508,0.3662686,0.21135628
704208207,0.33949035,0.3825712,0.27793843
704627286,0.4354266,0.37213165,0.19244179
705016096,0.24510668,0.53933716,0.21555614
705215323,0.37657407,0.40675655,0.21666938
705450354,0.43319708,0.36968112,0.19712177
706103323,0.3880125,0.3721872,0.23980027
706446146,0.32206202,0.39220154,0.28573644
706749237,0.38912547,0.36826167,0.2426129
707087230,0.33906722,0.33563533,0.32529747
708620744,0.27326798,0.33740246,0.38932952
708757878,0.5015231,0.29987636,0.1986005
708830107,0.4266602,0.31694558,0.25639424
708918890,0.3978304,0.36353552,0.23863408
709177055,0.40339786,0.2934823,0.30311984
709455550,0.37520325,0.36753464,0.2572621
709707348,0.30827802,0.36054984,0.33117214
710208778,0.27081838,0.5261105,0.20307115
710813933,0.44787782,0.30141336,0.25070882
712403005,0.37705725,0.38742283,0.23551993
712426283,0.5829643,0.22711763,0.18991807
712703112,0.34471405,0.4407317,0.21455432
712811081,0.36490166,0.41963273,0.21546558
713046232,0.29183042,0.51110405,0.19706562
713848015,0.32669872,0.41683447,0.25646675
713953790,0.35123062,0.35896313,0.2898063
714529344,0.36039484,0.34486228,0.29474285
714639131,0.3801512,0.3599047,0.25994408
714853521,0.5207433,0.25918895,0.22006775
715473879,0.48503476,0.294223,0.22074224
715485928,0.4298231,0.35528016,0.21489674
715656207,0.40078244,0.34903777,0.25017977
715700145,0.46603107,0.3254044,0.2085645
715876036,0.45558035,0.30996108,0.23445857
715947201,0.31867117,0.31986904,0.36145985
716190459,0.39908105,0.37076765,0.23015133
716611868,0.24632037,0.5672153,0.18646434
716694439,0.29387838,0.39884144,0.30728018
716773168,0.3087948,0.41883042,0.27237472
716937349,0.37037796,0.33606207,0.29355997
717059040,0.2652762,0.3932727,0.34145105
717833785,0.38259688,0.39237776,0.22502536
718065131,0.36950284,0.40207022,0.22842693
718343775,0.2949103,0.4925298,0.21255991
718740723,0.46253163,0.2906822,0.24678615
719114088,0.43104595,0.36781338,0.2011407
719815675,0.32702902,0.33811027,0.3348607
719978951,0.35332224,0.3679751,0.2787027
720475614,0.29465985,0.457112,0.2482281
720711081,0.38430092,0.35378468,0.26191443
720816413,0.35864043,0.31525195,0.32610762
720858432,0.32688266,0.3242003,0.34891707
722220978,0.5199623,0.24906948,0.2309682
722492876,0.37801963,0.40718615,0.21479422
722631730,0.5089876,0.2897635,0.20124888
723148978,0.3327207,0.36425567,0.30302364
725230229,0.36701074,0.41153234,0.22145686
725259553,0.35831168,0.40989327,0.23179504
725549458,0.36201483,0.40597293,0.23201226
725721979,0.37263173,0.38697338,0.24039483
726578517,0.2902625,0.52447224,0.18526524
726807517,0.30906665,0.30233127,0.38860208
727133429,0.2585119,0.57477176,0.1667163
727218231,0.27562064,0.27747607,0.44690332
727985794,0.31935644,0.2817175,0.39892608
728539928,0.35620934,0.36123866,0.282552
728995166,0.48617816,0.25527823,0.2585436
729228229,0.31815615,0.4864389,0.19540493
730692063,0.29735222,0.4625209,0.24012688
731091352,0.3852918,0.36109096,0.2536172
732316036,0.42549604,0.3500237,0.22448027
732927293,0.39024204,0.302207,0.30755097
733339602,0.31439188,0.34155303,0.3440551
733590829,0.3613525,0.38795033,0.25069714
734183118,0.44120672,0.27583927,0.28295404
734927393,0.27036756,0.31931013,0.41032237
735611737,0.34589067,0.41566944,0.23843992
736905178,0.46532458,0.32893348,0.20574191
737206377,0.5320579,0.26550958,0.20243248
737499817,0.3031253,0.44290155,0.25397316
738149290,0.38968444,0.3002646,0.310051
738178468,0.30841637,0.30245984,0.3891238
738349593,0.24298552,0.5415631,0.21545142
738656710,0.5110572,0.26546347,0.22347939
739153090,0.5433308,0.25465387,0.20201537
739730379,0.41241682,0.3504464,0.23713684
739807645,0.37395132,0.30140555,0.32464314
739885957,0.4450239,0.35444784,0.20052825
740241160,0.31065065,0.28451818,0.4048311
740452523,0.3200323,0.26489556,0.41507214
741370443,0.39225543,0.3868912,0.2208534
741380032,0.40369636,0.37618482,0.2201188
742817541,0.4121005,0.3664236,0.22147593
743020541,0.323645,0.36074877,0.31560624
743351373,0.2912783,0.3632614,0.34546024
743424175,0.40232423,0.33926544,0.25841033
743759177,0.2817214,0.41731232,0.30096626
744444539,0.19458932,0.6267663,0.17864431
744539723,0.3430767,0.383434,0.27348927
744789458,0.28273684,0.43988222,0.27738094
744819150,0.42697144,0.30592114,0.2671074
744839903,0.34986678,0.45888552,0.1912477
745078528,0.50064665,0.30215728,0.19719607
746443022,0.4106931,0.3307789,0.25852802
746472694,0.38877207,0.400607,0.21062091
746495780,0.22455025,0.58322364,0.19222611
746574881,0.3443906,0.33446586,0.32114354
747265168,0.394193,0.36366612,0.24214083
747548910,0.38105792,0.31136626,0.30757582
748106145,0.49792868,0.29311734,0.20895398
748348445,0.3496542,0.34735554,0.3029902
748564861,0.30986312,0.31367707,0.37645978
748842475,0.39837828,0.3885535,0.21306825
748992431,0.3837381,0.35160613,0.26465577
749971794,0.30194134,0.46181887,0.23623979
750450731,0.42013967,0.265719,0.31414133
750667848,0.47240037,0.28901547,0.23858422
751402170,0.29684168,0.50472116,0.19843712
751685098,0.33716822,0.28881457,0.3740172
752130932,0.3455243,0.41038305,0.24409264
752351384,0.3683576,0.3996606,0.23198181
753308541,0.43005872,0.37665322,0.19328806
753676470,0.37470767,0.347731,0.27756137
753888398,0.3040294,0.383227,0.3127436
754380412,0.36774614,0.33155957,0.3006943
754776878,0.34448662,0.37416765,0.28134575
754883394,0.32138845,0.31451088,0.36410064
755107011,0.5597426,0.23354413,0.20671326
755238036,0.302737,0.4892437,0.20801935
755285341,0.34369028,0.34994823,0.3063615
755328875,0.48895985,0.28926337,0.22177678
755490484,0.3510765,0.35065562,0.29826787
756595278,0.3606056,0.444113,0.1952814
757002710,0.3100455,0.42253506,0.2674194
757140380,0.36436707,0.43576995,0.199863
757846068,0.27899086,0.5119333,0.20907578
758563077,0.22537467,0.36837584,0.4062495
758658243,0.34223342,0.41717598,0.2405906
758719685,0.40936416,0.38915882,0.20147702
759190111,0.37524858,0.4172383,0.20751305
759272988,0.36318555,0.39796346,0.23885092
759306826,0.37868696,0.40271744,0.2185956
759519528,0.37364995,0.39243567,0.2339144
759558017,0.36468822,0.32538986,0.30992192
759584135,0.40258113,0.39086163,0.20655724
759881504,0.39152747,0.3364064,0.2720661
760162560,0.3680816,0.33633697,0.29558143
760678843,0.54992104,0.26630887,0.18377009
761805951,0.31108177,0.32520458,0.36371368
762988289,0.36608312,0.26368222,0.37023467
763339395,0.39096528,0.37520385,0.23383081
763859223,0.42305997,0.29642385,0.2805162
764116996,0.354985,0.45776752,0.18724753
764256488,0.33237082,0.35417634,0.31345284
764269868,0.27096903,0.24503863,0.48399234
764354172,0.25105533,0.540233,0.20871162
764354539,0.46315986,0.28844553,0.24839464
764779521,0.34361058,0.3527945,0.30359495
764869735,0.32420933,0.4502477,0.22554296
765312542,0.25764865,0.25764865,0.4847027
765600193,0.3150936,0.47964817,0.20525825
765621078,0.4119411,0.33026868,0.25779015
766040238,0.3656582,0.40237916,0.23196262
766074403,0.3926519,0.3896742,0.21767391
766090544,0.4312269,0.3492663,0.21950676
766550755,0.37296963,0.2671412,0.3598892
766819456,0.39126825,0.37479907,0.2339327
766830244,0.24374333,0.5044602,0.2517964
766873498,0.50956994,0.2602985,0.23013158
768067027,0.50198823,0.22309577,0.27491602
768910917,0.35922736,0.3837717,0.25700095
768942152,0.3357749,0.37991953,0.28430557
768971012,0.30796373,0.45787248,0.2341638
769066317,0.42829663,0.26630834,0.30539504
770388785,0.40609834,0.35376805,0.24013361
770691890,0.36298084,0.36368716,0.27333197
770751225,0.43091562,0.35252577,0.21655858
770782322,0.330194,0.3919752,0.27783084
771028381,0.5146121,0.26276112,0.2226268
771652314,0.35101044,0.41524866,0.2337409
771752275,0.4523285,0.31408745,0.23358402
771908568,0.56481373,0.26779598,0.16739029
772460499,0.33685434,0.33076936,0.33237624
772678090,0.23080352,0.55967706,0.2095194
773182676,0.50357753,0.29215452,0.20426798
773473882,0.39505145,0.39510274,0.20984581
773567664,0.28545326,0.39866453,0.3158822
774260281,0.5095315,0.2541209,0.2363476
774839504,0.38368803,0.3640638,0.25224814
775064967,0.46903193,0.2307987,0.3001694
775229282,0.339185,0.39713693,0.26367807
775740413,0.31203264,0.45992273,0.22804463
776132911,0.51312315,0.20639676,0.2804801
776221574,0.37538123,0.42398262,0.20063612
776310580,0.26837075,0.31002778,0.42160147
776416778,0.2804452,0.28549188,0.43406296
776659817,0.29855135,0.4660489,0.23539975
776934477,0.38340145,0.38888612,0.22771242
776953737,0.43044478,0.37629142,0.1932638
778358600,0.47302562,0.28922117,0.23775321
778582478,0.2762207,0.28252232,0.441257
778645193,0.384328,0.41044593,0.20522603
779380056,0.37125576,0.38136393,0.24738032
779735334,0.36662078,0.38635546,0.24702382
780175340,0.203053,0.5743342,0.2226128
780413926,0.3620407,0.39761925,0.24034001
780734462,0.36179483,0.4168808,0.22132441
781612237,0.3210646,0.45685664,0.22207882
782176900,0.2504278,0.5587927,0.19077942
782290808,0.4720224,0.3304554,0.19752218
782413639,0.42544144,0.36087435,0.21368423
783603877,0.3448162,0.2387194,0.41646445
783643521,0.4205301,0.34327722,0.23619267
783946411,0.34466875,0.2627085,0.3926228
783979493,0.4032889,0.35449198,0.24221909
785169229,0.36251885,0.41986468,0.21761644
785694881,0.3665554,0.3388865,0.2945581
785969024,0.24166375,0.51418245,0.2441538
785998461,0.40831345,0.29264852,0.299038
786096945,0.40286994,0.38481697,0.2123131
786470528,0.37796164,0.43408066,0.18795767
787207440,0.3452309,0.34322816,0.31154093
787526498,0.38015592,0.30178404,0.31806004
787650497,0.54717654,0.23502047,0.21780297
787830190,0.48060668,0.2800191,0.23937422
787852284,0.37739632,0.39902678,0.22357687
788237136,0.40809178,0.30439013,0.28751808
788541842,0.43973517,0.24534385,0.31492096
789110820,0.2746711,0.53206426,0.1932646
790619322,0.46930596,0.3027876,0.2279064
790819232,0.37387225,0.30056223,0.32556552
791391600,0.2840008,0.46090746,0.25509173
791652646,0.45499653,0.25215662,0.29284692
791704471,0.4044728,0.37848392,0.21704328
791814875,0.37176138,0.40641513,0.22182345
792020262,0.3718961,0.38604486,0.24205905
792709824,0.32550097,0.29248667,0.3820124
792742147,0.31661353,0.33263898,0.35074753
793094814,0.41674748,0.39360225,0.18965027
793774498,0.44004205,0.35595506,0.20400289
793874092,0.55594444,0.24605921,0.19799635
794094095,0.39346346,0.31738764,0.28914893
794215501,0.44548032,0.2716275,0.28289223
796199831,0.41735783,0.3855497,0.19709249
797460234,0.3683921,0.333267,0.29834086
797514164,0.33937383,0.33088186,0.32974428
797700324,0.3312545,0.4063729,0.2623726
798633187,0.31708288,0.2563116,0.42660552
798760358,0.4173798,0.37374258,0.20887762
799410113,0.20858577,0.5513933,0.24002102
799457957,0.27009714,0.31172624,0.41817665
800402964,0.35759386,0.31947666,0.32292944
800443919,0.4696946,0.2971045,0.23320086
800664060,0.28636703,0.3933329,0.32030004
801080975,0.40427548,0.3105815,0.28514302
801081459,0.4663993,0.2896217,0.24397895
801444567,0.2892823,0.462711,0.24800667
801691302,0.29216895,0.44024992,0.26758116
801886888,0.30023304,0.42169905,0.27806795
802684615,0.24406219,0.5182486,0.23768917
802928076,0.37632912,0.4096765,0.21399432
803138128,0.26337367,0.52254593,0.21408042
803295780,0.29610965,0.30666587,0.3972245
803482476,0.5220798,0.2815323,0.19638787
803873442,0.33294564,0.27345058,0.3936038
804786018,0.27641892,0.5064831,0.217098
804886162,0.39942557,0.37781638,0.22275802
805176826,0.5347754,0.25522622,0.20999834
805691012,0.29192582,0.415967,0.29210722
806204236,0.355433,0.28832763,0.35623932
808025704,0.4426685,0.26851988,0.28881162
808127171,0.35034,0.33578822,0.31387177
808176589,0.29916534,0.5218614,0.17897326
808796895,0.51013356,0.310853,0.17901345
809811084,0.3086372,0.4520939,0.23926888
809865371,0.30450732,0.31764254,0.37785015
809879359,0.42474258,0.35707,0.21818742
810224109,0.4869637,0.28646225,0.2265741
810820070,0.38881075,0.37653238,0.23465684
810870247,0.3457623,0.34076917,0.31346852
811059639,0.3773256,0.3899418,0.23273261
811220596,0.32497114,0.3644181,0.31061077
812768940,0.44064888,0.34917212,0.21017899
812788277,0.2641667,0.4382432,0.29759008
812946649,0.4284214,0.32435143,0.24722719
813897782,0.21951821,0.6245612,0.15592062
814296308,0.28167006,0.44370657,0.27462336
814990932,0.5096736,0.24272054,0.24760585
815019451,0.41608477,0.32737488,0.2565404
815196271,0.34632438,0.38966998,0.26400563
815210856,0.44492134,0.340012,0.21506667
815416956,0.29586306,0.43136612,0.27277082
815509038,0.3619153,0.28958756,0.34849712
815665272,0.36504495,0.39411664,0.24083841
815806044,0.38383943,0.32763225,0.28852832
816757861,0.3313409,0.2338247,0.43483433
817021085,0.3274675,0.3831343,0.28939816
817206737,0.26605642,0.34683603,0.38710755
817371705,0.26738405,0.32006532,0.41255063
817484836,0.34053093,0.42173094,0.23773816
817487739,0.38443023,0.30596238,0.3096074
817503840,0.5216482,0.25787243,0.22047934
817839829,0.36315775,0.3805006,0.25634164
818291895,0.25223237,0.33426788,0.41349968
818434771,0.33961076,0.3060438,0.35434547
818443610,0.33893475,0.28445944,0.37660575
819126961,0.26652744,0.39958963,0.33388287
819300485,0.23293549,0.354357,0.41270745
819308821,0.39555883,0.38553578,0.21890545
820390098,0.5021753,0.3001456,0.19767913
820843048,0.521468,0.24694358,0.23158847
821078326,0.37149167,0.37462288,0.25388545
821239139,0.30994228,0.45946836,0.23058936
821421787,0.28529802,0.32332593,0.39137608
821526584,0.41097248,0.40065664,0.18837085
821531369,0.42509764,0.3737433,0.20115909
822233249,0.38757262,0.3639987,0.24842872
822696084,0.30786312,0.44062653,0.25151035
822741216,0.46780714,0.31696248,0.21523038
823019712,0.3208191,0.4587321,0.22044879
823342203,0.37491024,0.42139536,0.20369431
823387172,0.3844049,0.40841293,0.20718223
823698486,0.26662296,0.25629273,0.47708434
823841545,0.29890016,0.38386208,0.3172378
823843297,0.29812396,0.35762733,0.34424868
824047175,0.54690045,0.262073,0.19102654
824539834,0.39128447,0.37875438,0.22996114
825150631,0.35552537,0.38531247,0.25916216
825183241,0.41644007,0.33697087,0.24658903
825281900,0.43141198,0.39399117,0.17459686
826523466,0.38157657,0.42034787,0.19807559
826537098,0.37913993,0.40391907,0.21694098
826608671,0.5567906,0.22425196,0.21895745
826614517,0.38534218,0.41663733,0.1980205
827234731,0.37627497,0.41252548,0.21119949
827267082,0.5120017,0.28995678,0.19804153
827522164,0.36358744,0.38618392,0.25022867
827768907,0.26570255,0.496607,0.23769045
828370198,0.3968423,0.39186513,0.2112925
828451747,0.3894359,0.4126858,0.19787832
828552753,0.3797797,0.34582138,0.2743989
828788900,0.32602865,0.48046374,0.19350761
829090964,0.3538443,0.32849938,0.3176563
829253769,0.4443869,0.34139138,0.21422175
829439298,0.2827416,0.37703803,0.34022033
829476992,0.36783165,0.42947054,0.2026978
830502800,0.25596938,0.5098664,0.23416418
830792770,0.33541,0.424406,0.24018401
831393616,0.41638166,0.38176975,0.20184863
831606558,0.37025705,0.40000325,0.2297397
831831838,0.40667108,0.4139763,0.17935261
833402221,0.43637782,0.31721628,0.24640587
833434773,0.4005987,0.40826985,0.19113147
833583456,0.55018306,0.24771586,0.20210111
833732643,0.3288648,0.45255348,0.21858169
833762488,0.36251485,0.36430383,0.27318126
834652342,0.3123474,0.41601557,0.27163702
835203841,0.40170628,0.35270482,0.24558893
835283389,0.4210847,0.3824526,0.19646265
835335320,0.2943263,0.35896143,0.3467123
835838908,0.3294456,0.45237428,0.21818009
836314882,0.3856957,0.40909225,0.20521209
837127361,0.36932412,0.37560445,0.25507146
837349204,0.22943854,0.5746008,0.19596064
838334889,0.39049518,0.3518647,0.2576401
838378985,0.4637385,0.31787908,0.21838242
838492750,0.28449258,0.3342825,0.381225
839470040,0.38440806,0.33341104,0.2821809
839632601,0.29354584,0.2949745,0.4114797
839744377,0.502575,0.28828704,0.20913798
840122209,0.3772127,0.3931026,0.22968477
840211046,0.5551371,0.24304885,0.20181409
840772223,0.4588705,0.32251918,0.21861029
841063620,0.28915727,0.27862534,0.43221742
841124372,0.3588441,0.3170744,0.32408148
841330805,0.27123713,0.40808588,0.32067698
841366889,0.31679648,0.3587513,0.32445216
841579731,0.34834546,0.33016655,0.32148802
842027995,0.36095294,0.38611424,0.25293288
842154946,0.49115628,0.31529313,0.19355063
842750963,0.5195396,0.29435343,0.18610702
843302039,0.31462866,0.43217373,0.25319758
844106666,0.37342727,0.3845063,0.24206643
844198553,0.3692581,0.41491205,0.21582985
844342438,0.2681092,0.27058083,0.46131
844357310,0.33949375,0.2781585,0.38234776
845045962,0.32723415,0.437454,0.23531184
845234562,0.32134736,0.31169665,0.366956
845881926,0.55857337,0.25087655,0.19055007
846788192,0.3403617,0.3721012,0.28753704
846933738,0.4450998,0.33793724,0.21696296
848018573,0.34139866,0.3735398,0.28506154
850002171,0.29471028,0.48053992,0.22474982
850637179,0.37911287,0.40231317,0.21857394
851001172,0.5403981,0.2750137,0.18458816
851065007,0.35659862,0.36542386,0.27797753
851072737,0.52544457,0.2609082,0.21364725
851589017,0.43661183,0.3308745,0.23251365
851605286,0.56486666,0.25424144,0.18089196
851719010,0.35715127,0.28288037,0.35996836
851749100,0.32437408,0.38886333,0.28676265
852003518,0.23373085,0.23373085,0.53253824
852199251,0.28693897,0.47110346,0.24195758
852714589,0.44736826,0.31769562,0.23493606
853022754,0.46487057,0.2794159,0.25571352
853547727,0.39320618,0.30029798,0.30649582
854022440,0.38842046,0.33763036,0.2739492
854225728,0.31231195,0.49454778,0.19314027
854326728,0.31277823,0.4635617,0.22366011
854418281,0.38090664,0.37616396,0.24292935
854455679,0.40956843,0.37104934,0.2193822
855087394,0.28069276,0.35090297,0.3684043
856286322,0.37403733,0.36651877,0.25944388
856600669,0.37346,0.3305822,0.29595774
857021576,0.30331045,0.38628575,0.31040376
857441741,0.32462668,0.38063014,0.29474315
857543988,0.28288412,0.40957564,0.3075402
858258880,0.4201737,0.348472,0.2313543
858278305,0.33753753,0.42235434,0.24010815
858353770,0.42652267,0.34731328,0.22616401
858371628,0.26838243,0.31420627,0.41741133
859177449,0.41360334,0.21338323,0.37301338
859430593,0.52308834,0.28593186,0.19097978
859669938,0.36988115,0.3972339,0.23288494
859746290,0.41581824,0.38433117,0.19985054
859758214,0.4048011,0.35279924,0.24239963
860374604,0.39546397,0.390436,0.21410002
860477628,0.5151609,0.23073657,0.25410253
860670411,0.36809066,0.37438715,0.25752223
860935837,0.38753068,0.3022374,0.31023198
861337735,0.2929527,0.4992561,0.20779125
861507153,0.30925226,0.49473464,0.19601312
861935708,0.3874186,0.33685276,0.27572864
862065873,0.39652804,0.404835,0.19863696
862108165,0.34450203,0.4043743,0.25112367
862660514,0.41646358,0.3795711,0.20396534
862875060,0.31957173,0.4677421,0.21268618
864374983,0.3655648,0.3649619,0.26947328
864816957,0.3094713,0.29758942,0.39293927
865433271,0.35490292,0.40772724,0.23736979
865809550,0.4230311,0.34653044,0.23043841
865944940,0.41576844,0.39344108,0.19079044
866070223,0.40834123,0.36133194,0.23032685
866140390,0.38344735,0.3411358,0.27541688
866258426,0.3516208,0.41235584,0.23602337
866790815,0.24737039,0.30955234,0.44307727
867270727,0.37733757,0.37733757,0.24532485
867314448,0.33866286,0.3799709,0.28136623
867505618,0.366773,0.41243953,0.22078747
870988150,0.39177117,0.38862008,0.21960866
871382642,0.3540219,0.42681637,0.21916173
871497817,0.43278864,0.37079704,0.19641423
871687920,0.38408938,0.34178066,0.27413
872325780,0.2713023,0.49376225,0.23493542
872659329,0.34174696,0.26115656,0.3970965
872856846,0.49606574,0.3030922,0.20084208
873039174,0.4095052,0.37652886,0.21396592
873040714,0.53711563,0.24958786,0.21329646
873259959,0.51393265,0.27655703,0.20951033
873636186,0.28002298,0.4426046,0.2773724
873967339,0.47348166,0.3109014,0.21561691
874211655,0.28173432,0.5419659,0.17629978
875607354,0.3490578,0.36513263,0.28580964
876102795,0.2856229,0.4802602,0.23411693
876358652,0.43573034,0.314125,0.25014466
876371319,0.43167955,0.3668905,0.20142996
876477981,0.34648168,0.3240143,0.329504
876758385,0.49125752,0.28781515,0.22092733
877126237,0.32934433,0.42174262,0.24891308
877395387,0.4589298,0.30404747,0.23702273
877545315,0.46130478,0.3124212,0.22627403
877553937,0.38369036,0.3803481,0.23596156
877705100,0.31069982,0.32442015,0.36488003
878379654,0.4399171,0.3268143,0.23326865
878569358,0.23382229,0.22458416,0.54159355
879048262,0.35927057,0.41449904,0.22623038
879067741,0.34335953,0.3967648,0.25987566
879627539,0.37119755,0.3540271,0.27477536
880994529,0.27748388,0.27045107,0.45206505
881143593,0.40689152,0.37537277,0.21773574
882126534,0.29743862,0.47448915,0.22807224
882543203,0.28490233,0.29887554,0.41622213
882831280,0.39076406,0.3479339,0.26130205
883072375,0.24963412,0.51224035,0.23812553
883466603,0.4206019,0.27868894,0.3007092
883695433,0.26027,0.3949626,0.34476742
883908522,0.339687,0.40923887,0.25107414
883995931,0.25539833,0.2793428,0.46525887
884413049,0.3447004,0.45766515,0.19763446
885178488,0.40133435,0.28750944,0.3111562
885466397,0.45096698,0.3317994,0.2172336
886518561,0.28979418,0.5019478,0.20825802
886797360,0.3179736,0.37040836,0.311618
887113647,0.42171836,0.3217223,0.25655937
888225337,0.51038176,0.2840242,0.205594
888251561,0.2684692,0.50510144,0.22642937
888252459,0.32645413,0.4468465,0.22669938
888604815,0.25983846,0.50989854,0.230263
889279049,0.30904388,0.4007215,0.29023463
889608513,0.39822707,0.36127758,0.24049534
889733405,0.38236642,0.40792987,0.2097037
889751871,0.27373365,0.2906,0.43566638
890246468,0.35718247,0.41128105,0.23153651
890250445,0.3802658,0.33203954,0.28769463
890505293,0.38188374,0.32849264,0.28962362
891981980,0.32231766,0.46629226,0.2113901
892015174,0.30463964,0.294374,0.40098637
892222532,0.4182756,0.32308066,0.25864375
892291855,0.31637025,0.45080236,0.23282738
892310569,0.491495,0.22313672,0.28536826
892865083,0.3261791,0.42659217,0.24722877
892931258,0.33426073,0.43807906,0.22766027
893240332,0.3853525,0.3426429,0.2720046
893883238,0.46163428,0.2968563,0.24150947
894290765,0.37091523,0.3026787,0.32640606
894371884,0.2604463,0.5503316,0.18922213
894821898,0.26705372,0.5005968,0.23234949
895330001,0.38087788,0.38239977,0.23672238
895997032,0.3874738,0.39785242,0.21467376
896096410,0.29516795,0.3980844,0.30674765
896922395,0.34891135,0.45539427,0.19569439
897292130,0.29242867,0.37037718,0.33719414
897528409,0.43421978,0.3205589,0.2452213
897913915,0.37872538,0.42031935,0.20095524
898248494,0.35537362,0.31327108,0.33135527
898836625,0.32738715,0.38123107,0.2913818
899223947,0.3158058,0.24231964,0.44187456
899400332,0.356031,0.33117294,0.31279612
899487040,0.516029,0.26317617,0.22079489
899514326,0.45237088,0.32671964,0.2209095
899688194,0.316517,0.38143098,0.30205202
900642891,0.38091654,0.38758677,0.23149669
900994437,0.3527798,0.3410223,0.30619788
901189673,0.2591515,0.302894,0.43795452
901514446,0.594458,0.23328081,0.17226124
901982454,0.39575624,0.39839578,0.20584798
902178791,0.37764806,0.3921849,0.23016703
902224767,0.37931105,0.3545888,0.2661001
902635791,0.338071,0.32918105,0.332748
903918189,0.3392235,0.46385795,0.19691855
904000376,0.29157767,0.29573467,0.41268766
904051836,0.2781273,0.47563034,0.2462423
904622446,0.47254062,0.26998952,0.25746983
904671441,0.32027084,0.4116266,0.26810256
905205030,0.33691537,0.37750572,0.28557894
905232887,0.3394788,0.40651134,0.25400987
905343696,0.47176662,0.3004064,0.227827
905374066,0.33836704,0.42367107,0.23796189
905428145,0.25144434,0.5328131,0.21574259
907061873,0.34378874,0.3571558,0.2990555
907922754,0.304601,0.3909077,0.30449122
907997616,0.30254075,0.49936503,0.19809422
908107426,0.30346256,0.28688216,0.40965524
908665974,0.4698195,0.32632038,0.20386013
908828372,0.32629067,0.25377902,0.41993034
909022093,0.5776577,0.25838685,0.16395551
909281307,0.3819741,0.3554702,0.26255563
909525288,0.38859347,0.34483427,0.26657224
910032628,0.41892302,0.35286993,0.22820713
910638239,0.2711136,0.4586874,0.270199
911568909,0.37611598,0.30301642,0.32086766
911817684,0.4415416,0.34555846,0.21289995
911867258,0.37233323,0.35733324,0.27033347
912172771,0.24388477,0.31662703,0.43948817
912327973,0.3885973,0.30897975,0.30242297
912548453,0.55340654,0.20326647,0.24332696
912848624,0.40133262,0.4087488,0.18991861
912891754,0.39605176,0.39023644,0.21371175
913031530,0.362109,0.38541192,0.25247908
913132826,0.39226842,0.36931884,0.2384127
913396375,0.3975226,0.3397247,0.2627527
913734969,0.27432153,0.48615932,0.23951918
913884061,0.24351618,0.38538355,0.37110025
914317543,0.4191009,0.3480932,0.23280588
914412423,0.2755588,0.47732723,0.24711397
914859413,0.36707485,0.40797603,0.22494914
914992039,0.31668603,0.30763462,0.3756794
915169569,0.37518942,0.36743587,0.2573747
915322641,0.36342353,0.38957512,0.2470014
915603318,0.22059992,0.3928802,0.38651988
917269465,0.4001089,0.29587904,0.30401212
917301882,0.44350892,0.3615579,0.19493319
917406825,0.48282003,0.29544324,0.22173674
917849665,0.30153525,0.38450128,0.31396344
919232214,0.34923252,0.40720516,0.24356231
920362970,0.43265396,0.3949233,0.17242274
920441030,0.25006455,0.5251348,0.22480065
920569651,0.4759162,0.3356743,0.18840946
920821760,0.3438388,0.43372217,0.22243905
921103132,0.39443785,0.32303298,0.28252918
921198118,0.29145914,0.33230263,0.37623823
921221188,0.48778415,0.26442948,0.24778639
921693506,0.4819385,0.29391956,0.22414193
921785557,0.32375777,0.46259844,0.21364377
921884512,0.32224995,0.35138687,0.32636315
922466919,0.53321815,0.26936916,0.19741273
922800275,0.4794374,0.25531077,0.26525182
923123111,0.2601498,0.31663668,0.42321348
923155121,0.23323962,0.23658124,0.53017914
923385770,0.5225786,0.27487117,0.20255032
923528656,0.25657243,0.42480147,0.31862608
923772707,0.32590362,0.32689756,0.34719884
923935967,0.4098289,0.37516686,0.21500424
924580071,0.55595756,0.2640575,0.17998494
924977659,0.30667743,0.36201984,0.33130276
925127046,0.31654397,0.3002845,0.38317153
925617004,0.39810395,0.4011494,0.20074667
926289677,0.33094817,0.40953404,0.25951788
927304238,0.2631454,0.49339387,0.24346077
927596626,0.39152798,0.32791054,0.28056148
928188956,0.40670553,0.28316587,0.31012863
929345085,0.3628426,0.35872543,0.278432
929651068,0.27512997,0.5076815,0.2171885
929819909,0.33658075,0.41107878,0.2523405
929825941,0.44152045,0.30672514,0.25175446
930248217,0.33401078,0.29229873,0.3736905
930757691,0.31296942,0.4352445,0.25178608
931086381,0.3851905,0.3887575,0.22605202
931630377,0.51252526,0.29931164,0.1881631
931810172,0.28499645,0.33053038,0.3844732
931848160,0.36108953,0.29995,0.3389605
932389744,0.3436178,0.38494027,0.27144197
932536688,0.2986317,0.46796477,0.23340353
933073618,0.30900168,0.43182096,0.2591774
933204184,0.26420176,0.49122024,0.24457797
934506327,0.47191745,0.29114988,0.23693267
934894168,0.37646657,0.36333773,0.26019567
935594719,0.26162058,0.31007892,0.4283005
935821298,0.41873473,0.32377636,0.25748888
935860386,0.2485455,0.41912043,0.3323341
936275611,0.3906759,0.39538732,0.21393679
936330843,0.37203434,0.26271966,0.365246
936972715,0.40649477,0.3810419,0.21246336
937063596,0.32964832,0.4343735,0.23597819
937175206,0.28704295,0.41052592,0.3024311
937235946,0.24210201,0.48842,0.26947793
939611764,0.33342695,0.32048738,0.34608573
940135903,0.21027169,0.28276175,0.5069666
940938532,0.31027102,0.443838,0.24589099
941000516,0.4163435,0.39270845,0.19094801
941005443,0.43810374,0.3475075,0.21438879
941438574,0.33434772,0.37578392,0.28986832
941665659,0.38181943,0.37988704,0.23829356
941884234,0.38910756,0.36204582,0.2488466
942189778,0.4307565,0.3604852,0.20875826
942386460,0.27576393,0.39223456,0.33200148
942471702,0.31669325,0.49964663,0.18366012
942978371,0.31321955,0.4062283,0.28055218
943256316,0.31385887,0.44593912,0.24020196
944035705,0.33707905,0.29534453,0.3675764
944598993,0.44465634,0.34134328,0.21400039
945035384,0.27464482,0.2821548,0.44320035
945406506,0.37317896,0.26704356,0.3597775
945585141,0.5087937,0.29317567,0.19803065
945627944,0.3057289,0.4392724,0.25499868
946182447,0.39307702,0.4150293,0.19189365
947136912,0.4788245,0.29595053,0.22522497
947317045,0.37745064,0.36973614,0.25281322
947874553,0.41581088,0.38662064,0.19756845
947925885,0.38222206,0.37505937,0.24271855
948962480,0.4240675,0.3860225,0.18990996
949039932,0.5038034,0.25760466,0.23859195
949372732,0.3327431,0.3830518,0.28420502
949697978,0.3108828,0.3513474,0.3377698
949808696,0.39460504,0.39396423,0.21143076
949860635,0.31938922,0.45509207,0.22551873
950127696,0.27479714,0.49521795,0.22998491
950469265,0.5187943,0.25905168,0.22215402
950723867,0.30430567,0.43958548,0.25610888
950933203,0.48745197,0.27966437,0.23288363
951116656,0.19605929,0.61375296,0.19018775
952306911,0.41223067,0.30621386,0.28155547
953251314,0.33497095,0.36863405,0.296395
953716808,0.368928,0.37413716,0.25693488
954533987,0.31983477,0.3324003,0.3477649
954833885,0.3338915,0.46983737,0.19627109
954968528,0.37977964,0.38931477,0.23090562
954976000,0.4109258,0.37288874,0.21618545
955268483,0.39680934,0.40314847,0.20004219
955650665,0.31992704,0.27881205,0.4012609
956008770,0.4517805,0.32242817,0.22579136
956019169,0.4616151,0.33667654,0.2017084
957524297,0.36244497,0.34892994,0.28862512
957785430,0.40288293,0.38760117,0.20951584
957802247,0.32176822,0.3323294,0.34590244
957929687,0.33350405,0.44339985,0.22309616
958570456,0.35798356,0.40022242,0.24179402
958711853,0.31551605,0.5059017,0.17858225
959074564,0.34363902,0.4323646,0.22399637
959187404,0.39183244,0.34868467,0.25948295
959568291,0.23078974,0.59407586,0.17513439
960006781,0.3146243,0.4794854,0.20589025
960696121,0.39926487,0.31130588,0.28942925
961264892,0.48919204,0.27113056,0.23967743
961413113,0.35908538,0.42283562,0.21807902
961766952,0.369541,0.34228796,0.28817105
961906008,0.38433444,0.39236215,0.2233034
962005375,0.4868611,0.24807459,0.2650643
962170524,0.44639617,0.31542343,0.23818043
963219452,0.3195136,0.45280385,0.22768259
963311459,0.2990712,0.44697896,0.2539499
963479207,0.37242967,0.41470832,0.21286201
963483482,0.3032906,0.30424726,0.39246213
963488465,0.5400241,0.24966532,0.21031058
963552915,0.44737566,0.36734265,0.18528171
964012812,0.40299928,0.36347455,0.23352617
964178788,0.2935046,0.5113119,0.19518355
964277377,0.48218763,0.29631558,0.22149678
965818969,0.37533736,0.44075042,0.18391226
966369830,0.31615198,0.30610907,0.37773895
967677590,0.33493918,0.41670603,0.24835478
968261821,0.25820035,0.38423526,0.3575644
968556225,0.40307933,0.36493927,0.23198135
968690820,0.33611465,0.33656672,0.3273186
969687775,0.3397713,0.41849536,0.24173334
969812789,0.39385414,0.3672891,0.23885672
971011552,0.46118632,0.2905864,0.24822727
971128341,0.3980816,0.32077342,0.28114498
971209093,0.36035582,0.35155606,0.28808814
971256776,0.4265737,0.2501906,0.3232357
971497398,0.34994566,0.39768335,0.25237098
972210396,0.35751554,0.34987992,0.29260457
972698828,0.36349076,0.39498383,0.24152546
972870286,0.4565038,0.32909942,0.2143968
973196527,0.3588677,0.42659104,0.21454126
974667002,0.41964114,0.3738995,0.20645937
974796495,0.4025023,0.38505954,0.21243814
975175408,0.44367197,0.3261415,0.23018652
975417099,0.4952437,0.28512344,0.21963286
976072361,0.51809525,0.27258018,0.20932451
976472526,0.38921887,0.35753953,0.2532416
976529885,0.3749957,0.3713485,0.2536558
976584716,0.26118538,0.5253298,0.21348482
976774641,0.48887175,0.28049964,0.23062858
977918327,0.3108369,0.33480957,0.3543535
978352291,0.46961313,0.3282757,0.20211115
979154904,0.45193332,0.2737318,0.27433488
979329321,0.31068468,0.32226986,0.36704546
979752306,0.31829774,0.45078003,0.23092218
979830958,0.28190082,0.39940858,0.31869063
980158497,0.38953522,0.28313035,0.3273344
980386233,0.59692323,0.22514886,0.17792794
981371172,0.34163064,0.3549173,0.30345201
981564533,0.30295616,0.47034052,0.22670327
982603280,0.30950898,0.43547666,0.25501433
983474312,0.27323815,0.30835778,0.41840407
983650951,0.31982028,0.47670794,0.20347175
983805862,0.3763838,0.42063957,0.2029766
984707357,0.44872436,0.35448384,0.19679186
984848010,0.32401323,0.4170614,0.2589254
984909294,0.38373038,0.4007079,0.21556169
985091616,0.26733178,0.52581877,0.20684943
985120526,0.37289512,0.38022465,0.24688026
985447146,0.48137456,0.19683373,0.32179168
985493041,0.39164722,0.32091397,0.2874388
985712970,0.3259877,0.48101586,0.19299638
985854568,0.30361074,0.29419005,0.4021992
986800068,0.22108127,0.5986763,0.18024239
987736117,0.3214842,0.35120595,0.3273099
988246925,0.3288173,0.34166694,0.32951576
989498582,0.44922143,0.36369273,0.18708585
989610671,0.5923417,0.25450504,0.15315324
989621702,0.45220208,0.32454598,0.22325194
989783364,0.3812844,0.40844053,0.21027511
990537614,0.2736048,0.4928792,0.23351598
990713269,0.40217775,0.36754453,0.23027766
990889410,0.36092433,0.38942182,0.2496539
991391027,0.5160821,0.24625286,0.23766495
991772272,0.39552134,0.3772267,0.22725195
992266303,0.42145455,0.3966465,0.18189897
992897032,0.29882586,0.2965456,0.40462852
993695710,0.39377016,0.31117463,0.29505524
994172956,0.34078485,0.3772645,0.2819507
994231117,0.35684007,0.3758763,0.26728362
994473540,0.56167847,0.25308073,0.18524079
994685325,0.5587475,0.25753266,0.18371986
995126898,0.32120368,0.41164714,0.2671492
995572241,0.36299205,0.40574342,0.2312645
996391050,0.31226528,0.28989232,0.3978424
996864778,0.50809056,0.29605567,0.19585383
997093357,0.34544605,0.3958792,0.2586748
997098238,0.3332836,0.3560546,0.31066176
997386922,0.5578942,0.2496252,0.19248065
997808305,0.33919442,0.31558424,0.34522134
997860319,0.3646629,0.40310544,0.23223165
997867639,0.35188872,0.30614948,0.3419618
997869328,0.34035194,0.37057778,0.2890703
997979165,0.40842247,0.33559698,0.25598055
998132483,0.3619298,0.39209116,0.24597901
998282721,0.30240768,0.5007492,0.19684312
998353359,0.266993,0.47152972,0.26147726
998686891,0.36223722,0.3726042,0.2651586
998998834,0.404199,0.2330292,0.3627718
999171744,0.39911115,0.34462923,0.25625962
999241997,0.25738567,0.42131728,0.32129705
1000129086,0.29486287,0.45614183,0.24899526
1000701773,0.38096556,0.40714356,0.21189083
1001235683,0.34054726,0.3548567,0.304596
1001332344,0.3659736,0.34676713,0.28725925
1001605950,0.35213032,0.39049235,0.2573774
1001609340,0.38619858,0.37191892,0.2418825
1002017720,0.39242852,0.2825868,0.3249847
1002312183,0.47646084,0.3064881,0.21705103
1002345279,0.364565,0.33469307,0.30074185
1002432199,0.35602188,0.4182134,0.2257647
1002552879,0.34536242,0.3455926,0.309045
1002743294,0.33755797,0.362136,0.30030602
1002801391,0.3952969,0.37672997,0.22797312
1003387617,0.31252837,0.32072815,0.36674348
1003928472,0.41427052,0.32103673,0.26469278
1004685288,0.5350411,0.28716543,0.17779352
1004950655,0.40958166,0.32732505,0.2630933
1005052532,0.44580173,0.3426305,0.21156776
1005530806,0.32073635,0.37296662,0.306297
1005603618,0.52612257,0.21654347,0.257334
1006013031,0.4370057,0.28948987,0.2735044
1006213851,0.44215697,0.30784318,0.24999982
1006793932,0.3622883,0.34582955,0.29188216
1007050156,0.3337545,0.29646063,0.3697849
1007296245,0.35537273,0.36295804,0.28166926
1007551834,0.34597105,0.42537677,0.22865222
1007783118,0.3673507,0.42010283,0.21254644
1008581559,0.40747768,0.3033712,0.28915116
1008783089,0.42343006,0.38387126,0.19269869
1008786078,0.33978644,0.29255632,0.3676572
1008964329,0.39261776,0.38403118,0.22335108
1009777220,0.4206416,0.33545026,0.24390814
1009961222,0.27077952,0.5193066,0.20991388
1011326643,0.47067344,0.28814054,0.24118602
1011529220,0.47459453,0.27131182,0.2540936
1011816447,0.42162615,0.3076511,0.27072275
1012132082,0.36792865,0.34793478,0.28413653
1012621908,0.27693275,0.43961003,0.28345722
1012843597,0.56391054,0.2569576,0.17913187
1013083162,0.4720166,0.27855664,0.24942675
1013096227,0.58983314,0.23001839,0.1801485
1013604300,0.3129691,0.33097804,0.35605288
1014073708,0.50287855,0.26662403,0.23049745
1014500486,0.33285758,0.34212828,0.32501417
1014693433,0.24920586,0.3177135,0.43308064
1015435480,0.31468797,0.48093146,0.20438057
1015575365,0.32561824,0.33492905,0.3394527
1015952172,0.40703067,0.3124593,0.28051007
1016311718,0.41592047,0.34707335,0.23700619
1017356570,0.4673524,0.24467301,0.2879746
1018074565,0.34236765,0.35190025,0.30573207
1018142780,0.5031382,0.2803768,0.21648505
1018759739,0.5198702,0.26672497,0.21340479
1018861381,0.40690178,0.37270284,0.22039542
1018973602,0.5688559,0.22480431,0.2063398
1019660590,0.3520239,0.4155667,0.23240939
1020104198,0.26778936,0.40942675,0.32278386
1020718743,0.42097285,0.28056824,0.29845887
1020890282,0.3646031,0.42149562,0.21390124
1021093067,0.31111884,0.33469376,0.35418737
1021263791,0.3477823,0.48008913,0.17212859
1021359092,0.40577912,0.3454206,0.24880028
1021573994,0.3868609,0.36607745,0.24706164
1022694062,0.36841792,0.38321328,0.24836883
1022868025,0.2917887,0.46311033,0.24510099
1023137173,0.4634117,0.28369793,0.25289035
1024036896,0.35306168,0.39594638,0.25099197
1024069530,0.51420003,0.21207416,0.27372584
1024348753,0.29981738,0.2852647,0.4149179
1024366069,0.20661646,0.6187463,0.17463729
1024440119,0.37426534,0.3603729,0.26536173
1025054830,0.3596956,0.4064375,0.2338669
1025191679,0.29597276,0.37513837,0.3288889
1025315207,0.47494537,0.30813843,0.21691617
1025381952,0.36218387,0.40146363,0.23635247
1025419258,0.33586034,0.33387715,0.33026248
1025634475,0.3541295,0.29316828,0.35270223
1026089560,0.35026076,0.43333352,0.21640566
1026269845,0.32098168,0.29928094,0.37973744
1026475605,0.31892517,0.5129206,0.16815418
1026547764,0.4301673,0.35030982,0.21952292
1026775188,0.2797041,0.48761088,0.23268506
1027054296,0.35319048,0.42691886,0.21989062
1027173389,0.36388958,0.38292056,0.25318983
1027249141,0.49052525,0.24422315,0.26525164
1028180870,0.3344347,0.42539066,0.24017462
1028414366,0.35826525,0.44131863,0.20041615
1028469611,0.3335634,0.29288083,0.37355572
1030181920,0.3700413,0.41936296,0.21059567
1030429817,0.3855752,0.39031944,0.22410536
1031674831,0.4204246,0.3253749,0.25420052
1032105893,0.31472522,0.29485327,0.3904215
1032322883,0.36490494,0.40501386,0.23008123
1033617830,0.2874248,0.49860138,0.21397379
1034636626,0.28573897,0.44437858,0.26988244
1034696560,0.2395468,0.53362644,0.22682679
1035264829,0.34712446,0.23281087,0.42006463
1035597500,0.45973793,0.27332827,0.2669338
1035850439,0.3549332,0.39300206,0.2520647
1036760042,0.26001376,0.3693175,0.3706687
1036929022,0.2616243,0.50179625,0.23657945
1037708422,0.35406,0.25702602,0.38891396
1038599517,0.28781313,0.5109554,0.20123142
1039091831,0.35537073,0.4056995,0.23892978
1039226335,0.45566142,0.29274166,0.25159696
1039606159,0.376808,0.34573895,0.27745306
1040449302,0.2926161,0.32680124,0.3805827
1041246961,0.37029117,0.31352067,0.31618816
1041660855,0.29663098,0.360744,0.34262502
1041919245,0.3985371,0.34697002,0.25449288
1042488088,0.4187426,0.38178158,0.19947578
1042540328,0.4623813,0.30015552,0.23746318
1042801462,0.33381367,0.34094113,0.3252452
1042894619,0.40571114,0.38303876,0.2112501
1042945670,0.37830633,0.32034117,0.30135244
1043494145,0.416048,0.32816982,0.2557822
1044098161,0.3421216,0.41484118,0.24303722
1044514765,0.27970004,0.48922107,0.23107886
1044913871,0.44680732,0.29186046,0.2613322
1045045335,0.3189475,0.37162468,0.3094278
1045406145,0.3587754,0.37002897,0.27119556
1045429879,0.36628786,0.34276086,0.29095128
1045443401,0.2610564,0.25351214,0.48543143
1046097436,0.42947835,0.33968773,0.23083392
1046161908,0.35765648,0.39589092,0.24645257
1046455673,0.5155847,0.29317063,0.19124469
1046999073,0.28523678,0.3294591,0.38530415
1047037196,0.34638733,0.38737547,0.2662372
1047871080,0.2462357,0.44114345,0.31262088
1048240144,0.27155676,0.46867314,0.25977013
1048416476,0.3748565,0.40812752,0.21701595
1048522175,0.3832799,0.35018808,0.26653203
1049189282,0.4298573,0.3383245,0.23181818
1049221843,0.3924951,0.39641398,0.21109095
1049395726,0.30161518,0.43139386,0.26699096
1049890411,0.41830206,0.39468068,0.18701725
1049957423,0.42388457,0.34893447,0.22718093
1050602601,0.34321383,0.37003186,0.28675428
1050930882,0.49783087,0.2913002,0.21086892
1052547805,0.37696874,0.3774068,0.24562444
1052649456,0.3278093,0.44310343,0.22908726
1052748526,0.3754745,0.37966996,0.24485554
1053386946,0.19028619,0.6165477,0.1931661
1053529613,0.38307887,0.26620626,0.35071486
1053849827,0.2285648,0.34490836,0.42652678
1056584066,0.48338044,0.2533142,0.26330543
1056702139,0.36170256,0.40951723,0.22878024
1056864848,0.29260224,0.40946656,0.29793116
1057106077,0.5075276,0.27397293,0.21849945
1057171877,0.38176256,0.38717294,0.23106447
1058455108,0.38151684,0.3075986,0.31088457
1059189325,0.4329465,0.29222164,0.27483183
1059326772,0.4011389,0.2514646,0.34739646
1059342655,0.29338777,0.45321345,0.2533988
1059501772,0.29358757,0.29358757,0.41282484
1059555038,0.3843957,0.28817692,0.32742733
1059748591,0.44938296,0.32032526,0.23029184
1059783421,0.38445023,0.3770883,0.23846146
1060139302,0.41204062,0.34858394,0.23937547
1061118670,0.26765224,0.54236764,0.18998009
1061697319,0.5151764,0.2514272,0.23339638
1061807083,0.35603732,0.44371897,0.20024377
1062343374,0.39825422,0.33909065,0.2626551
1062424318,0.40348923,0.29119563,0.30531514
1062543310,0.5005806,0.30289972,0.19651973
1062682806,0.45963237,0.31498885,0.22537872
1062781122,0.40886497,0.34632292,0.24481207
1063295392,0.2838966,0.52052104,0.19558233
1063956769,0.43845332,0.34806138,0.2134853
1064142386,0.38521934,0.37105173,0.2437289
1064370444,0.40776616,0.37805402,0.21417989
1064580973,0.3023415,0.37947428,0.31818423
1064759989,0.39899254,0.36499676,0.23601073
1065596750,0.2883147,0.48663935,0.22504595
1065680884,0.4744904,0.2948482,0.2306614
1066415672,0.2784829,0.42761245,0.29390463
1067364971,0.3436271,0.3358804,0.32049248
1067885218,0.42504144,0.37749964,0.19745891
1068102483,0.3861741,0.3386457,0.27518016
1068483689,0.27633345,0.3517624,0.3719041
1068995203,0.3286233,0.40233618,0.26904052
1069162425,0.48753446,0.28996393,0.2225016
1069470032,0.34751168,0.40113226,0.251356
1069711378,0.30414593,0.44005972,0.25579435
1069762370,0.23163798,0.4555697,0.3127923
1070352254,0.3649549,0.381083,0.25396207
1070671199,0.5386089,0.27137268,0.1900184
1070975634,0.429177,0.34818727,0.22263576
1071634176,0.38062018,0.33691025,0.28246957
1071786217,0.30804992,0.22645801,0.465492
1072034153,0.41815156,0.30770743,0.27414095
1072274986,0.27878392,0.52097654,0.20023951
1072334554,0.37854913,0.378154,0.24329686
1072836148,0.37748426,0.29017684,0.33233887
1072948919,0.31344283,0.47702968,0.20952746
1073146430,0.42552364,0.31247672,0.26199958
1074159459,0.4124838,0.32804877,0.25946742
1074904457,0.3622979,0.30253953,0.33516252
1075318377,0.47092965,0.28558743,0.2434829
1076072050,0.2484574,0.3952552,0.3562874
1076462009,0.3597789,0.34270462,0.29751647
1077685949,0.3465991,0.41480535,0.2385955
1077699037,0.33973533,0.3411587,0.31910598
1078380199,0.45261735,0.32652426,0.22085837
1078615141,0.4305775,0.3436576,0.22576489
1080067376,0.45405623,0.32305592,0.22288786
1080321209,0.42991996,0.33811396,0.2319661
1080332186,0.37272906,0.38651007,0.24076095
1080817829,0.41851223,0.3622628,0.21922493
1080829598,0.38141668,0.4161654,0.20241788
1081011217,0.39025953,0.40692434,0.20281613
1081576616,0.3567202,0.37681848,0.2664613
1081591575,0.3425032,0.35269284,0.3048039
1081831812,0.47217077,0.34733802,0.18049124
1082205391,0.3737674,0.293612,0.33262056
1082246272,0.38801745,0.37279984,0.23918271
1082472635,0.33914685,0.40062597,0.26022714
1082876594,0.36219338,0.31059656,0.3272101
1083165670,0.3695498,0.36451238,0.26593775
1083540801,0.20497565,0.6346046,0.16041976
1083860601,0.44089967,0.38375607,0.1753443
1085346927,0.5226717,0.28631002,0.19101824
1085736964,0.4080246,0.36476952,0.2272059
1085887606,0.37533975,0.37072244,0.25393784
1086059074,0.54712224,0.24928433,0.20359346
1087993124,0.28668112,0.5040139,0.20930496
1088285494,0.3089227,0.27576485,0.4153124
1088792429,0.34771532,0.3104214,0.34186324
1088900423,0.3726231,0.39290297,0.23447391
1089103204,0.23338342,0.5654638,0.20115279
1090217080,0.4064923,0.3763153,0.21719244
1090410637,0.4022764,0.39514476,0.20257881
1090495621,0.4223888,0.304335,0.2732762
1090703865,0.42327115,0.33426785,0.24246097
1090771855,0.41535068,0.3331713,0.25147808
1090821755,0.27978376,0.48529202,0.2349242
1090834086,0.504057,0.31318438,0.18275857
1091179212,0.3564868,0.41158134,0.23193184
1093496646,0.34842342,0.3403348,0.31124175
1093882970,0.19957826,0.3365487,0.46387312
1094234259,0.2502725,0.5064971,0.2432304
1094364731,0.35311383,0.33078492,0.31610122
1095016000,0.4113211,0.24924046,0.33943844
1095252334,0.37068757,0.38874948,0.24056293
1095327260,0.36518037,0.37681815,0.25800148
1096612870,0.41171408,0.42942122,0.1588647
1096649247,0.3962982,0.3801813,0.2235205
1096801175,0.31745785,0.2875501,0.394992
1097262615,0.35049474,0.42061043,0.22889489
1098107445,0.31463945,0.2954972,0.38986334
1098631121,0.3382939,0.3881989,0.2735072
1098891578,0.3572904,0.34638232,0.29632723
1099158159,0.27161545,0.269949,0.45843557
1099205069,0.26047367,0.5381321,0.20139432
1099849473,0.276932,0.51133025,0.21173775
1099885806,0.39704847,0.30914962,0.2938019
1100020186,0.2703959,0.44680303,0.2828011
1100033982,0.41131216,0.40880924,0.17987855
1100070084,0.43303522,0.3015299,0.26543486
1100240159,0.368437,0.37931114,0.25225186
1100400444,0.36688024,0.39673376,0.236386
1100762308,0.33881634,0.42863613,0.23254755
1101032448,0.48680246,0.31321564,0.19998188
1101744256,0.34403843,0.4268494,0.22911215
1101813702,0.39548266,0.33162102,0.27289635
1101913075,0.332469,0.275789,0.39174208
1102189973,0.36276942,0.40748847,0.22974214
1102514811,0.24270585,0.5189137,0.23838049
1102617130,0.36467677,0.42992246,0.2054008
1102840127,0.44452733,0.30784726,0.24762541
1103111298,0.35032848,0.34956956,0.30010194
1103220015,0.29392087,0.39588955,0.31018957
1103617226,0.44144565,0.33857322,0.2199812
1104112817,0.31759873,0.4439435,0.23845777
1104132752,0.41730493,0.3471138,0.2355813
1104285010,0.4597756,0.30453014,0.23569429
1104339666,0.32113546,0.49518186,0.18368267
1104980948,0.4270335,0.31000096,0.26296556
1105134168,0.29361796,0.36560076,0.34078127
1106234535,0.34861177,0.41545272,0.23593551
1106317002,0.3857992,0.32960272,0.28459805
1106534232,0.48653382,0.30229953,0.21116668
1106854344,0.21551985,0.53683853,0.24764165
1106944919,0.40146858,0.37297678,0.22555459
1107310488,0.45673773,0.34426582,0.19899644
1107584865,0.5264455,0.26267534,0.21087918
1107871512,0.33820894,0.4087445,0.25304654
1108054699,0.23158634,0.43362185,0.3347918
1109224243,0.35039046,0.26116973,0.38843977
1109488354,0.31149393,0.43435675,0.25414932
1109557372,0.28027922,0.2810315,0.43868926
1109563312,0.26776809,0.5254408,0.20679116
1110690144,0.33886582,0.339606,0.3215282
1110757857,0.24971992,0.4595189,0.2907612
1110836523,0.46185777,0.33976862,0.19837359
1111519772,0.4373323,0.34476858,0.21789916
1111871497,0.35347396,0.4327948,0.21373126
1111922040,0.4000548,0.38125172,0.21869345
1112277347,0.35704252,0.39225012,0.2507074
1112437903,0.28920376,0.47057557,0.2402207
1112439464,0.3759071,0.39614815,0.22794475
1112813910,0.43663588,0.36681968,0.19654444
1113576530,0.38714775,0.3705369,0.24231535
1113674657,0.51638323,0.26221496,0.2214018
1114066880,0.37581453,0.35121727,0.27296823
1114102079,0.27378288,0.34022373,0.38599342
1114113340,0.42112008,0.32733393,0.25154597
1114289039,0.4764216,0.30957374,0.21400465
1114332627,0.33553642,0.44312942,0.22133413
1114510169,0.23138487,0.4678244,0.30079073
1114556778,0.34694153,0.36147282,0.2915857
1115447349,0.3575902,0.38473144,0.2576784
1115591747,0.3358546,0.30481026,0.35933515
1115762411,0.36128008,0.42560297,0.2131169
1116094770,0.33729595,0.4049339,0.25777012
1116247047,0.3895722,0.329763,0.28066474
1118010089,0.3457492,0.4589671,0.19528376
1118130897,0.44082475,0.30885115,0.25032407
1118318897,0.49184424,0.29777592,0.21037984
1118977795,0.30679327,0.47952372,0.213683
1119106260,0.3414974,0.42187017,0.23663247
1123110028,0.25704363,0.5281991,0.2147573
1123551066,0.38094792,0.32872033,0.29033175
1124042077,0.42742243,0.35871983,0.21385771
1124042078,0.451748,0.3308234,0.2174286
1124227956,0.34106636,0.27699655,0.38193712
1125169240,0.20645165,0.59732634,0.196222
1125430131,0.37912822,0.4183302,0.20254157
1125792357,0.3248849,0.38218778,0.2929273
1125819667,0.32239592,0.44140026,0.23620385
1125913369,0.38898844,0.39843374,0.21257779
1126646333,0.48366374,0.2881555,0.22818072
1126655326,0.3068406,0.44245976,0.2506996
1127765215,0.35904557,0.39583522,0.24511921
1128054671,0.42465323,0.36206377,0.21328294
1128533562,0.3219331,0.32743046,0.35063648
1129117409,0.59398067,0.23579726,0.17022207
1129885606,0.42113274,0.41173446,0.16713278
1130331482,0.4129399,0.39619088,0.19086921
1130523169,0.30811858,0.4332928,0.25858864
1130781872,0.27856588,0.40872633,0.31270775
1130990531,0.34934115,0.30521673,0.34544212
1131021350,0.2835442,0.51391864,0.2025371
1131439626,0.28325874,0.23124813,0.48549318
1131704803,0.3553267,0.3753375,0.2693358
1131760448,0.409843,0.37114552,0.21901152
1132073451,0.3512327,0.43379268,0.21497458
1133019786,0.5079564,0.2824203,0.20962335
1133202544,0.27353022,0.4929847,0.23348506
1134607347,0.37536287,0.3621279,0.2625092
1135445224,0.40612853,0.38853627,0.20533523
1135480080,0.2903131,0.5225598,0.18712714
1135563480,0.37053466,0.3969217,0.23254365
1135820479,0.40093607,0.41084754,0.18821642
1136161371,0.35409862,0.395146,0.25075534
1136723731,0.3776525,0.41284984,0.20949765
1136816783,0.3684663,0.37223673,0.259297
1136899736,0.26106876,0.41163015,0.32730108
1136950465,0.43063617,0.35233745,0.21702641
1137016396,0.36773965,0.4331525,0.19910784
1137989006,0.352926,0.38612223,0.26095176
1138509244,0.31771454,0.35618192,0.3261035
1139336278,0.27964166,0.26671037,0.45364794
1139920550,0.41529387,0.35279977,0.23190635
1140576503,0.39174935,0.33242905,0.2758216
1140736360,0.32734185,0.38079196,0.29186624
1140884088,0.29062766,0.48738357,0.22198874
1140900502,0.51404464,0.2734794,0.2124759
1140941953,0.3164215,0.43476874,0.24880978
1141519886,0.3512187,0.3984501,0.2503312
1141668382,0.3217542,0.38534558,0.29290026
1141925725,0.33153796,0.4241518,0.24431023
1142913265,0.36649507,0.38626838,0.2472365
1143145917,0.3569706,0.40975726,0.23327214
1143638427,0.37273628,0.33033255,0.29693115
1144524297,0.55909896,0.20676655,0.2341345
1144600253,0.35430026,0.40378267,0.24191701
1145570655,0.29391116,0.46073824,0.24535058
1145824862,0.35947078,0.33237106,0.30815816
1145885689,0.26988727,0.49586636,0.23424639
1146096531,0.2808427,0.43685275,0.28230453
1146340054,0.35985214,0.32662562,0.31352222
1146797492,0.39126864,0.37431604,0.23441534
1147007992,0.55480045,0.25206,0.19313955
1147061341,0.42022884,0.36796176,0.21180937
1147281502,0.30489773,0.26368436,0.43141794
1147669927,0.3731382,0.40215892,0.22470294
1147910011,0.346102,0.38447678,0.26942122
1148068169,0.3459376,0.39077854,0.26328385
1148588654,0.29570538,0.48907942,0.21521515
1148901543,0.3600843,0.4017977,0.23811802
1149979508,0.33388832,0.3169526,0.34915912
1150073131,0.46721667,0.27153403,0.26124933
1150312555,0.43357995,0.35018018,0.21623991
1150356676,0.31933695,0.3503729,0.33029014
1150395223,0.42487508,0.35077888,0.22434601
1150458364,0.37724686,0.38591748,0.23683566
1150643225,0.26919848,0.47430778,0.2564938
1151104135,0.464979,0.29610905,0.23891196
1151133209,0.45528817,0.26437536,0.28033644
1151288277,0.5009284,0.25646207,0.2426095
1152147069,0.34810513,0.2870955,0.36479938
1152723661,0.43033117,0.3505695,0.21909937
1153261434,0.3668763,0.4003225,0.2328012
1153889772,0.41932124,0.3297043,0.25097445
1154931343,0.3108611,0.42393354,0.26520532
1155119917,0.51747805,0.253952,0.22856995
1156540816,0.35754257,0.30489025,0.33756715
1156562528,0.41505986,0.31728598,0.26765418
1156777995,0.32560456,0.4045822,0.26981324
1157918640,0.31549346,0.4934736,0.19103293
1158116714,0.32931387,0.37707832,0.2936078
1158297188,0.3545286,0.37948567,0.26598573
1158412608,0.35622555,0.43686336,0.20691106
1158795843,0.31910104,0.47311145,0.20778753
1158921225,0.28527778,0.48455244,0.23016974
1159252223,0.38140377,0.3595978,0.25899845
1159271420,0.4012152,0.32274467,0.2760401
1159690738,0.40058744,0.34818506,0.2512275
1159925093,0.33957422,0.3874917,0.27293414
1160969480,0.30436796,0.4106551,0.28497696
1161153848,0.49172992,0.27389517,0.23437488
1161194871,0.36274034,0.36942613,0.26783353
1162081727,0.34914508,0.4121879,0.23866695
1162336726,0.41332746,0.37055224,0.21612033
1162365789,0.29487646,0.43159863,0.27352494
1162384789,0.3977973,0.26936552,0.33283716
1162612283,0.39235955,0.39575496,0.21188551
1162827850,0.30983984,0.4486432,0.24151698
1163546994,0.32407123,0.47471863,0.20121014
1163856651,0.326228,0.40457785,0.26919416
1164241120,0.38071615,0.30687684,0.31240696
1164312924,0.31032544,0.46469903,0.22497553
1164404252,0.5037137,0.2109765,0.2853098
1164656329,0.5169451,0.235473,0.24758181
1165530820,0.3313694,0.34256962,0.32606095
1166079224,0.31405467,0.37474194,0.31120342
1167140011,0.25244468,0.5461241,0.20143121
1167206424,0.3450436,0.41456676,0.24038962
1167261667,0.29905307,0.29317313,0.40777385
1167397446,0.29886678,0.28796685,0.4131664
1167488950,0.3622702,0.34023708,0.29749268
1167911335,0.39376453,0.35696757,0.24926788
1168345844,0.40121675,0.33181655,0.26696676
1168881429,0.33292007,0.4718089,0.19527093
1169336622,0.43193936,0.31085086,0.2572098
1169542484,0.30326045,0.4482633,0.2484763
1169711773,0.40324682,0.38909027,0.20766285
1169750262,0.34859946,0.41831768,0.23308286
1169808737,0.30379975,0.29547542,0.40072483
1170009852,0.28909403,0.49628058,0.21462539
1170052244,0.59754395,0.21088937,0.19156665
1170296787,0.36079848,0.40807432,0.2311272
1170541203,0.29362977,0.3023969,0.40397334
1170760171,0.52049506,0.2873596,0.1921454
1170977285,0.5348274,0.24935651,0.2158161
1171093015,0.36064112,0.35981193,0.27954695
1171858352,0.35608733,0.36076027,0.28315243
1172524662,0.3742656,0.36237934,0.26335502
1172739485,0.39087164,0.37537515,0.23375316
1172757699,0.3792736,0.3812856,0.23944086
1173653089,0.3163182,0.33458182,0.34909993
1173726187,0.5552452,0.27993596,0.16481876
1174121595,0.30957216,0.3386839,0.35174394
1174194348,0.30480492,0.29213616,0.40305892
1175545154,0.40277863,0.2971909,0.30003047
1176984251,0.25059298,0.2732673,0.47613972
1177220716,0.26500052,0.52045673,0.21454275
1177241998,0.37712383,0.43911517,0.18376097
1177499145,0.15638307,0.15638307,0.68723387
1177791439,0.33579654,0.29938227,0.36482123
1177895808,0.39963612,0.28193206,0.3184318
1178040236,0.3045782,0.3893494,0.30607238
1178202439,0.41540694,0.3568523,0.22774075
1178767280,0.39662075,0.35991895,0.24346027
1179162098,0.33056533,0.3685491,0.30088556
1179628355,0.35796136,0.39562207,0.24641658
1179773778,0.32077432,0.39595932,0.28326643
1179958425,0.28433418,0.44042867,0.27523714
1180441301,0.36645484,0.4107167,0.22282848
1180811945,0.2501893,0.5525609,0.1972498
1181171334,0.29048538,0.36759695,0.34191763
1181574893,0.36326432,0.35092115,0.28581458
1181664981,0.35705113,0.3252666,0.31768227
1182000495,0.28842837,0.30599594,0.40557572
1182305766,0.2519826,0.5084839,0.23953356
1182362266,0.48181224,0.30104712,0.2171406
1182500018,0.5687305,0.2350231,0.19624639
1182845551,0.3961295,0.3508966,0.2529739
1182876783,0.3743427,0.3746339,0.25102335
1183019112,0.36257184,0.39969677,0.23773134
1183206363,0.15181114,0.15181114,0.6963777
1183591314,0.276035,0.3677653,0.35619968
1184007812,0.29222536,0.34968722,0.35808742
1184095573,0.31319582,0.4250452,0.26175898
1184136323,0.289945,0.38335615,0.3266988
1184627627,0.38308033,0.35372692,0.2631927
1184894909,0.31698918,0.42210397,0.26090688
1184971014,0.3126731,0.498938,0.18838894
1185110130,0.33020288,0.3487573,0.32103986
1185249035,0.48524368,0.29261532,0.22214097
1185471978,0.31822205,0.4304186,0.25135937
1186215533,0.26623642,0.5001367,0.23362684
1186262947,0.37155038,0.3168918,0.31155777
1187439836,0.32095823,0.41226298,0.26677874
1187701140,0.35119843,0.4035314,0.2452702
1188192931,0.35781658,0.34000963,0.3021738
1188694488,0.40739566,0.37729704,0.2153073
1189839279,0.38504577,0.36910886,0.2458454
1190459511,0.44522876,0.3478114,0.20695984
1190465415,0.46691126,0.3117656,0.22132312
1190560917,0.500116,0.3208752,0.17900884
1190678845,0.35298067,0.3906681,0.2563512
1190704524,0.2706909,0.4433015,0.2860076
1190747286,0.37334973,0.3908681,0.2357822
1190875770,0.47667277,0.20424214,0.31908506
1191147533,0.31309456,0.43676043,0.25014505
1191191832,0.35690013,0.3676325,0.27546734
1191814503,0.36875927,0.33934754,0.29189318
1192302712,0.30378363,0.46386117,0.2323552
1192519740,0.4881251,0.30440462,0.2074703
1192791765,0.33514273,0.33001524,0.334842
1192822106,0.38831428,0.34486508,0.26682067
1193601329,0.33788875,0.39321917,0.26889208
1194488613,0.25092933,0.47715628,0.27191442
1194646239,0.38636386,0.34172088,0.27191526
1195013058,0.41188902,0.36028463,0.22782636
1195237247,0.3566242,0.31758806,0.32578778
1195389164,0.34876657,0.34915313,0.30208033
1196204986,0.41423595,0.29856408,0.28719997
1196389040,0.32836452,0.38335007,0.28828543
1197679872,0.33865845,0.41873184,0.24260977
1197837810,0.3090064,0.47675112,0.21424255
1198240850,0.34838226,0.42106605,0.23055172
1198335801,0.4020674,0.28667524,0.31125736
1199903779,0.28595424,0.29874048,0.41530532
1200130289,0.35550967,0.42120373,0.22328657
1200780918,0.35594603,0.41132888,0.23272504
1200917938,0.45571905,0.32822758,0.21605334
1202454879,0.44154394,0.3426612,0.21579488
1202854629,0.36752635,0.4156747,0.21679902
1202964861,0.39742094,0.3655048,0.23707429
1203267340,0.36549532,0.34159487,0.29290974
1204084568,0.4334368,0.34125665,0.22530657
1204147315,0.44499385,0.30532968,0.24967645
1204162863,0.30378592,0.3457908,0.35042328
1205116824,0.37042612,0.41165835,0.21791553
1205230015,0.4928423,0.2670546,0.24010311
1206381934,0.3615487,0.34360605,0.29484522
1206397776,0.5263019,0.27155283,0.20214526
1206707845,0.2886174,0.3499455,0.3614371
1206803108,0.33031738,0.40066037,0.26902226
1207171657,0.5934539,0.23373902,0.17280713
1207796994,0.42857486,0.36015052,0.2112746
1208448326,0.37323898,0.36948436,0.25727665
1208793089,0.3349979,0.3909691,0.27403307
1209001138,0.29883516,0.49111784,0.21004699
1209385732,0.30618602,0.46717852,0.22663544
1209804039,0.1956305,0.62686574,0.17750373
1209930457,0.48463643,0.31011373,0.20524985
1210037566,0.4625011,0.28729796,0.25020093
1210195699,0.24157664,0.5872923,0.17113107
1210685749,0.3418587,0.45451495,0.20362629
1210698283,0.28724945,0.33222222,0.38052833
1211126997,0.39553368,0.35744122,0.2470251
1211395225,0.2596879,0.42336684,0.31694528
1211718880,0.38673759,0.3796639,0.23359849
1211775483,0.47885194,0.27813175,0.2430163
1211940697,0.45470294,0.31670445,0.2285926
1212053514,0.44788063,0.28966638,0.26245296
1212185208,0.39444414,0.37435633,0.23119953
1212767535,0.53921926,0.23944469,0.2213361
1213036206,0.35159975,0.37250736,0.2758929
1213177061,0.37420276,0.4313605,0.19443673
1213328821,0.44144097,0.24696358,0.31159544
1214328784,0.4631184,0.3094116,0.22747001
1214389271,0.29791868,0.5051232,0.19695812
1214489795,0.3978392,0.3703152,0.23184565
1215426410,0.34028563,0.4029926,0.25672176
1215900487,0.29730958,0.2874119,0.41527855
1216302313,0.49479538,0.25555608,0.24964851
1216685981,0.23367506,0.31907946,0.44724548
1216993452,0.2554465,0.4739851,0.27056843
1217208000,0.3971586,0.36486048,0.23798095
1217518060,0.3202858,0.4408256,0.23888858
1217671034,0.36249042,0.34934354,0.288166
1218155677,0.40371442,0.35071504,0.24557056
1218411295,0.3839628,0.40635967,0.20967752
1218931850,0.40252388,0.35414195,0.2433342
1219313652,0.2940956,0.43939492,0.26650944
1219555502,0.5564083,0.25162643,0.1919653
1219933888,0.41948354,0.3575834,0.22293305
1220144614,0.2383793,0.57939756,0.18222314
1220576760,0.3503642,0.412614,0.2370218
1220595683,0.39222267,0.38490772,0.22286958
1220964972,0.53852415,0.25184953,0.20962632
1221082261,0.2781454,0.54200274,0.17985186
1222244966,0.27720076,0.4717422,0.25105703
1222649234,0.36888608,0.39363307,0.23748082
1223168431,0.2368313,0.48826167,0.274907
1223280839,0.3789673,0.33245856,0.28857416
1223429731,0.43205,0.3225786,0.24537137
1224483371,0.2373716,0.25604355,0.5065849
1224771179,0.3892377,0.3732826,0.23747969
1225112847,0.33774117,0.40321064,0.25904816
1225128774,0.45363182,0.3096723,0.23669587
1225130645,0.3380073,0.3955438,0.26644894
1225572161,0.28794098,0.42896533,0.28309366
1225594202,0.37092108,0.36828804,0.26079082
1225719319,0.23620681,0.5071839,0.25660926
1225830645,0.35207486,0.38173828,0.26618683
1225911021,0.5050539,0.3172211,0.17772499
1227852316,0.25797346,0.5178129,0.22421364
1228050684,0.27377638,0.27229333,0.45393026
1228585552,0.42870116,0.36458343,0.20671538
1228726993,0.46304053,0.3108104,0.22614911
1230125773,0.25349984,0.25861782,0.48788238
1230153708,0.29972735,0.21963969,0.48063296
1231198852,0.3177958,0.44156647,0.24063775
1231450406,0.30120867,0.3945636,0.3042277
1232121135,0.40080974,0.37335142,0.22583881
1232352805,0.25160366,0.46255273,0.2858436
1232424643,0.3397348,0.32765365,0.3326116
1232644370,0.3832798,0.3443156,0.27240464
1232880904,0.31108886,0.35172784,0.3371833
1233015553,0.27463585,0.4955241,0.22984007
1233145244,0.33877692,0.2509325,0.41029057
1233176122,0.33892268,0.4304211,0.23065616
1233422560,0.38318262,0.38846415,0.2283532
1233559046,0.40166152,0.30473012,0.29360834
1233804644,0.3667173,0.3455168,0.28776595
1233819197,0.35721666,0.39764082,0.2451425
1234005061,0.39312264,0.3655825,0.24129488
1234087467,0.33210188,0.35443836,0.31345975
1234529749,0.3633517,0.4259226,0.21072567
1234634424,0.36017767,0.44544053,0.19438177
1234794851,0.28211927,0.29665828,0.42122245
1234954358,0.44487405,0.33086237,0.22426358
1235233305,0.32321855,0.26002845,0.41675302
1235441758,0.22726786,0.45056927,0.32216293
1235804557,0.39907128,0.31512117,0.28580755
1235938254,0.3478242,0.3935157,0.25866014
1235956698,0.35331804,0.46155712,0.18512481
1237200324,0.47682416,0.23012927,0.2930466
1237430557,0.2955933,0.51671,0.18769675
1237455882,0.4694931,0.3174807,0.2130262
1237777695,0.3827294,0.36944884,0.24782175
1238087337,0.40257472,0.36826366,0.22916162
1238343350,0.42777908,0.3497318,0.22248912
1238821736,0.35456643,0.46317244,0.18226117
1238948889,0.60106623,0.21313557,0.1857982
1239107982,0.38083988,0.29115728,0.3280029
1239266058,0.33566213,0.38946962,0.2748682
1239655782,0.44797605,0.3262613,0.22576264
1239817655,0.20134601,0.21452908,0.58412486
1240127715,0.40036124,0.3718931,0.22774565
1240492121,0.3363876,0.42544585,0.23816657
1240495815,0.46621045,0.309874,0.22391553
1240688673,0.4376493,0.3159128,0.24643794
1241659534,0.4843452,0.3244138,0.19124107
1242319536,0.3671902,0.3174768,0.31533298
1242549452,0.28859293,0.28198498,0.42942205
1242689722,0.45932823,0.33919615,0.20147556
1242744811,0.36947748,0.42421424,0.20630825
1242765306,0.4804108,0.24453956,0.27504963
1243200243,0.55498445,0.26371956,0.1812959
1243922820,0.3229584,0.22174785,0.45529377
1244011471,0.2684433,0.42394435,0.30761242
1244165326,0.31923953,0.37689084,0.30386966
1244491124,0.23144332,0.3478527,0.42070395
1244648558,0.44522423,0.35004866,0.20472711
1244835358,0.41713393,0.3460732,0.23679286
1244876442,0.36040542,0.25523508,0.38435948
1245034251,0.30740464,0.47023642,0.22235894
1245366340,0.5301094,0.2756901,0.19420046
1245374432,0.4011678,0.40875018,0.19008204
1245409599,0.3698582,0.37621856,0.2539232
1245814472,0.3747775,0.37248755,0.25273496
1246117311,0.3718347,0.39332408,0.23484117
1246698426,0.31382483,0.4317438,0.25443137
1247199386,0.3793363,0.37302092,0.24764282
1247294348,0.3040958,0.4599769,0.23592734
1247395740,0.4089815,0.21806574,0.3729528
1247567062,0.25924632,0.3560469,0.3847068
1247663676,0.3903385,0.3827571,0.22690436
1247953653,0.38342145,0.3697365,0.24684206
1248322060,0.31580377,0.4563675,0.22782876
1248549624,0.26377907,0.3184167,0.41780424
1249392842,0.35839614,0.42683178,0.21477209
1249930456,0.4085521,0.34577462,0.24567333
1250051065,0.44353852,0.35790026,0.1985612
1250206635,0.41076398,0.35297364,0.23626238
1250260043,0.33660096,0.42575675,0.23764232
1250726096,0.3430857,0.3872852,0.26962912
1250959022,0.3530141,0.39366266,0.25332326
1251029034,0.40141094,0.3949362,0.20365283
1251543401,0.43560025,0.32402563,0.24037415
1251665896,0.28647885,0.47392038,0.2396008
1252543721,0.3703727,0.4430647,0.18656263
1252574482,0.3347393,0.37335458,0.29190615
1252661581,0.29237416,0.2934047,0.41422117
1252853166,0.37325695,0.4074024,0.21934068
1252887386,0.2882694,0.37499973,0.3367309
1252995744,0.27652672,0.30351776,0.41995552
1253748214,0.40830302,0.3671548,0.22454217
1253777221,0.32875183,0.43174857,0.23949957
1254329717,0.52674323,0.26943004,0.20382665
1254816106,0.5136933,0.25500283,0.23130393
1255709121,0.3356775,0.37535068,0.28897178
1256194492,0.3837021,0.42953703,0.18676089
1256263460,0.41868964,0.3615478,0.21976249
1256469837,0.38469666,0.3395524,0.27575094
1256518061,0.34410515,0.41228637,0.24360852
1256637281,0.38552123,0.3649009,0.24957791
1258177563,0.35407,0.37425238,0.27167764
1258408534,0.34223816,0.34737507,0.31038678
1258942228,0.48931527,0.3017171,0.20896769
1259120238,0.33004695,0.38215923,0.28779382
1259151812,0.34519935,0.4138676,0.24093305
1259247511,0.38529718,0.4510977,0.16360514
1259455630,0.35316902,0.40113765,0.24569334
1259589247,0.37119502,0.30737075,0.32143426
1259604931,0.41870898,0.33214498,0.24914601
1259669651,0.32858357,0.38280994,0.28860646
1259707209,0.379229,0.37074745,0.25002354
1260089658,0.29767746,0.44330788,0.25901467
1260177060,0.36862534,0.35686284,0.27451187
1260534606,0.36094135,0.30302596,0.33603272
1260835943,0.45120147,0.31397492,0.23482361
1260999252,0.43770987,0.28113157,0.28115854
1261205035,0.41346073,0.31673235,0.26980686
1262243448,0.27460605,0.50035435,0.22503963
1262277806,0.31938004,0.30944553,0.3711744
1262519510,0.38613936,0.43541434,0.17844631
1262611640,0.30774367,0.43666235,0.255594
1262727792,0.28029352,0.4854843,0.2342222
1263027277,0.5291828,0.27797008,0.19284719
1263680447,0.43514892,0.31934386,0.24550721
1263696917,0.22236899,0.24749935,0.5301317
1263737691,0.27513552,0.38469273,0.34017175
1264234623,0.36035097,0.37489295,0.2647561
1265454077,0.3330633,0.32547116,0.34146553
1265549905,0.40895563,0.3750807,0.21596363
1265626346,0.51969427,0.25360247,0.2267032
1266795536,0.3701409,0.34475064,0.28510845
1266988500,0.36721304,0.37124884,0.26153815
1267251705,0.37767318,0.42551094,0.19681588
1267311944,0.33298606,0.40838543,0.2586285
1267468053,0.37679416,0.42508888,0.1981169
1267731419,0.53684163,0.2606777,0.20248061
1268998924,0.46182698,0.24198824,0.2961848
1269035545,0.3295043,0.4030776,0.2674181
1269768544,0.5944613,0.21543299,0.19010574
1269769343,0.35338157,0.3865212,0.26009727
1269893754,0.3864867,0.38973022,0.22378308
1270641408,0.33766317,0.42052177,0.24181506
1270728406,0.3760016,0.37846172,0.24553668
1271147429,0.35950422,0.39293563,0.24756014
1271347403,0.30213556,0.3898166,0.30804783
1271693548,0.3641217,0.3411251,0.29475322
1271772673,0.25100037,0.521746,0.22725362
1272096783,0.5050528,0.2808951,0.2140521
1272243547,0.29659712,0.49364042,0.20976247
1272496808,0.45603687,0.3040681,0.23989505
1272503735,0.34821624,0.2999566,0.35182714
1273374840,0.35771754,0.33905753,0.30322492
1273599660,0.32090342,0.32133713,0.35775942
1273689143,0.40935838,0.34769326,0.24294838
1273782674,0.38081926,0.41447407,0.20470667
1274006030,0.39613068,0.32091033,0.28295898
1274938783,0.41012377,0.38687533,0.2030009
1275115253,0.35701513,0.336491,0.30649385
1275854685,0.3709588,0.38904157,0.23999958
1275921996,0.4272688,0.33428055,0.23845065
1276275653,0.43841568,0.27416328,0.28742105
1276290801,0.29258993,0.53510773,0.1723023
1276352910,0.32260323,0.39282665,0.2845701
1276439497,0.24782847,0.56466603,0.18750545
1276949553,0.6111193,0.22757998,0.16130072
1276951036,0.34051478,0.41257274,0.24691252
1277061152,0.4097079,0.3210631,0.269229
1277541541,0.43646634,0.33898243,0.22455123
1277562094,0.26986322,0.5207484,0.20938843
1277877177,0.3187079,0.45128655,0.23000553
1278840776,0.50891197,0.27755776,0.21353027
1278999414,0.29807472,0.3896187,0.31230655
1279233419,0.31890297,0.41991764,0.2611794
1279788897,0.32345733,0.3248706,0.35167208
1279812977,0.27381602,0.45604867,0.27013534
1280178289,0.3639354,0.32296172,0.3131029
1280196208,0.3270163,0.41727394,0.25570974
1280405939,0.35214567,0.41869497,0.22915937
1282745800,0.28563675,0.5585171,0.15584615
1284155153,0.24292535,0.5715375,0.18553716
1284408470,0.5307473,0.27174318,0.19750959
1284569124,0.33364576,0.37119645,0.2951578
1284621092,0.3960426,0.37942368,0.2245338
1284938899,0.41175663,0.37314302,0.21510038
1285764997,0.4540071,0.34992766,0.19606526
1285863661,0.46066618,0.3282942,0.2110396
1285994543,0.41589472,0.35836723,0.22573805
1286143845,0.3201495,0.47334635,0.2065041
1287027645,0.3365574,0.33329362,0.33014897
1287036266,0.303051,0.38050115,0.3164479
1287170142,0.4280278,0.30803216,0.26394004
1287718124,0.29603654,0.39297292,0.31099054
1289551830,0.41177917,0.3154615,0.27275932
1290126470,0.37706792,0.36453253,0.25839955
1291466603,0.38004935,0.3779741,0.24197656
1291648640,0.34786618,0.4077313,0.24440254
1291682908,0.4828654,0.33095855,0.186176
1291862628,0.35631895,0.44770658,0.19597442
1291966583,0.38977206,0.35683644,0.25339156
1292159037,0.3805595,0.3830099,0.23643051
1293861908,0.3361706,0.39184123,0.27198815
1293912371,0.34338224,0.3946272,0.26199055
1293932839,0.32389563,0.44284683,0.23325756
1294024374,0.26875404,0.2261191,0.50512683
1294827862,0.46971363,0.30809236,0.22219399
1295192495,0.3228922,0.25656164,0.42054617
1295279072,0.3838071,0.38042277,0.23577008
1295564897,0.25593305,0.5463517,0.19771525
1295672528,0.34253013,0.40780544,0.24966446
1295710656,0.37710404,0.4058228,0.21707311
1296049470,0.36241984,0.34856218,0.28901798
1297179483,0.36381385,0.35492605,0.28126007
1297339113,0.2546064,0.26708692,0.4783067
1297993599,0.3409477,0.33600983,0.32304242
1298167396,0.38298547,0.42515504,0.19185945
1299308781,0.45548797,0.32554775,0.21896428
1299728239,0.31007117,0.46635318,0.22357565
1300938133,0.5277808,0.24458328,0.22763596
1300964875,0.5073415,0.24373627,0.24892223
1301142959,0.32176661,0.46007544,0.21815793
1301326416,0.40072083,0.34723848,0.25204074
1301979852,0.27480167,0.5168113,0.20838702
1302100933,0.41579083,0.3341459,0.2500633
1303276565,0.38270992,0.345745,0.27154505
1303428303,0.37538803,0.3653153,0.2592967
1303648343,0.3248,0.3625525,0.31264752
1303857097,0.2995945,0.36662823,0.33377728
1304387956,0.5486017,0.2696591,0.18173926
1304675654,0.4037056,0.31942526,0.27686918
1305940707,0.52423143,0.30528957,0.17047897
1306348642,0.3135039,0.3008739,0.3856222
1306350551,0.37839982,0.34930182,0.27229834
1306409644,0.36051923,0.2682395,0.37124127
1306686788,0.37362003,0.35622257,0.27015743
1307242172,0.36865637,0.4179002,0.21344341
1307298761,0.35082555,0.42714924,0.22202525
1307317335,0.27522993,0.2950359,0.42973414
1307768919,0.41902,0.36521447,0.21576557
1307939488,0.33291376,0.30929452,0.35779172
1308038737,0.42765749,0.26879364,0.30354887
1308221751,0.62989676,0.1739573,0.19614589
1309297456,0.36511725,0.3938936,0.24098918
1309456244,0.42112434,0.34435496,0.23452067
1309784500,0.44336313,0.30471185,0.25192502
1310017136,0.3008265,0.43582565,0.26334783
1310205430,0.40299702,0.41276783,0.18423519
1311289782,0.32770833,0.26675814,0.40553355
1311447523,0.33943576,0.39422384,0.26634043
1311569160,0.413841,0.3235355,0.2626235
1312018895,0.4616586,0.26268348,0.27565792
1312213758,0.3133718,0.3547277,0.33190048
1312503522,0.4504404,0.33292013,0.21663949
1313311010,0.3524031,0.3683548,0.27924213
1313337499,0.3877403,0.380782,0.23147765
1313344762,0.48543227,0.31458643,0.19998127
1313940750,0.37951243,0.34459046,0.27589712
1314197838,0.3573954,0.3546685,0.28793612
1314300139,0.2634641,0.48230982,0.25422606
1315176442,0.50163305,0.2892668,0.2091001
1315575587,0.43580228,0.29239216,0.27180558
1315887282,0.31291994,0.26854742,0.41853267
1316279707,0.29281762,0.33068132,0.37650108
1316550718,0.3587135,0.24505456,0.39623195
1316791776,0.3983916,0.38409865,0.21750978
1317252485,0.52448136,0.24335656,0.23216209
1317437088,0.29697812,0.48896092,0.21406093
1317443444,0.38364416,0.3507881,0.26556778
1317900350,0.51228213,0.27186608,0.2158518
1318111944,0.33364004,0.40322,0.26313996
1318150778,0.5217446,0.24489564,0.23335972
1318673005,0.2643284,0.4748084,0.26086324
1318773721,0.5354644,0.26911598,0.19541961
1319348510,0.34463066,0.4098753,0.24549404
1319422195,0.37827057,0.32742316,0.29430625
1320006028,0.29420525,0.24719822,0.4585965
1320299090,0.3884384,0.39286032,0.21870127
1320485906,0.4497843,0.32767096,0.22254473
1320629007,0.417113,0.37687218,0.20601481
1320784543,0.2825141,0.5199239,0.19756198
1321575621,0.39407814,0.36365432,0.24226756
1321623121,0.37598678,0.37372887,0.2502843
1322606277,0.41652387,0.36426198,0.21921413
1322855394,0.41835582,0.37917882,0.20246536
1322859662,0.32869154,0.45402455,0.2172839
1323076827,0.4647677,0.28873515,0.24649715
1323390489,0.28792864,0.490479,0.22159237
1323477353,0.33464932,0.39479786,0.2705528
1323541696,0.28183597,0.42424738,0.2939166
1323989620,0.4454319,0.33317345,0.22139469
1324358939,0.36155427,0.38462302,0.25382268
1325000381,0.531983,0.25591397,0.21210304
1325526330,0.6378052,0.18927367,0.17292109
1325778255,0.37528342,0.39137763,0.23333894
1325902437,0.34397772,0.40628523,0.24973705
1326890072,0.36234814,0.442923,0.19472885
1327756855,0.47662398,0.25875315,0.26462293
1328325313,0.44453785,0.3490426,0.20641956
1328547938,0.5487391,0.23124336,0.22001761
1328755200,0.42716926,0.3593155,0.21351519
1329170872,0.2698148,0.2846732,0.44551206
1329223183,0.2693667,0.4723385,0.25829473
1329757364,0.45624292,0.34283268,0.20092443
1329801599,0.28652328,0.5133138,0.20016292
1329875975,0.40924412,0.4216515,0.16910435
1330121240,0.2855035,0.28033835,0.43415815
1331014585,0.3387316,0.3470825,0.31418592
1331111310,0.3824505,0.4172433,0.20030618
1332115476,0.3060084,0.48132086,0.21267074
1332393775,0.47378153,0.30056792,0.22565053
1332657065,0.39155626,0.36952662,0.23891714
1332736644,0.2704159,0.26941097,0.46017313
1332742386,0.37002203,0.38571537,0.24426262
1334826323,0.3924956,0.35722438,0.25028008
1334996440,0.41086668,0.36710018,0.22203311
1335360692,0.2948293,0.33093,0.3742407
1336229616,0.25945395,0.26508188,0.4754642
1336401375,0.3902548,0.3962958,0.21344936
1336654084,0.35309994,0.41568583,0.23121423
1336851054,0.38101467,0.38800278,0.23098256
1337283656,0.52471554,0.27672172,0.19856274
1337803757,0.27465013,0.3888774,0.33647245
1338187701,0.2809516,0.51677287,0.20227556
1338519061,0.3845666,0.38270736,0.2327261
1339647625,0.44758624,0.31725198,0.23516178
1339708498,0.31395102,0.39903796,0.28701103
1339970107,0.4194046,0.35889888,0.22169647
1340546915,0.42979443,0.3275992,0.24260637
1341295788,0.30647704,0.37296012,0.32056287
1341298068,0.38973117,0.3477669,0.26250193
1341383301,0.25941327,0.5466951,0.19389161
1341900603,0.36259586,0.42427808,0.21312603
1342092240,0.3076697,0.3059883,0.386342
1343527428,0.34129578,0.41369444,0.24500978
1343882486,0.4271385,0.35781223,0.21504927
1344541743,0.40026858,0.35065585,0.24907556
1344593875,0.38549203,0.27000552,0.34450245
1344703524,0.3447016,0.42983758,0.22546089
1344799676,0.36356282,0.3762709,0.26016623
1344861789,0.3906082,0.3594813,0.2499105
1345596501,0.36056387,0.37858865,0.26084745
1346094549,0.3989566,0.3750198,0.2260236
1346738678,0.400114,0.39705366,0.20283231
1346840064,0.25227284,0.29318124,0.45454597
1347087120,0.3864337,0.3985711,0.21499519
1347559197,0.37177187,0.32583693,0.3023912
1347725589,0.38217244,0.39005226,0.2277753
1348181706,0.31538165,0.44658464,0.23803367
1348485796,0.48415488,0.30586976,0.20997533
1348993048,0.37891954,0.34432802,0.2767524
1349073539,0.38007152,0.40900114,0.21092735
1349291778,0.35861933,0.3574865,0.28389415
1349576247,0.37855747,0.34023267,0.2812099
1350056700,0.57871246,0.23619051,0.18509704
1350257511,0.36688197,0.411287,0.221831
1350408268,0.38776806,0.37215716,0.24007484
1351036936,0.42784315,0.30064034,0.27151653
1351663061,0.37800217,0.41646355,0.2055343
1351770263,0.48464867,0.27587503,0.23947632
1352510055,0.37559375,0.34248668,0.2819196
1352725512,0.399463,0.3070281,0.2935089
1352789354,0.41705212,0.3872366,0.19571126
1353003322,0.40598395,0.32370573,0.27031037
1353098673,0.31132904,0.47812727,0.21054369
1353268922,0.3368482,0.44014752,0.22300422
1353405155,0.48020554,0.3154356,0.20435892
1353421867,0.3839796,0.38945794,0.22656249
1354083992,0.31364945,0.44671345,0.2396371
1354543315,0.34735298,0.37493926,0.2777077
1354612716,0.486768,0.30234665,0.21088532
1355412389,0.47073147,0.3290727,0.20019579
1356160412,0.42758295,0.364753,0.20766401
1356522172,0.3579962,0.35809022,0.2839136
1356745313,0.36353755,0.33133158,0.30513084
1357139427,0.39018202,0.29021853,0.31959945
1357200205,0.3459682,0.3955931,0.2584387
1358381053,0.3203048,0.32095224,0.35874295
1358469480,0.26063928,0.54243016,0.19693053
1358576949,0.48860788,0.30643532,0.20495681
1358889922,0.31985903,0.305792,0.374349
1359215871,0.23173878,0.2309489,0.5373123
1359654569,0.3447369,0.43978006,0.21548304
1360947759,0.43643755,0.3757087,0.18785375
1361515890,0.4228832,0.3209597,0.2561571
1361633492,0.38745603,0.31805316,0.29449084
1361722392,0.30527,0.331918,0.36281198
1362002413,0.3587361,0.31793138,0.32333255
1363445034,0.375205,0.38690534,0.23788966
1363739929,0.41189092,0.33570728,0.25240183
1364101318,0.3409431,0.3522898,0.30676714
1364623382,0.41670302,0.36166883,0.22162822
1364634352,0.28370464,0.50015646,0.21613891
1364669647,0.30338964,0.44991374,0.24669664
1364690384,0.27241588,0.5220754,0.20550871
1365212412,0.35014492,0.35625383,0.29360124
1365275725,0.34283864,0.36689347,0.29026794
1365462534,0.43869537,0.3191266,0.24217808
1365622443,0.3199886,0.32003176,0.3599796
1365787044,0.3821491,0.38613462,0.2317163
1365940587,0.3453431,0.42469776,0.2299591
1366441458,0.3514734,0.39390957,0.25461704
1366464358,0.34539044,0.30524504,0.34936452
1367246996,0.40216058,0.3874112,0.21042822
1367565643,0.4024812,0.29456785,0.30295098
1367803626,0.2611932,0.4107579,0.32804894
1368133136,0.20357317,0.5911466,0.20528021
1369126457,0.36897838,0.4408745,0.19014713
1369304931,0.5652278,0.23395947,0.20081273
1369949941,0.33708,0.40656823,0.25635177
1369967538,0.42919153,0.3452939,0.22551455
1370442197,0.38805157,0.32051194,0.2914365
1371024457,0.36309862,0.3793482,0.25755316
1371461791,0.40543053,0.37349677,0.22107273
1371910286,0.2812696,0.54584223,0.17288816
1372383385,0.33379558,0.24598807,0.42021635
1372457336,0.4597159,0.31765333,0.2226308
1372738709,0.42982417,0.2861212,0.28405464
1373323064,0.34739208,0.39229038,0.2603175
1373361565,0.35767847,0.36926416,0.27305734
1373702324,0.3707973,0.40460706,0.22459567
1373718902,0.39438713,0.39611048,0.20950237
1374206336,0.38584876,0.36136252,0.25278875
1374225581,0.35873294,0.35367435,0.2875927
1374766882,0.40914896,0.35492676,0.2359243
1375290108,0.36685848,0.39330867,0.23983282
1375887209,0.2713389,0.44081718,0.2878439
1376139886,0.48765516,0.3257904,0.1865544
1376805820,0.5014528,0.31207442,0.18647279
1377093107,0.29707533,0.47102317,0.23190148
1377211951,0.3079799,0.40166268,0.29035738
1377736346,0.43607897,0.3509976,0.2129234
1377907749,0.2764439,0.27537563,0.44818044
1377991435,0.38518542,0.36101124,0.25380337
1378283437,0.36113417,0.415779,0.22308677
1378413659,0.34098303,0.31519806,0.3438189
1379085533,0.3059871,0.3309369,0.36307597
1379423973,0.37627137,0.39308733,0.23064134
1379455834,0.3871066,0.39744616,0.21544725
1379872770,0.28397042,0.30307683,0.41295284
1380174223,0.3823952,0.38370198,0.23390278
1380342853,0.51113075,0.28624356,0.20262566
1380424796,0.5071393,0.274597,0.21826366
1381005331,0.39025864,0.39790785,0.21183354
1381162880,0.25272813,0.29221618,0.45505565
1381380218,0.31165713,0.45490366,0.23343924
1382241357,0.4011203,0.38237688,0.21650277
1382685133,0.4216003,0.37629724,0.20210248
1382836111,0.36514938,0.36825198,0.26659867
1383371807,0.3709947,0.38515633,0.24384895
1383819396,0.48317623,0.2851184,0.23170543
1383882083,0.37675697,0.38571873,0.23752427
1384086458,0.24999651,0.5227244,0.22727913
1385191987,0.40907308,0.40389556,0.18703133
1385328965,0.3473589,0.34632033,0.30632076
1385519027,0.53512573,0.2628461,0.20202816
1385621062,0.38743532,0.40324542,0.20931926
1385788959,0.415415,0.26343304,0.32115197
1385912508,0.43407658,0.3427667,0.22315674
1387021034,0.38144833,0.35744804,0.26110366
1387494139,0.20512125,0.2067677,0.58811104
1387723024,0.31107527,0.3808995,0.30802524
1388235658,0.38491574,0.38869196,0.2263923
1388327518,0.4100684,0.33176225,0.25816935
1388532581,0.43385834,0.30750075,0.2586409
1388563500,0.33759528,0.40225464,0.26015007
1389203250,0.23259962,0.5322614,0.23513897
1389388289,0.44962096,0.30312634,0.24725273
1390140583,0.3763013,0.38724267,0.236456
1390402670,0.37787768,0.34412992,0.2779924
1390999847,0.418476,0.33554387,0.24598016
1391049455,0.38203415,0.3694852,0.24848066
1391192374,0.48380125,0.30078077,0.21541795
1391284992,0.43570182,0.34113422,0.2231639
1391508231,0.2669696,0.2514148,0.4816156
1391550068,0.34914142,0.40061748,0.25024104
1391846619,0.34192497,0.40504453,0.2530305
1392350283,0.30349654,0.37557212,0.3209313
1392708666,0.4188208,0.31679428,0.26438498
1392861484,0.27243194,0.37116462,0.35640347
1392879960,0.33884504,0.37895113,0.2822038
1393131655,0.25932553,0.54269475,0.19797966
1393546074,0.37125283,0.36719662,0.26155055
1393665672,0.32515952,0.43583617,0.2390043
1393666410,0.4798655,0.2581156,0.26201892
1393713307,0.43286866,0.34989297,0.21723837
1393770592,0.37111035,0.40118396,0.22770569
1394383890,0.3143829,0.3876449,0.29797223
1394472073,0.39873904,0.4119137,0.1893473
1394987067,0.39117235,0.3291486,0.27967906
1395149344,0.49134672,0.31020188,0.19845137
1395376174,0.35944593,0.40651724,0.2340368
1396340211,0.27113104,0.43844157,0.29042742
1396435437,0.36323494,0.3413621,0.295403
1396535760,0.5358783,0.24231355,0.22180817
1396586288,0.46410444,0.25988695,0.2760086
1397391983,0.33710963,0.35584497,0.3070454
1397575040,0.41067892,0.355971,0.23335007
1397685759,0.4859627,0.26129404,0.25274324
1397766259,0.32935262,0.45283008,0.21781732
1398294299,0.37262705,0.4188519,0.20852105
1398379091,0.27687955,0.55203915,0.17108136
1398505432,0.34655523,0.4368347,0.21661007
1399604564,0.3594636,0.4367702,0.20376618
1399786270,0.3879232,0.35991716,0.2521596
1400134100,0.43653652,0.3087389,0.25472462
1400186024,0.53633595,0.27221298,0.19145104
1400374774,0.38199392,0.41630846,0.2016976
1400437261,0.40932918,0.29569724,0.29497355
1400640769,0.37573543,0.38608474,0.23817985
1400931636,0.29008055,0.41735017,0.29256928
1401146477,0.3159424,0.39052793,0.29352963
1401201675,0.49125695,0.28056416,0.22817889
1401494497,0.3295434,0.32042527,0.35003132
1402073117,0.3947628,0.34499303,0.2602442
1402365571,0.36586088,0.3604284,0.2737107
1402948402,0.2844904,0.51781124,0.19769831
1403327321,0.30072337,0.41918164,0.28009504
1404035663,0.37786663,0.3605863,0.2615471
1404053644,0.3221879,0.41567433,0.2621377
1405201307,0.2512118,0.25077522,0.49801293
1405644566,0.37468985,0.38014263,0.2451675
1406395675,0.33010927,0.3358069,0.3340838
1406861093,0.4050632,0.3285756,0.26636118
1407068706,0.34320086,0.40600577,0.2507933
1407307160,0.45671695,0.31441703,0.22886601
1407408316,0.4807278,0.2950043,0.22426791
1407649224,0.396689,0.24511537,0.35819563
1407923596,0.45171773,0.32041442,0.22786781
1408143495,0.33255976,0.37149656,0.29594368
1408353040,0.51150584,0.27329403,0.21520019
1408356137,0.3451991,0.29782104,0.3569798
1408614180,0.53435045,0.25966716,0.20598242
1409211183,0.30821243,0.4993679,0.19241966
1409840576,0.32569423,0.48380655,0.19049922
1409867806,0.32311067,0.46635896,0.21053037
1411822936,0.34862918,0.3666039,0.2847669
1412029220,0.2262132,0.21093939,0.56284744
1412448287,0.39274973,0.4005507,0.20669958
1412652609,0.41582108,0.32878068,0.25539824
1412983904,0.38868123,0.36313903,0.24817973
1412985524,0.31310105,0.33447272,0.35242626
1413209912,0.3134585,0.2723351,0.4142064
1413238063,0.36971515,0.2903461,0.3399388
1413373334,0.5396267,0.2517202,0.20865308
1413513734,0.36467022,0.406242,0.22908774
1413670660,0.28800836,0.43292844,0.27906317
1413747691,0.37284356,0.38640797,0.2407485
1414374374,0.27726945,0.4557255,0.26700503
1415328808,0.2816362,0.49042916,0.22793464
1415549578,0.437134,0.34464908,0.2182169
1415941304,0.33619273,0.37477046,0.2890368
1416604253,0.40755168,0.2759242,0.31652415
1416627236,0.38908345,0.37022322,0.24069335
1416987693,0.5475342,0.26866713,0.1837986
1417877520,0.36345053,0.3614284,0.275121
1417944884,0.33937293,0.407578,0.2530491
1418584730,0.32854348,0.34640324,0.32505322
1419017695,0.3820939,0.43239242,0.18551362
1419304876,0.22125986,0.5636653,0.21507484
1419391644,0.34461808,0.38464952,0.2707324
1419665824,0.39412433,0.35188532,0.25399035
1419727615,0.37137425,0.3767163,0.25190943
1419883522,0.3517628,0.33325794,0.31497926
1420307543,0.44658703,0.3422046,0.21120837
1420312090,0.4083972,0.38787013,0.20373262
1420679926,0.32552075,0.4223164,0.2521628
1421153566,0.3686263,0.39256757,0.23880619
1421600217,0.35922116,0.39827222,0.24250662
1421985055,0.35809475,0.3481458,0.2937594
1422308035,0.36343694,0.42638472,0.21017836
1422367383,0.3895758,0.37465125,0.2357729
1422410442,0.37991798,0.3700698,0.25001228
1422698064,0.32255176,0.297568,0.3798802
1423300056,0.38737798,0.33775228,0.27486974
1423778615,0.26434112,0.4384702,0.2971887
1423805405,0.41941142,0.32003164,0.26055694
1423911658,0.2840817,0.4398483,0.27607
1424112235,0.30024752,0.34328866,0.35646385
1424530625,0.3262401,0.33792877,0.3358311
1424772732,0.4393616,0.3042288,0.25640962
1425252073,0.41632494,0.31510463,0.2685704
1425711336,0.4489842,0.33102193,0.21999389
1425868378,0.44287676,0.31546435,0.24165893
1425998353,0.5769382,0.2530594,0.17000239
1426353338,0.3531699,0.37057585,0.2762543
1427995444,0.3867393,0.3715848,0.2416759
1428357178,0.25920016,0.55486614,0.18593365
1428972820,0.37015146,0.37512988,0.2547187
1429843729,0.3399282,0.36860645,0.29146534
1429867107,0.23431793,0.23431793,0.5313642
1430237296,0.32075393,0.36690795,0.31233814
1430380609,0.3877458,0.35781676,0.25443745
1430591288,0.4292907,0.28386426,0.28684503
1430706633,0.48695558,0.23891512,0.27412933
1431244268,0.28081527,0.55012035,0.16906437
1431561240,0.41783935,0.37965852,0.20250212
1431593157,0.43442643,0.3588552,0.20671844
1432320829,0.38706905,0.37000704,0.24292395
1433112707,0.28458697,0.3775213,0.33789176
1433574411,0.34351617,0.31323403,0.3432498
1434827997,0.32967934,0.44497618,0.2253445
1434862334,0.3312347,0.32254916,0.34621614
1435184130,0.32790625,0.42209214,0.2500016
1435304873,0.35344455,0.41736397,0.22919151
1436548192,0.4951563,0.31229442,0.19254929
1436857961,0.3646084,0.3731451,0.26224643
1437350757,0.4504097,0.3234785,0.22611183
1437355647,0.41825658,0.2978934,0.28385004
1437410638,0.36737394,0.4049961,0.22763002
1437586926,0.40420395,0.3682809,0.22751516
1438041905,0.51342964,0.30010527,0.18646505
1438128121,0.49860182,0.23696725,0.26443094
1438353194,0.48957625,0.27224675,0.23817699
1438486745,0.2474837,0.25436294,0.4981534
1439127472,0.2807855,0.26030064,0.4589139
1439568664,0.28194344,0.52536297,0.19269362
1439782499,0.34113443,0.40939066,0.24947491
1440282830,0.4288395,0.38820234,0.1829582
1440567911,0.3830089,0.40266478,0.21432638
1441336513,0.41225612,0.31016636,0.2775775
1441836179,0.35861787,0.33994654,0.3014356
1441870881,0.33904475,0.44939297,0.21156229
1442256199,0.34407258,0.346253,0.3096744
1442260472,0.38485593,0.3132506,0.30189347
1442561220,0.37793422,0.35613182,0.26593393
1442900979,0.2827778,0.28601104,0.43121114
1443429842,0.24669085,0.30340475,0.44990444
1443727237,0.47811097,0.35008737,0.17180166
1443729346,0.276681,0.47948477,0.24383423
1444109002,0.39262208,0.3783518,0.22902614
1444137248,0.26456246,0.4654766,0.26996094
1444157431,0.31783408,0.31978437,0.36238152
1444948224,0.18215577,0.61342895,0.20441522
1445013422,0.21189901,0.22597231,0.56212866
1445380273,0.48101223,0.3218994,0.19708839
1445591795,0.58548903,0.23851447,0.17599654
1445813076,0.42019108,0.3574426,0.2223663
1446934935,0.35197872,0.37601244,0.27200878
1447053421,0.39549577,0.39178723,0.212717
1447191243,0.34901428,0.33172315,0.31926256
1447212806,0.41621226,0.39462918,0.18915853
1447237864,0.37913966,0.37697318,0.24388716
1447385104,0.3394947,0.39885706,0.26164824
1447804766,0.39568454,0.38365006,0.2206654
1447852204,0.30825514,0.320886,0.37085885
1448104672,0.3282786,0.41927546,0.25244597
1448844633,0.41119438,0.37375036,0.21505532
1448901255,0.43813694,0.3558157,0.20604736
1449197224,0.3807463,0.34271544,0.2765382
1449295660,0.38788998,0.3932293,0.21888077
1449550731,0.3311161,0.45541435,0.21346954
1449995580,0.33732623,0.40951532,0.25315845
1450028060,0.312532,0.31681508,0.37065294
1450518347,0.3226096,0.3486051,0.3287853
1450520175,0.4644845,0.24326104,0.2922545
1450647967,0.39500707,0.38764602,0.2173469
1450871500,0.31330317,0.4737512,0.21294564
1451017107,0.35852176,0.3392308,0.30224743
1451341376,0.45602095,0.29620606,0.24777302
1451545611,0.25717175,0.3582208,0.38460743
1451597310,0.30767375,0.27387863,0.4184476
1452271188,0.48966306,0.295717,0.21461993
1452304381,0.33762687,0.44567278,0.21670038
1452605611,0.37230623,0.3958724,0.23182139
1455101204,0.3538506,0.38218874,0.26396066
1455343712,0.37288105,0.4315232,0.19559576
1455801967,0.23732102,0.5768913,0.18578768
1456186013,0.3404581,0.4504407,0.20910119
1456456190,0.31429112,0.35435316,0.33135575
1456586760,0.29627764,0.3839143,0.31980807
1456599378,0.40254867,0.3579389,0.23951246
1457370254,0.28630015,0.48194852,0.2317513
1458448200,0.34819752,0.4115849,0.24021755
1458722598,0.4129213,0.3543197,0.23275895
1458726906,0.28034943,0.4467336,0.27291697
1458803002,0.44681942,0.30557346,0.24760716
1460763692,0.29389876,0.46320456,0.24289665
1460777313,0.36397433,0.31731343,0.31871223
1461105030,0.3408674,0.25500685,0.4041257
1461351531,0.4211207,0.36717957,0.21169975
1461801004,0.39039055,0.34939337,0.26021612
1461831098,0.4764061,0.29443932,0.22915459
1462439817,0.36202085,0.4146592,0.22331995
1462665238,0.4858447,0.29720822,0.21694711
1462920557,0.1946728,0.61413205,0.19119516
1463103549,0.3516457,0.3385397,0.3098146
1463555532,0.3550011,0.37320802,0.2717909
1464313188,0.36086333,0.30413896,0.3349977
1464325571,0.32282963,0.36517978,0.31199056
1464981528,0.3711497,0.39105016,0.23780012
1465276384,0.34842694,0.3663004,0.28527266
1465325584,0.40746748,0.36953384,0.22299871
1465557184,0.35667098,0.32605514,0.31727386
1466245725,0.3479048,0.4330896,0.21900558
1467158055,0.4059135,0.3733539,0.22073266
1467910517,0.29682782,0.5203551,0.18281707
1467910916,0.47286257,0.33390838,0.19322902
1468236178,0.490573,0.25772554,0.25170147
1469905239,0.43171757,0.390231,0.17805141
1471073707,0.343593,0.3669011,0.2895059
1471132823,0.3892625,0.35416788,0.25656962
1471139289,0.36656722,0.3765096,0.25692314
1471678715,0.4045835,0.41030234,0.18511418
1472189638,0.29128253,0.53348714,0.17523032
1472549789,0.3319937,0.39398855,0.27401772
1472926704,0.40043634,0.35279143,0.24677224
1473551948,0.35384974,0.41012686,0.23602337
1473937061,0.40245366,0.34245813,0.2550882
1474468008,0.2987378,0.2987378,0.40252438
1475156380,0.36032766,0.3824731,0.25719926
1475227311,0.27775174,0.40912062,0.3131277
1475346356,0.4105649,0.33948463,0.24995041
1475698410,0.33968422,0.37117112,0.2891447
1475805146,0.57742393,0.24172509,0.18085104
1476020733,0.47644937,0.30737728,0.21617335
1476216165,0.4684669,0.33751857,0.19401455
1476506854,0.5509616,0.26156253,0.18747583
1476896310,0.38061118,0.38806516,0.23132367
1476988458,0.32430112,0.30170947,0.37398943
1477326277,0.29045972,0.37889796,0.33064234
1477474706,0.39536858,0.40716583,0.1974656
1477883264,0.3885909,0.42096207,0.19044703
1478080480,0.30406076,0.5124717,0.18346758
1478912929,0.21588969,0.603022,0.18108839
1479445704,0.34622645,0.31410366,0.33966988
1479503347,0.50575924,0.2767077,0.2175331
1479796282,0.3854402,0.3081916,0.30636823
1479797018,0.33762145,0.40326226,0.25911626
1480395000,0.30010867,0.47794616,0.22194517
1480630717,0.41359335,0.38626057,0.20014605
1480780953,0.4093917,0.41076243,0.1798459
1480799350,0.4070493,0.37794632,0.2150044
1481659681,0.31077814,0.40662903,0.28259283
1481948101,0.44370732,0.30887985,0.24741283
1482845240,0.3614079,0.45416075,0.18443133
1483028275,0.32584155,0.42396125,0.25019723
1483281879,0.33328885,0.37596762,0.29074353
1483862884,0.45339984,0.36308128,0.18351892
1484073794,0.31165102,0.51409256,0.17425644
1484391941,0.37451148,0.38818341,0.2373051
1484818777,0.4609186,0.32768545,0.21139596
1485568397,0.3624488,0.37053728,0.26701394
1485680685,0.41280526,0.25615212,0.3310426
1486097170,0.3530159,0.31056768,0.33641648
1486325821,0.36913994,0.4385997,0.19226035
1486394904,0.42023557,0.30960336,0.27016103
1486534071,0.3796714,0.3843941,0.2359345
1486731060,0.259932,0.26450393,0.475564
1486797551,0.36983943,0.3703648,0.25979578
1487224347,0.26361796,0.39441895,0.34196305
1487259674,0.38761896,0.34568918,0.26669186
1487498318,0.2937182,0.47118294,0.2350989
1488106583,0.32816967,0.3183509,0.35347942
1488827969,0.25638098,0.47131515,0.27230388
1489017939,0.29880756,0.52014303,0.18104942
1489777227,0.47362185,0.2861452,0.24023299
1489796800,0.56476617,0.21457598,0.2206578
1490258669,0.3465869,0.36438423,0.28902888
1490293298,0.3463418,0.40841523,0.24524297
1490412221,0.3246074,0.31811744,0.3572752
1490466138,0.47271895,0.30640388,0.22087717
1490540396,0.37951684,0.36965173,0.25083143
1490699511,0.37083912,0.4283753,0.20078555
1491922788,0.2503553,0.5329045,0.21674019
1492156199,0.34482643,0.43669364,0.21847999
1492697719,0.33113825,0.4367048,0.2321569
1493627611,0.41666335,0.37913227,0.20420435
1494727532,0.35850894,0.40189958,0.23959152
1495000082,0.45005313,0.33062732,0.21931957
1495237110,0.3475517,0.30474988,0.34769845
1495329354,0.42858404,0.35571855,0.21569744
1495359329,0.3040861,0.48548043,0.2104335
1495406024,0.3670292,0.4256273,0.20734355
1495572148,0.3701294,0.44335324,0.18651737
1496091119,0.28627113,0.52560633,0.18812254
1496387486,0.48088878,0.3051652,0.21394604
1496562719,0.34912118,0.3328836,0.3179952
1496807017,0.38631958,0.3295124,0.28416803
1498262173,0.3417427,0.41137612,0.24688113
1498367412,0.19113228,0.17446274,0.634405
1498929995,0.38218188,0.4339385,0.18387958
1498977780,0.35551256,0.3366545,0.30783293
1499887959,0.36647403,0.37790376,0.2556222
1500235216,0.3538915,0.3219939,0.32411462
1501121004,0.43261197,0.3601061,0.20728198
1502267284,0.4380548,0.2743808,0.2875644
1502341756,0.4442202,0.3157161,0.2400637
1502381163,0.3115661,0.4839446,0.20448928
1502563502,0.23719937,0.43863308,0.32416755
1503587299,0.3898067,0.385831,0.22436231
1503853032,0.35022372,0.3761465,0.27362978
1504104102,0.37891418,0.32053804,0.30054778
1504450129,0.2735607,0.5059755,0.22046372
1504598168,0.24915293,0.54622644,0.20462061
1504623753,0.37670147,0.38685066,0.23644784
1505080914,0.47672033,0.3108439,0.21243575
1505196339,0.2958785,0.3869869,0.31713462
1505524798,0.39978164,0.31538746,0.28483093
1506175274,0.356897,0.34275866,0.30034435
1506414136,0.38399106,0.3684258,0.24758315
1506820469,0.41654676,0.41536373,0.16808954
1507029210,0.30988014,0.44789433,0.2422255
1507404477,0.41106397,0.4225719,0.16636418
1507845676,0.3688168,0.39405292,0.23713028
1507901581,0.41184115,0.331545,0.25661388
1508878309,0.44467735,0.33311412,0.22220856
1509183665,0.3347595,0.35249552,0.31274495
1509306344,0.39099583,0.36882395,0.24018022
1510303905,0.5439312,0.2669422,0.1891266
1510497363,0.43833208,0.34071165,0.22095627
1510660333,0.22133952,0.58220005,0.19646049
1510940584,0.2978903,0.33761257,0.3644971
1511158900,0.3404762,0.4022439,0.25727978
1511218616,0.29091406,0.46439818,0.24468774
1511233801,0.38682258,0.37472975,0.23844767
1511347659,0.37835377,0.39720666,0.22443956
1511620109,0.3432494,0.41530722,0.24144337
1511646457,0.43690714,0.3487193,0.21437351
1512076194,0.31733483,0.47713822,0.20552696
1512514439,0.38179296,0.39940012,0.2188069
1513002550,0.27583122,0.47048122,0.25368753
1513049021,0.3586401,0.4136532,0.2277067
1513052051,0.405854,0.39532954,0.19881648
1513171026,0.44219857,0.25742003,0.30038142
1513309064,0.3319517,0.43738443,0.23066388
1513369985,0.43283108,0.3409052,0.22626379
1513520425,0.3394277,0.36170614,0.29886612
1513678923,0.37213054,0.35646343,0.271406
1514001349,0.38893786,0.374656,0.23640616
1514956624,0.3640194,0.37138352,0.26459712
1515069149,0.3545289,0.39176095,0.2537101
1515637166,0.5175271,0.2915994,0.1908735
1516158349,0.21889569,0.58011365,0.2009907
1516395716,0.4345299,0.35654348,0.2089267
1516397428,0.37815017,0.42098653,0.20086324
1516514336,0.3516723,0.3850347,0.26329303
1517088078,0.39378828,0.37465575,0.23155597
1518371001,0.33774018,0.27823952,0.38402027
1518766533,0.40046084,0.40636554,0.19317366
1519164906,0.30418906,0.34343684,0.35237414
1520888300,0.46415246,0.26083484,0.27501273
1520911187,0.37464786,0.39820907,0.22714306
1521030386,0.38390082,0.41576898,0.2003302
1521099176,0.36763746,0.32469815,0.30766436
1521301511,0.46230537,0.3256427,0.21205193
1521647061,0.3255319,0.33918393,0.3352842
1522439651,0.3787767,0.28465182,0.33657148
1522698074,0.35650176,0.35905713,0.28444105
1522795622,0.3110947,0.48316652,0.20573875
1522857725,0.4106979,0.3839319,0.20537017
1523306892,0.5931267,0.2118129,0.1950604
1523525552,0.42877567,0.29666173,0.2745626
1524830027,0.38524824,0.41171482,0.20303701
1524859658,0.54371583,0.26562127,0.19066289
1525165665,0.44722006,0.33515924,0.21762072
1525216628,0.41044044,0.31850493,0.27105466
1525433883,0.4633997,0.30864745,0.22795285
1525500913,0.31101316,0.3290342,0.35995263
1526691548,0.26545617,0.464733,0.26981083
1527041910,0.298696,0.49265432,0.20864964
1527064372,0.28939196,0.42471677,0.28589126
1527700339,0.28403506,0.44705456,0.2689104
1527802091,0.39308396,0.2524482,0.35446784
1527951198,0.36024278,0.35274795,0.2870093
1528196735,0.3940702,0.34644452,0.25948524
1528604817,0.3381011,0.43373972,0.2281592
1528707692,0.54919624,0.26057452,0.19022922
1528883502,0.34454226,0.37924266,0.27621508
1530535957,0.35989738,0.4164716,0.22363101
1530708455,0.3138959,0.32082498,0.3652791
1530797787,0.5792314,0.2411282,0.17964041
1530968534,0.47987884,0.2999949,0.22012624
1531027580,0.3592779,0.4224369,0.21828514
1531876671,0.34235063,0.25832844,0.39932096
1532372060,0.44870663,0.3405135,0.21077994
1532504020,0.48536083,0.29595906,0.21868005
1532684934,0.38741928,0.39361316,0.21896759
1533750038,0.34190536,0.4184485,0.2396461
1533862320,0.46047652,0.29511642,0.244407
1533990996,0.28483564,0.30185407,0.4133103
1534802115,0.4339733,0.35917497,0.20685169
1534868674,0.36552036,0.28838643,0.34609318
1534982842,0.43897325,0.30314764,0.25787908
1535137484,0.4703006,0.28083372,0.2488657
1535473666,0.35711372,0.37100658,0.2718797
1536253733,0.40413246,0.3633735,0.23249406
1536577081,0.33507416,0.45274982,0.21217602
1536633816,0.30131295,0.5120399,0.18664713
1536686767,0.44886625,0.27116647,0.27996728
1536742701,0.31503326,0.40466025,0.28030646
1536767653,0.4226495,0.32664636,0.25070414
1537013662,0.43976742,0.27073845,0.2894941
1537112653,0.45724368,0.31414187,0.22861445
1537441725,0.44088423,0.32642612,0.23268968
1537593110,0.35754526,0.43143338,0.21102133
1538264638,0.33498794,0.3736066,0.2914055
1538468471,0.32190132,0.44158736,0.23651129
1538571078,0.52816194,0.2502336,0.2216045
1539417046,0.3193941,0.4055673,0.2750386
1539939826,0.44329882,0.33042374,0.22627747
1540569892,0.26764044,0.4485017,0.28385782
1541141951,0.4310044,0.28224272,0.28675288
1541247007,0.48338932,0.3200009,0.19660982
1541396482,0.361489,0.38358518,0.25492585
1541518737,0.42201152,0.30765608,0.2703324
1541658215,0.37899435,0.3784399,0.24256572
1542068390,0.40284812,0.40306443,0.19408754
1542419911,0.38747644,0.3686993,0.24382421
1543500331,0.3640944,0.37130517,0.26460046
1544214684,0.26939073,0.49634773,0.23426154
1544748788,0.42664078,0.35290015,0.22045904
1544830034,0.29393446,0.49912184,0.20694366
1544908485,0.2744683,0.32916066,0.396371
1545284886,0.40453178,0.36803252,0.22743571
1545631722,0.3372008,0.46587348,0.19692571
1547141067,0.3791377,0.38863325,0.23222904
1547353162,0.31609923,0.2582457,0.42565513
1547453082,0.27639782,0.35407805,0.36952412
1547546041,0.19863716,0.20209292,0.5992699
1547841983,0.28003728,0.4021546,0.31780812
1548873900,0.38215137,0.39530677,0.2225419
1549044417,0.25060385,0.57209563,0.17730048
1549153878,0.47875518,0.31159836,0.20964646
1549949173,0.39714777,0.38471848,0.2181337
1549973929,0.37010735,0.3752703,0.2546223
1550514150,0.30941713,0.41848832,0.27209458
1550656612,0.5977987,0.22738469,0.17481661
1550795672,0.37946337,0.42424554,0.19629106
1550844379,0.3728537,0.30828387,0.3188624
1551062178,0.32779738,0.3655581,0.30664453
1551084385,0.40027684,0.36551,0.2342132
1551129623,0.3949484,0.34295106,0.26210055
1551260564,0.41116655,0.39459988,0.19423357
1551696258,0.3315909,0.24755016,0.42085898
1551797389,0.5101863,0.2806337,0.20917994
1552224995,0.27647245,0.5508102,0.17271736
1552340367,0.4448642,0.33977076,0.21536502
1552410386,0.47938633,0.26517838,0.25543526
1552940599,0.34011504,0.41179335,0.24809164
1553201456,0.33173555,0.43363452,0.23462988
1553218294,0.3313672,0.373102,0.2955308
1553373252,0.34001613,0.4314923,0.22849157
1553645528,0.33876258,0.36466524,0.2965722
1553679197,0.50138295,0.2747599,0.22385713
1553725051,0.38624686,0.35005248,0.26370072
1553882021,0.30805972,0.28415555,0.40778473
1553909298,0.53091955,0.25812608,0.21095438
1554287998,0.35216254,0.3067044,0.34113306
1554781189,0.259425,0.49989593,0.24067906
1554876073,0.29226965,0.486113,0.22161731
1554904678,0.25852406,0.54809403,0.19338188
1554955387,0.42959243,0.3680389,0.20236868
1555004370,0.36613083,0.35822797,0.2756411
1555074341,0.36461928,0.3042444,0.33113632
1555347282,0.3666088,0.27542084,0.3579703
1556559670,0.3391994,0.3306577,0.33014295
1556711386,0.37633744,0.36954924,0.25411335
1557032898,0.3112992,0.37048343,0.31821734
1557738162,0.29188272,0.425649,0.2824683
1559075212,0.33274257,0.42958552,0.23767194
1559458337,0.34529722,0.40570548,0.24899727
1559534124,0.3683871,0.33217198,0.29944092
1559661876,0.38982803,0.3904693,0.21970263
1560559027,0.456254,0.32424158,0.21950445
1561095959,0.50972307,0.27599683,0.21428013
1561410669,0.4572437,0.34015498,0.20260134
1561527695,0.35192382,0.3547663,0.29330984
1562519912,0.3863986,0.37677872,0.23682268
1563323824,0.4089855,0.3705777,0.2204368
1563872364,0.34186602,0.34606838,0.3120656
1564226033,0.38481677,0.33137715,0.2838061
1564239543,0.61015534,0.21331775,0.1765269
1564581222,0.36268258,0.35743135,0.27988607
1564828312,0.32590765,0.43957913,0.23451322
1565307318,0.4587812,0.32314014,0.21807867
1565997086,0.24885187,0.5294819,0.22166626
1566333063,0.31640548,0.30564842,0.37794608
1566998417,0.34757453,0.38784367,0.26458186
1567471829,0.25017467,0.26438224,0.48544312
1567627585,0.36598507,0.3660152,0.26799977
1568002876,0.3548298,0.3661825,0.2789877
1568040670,0.32097566,0.41809887,0.2609255
1568478348,0.32115173,0.46738487,0.21146342
1568492487,0.39278305,0.374075,0.23314199
1568501452,0.43602073,0.3377271,0.22625218
1568625656,0.537999,0.29806262,0.16393843
1569385777,0.36171466,0.3903186,0.24796675
1569413239,0.2304722,0.5428786,0.2266492
1569547253,0.3638048,0.38313672,0.25305846
1569564995,0.35508493,0.35248786,0.29242718
1571188414,0.3639849,0.38385424,0.25216085
1571686421,0.26306364,0.4699691,0.26696727
1571798971,0.28449374,0.49203622,0.22347006
1572221135,0.51046664,0.28133997,0.20819339
1572825440,0.2718091,0.5115109,0.21667999
1572883570,0.32593456,0.34589818,0.32816723
1574701586,0.34153935,0.34717107,0.31128955
1574775583,0.3181395,0.3236701,0.35819042
1574930326,0.29035717,0.28823602,0.4214068
1575308048,0.29545164,0.50905037,0.19549799
1576689479,0.43588644,0.35705778,0.20705578
1576777248,0.32171446,0.29484648,0.3834391
1577250774,0.362302,0.39912987,0.23856813
1577762101,0.3715766,0.42770973,0.20071365
1578411592,0.38447005,0.3787216,0.23680837
1579217754,0.3728278,0.30126527,0.325907
1579445562,0.45554328,0.32598844,0.21846828
1579935000,0.39492378,0.30901802,0.2960582
1580337118,0.3384902,0.41110343,0.25040638
1580619484,0.4219594,0.3719211,0.20611948
1580712475,0.53581876,0.2760764,0.18810482
1581177564,0.38433054,0.3990074,0.21666205
1581537748,0.4106486,0.3084295,0.28092188
1581550549,0.3759803,0.43218982,0.19182986
1582297086,0.38165063,0.37067086,0.24767852
1582350819,0.39066178,0.36422616,0.24511203
1582794382,0.29604343,0.50030714,0.2036494
1582802158,0.3960744,0.35984135,0.24408424
1583682428,0.25844106,0.5190432,0.22251572
1583689516,0.3650273,0.41331974,0.221653
1584042913,0.49262714,0.31238148,0.1949914
1584154088,0.43662268,0.28466672,0.27871054
1584319326,0.40142843,0.36137015,0.23720142
1585770712,0.4020368,0.32967746,0.26828575
1585897717,0.4239999,0.3011731,0.274827
1586069044,0.27018452,0.25473326,0.47508222
1586375920,0.41025412,0.36654314,0.22320276
1586857881,0.28911927,0.5061801,0.20470059
1587129029,0.37204182,0.3466562,0.28130198
1587229964,0.4090504,0.3691273,0.2218223
1587369139,0.41772324,0.3194515,0.26282525
1587697011,0.39361784,0.39733464,0.20904754
1587753938,0.4876808,0.307706,0.2046131
1588126229,0.5691592,0.22796547,0.20287535
1589757642,0.4343437,0.36671895,0.19893736
1589764093,0.38715744,0.3530153,0.25982726
1589910225,0.21893993,0.22501066,0.55604935
1589939299,0.31741643,0.3676392,0.3149444
1590067936,0.51648045,0.2834729,0.20004675
1590075784,0.21235314,0.51965463,0.26799223
1590408602,0.31343305,0.27634537,0.41022158
1590591449,0.32071024,0.34975046,0.3295393
1590598939,0.5570555,0.22946148,0.21348307
1591920465,0.37290764,0.3718155,0.2552769
1592133882,0.33961314,0.38803333,0.27235356
1594311882,0.4421754,0.30252257,0.255302
1594445523,0.35545337,0.38662732,0.25791934
1594498127,0.43661278,0.35030282,0.21308443
1595377227,0.28730127,0.3231622,0.38953653
1596201323,0.37701768,0.3916811,0.23130116
1597465855,0.30377552,0.49026692,0.20595756
1597487201,0.4970718,0.28166476,0.22126341
1597899743,0.23457536,0.23457536,0.5308493
1597928032,0.42366785,0.35712433,0.21920785
1598311169,0.43671602,0.34054995,0.222734
1598313063,0.3638218,0.41650122,0.21967696
1598470203,0.35061255,0.30689174,0.34249568
1599855449,0.45117962,0.3010812,0.24773918
1600117485,0.4853814,0.29557976,0.21903887
1600132077,0.19152936,0.6206048,0.18786588
1600360079,0.40391988,0.41578054,0.1802996
1600632475,0.28472924,0.4894648,0.225806
1601791999,0.19356766,0.6107757,0.19565663
1602959815,0.4128952,0.3863592,0.20074555
1603272196,0.4729366,0.28317946,0.24388391
1603293209,0.45775205,0.25106022,0.29118776
1603477085,0.29912502,0.5099838,0.19089124
1603615529,0.48181766,0.30658937,0.21159302
1603902456,0.27186146,0.4887553,0.23938322
1604354080,0.24307923,0.41111702,0.34580374
1604451525,0.34386683,0.39544168,0.26069152
1604632236,0.3983393,0.35387373,0.24778697
1605149851,0.39987195,0.29216623,0.30796182
1606413043,0.3746766,0.41079342,0.21453002
1606831933,0.3455834,0.38360214,0.27081448
1606898230,0.3725338,0.44338784,0.18407837
1606954393,0.3531699,0.35636038,0.29046977
1607125870,0.32549548,0.3900529,0.28445163
1608034386,0.30905667,0.44637996,0.24456334
1608550087,0.4403974,0.3202628,0.23933981
1608875178,0.4094658,0.35359845,0.23693572
1608912898,0.32849088,0.32414782,0.34736133
1609244394,0.34182876,0.40059054,0.25758073
1610002162,0.33507538,0.37157756,0.29334706
1610673413,0.357029,0.40065002,0.24232098
1610904870,0.3321345,0.42588118,0.24198434
1610986709,0.42756662,0.3118806,0.26055276
1611220920,0.39803094,0.288055,0.313914
1611390904,0.37326154,0.3848688,0.24186963
1611788807,0.35312134,0.4207283,0.2261504
1612520933,0.48112226,0.3183235,0.20055425
1612551938,0.3171995,0.4581408,0.22465974
1613053708,0.38506955,0.36857846,0.24635199
1613723897,0.25124636,0.45291466,0.29583895
1613730522,0.37750024,0.34907675,0.27342302
1614303339,0.49818546,0.26157475,0.24023978
1614628465,0.3777504,0.34021118,0.28203845
1614908783,0.4460987,0.30965665,0.2442447
1614976085,0.25270194,0.46713993,0.28015816
1615144035,0.36056936,0.3957809,0.24364977
1615372878,0.35757062,0.42016542,0.2222639
1615866629,0.34313166,0.41500324,0.24186505
1616031884,0.3189456,0.41810602,0.2629484
1616152487,0.4617178,0.32105345,0.21722873
1617139899,0.45263487,0.31901163,0.2283535
1617422523,0.29311246,0.38319188,0.3236957
1617428432,0.3085745,0.475774,0.21565156
1617689788,0.2835146,0.476893,0.23959239
1618838240,0.3338608,0.3135277,0.35261148
1619193804,0.3987797,0.3485309,0.2526894
1619868629,0.37552541,0.35229987,0.27217466
1620144338,0.34788424,0.40792915,0.24418662
1620207100,0.47700638,0.3357594,0.18723416
1620289124,0.33029002,0.41219485,0.25751516
1620304113,0.4180825,0.33009046,0.251827
1621208717,0.37084448,0.33516157,0.29399398
1622671933,0.5523809,0.2508683,0.19675076
1622673265,0.41628408,0.33835468,0.24536121
1622891962,0.310117,0.3090083,0.38087463
1623099398,0.29610246,0.47982284,0.22407463
1623516824,0.3220231,0.3808968,0.2970801
1624313151,0.37228483,0.39819154,0.22952366
1624757320,0.44419813,0.32562762,0.23017426
1624828141,0.36090672,0.3713975,0.26769578
1625602571,0.4253404,0.32223004,0.25242954
1626654591,0.27073848,0.47897348,0.250288
1627191492,0.33075988,0.2936672,0.37557286
1627229695,0.45358995,0.30630803,0.240102
1628342755,0.40406328,0.38305247,0.21288423
1629430583,0.3319217,0.4625653,0.20551305
1629490348,0.35398012,0.38827735,0.2577425
1629844417,0.28104,0.51329327,0.20566669
1630201954,0.29123977,0.49573427,0.21302602
1631273603,0.32198662,0.42602468,0.25198874
1631317115,0.3929118,0.39450812,0.21258014
1632104586,0.41613522,0.3401588,0.24370599
1632858431,0.44721726,0.34578001,0.20700273
1632953271,0.35228562,0.4240641,0.2236503
1633241469,0.34733903,0.43771,0.21495101
1633505414,0.35456795,0.35585606,0.28957593
1633665893,0.3299626,0.4091795,0.26085788
1633754432,0.26286837,0.41528684,0.32184476
1634219871,0.25212732,0.27033526,0.47753742
1634834243,0.25575587,0.5713158,0.1729283
1635001758,0.32885283,0.30728662,0.3638605
1635232855,0.35031447,0.39243305,0.25725248
1635310269,0.33758277,0.41099638,0.25142086
1635684715,0.38417506,0.39416975,0.22165519
1636141550,0.38252008,0.34398916,0.2734908
1636822861,0.48926142,0.30697602,0.20376255
1637443261,0.2695535,0.26790285,0.46254367
1638183555,0.4025051,0.3843589,0.21313608
1638463728,0.35875654,0.30485943,0.336384
1639500481,0.32539535,0.44983703,0.22476766
1639593061,0.27916068,0.33730596,0.38353336
1640160353,0.3352292,0.3912843,0.27348652
1642197267,0.38898745,0.31615895,0.29485366
1642518521,0.39638883,0.4030801,0.20053104
1643104813,0.30051953,0.49261475,0.20686574
1643322598,0.26472074,0.5145234,0.22075586
1644787044,0.36398512,0.43830276,0.1977121
1645229794,0.2939781,0.394853,0.3111689
1645787545,0.32071388,0.44714636,0.2321398
1646082693,0.4174369,0.4013562,0.18120691
1646826685,0.26661813,0.5249431,0.20843875
1647546367,0.32855302,0.4240586,0.24738838
1649351237,0.48698407,0.3018672,0.21114871
1651187922,0.38166717,0.37635985,0.24197301
1652126586,0.4867478,0.25196394,0.2612883
1652291382,0.42122424,0.36693734,0.21183842
1652531350,0.35960373,0.31068465,0.32971162
1652792860,0.47815144,0.3103742,0.21147436
1653334182,0.2783398,0.27422202,0.44743812
1653588813,0.20451717,0.5952325,0.2002503
1653740181,0.40092254,0.3605243,0.23855317
1653843063,0.1807129,0.1807129,0.6385743
1654327221,0.357942,0.38867795,0.2533801
1654881958,0.4119303,0.35091615,0.23715356
1655058446,0.28271237,0.3000533,0.41723436
1655114738,0.40239704,0.38659394,0.21100906
1655378336,0.42366296,0.3224912,0.25384584
1655571051,0.32352096,0.33144754,0.34503147
1655994004,0.23572388,0.35412005,0.41015613
1656140776,0.30706546,0.4948935,0.19804108
1656632135,0.45284885,0.2758338,0.27131742
1656754661,0.4028448,0.3566074,0.2405478
1657200409,0.39137697,0.28147885,0.32714415
1657759741,0.38169497,0.41103706,0.20726794
1658091375,0.3859443,0.3996963,0.21435942
1658136568,0.39934963,0.31876367,0.28188667
1658234476,0.3023759,0.3085348,0.38908923
1658601689,0.36445743,0.4188972,0.21664539
1660194260,0.40607774,0.29123384,0.30268845
1660206435,0.29918513,0.35786682,0.34294802
1660834991,0.38383752,0.4062715,0.20989102
1660963111,0.52524984,0.27354652,0.20120361
1661148128,0.35007796,0.3800738,0.2698483
1661689420,0.36927742,0.4065143,0.2242083
1663079419,0.33668172,0.41188496,0.2514333
1663313775,0.3408513,0.46698815,0.1921605
1664470078,0.4820118,0.25835475,0.25963348
1665984121,0.32219583,0.45101297,0.22679123
1666010371,0.32085654,0.44512063,0.23402284
1666588070,0.41526234,0.35215324,0.23258442
1666967204,0.38553447,0.39199114,0.22247446
1667126340,0.3476685,0.42105532,0.23127618
1667140906,0.40543857,0.33362392,0.26093748
1668006188,0.5308622,0.2550791,0.21405865
1668297032,0.40869486,0.3651269,0.22617826
1668387390,0.2516411,0.5662831,0.18207577
1668648035,0.4264088,0.35026184,0.2233294
1669040278,0.39679658,0.35241073,0.25079268
1669166307,0.26864666,0.38286787,0.34848547
1669525885,0.53196704,0.2495436,0.21848938
1669673378,0.24751568,0.5561846,0.19629973
1669785737,0.3767074,0.379799,0.24349356
1671263116,0.40255326,0.3692527,0.22819406
1671664753,0.31487313,0.48182562,0.20330128
1671785648,0.445272,0.3403051,0.21442291
1671873783,0.37064445,0.2632118,0.36614376
1671915015,0.27765876,0.28119874,0.44114256
1672029127,0.27009767,0.38135278,0.34854957
1672035138,0.37984675,0.42165384,0.19849944
1673323691,0.4414622,0.28174174,0.276796
1673478767,0.46001625,0.30686584,0.23311791
1673666349,0.426861,0.30262125,0.2705177
1673702883,0.46153796,0.31067333,0.22778872
1673912763,0.35857987,0.40157488,0.23984528
1673955358,0.5111115,0.29499346,0.19389504
1674679907,0.48795342,0.32788327,0.18416327
1675620494,0.40345028,0.35127717,0.24527252
1675914102,0.29866314,0.5142554,0.18708149
1676062736,0.34984893,0.35702485,0.29312629
1676227858,0.3066834,0.3079141,0.3854025
1676273548,0.39644653,0.3670951,0.23645833
1677242381,0.3636687,0.37591127,0.26042002
1677553340,0.38080812,0.32140705,0.2977848
1677738230,0.37070912,0.36664498,0.26264587
1677809052,0.34219733,0.34108338,0.3167193
1678200318,0.17635565,0.17635565,0.64728874
1678815652,0.44974256,0.3387159,0.2115415
1679553979,0.4315446,0.376198,0.19225737
1680685432,0.49924272,0.3137322,0.18702504
1681040594,0.38678938,0.35432753,0.25888312
1681611792,0.36351502,0.39266837,0.24381658
1682194961,0.26327077,0.5402205,0.19650869
1682822014,0.46128243,0.3068983,0.23181927
1682984573,0.3005128,0.22444065,0.47504652
1683254323,0.35897356,0.3967656,0.24426088
1683484911,0.42203748,0.3760667,0.20189579
1684203788,0.36607248,0.42698663,0.20694089
1684993745,0.52044153,0.26368034,0.2158781
1685879684,0.39965358,0.37051982,0.2298266
1685885634,0.42158625,0.35543627,0.22297749
1686107167,0.3736848,0.38163945,0.2446758
1686140115,0.40838122,0.3990139,0.19260487
1686142038,0.4189418,0.3699851,0.2110731
1687216565,0.44748855,0.36478555,0.18772593
1687232744,0.43453467,0.2664743,0.29899096
1687337733,0.4133408,0.37067813,0.2159811
1687692727,0.31169564,0.38492197,0.30338237
1687915846,0.31633717,0.4113113,0.2723515
1688248069,0.36536926,0.41110647,0.22352427
1688892099,0.3717347,0.34932718,0.2789381
1689008603,0.3253277,0.44728613,0.22738613
1689252365,0.47511286,0.31146574,0.2134214
1689271145,0.24665125,0.23492251,0.5184262
1689398549,0.40810126,0.3640049,0.2278938
1689402367,0.33343282,0.46945322,0.19711396
1689499112,0.39418352,0.39980745,0.20600897
1689615491,0.3392173,0.34951884,0.31126386
1689991625,0.3860098,0.39714748,0.21684271
1690050955,0.32916746,0.3301152,0.34071732
1690267598,0.35340768,0.32719937,0.31939304
1690373429,0.332138,0.47213605,0.19572596
1690439167,0.23213823,0.6024872,0.16537455
1690485976,0.32592523,0.42381364,0.25026113
1690685797,0.22536477,0.29925677,0.47537845
1691186528,0.18622649,0.64850897,0.16526453
1693292490,0.5589062,0.22669975,0.21439406
1693485743,0.4204197,0.31409955,0.26548076
1693631013,0.3148228,0.41273385,0.27244335
1694211372,0.44400176,0.37409016,0.1819081
1694258244,0.40420336,0.3298553,0.26594138
1694571465,0.35686022,0.3003117,0.34282804
1695206934,0.34370202,0.43799075,0.21830726
1695654023,0.363204,0.39950097,0.237295
1695830809,0.4161606,0.36893708,0.21490228
1695997730,0.5321756,0.27853233,0.18929207
1696225496,0.29771996,0.45658922,0.24569085
1696379674,0.31589317,0.44037753,0.2437293
1696641753,0.32786596,0.44638273,0.22575128
1696658626,0.574453,0.27226168,0.15328526
1696907992,0.2957505,0.49576008,0.20848939
1696982206,0.47875383,0.2733863,0.24785987
1698059832,0.48321962,0.32284665,0.1939337
1698127899,0.4586669,0.26894283,0.2723903
1698702990,0.3802908,0.38456994,0.23513925
1698850592,0.38409904,0.39558768,0.22031325
1698963541,0.38523865,0.39633542,0.2184259
1699243713,0.38771376,0.39889324,0.21339303
1699285355,0.40403888,0.3522151,0.24374598
1699512360,0.3771197,0.3748886,0.24799174
1699569790,0.51500905,0.27296644,0.21202452
1699832756,0.3391061,0.4151358,0.24575809
1700256370,0.34255034,0.3996433,0.25780636
1700352394,0.37082875,0.35416055,0.2750107
1700652019,0.464747,0.30163097,0.23362201
1701217726,0.3686889,0.37924978,0.2520613
1701638473,0.36621165,0.34551322,0.28827512
1702145843,0.36861092,0.34047675,0.29091227
1703548604,0.4321795,0.33524722,0.23257327
1703889886,0.26958552,0.51657164,0.21384284
1703895468,0.42418092,0.2869703,0.28884882
1704692568,0.37266827,0.33423525,0.29309645
1705445646,0.4536425,0.32167798,0.2246795
1705786553,0.4104588,0.37591738,0.21362382
1705863007,0.35700655,0.401547,0.2414464
1707031096,0.28814062,0.38240886,0.32945055
1707081517,0.4097118,0.36667705,0.22361115
1707163399,0.32310337,0.34315115,0.33374542
1707564207,0.38799995,0.37311754,0.23888247
1707822137,0.39134675,0.3253139,0.28333938
1708167982,0.37593764,0.36086422,0.2631981
1708213509,0.40615883,0.33628672,0.25755453
1708958780,0.34235078,0.36713955,0.29050964
1710820207,0.37743515,0.38847136,0.23409352
1710896336,0.20940325,0.5632423,0.22735444
1711164857,0.48642963,0.30768448,0.2058859
1711235741,0.27086303,0.51739436,0.21174258
1711701456,0.3827588,0.41543218,0.20180902
1711909230,0.38799343,0.41926098,0.19274563
1712531068,0.3183046,0.23557164,0.44612378
1712790374,0.40974933,0.35991487,0.23033577
1713049505,0.39776382,0.37918442,0.22305183
1713940675,0.2850891,0.49975997,0.2151509
1714804666,0.32622775,0.426141,0.24763124
1715103064,0.3873949,0.33871192,0.27389318
1715262239,0.49051377,0.25726825,0.25221798
1717862742,0.47626638,0.27926257,0.24447104
1718427354,0.3458044,0.35502937,0.29916623
1718649676,0.21672428,0.26174948,0.5215262
1719289825,0.4457727,0.34145176,0.21277556
1719493024,0.36056903,0.3204057,0.31902522
1720573431,0.32420117,0.30962348,0.36617538
1720811875,0.3053552,0.34443817,0.35020664
1721046154,0.35238954,0.40187883,0.24573164
1721099858,0.3781956,0.2693035,0.35250086
1721402126,0.42456165,0.36794734,0.20749101
1721636944,0.3236453,0.31024218,0.36611253
1722610582,0.5663468,0.2389664,0.19468668
1722618408,0.3695597,0.37826008,0.25218022
1722683244,0.35958606,0.32734,0.31307396
1723077691,0.29146641,0.5218653,0.18666828
1723250495,0.26776415,0.53383297,0.19840288
1723863235,0.5719069,0.24687044,0.18122262
1724025118,0.29939365,0.36295855,0.33764783
1724129737,0.31845027,0.30228513,0.37926462
1724145503,0.305649,0.48633385,0.20801711
1726036484,0.26581052,0.558041,0.17614844
1726052659,0.20832963,0.587342,0.20432831
1726620416,0.37836483,0.36302245,0.2586127
1726916973,0.32243538,0.4153359,0.26222867
1727094010,0.59033203,0.22573626,0.18393168
1728078118,0.40542978,0.37895828,0.21561193
1728160003,0.4192691,0.41484523,0.16588564
1728257929,0.49262923,0.301257,0.20611379
1728310216,0.3677981,0.3822216,0.2499803
1730073430,0.33027643,0.23084268,0.4388808
1730544682,0.5264383,0.2677257,0.20583601
1731534179,0.3411145,0.3537294,0.3051561
1731538520,0.61608243,0.20390397,0.18001357
1731542195,0.44187534,0.2880232,0.27010143
1731931741,0.37481546,0.41149777,0.21368678
1731936518,0.46657163,0.30747277,0.22595559
1732540612,0.34934723,0.30169365,0.34895912
1732607111,0.36665908,0.37257248,0.26076844
1732758015,0.4348399,0.3360007,0.2291594
1733118187,0.4378865,0.35078573,0.21132775
1733418406,0.5107665,0.2711432,0.21809028
1733501348,0.36277014,0.29019183,0.34703803
1735030048,0.36937636,0.41633332,0.21429034
1735140462,0.3154112,0.47687668,0.20771208
1735223029,0.49749398,0.27024838,0.23225766
1735410150,0.3646301,0.35394874,0.28142112
1735589449,0.40435606,0.35232276,0.24332118
1735670297,0.49041855,0.27504832,0.23453316
1736332868,0.45630902,0.25694704,0.28674388
1736833989,0.3156045,0.4047497,0.2796458
1737057951,0.39519274,0.36221397,0.24259329
1737105319,0.3693492,0.37315404,0.25749674
1737199830,0.43738085,0.36898905,0.1936301
1737441924,0.5712068,0.2225517,0.20624149
1738253511,0.29037887,0.47030586,0.23931524
1738298735,0.26717436,0.50689816,0.22592744
1738344251,0.31810147,0.41516483,0.2667337
1738439631,0.34043288,0.4438861,0.21568096
1738571792,0.5781441,0.23435238,0.18750349
1738602048,0.40883303,0.34338778,0.24777918
1739340155,0.38132706,0.3509217,0.26775128
1739959597,0.43836886,0.31897473,0.24265641
1740052296,0.44573402,0.31640524,0.23786065
1740093540,0.38017645,0.37530482,0.24451876
1740543366,0.37048033,0.4071654,0.22235423
1740732646,0.40636286,0.32991344,0.26372373
1741011890,0.46200925,0.3002643,0.23772642
1741073016,0.31023234,0.38959527,0.30017245
1741671372,0.5369584,0.2536869,0.20935474
1742690665,0.414046,0.3413558,0.24459824
1744165633,0.27057672,0.2631834,0.46623996
1746057440,0.3612682,0.4038151,0.23491672
1746254385,0.2960885,0.4275499,0.27636158
1746361109,0.41853017,0.33511558,0.24635422
1746400657,0.33345997,0.34877038,0.31776968
1746453353,0.36195168,0.32321513,0.3148332
1746927317,0.43713748,0.3103428,0.25251973
1747266262,0.3978936,0.36995593,0.23215047
1747415729,0.43783665,0.3370526,0.22511078
1747437472,0.32046378,0.31502947,0.36450672
1747831216,0.25452423,0.26614243,0.4793334
1748100742,0.4669606,0.28092676,0.25211263
1748699329,0.3766039,0.3767596,0.24663654
1749092104,0.24367934,0.3670554,0.38926527
1749314329,0.34573442,0.40536457,0.24890098
1749345348,0.38729805,0.37043336,0.24226858
1749827468,0.42021737,0.36061737,0.21916531
1750148419,0.26547343,0.4361675,0.2983591
1750205737,0.3448361,0.39105308,0.2641109
1750230557,0.36353925,0.29134256,0.34511822
1750443865,0.40057528,0.25827205,0.34115267
1750604239,0.38103476,0.3724423,0.24652292
1750971817,0.28910023,0.45243645,0.2584633
1750984532,0.33993226,0.37957835,0.2804894
1752022410,0.40533644,0.3686688,0.22599472
1752223236,0.40165892,0.31381935,0.2845217
1753024723,0.3910498,0.3426016,0.2663486
1753245255,0.37824285,0.43178034,0.18997678
1753513864,0.36041075,0.25946504,0.3801242
1753531190,0.38256562,0.35590082,0.26153353
1753786993,0.37800592,0.3895413,0.23245278
1753806950,0.5668901,0.25912717,0.17398268
1753902230,0.26869884,0.5233706,0.20793049
1755414083,0.26083308,0.31217182,0.4269951
1756241094,0.4611859,0.32032907,0.21848504
1756281100,0.23840743,0.4549924,0.30660012
1756282573,0.31020665,0.32181254,0.36798084
1757153629,0.31786698,0.4651149,0.21701816
1757394726,0.45668042,0.33091623,0.21240331
1757739273,0.32011735,0.45277363,0.227109
1757859936,0.2697714,0.46709466,0.2631339
1758264049,0.23648235,0.4965756,0.26694208
1758495641,0.38497847,0.37448066,0.24054085
1758544913,0.33155257,0.4224487,0.24599876
1759038396,0.38151506,0.33163023,0.28685468
1759826204,0.40066677,0.3817952,0.21753804
1760606488,0.33879644,0.42100647,0.24019705
1761232296,0.34575438,0.32521254,0.32903305
1761448884,0.4249211,0.32103798,0.2540409
1762069275,0.39719716,0.37011257,0.23269026
1762384931,0.3875314,0.28051528,0.33195332
1762484970,0.48551312,0.2864408,0.22804612
1762499448,0.3810887,0.36668563,0.2522257
1762644713,0.3461432,0.45141625,0.20244057
1762730074,0.25404018,0.5587553,0.18720448
1762885496,0.48039714,0.33012906,0.18947384
1764185483,0.43708864,0.31660312,0.24630818
1765246500,0.43218666,0.35277075,0.21504258
1765297381,0.31590754,0.45498604,0.22910641
1765382892,0.43596625,0.30699393,0.25703984
1765503451,0.3653288,0.42770982,0.20696138
1765631337,0.27963027,0.51363885,0.20673086
1765643561,0.3453913,0.33072394,0.32388473
1766066066,0.36206537,0.39506537,0.24286929
1766651113,0.3048222,0.5001,0.1950778
1766693518,0.41251197,0.35133052,0.2361575
1766845053,0.36167437,0.39707488,0.24125077
1767116238,0.41043407,0.31992745,0.26963848
1767422121,0.5934787,0.2152308,0.19129044
1767663279,0.32781148,0.3181169,0.3540716
1767985146,0.3448068,0.33188087,0.3233124
1768067179,0.31313127,0.47058403,0.21628469
1768139668,0.31169617,0.48411506,0.20418875
1768170462,0.27922863,0.49348176,0.22728959
1768675055,0.42413366,0.34251273,0.23335359
1768952671,0.30545312,0.30921316,0.38533372
1769135749,0.31497574,0.4778546,0.20716965
1770021095,0.52128637,0.2692476,0.209466
1770275703,0.34473965,0.38476157,0.2704988
1770301295,0.27347866,0.27356803,0.4529533
1770343071,0.2935573,0.46033227,0.24611047
1770653368,0.31046313,0.4565138,0.23302308
1770735542,0.30208546,0.2946862,0.40322834
1771032278,0.297138,0.3895913,0.31327063
1771104960,0.2654009,0.27715153,0.4574476
1771672325,0.3397199,0.47209796,0.18818218
1772225079,0.50016207,0.2559641,0.24387385
1772427379,0.33724564,0.36189148,0.30086285
1772541464,0.22181845,0.5834769,0.19470462
1772599037,0.4102763,0.36434394,0.22537975
1773131138,0.3982976,0.31318283,0.28851956
1773352086,0.3740979,0.33906507,0.28683698
1773835471,0.43392283,0.29627866,0.26979855
1774186593,0.46888775,0.27774858,0.25336367
1774816615,0.3892882,0.36787477,0.24283706
1775426369,0.3346013,0.45837992,0.20701876
1775433202,0.51767665,0.26667294,0.21565038
1776048736,0.35991955,0.4305969,0.20948364
1776373991,0.3287418,0.38396236,0.28729588
1777149592,0.28890702,0.3384971,0.37259588
1777428543,0.39865035,0.4043245,0.19702515
1777808401,0.22646512,0.60336053,0.17017436
1777981564,0.42600888,0.33977228,0.2342188
1778374777,0.2868142,0.2833903,0.4297955
1778603878,0.2965119,0.42034307,0.28314507
1778730575,0.2829559,0.4308311,0.28621298
1778948990,0.3506658,0.30473736,0.3445968
1779273252,0.35247284,0.3537953,0.29373193
1779536271,0.39486817,0.38724184,0.21788998
1779568485,0.43648213,0.300223,0.26329485
1781029479,0.32524723,0.47855863,0.19619414
1781296526,0.3946572,0.3613392,0.24400361
1781387641,0.28322923,0.39126804,0.32550275
1781612449,0.40668768,0.36190137,0.23141098
1782021577,0.33826298,0.43424562,0.22749144
1782108412,0.26735604,0.35143912,0.38120484
1782404665,0.3400435,0.38244134,0.2775152
1783136017,0.33987752,0.43456888,0.22555366
1783278537,0.3295973,0.4114966,0.25890613
1783401834,0.3463853,0.4358164,0.21779826
1783712039,0.3540899,0.4589463,0.18696383
1783872464,0.37424606,0.41088682,0.21486712
1784526247,0.40824848,0.3782258,0.2135257
1785272140,0.27472124,0.46417576,0.26110303
1785782980,0.3564052,0.4204573,0.22313744
1785899768,0.34029213,0.38106945,0.27863842
1786336462,0.5763838,0.23562616,0.18798997
1787040501,0.30513886,0.30884933,0.38601178
1787242516,0.4189203,0.34455794,0.23652175
1787861114,0.32907268,0.36482942,0.30609787
1788075187,0.28464127,0.4777888,0.23756993
1788375571,0.24683101,0.4216792,0.33148977
1788487307,0.39282236,0.31044257,0.29673508
1788829233,0.3740415,0.39396787,0.23199067
1789492173,0.30832225,0.29051474,0.40116298
1789559982,0.3987231,0.36648571,0.23479125
1790310986,0.3364314,0.4839473,0.17962128
1790389626,0.39047778,0.37588573,0.23363654
1790618919,0.40774083,0.3561011,0.23615816
1790711012,0.52345985,0.25284857,0.22369158
1791022263,0.44063774,0.2567193,0.302643
1791664739,0.28795364,0.27721757,0.4348288
1791949128,0.22467943,0.5819229,0.19339769
1792357484,0.40729004,0.34365952,0.24905042
1792675470,0.37711105,0.35972792,0.263161
1792842305,0.42290795,0.343803,0.2332891
1793418428,0.49240935,0.2707116,0.23687905
1793594145,0.3527663,0.38101867,0.26621503
1793794395,0.20007613,0.3168975,0.4830264
1794012732,0.34179989,0.3535095,0.30469063
1794790004,0.34479487,0.41133183,0.2438733
1795220554,0.36265433,0.37376225,0.26358336
1795222764,0.41697538,0.26489747,0.31812716
1795267947,0.4290505,0.36549318,0.20545626
1795514446,0.3609734,0.42223316,0.21679342
1795605134,0.36586356,0.40992254,0.22421387
1796204842,0.31728148,0.31358266,0.36913586
1796565140,0.27893096,0.4597838,0.26128525
1796696215,0.36461046,0.4159816,0.21940796
1797130421,0.3570509,0.3537442,0.28920484
1797567299,0.35146916,0.4142146,0.23431621
1797788217,0.4002853,0.3766517,0.22306302
1797876790,0.37233758,0.40841967,0.21924272
1798108749,0.3541894,0.41120994,0.23460066
1798833857,0.32888484,0.40990913,0.261206
1798892037,0.29901272,0.47200367,0.22898361
1799161601,0.33220917,0.41122985,0.25656095
1799562624,0.38190955,0.4043619,0.21372858
1799688945,0.61223674,0.20322831,0.1845349
1799919934,0.44142193,0.31744364,0.24113445
1800071663,0.4002545,0.3289391,0.27080643
1801029054,0.39368463,0.38328087,0.22303447
1801581207,0.36135125,0.39457905,0.24406973
1801891170,0.33937132,0.3480317,0.31259704
1802025673,0.4321199,0.30834734,0.2595327
1802354550,0.49419892,0.27220473,0.23359635
1802753333,0.31155762,0.46327364,0.2251687
1802779705,0.33008146,0.44596362,0.22395495
1803117481,0.37562948,0.3919044,0.2324661
1803161773,0.3362492,0.39407444,0.26967633
1803214269,0.301811,0.41217464,0.28601438
1803280259,0.28938073,0.5179473,0.19267197
1803333436,0.57047296,0.23936993,0.19015715
1803344848,0.39294094,0.36019063,0.24686843
1803716068,0.30320168,0.44452882,0.2522695
1804415178,0.364411,0.36499423,0.2705948
1805394658,0.35388327,0.27577424,0.3703425
1805460178,0.340694,0.45758265,0.2017233
1805535695,0.39183813,0.37285876,0.2353031
1806367449,0.31686908,0.37705743,0.3060735
1806586902,0.41940284,0.3481533,0.23244388
1806633004,0.38867968,0.4035058,0.20781456
1807128974,0.27452108,0.30547965,0.41999927
1807246621,0.47027564,0.30496475,0.22475961
1807859772,0.23767987,0.53458154,0.22773859
1808114240,0.38568473,0.37402552,0.2402897
1808272917,0.3176325,0.34305874,0.33930877
1808576951,0.36530924,0.2764805,0.35821024
1809384777,0.42614847,0.35563946,0.2182121
1809630446,0.3762843,0.36543506,0.2582806
1810101299,0.19895516,0.573329,0.2277159
1811095145,0.34561253,0.3946373,0.25975013
1812556668,0.4270513,0.41891906,0.15402962
1812895064,0.32848427,0.30561262,0.36590314
1813135421,0.5541777,0.24493898,0.20088327
1813365245,0.3986671,0.39113584,0.21019709
1813567525,0.4484225,0.35018644,0.20139104
1814126078,0.49618584,0.30033547,0.2034787
1814537031,0.2971438,0.33632165,0.36653453
1814718922,0.5216437,0.27258727,0.20576902
1815205440,0.32866395,0.33503872,0.33629733
1815348466,0.38561398,0.3873707,0.22701529
1816586538,0.43870366,0.36637026,0.19492605
1816599811,0.21139045,0.6322549,0.15635464
1817110332,0.287427,0.30012512,0.4124479
1818095698,0.3168518,0.4425853,0.24056292
1818167435,0.394725,0.3196056,0.28566945
1818241552,0.3968426,0.3157919,0.2873655
1818302644,0.3428712,0.408728,0.2484008
1818919669,0.51790047,0.2863763,0.1957232
1819539177,0.39595294,0.40961915,0.19442794
1820498707,0.30014712,0.45032907,0.24952382
1820676528,0.2966925,0.49671382,0.20659369
1820702179,0.31073445,0.29341695,0.39584863
1820876894,0.48679203,0.33754212,0.17566586
1820908397,0.33617705,0.38696265,0.2768603
1820921428,0.35545027,0.3096283,0.33492145
1821112374,0.23302944,0.24618855,0.520782
1821579617,0.32157725,0.3418861,0.33653662
1822358679,0.2782857,0.26992786,0.4517864
1822420320,0.26885414,0.2863749,0.44477093
1822630563,0.34577796,0.40913385,0.24508817
1823053359,0.2987646,0.27439302,0.42684245
1823606815,0.3589445,0.29220733,0.34884816
1823734324,0.37428194,0.42257512,0.20314291
1823778795,0.35629994,0.3231115,0.3205886
1824052166,0.27824646,0.45709136,0.26466218
1824276997,0.10458904,0.10458904,0.790822
1825114971,0.48544604,0.26148957,0.25306433
1826429942,0.3557794,0.2769767,0.36724386
1826528187,0.21618778,0.5300665,0.25374573
1826835053,0.40953815,0.3781032,0.21235865
1826967206,0.3329931,0.38378918,0.28321773
1826970646,0.4055084,0.3548424,0.23964919
1827112294,0.4469818,0.31939483,0.23362339
1827446328,0.40326566,0.3685133,0.22822106
1828091246,0.37236577,0.42896372,0.19867049
1828096238,0.36845833,0.3763939,0.25514776
1828847465,0.37736756,0.405419,0.21721345
1828972473,0.3089883,0.4545867,0.23642498
1829715663,0.3689854,0.3911116,0.23990294
1830601066,0.52666926,0.2427763,0.23055446
1831127255,0.3156074,0.42130774,0.26308483
1832041839,0.2962046,0.4072532,0.29654223
1832421670,0.31682175,0.33959073,0.34358758
1832589002,0.29162854,0.4723041,0.23606737
1833216456,0.38453275,0.38033184,0.2351354
1833358982,0.27767503,0.35872623,0.36359876
1833472793,0.41518113,0.36319143,0.22162743
1833674604,0.47232765,0.32922012,0.19845226
1833691834,0.3518247,0.3518247,0.29635057
1834464921,0.3900991,0.37650985,0.23339102
1835390822,0.3303784,0.3469211,0.32270056
1836596544,0.3500725,0.33629614,0.31363136
1837276935,0.3022234,0.42949247,0.26828414
1838093472,0.3338471,0.3308515,0.33530137
1838727968,0.43200135,0.33413684,0.23386185
1839738090,0.3482461,0.35790777,0.29384607
1840034365,0.37193203,0.37755167,0.25051633
1840131058,0.32592556,0.4374506,0.23662382
1840418806,0.3632061,0.33345458,0.30333933
1840452323,0.50419116,0.30724362,0.18856528
1840700245,0.2958577,0.44988376,0.25425857
1840727870,0.33093202,0.4001027,0.2689653
1842304030,0.29643524,0.47916138,0.22440335
1842684107,0.3974181,0.3972081,0.20537382
1842976941,0.33648401,0.38952735,0.2739886
1843148497,0.28522116,0.49976182,0.21501704
1843870575,0.33484912,0.32962877,0.33552212
1844318356,0.4237467,0.26097217,0.31528112
1844692420,0.35283542,0.35318273,0.29398185
1844792356,0.44109476,0.3369903,0.22191489
1844845691,0.24170767,0.43346605,0.3248263
1845302711,0.34775144,0.40137982,0.25086874
1845821392,0.42170393,0.3698061,0.20848992
1846032245,0.21797591,0.53476095,0.24726313
1846231870,0.38715672,0.34191495,0.27092832
1846234424,0.34134614,0.35454947,0.30410442
1846462939,0.35956112,0.37282956,0.26760936
1847567823,0.24017715,0.53524566,0.22457719
1848239889,0.43470773,0.31462902,0.25066322
1848239960,0.3395357,0.39256924,0.26789504
1848339113,0.37480226,0.3902262,0.23497155
1849200151,0.37825373,0.34820122,0.2735451
1849317987,0.5661317,0.253478,0.18039027
1850116593,0.23562235,0.5716138,0.1927639
1851139890,0.3575514,0.38433638,0.2581122
1851472441,0.24128297,0.2810194,0.4776976
1851709935,0.39018777,0.37983304,0.22997917
1852023105,0.3689747,0.33254036,0.29848498
1853105059,0.4061995,0.3694943,0.22430615
1853946088,0.30367348,0.43075776,0.26556873
1853948103,0.3254652,0.46070266,0.2138322
1854120223,0.21589902,0.41258776,0.37151325
1854595110,0.38675433,0.3410911,0.27215457
1854597348,0.38753408,0.41729894,0.19516695
1855169881,0.18751575,0.6244322,0.18805206
1855186963,0.31199938,0.4603169,0.22768375
1855286965,0.30650872,0.4984454,0.19504589
1855312254,0.41815895,0.38159972,0.20024133
1855527932,0.6030911,0.24465582,0.15225306
1855994712,0.37308255,0.38856035,0.2383571
1856521625,0.5646022,0.24644443,0.18895344
1856973354,0.3162402,0.33467436,0.34908545
1857054218,0.31902748,0.346058,0.3349145
1857054642,0.42068893,0.37340307,0.205908
1857532056,0.3071949,0.31966233,0.37314275
1857639340,0.44272888,0.3034333,0.25383785
1858273692,0.40645245,0.31190008,0.28164744
1859216195,0.22325589,0.5833903,0.19335385
1859454701,0.40066198,0.3723481,0.22698992
1859467293,0.3375196,0.37812656,0.28435385
1859563712,0.49250743,0.28698376,0.22050883
1859732816,0.3896129,0.39414015,0.21624696
1860009787,0.39923733,0.40209997,0.1986627
1860355513,0.29667014,0.5113459,0.19198397
1860550093,0.33881247,0.3063274,0.35486013
1861016796,0.3795781,0.37329662,0.24712525
1861756060,0.3954867,0.3197716,0.28474167
1861861772,0.3775707,0.33758348,0.28484583
1862065656,0.38107854,0.3713117,0.24760973
1862608411,0.49228832,0.2817567,0.22595501
1863247139,0.37502292,0.43674022,0.18823686
1863360021,0.32915443,0.47156376,0.19928184
1863465904,0.3973797,0.3579455,0.2446748
1863559524,0.45450598,0.34727144,0.19822262
1864437319,0.27209103,0.47855306,0.24935588
1864516018,0.43501943,0.3296072,0.23537333
1864605761,0.38335827,0.3508777,0.26576406
1864833600,0.3731675,0.44190475,0.1849277
1865252645,0.29176793,0.5031838,0.2050483
1866430773,0.41514897,0.38945842,0.19539258
1866833391,0.32849076,0.4496287,0.22188047
1867285526,0.23264784,0.5946244,0.17272776
1868092172,0.31909543,0.42837948,0.2525251
1868205692,0.3890077,0.39906037,0.21193191
1868237076,0.3811116,0.37846488,0.24042353
1868299774,0.27582657,0.462453,0.26172045
1868416802,0.39077103,0.36333075,0.24589819
1868763075,0.3708855,0.39662102,0.23249352
1869054181,0.36402583,0.39225936,0.24371488
1869067716,0.38710237,0.37809986,0.23479773
1869093004,0.4300701,0.32377154,0.24615836
1869095831,0.29602438,0.3488982,0.3550774
1870482438,0.3746832,0.33704767,0.28826913
1870815008,0.3774034,0.44762653,0.17497009
1871227340,0.26844952,0.50866234,0.22288814
1871240555,0.2876045,0.4601966,0.25219885
1871750913,0.35321426,0.43219882,0.21458691
1871988319,0.31915313,0.4364955,0.24435136
1872385595,0.4850217,0.24525772,0.26972058
1872438016,0.43728715,0.36860764,0.19410525
1872609489,0.30216467,0.38705748,0.31077784
1873023874,0.36864787,0.40299,0.22836216
1873135561,0.5363603,0.27738184,0.18625784
1873420040,0.4366107,0.3164417,0.24694759
1873640878,0.29395694,0.50248855,0.20355453
1874403202,0.36450556,0.39914912,0.23634529
1874612150,0.41413626,0.32037365,0.26549014
1875137214,0.31324315,0.4550069,0.23174995
1875538745,0.5434582,0.262265,0.19427678
1875952631,0.3914951,0.3707851,0.23771977
1876115683,0.3772191,0.3573746,0.2654063
1876840178,0.29761258,0.33208135,0.37030607
1877032626,0.3266097,0.3551004,0.31828994
1877384764,0.29910803,0.4242761,0.27661586
1877587731,0.3416273,0.3806521,0.2777206
1877664204,0.40058982,0.37246037,0.22694981
1877687595,0.37192306,0.31178072,0.3162962
1877970971,0.17857902,0.17857902,0.642842
1878716260,0.30545765,0.4444117,0.25013065
1878880851,0.36443213,0.29507226,0.34049565
1879828080,0.3084501,0.42812717,0.26342273
1880569336,0.2838871,0.5198349,0.19627804
1880857695,0.24467844,0.46397132,0.29135025
1881565460,0.42759532,0.32131743,0.25108725
1882177605,0.43488586,0.34801802,0.21709609
1882358487,0.4160565,0.36237884,0.2215647
1882807003,0.49951863,0.29048115,0.21000022
1883353733,0.27638316,0.44620222,0.27741456
1883477292,0.30261838,0.36269736,0.33468425
1883650683,0.3805231,0.40059862,0.21887831
1883733659,0.3192196,0.4009626,0.27981782
1883803766,0.5552857,0.26673937,0.17797491
1884123745,0.4854898,0.2959447,0.2185655
1885660248,0.27287963,0.37557396,0.35154644
1885756929,0.36234558,0.40505677,0.2325977
1885848790,0.4203124,0.3582431,0.22144446
1885878178,0.3730098,0.39127654,0.23571366
1886158354,0.2477037,0.2687589,0.48353744
1886747746,0.3525536,0.35380065,0.29364574
1886910472,0.41857988,0.34958845,0.23183167
1888388975,0.43563378,0.34140372,0.22296253
1888438074,0.39195585,0.35571483,0.25232932
1889050276,0.46275467,0.28591383,0.25133148
1889107551,0.34269756,0.43355697,0.22374548
1889504802,0.32832208,0.36892745,0.30275047
1889524102,0.46289203,0.3201151,0.2169929
1890447165,0.3416678,0.3462296,0.31210256
1890619816,0.4929771,0.28673303,0.22028986
1890757379,0.3657595,0.37382233,0.26041824
1890788019,0.56291515,0.22771272,0.2093721
1890903681,0.27701968,0.4420495,0.28093082
1891434293,0.2567228,0.44361222,0.29966497
1891836768,0.24130088,0.57545465,0.1832445
1892228386,0.35899502,0.4197583,0.22124669
1892849984,0.40711087,0.35655552,0.23633358
1893177444,0.3517457,0.2888583,0.35939598
1894249317,0.40182346,0.37573597,0.22244062
1894258479,0.32203153,0.45294183,0.22502664
1894437230,0.27635634,0.44501916,0.27862445
1894760618,0.24918097,0.34823906,0.40257996
1894911753,0.29292005,0.3526197,0.3544602
1895408144,0.50421715,0.26122898,0.2345539
1896659610,0.31666672,0.4319852,0.25134802
1896773159,0.29322207,0.46453923,0.2422387
1897501527,0.35927138,0.36303857,0.27769002
1897751896,0.28574723,0.48364532,0.23060745
1898102623,0.30920005,0.372574,0.31822598
1898392019,0.32400483,0.42358992,0.25240523
1899432331,0.37347454,0.35251883,0.2740066
1900391484,0.30664247,0.46150994,0.23184752
1901549820,0.34436378,0.3606087,0.2950275
1901601226,0.30089813,0.45557302,0.2435288
1901782362,0.41962564,0.3753014,0.205073
1902585849,0.4818055,0.31323203,0.20496246
1903007965,0.34513122,0.4060854,0.24878341
1903324989,0.26687312,0.46855474,0.26457214
1903376317,0.34304172,0.2795513,0.377407
1903450741,0.27480596,0.48152557,0.24366848
1903681851,0.35099423,0.39925915,0.24974664
1904052721,0.32833928,0.44049364,0.23116705
1904495098,0.25890303,0.36993933,0.37115765
1904867633,0.6668272,0.17437004,0.15880278
1905293097,0.3270433,0.4164639,0.25649273
1905298990,0.33887857,0.43901014,0.22211131
1905385879,0.3222736,0.32556155,0.35216486
1905459660,0.30353403,0.47608617,0.22037983
1905572629,0.33060384,0.44368213,0.22571406
1905944624,0.25570342,0.450905,0.2933916
1906165378,0.37783372,0.3882895,0.23387678
1906914731,0.35125548,0.3725865,0.27615806
1907951282,0.35719377,0.3979564,0.24484977
1908894608,0.465678,0.32108837,0.21323366
1909858426,0.50275767,0.2792777,0.21796462
1911187346,0.3639207,0.433953,0.20212631
1911207155,0.3733772,0.4052867,0.22133607
1911369274,0.36089775,0.43256146,0.20654076
1911776231,0.35504788,0.39642382,0.24852824
1912031580,0.35237914,0.43772346,0.2098974
1912257047,0.38672853,0.38512486,0.2281466
1913216503,0.36743003,0.34555155,0.2870184
1913284394,0.482381,0.25033003,0.26728892
1913628364,0.5032996,0.2899808,0.2067196
1914182727,0.24126935,0.518909,0.23982173
1914250685,0.3275709,0.41612554,0.25630355
1914285674,0.29360428,0.49605626,0.21033943
1914445559,0.3884495,0.3901043,0.22144625
1914477060,0.34460273,0.34681594,0.30858135
1915224966,0.32476687,0.2838565,0.3913766
1915544755,0.35277817,0.3554028,0.291819
1915592401,0.3964218,0.2776985,0.32587972
1916198598,0.33306378,0.43379194,0.23314427
1916503891,0.30294773,0.44400933,0.25304294
1916866473,0.44448692,0.31006068,0.24545237
1917355966,0.39231437,0.40572903,0.2019566
1917469153,0.38749835,0.39385116,0.2186505
1917615627,0.3512135,0.29732358,0.3514629
1918144220,0.4388554,0.37587103,0.18527353
1918735371,0.39155066,0.40738058,0.20106879
1918964891,0.40407997,0.35096055,0.24495947
1919231895,0.29496217,0.49027914,0.2147587
1919268140,0.55223656,0.27478403,0.17297941
1919687565,0.34359694,0.35720038,0.29920268
1919927286,0.24442312,0.52087754,0.23469934
1920162051,0.46489128,0.27078032,0.26432836
1920335280,0.37365294,0.39904338,0.22730368
1920536186,0.4117638,0.3213439,0.26689228
1920687230,0.44273278,0.34207407,0.21519312
1921147220,0.3645069,0.383957,0.25153613
1921297082,0.37330025,0.41075253,0.21594724
1921482581,0.29992968,0.3864056,0.31366476
1921505091,0.39222214,0.37990347,0.22787435
1921513925,0.34079742,0.30657077,0.3526318
1921662483,0.40502727,0.4203236,0.1746491
1922301665,0.37480718,0.3365307,0.28866214
1923152582,0.35364425,0.39516342,0.25119227
1923248070,0.29494667,0.5177427,0.18731067
1923297123,0.33703914,0.40100867,0.26195222
1923532617,0.3973076,0.38840383,0.21428855
1923760770,0.386158,0.40881222,0.2050298
1923911222,0.36057618,0.4115314,0.22789247
1924346066,0.46645668,0.33581793,0.19772542
1924442952,0.33793643,0.41269636,0.24936716
1924659477,0.4700354,0.3209383,0.20902634
1924946339,0.28022027,0.239035,0.48074475
1925301909,0.46796197,0.30227202,0.22976604
1925530013,0.39400232,0.31779093,0.28820676
1926077910,0.2536132,0.26451993,0.4818669
1926612836,0.35274914,0.3089804,0.33827043
1926743548,0.2562164,0.4188172,0.32496637
1927368175,0.33133984,0.28801337,0.38064682
1928001860,0.3923597,0.30433977,0.3033005
1928339155,0.6544305,0.15907755,0.18649194
1928668495,0.29166842,0.3158936,0.39243793
1930061031,0.34093526,0.3872109,0.2718538
1930532918,0.39771265,0.36690408,0.23538327
1930563507,0.38342226,0.3253957,0.2911821
1930870162,0.41501987,0.29539764,0.28958246
1930991820,0.24778739,0.3763917,0.37582088
1931040071,0.40007144,0.28241333,0.31751525
1931258300,0.15818156,0.68638504,0.15543348
1931438362,0.45590425,0.32317954,0.22091621
1931475042,0.30316538,0.32539913,0.3714355
1932633305,0.32364184,0.28415176,0.39220643
1934274630,0.29291964,0.3319801,0.37510026
1934565531,0.31339177,0.45435202,0.2322562
1934622957,0.22466433,0.55088687,0.22444883
1934836259,0.35376802,0.41094983,0.23528218
1934966513,0.29033837,0.35815904,0.3515026
1935171950,0.3318201,0.385728,0.2824519
1935503883,0.32567924,0.3838395,0.2904813
1935888460,0.42823142,0.3432525,0.22851607
1935964342,0.29593667,0.5102844,0.19377892
1936231392,0.26766986,0.27040344,0.46192676
1936977356,0.24506235,0.34683827,0.40809935
1937205909,0.24112265,0.27092367,0.48795366
1937696411,0.27417976,0.34804124,0.377779
1937701104,0.35088897,0.3631199,0.28599107
1938330946,0.47538632,0.33518994,0.18942377
1938396429,0.39649534,0.35624832,0.24725632
1938678195,0.2919224,0.49691707,0.2111606
1939394401,0.3748058,0.38742274,0.23777148
1939473132,0.4002537,0.3623499,0.23739634
1940278122,0.4777233,0.3127996,0.2094771
1940318369,0.4458077,0.34149578,0.21269655
1940869186,0.3387735,0.41529667,0.2459298
1941271199,0.38725105,0.37389588,0.23885313
1942386044,0.40921533,0.34866637,0.24211827
1942509842,0.2927057,0.24267152,0.46462277
1943227393,0.3611321,0.39223468,0.24663326
1943717706,0.31490982,0.25529832,0.42979187
1943885084,0.31402946,0.37438565,0.3115849
1944016147,0.4773144,0.3212611,0.20142448
1944720742,0.45999002,0.28722885,0.25278112
1944786642,0.34458858,0.41459268,0.24081871
1944905773,0.2927471,0.33196566,0.37528723
1945516866,0.37637058,0.36170018,0.2619292
1945880394,0.21882834,0.571555,0.20961666
1946327661,0.45796174,0.32058957,0.22144867
1946850172,0.323985,0.34962314,0.32639182
1946854071,0.40983385,0.39259756,0.19756857
1946866717,0.38933748,0.3813821,0.2292804
1946976773,0.38519847,0.36367005,0.25113153
1947064670,0.21709359,0.59471726,0.18818915
1947432490,0.31354508,0.2751009,0.411354
1947619279,0.5307621,0.25165087,0.21758708
1948033791,0.28025034,0.30247706,0.41727266
1948137761,0.5190921,0.28830412,0.19260381
1948280577,0.32138938,0.34833556,0.33027506
1948548763,0.31341738,0.38386244,0.30272025
1949284697,0.36486545,0.38997847,0.24515608
1949390694,0.36637002,0.27577078,0.35785922
1949860458,0.26666632,0.51249367,0.22084
1949884427,0.60234314,0.19596711,0.20168974
1950434992,0.3061728,0.26657486,0.4272523
1950470959,0.25557527,0.30122626,0.44319847
1950739188,0.37943417,0.37354574,0.2470201
1951397645,0.36432815,0.34094104,0.29473084
1951660402,0.34937635,0.38625172,0.26437193
1951729143,0.38144368,0.383911,0.23464528
1951829015,0.35048118,0.43870926,0.21080956
1951955639,0.22304319,0.54502255,0.23193423
1952177029,0.33524284,0.3960455,0.26871163
1952184284,0.34686005,0.31756037,0.3355795
1952760468,0.3770699,0.38569734,0.23723276
1953205939,0.41530824,0.39662558,0.18806615
1954647738,0.55371195,0.24262556,0.20366247
1955016191,0.38883585,0.3127561,0.29840803
1955448536,0.441895,0.3518596,0.20624538
1956552274,0.26449764,0.22195406,0.51354825
1956553622,0.33810937,0.2702868,0.39160377
1958300285,0.43443206,0.37230137,0.19326657
1958500625,0.2851202,0.41666102,0.29821873
1958550474,0.19853832,0.19853832,0.6029234
1958645013,0.38645348,0.3273672,0.2861793
1959257548,0.354766,0.35271746,0.29251653
1959615924,0.46941966,0.24565008,0.28493026
1959807919,0.37509972,0.38908482,0.2358155
1959840422,0.5685202,0.23357387,0.19790593
1960160544,0.29759577,0.32254922,0.379855
1960167747,0.37039694,0.42167792,0.20792516
1960341504,0.44397917,0.27241722,0.2836036
1960689999,0.45615822,0.26032668,0.28351513
1961771547,0.33147347,0.31567252,0.352854
1961977747,0.3524422,0.39606678,0.251491
1962155446,0.32561523,0.33609492,0.33828986
1962405087,0.50275195,0.30423746,0.19301063
1962572135,0.3396473,0.32089365,0.33945906
1962734517,0.39201415,0.3271417,0.28084415
1962848495,0.40055233,0.3837689,0.21567881
1963843272,0.34260672,0.4249316,0.23246169
1965111907,0.3481835,0.40835243,0.24346401
1965267213,0.40585387,0.28316826,0.31097788
1965387428,0.33814165,0.3548175,0.30704084
1965440466,0.3681056,0.34248716,0.2894072
1965454681,0.34883183,0.4413913,0.20977688
1966528022,0.5927857,0.24093448,0.16627982
1966889128,0.47165698,0.31908742,0.2092556
1966943693,0.28577048,0.46237206,0.2518575
1967367226,0.42200887,0.38136345,0.19662765
1967976444,0.35799003,0.40817603,0.23383395
1968043317,0.3631113,0.38360643,0.25328225
1968789291,0.3942693,0.27744114,0.32828957
1968820665,0.40987754,0.34540638,0.24471608
1969252810,0.19690262,0.59650236,0.206595
1969339920,0.4206149,0.3632337,0.21615142
1969673942,0.42964992,0.34193897,0.22841115
1969956402,0.47100377,0.31414,0.21485624
1970019246,0.3788662,0.3760074,0.2451264
1971090300,0.42893976,0.3532704,0.21778978
1971338488,0.27937347,0.45321304,0.26741356
1972057454,0.44187552,0.35863727,0.19948718
1972660565,0.2879454,0.4790652,0.23298933
1973441616,0.3296887,0.36564106,0.30467027
1973523977,0.28354707,0.4217825,0.29467046
1973605933,0.38166124,0.38644433,0.23189443
1973694738,0.42118746,0.34640273,0.23240982
1973773267,0.3790655,0.31338137,0.30755305
1973950612,0.3718111,0.4113789,0.21681006
1974098849,0.3937395,0.370554,0.23570651
1974594195,0.5510843,0.2810436,0.16787216
1974751055,0.30311042,0.4395039,0.25738564
1976314446,0.17922843,0.17922843,0.64154315
1976775943,0.36519188,0.39122945,0.2435787
1977100411,0.33187205,0.3778896,0.2902384
1977574381,0.26471636,0.40356633,0.33171725
1977602758,0.3466234,0.33840305,0.31497356
1977888961,0.4721077,0.25966954,0.26822272
1978236419,0.33554763,0.35689056,0.3075618
1978358675,0.29354256,0.46625495,0.24020246
1978366923,0.29213834,0.5003936,0.20746794
1979065930,0.44385368,0.33672005,0.21942627
1979071380,0.3732556,0.38362306,0.24312133
1979571144,0.39246818,0.42722106,0.18031076
1980493935,0.5563693,0.23379515,0.20983562
1980942635,0.43338132,0.34314966,0.22346905
1980968468,0.32867557,0.3965708,0.27475363
1982208848,0.41348475,0.3211233,0.26539192
1982848734,0.5093124,0.2966037,0.19408387
1983054829,0.3482057,0.38859987,0.26319444
1983238762,0.5045321,0.28135663,0.21411131
1984030416,0.37200797,0.40538883,0.22260326
1984050145,0.44359758,0.32623452,0.23016787
1985376974,0.29913178,0.46825576,0.23261246
1985463580,0.34237638,0.35620677,0.30141687
1985708657,0.4674782,0.32004678,0.212475
1985871395,0.33039832,0.47018844,0.19941324
1986115088,0.4049366,0.38350177,0.21156162
1986996721,0.39065635,0.39696473,0.2123789
1987071361,0.38557804,0.3648803,0.24954167
1987772895,0.39564106,0.36286452,0.24149442
1988854898,0.4511407,0.30422884,0.24463046
1988898033,0.26993632,0.33277312,0.3972905
1989110935,0.38065177,0.3570426,0.26230562
1989496020,0.44086227,0.36803705,0.1911007
1989685321,0.2774188,0.4765815,0.24599974
1989749249,0.48393995,0.31815502,0.19790503
1989756666,0.40748596,0.3416435,0.25087053
1990226441,0.2124654,0.38662183,0.40091273
1990319593,0.32586753,0.36531803,0.30881444
1990796695,0.5185855,0.26932886,0.21208568
1991670501,0.35410076,0.30910075,0.33679852
1991967670,0.47546053,0.2888764,0.235663
1992980033,0.2680238,0.52685523,0.20512092
1993347624,0.3008266,0.38294196,0.31623143
1994036398,0.29521605,0.48654976,0.21823418
1994217438,0.3557312,0.38975397,0.25451487
1994221812,0.38001445,0.36250228,0.25748327
1994299265,0.3658061,0.33114842,0.3030454
1994338904,0.26540497,0.29746765,0.4371274
1996208772,0.41865313,0.3947428,0.1866041
1996609520,0.34070176,0.27504835,0.3842498
1996770259,0.34276137,0.46501982,0.19221884
1996861910,0.36927557,0.32105368,0.30967075
1997086016,0.29239717,0.40052214,0.30708072
1997881048,0.39134997,0.25167787,0.35697216
1998054979,0.38358185,0.41675323,0.19966494
1998487674,0.3026678,0.31332618,0.38400602
1998861104,0.39637303,0.3988107,0.20481628
1999231315,0.30021167,0.46030408,0.23948422
1999583787,0.40720135,0.35279822,0.24000044
1999852355,0.2797128,0.39473125,0.32555595
2000210699,0.36934236,0.4328156,0.19784203
2000608572,0.29384178,0.30074704,0.4054112
2001778296,0.30828202,0.44221008,0.24950795
2001955660,0.41862035,0.3418442,0.23953547
2002178728,0.41751504,0.28645843,0.29602653
2002504518,0.6719767,0.15781744,0.17020586
2002516243,0.3509967,0.44265848,0.20634487
2002856938,0.2728332,0.313784,0.41338283
2003437531,0.500783,0.25416723,0.24504974
2003718257,0.3026114,0.4098559,0.28753272
2003759300,0.31388634,0.3161152,0.36999848
2003966798,0.4094752,0.289686,0.30083883
2004177423,0.4459715,0.34367588,0.21035269
2004209619,0.49917188,0.2415294,0.25929865
2004471853,0.34178847,0.32749033,0.3307212
2004511659,0.29159975,0.46258324,0.245817
2005691611,0.3972469,0.35103178,0.25172132
2005718928,0.38656664,0.39584622,0.21758714
2005944587,0.47910154,0.31030905,0.21058941
2006287996,0.3854899,0.3757059,0.23880419
2006317931,0.36121887,0.2603392,0.37844187
2006364550,0.39482608,0.28515658,0.32001734
2008057300,0.32887578,0.43834728,0.23277695
2008634204,0.39448214,0.34785667,0.25766122
2008638761,0.2948782,0.2919603,0.4131615
2009019682,0.34975734,0.42893606,0.22130653
2009028643,0.2783153,0.45316178,0.26852292
2009237648,0.2785195,0.46652058,0.2549599
2009249310,0.27275044,0.5042439,0.2230057
2009302840,0.33014384,0.31924808,0.35060805
2009325444,0.4888669,0.2962786,0.21485454
2009453948,0.38134724,0.36463124,0.25402156
2009635995,0.36678112,0.31779087,0.31542802
2010273589,0.63501585,0.20354837,0.16143578
2010540869,0.3175646,0.47751456,0.20492083
2010956342,0.49915367,0.32264653,0.1781998
2011390091,0.39480042,0.40104353,0.20415607
2011945598,0.40174466,0.3738303,0.2244251
2011974952,0.316517,0.36172816,0.32175487
2012101974,0.3439584,0.2986309,0.35741067
2012170472,0.30530098,0.3192817,0.3754173
2012305881,0.2860577,0.44941247,0.26452982
2012503705,0.29026058,0.31667143,0.39306802
2012571314,0.35389358,0.3513432,0.29476318
2012663187,0.3351329,0.3479849,0.31688225
2013595761,0.4279309,0.3073904,0.26467875
2014025361,0.35761863,0.33256447,0.30981687
2014359453,0.27361885,0.3184245,0.40795663
2014552638,0.32483077,0.41026884,0.26490045
2014643361,0.51772416,0.29696596,0.18530992
2014756486,0.4159109,0.30340344,0.28068572
2014809841,0.42270535,0.30709636,0.2701983
2014908410,0.5414069,0.271639,0.18695407
2014935630,0.28608018,0.4059959,0.30792397
2015092590,0.34029692,0.35900995,0.3006931
2015455536,0.27725214,0.43198454,0.29076338
2015605486,0.34112075,0.43942952,0.21944971
2016146041,0.36549512,0.410653,0.22385195
2016282146,0.28431565,0.26823393,0.44745046
2016741035,0.45646286,0.3224957,0.22104141
2016830511,0.37266368,0.38781202,0.23952428
2017761610,0.54711366,0.25784743,0.19503893
2017821766,0.30019847,0.46433803,0.23546354
2017890151,0.29351792,0.5017058,0.2047762
2018117127,0.5374484,0.27037436,0.19217727
2018645633,0.32736307,0.3900612,0.28257573
2019044576,0.32533702,0.49408674,0.1805762
2019111212,0.39086813,0.39671057,0.2124213
2019535527,0.30858904,0.27412158,0.4172894
2020344604,0.28644866,0.50335705,0.21019435
2020404871,0.40946072,0.35594738,0.2345919
2020596315,0.40791678,0.33916682,0.2529164
2020797948,0.36521977,0.33905232,0.29572785
2020867727,0.3737458,0.38938284,0.23687138
2020885844,0.408309,0.33636343,0.25532755
2020944014,0.3003009,0.3393811,0.360318
2021294601,0.45483208,0.29126108,0.25390685
2021583063,0.42214626,0.30489117,0.2729625
2022240337,0.3579173,0.30798018,0.3341025
2022439785,0.3283565,0.3594637,0.31217983
2022575689,0.3261319,0.40627205,0.26759604
2022981120,0.26002902,0.31332752,0.4266434
2023367275,0.2767408,0.509546,0.21371323
2024291909,0.41089073,0.34560174,0.24350753
2024359059,0.39995766,0.3749602,0.22508214
2024463498,0.3831781,0.36495632,0.25186557
2024854910,0.3069358,0.4480502,0.245014
2026019381,0.2690895,0.57310116,0.15780935
2026474084,0.43065226,0.3664652,0.20288253
2026532095,0.49047408,0.28868717,0.2208388
2026600805,0.32805258,0.40619075,0.26575667
2027133560,0.38838047,0.35580948,0.25581002
2027693112,0.39040673,0.3634156,0.2461776
2027838479,0.26141423,0.48577392,0.25281185
2027882487,0.3754687,0.35774034,0.26679093
2027902208,0.33621544,0.3349002,0.32888436
2027937559,0.45356235,0.34733897,0.19909865
2028041863,0.47439486,0.31399402,0.21161112
2029477617,0.31221426,0.4011015,0.28668422
2029536656,0.31627524,0.44478703,0.23893768
2030134992,0.37883484,0.40455353,0.21661165
2030360883,0.29009405,0.50051135,0.20939457
2031072054,0.3767205,0.37354386,0.24973564
2031767313,0.31388402,0.2975726,0.3885433
2032047891,0.32142136,0.3980224,0.2805562
2032195410,0.2985127,0.39385012,0.30763716
2033157046,0.35216856,0.41890758,0.22892383
2033712461,0.58155644,0.23199347,0.18645003
2033953991,0.38861418,0.37347168,0.23791417
2034614134,0.33722895,0.35175845,0.31101257
2034717027,0.38872474,0.41251397,0.19876125
2034939310,0.4342655,0.35702887,0.20870566
2035301316,0.47331822,0.29757044,0.22911137
2035448771,0.25661877,0.48170963,0.26167157
2035779480,0.5131301,0.27773276,0.20913705
2036126179,0.39365172,0.36408842,0.24225986
2037090966,0.40604657,0.39756176,0.19639169
2037265555,0.34138322,0.30224478,0.356372
2037934131,0.5227874,0.2592984,0.2179142
2038188540,0.37399495,0.38971332,0.23629177
2038415983,0.32074386,0.3580715,0.32118466
2038577800,0.30564553,0.48398194,0.21037254
2038978239,0.30369076,0.48924536,0.20706387
2039665838,0.307189,0.3870312,0.30577978
2039992314,0.24105382,0.54373455,0.21521167
2040299346,0.4246209,0.30654287,0.26883626
2040334775,0.37008947,0.40502936,0.2248812
2040659428,0.41268,0.38277483,0.2045452
2040863009,0.4272387,0.3534853,0.21927604
2041054679,0.44846836,0.2868004,0.2647312
2041217418,0.29026586,0.51223016,0.19750401
2041292821,0.47367525,0.30196193,0.22436279
2041776957,0.3220284,0.4681732,0.20979843
2042102695,0.3736307,0.39388722,0.23248208
2042109029,0.24184641,0.3475249,0.41062862
2042326550,0.394947,0.4053374,0.1997157
2042622629,0.274053,0.27452818,0.45141882
2042639730,0.3702634,0.37722647,0.25251013
2043008408,0.54030025,0.2845805,0.17511928
2043851691,0.531496,0.26295796,0.20554608
2043912083,0.5916743,0.22805718,0.18026847
2044456617,0.38479704,0.37230074,0.24290222
2045704262,0.41146755,0.27413964,0.3143928
2045875456,0.34533757,0.39773184,0.25693056
2046097310,0.24940164,0.25120533,0.49939305
2046340046,0.41431051,0.3152374,0.27045208
2047718704,0.34648174,0.45068073,0.20283753
2047730611,0.36579368,0.41121614,0.22299021
2047819516,0.37540597,0.32986134,0.2947327
2047827645,0.33901346,0.28837502,0.3726115
2048014648,0.3913321,0.3580632,0.25060475
2048806664,0.33145338,0.3100524,0.35849428
2048975366,0.36594242,0.35504562,0.27901196
2049075830,0.3973834,0.33878082,0.2638358
2049415823,0.4140011,0.3417546,0.2442443
2049719749,0.47567737,0.22383821,0.30048442
2049809382,0.28096735,0.51243734,0.20659524
2049815963,0.28391516,0.4201222,0.2959627
2049913641,0.43094498,0.38774443,0.18131062
2050133612,0.37668985,0.3733304,0.2499797
2050174594,0.47785395,0.3037966,0.21834946
2050517048,0.39047968,0.31297475,0.29654557
2050557721,0.52878886,0.23481275,0.23639843
2050767029,0.34122637,0.3822229,0.2765507
2050948249,0.38435882,0.42870125,0.18693995
2051994049,0.3857581,0.37312376,0.24111818
2052492015,0.26007158,0.26471427,0.47521412
2053358820,0.37353706,0.41405642,0.21240653
2053664723,0.405865,0.33464524,0.25948972
2053764468,0.39012706,0.39233944,0.21753353
2055115628,0.4095251,0.27830002,0.3121748
2055313978,0.25817913,0.4352848,0.30653608
2055619065,0.50240636,0.26741278,0.23018086
2056266968,0.39193743,0.37382293,0.23423961
2057519579,0.52711153,0.2504425,0.22244594
2057966793,0.54453456,0.30111185,0.15435359
2058406297,0.34053293,0.3177334,0.34173366
2058462994,0.47531956,0.31287155,0.21180889
2059000257,0.41599327,0.35509926,0.22890742
2059026762,0.37037084,0.39010876,0.2395204
2059079748,0.41836286,0.2964512,0.28518596
2059118028,0.43201476,0.2583592,0.30962604
2059321727,0.3086726,0.38730153,0.3040259
2059685419,0.33269024,0.41265777,0.254652
2060054874,0.34160188,0.3327793,0.3256188
2060364692,0.4839258,0.3197574,0.19631678
2061015208,0.3229416,0.32573435,0.35132408
2061031455,0.27783805,0.47990876,0.24225312
2061570293,0.3116128,0.3012526,0.3871346
2061686789,0.35413212,0.4366165,0.20925143
2061921957,0.36220032,0.41662836,0.22117132
2062299627,0.34600317,0.44911098,0.20488578
2062688966,0.33924294,0.4333908,0.22736627
2063626814,0.2107322,0.20222916,0.58703864
2063760755,0.32541978,0.4183975,0.25618273
2064073375,0.26291463,0.5450859,0.19199947
2064142878,0.32470548,0.29043812,0.38485646
2064570662,0.569556,0.23434207,0.1961019
2064814005,0.3831715,0.38469845,0.23213002
2065056920,0.3471395,0.42757577,0.22528479
2065127145,0.5663958,0.22107777,0.21252638
2065231830,0.3921044,0.37691462,0.23098099
2065318090,0.40631095,0.33973217,0.2539569
2065727593,0.3281634,0.31680757,0.35502905
2065960871,0.4145078,0.3796717,0.2058205
2066042684,0.3794167,0.3332557,0.28732765
2066069164,0.4379149,0.30457854,0.2575066
2066643678,0.347741,0.35984358,0.29241544
2066670784,0.46814236,0.3390172,0.1928404
2066808210,0.4116855,0.30434212,0.28397235
2066811470,0.39288902,0.37832236,0.22878861
2067163526,0.33670577,0.4470274,0.21626681
2067818840,0.30623004,0.3349427,0.35882726
2068023116,0.40055132,0.39161223,0.20783648
2068087121,0.3646587,0.4079043,0.22743702
2068566150,0.58217144,0.20804945,0.20977908
2068829148,0.40555358,0.38007745,0.21436894
2069035040,0.36356497,0.30913627,0.3272987
2069353968,0.44372773,0.28300828,0.27326402
2069536161,0.4073138,0.37941676,0.21326943
2069557470,0.28594977,0.49406967,0.21998051
2070036756,0.43532482,0.29737204,0.26730308
2070460504,0.38889623,0.36993882,0.24116498
2070678602,0.4691791,0.32639638,0.20442459
2071278967,0.34898454,0.4210307,0.22998476
2071377164,0.22496323,0.39240682,0.38262996
2072218495,0.2859927,0.393359,0.32064828
2072306386,0.36968654,0.39829975,0.23201373
2073035086,0.32549793,0.4404654,0.23403662
2073320912,0.5227959,0.29837033,0.17883375
2073520293,0.4398075,0.34264028,0.21755219
2074121497,0.34067515,0.34618318,0.3131417
2074254517,0.33672047,0.33546585,0.32781368
2074724412,0.39678138,0.32467103,0.27854756
2074975049,0.29228756,0.36812115,0.3395913
2075039602,0.3597739,0.37401772,0.26620838
2075372690,0.29134387,0.48248318,0.22617298
2075498049,0.5312592,0.2752691,0.19347176
2075802727,0.21703026,0.6056981,0.17727163
2077077435,0.35728598,0.38369483,0.25901917
2077285832,0.36919475,0.4098536,0.22095165
2077832418,0.36838484,0.41947564,0.21213952
2077966240,0.42754292,0.39533955,0.17711756
2078153732,0.3667423,0.33018303,0.30307466
2078434188,0.33729267,0.38307118,0.27963614
2078492856,0.287542,0.55142367,0.16103435
2079286091,0.38204724,0.3579238,0.260029
2079475671,0.32913238,0.411187,0.25968063
2080267783,0.29570273,0.50331813,0.20097908
2080309672,0.39145774,0.3570243,0.25151795
2080351996,0.40251756,0.3146759,0.28280652
2080422840,0.364963,0.3884493,0.2465877
2080635421,0.34884405,0.34520292,0.30595297
2081042598,0.32666525,0.31872973,0.35460505
2081052748,0.3924644,0.37525058,0.232285
2081353556,0.40320572,0.35949418,0.23730016
2081408128,0.29826584,0.4426561,0.25907806
2081826474,0.38533917,0.38606063,0.22860026
2082494393,0.31491125,0.4683057,0.21678308
2082841280,0.49674082,0.29591873,0.20734045
2082977435,0.2972163,0.2971826,0.40560108
2083580329,0.28508765,0.31190175,0.40301064
2083734709,0.40301865,0.34374696,0.25323445
2084135261,0.33701792,0.33863634,0.32434568
2084263948,0.4887458,0.28211802,0.22913615
2084630202,0.35532203,0.34800673,0.29667127
2085648853,0.35857123,0.39837202,0.24305677
2086315816,0.27789494,0.4908847,0.23122036
2086566701,0.3830124,0.3348053,0.28218234
2087188230,0.37870592,0.42298585,0.1983082
2087402072,0.5640205,0.2544077,0.18157183
2088348019,0.39673802,0.37611127,0.22715074
2088396603,0.24286059,0.41656208,0.34057736
2089110079,0.43108714,0.36654687,0.20236595
2089561079,0.29197127,0.37866473,0.32936406
2089631346,0.3702379,0.41070375,0.21905836
2089706956,0.45025867,0.30150667,0.24823467
2089710879,0.31099692,0.45855427,0.23044881
2089924013,0.32919407,0.3634839,0.30732206
2090114370,0.25912237,0.445612,0.29526561
2090403504,0.30922788,0.4471789,0.2435932
2090519729,0.33559465,0.34757823,0.31682712
2090999670,0.38197047,0.39955416,0.2184754
2091519580,0.3978548,0.30880642,0.29333878
2092277291,0.3254934,0.3329348,0.3415718
2092335722,0.30950028,0.27861005,0.4118897
2092504915,0.48492348,0.27653354,0.238543
2092612607,0.5536066,0.24987665,0.19651671
2092838003,0.28325945,0.35330096,0.36343956
2093617092,0.29155466,0.4903552,0.21809015
2093696494,0.43313402,0.3426889,0.2241771
2093814587,0.34708852,0.39263022,0.2602813
2093992576,0.46406817,0.26541102,0.27052078
2094477861,0.40024546,0.38492453,0.21483001
2094638468,0.25408626,0.5594284,0.18648535
2094948238,0.37493682,0.39672258,0.22834061
2095090116,0.5424545,0.239411,0.21813446
2095123168,0.39031503,0.3753587,0.23432627
2095412110,0.30867273,0.2830356,0.40829164
2095859773,0.45266077,0.3129846,0.23435473
2096136466,0.46606237,0.29713112,0.23680654
2096390962,0.3534048,0.35339466,0.29320055
2096774600,0.41060972,0.32001996,0.26937038
2097333127,0.3137011,0.4099205,0.27637842
2097622446,0.34636003,0.3487177,0.30492228
2098368144,0.5682051,0.19852781,0.23326713
2098699307,0.3053128,0.4833442,0.21134302
2098883427,0.36960807,0.43538314,0.1950088
2098990844,0.38156825,0.3714923,0.24693947
2099116005,0.338005,0.38429838,0.27769658
2099529855,0.41924533,0.3580934,0.22266127
2099705746,0.33474275,0.42209172,0.2431655
2100536944,0.5250764,0.25364396,0.22127967
2100572963,0.27722326,0.48417342,0.2386033
2101026686,0.30635,0.4760622,0.21758781
2101049754,0.39779794,0.38981616,0.2123859
2101285448,0.2690683,0.45663792,0.2742938
2101499085,0.35763085,0.3694684,0.27290076
2101527906,0.28542823,0.4731459,0.24142587
2101806506,0.40068328,0.4017483,0.19756845
2102356719,0.44619197,0.34101182,0.21279623
2102433071,0.26997975,0.5117903,0.21822998
2103734830,0.40948808,0.3696378,0.2208741
2104058976,0.26649484,0.4735409,0.25996432
2104140145,0.31084064,0.40722564,0.2819337
2104340199,0.24713367,0.50120205,0.25166425
2104376238,0.2987783,0.30710563,0.394116
2105294317,0.37127668,0.41261154,0.21611178
2105424033,0.361834,0.33753085,0.30063516
2105495006,0.35635754,0.42354926,0.22009319
2105777961,0.47855917,0.28730565,0.23413518
2105921115,0.49715948,0.29606947,0.20677105
2106027325,0.45757478,0.32805794,0.21436729
2106805863,0.3831213,0.38908535,0.22779335
2107005105,0.22267431,0.5334395,0.24388617
2107009347,0.5095674,0.27415198,0.21628067
2107077392,0.3709543,0.41813517,0.21091053
2107386021,0.31938457,0.45644948,0.22416595
2107631083,0.31304947,0.33978474,0.34716576
2108128554,0.4876132,0.32794583,0.18444093
2108132750,0.39560452,0.38518107,0.21921438
2109125119,0.5608398,0.21564373,0.22351652
2109715091,0.33430618,0.42166752,0.24402627
2110517883,0.42118677,0.3470204,0.2317928
2110903664,0.2697776,0.4613775,0.26884484
2111158669,0.46955436,0.2590581,0.27138752
2111345399,0.47582626,0.3335569,0.19061685
2111667120,0.15760392,0.15580383,0.6865922
2111759799,0.43563408,0.3090986,0.25526732
2112137508,0.34453747,0.3223975,0.33306503
2112285453,0.3650158,0.34232506,0.2926591
2112558046,0.34703186,0.38649565,0.2664725
2112923172,0.31638834,0.45890757,0.2247041
2113022138,0.3861487,0.34936458,0.26448673
2113452596,0.3816157,0.36420318,0.25418115
2115460325,0.53180194,0.26384908,0.20434898
2115711658,0.46984595,0.31089476,0.21925932
2116282646,0.24295601,0.47193998,0.28510404
2116322869,0.5022341,0.3160552,0.1817107
2116870293,0.3370705,0.33596897,0.32696056
2116993380,0.39046222,0.38895375,0.22058408
2117213113,0.32995975,0.41303658,0.2570037
2117531976,0.40080094,0.31482902,0.28437003
2118048127,0.38650972,0.3913365,0.22215381
2118080625,0.3574452,0.41676736,0.22578745
2118368599,0.37010038,0.3799662,0.24993345
2119205356,0.2897385,0.3314727,0.37878877
2119309591,0.24373804,0.5806054,0.17565665
2119326076,0.26131564,0.22234389,0.5163405
2119410467,0.31657356,0.47973406,0.20369239
2119692411,0.36850908,0.33701107,0.29447985
2119723029,0.4302739,0.3815847,0.1881414
2119988209,0.437811,0.40053228,0.16165677
2120357253,0.37648654,0.415356,0.20815748
2120899082,0.29221743,0.49085516,0.21692741
2121305240,0.33560544,0.28896153,0.37543303
2122030779,0.5231814,0.2707511,0.20606753
2122963805,0.40032145,0.3927945,0.206884
2122996611,0.40889806,0.38095278,0.21014917
2123374767,0.37714234,0.37364498,0.24921271
2125316196,0.35196036,0.38347763,0.264562
2126393001,0.5279429,0.2470412,0.22501586
2126408165,0.44115138,0.31358844,0.24526021
2126556826,0.25861055,0.31961495,0.42177457
2126568341,0.55356705,0.21302912,0.23340383
2126967063,0.49518862,0.27587497,0.22893643
2126981937,0.46879894,0.34453452,0.18666653
2127747379,0.4341112,0.3304767,0.23541209
2127812703,0.44444755,0.32109207,0.23446035
2128741993,0.35506874,0.4473135,0.19761783
2128776701,0.2790549,0.55122596,0.16971907
2128805207,0.43293065,0.36169046,0.20537892
2129000592,0.34722364,0.3572222,0.29555413
2129237394,0.36000347,0.3689264,0.2710701
2129439720,0.3950687,0.41510552,0.18982579
2129497724,0.38185233,0.2446928,0.37345487
2129851512,0.35695332,0.35790205,0.28514463
2129917955,0.4263473,0.34760103,0.22605172
2130914247,0.3134024,0.3882286,0.29836896
2131286523,0.3415425,0.44767362,0.21078387
2131600846,0.39013475,0.3371296,0.27273566
2132108402,0.31477267,0.3022256,0.38300177
2133556803,0.41053328,0.33564717,0.25381958
2133648220,0.3243285,0.44085264,0.2348189
2134189882,0.47506914,0.24878429,0.27614653
2134194027,0.5803579,0.21138032,0.20826176
2134278093,0.33744767,0.40479034,0.257762
2135274799,0.37318885,0.39124584,0.23556532
2135419532,0.39056277,0.410537,0.19890022
2135869970,0.5348595,0.28489012,0.18025038
2136405912,0.508404,0.2606818,0.23091418
2136589149,0.30049512,0.30937466,0.39013022
2136897991,0.37482458,0.41068244,0.214493
2137096986,0.39363196,0.28886765,0.31750035
2137106239,0.24569455,0.44781512,0.3064903
2137108391,0.32739806,0.34453058,0.32807136
2138392149,0.3115899,0.42921665,0.2591934
2138740384,0.48481935,0.2401253,0.27505538
2139022797,0.45302385,0.36961246,0.17736368
2139588411,0.387976,0.38203967,0.22998437
2141052292,0.39280945,0.33889025,0.2683003
2141727622,0.37165904,0.3731274,0.25521353
2143937240,0.36414692,0.41063592,0.22521716
2144024924,0.34264418,0.45318872,0.20416705
2144199453,0.24981229,0.49579352,0.25439414
2144768751,0.35449144,0.34816736,0.29734123
2145085097,0.3501694,0.33074296,0.31908768
2145344601,0.35526627,0.42194048,0.22279327
2145803747,0.4053014,0.3205992,0.27409947
2145908415,0.3598209,0.41454434,0.22563477
2146204338,0.4019009,0.384735,0.21336417
2147380266,0.36666816,0.3327901,0.3005417
2147766014,0.3792684,0.3808029,0.23992868
2147867847,0.33872968,0.3508846,0.31038576
2147988121,0.46335715,0.3042068,0.23243609
2148032113,0.49407429,0.26391554,0.24201018
2148551060,0.40490288,0.29708725,0.29800987
2149211443,0.45971686,0.27234355,0.26793954
2149609966,0.3663507,0.25942603,0.3742233
2149690703,0.39187384,0.378916,0.22921014
2150215826,0.26085758,0.5107405,0.22840187
2150321017,0.33267745,0.32435066,0.34297192
2150871080,0.37125027,0.3463372,0.28241253
2150892631,0.41219205,0.36456448,0.22324346
2151184069,0.53138566,0.27915472,0.18945964
2151803047,0.37283087,0.3874274,0.23974174
2152340527,0.34277174,0.47067147,0.18655677
2152704639,0.33869126,0.37530214,0.2860065
2153486828,0.32818547,0.42002648,0.25178802
2153814494,0.3617832,0.4110012,0.22721557
2153856885,0.36447215,0.39447486,0.241053
2153942486,0.43054578,0.3236405,0.24581373
2154236575,0.32842577,0.4886518,0.18292244
2154277953,0.3965603,0.34232008,0.26111966
2154910904,0.38650835,0.356407,0.25708464
2155012669,0.38633883,0.34677014,0.266891
2155150831,0.2965966,0.4094439,0.2939595
2155570044,0.28518295,0.28163797,0.4331791
2155844751,0.29572567,0.26760218,0.43667215
2156307108,0.56656253,0.23152202,0.20191541
2156388087,0.40941706,0.36945167,0.2211313
2156877891,0.33716744,0.3387912,0.32404137
2157233554,0.28610867,0.43271184,0.28117946
2157503439,0.3792736,0.2672243,0.35350215
2157566122,0.44275188,0.30126306,0.25598502
2157593437,0.33002716,0.33642638,0.33354643
2158432955,0.26388517,0.22969894,0.5064159
2158622160,0.23912081,0.5044844,0.2563948
2159119873,0.30161914,0.40707695,0.29130387
2159293113,0.26390874,0.51891434,0.2171769
2159324224,0.44383013,0.35734802,0.1988219
2159499256,0.41612655,0.39657122,0.18730226
2159879802,0.34950417,0.4582811,0.19221474
2159885611,0.31517786,0.40411708,0.28070503
2160928721,0.39847207,0.3828114,0.2187165
2161170109,0.29594553,0.4377681,0.26628637
2161463558,0.16957507,0.5870689,0.24335605
2161924610,0.3264945,0.40329158,0.2702139
2162025850,0.3453537,0.28986144,0.3647849
2163344257,0.3415976,0.3621984,0.296204
2163908780,0.3068242,0.38259894,0.31057686
2163908997,0.36976486,0.3211945,0.30904067
2163916970,0.3178439,0.42661798,0.25553817
2163979962,0.39501902,0.3599075,0.24507344
2164355973,0.48587424,0.28069863,0.23342712
2164375917,0.37722033,0.35391867,0.26886103
2164430915,0.3543507,0.33329868,0.31235063
2164690706,0.20080131,0.20185977,0.5973389
2164849513,0.30206025,0.29842132,0.39951846
2164959755,0.48576868,0.29207438,0.22215694
2165198101,0.25517887,0.39581722,0.3490039
2165975710,0.38246393,0.3545462,0.2629899
2166201438,0.2512279,0.4827174,0.26605475
2166592565,0.32677835,0.44497168,0.22824998
2169375585,0.4341529,0.3038972,0.26194993
2169500078,0.2518943,0.5210435,0.22706223
2169592732,0.5815419,0.23211299,0.18634507
2170113336,0.3604879,0.37945646,0.26005557
2170160708,0.4115416,0.34605908,0.24239928
2171261721,0.26602864,0.28025043,0.45372096
2171599386,0.47347093,0.30316722,0.22336185
2171667314,0.26226655,0.5401518,0.19758171
2171897251,0.45358032,0.31344342,0.23297623
2171910702,0.2890092,0.36056477,0.35042602
2172071330,0.29825038,0.33574143,0.36600822
2172555072,0.53888845,0.27386153,0.18725
2172738200,0.31603116,0.37199312,0.31197572
2172838407,0.3616843,0.3536681,0.28464758
2173195440,0.36817795,0.24360412,0.388218
2173296119,0.30073127,0.37721562,0.32205307
2173325674,0.4320823,0.31446278,0.2534549
2174004251,0.2705732,0.27332395,0.45610282
2174944994,0.48644096,0.28487653,0.22868258
2175068611,0.32814378,0.32329726,0.34855893
2175071321,0.28874448,0.3492347,0.3620208
2175417858,0.497345,0.29015648,0.21249856
2175687889,0.30064276,0.48466268,0.21469453
2176331414,0.33178204,0.3556859,0.312532
2176484059,0.39260954,0.31702054,0.29036987
2176635578,0.35673416,0.43626225,0.20700353
2177147797,0.26152438,0.56809556,0.17038006
2177329052,0.47934064,0.279888,0.24077135
2177904798,0.37369308,0.39861435,0.22769254
2177958006,0.34561104,0.38549626,0.2688927
2178377545,0.40316004,0.2734614,0.32337862
2178547922,0.20472142,0.24029994,0.5549786
2178881026,0.28580981,0.40024418,0.31394598
2179033534,0.31179285,0.39126056,0.2969466
2179379706,0.3944522,0.37475178,0.23079607
2179811767,0.58353436,0.2173509,0.19911471
2180560058,0.47980607,0.24939169,0.27080226
2180733179,0.41143084,0.36197817,0.22659099
2181226740,0.49821565,0.27117652,0.23060787
2182859551,0.45374298,0.3594556,0.18680143
2182931207,0.33849853,0.4097479,0.25175357
2183163369,0.35881215,0.3922314,0.24895641
2183293682,0.22519533,0.34586358,0.4289411
2183393142,0.28247532,0.41823608,0.2992886
2183694947,0.34287262,0.42089385,0.23623356
2184345520,0.4098528,0.36582124,0.22432593
2184347961,0.4025644,0.38143602,0.21599959
2184366631,0.3056411,0.40616733,0.28819162
2185446042,0.33371085,0.25206694,0.4142222
2185556683,0.32468253,0.40203384,0.27328363
2185617229,0.3268695,0.33596566,0.33716485
2185957077,0.3388168,0.4144323,0.24675094
2186051717,0.40986747,0.3043828,0.28574967
2186241395,0.51348674,0.31254452,0.17396873
2186999136,0.4258275,0.37862873,0.19554374
2187830312,0.35671967,0.33638096,0.30689934
2188498828,0.35753697,0.35818672,0.2842763
2188865881,0.2504295,0.2607852,0.48878527
2189001864,0.28605473,0.49950463,0.21444061
2190275100,0.19174504,0.6255216,0.18273336
2190532097,0.4800265,0.32317504,0.19679843
2191309093,0.45159662,0.32990232,0.21850106
2191310225,0.41334498,0.35712266,0.2295323
2191843102,0.3107538,0.2912195,0.3980267
2192338861,0.44156313,0.3862494,0.17218748
2192444288,0.29466942,0.46327084,0.24205977
2192582646,0.29417107,0.42324358,0.28258532
2192692316,0.3158422,0.35486275,0.32929504
2192846253,0.35063112,0.37139004,0.2779789
2193144763,0.34772074,0.3994868,0.25279245
2193467687,0.46247637,0.28797197,0.24955164
2194231094,0.30840406,0.28096065,0.41063526
2194495056,0.35059217,0.38122654,0.26818126
2194633758,0.29828268,0.31711528,0.384602
2194703050,0.35928088,0.41328412,0.22743502
2195183194,0.3252049,0.3054462,0.3693489
2195276940,0.34528795,0.43312943,0.22158264
2195506796,0.4222185,0.36703008,0.21075144
2195641240,0.34213817,0.42415684,0.23370495
2195753246,0.2698369,0.33391827,0.39624476
2196383815,0.3522939,0.39183676,0.2558693
2196721908,0.3614264,0.34562868,0.2929449
2196740477,0.5047093,0.31323805,0.18205264
2196741806,0.40772736,0.3667203,0.22555235
2197510409,0.33356917,0.39355695,0.27287394
2197527874,0.3703789,0.35033268,0.27928838
2197719663,0.37654838,0.34979334,0.27365828
2197783856,0.563903,0.25796133,0.1781357
2198147963,0.4196188,0.3573188,0.22306243
2198559459,0.34436935,0.44425088,0.21137974
2198767756,0.38205737,0.3282832,0.28965938
2199014643,0.3530647,0.3456218,0.30131352
2199125192,0.3492295,0.35404015,0.29673034
2200118426,0.3403731,0.4048123,0.25481462
2200283027,0.33421078,0.438525,0.22726423
2200413738,0.38632947,0.40043187,0.21323863
2200824528,0.20479739,0.18921599,0.6059866
2200862783,0.38449067,0.2814154,0.33409393
2201121794,0.4103039,0.3862428,0.20345332
2201238197,0.39851332,0.35919005,0.24229662
2201707753,0.27895206,0.50045377,0.22059411
2201863947,0.2562531,0.41384143,0.32990548
2201868705,0.38188785,0.33967465,0.27843755
2202305339,0.29220915,0.34818798,0.35960287
2202763651,0.5078764,0.29625955,0.19586408
2203159010,0.3580396,0.44056478,0.20139565
2203593878,0.3408479,0.44404644,0.21510568
2203710360,0.25793245,0.3207682,0.42129934
2204102376,0.28180584,0.5036589,0.21453524
2204149971,0.38629013,0.40768927,0.2060206
2204504760,0.29398125,0.3664745,0.33954424
2204727793,0.2767098,0.24898544,0.47430477
2204752461,0.31481668,0.3089203,0.37626308
2204862930,0.24561657,0.5765611,0.1778223
2205765928,0.31481847,0.2695643,0.41561723
2205972865,0.36666042,0.40264827,0.23069128
2206322880,0.33667246,0.36536652,0.297961
2207031650,0.3603595,0.3940972,0.2455433
2207562197,0.44837004,0.33516014,0.21646987
2208034018,0.3231466,0.36729985,0.3095535
2208503518,0.37243688,0.3518734,0.27568978
2209381488,0.2902931,0.43921366,0.27049327
2210070622,0.56170475,0.22748297,0.21081232
2210091901,0.44092387,0.3125841,0.24649203
2210637381,0.36210966,0.37105757,0.2668328
2211664729,0.36029306,0.32527402,0.31443292
2211702962,0.35894108,0.34254956,0.29850936
2211953839,0.30029106,0.37427136,0.32543755
2211967475,0.28889143,0.3146569,0.39645165
2212048975,0.32885748,0.31213582,0.35900667
2212420564,0.43543994,0.29977757,0.2647825
2212981598,0.23470092,0.54679483,0.21850425
2213392240,0.39718974,0.34226233,0.26054794
2213695956,0.4779797,0.28478515,0.23723516
2214137333,0.4053868,0.3614238,0.23318937
2214518878,0.27722356,0.50699306,0.21578336
2215540478,0.32156813,0.48084563,0.19758627
2216137473,0.35553616,0.3779494,0.26651442
2216446060,0.3550403,0.3596558,0.2853039
2216470502,0.44835752,0.3242157,0.2274268
2217224520,0.6067503,0.2087675,0.18448219
2217771976,0.45334846,0.29318398,0.25346756
2218627755,0.42166984,0.34398627,0.23434389
2218991144,0.6321273,0.20941176,0.15846094
2219922560,0.3686393,0.4320525,0.19930822
2220477782,0.2598591,0.53620404,0.20393682
2220609001,0.3546608,0.39492053,0.25041866
2220693098,0.4075574,0.35927644,0.23316616
2221121196,0.49984667,0.29428166,0.20587163
2221586606,0.3941153,0.39235827,0.21352643
2222442810,0.21104181,0.6168058,0.1721524
2222633010,0.39293838,0.2759587,0.33110297
2222835899,0.5420496,0.25384524,0.2041051
2224481005,0.36875758,0.34796202,0.28328043
2226412337,0.23117062,0.56273556,0.20609382
2226481301,0.44409654,0.29393446,0.26196897
2226759487,0.37485164,0.4080882,0.21706012
2227065658,0.35478002,0.44198793,0.20323202
2227630138,0.2748076,0.44606423,0.27912813
2229442403,0.31766945,0.3953845,0.28694606
2229485145,0.40229163,0.3718915,0.22581688
2229852459,0.52160907,0.3044023,0.17398866
2230363079,0.39268535,0.38489062,0.222424
2230453776,0.47743133,0.2790861,0.24348256
2230504940,0.38858187,0.42494467,0.18647349
2230877348,0.23464349,0.4817035,0.28365302
2230903248,0.6104653,0.19960564,0.1899291
2231081535,0.36354154,0.3979332,0.23852527
2231199526,0.3391971,0.3869729,0.27382994
2231241267,0.37604326,0.3702388,0.25371793
2231441767,0.16201021,0.6830963,0.15489355
2231479603,0.33613443,0.4490146,0.21485096
2233026230,0.31837863,0.41819665,0.2634247
2233136854,0.41197434,0.31985635,0.26816934
2233464979,0.41758186,0.39217046,0.19024767
2233602759,0.41564292,0.3168449,0.26751214
2233784528,0.28381944,0.46915054,0.24703002
2234535874,0.35279888,0.46209908,0.18510208
2234538558,0.41196823,0.41011927,0.17791252
2234677058,0.31901804,0.46893108,0.21205087
2235424925,0.27600533,0.38950616,0.3344885
2235703451,0.43552125,0.3541067,0.21037202
2236034374,0.4948187,0.3098018,0.19537947
2237143606,0.38491672,0.3921309,0.22295237
2237157568,0.50566435,0.29753757,0.19679812
2237737110,0.3358811,0.4013821,0.26273686
2238701775,0.43596727,0.32781288,0.23621982
2238940710,0.5247184,0.26461443,0.21066712
2239247101,0.3950569,0.36194706,0.24299604
2239368007,0.4275084,0.36992228,0.20256928
2239398601,0.35818803,0.43379426,0.2080177
2239628661,0.324522,0.38606694,0.2894111
2240042679,0.3765429,0.39263478,0.23082234
2240093497,0.27449125,0.28334174,0.44216695
2240344484,0.4814481,0.2907831,0.22776878
2240362543,0.42422992,0.38750374,0.1882663
2241867482,0.22695751,0.54453045,0.22851205
2241998178,0.23977348,0.37178788,0.38843864
2242269200,0.27790356,0.41615954,0.30593693
2242431173,0.506126,0.281373,0.21250105
2242543439,0.4361379,0.31513447,0.24872762
2242714616,0.3851477,0.31861544,0.2962368
2243142361,0.26671857,0.42807338,0.3052081
2243556972,0.37668562,0.41299462,0.21031979
2243685884,0.38326824,0.33740556,0.27932614
2243693174,0.45069802,0.34796563,0.20133635
2243848326,0.39610106,0.30172044,0.3021785
2243938584,0.36171684,0.3356816,0.30260158
2243973476,0.26938936,0.45998332,0.27062732
2244151821,0.4944551,0.3083206,0.1972243
2244268843,0.36846605,0.40096003,0.23057398
2244484103,0.44778556,0.2575427,0.2946717
2244534773,0.36118096,0.31423163,0.32458743
2244992410,0.35429293,0.4260437,0.2196634
2245163348,0.36889204,0.39155185,0.2395561
2245614282,0.3408897,0.23601967,0.4230906
2246249715,0.39054024,0.34512556,0.2643342
2246939712,0.40312874,0.41626397,0.18060729
2247041495,0.29200462,0.51218385,0.19581157
2247692776,0.3448304,0.4353292,0.21984038
2247875040,0.26737517,0.3373954,0.39522946
2249010252,0.38036555,0.34185648,0.27777797
2249673992,0.39956817,0.373763,0.22666879
2249988970,0.29561445,0.28257278,0.42181277
2250272582,0.37648994,0.43929863,0.18421143
2250362199,0.42170304,0.3845126,0.19378436
2250714658,0.34183124,0.41307363,0.24509516
2250735019,0.3972643,0.3279729,0.27476287
2251047955,0.40307546,0.35582173,0.24110276
2251232652,0.34495306,0.28554907,0.36949784
2251759744,0.282822,0.27764356,0.43953443
2251843205,0.24108823,0.4735778,0.285334
2251939543,0.30413193,0.45886216,0.23700595
2252414804,0.38348514,0.41192308,0.20459181
2252884731,0.45154214,0.3056649,0.242793
2252887706,0.28619432,0.5187426,0.19506305
2253357795,0.45055342,0.29093283,0.25851378
2253574771,0.36437106,0.26510465,0.3705243
2253747406,0.32393867,0.32013184,0.3559295
2253864229,0.31278723,0.41296816,0.2742446
2254046999,0.34595752,0.46777505,0.18626742
2254048589,0.3943956,0.38319856,0.22240582
2254224034,0.4224164,0.3386137,0.23896989
2254426470,0.29860872,0.5168947,0.18449654
2254507079,0.38443553,0.41088724,0.20467722
2255288536,0.3477387,0.41207987,0.24018148
2255614351,0.3435448,0.41836613,0.23808901
2256923423,0.23211692,0.57774043,0.19014266
2257021260,0.36160237,0.32046053,0.31793714
2257107825,0.40612012,0.38185835,0.21202148
2257156861,0.4213249,0.36872077,0.20995432
2257320763,0.5104559,0.28151625,0.20802784
2257485351,0.31439224,0.39101702,0.2945907
2258030484,0.38901368,0.32947206,0.2815143
2258089981,0.37461498,0.35920316,0.26618183
2258364823,0.4926651,0.20389445,0.30344045
2258614567,0.4109391,0.3917513,0.19730963
2258869950,0.24864042,0.52788997,0.22346964
2259377843,0.2879544,0.3143788,0.3976668
2259501414,0.25648826,0.5653601,0.17815164
2259725460,0.22123149,0.5576763,0.2210922
2259755756,0.3591959,0.34254783,0.29825628
2260291906,0.3919741,0.35726815,0.25075778
2260399466,0.23672566,0.3909378,0.37233657
2260590782,0.32946333,0.26997995,0.40055674
2260625625,0.36754715,0.40999913,0.22245371
2260701213,0.35047397,0.40847254,0.24105352
2260901723,0.33243626,0.4621119,0.20545185
2261227235,0.31170338,0.38024604,0.3080505
2261360754,0.40005416,0.23175539,0.36819044
2261368285,0.40148985,0.4176181,0.18089204
2261616597,0.45042434,0.26783627,0.28173938
2262228764,0.33715802,0.38478476,0.27805728
2262603225,0.52121353,0.3002876,0.1784988
2262910584,0.48877966,0.22031811,0.29090223
2263042922,0.30216902,0.30272725,0.39510375
2263088754,0.20423338,0.63269293,0.16307372
2263676581,0.33947337,0.38845998,0.27206665
2263812852,0.52308214,0.28868115,0.18823673
2263973959,0.42590773,0.3303409,0.24375138
2264205677,0.33429784,0.3459825,0.31971967
2264811996,0.3622093,0.38560838,0.25218233
2265911388,0.3478093,0.33706743,0.31512323
2266370883,0.3545298,0.38634074,0.25912946
2266626524,0.4185821,0.3322157,0.24920215
2266929821,0.33397144,0.44164512,0.22438347
2268031415,0.28027353,0.50534546,0.21438102
2268258825,0.34083596,0.35972515,0.2994389
2268484365,0.4462083,0.31642467,0.23736705
2268566746,0.26484436,0.5260703,0.2090854
2268661926,0.4159543,0.32689407,0.25715166
2268837405,0.29595917,0.51041347,0.19362733
2269391844,0.3309513,0.39453912,0.27450958
2269714075,0.50429904,0.28525257,0.21044835
2269869726,0.49166346,0.28930748,0.21902907
2270129597,0.5076548,0.2713599,0.22098538
2272000761,0.31571695,0.2890876,0.39519548
2272217115,0.30602187,0.3679418,0.32603636
2272527009,0.3970039,0.35989657,0.24309957
2272555317,0.5853349,0.20521541,0.2094496
2272604445,0.33750966,0.3659562,0.29653412
2273036478,0.27623463,0.2596533,0.46411207
2273054458,0.43292618,0.37084234,0.19623154
2273230065,0.35377568,0.328749,0.31747526
2273396513,0.36158556,0.43444383,0.20397061
2273489101,0.2973851,0.41501018,0.2876047
2273560254,0.24316926,0.53856444,0.21826635
2274682490,0.34975058,0.26321435,0.3870351
2275624476,0.36947584,0.35817814,0.27234602
2276195721,0.3354596,0.4166004,0.24793994
2276291366,0.347713,0.40675902,0.24552798
2276327235,0.38594422,0.38295853,0.23109725
2276493335,0.30954763,0.48303977,0.20741259
2277069304,0.28278142,0.48047718,0.23674135
2277213941,0.37950933,0.31947207,0.3010186
2277528057,0.37155896,0.3763922,0.25204885
2277602742,0.31829464,0.29461497,0.38709038
2277788313,0.3257963,0.4829837,0.19121994
2277949848,0.31664747,0.36752194,0.3158306
2277995463,0.32463986,0.3261237,0.34923637
2278048953,0.2862943,0.38993388,0.32377183
2278130816,0.32687747,0.43827087,0.2348516
2278548621,0.37235785,0.36156696,0.26607522
2278645333,0.3596928,0.3947447,0.24556252
2279101646,0.3106837,0.33663052,0.3526858
2279389952,0.4315366,0.3450025,0.22346088
2279732936,0.34102988,0.34235644,0.31661364
2279877842,0.4191066,0.32947743,0.25141597
2279975859,0.30901557,0.44460553,0.24637887
2280085528,0.2601951,0.52620864,0.21359628
2281685417,0.4522832,0.34395722,0.20375958
2281818481,0.40318292,0.26237637,0.3344407
2282705839,0.36085373,0.36445993,0.27468628
2282705868,0.24182919,0.24056433,0.51760644
2282841265,0.27955228,0.4586261,0.26182163
2283090967,0.31883836,0.3466098,0.3345518
2283123348,0.4557215,0.33322012,0.21105841
2283230435,0.42933807,0.3428671,0.22779483
2283721265,0.39567822,0.42706922,0.17725256
2283799773,0.36204863,0.38359398,0.25435737
2283908747,0.4016207,0.34469005,0.25368926
2284377869,0.27573562,0.4841377,0.24012667
2284806454,0.32883215,0.33032858,0.34083927
2285455719,0.2283826,0.54328346,0.22833398
2285609556,0.43703288,0.36433282,0.19863431
2285980922,0.30854172,0.28261912,0.4088391
2286215611,0.29532757,0.3928482,0.3118242
2286973955,0.37537652,0.32612732,0.29849613
2287083045,0.48472333,0.2845145,0.23076212
2287177410,0.5388679,0.26822343,0.19290867
2287537789,0.34903014,0.356026,0.29494387
2287579266,0.34939814,0.31737414,0.33322775
2287889263,0.47434622,0.33818856,0.18746525
2287899582,0.3296392,0.38120466,0.28915614
2288347256,0.35038573,0.3977027,0.25191158
2288523008,0.4638679,0.32099932,0.21513279
2288657834,0.29126328,0.28778988,0.42094684
2288760105,0.37965757,0.37219763,0.2481448
2289415690,0.34976313,0.38788474,0.2623521
2289487916,0.35071564,0.417795,0.2314893
2289565580,0.42307615,0.3599009,0.21702296
2290250786,0.35283613,0.39261603,0.25454783
2290365581,0.37267035,0.3481366,0.27919304
2290629924,0.36156148,0.38908774,0.24935076
2291509081,0.26127583,0.5048644,0.23385975
2291644027,0.40919292,0.24564643,0.34516066
2291743554,0.43439257,0.29166698,0.2739405
2291804439,0.3523824,0.3475097,0.3001079
2292173803,0.3156908,0.28179368,0.40251553
2293061324,0.32791868,0.45448804,0.21759328
2293083180,0.33379853,0.41227794,0.25392354
2293924590,0.32478192,0.46851972,0.20669833
2294261811,0.4051714,0.3570165,0.23781206
2295852258,0.4854386,0.26996043,0.24460095
2296290497,0.3503597,0.38897067,0.26066962
2296874163,0.3572347,0.4233412,0.2194241
2296934182,0.36178672,0.34963188,0.28858143
2297090030,0.40715444,0.36818382,0.22466177
2297168452,0.46349925,0.29293817,0.24356258
2297732304,0.38142943,0.37073052,0.24784002
2297936535,0.29221946,0.2795023,0.42827827
2298155581,0.46317333,0.30789113,0.2289356
2298216454,0.484062,0.2918719,0.22406611
2298235111,0.33183992,0.28684965,0.3813104
2298239086,0.31440496,0.2562807,0.42931435
2299155412,0.36767578,0.25274748,0.37957668
2299271255,0.4850044,0.28547248,0.22952315
2299471742,0.33802968,0.30634993,0.35562032
2299761733,0.29244953,0.27908713,0.4284633
2300108652,0.31634378,0.46937785,0.21427839
2300490362,0.4174542,0.3453662,0.23717962
2300549042,0.46489066,0.3089381,0.22617126
2300898842,0.30726534,0.46582603,0.22690868
2301493272,0.39913273,0.2909702,0.3098971
2301554933,0.5022372,0.28743938,0.21032342
2301617323,0.29687423,0.48107445,0.22205131
2301986632,0.3894316,0.37794632,0.23262206
2302233647,0.2535975,0.45427728,0.29212523
2302623988,0.3267616,0.4477837,0.22545472
2302861268,0.29162169,0.48640904,0.22196925
2303525741,0.3089146,0.39484045,0.29624492
2303623259,0.39089644,0.3047961,0.30430743
2303837027,0.40913796,0.3007775,0.2900845
2304731898,0.2585974,0.41168755,0.32971507
2304824579,0.21341346,0.5836475,0.2029391
2305112741,0.28128257,0.45563036,0.2630871
2305176643,0.33175418,0.40521735,0.2630285
2305232093,0.2418276,0.5809494,0.17722297
2305902441,0.29438913,0.4196369,0.28597394
2305993712,0.5264801,0.30352595,0.16999398
2306752102,0.47405446,0.30400985,0.22193573
2307256472,0.32087862,0.49285305,0.18626836
2307526151,0.4888041,0.31357652,0.19761935
2307727078,0.2976376,0.41184,0.2905224
2308372338,0.23438177,0.2537388,0.5118794
2308766625,0.2949965,0.5179026,0.18710089
2309158505,0.5066858,0.29432467,0.19898956
2309437212,0.41823477,0.31854704,0.2632182
2309480558,0.3574886,0.30759078,0.3349206
2309569202,0.33358377,0.4211554,0.24526079
2309734731,0.35481358,0.42887563,0.21631077
2309742765,0.3529883,0.39353988,0.25347182
2310025375,0.3417761,0.40849322,0.24973069
2311861550,0.52307516,0.2760295,0.20089526
2311883372,0.30548567,0.30283818,0.3916762
2312015190,0.28746864,0.4121509,0.3003805
2313368401,0.2343067,0.5967609,0.16893236
2314578888,0.39270246,0.37689996,0.23039757
2314798280,0.37562972,0.38135725,0.243013
2315421417,0.35271877,0.298589,0.3486923
2315688527,0.37256366,0.37309772,0.25433865
2316185904,0.24431491,0.4026308,0.35305426
2316304601,0.62378,0.22099306,0.15522692
2316892151,0.41045812,0.40135115,0.18819074
2317205627,0.4170441,0.35984653,0.22310933
2317567630,0.32185718,0.3404519,0.3376909
2318230216,0.33289742,0.38414952,0.28295308
2318393950,0.3419386,0.39199919,0.26606214
2319174889,0.42842662,0.34410512,0.22746825
2319284737,0.5554745,0.2412894,0.20323606
2319589485,0.5944479,0.23943488,0.16611725
2319727724,0.4157758,0.37835747,0.20586675
2319835629,0.27979305,0.46157557,0.2586314
2320065969,0.36954,0.4090349,0.22142512
2320399590,0.30250597,0.36207914,0.33541495
2320671310,0.5389499,0.23947176,0.22157833
2321109988,0.29721054,0.5172866,0.18550283
2321732473,0.4765592,0.2871474,0.2362934
2322844742,0.2424101,0.57893467,0.1786552
2323245134,0.3193673,0.43409446,0.2465383
2323858926,0.40058973,0.3449006,0.2545097
2324135021,0.650836,0.1926686,0.1564954
2325743881,0.357948,0.31003007,0.33202195
2325752380,0.37962294,0.4005118,0.21986523
2325816682,0.4508949,0.2975031,0.251602
2326009413,0.34947467,0.40948692,0.24103841
2326374927,0.32413644,0.50076276,0.17510079
2327653937,0.437069,0.30487162,0.25805938
2327958711,0.3397547,0.39118242,0.2690629
2328231803,0.5413315,0.2576649,0.20100355
2328286023,0.4069718,0.3497125,0.24331564
2328333825,0.5129353,0.29534495,0.19171973
2329809740,0.27784663,0.41033745,0.31181592
2329899619,0.24885178,0.34972024,0.40142798
2332019993,0.3394246,0.36999178,0.29058355
2332716265,0.31239337,0.30827618,0.37933046
2333969074,0.43840036,0.3402658,0.22133383
2334935406,0.29355228,0.26846206,0.43798572
2335320120,0.29261687,0.3482928,0.35909033
2335801985,0.48969895,0.2566799,0.2536212
2336145831,0.37471998,0.372815,0.252465
2336742276,0.33399516,0.33498034,0.33102453
2336800365,0.36072195,0.39345083,0.24582724
2337354178,0.55117255,0.26972505,0.17910239
2337402349,0.37571493,0.3850041,0.23928097
2337701591,0.30143848,0.45101723,0.24754429
2338032702,0.2755967,0.41670048,0.3077028
2338658129,0.626289,0.18930042,0.18441057
2338870471,0.3779776,0.42570934,0.19631302
2339243447,0.3189407,0.33349663,0.3475627
2339448824,0.37456715,0.38414794,0.2412849
2339844808,0.28588185,0.23185763,0.48226053
2339905997,0.32604882,0.3407908,0.33316034
2340354939,0.39667588,0.3157872,0.2875369
2340629349,0.3704693,0.3965522,0.23297843
2340736116,0.37846914,0.37514114,0.24638969
2341034689,0.30711454,0.49803233,0.19485313
2341205378,0.38795084,0.37088844,0.24116077
2341370632,0.3217456,0.44827485,0.22997953
2342106205,0.39926252,0.2979464,0.3027911
2342144561,0.42038107,0.30713493,0.272484
2342189940,0.40716988,0.3469056,0.24592455
2342867809,0.35360014,0.38369155,0.26270837
2342960941,0.45467335,0.33454633,0.21078032
2343513808,0.33928773,0.3780199,0.28269237
2343586293,0.43835708,0.32033294,0.24131002
2344373272,0.42607057,0.38554677,0.1883827
2344747052,0.2657018,0.5389257,0.19537249
2344858464,0.3067839,0.43822622,0.25498986
2345268643,0.2973603,0.36911273,0.33352697
2346016489,0.2614631,0.5196654,0.21887147
2347273010,0.41061932,0.35951066,0.22987005
2347356295,0.39542818,0.4163347,0.18823709
2347847570,0.3893884,0.25560537,0.3550062
2348272183,0.3887445,0.36284924,0.24840625
2348451795,0.3981924,0.35315058,0.248657
2348960380,0.28389958,0.49794686,0.21815355
2349094155,0.49425632,0.27695152,0.22879219
2349405396,0.35103393,0.3523097,0.29665637
2349437497,0.34637114,0.4056549,0.24797392
2349703429,0.37030166,0.40629023,0.22340809
2349967792,0.16861889,0.65249914,0.17888197
2350144674,0.3674547,0.39420503,0.23834024
2350765245,0.39557976,0.3791073,0.22531295
2351144599,0.3311016,0.45985958,0.2090388
2351516807,0.4948883,0.31915867,0.18595299
2351558719,0.4515021,0.29791278,0.2505851
2351922399,0.42739415,0.3721602,0.20044565
2351932809,0.41677225,0.3097962,0.2734316
2352254225,0.34969634,0.44466177,0.2056419
2352319666,0.3358021,0.4403777,0.22382016
2353269674,0.4096536,0.3574817,0.23286474
2354965063,0.23775974,0.5473974,0.2148429
2355370819,0.32476807,0.3298323,0.34539968
2356072116,0.40170524,0.38940245,0.20889235
2356093349,0.30389172,0.38916475,0.30694354
2356433939,0.3836794,0.3715518,0.24476877
2356916611,0.36943316,0.37461698,0.2559498
2357015465,0.3554632,0.42211396,0.2224229
2357033800,0.38393307,0.4033373,0.21272963
2357149437,0.50194037,0.30081645,0.19724312
2357713634,0.21612957,0.6048629,0.1790075
2358599888,0.39778,0.36686844,0.23535156
2358729868,0.3094852,0.4763217,0.21419305
2358911925,0.40177703,0.38114583,0.2170771
2359368349,0.34102303,0.23041588,0.42856103
2359682849,0.39709306,0.3649297,0.2379772
2359796484,0.344768,0.42979735,0.2254346
2360025170,0.40067247,0.3493305,0.24999702
2360128049,0.38068613,0.35155845,0.26775545
2360485652,0.22958043,0.53463423,0.23578534
2360768586,0.3401186,0.30082238,0.35905904
2361048889,0.5263655,0.24351811,0.23011637
2361577353,0.36352748,0.40397608,0.23249641
2362094413,0.42142263,0.37691218,0.2016652
2362145919,0.3694051,0.38389194,0.246703
2362455694,0.3738184,0.39647782,0.22970378
2363149426,0.39273542,0.306387,0.3008775
2363172953,0.35943088,0.42931375,0.21125537
2363245996,0.40178666,0.35070688,0.24750644
2363311724,0.35851118,0.4389686,0.20252022
2364323122,0.37345928,0.36463195,0.26190877
2364596649,0.5096852,0.2929397,0.19737509
2365440041,0.55495316,0.24984574,0.19520104
2365542226,0.4055184,0.32644868,0.2680329
2366095492,0.42956805,0.33678848,0.23364344
2366420643,0.40930557,0.30680436,0.2838901
2367207365,0.33629596,0.39327466,0.27042937
2367640696,0.22325377,0.23072061,0.54602563
2367721699,0.41605163,0.31707412,0.2668742
2368144673,0.37711814,0.38828862,0.2345933
2368331335,0.4414942,0.32079244,0.23771334
2368356711,0.5985999,0.18894431,0.21245575
2368444913,0.33474994,0.39917135,0.26607865
2368636456,0.37192613,0.30057085,0.327503
2368800749,0.42280734,0.3358493,0.24134341
2368858442,0.33678347,0.42451504,0.23870148
2369365630,0.35389164,0.417948,0.22816035
2369712796,0.27753687,0.27753687,0.44492617
2370100265,0.29623392,0.35770863,0.34605742
2370109546,0.40482455,0.3574823,0.2376931
2370610041,0.308981,0.44422716,0.24679184
2371828001,0.337488,0.4297487,0.23276328
2371832570,0.39399272,0.37973255,0.22627476
2371966696,0.3014211,0.47703803,0.22154084
2373307515,0.4329568,0.37822714,0.1888161
2373347090,0.40891725,0.34917095,0.2419118
2373895054,0.37768295,0.37512332,0.2471937
2373926678,0.5398932,0.2731589,0.18694793
2374299357,0.40942526,0.3923409,0.19823387
2374399899,0.33892798,0.4573624,0.20370959
2375014351,0.38901258,0.3618757,0.24911174
2375046625,0.32001996,0.44609332,0.23388675
2375919721,0.38547343,0.3731295,0.24139711
2375960531,0.40721712,0.36642724,0.22635567
2376618034,0.32354668,0.4783656,0.19808772
2376666178,0.3579573,0.42729294,0.21474978
2376669737,0.34692308,0.44093677,0.21214014
2376723436,0.3661443,0.37688184,0.2569739
2376959107,0.40859777,0.38316718,0.20823507
2377010162,0.33150783,0.49772865,0.1707635
2377305412,0.4032537,0.3723247,0.22442159
2377916005,0.32112312,0.45197025,0.22690663
2377966816,0.35431105,0.37074274,0.2749462
2378052407,0.37255552,0.40092415,0.22652029
2378130283,0.26608884,0.4167542,0.317157
2378282672,0.49055636,0.30778354,0.20166007
2378920020,0.25965208,0.31744978,0.4228981
2379090451,0.35748288,0.4354492,0.2070679
2379221586,0.48751462,0.3144321,0.19805327
2379423434,0.3170961,0.32844645,0.35445744
2379534169,0.35572115,0.36019793,0.28408092
2379733619,0.4065877,0.31176943,0.2816429
2379930608,0.39045456,0.4149022,0.19464327
2380072139,0.41098762,0.26943192,0.31958044
2380758877,0.38732415,0.4064598,0.20621601
2381937931,0.4237767,0.26813382,0.3080895
2381974308,0.32334608,0.35634422,0.3203097
2382492365,0.2056021,0.5883484,0.20604953
2382701449,0.34910524,0.44273338,0.20816141
2383463586,0.3904087,0.4108871,0.19870427
2383595105,0.3157486,0.42998153,0.25426984
2383644253,0.32801208,0.4774512,0.1945367
2383782334,0.3458795,0.3851208,0.26899967
2384021934,0.4327094,0.35418603,0.21310455
2384204455,0.28238195,0.46131194,0.25630614
2384263576,0.31207812,0.333321,0.35460085
2384387485,0.40795732,0.29322165,0.29882103
2385120306,0.38710648,0.36946726,0.24342625
2385405617,0.34385145,0.45077205,0.20537652
2385784465,0.25927582,0.56612957,0.17459464
2385802286,0.28615636,0.37633106,0.33751255
2386977054,0.3430068,0.2832979,0.3736953
2387077111,0.3449273,0.29849136,0.35658133
2388254549,0.32438746,0.46586043,0.20975211
2388602617,0.28680876,0.46560198,0.24758929
2388755514,0.5714439,0.23711133,0.19144477
2388986931,0.32096308,0.3191275,0.35990936
2389025868,0.49731925,0.241119,0.26156178
2389250828,0.27470744,0.4395488,0.28574377
2389365711,0.48401666,0.29054365,0.2254397
2389556830,0.4149797,0.3369641,0.24805623
2389743946,0.49528444,0.29424775,0.21046779
2389903777,0.35922882,0.34686744,0.2939038
2389915850,0.39226002,0.38414457,0.22359541
2390156446,0.337843,0.45273483,0.20942219
2390244096,0.20531955,0.5467397,0.2479407
2390411600,0.2039896,0.61252195,0.18348846
2390512075,0.45982555,0.31330192,0.22687247
2391093465,0.2608235,0.521556,0.2176205
2391738279,0.302155,0.4756965,0.22214851
2392809497,0.44055343,0.32054377,0.23890279
2393150957,0.48448896,0.30042112,0.21508992
2393371224,0.5371789,0.2826066,0.18021454
2393662722,0.37616947,0.2945544,0.32927614
2394593653,0.27018037,0.50076807,0.22905158
2395065649,0.30234244,0.41574305,0.28191453
2395105451,0.25870752,0.52768546,0.213607
2395108707,0.276304,0.49924296,0.22445305
2395527031,0.4377265,0.35115078,0.21112269
2395683640,0.30767667,0.38759124,0.30473208
2395790983,0.43223846,0.33339766,0.23436384
2397111704,0.32648838,0.31509638,0.3584152
2397261381,0.3897097,0.384053,0.22623725
2397567716,0.33644795,0.3516765,0.31187558
2397682772,0.42649487,0.3325832,0.24092197
2398123095,0.5784718,0.22456315,0.19696507
2398257139,0.2681334,0.4264639,0.3054027
2398665316,0.3461886,0.46870613,0.18510525
2399042496,0.36338705,0.41354436,0.22306857
2399523693,0.36776325,0.41598797,0.21624875
2399696009,0.44604406,0.29702023,0.25693575
2399794899,0.3878616,0.41370916,0.19842923
2400241545,0.34025633,0.32920444,0.3305392
2400318346,0.37222123,0.40245152,0.22532725
2400456246,0.48087907,0.30644834,0.21267262
2400912628,0.2379175,0.5111475,0.25093505
2401091015,0.4500211,0.25918752,0.29079136
2401199328,0.36530536,0.3660518,0.26864278
2401928641,0.29225308,0.43008134,0.27766562
2402017625,0.46811372,0.3165367,0.21534958
2402150878,0.3798681,0.38079733,0.23933461
2402555601,0.36906576,0.35745126,0.27348304
2402931022,0.3719511,0.38682264,0.24122626
2403106077,0.37436968,0.41000038,0.21562994
2403653152,0.27870277,0.47350198,0.24779531
2403721732,0.47149342,0.28972214,0.23878443
2403899025,0.4223211,0.30434865,0.2733302
2404311961,0.3244338,0.2991227,0.37644354
2405133909,0.30375654,0.31643543,0.37980807
2406325595,0.26522473,0.42789638,0.3068789
2406953969,0.31461754,0.31040958,0.37497288
2407062010,0.37787396,0.39528006,0.22684596
2407091700,0.20016849,0.21878147,0.58105004
2407449703,0.47267872,0.32347518,0.20384607
2407648828,0.3666504,0.39540285,0.23794678
2407802914,0.3695442,0.30639035,0.32406545
2407884200,0.3025614,0.31321353,0.38422513
2408356785,0.34729344,0.3462442,0.30646235
2408360240,0.42899263,0.31133702,0.25967032
2408731329,0.42292655,0.33994198,0.23713148
2408865566,0.3177765,0.41299015,0.26923332
2409416523,0.31098762,0.47879696,0.21021543
2410204942,0.29546866,0.29714268,0.40738863
2410336857,0.30972576,0.2466656,0.44360867
2411470560,0.32728505,0.35425356,0.31846133
2411556627,0.21733716,0.24723572,0.5354271
2411825432,0.36072642,0.38692027,0.25235328
2412438988,0.33991182,0.43714523,0.22294289
2412991915,0.5061593,0.25224167,0.24159896
2413595222,0.3054641,0.44973594,0.24479999
2413926288,0.33493823,0.40734154,0.2577202
2413956735,0.39481756,0.38661426,0.21856819
2414012742,0.41544014,0.38413447,0.20042536
2414092832,0.36373007,0.4391989,0.19707099
2414273651,0.46236038,0.2958076,0.241832
2414308491,0.37857315,0.43971843,0.18170843
2415195857,0.37976503,0.36035287,0.25988206
2415383228,0.32175833,0.3777606,0.30048108
2415403062,0.30382648,0.26803917,0.42813438
2415446156,0.30041164,0.5006575,0.19893087
2416589562,0.37522793,0.3586257,0.26614636
2416801949,0.32001042,0.30170357,0.378286
2417597174,0.3508198,0.37964112,0.2695391
2417650863,0.3181597,0.46365327,0.218187
2417717608,0.5154959,0.2884224,0.19608164
2418834707,0.30262512,0.45052856,0.24684629
2419278518,0.3782894,0.37465322,0.24705738
2419574676,0.3934836,0.34359145,0.2629249
2419577276,0.5559436,0.22511795,0.21893843
2419630349,0.2590343,0.2692958,0.47166985
2419659721,0.3052892,0.45534983,0.23936096
2420178834,0.28405792,0.43543023,0.28051183
2420884713,0.30470616,0.34271753,0.35257632
2420968722,0.33089265,0.49294066,0.17616668
2421374811,0.38737378,0.3892181,0.22340816
2422033168,0.35611677,0.24764352,0.39623973
2422268614,0.27198654,0.41780692,0.31020653
2422473474,0.3732531,0.4277863,0.19896063
2423202156,0.37849158,0.31925073,0.30225772
2423527015,0.29008538,0.50167924,0.20823535
2423936505,0.40354586,0.41225123,0.18420297
2423995003,0.4518463,0.33846217,0.20969152
2424333690,0.41316444,0.32415974,0.26267582
2425146743,0.3935507,0.38984478,0.21660455
2425254861,0.36564726,0.407084,0.22726876
2425599311,0.39928478,0.37823644,0.2224788
2425617159,0.33576575,0.36746705,0.29676718
2425787535,0.3939647,0.4026246,0.20341069
2425886594,0.23318045,0.20825483,0.5585648
2426107405,0.29237902,0.4736529,0.23396811
2426326846,0.33073366,0.41599402,0.25327227
2426617324,0.35112053,0.33789405,0.31098542
2426740784,0.37797138,0.352947,0.26908165
2427142557,0.46655506,0.30921927,0.22422564
2427510819,0.26350218,0.47809693,0.2584009
2427556229,0.314705,0.43838117,0.24691384
2427612021,0.41335836,0.37141573,0.2152259
2428305916,0.38944098,0.32878697,0.28177205
2428596995,0.3670935,0.33836755,0.29453894
2429508308,0.27511558,0.3902651,0.33461934
2429998915,0.28377026,0.40137386,0.31485587
2430448856,0.38227987,0.4316485,0.18607166
2430585647,0.3709041,0.35381237,0.27528352
2431100456,0.39057994,0.34033114,0.26908892
2431513002,0.39861733,0.40110928,0.20027336
2432061613,0.34125185,0.38041028,0.27833784
2432360886,0.39740524,0.36886382,0.23373097
2432385329,0.29707757,0.3334537,0.36946872
2432555648,0.36884624,0.31494185,0.3162119
2432681894,0.3614601,0.38016444,0.25837544
2433003850,0.3449418,0.36238888,0.29266933
2433131944,0.29043096,0.23883173,0.47073734
2433485976,0.3686693,0.41503853,0.21629211
2433718449,0.40781638,0.3488608,0.24332277
2434017401,0.40009892,0.3692115,0.23068959
2434791072,0.31155244,0.30216843,0.38627917
2435248393,0.39602298,0.32082433,0.2831527
2435474799,0.4872417,0.26049194,0.25226635
2435732786,0.28635752,0.32337695,0.39026552
2436278966,0.2630631,0.4425072,0.29442972
2437144881,0.44746715,0.3527477,0.19978511
2437349405,0.29252627,0.3863872,0.32108653
2437677402,0.38319367,0.39473814,0.22206816
2438059399,0.3316803,0.31506273,0.353257
2438160131,0.37608182,0.41526717,0.20865104
2439244829,0.38554204,0.24699597,0.36746198
2439584473,0.45249635,0.27581233,0.27169132
2440211826,0.37134343,0.39587927,0.23277731
2440266349,0.4799614,0.316109,0.20392966
2440384486,0.40873876,0.34269542,0.24856582
2440741170,0.3983856,0.33737326,0.26424113
2441142814,0.41375655,0.38491115,0.20133236
2441519176,0.24493699,0.54227304,0.21278998
2442168902,0.29813874,0.3581385,0.34372282
2442283683,0.4180644,0.3299923,0.25194332
2442649809,0.49996442,0.27452618,0.22550943
2443714635,0.3798967,0.3797021,0.24040122
2443766523,0.36510414,0.3845028,0.2503931
2443965499,0.43276137,0.36140862,0.20583005
2444014406,0.29190174,0.48035157,0.2277467
2444067125,0.5439229,0.22976218,0.2263149
2444071106,0.38772035,0.33440745,0.2778722
2444924571,0.28468716,0.47274634,0.2425665
2446613126,0.39168653,0.36907494,0.23923847
2446993572,0.44577062,0.30735207,0.24687728
2448932652,0.42789185,0.3401681,0.23194006
2448933783,0.47724885,0.27901897,0.24373221
2449032772,0.39351946,0.38409793,0.2223826
2449364552,0.36446005,0.37836087,0.25717908
2449480259,0.4592396,0.3120715,0.22868887
2449678658,0.32848796,0.41306394,0.25844812
2449716539,0.36423254,0.36697435,0.26879314
2449778810,0.24655023,0.57246673,0.1809831
2449869006,0.29511333,0.46460912,0.24027759
2450030848,0.36281168,0.42947373,0.20771462
2450206764,0.39270234,0.3553167,0.25198096
2450358077,0.335531,0.28243983,0.38202918
2450709382,0.37832564,0.36702204,0.25465232
2451502215,0.38401258,0.42835063,0.18763682
2451997920,0.44073343,0.32921392,0.23005265
2452238584,0.35012025,0.43023527,0.21964449
2452535746,0.38349244,0.4095633,0.20694426
2453515130,0.36796156,0.4115669,0.22047158
2454030277,0.43646055,0.3238641,0.23967531
2454387397,0.34034258,0.44543415,0.21422328
2454482645,0.25995862,0.5376042,0.20243715
2454550165,0.4720329,0.23507905,0.29288802
2455372609,0.39496928,0.3873431,0.21768758
2455449730,0.26056314,0.30050984,0.43892705
2455629304,0.3525406,0.34596002,0.30149934
2455858377,0.43287688,0.3272532,0.23986992
2455907878,0.3948152,0.39334577,0.21183902
2456019755,0.40919513,0.37894094,0.21186393
2456550872,0.38363397,0.3565654,0.25980067
2456832452,0.40627474,0.37492645,0.21879879
2457335168,0.23670843,0.5480224,0.21526921
2457493381,0.36018938,0.34488982,0.29492086
2458627578,0.33439183,0.46511787,0.20049028
2458752047,0.35389623,0.348331,0.29777277
2458873319,0.3129157,0.42773694,0.25934735
2458914892,0.30920878,0.50436807,0.18642315
2459882199,0.36672163,0.359524,0.2737543
2460119024,0.37744457,0.39469546,0.22785991
2460566400,0.35955596,0.32251194,0.31793207
2461422069,0.27462065,0.31452256,0.4108568
2461487022,0.30063355,0.29414964,0.40521684
2461509993,0.35453188,0.4380861,0.20738204
2461776584,0.42488694,0.3583445,0.2167686
2463768520,0.26464462,0.25968486,0.4756705
2463781140,0.5484592,0.2775821,0.17395876
2463976547,0.39543733,0.37341076,0.23115188
2464251501,0.32823858,0.47205663,0.1997048
2466749746,0.20482762,0.5754013,0.21977106
2467000678,0.3905558,0.36757264,0.2418716
2467043458,0.30197304,0.49437964,0.2036473
2467066106,0.2754411,0.27985948,0.44469938
2468618948,0.24978252,0.44326407,0.3069534
2468717459,0.5093507,0.25959563,0.23105362
2468949126,0.4009953,0.3988695,0.20013514
2469193852,0.32425848,0.36330646,0.31243503
2469840550,0.39247295,0.4008966,0.20663041
2469929392,0.37869596,0.3806675,0.24063656
2470010267,0.30811474,0.40381247,0.2880728
2471677637,0.2861882,0.45483127,0.25898057
2472485547,0.42231137,0.35981947,0.21786916
2473033508,0.458547,0.34515965,0.19629337
2473660748,0.4866519,0.2689128,0.24443533
2473717870,0.3714514,0.3841089,0.24443969
2473874091,0.4136682,0.2937325,0.29259932
2474551794,0.3124848,0.33328807,0.35422716
2474698532,0.3830912,0.40778786,0.2091209
2475193727,0.3768087,0.32424313,0.29894817
2475301458,0.29374522,0.38625336,0.32000142
2475363036,0.28906888,0.36175606,0.34917507
2475991334,0.31096572,0.44217,0.24686427
2476224154,0.46963152,0.3127908,0.21757765
2476616243,0.26754126,0.5315579,0.20090084
2476779188,0.27792287,0.47083786,0.2512393
2477590027,0.38155258,0.34928375,0.26916367
2477912290,0.29202437,0.5046317,0.20334393
2478107730,0.34935707,0.44052124,0.21012169
2478287811,0.3252828,0.33802906,0.33668816
2478329054,0.5279945,0.25920814,0.21279734
2478491290,0.3891174,0.27814156,0.33274108
2478669929,0.4873636,0.29248556,0.22015084
2478722986,0.38350633,0.35705793,0.2594357
2478888503,0.32230225,0.45437014,0.22332756
2479467502,0.33991858,0.35172883,0.3083526
2479872310,0.4945525,0.29849577,0.20695175
2480231681,0.55414045,0.22615023,0.2197093
2480238477,0.39326614,0.3228529,0.2838809
2481298206,0.246119,0.26089078,0.49299026
2481357069,0.34088194,0.40102583,0.25809222
2481798184,0.31961504,0.31312913,0.36725587
2481804326,0.5061209,0.25377294,0.2401061
2482497553,0.4418937,0.20554346,0.35256287
2482544912,0.36193573,0.3698423,0.26822197
2482570721,0.40256584,0.3962704,0.20116377
2482816749,0.3477195,0.45915905,0.19312146
2483241902,0.39213896,0.36716366,0.24069747
2483458204,0.42103875,0.39596352,0.1829977
2483499998,0.31111372,0.42642874,0.26245755
2484238661,0.34527874,0.44290796,0.2118133
2484654695,0.39382875,0.38675848,0.2194128
2485949758,0.40299082,0.3435074,0.25350177
2486389761,0.58610815,0.2390633,0.17482859
2486559014,0.43572825,0.30428192,0.25998983
2486658352,0.22513628,0.58706987,0.18779388
2486929670,0.3961972,0.36967522,0.23412758
2487308993,0.3795731,0.3315703,0.28885657
2487617954,0.32030746,0.2956252,0.3840673
2487730302,0.5688719,0.23112868,0.19999939
2487844321,0.37820607,0.38296342,0.2388305
2487959074,0.27484336,0.4213014,0.30385524
2488428465,0.3572843,0.35184467,0.29087102
2488786424,0.32023942,0.42796642,0.25179416
2489115127,0.2933392,0.33199358,0.37466723
2489197475,0.2987659,0.4674612,0.23377296
2490029025,0.27550706,0.47563156,0.24886134
2490814746,0.50064766,0.27990192,0.21945032
2490974487,0.3565411,0.45600438,0.18745452
2491286395,0.3941648,0.39527714,0.21055803
2492515700,0.34001762,0.4165302,0.24345219
2492518606,0.42125347,0.30117756,0.27756894
2492556699,0.3863514,0.3708797,0.24276888
2493217746,0.53213364,0.2691802,0.19868615
2493985373,0.28281426,0.49038267,0.22680308
2494114399,0.35670316,0.38606954,0.25722724
2494509325,0.34150082,0.40948933,0.24900982
2495390478,0.2279839,0.28260657,0.4894095
2495989674,0.34331307,0.3304484,0.32623857
2496118810,0.36335754,0.36251265,0.27412978
2496829672,0.37657338,0.35252416,0.27090248
2496954567,0.3504646,0.41404718,0.23548818
2497062040,0.3214591,0.25370523,0.42483562
2497552802,0.3067372,0.44724464,0.24601811
2498028879,0.28945297,0.3004316,0.41011536
2498284128,0.3555041,0.34080237,0.30369353
2498291827,0.37676165,0.4193635,0.20387489
2499033134,0.3884447,0.31562722,0.29592812
2499405009,0.36724478,0.297579,0.3351762
2499430351,0.3931666,0.3771601,0.2296733
2499550866,0.31044003,0.415951,0.27360892
2499687497,0.5669205,0.2370677,0.19601181
2500015938,0.43072635,0.36367506,0.2055986
2500330194,0.42850494,0.3257422,0.24575281
2501052276,0.39232206,0.33421513,0.27346277
2501062064,0.32649893,0.42407316,0.24942797
2501372889,0.30933452,0.42990118,0.26076436
2503174143,0.446266,0.2528193,0.30091465
2503391493,0.3391602,0.45473337,0.20610642
2503832948,0.45146376,0.2836434,0.26489288
2503844193,0.33227512,0.3290165,0.33870834
2504143711,0.28877556,0.5067687,0.2044557
2504466970,0.41302472,0.32822567,0.2587496
2504542503,0.34957576,0.4200971,0.23032707
2504973992,0.48059952,0.28527066,0.23412988
2505124725,0.30592653,0.4577469,0.23632656
2505172395,0.41067475,0.36513972,0.22418547
2505279808,0.39219278,0.3026854,0.3051218
2505444483,0.39903054,0.27193943,0.32903
2505475113,0.3195714,0.35363364,0.32679492
2505934633,0.45323977,0.28212446,0.26463577
2506054680,0.341473,0.46993375,0.18859325
2506698956,0.36773688,0.35986096,0.27240214
2506704110,0.3916995,0.3826856,0.22561494
2507042644,0.38198802,0.37785012,0.24016188
2507512342,0.38188887,0.3400728,0.27803832
2508446688,0.28389376,0.50005555,0.21605065
2508876368,0.30339155,0.45632446,0.24028403
2509008558,0.37066644,0.39366066,0.23567286
2509225776,0.40717816,0.3069644,0.2858575
2509396400,0.34232873,0.3530456,0.3046257
2509887295,0.2181656,0.5486479,0.23318659
2510229689,0.3196723,0.49077183,0.18955585
2510683344,0.37972802,0.34814388,0.27212808
2510753363,0.38055867,0.3633445,0.2560968
2510886353,0.2755198,0.5266582,0.19782205
2510888568,0.3618331,0.36467728,0.2734896
2512153588,0.24223498,0.29120126,0.46656376
2512892894,0.29763255,0.44120175,0.26116568
2513331885,0.424291,0.3087673,0.26694167
2514842588,0.37233835,0.36191928,0.26574236
2515440999,0.48383307,0.28628886,0.22987808
2515444040,0.29404002,0.35781255,0.3481474
2515910327,0.33596855,0.45520613,0.20882529
2516528447,0.27845895,0.3146724,0.40686867
2516708650,0.45104825,0.3284157,0.22053604
2516937696,0.36741006,0.3809737,0.25161624
2517495467,0.40675128,0.33784258,0.2554061
2518346222,0.34318423,0.4457656,0.21105015
2518480033,0.38612688,0.3511082,0.26276487
2518699238,0.33351195,0.36815315,0.29833496
2518736729,0.3420171,0.36494952,0.29303336
2519206101,0.4965203,0.26207316,0.24140652
2520089454,0.5020593,0.28419572,0.21374498
2520091318,0.2486376,0.23975709,0.5116053
2520270505,0.5834892,0.2431613,0.17334948
2520310468,0.31089187,0.37078124,0.3183269
2520626182,0.29769364,0.28544855,0.41685784
2521008383,0.3058082,0.45611304,0.23807877
2521197176,0.5168217,0.26857212,0.21460617
2521543379,0.23999779,0.21385786,0.54614437
2521979149,0.5006212,0.29483876,0.20454007
2522043056,0.29727048,0.2792211,0.42350847
2522383725,0.28791058,0.3897087,0.32238075
2523039102,0.38665995,0.37389028,0.23944978
2523081229,0.32120442,0.43700114,0.24179439
2524332391,0.33565462,0.42961985,0.2347255
2524661728,0.2945431,0.31034666,0.39511025
2525012307,0.44539326,0.36341506,0.19119164
2525291056,0.42255798,0.31809694,0.25934508
2525847143,0.4478091,0.27314788,0.27904302
2526393837,0.53474104,0.25819287,0.20706609
2526528602,0.31063062,0.45650166,0.23286766
2526752046,0.38356853,0.43787822,0.17855322
2526839855,0.41788894,0.35928398,0.22282705
2527310383,0.36983442,0.36338335,0.26678216
2527314521,0.5017443,0.26418743,0.23406833
2527452039,0.41337037,0.39376736,0.19286232
2527987526,0.4532984,0.29613745,0.25056413
2528317529,0.35438287,0.34186393,0.30375323
2528506173,0.2941417,0.4749155,0.23094282
2529147573,0.5342053,0.26664987,0.19914475
2529300637,0.43422616,0.31720853,0.2485653
2529517928,0.39643234,0.31517726,0.2883904
2529767260,0.35886514,0.41164264,0.22949219
2530057431,0.3499326,0.44845435,0.20161304
2530247434,0.3170588,0.33786952,0.3450716
2530465297,0.33186066,0.3548116,0.31332767
2530818386,0.500404,0.29143715,0.20815887
2531046162,0.41331667,0.30692017,0.27976316
2531156365,0.24662992,0.53999585,0.2133742
2531898268,0.45486224,0.26063895,0.2844988
2532017950,0.45809475,0.3277579,0.21414737
2532343260,0.4066132,0.34201017,0.2513766
2532497838,0.3477149,0.42283428,0.22945084
2532622864,0.2526738,0.439879,0.30744717
2534490119,0.35995358,0.36900336,0.27104306
2534788951,0.20716548,0.6083683,0.18446624
2535063091,0.4140699,0.37028205,0.21564807
2535151146,0.3425221,0.413554,0.24392386
2535230452,0.2859093,0.39267856,0.32141215
2535338934,0.35614073,0.3695848,0.27427447
2535378246,0.42615598,0.3765875,0.19725654
2535652827,0.41914332,0.3428186,0.23803808
2535828604,0.33036697,0.3904826,0.27915043
2536040122,0.40790635,0.38212126,0.20997241
2537005479,0.37460202,0.28973314,0.33566487
2537046863,0.39401755,0.32507014,0.28091234
2537603373,0.29213265,0.25422534,0.453642
2537718965,0.33196422,0.45087832,0.21715748
2537984347,0.30645645,0.30884117,0.38470238
2538485422,0.4470297,0.35838783,0.19458248
2540071605,0.45263374,0.30852827,0.23883803
2541313135,0.40945566,0.37206495,0.21847942
2541340963,0.26235497,0.45561388,0.28203118
2541394922,0.29713863,0.42369384,0.27916753
2541719152,0.4239621,0.29069865,0.28533924
2542135598,0.42474124,0.32304603,0.2522127
2542215757,0.33260608,0.4372096,0.23018435
2542925282,0.3248945,0.33850473,0.33660078
2543086774,0.41834223,0.3625635,0.21909429
2543643679,0.3655901,0.36445564,0.2699543
2543763335,0.3867158,0.3605034,0.25278082
2543936535,0.22619522,0.6100788,0.163726
2544330747,0.3759082,0.3757211,0.24837068
2545251303,0.3065959,0.4750843,0.21831982
2545371907,0.3497581,0.34968913,0.3005528
2546147077,0.3989956,0.29115388,0.3098505
2546556612,0.44975466,0.31919974,0.23104557
2547135546,0.26555243,0.5001099,0.23433766
2548069462,0.33842653,0.38353354,0.27803993
2548270733,0.424701,0.33384377,0.24145523
2549020270,0.38511795,0.37810594,0.23677614
2550121768,0.2166313,0.59571564,0.1876531
2550519097,0.45731387,0.33722416,0.20546195
2550670719,0.43807673,0.35325682,0.20866647
2550825535,0.2664535,0.40434614,0.3292004
2550904654,0.4306482,0.37137175,0.19798008
2550933307,0.32528174,0.39431444,0.2804038
2551239900,0.35145447,0.40116292,0.24738255
2551306788,0.3184789,0.48893288,0.19258821
2552086766,0.30092964,0.30482858,0.39424175
2552260381,0.29036367,0.44320154,0.26643476
2552324212,0.38849863,0.3813537,0.23014766
2552774996,0.4511631,0.30033576,0.24850112
2552897574,0.47232786,0.2790816,0.24859057
2553179428,0.2994972,0.38956073,0.31094205
2554643242,0.29564327,0.29812783,0.4062289
2555062262,0.44083852,0.32558376,0.23357773
2555217630,0.44673282,0.33312583,0.22014132
2556041753,0.3139214,0.43060035,0.25547823
2556152335,0.2676394,0.3033377,0.42902297
2556155375,0.32069504,0.45506513,0.22423977
2556292670,0.37267852,0.38230574,0.24501579
2556732787,0.40288758,0.3135232,0.28358924
2556836379,0.38918358,0.3894891,0.22132733
2556887102,0.4625855,0.31186262,0.22555187
2557086860,0.24723434,0.2521341,0.5006315
2557979542,0.3088605,0.3223575,0.36878198
2558688831,0.3160912,0.49078062,0.19312818
2559982544,0.44465673,0.33669657,0.21864673
2560010447,0.3773279,0.35592815,0.26674393
2560144452,0.3979954,0.3840414,0.21796316
2560191941,0.36371213,0.35391748,0.2823704
2560455717,0.32141125,0.45549512,0.22309366
2560760095,0.3831061,0.37805146,0.23884243
2560832433,0.3952272,0.23705845,0.36771435
2561201752,0.42880175,0.3404569,0.23074135
2561887031,0.45396262,0.31702322,0.22901413
2562212391,0.34700328,0.37481517,0.27818155
2562732118,0.3638358,0.376295,0.2598692
2563437284,0.33586413,0.42130136,0.24283448
2564124554,0.41012445,0.33517304,0.25470254
2564207957,0.35954398,0.36985087,0.27060515
2564297193,0.37188262,0.3669715,0.26114592
2564832447,0.4554572,0.29724216,0.24730067
2565077999,0.37790334,0.22191086,0.40018576
2565446845,0.5002991,0.27710414,0.2225968
2566474696,0.38244388,0.43839842,0.17915773
2566530549,0.33879083,0.39238143,0.26882777
2566869002,0.30695578,0.45491302,0.23813123
2567340275,0.42754233,0.36180496,0.21065268
2567488532,0.31306595,0.32511795,0.3618161
2567937859,0.31192684,0.41894734,0.26912582
2568374011,0.22786555,0.5669838,0.2051506
2568526189,0.38561043,0.36933866,0.24505088
2568647193,0.39286703,0.37932912,0.22780389
2568698704,0.32201964,0.35822374,0.31975663
2569473007,0.3393188,0.40483558,0.2558456
2570248818,0.4681744,0.30267292,0.22915268
2570513484,0.32331493,0.35420427,0.3224808
2571036726,0.29293886,0.4950404,0.21202075
2571371934,0.46784133,0.29029194,0.24186674
2571499918,0.3955541,0.31055227,0.29389364
2571713555,0.35000795,0.36404502,0.28594702
2571742642,0.3353759,0.4290588,0.2355653
2572095837,0.4231647,0.3775916,0.1992437
2573799204,0.2726388,0.554868,0.17249325
2573870163,0.39146236,0.34740204,0.2611356
2574400693,0.2082191,0.6059965,0.18578438
2574653521,0.4220608,0.37274182,0.20519741
2574653643,0.57076085,0.23568535,0.19355386
2574944266,0.37269613,0.39623284,0.23107103
2576302495,0.30895028,0.43255,0.25849968
2576383355,0.32603052,0.45403254,0.21993697
2576532554,0.46052045,0.32651514,0.2129644
2576544990,0.2958396,0.4933552,0.21080509
2576678855,0.455661,0.32361567,0.22072335
2576898546,0.33015496,0.39438146,0.27546367
2577382365,0.50387436,0.24691452,0.2492111
2577407319,0.39548832,0.4092467,0.19526497
2577947699,0.37429446,0.3675087,0.2581969
2578193758,0.3634777,0.30778915,0.3287331
2578822795,0.30454445,0.3814599,0.31399572
2578861050,0.30257735,0.41188192,0.28554076
2579080458,0.30810288,0.4321253,0.2597718
2579412333,0.30740017,0.35505414,0.33754572
2579936094,0.47665477,0.33058098,0.19276425
2580623008,0.45689106,0.29169014,0.25141877
2580722050,0.54150224,0.24785438,0.21064335
2581635664,0.33438635,0.27091867,0.39469492
2582148102,0.36104506,0.43777257,0.20118237
2582354624,0.4140885,0.33559906,0.25031245
2582442722,0.3307382,0.3738938,0.29536802
2582571671,0.42681774,0.34762573,0.22555658
2582576780,0.31952623,0.45161802,0.22885576
2582835428,0.34132594,0.3141017,0.3445724
2582893122,0.4438113,0.30831227,0.24787639
2583220344,0.39098033,0.39066827,0.21835142
2583538756,0.3907922,0.37647265,0.23273516
2583648342,0.27168918,0.50106597,0.22724488
2583771524,0.36443755,0.3044308,0.33113164
2584519588,0.3175106,0.4501317,0.23235771
2584790647,0.31243682,0.4235689,0.26399428
2585414767,0.43506944,0.351088,0.21384254
2586146347,0.4943368,0.2970393,0.20862387
2586261110,0.26136675,0.49324387,0.24538939
2586572429,0.49179792,0.2924378,0.2157643
2587639318,0.41192746,0.3553025,0.23277
2588407701,0.28347564,0.28645474,0.43006968
2588762617,0.442444,0.3408515,0.21670452
2588961945,0.4281562,0.29893455,0.27290922
2589004303,0.43940073,0.34237707,0.21822225
2589851649,0.36022037,0.33725724,0.30252242
2591193267,0.4043795,0.3907624,0.20485815
2591196030,0.5101085,0.3035703,0.1863212
2591288484,0.3784474,0.3656111,0.25594145
2592317676,0.32690763,0.32448605,0.3486063
2592323547,0.26652014,0.49501902,0.23846081
2592416389,0.33718646,0.3221072,0.3407063
2592585456,0.32755578,0.43498975,0.23745449
2593050210,0.5828936,0.20216885,0.21493754
2593210553,0.3236798,0.41668075,0.25963938
2593274332,0.32905215,0.43422103,0.23672682
2593535776,0.35492796,0.35972512,0.28534693
2594560709,0.36897177,0.40801468,0.22301356
2594585514,0.41973114,0.3515715,0.22869736
2594727192,0.4417082,0.35853416,0.19975764
2594902436,0.37303376,0.3950665,0.2318997
2595200122,0.36944562,0.37712947,0.25342485
2595305120,0.31972846,0.40524143,0.27503008
2596389315,0.46433923,0.3571027,0.17855808
2596516085,0.39983213,0.41181368,0.18835421
2596627771,0.28868526,0.47913787,0.2321769
2596725688,0.3058138,0.43961263,0.25457355
2596928513,0.43628088,0.35459256,0.20912656
2598290528,0.39775106,0.33614278,0.26610613
2598352607,0.2170379,0.49152982,0.29143226
2599594442,0.3151901,0.4812039,0.20360598
2600160174,0.2511798,0.21399508,0.5348251
2601432061,0.41197586,0.35664076,0.23138341
2602914297,0.38537586,0.30592623,0.30869788
2603091228,0.32239962,0.38005048,0.2975499
2603280830,0.37765732,0.36754417,0.25479853
2603774130,0.3692692,0.4305396,0.2001912
2603845718,0.32760698,0.40915617,0.26323685
2603938513,0.27677056,0.4919179,0.23131153
2605298311,0.4025362,0.35157013,0.24589361
2605362476,0.33826816,0.35255003,0.3091819
2605475620,0.37064093,0.40142044,0.22793859
2605616582,0.48645145,0.27383685,0.2397117
2605671109,0.32074398,0.4123814,0.26687467
2605687999,0.29980606,0.45255065,0.24764329
2605988559,0.21460089,0.55341613,0.23198298
2606619125,0.35192174,0.39998507,0.24809313
2606718711,0.36816674,0.31350234,0.3183309
2607213510,0.38102484,0.34569013,0.27328503
2607269768,0.23635122,0.27220765,0.49144113
2608080379,0.3131539,0.47399518,0.2128509
2608095485,0.39284936,0.38354725,0.22360344
2608448524,0.37146237,0.35395908,0.27457857
2608573383,0.43300545,0.4120375,0.15495703
2608644919,0.31949836,0.39774007,0.28276157
2609662605,0.28814948,0.44280857,0.26904202
2611549555,0.36081558,0.36136436,0.27782005
2611898954,0.28359443,0.470503,0.24590255
2612073894,0.3629164,0.3557881,0.28129548
2612342343,0.33640665,0.38567036,0.277923
2612397528,0.35961235,0.41341144,0.2269763
2613154923,0.28721088,0.4807752,0.2320139
2613573929,0.3363138,0.4400828,0.2236034
2613887730,0.33085555,0.4309954,0.23814902
2614587250,0.33982655,0.40679133,0.25338212
2614871025,0.286895,0.4497852,0.2633198
2615517055,0.37225312,0.42093933,0.20680755
2616196803,0.36117852,0.41645697,0.22236452
2616396148,0.5293234,0.2625754,0.20810118
2616646473,0.31264472,0.37869033,0.30866498
2617030016,0.36618492,0.39246997,0.2413451
2617456787,0.3403565,0.3322786,0.32736486
2617972318,0.35359952,0.39967597,0.24672452
2618015469,0.30731708,0.44915277,0.24353018
2618259910,0.32028717,0.45520836,0.22450444
2618689385,0.28663376,0.39109397,0.32227227
2618814668,0.40478015,0.34785634,0.24736351
2619534335,0.36453456,0.2661881,0.3692773
2619583436,0.27953085,0.27697477,0.4434944
2619912305,0.43875462,0.3549553,0.20629008
2621009095,0.31153184,0.45494586,0.23352224
2622032814,0.39194107,0.37612608,0.23193282
2622243815,0.3456635,0.34803322,0.30630326
2622354394,0.30761677,0.50580835,0.1865749
2622543309,0.33643204,0.37352085,0.29004708
2622954826,0.46083874,0.3389039,0.20025736
2623659662,0.5097194,0.26658702,0.22369367
2624488811,0.30147097,0.43701002,0.26151899
2624492126,0.4140576,0.3663193,0.21962301
2624868218,0.36563346,0.36059868,0.27376783
2624876513,0.31579554,0.334278,0.34992644
2625497865,0.2962641,0.32656986,0.37716603
2625976526,0.42212895,0.36884117,0.20902991
2626617835,0.39115337,0.31590682,0.2929398
2626716793,0.29716265,0.47160995,0.23122743
2626943147,0.3436983,0.3502759,0.3060258
2627495617,0.43457094,0.26183283,0.30359626
2627791758,0.38472244,0.35426772,0.26100987
2628008263,0.34462398,0.47378463,0.18159136
2628564918,0.32413593,0.426817,0.24904704
2629001724,0.32221228,0.4668719,0.21091585
2629299091,0.34983736,0.44911444,0.2010482
2629307827,0.42336982,0.263103,0.31352717
2629492453,0.32983798,0.33889967,0.33126232
2630058506,0.28435135,0.4647518,0.2508968
2630686216,0.35652155,0.40476817,0.2387103
2630822727,0.30339435,0.2459789,0.4506268
2631128906,0.431769,0.36797345,0.20025757
2631705125,0.38182157,0.4321769,0.18600155
2632123678,0.40626016,0.36907518,0.22466464
2632268159,0.30061957,0.25257522,0.44680527
2632418664,0.26858827,0.27751344,0.45389825
2632545207,0.3665896,0.34995955,0.28345084
2632635349,0.24306583,0.51640886,0.2405253
2633028511,0.48834917,0.29051042,0.22114044
2633122226,0.27958277,0.4945736,0.22584364
2633384055,0.29812586,0.38851953,0.3133546
2633687943,0.41412067,0.40060943,0.18526988
2634523124,0.5108944,0.28014678,0.20895883
2634993256,0.37413353,0.3921311,0.23373537
2635667944,0.27283248,0.5264615,0.200706
2636304533,0.48686194,0.32202816,0.19110996
2636348731,0.23065798,0.5130283,0.25631374
2636439275,0.3454588,0.4247433,0.2297979
2636515384,0.30772248,0.35741127,0.33486623
2636721403,0.4547925,0.31753793,0.22766957
2637483514,0.2924339,0.4987758,0.20879027
2638076060,0.33777708,0.3369363,0.32528663
2638584449,0.3691948,0.3565932,0.27421203
2638794991,0.42592067,0.29985228,0.27422708
2639099640,0.31802827,0.41809195,0.2638798
2639720283,0.3563168,0.3370859,0.3065973
2640017829,0.33498836,0.3483445,0.31666708
2640224766,0.38964602,0.39887136,0.2114826
2640489379,0.27019602,0.4025991,0.32720488
2640892976,0.34367508,0.42711818,0.22920671
2641440494,0.48992452,0.30462343,0.20545205
2641606021,0.4119858,0.3709906,0.21702358
2642011976,0.41380483,0.37360168,0.21259353
2642705971,0.34908152,0.4564673,0.19445121
2643086095,0.4262686,0.3814689,0.19226253
2643191064,0.29376122,0.4738269,0.23241194
2643225253,0.28414595,0.430994,0.28486007
2644509935,0.32967257,0.42285946,0.247468
2644848044,0.27568072,0.39776868,0.32655054
2644973981,0.29169807,0.44037828,0.2679236
2645007369,0.26899162,0.4729424,0.258066
2645379489,0.3245408,0.313321,0.3621382
2645898418,0.34558243,0.418369,0.23604858
2646560774,0.41930616,0.3652942,0.2153997
2646791059,0.37287202,0.3795914,0.24753661
2647165533,0.27072468,0.54057443,0.18870085
2647864748,0.36159742,0.35636204,0.28204045
2648237572,0.27738088,0.33321905,0.38940012
2648417334,0.37247646,0.36763924,0.25988433
2648604237,0.39870423,0.39967835,0.20161742
2649571769,0.29654706,0.4793044,0.22414854
2650190289,0.3365413,0.39374924,0.26970947
2651110292,0.31839764,0.47894013,0.20266221
2651171786,0.40903243,0.35854736,0.2324202
2651413315,0.3802638,0.36922184,0.25051433
2652129015,0.21912828,0.20912786,0.5717439
2652323073,0.29193836,0.4588185,0.24924317
2652518127,0.44300914,0.34727848,0.20971242
2653081180,0.44166166,0.29182675,0.26651156
2653415719,0.5125421,0.27899653,0.20846131
2653755722,0.41239348,0.33353406,0.25407243
2654086163,0.39615083,0.2833622,0.32048693
2655354347,0.41697714,0.32116348,0.26185942
2656488268,0.42895198,0.3471607,0.22388732
2656493910,0.32776022,0.43988782,0.232352
2656701859,0.41233784,0.33462825,0.25303394
2657314879,0.32408702,0.40075633,0.27515662
2657337767,0.25850612,0.5268226,0.21467125
2657921868,0.324618,0.451358,0.224024
2658008584,0.3310808,0.32268012,0.3462391
2658227355,0.3164407,0.32097286,0.3625865
2658410322,0.35332915,0.37716103,0.26950982
2658478520,0.32752255,0.4564409,0.21603657
2658969406,0.44425088,0.35029462,0.20545453
2658997919,0.41479105,0.28180787,0.30340108
2659057025,0.48587686,0.26433015,0.24979302
2659141701,0.40911964,0.39324573,0.19763461
2659634312,0.57685363,0.21363944,0.2095069
2659835705,0.29172513,0.41377416,0.2945007
2659845811,0.3826435,0.3753776,0.24197891
2660226528,0.24889544,0.3735334,0.3775712
2660313838,0.34986734,0.2974216,0.35271108
2660373986,0.29501212,0.28271765,0.42227024
2661521525,0.37706578,0.34746256,0.27547166
2661685702,0.37821984,0.30973566,0.3120445
2661900707,0.2393258,0.53736633,0.22330788
2662999078,0.37619942,0.32239908,0.30140156
2663073863,0.4012376,0.35394952,0.2448129
2663627961,0.39377573,0.40287524,0.20334902
2663978941,0.36896095,0.31795484,0.3130842
2664131931,0.28949404,0.51339525,0.19711071
2664455924,0.27313966,0.4990464,0.22781399
2664786270,0.52264893,0.26258203,0.21476905
2665244087,0.30671912,0.48062006,0.21266083
2668136620,0.32995966,0.38402832,0.286012
2668553872,0.31632292,0.30531764,0.3783594
2669131992,0.5012065,0.25642678,0.24236666
2670260341,0.42002365,0.3399453,0.24003106
2671714959,0.33340484,0.38905096,0.2775442
2671886339,0.29222843,0.45366135,0.25411028
2671934917,0.2869272,0.49964243,0.21343037
2672216369,0.43568718,0.33908498,0.22522783
2672500521,0.32193044,0.47636187,0.2017077
2672618347,0.4181159,0.36564484,0.21623921
2672726747,0.2716449,0.5195546,0.20880048
2672757414,0.4055872,0.25831196,0.33610088
2673551676,0.33138484,0.36811155,0.3005036
2673925671,0.3248002,0.32180548,0.35339433
2675241977,0.5715189,0.23825845,0.19022264
2675439794,0.44659728,0.27126333,0.28213942
2675760676,0.336017,0.45665157,0.20733139
2676110741,0.40210938,0.35589263,0.24199799
2676537723,0.21203509,0.59994745,0.18801744
2678140245,0.35879508,0.28851613,0.3526888
2678204739,0.2964377,0.31498283,0.3885795
2678206035,0.20749709,0.2201224,0.5723805
2678966394,0.39070633,0.23401922,0.37527445
2678993911,0.402295,0.36611104,0.23159394
2679029515,0.31323296,0.33792275,0.3488443
2679053224,0.33073586,0.39430022,0.27496392
2679322277,0.38272202,0.39841166,0.21886638
2679793774,0.34781057,0.43183798,0.22035143
2679857314,0.41541857,0.34755558,0.23702586
2680038637,0.2642182,0.30732703,0.42845476
2680109868,0.35002726,0.3897004,0.26027235
2680121612,0.30746067,0.3974156,0.29512373
2680347909,0.33495837,0.42662525,0.23841637
2681220263,0.31593016,0.4215517,0.2625182
2681615721,0.36707428,0.31734228,0.31558344
2681926938,0.3570788,0.3526372,0.29028398
2681952906,0.31892943,0.44199467,0.23907587
2682129211,0.5179,0.2786956,0.2034044
2682308157,0.28505075,0.47546896,0.23948029
2682438238,0.32061774,0.46065533,0.21872686
2682548263,0.4062891,0.3403731,0.25333774
2682714127,0.25040907,0.5288664,0.22072457
2684033567,0.29171747,0.51226836,0.19601417
2685695401,0.32549673,0.4107111,0.2637921
2685766173,0.31292707,0.5064529,0.18062004
2685920748,0.34603202,0.3180533,0.33591467
2687426070,0.27229047,0.47693777,0.25077173
2688045186,0.46262193,0.28408903,0.25328904
2688255819,0.39158466,0.3768443,0.23157102
2688435506,0.41267785,0.34946203,0.23786011
2688444582,0.39237866,0.26089084,0.34673047
2688453206,0.30166382,0.46733963,0.23099656
2688685132,0.35525194,0.41838098,0.22636706
2689127642,0.3215946,0.461895,0.21651043
2689332070,0.21662377,0.25187686,0.5314994
2690162530,0.35873157,0.34036347,0.30090493
2690523318,0.4212234,0.33819252,0.24058408
2690733597,0.36520246,0.4103246,0.22447291
2691109451,0.37327945,0.39059138,0.23612916
2691878680,0.34616715,0.42817867,0.2256542
2692322372,0.33957756,0.43744713,0.22297536
2692339716,0.4448935,0.35106194,0.20404454
2693051038,0.39657277,0.38647786,0.2169494
2693237395,0.3911196,0.37990952,0.22897089
2693527869,0.61775196,0.21832606,0.16392201
2694225212,0.48948556,0.29545325,0.2150612
2694478421,0.30233902,0.30541235,0.39224866
2694765623,0.2495886,0.5134907,0.23692073
2695330996,0.54008955,0.25266975,0.2072407
2695462861,0.4045903,0.35665357,0.2387561
2695932911,0.40807083,0.34801677,0.24391237
2696034890,0.2537982,0.5543094,0.19189234
2696318154,0.50892174,0.26777834,0.22329989
2696442817,0.35148054,0.26326472,0.38525474
2696522791,0.28515083,0.38876897,0.32608026
2696609349,0.3565,0.3843401,0.25915992
2696715718,0.46464664,0.33266783,0.20268552
2696901049,0.3883388,0.39318728,0.21847394
2696929537,0.42550516,0.3615842,0.21291068
2697027371,0.41779798,0.34412724,0.23807481
2697474464,0.28052604,0.43971866,0.2797553
2698678165,0.3560572,0.39115092,0.25279185
2698741441,0.36610067,0.36289647,0.2710029
2699287835,0.35623646,0.40390614,0.23985742
2700515723,0.38355112,0.36554313,0.25090572
2701720340,0.43351912,0.32712466,0.23935625
2702174308,0.39072293,0.36652622,0.24275087
2702322350,0.39636898,0.3764946,0.22713645
2702635295,0.2891745,0.45498967,0.25583583
2702899986,0.28102267,0.5081272,0.21085015
2704138077,0.38426596,0.32725582,0.28847826
2705170000,0.34227586,0.30378628,0.35393786
2707899792,0.36305946,0.37912875,0.25781175
2708295124,0.37121227,0.39533716,0.23345056
2708640088,0.28638226,0.35366768,0.35995013
2708772957,0.38593572,0.389634,0.22443023
2708841080,0.31657824,0.3779046,0.30551717
2709037312,0.37594843,0.39629728,0.22775435
2709249212,0.3891271,0.4225136,0.18835932
2710171981,0.29979604,0.3334892,0.36671472
2710232866,0.25949,0.5554511,0.18505889
2711348522,0.39274228,0.40101495,0.20624274
2711679361,0.3790192,0.411567,0.20941378
2711878895,0.59656256,0.22116499,0.18227246
2712212763,0.50781006,0.25952676,0.23266317
2712422477,0.38049394,0.3939939,0.22551212
2712522231,0.33148926,0.37007314,0.29843765
2712933048,0.4541556,0.29685616,0.2489883
2713232692,0.48106676,0.22209117,0.29684207
2713366347,0.32912368,0.43360835,0.237268
2713423395,0.46959835,0.34623444,0.18416722
2714204484,0.36144534,0.28521872,0.35333592
2714247370,0.41628975,0.3204674,0.2632429
2714574276,0.3400063,0.38488925,0.27510443
2715645389,0.25103685,0.53222495,0.2167382
2715686244,0.32668287,0.34638023,0.32693693
2715920310,0.45848286,0.3266152,0.2149019
2716655876,0.347369,0.32777748,0.32485354
2716896888,0.3412418,0.4128873,0.24587092
2717467852,0.26022053,0.24679619,0.4929833
2717637998,0.45119762,0.33325392,0.21554843
2718294403,0.26872754,0.27354014,0.45773226
2718428713,0.3173163,0.3888458,0.29383788
2718670149,0.33288634,0.3050695,0.36204416
2718908901,0.37405533,0.36417538,0.2617693
2718923410,0.30797216,0.38684213,0.30518574
2719035142,0.455674,0.33279362,0.2115324
2720634664,0.32583588,0.42368358,0.25048047
2720646026,0.26165068,0.5254192,0.21293014
2720714304,0.3776247,0.39509588,0.2272794
2721196226,0.4585681,0.3245969,0.21683493
2721222190,0.39972574,0.34519446,0.25507987
2721500612,0.3523445,0.47993422,0.16772127
2722001013,0.36497444,0.34405988,0.2909657
2722460908,0.30126393,0.47192615,0.22680995
2722685880,0.3442114,0.33897707,0.3168115
2722731668,0.37781918,0.38524872,0.2369321
2723330638,0.5230218,0.2898812,0.18709692
2723731881,0.30693454,0.48160276,0.21146268
2724114595,0.4269278,0.31831795,0.25475425
2724215717,0.5520135,0.23284674,0.21513975
2724243040,0.3277916,0.41977966,0.25242877
2724429835,0.4298523,0.35528678,0.21486095
2724507969,0.30873317,0.37416434,0.31710246
2724657758,0.31209892,0.4667094,0.22119166
2725068917,0.37013665,0.32574016,0.30412316
2725350112,0.33987236,0.41778517,0.24234249
2725406093,0.38728997,0.39162654,0.22108346
2726129433,0.29352364,0.2877171,0.41875923
2726444579,0.34097332,0.31689999,0.34212667
2727072922,0.23206584,0.5684832,0.19945092
2727179915,0.510586,0.27936083,0.21005312
2727605575,0.40977865,0.34158027,0.24864112
2728151293,0.4468029,0.36295354,0.19024354
2728572226,0.36480933,0.32683554,0.3083551
2729710796,0.26893893,0.45348564,0.27757537
2729941126,0.34277868,0.43555403,0.22166729
2730093944,0.41080272,0.35162485,0.23757237
2730489181,0.3746677,0.4142927,0.21103963
2730535294,0.4218681,0.39245898,0.18567291
2730550590,0.36073005,0.37733865,0.2619313
2730739087,0.291081,0.48026314,0.22865583
2731697193,0.32577884,0.30859888,0.36562225
2732095063,0.36477405,0.3507014,0.28452456
2732905635,0.27281803,0.36882168,0.35836023
2732941253,0.38052234,0.3286518,0.29082584
2733166784,0.46141824,0.3375225,0.20105919
2733467290,0.36465257,0.30921596,0.3261314
2734033865,0.52858967,0.28424597,0.1871643
2734737963,0.30531293,0.4863883,0.20829868
2734998401,0.48499548,0.29673332,0.21827123
2735183029,0.33773142,0.40141076,0.26085785
2735527032,0.48226136,0.27158704,0.24615158
2736108355,0.34995294,0.3476826,0.30236447
2736464295,0.32437536,0.4471178,0.2285068
2736503389,0.44143754,0.35111955,0.20744291
2736697657,0.37247494,0.29481393,0.33271116
2737422012,0.45617056,0.33274335,0.21108606
2737888188,0.40318075,0.41554856,0.18127072
2739247512,0.36027056,0.3741836,0.26554585
2739558299,0.30543932,0.30782807,0.3867326
2740083221,0.4954337,0.28865114,0.21591519
2740699141,0.24847163,0.2665215,0.48500678
2740954635,0.33003467,0.3614456,0.30851975
2741615059,0.45700204,0.28923938,0.2537586
2741827814,0.33736658,0.397088,0.26554543
2741839557,0.52886784,0.24550124,0.22563091
2741848040,0.3458461,0.30459777,0.34955612
2743899630,0.4082223,0.3069254,0.28485233
2744601573,0.34769946,0.27718526,0.37511522
2746263392,0.3503106,0.43649238,0.21319705
2746698307,0.30634695,0.43892205,0.25473103
2746712714,0.3259085,0.33129832,0.34279317
2747049075,0.38795912,0.37446877,0.23757212
2747251552,0.48591638,0.31638074,0.19770288
2747935841,0.37528434,0.33095968,0.29375598
2747950154,0.332994,0.46508038,0.20192558
2748030896,0.30805892,0.38921762,0.30272347
2748268671,0.3604905,0.3180924,0.32141703
2748796146,0.30310437,0.37367457,0.32322103
2748855696,0.399499,0.3284504,0.27205056
2748890778,0.25102267,0.23393153,0.51504576
2748971312,0.35589403,0.3522773,0.2918287
2749205346,0.29830545,0.30676928,0.3949253
2750138559,0.34064436,0.422283,0.23707265
2750540984,0.36196512,0.44949573,0.18853915
2751108687,0.37348646,0.40892702,0.21758643
2751215922,0.3529876,0.32958937,0.31742305
2751240636,0.31857747,0.38859499,0.2928275
2751296558,0.42327267,0.3492538,0.22747351
2751369597,0.35394034,0.38888937,0.25717026
2751917273,0.32565466,0.3142712,0.3600741
2752336746,0.4250628,0.29543936,0.27949786
2752370830,0.23075947,0.2730182,0.49622232
2752394599,0.4895086,0.28069624,0.22979513
2752569937,0.30429316,0.36966857,0.32603827
2753566297,0.36214477,0.4260515,0.21180367
2754297454,0.5473794,0.24922085,0.20339979
2754399416,0.3082339,0.46021044,0.23155561
2754561752,0.3889562,0.35899216,0.25205162
2754961827,0.4060036,0.39664572,0.19735071
2755118436,0.40079737,0.42152947,0.17767315
2755199943,0.38972914,0.35797483,0.25229606
2756588644,0.44290224,0.3184334,0.23866439
2757098448,0.42882675,0.34718966,0.22398359
2757915049,0.28321052,0.5145203,0.20226917
2758283651,0.36320972,0.31990695,0.31688333
2758520060,0.3308225,0.3046639,0.3645136
2758702476,0.24814613,0.37141323,0.38044065
2759285279,0.3840332,0.39616978,0.21979697
2759353105,0.36554936,0.31116432,0.32328624
2759406605,0.36647975,0.37534642,0.25817382
2759417278,0.21525198,0.35691464,0.42783338
2759857855,0.3861907,0.3716616,0.24214768
2759938284,0.43520668,0.36308885,0.20170449
2760822489,0.27814263,0.5217594,0.20009798
2760852106,0.52368516,0.2907583,0.18555653
2762129911,0.2554768,0.50210243,0.24242073
2762209805,0.23236777,0.59346414,0.17416811
2762519171,0.25610492,0.23881298,0.5050821
2763092570,0.37807533,0.3437851,0.2781396
2763262539,0.4229431,0.29783624,0.2792207
2763316041,0.34158197,0.32507873,0.33333927
2763420782,0.29002076,0.3953169,0.31466237
2763783683,0.2800802,0.36800033,0.35191947
2764825725,0.32012957,0.47142723,0.20844314
2764932573,0.37431622,0.40182132,0.22386245
2765417374,0.26046395,0.46866602,0.27087003
2766272075,0.3626062,0.4015155,0.2358783
2767040883,0.3361164,0.32338902,0.3404946
2767974961,0.42231637,0.36503357,0.21265006
2769188368,0.43324348,0.321073,0.24568352
2769262188,0.27897823,0.49445936,0.2265624
2770050595,0.27928025,0.4551052,0.26561457
2770125674,0.372027,0.38406378,0.24390921
2770272391,0.31552085,0.44547832,0.23900083
2770302751,0.48786747,0.2944572,0.21767533
2770532539,0.37572417,0.3991625,0.22511336
2770986416,0.2987514,0.4416393,0.25960934
2772544081,0.35267532,0.4186137,0.22871093
2773236766,0.52401924,0.23695925,0.23902148
2773300238,0.3271085,0.3651728,0.30771863
2774160961,0.40886754,0.3360747,0.25505772
2774912299,0.27861142,0.50359446,0.21779409
2775000713,0.39874148,0.40189767,0.19936088
2776157204,0.39487097,0.32393003,0.281199
2776642781,0.33945972,0.45117182,0.20936847
2776659625,0.40662232,0.39782286,0.19555482
2776751602,0.43315756,0.3525654,0.21427701
2777608870,0.3854055,0.37143785,0.24315664
2777852104,0.3319472,0.37055498,0.29749775
2778030997,0.4447345,0.33373028,0.2215352
2778443776,0.39032924,0.30826846,0.3014023
2778789665,0.35597134,0.40591198,0.2381167
2778876718,0.2883368,0.2589547,0.45270848
2778889248,0.40890062,0.35287264,0.23822674
2779059474,0.347286,0.40011153,0.25260246
2779359913,0.39389524,0.37597257,0.23013218
2779637400,0.30392823,0.38388845,0.31218332
2780426959,0.36982116,0.32891887,0.30125996
2780928101,0.29635465,0.39940655,0.3042388
2781262539,0.2609654,0.521437,0.2175976
2781326399,0.35679275,0.4253637,0.21784359
2782059682,0.3172803,0.37776405,0.30495566
2782317799,0.2928864,0.40448266,0.3026309
2783248465,0.3622504,0.43128312,0.20646648
2783827814,0.32220942,0.47962543,0.19816512
2783902182,0.4904155,0.25288305,0.25670147
2784098932,0.5015169,0.26421574,0.23426735
2784728271,0.3694905,0.36496264,0.2655468
2785108813,0.2649786,0.46054447,0.27447692
2785314629,0.24140471,0.59223104,0.16636434
2786407477,0.24567908,0.5563834,0.19793755
2787323151,0.33348522,0.4929015,0.17361324
2787413131,0.26935533,0.5187986,0.21184602
2787908073,0.374721,0.3444975,0.2807815
2787946021,0.43664706,0.31275716,0.25059578
2788542035,0.40407223,0.38604084,0.20988691
2788800446,0.49885514,0.26727784,0.23386708
2789247334,0.38305563,0.3938849,0.22305949
2789478420,0.48197004,0.26302746,0.2550025
2789761000,0.40615487,0.28421098,0.30963415
2789887442,0.2713349,0.52482927,0.20383586
2790068795,0.41761625,0.32013673,0.26224706
2790307112,0.38355836,0.3580135,0.25842816
2790342112,0.2900558,0.50002044,0.20992376
2790390312,0.2838726,0.4399022,0.2762252
2790759779,0.29236454,0.30285984,0.40477565
2791437317,0.3671081,0.39240277,0.24048913
2791510766,0.34059903,0.42843616,0.23096478
2791650111,0.39208472,0.39474767,0.21316761
2791873628,0.32428962,0.28296864,0.3927417
2793024499,0.43205303,0.37322992,0.19471703
2793281490,0.43712172,0.27486235,0.28801593
2793334494,0.2701054,0.44563276,0.28426188
2793489898,0.35475153,0.42815363,0.21709487
2793559007,0.2745651,0.37145978,0.35397515
2794078534,0.3101108,0.398344,0.2915452
2794184157,0.38706106,0.36580157,0.24713734
2794481087,0.35928848,0.40131623,0.23939526
2794636150,0.41128236,0.3726964,0.21602124
2795410158,0.40576434,0.37153298,0.22270262
2795771658,0.40694043,0.36921126,0.22384833
2795790092,0.3849052,0.39647388,0.21862093
2796115241,0.3905803,0.3144493,0.29497036
2797065830,0.1567125,0.1567125,0.68657506
2797566259,0.37473983,0.35868883,0.26657137
2797905762,0.42103034,0.29718405,0.2817856
2798076929,0.26069316,0.4635286,0.2757783
2799159625,0.3051707,0.48013937,0.21468987
2799294273,0.33159465,0.39279437,0.27561098
2799522661,0.25362074,0.29259259,0.45378664
2799659904,0.3069041,0.46486413,0.22823182
2800015193,0.27037472,0.47324663,0.25637865
2800048194,0.24820282,0.43643385,0.31536335
2800106155,0.36157417,0.41045314,0.22797266
2800551263,0.47515956,0.2943305,0.23050997
2800722398,0.3059814,0.40493253,0.28908607
2800908316,0.300817,0.47795856,0.22122446
2801104415,0.35316253,0.29812777,0.3487097
2801159177,0.34860462,0.46745315,0.1839422
2801194778,0.35075292,0.26801783,0.38122922
2801210696,0.41366473,0.3461929,0.24014236
2801514629,0.34358913,0.45110357,0.20530733
2802994770,0.22931992,0.25147352,0.5192066
2803175844,0.35439172,0.31719488,0.32841343
2803550771,0.43877462,0.25602514,0.30520022
2803759450,0.34561375,0.28803697,0.36634928
2803914756,0.30196828,0.37527716,0.32275456
2804023957,0.3857194,0.26503927,0.34924132
2804411193,0.47684103,0.32581484,0.19734411
2804676644,0.40065098,0.34204364,0.2573054
2806191328,0.2662325,0.5096074,0.22416012
2806766602,0.3804736,0.4172908,0.20223558
2807247092,0.37560844,0.39176294,0.23262864
2807491298,0.38404435,0.40947884,0.20647685
2807493224,0.2071484,0.59878325,0.19406831
2807582109,0.40398216,0.34342694,0.2525909
2807740046,0.5551806,0.25860825,0.18621114
2807872061,0.31040388,0.3545436,0.33505255
2809355687,0.51481366,0.2812952,0.20389113
2809531001,0.41861606,0.37557542,0.20580855
2809774406,0.279262,0.45389524,0.26684278
2810566307,0.29840875,0.40483934,0.29675192
2810747564,0.50853586,0.24622726,0.24523687
2810769648,0.30804938,0.48551673,0.20643392
2810812552,0.42440668,0.3098296,0.26576373
2810861031,0.39732248,0.3569265,0.24575105
2811625542,0.41627586,0.3978024,0.1859217
2811657165,0.32781076,0.41859627,0.2535929
2811767184,0.21202567,0.57441163,0.21356273
2812097965,0.3665164,0.38423222,0.24925137
2812104373,0.40193337,0.38355717,0.2145095
2812566023,0.3367464,0.46319416,0.20005941
2812833965,0.33839905,0.33802748,0.32357347
2813000607,0.34971288,0.45163494,0.19865218
2813182207,0.3068295,0.2621473,0.43102318
2814394986,0.3613886,0.38329196,0.25531942
2815331563,0.3589432,0.41018528,0.23087159
2816590107,0.35767546,0.39799437,0.24433014
2816799213,0.39938542,0.31631055,0.28430402
2816886887,0.504013,0.21609643,0.2798906
2816931174,0.40763646,0.38402778,0.20833576
2817557009,0.28650707,0.48400488,0.22948804
2817774448,0.34328192,0.363576,0.29314208
2817776670,0.4084872,0.3073359,0.28417695
2818331789,0.3382293,0.2918862,0.3698845
2818743963,0.38500136,0.38767293,0.22732571
2819294606,0.3870117,0.3767739,0.23621437
2819835261,0.42337394,0.33716232,0.23946375
2820192849,0.4123433,0.37203932,0.21561736
2820573312,0.4570129,0.28399104,0.25899607
2820643919,0.3904159,0.36464387,0.24494027
2820845390,0.33930838,0.33926117,0.3214304
2821424580,0.22673705,0.22624558,0.54701734
2822305995,0.36755162,0.39263982,0.23980856
2822701548,0.42553446,0.33689255,0.23757297
2822742930,0.4481752,0.3038574,0.24796739
2823323525,0.36603576,0.36613172,0.2678325
2823636365,0.28726974,0.5149407,0.1977896
2824161965,0.3709198,0.38753238,0.24154782
2824734952,0.42977595,0.3545621,0.21566197
2824800706,0.36277524,0.37673664,0.26048812
2824816100,0.31310403,0.40394443,0.28295153
2824889894,0.5517682,0.26798347,0.18024835
2825197743,0.39648083,0.41835862,0.18516058
2825267933,0.50692374,0.32077548,0.17230079
2825461395,0.31989425,0.4029075,0.27719826
2825471541,0.35453665,0.32134378,0.32411957
2826042410,0.37748665,0.34496385,0.27754948
2826190594,0.32089406,0.31986868,0.3592373
2827447377,0.28473434,0.4001518,0.3151139
2827725339,0.41908592,0.3647652,0.21614888
2828292879,0.3782686,0.33213758,0.28959382
2829334167,0.37877566,0.35055012,0.2706743
2829697052,0.3427813,0.31511614,0.34210256
2830003040,0.309448,0.31786436,0.3726876
2830904288,0.46126217,0.32372203,0.2150158
2831587926,0.34424007,0.3000753,0.35568464
2832097412,0.36302522,0.38754284,0.24943191
2832388994,0.35221332,0.4290003,0.21878639
2832819394,0.31129497,0.4251144,0.26359057
2833122873,0.40301487,0.31932333,0.27766183
2834271277,0.22368565,0.5840583,0.19225608
2834617323,0.18569048,0.6181067,0.19620278
2834907372,0.37086868,0.32524925,0.30388203
2835021377,0.2278741,0.24892119,0.5232047
2835357447,0.36751193,0.41003424,0.22245383
2835466863,0.3803332,0.3738622,0.24580461
2835578323,0.27670884,0.4641776,0.25911352
2836150823,0.38962525,0.36280093,0.24757385
2836168564,0.28378737,0.2790225,0.4371902
2836884876,0.18270531,0.62073433,0.19656035
2837585418,0.3684592,0.35361177,0.27792907
2837616219,0.31903097,0.2893679,0.3916011
2838011154,0.38703224,0.3952846,0.21768317
2838041825,0.30842322,0.4396097,0.25196707
2838082038,0.38701898,0.37216747,0.24081355
2839272492,0.3589963,0.35303134,0.2879724
2839392517,0.29623103,0.45708054,0.24668841
2839719417,0.3797874,0.40450618,0.21570644
2839871995,0.34908736,0.31187487,0.33903772
2840177230,0.38770533,0.3573305,0.25496423
2840825799,0.2602576,0.5181692,0.22157316
2840907975,0.35768503,0.3933646,0.24895039
2841018204,0.37962294,0.41084468,0.20953237
2841334521,0.27606434,0.45229435,0.2716413
2842029362,0.37324834,0.4218353,0.2049164
2843552555,0.4478129,0.3131402,0.23904684
2843701757,0.44988894,0.32506055,0.22505048
2843724149,0.4668477,0.3447922,0.18836015
2843874153,0.30620378,0.42190456,0.27189162
2843972362,0.40243277,0.35793495,0.23963223
2844196032,0.3476243,0.35950327,0.29287246
2844392540,0.3488922,0.43544388,0.21566392
2844987347,0.36736345,0.36635885,0.26627773
2845105929,0.40419328,0.31621814,0.27958855
2845123970,0.36939824,0.35737836,0.2732234
2845179046,0.29711837,0.34159893,0.36128268
2846534506,0.36164126,0.33674854,0.30161023
2846560769,0.5290467,0.21609095,0.2548623
2846563211,0.40035087,0.3809202,0.21872887
2846767034,0.30425805,0.30888388,0.3868581
2846776484,0.40597498,0.3829319,0.21109313
2846893156,0.3633582,0.37131676,0.26532504
2847624703,0.4799586,0.31512457,0.20491685
2847846196,0.31108207,0.36373478,0.32518315
2848254008,0.4742965,0.2988231,0.2268804
2848381044,0.43364137,0.32623816,0.2401205
2848454417,0.39385664,0.33996588,0.26617748
2849061128,0.5160713,0.31311703,0.17081164
2849314170,0.28196323,0.26504046,0.45299625
2850948572,0.3633839,0.37819588,0.25842026
2851503481,0.35561097,0.3578539,0.2865352
2852510318,0.34897792,0.43765706,0.21336503
2852770471,0.4408378,0.31509876,0.24406347
2853480573,0.31596684,0.4615177,0.22251546
2853890653,0.4343124,0.30596656,0.25972104
2854015395,0.45512822,0.29229861,0.2525732
2854875099,0.42991212,0.34736603,0.22272184
2855285481,0.29325727,0.45229927,0.25444347
2855785007,0.35873583,0.43070185,0.2105623
2855803411,0.21231723,0.5980039,0.18967885
2855990709,0.38311467,0.3959076,0.22097772
2856057301,0.3216388,0.44939804,0.22896317
2856585189,0.36523008,0.31132665,0.32344326
2857009426,0.24063572,0.5510838,0.2082805
2857607898,0.42444265,0.32546818,0.25008917
2858004108,0.38062418,0.3559996,0.26337618
2858059486,0.31784785,0.3978263,0.28432578
2858171637,0.3863914,0.39650756,0.2171011
2858173426,0.38622525,0.40450582,0.2092689
2858302213,0.39063546,0.3242278,0.28513676
2859078644,0.38208014,0.42236865,0.19555122
2860139557,0.48841226,0.3298928,0.18169494
2860595267,0.451126,0.34775448,0.2011195
2861234974,0.3715505,0.38880855,0.23964098
2861395931,0.1912019,0.61715865,0.19163945
2861504277,0.42441553,0.32382113,0.25176334
2861552989,0.33710045,0.38924122,0.2736584
2861554379,0.3799132,0.29746044,0.3226263
2862012143,0.31114316,0.24106163,0.4477952
2863263307,0.4367488,0.29746294,0.26578826
2863309615,0.23759805,0.5056136,0.25678837
2863980788,0.3200709,0.3560382,0.32389092
2864033873,0.42538136,0.30395532,0.27066335
2864296526,0.4424603,0.33696425,0.22057545
2864568906,0.57550824,0.25819927,0.16629247
2864817067,0.41800523,0.3466521,0.23534274
2864960806,0.42032945,0.3160818,0.2635887
2865020730,0.27685007,0.4232419,0.299908
2865829070,0.40377104,0.34714895,0.24907999
2865905706,0.47674108,0.2976643,0.2255946
2866075932,0.3190174,0.4639665,0.21701607
2866200260,0.26952004,0.5110557,0.21942422
2866328567,0.2933549,0.5188084,0.18783668
2866436323,0.25803444,0.32951975,0.41244578
2867420906,0.34586453,0.35199368,0.30214185
2868111992,0.36567917,0.40435988,0.22996101
2868337330,0.39636594,0.4050823,0.1985518
2868685549,0.3475889,0.4521167,0.2002944
2868811281,0.3922667,0.33553103,0.2722022
2869012342,0.3825856,0.36190376,0.25551063
2869107211,0.3500874,0.3852588,0.2646538
2869650122,0.40930596,0.36947048,0.22122355
2869923933,0.42405218,0.3180784,0.25786942
2870473758,0.25189778,0.25997457,0.48812765
2870793976,0.36943012,0.39191115,0.23865874
2870882002,0.35883927,0.42022085,0.22093987
2871880825,0.29717004,0.35083506,0.35199487
2872695000,0.46262693,0.3311576,0.20621544
2872803986,0.41605943,0.3132948,0.27064568
2873257911,0.5025519,0.30430484,0.19314325
2873368166,0.5603317,0.22745232,0.21221605
2873418563,0.49531308,0.27528507,0.22940183
2873432804,0.3521477,0.42379558,0.22405672
2874478134,0.3819601,0.33025876,0.28778115
2874725650,0.30910558,0.33951944,0.35137498
2875004921,0.35534233,0.39591295,0.24874468
2875847861,0.23049322,0.60679483,0.16271195
2876509792,0.45580775,0.3160799,0.22811235
2876596510,0.26769635,0.5307922,0.20151153
2876714071,0.38619748,0.37834132,0.2354612
2876847442,0.25519297,0.19966003,0.545147
2877936416,0.31446007,0.34714347,0.33839646
2877980484,0.42404556,0.3779375,0.19801697
2878382433,0.43190554,0.29326162,0.27483284
2879133896,0.29217902,0.46677208,0.24104895
2879248779,0.30953383,0.46305355,0.22741261
2879540243,0.2791788,0.31682402,0.40399718
2879736209,0.35985202,0.44818705,0.1919609
2880254615,0.3565596,0.37697166,0.26646876
2880315239,0.30667365,0.4639869,0.22933944
2881279204,0.3455937,0.44550896,0.20889738
2881366865,0.41342077,0.31974712,0.26683208
2881645232,0.3760851,0.3110478,0.31286705
2881948319,0.35059285,0.43174487,0.2176623
2882028338,0.29719234,0.404221,0.29858667
2882571713,0.36323154,0.3338679,0.30290052
2882930276,0.27401003,0.34985858,0.37613142
2884619227,0.36065742,0.3474728,0.29186976
2884971298,0.39504683,0.3465938,0.2583594
2885504330,0.43877187,0.30689245,0.2543357
2886217278,0.28415793,0.5093562,0.2064859
2886574743,0.37180144,0.40296116,0.22523737
2886779731,0.24700633,0.3091517,0.44384196
2887850935,0.33784357,0.3580948,0.3040616
2887898893,0.29076266,0.42121664,0.28802067
2888161752,0.3939463,0.33711976,0.26893398
2888351374,0.3892653,0.34977633,0.26095837
2888809896,0.23768929,0.4187669,0.34354383
2889117103,0.34615767,0.39659876,0.25724357
2889267797,0.38328955,0.357918,0.25879246
2890228390,0.2702216,0.51117754,0.21860087
2890263855,0.31120577,0.422352,0.26644224
2890332361,0.23744835,0.56336766,0.199184
2890561952,0.4020675,0.315314,0.2826185
2890629995,0.33250654,0.39546824,0.2720253
2891213387,0.19354966,0.63822603,0.16822429
2891544748,0.29411492,0.3711213,0.33476377
2891581130,0.34882,0.45169216,0.19948784
2891861657,0.3762718,0.41460985,0.20911834
2892020003,0.3443389,0.4286955,0.2269656
2892022677,0.47404796,0.30525976,0.22069225
2892407946,0.3734813,0.44404078,0.18247792
2892709513,0.44495118,0.3412742,0.2137746
2892855989,0.38671845,0.35716736,0.25611416
2893030573,0.22228004,0.5085324,0.2691875
2893188842,0.62802833,0.17793596,0.19403574
2893513944,0.35861886,0.33146572,0.30991545
2894405270,0.36214164,0.4174254,0.22043301
2895226823,0.34373242,0.3802275,0.27604008
2895269137,0.33600873,0.41642714,0.24756415
2895605127,0.3884738,0.3560661,0.25546008
2895707881,0.36401394,0.3773973,0.25858873
2895979245,0.41131076,0.40455437,0.18413486
2896381273,0.5164341,0.29071534,0.19285062
2896426782,0.45750505,0.2603054,0.28218955
2896434371,0.2782162,0.4710809,0.25070292
2896441564,0.32422158,0.34207183,0.33370662
2897625477,0.38729322,0.26533574,0.34737104
2898189369,0.4311177,0.32027364,0.24860865
2898258685,0.3890521,0.40144378,0.20950416
2898340552,0.40962765,0.37382597,0.21654636
2898400524,0.34157515,0.33990347,0.31852138
2898459149,0.35216272,0.37018695,0.2776503
2899811457,0.3717826,0.37513205,0.25308535
2900154876,0.3688941,0.32906651,0.3020394
2900213250,0.4097442,0.3553233,0.23493251
2901028439,0.36623555,0.34737018,0.2863943
2902945326,0.42156792,0.35794008,0.22049204
2903115752,0.3088194,0.3626482,0.3285324
2903249555,0.37678018,0.38953346,0.23368633
2903326697,0.33354855,0.36386284,0.30258858
2903384685,0.41131204,0.35993946,0.22874853
2903487704,0.38002485,0.39135557,0.22861955
2903670176,0.38117743,0.36283016,0.2559924
2904124972,0.32174158,0.31787792,0.36038053
2904277974,0.48845252,0.3069773,0.20457017
2904373720,0.41025943,0.2828011,0.30693945
2904393326,0.30693537,0.48754483,0.20551974
2904514936,0.32359,0.27133012,0.4050799
2904522591,0.59235346,0.228001,0.17964551
2904582485,0.40412584,0.36717737,0.22869675
2905644996,0.37832657,0.35230178,0.26937166
2905673702,0.37121427,0.390781,0.23800474
2905931993,0.24726242,0.433365,0.3193726
2906114291,0.4250876,0.38176554,0.19314682
2906235387,0.42776644,0.3692215,0.20301208
2906446014,0.47918838,0.31761158,0.20320003
2907558755,0.3326054,0.43833828,0.22905631
2907563226,0.19803688,0.5796105,0.22235256
2907874664,0.2786671,0.50589144,0.21544144
2908257577,0.42050463,0.32249463,0.2570007
2909216778,0.353311,0.36743233,0.27925664
2909241709,0.3399008,0.4868431,0.17325613
2909295773,0.4350738,0.33655062,0.22837555
2909724810,0.36737883,0.40238458,0.23023665
2909740961,0.35296112,0.36021933,0.2868196
2910036843,0.45638528,0.28886753,0.25474715
2910192822,0.36292765,0.37784466,0.2592277
2910964412,0.2647695,0.29174942,0.4434811
2911523999,0.2776147,0.48506957,0.23731568
2911618226,0.38142377,0.39788967,0.22068655
2911634223,0.44006914,0.30017793,0.25975293
2911735059,0.26073098,0.50866544,0.23060355
2911881113,0.31835884,0.39223266,0.2894085
2912236314,0.44721168,0.30359238,0.249196
2912724954,0.21463397,0.2221435,0.5632225
2912856244,0.28612122,0.39039192,0.32348686
2914001237,0.36322215,0.3675252,0.26925266
2914361276,0.34106076,0.3948427,0.26409653
2914423941,0.33562446,0.43477172,0.22960384
2915154820,0.25191176,0.528358,0.21973027
2915316812,0.5714804,0.2579861,0.17053357
2915342721,0.28736112,0.52220607,0.19043279
2916544038,0.33044976,0.3149475,0.35460275
2916992339,0.33604193,0.39301497,0.27094314
2917698166,0.47306997,0.33915764,0.18777242
2917774434,0.41321927,0.33095294,0.25582775
2918513074,0.34340593,0.3638032,0.29279083
2918578836,0.3640386,0.30914816,0.32681328
2918868325,0.376508,0.3821664,0.24132566
2919900923,0.37314862,0.385682,0.24116936
2920984592,0.4482249,0.3249218,0.22685328
2921438123,0.28837597,0.44988284,0.2617412
2921818244,0.3146683,0.32448402,0.3608477
2922433778,0.37948227,0.3897366,0.23078114
2922691435,0.36513036,0.38499895,0.24987069
2922797621,0.3061091,0.27173823,0.4221527
2923085271,0.27290958,0.33754316,0.38954723
2923150209,0.42536205,0.31113,0.2635079
2923273816,0.2900085,0.30137008,0.40862146
2923485678,0.36189267,0.35712826,0.28097904
2923911405,0.35333627,0.341528,0.30513573
2923912790,0.33901173,0.4711793,0.18980898
2923934713,0.2902587,0.46289623,0.24684507
2924080823,0.36674422,0.414199,0.21905681
2924562739,0.27588007,0.5414934,0.18262652
2924728612,0.43599355,0.36134702,0.2026594
2925263083,0.35871956,0.39343476,0.24784568
2925929796,0.30697975,0.4154603,0.27756
2925956435,0.41605395,0.3347384,0.24920768
2926227417,0.24123323,0.5237616,0.2350052
2926631620,0.36935043,0.26335537,0.36729422
2926826163,0.37155122,0.40928656,0.21916227
2927519118,0.33118543,0.3992139,0.26960066
2927746055,0.29525498,0.43799126,0.2667538
2927927228,0.4938503,0.30452037,0.20162931
2927977728,0.38547003,0.31856802,0.29596198
2928269173,0.5542777,0.25062284,0.19509947
2928368313,0.32729656,0.45086098,0.2218425
2929096534,0.3093479,0.30721265,0.38343942
2929296438,0.3849609,0.35208496,0.26295412
2929859836,0.37752652,0.37246257,0.25001088
2930068254,0.35948414,0.35034072,0.29017514
2930070585,0.37726104,0.2983604,0.32437858
2930094207,0.3549783,0.41280317,0.23221856
2930406973,0.30685538,0.34383738,0.3493072
2930481600,0.36421084,0.414482,0.22130719
2930509157,0.3101058,0.4613458,0.22854842
2930861094,0.31980535,0.44871157,0.2314831
2931224210,0.32533097,0.43875182,0.23591721
2931333016,0.3293653,0.41278994,0.2578447
2931809223,0.29606706,0.4041559,0.29977703
2932470142,0.3550989,0.37138617,0.27351493
2932520300,0.3774166,0.4199762,0.20260721
2932543182,0.3751607,0.3438617,0.2809776
2933388595,0.46474457,0.28568757,0.24956784
2933525496,0.4296829,0.37017232,0.20014468
2933747216,0.42529267,0.311682,0.2630253
2934192374,0.319088,0.4127781,0.26813388
2935727290,0.39385635,0.3702482,0.23589548
2936169853,0.21122329,0.54820114,0.24057557
2936405527,0.35471,0.34373033,0.30155963
2936538449,0.29439557,0.41595426,0.2896502
2936650204,0.5453684,0.2722444,0.1823872
2936859080,0.38499165,0.3592614,0.2557469
2938152129,0.30130696,0.3453287,0.35336435
2938442587,0.37742424,0.40202844,0.22054735
2938633183,0.25861782,0.25349984,0.48788238
2938815985,0.2935829,0.29090446,0.41551262
2939153080,0.34392065,0.39303508,0.2630443
2939971198,0.37686402,0.28438166,0.3387543
2940208746,0.43240684,0.31985676,0.2477364
2940386874,0.30770582,0.22880828,0.46348584
2941530796,0.39958566,0.35456243,0.24585189
2941556190,0.50850636,0.26301777,0.22847584
2941706797,0.29105082,0.29105082,0.41789836
2941782187,0.4463747,0.32006404,0.23356122
2941889849,0.5561275,0.22543186,0.21844065
2942121041,0.49225476,0.2789571,0.2287881
2943453094,0.35103488,0.3835017,0.26546347
2943481631,0.31090435,0.5144083,0.17468736
2943506662,0.2639892,0.5526201,0.18339068
2943515896,0.4340908,0.3339529,0.2319563
2943565474,0.2869729,0.46069092,0.2523361
2943709093,0.47446436,0.28915268,0.23638295
2943768393,0.34398988,0.27650136,0.37950876
2946079128,0.20036002,0.6462068,0.1534332
2946128358,0.34136125,0.45833617,0.20030257
2946341659,0.26058775,0.5420918,0.19732046
2946393466,0.3944286,0.35722303,0.2483483
2946781324,0.24206543,0.51419777,0.24373679
2947009259,0.31182694,0.47243562,0.21573743
2947440405,0.3284002,0.48155165,0.19004813
2947905789,0.3952468,0.36977535,0.23497783
2948010507,0.38042858,0.35146675,0.26810467
2948211265,0.25168875,0.26224175,0.4860695
2948360176,0.4617811,0.29542947,0.24278936
2948968175,0.35655993,0.3998906,0.24354944
2949188011,0.42566878,0.24249604,0.3318352
2949624832,0.285473,0.36504552,0.34948146
2949984206,0.30154577,0.4503614,0.24809285
2950043495,0.45236415,0.34764984,0.19998604
2950167986,0.20983665,0.64001375,0.15014958
2951022135,0.3310873,0.28888717,0.3800256
2953114951,0.42014915,0.33506632,0.24478455
2953635865,0.41901943,0.3704577,0.21052292
2953670816,0.45195293,0.3709953,0.17705177
2953797724,0.3203342,0.4274425,0.2522233
2954016475,0.17234585,0.6470147,0.1806395
2954182817,0.3124196,0.4228269,0.26475352
2954642336,0.34460697,0.40484938,0.2505436
2954958612,0.4230131,0.276775,0.3002119
2955867127,0.25630677,0.2967391,0.4469541
2955953447,0.41778353,0.37478504,0.20743139
2956065062,0.26842058,0.2718016,0.45977783
2956408965,0.32084745,0.34328187,0.33587065
2956456722,0.2542188,0.51017606,0.23560515
2956522805,0.37137556,0.4107436,0.21788087
2957381608,0.33140266,0.469092,0.19950531
2957689877,0.25712737,0.46691585,0.27595678
2958264117,0.3464358,0.4499698,0.20359442
2958514484,0.25999826,0.5278554,0.2121464
2959437942,0.34877872,0.38956338,0.26165783
2959539109,0.3161911,0.28544804,0.39836088
2959805423,0.30208498,0.43324304,0.26467198
2960209505,0.29376072,0.48579603,0.22044328
2960389599,0.3879267,0.35359305,0.25848025
2960420869,0.33618507,0.39607733,0.26773763
2960749992,0.37667584,0.3191665,0.30415767
2961337156,0.24780807,0.5175461,0.23464581
2962075607,0.29590446,0.43630117,0.26779437
2962111714,0.31617618,0.46908647,0.21473734
2962317741,0.32070386,0.4400482,0.23924798
2962748025,0.39904326,0.33251846,0.26843828
2962961478,0.37256268,0.42789525,0.19954208
2963589269,0.35965005,0.43489546,0.2054545
2963735365,0.27547324,0.54108655,0.18344024
2964256716,0.25458652,0.28686097,0.45855254
2964563985,0.29094195,0.4596638,0.24939421
2964798308,0.38661867,0.371457,0.24192433
2964940643,0.23838586,0.38752472,0.37408942
2965791233,0.39991063,0.36506963,0.23501977
2966377561,0.2999437,0.39673233,0.30332398
2966385524,0.271362,0.4832617,0.24537626
2966799262,0.32685864,0.35458773,0.3185536
2967308428,0.46181488,0.33506063,0.2031245
2967397120,0.3094058,0.3875385,0.30305567
2967622285,0.35975122,0.41889778,0.221351
2967728446,0.36104694,0.35759822,0.2813549
2968146062,0.32955915,0.2842697,0.38617116
2968799641,0.42572823,0.2848266,0.28944522
2968845931,0.39364216,0.2938395,0.31251833
2969494719,0.4714579,0.367401,0.16114108
2970291413,0.42442662,0.38601917,0.18955423
2970319661,0.3980437,0.37936437,0.22259197
2971213181,0.38702175,0.36537755,0.24760067
2971247503,0.48292267,0.2610704,0.25600693
2971583183,0.40502727,0.36423498,0.23073779
2971764308,0.2846916,0.5003497,0.2149587
2972717938,0.39802125,0.39671612,0.20526259
2972753617,0.3460493,0.3661247,0.28782603
2972927980,0.5154285,0.3068384,0.17773315
2973196262,0.35791185,0.35061383,0.29147428
2973621515,0.43377388,0.32219878,0.24402738
2974223617,0.38466814,0.40021634,0.21511558
2974575967,0.4100656,0.40800297,0.18193138
2974799674,0.39574176,0.35589138,0.2483669
2974937881,0.5482591,0.23459578,0.21714516
2977335107,0.3843929,0.3435129,0.27209425
2977717590,0.43688744,0.3565217,0.20659088
2977767236,0.44216466,0.2806853,0.27715003
2978010923,0.25416484,0.37464756,0.37118766
2978025582,0.35921836,0.36190575,0.2788759
2978098077,0.56354547,0.23916426,0.19729029
2979014956,0.41095775,0.3736043,0.2154379
2979396627,0.30626968,0.4380245,0.25570583
2979559424,0.50702465,0.26287806,0.23009732
2979577167,0.30140108,0.39583522,0.3027636
2979751183,0.41831154,0.34055263,0.24113587
2980296621,0.27501485,0.51802796,0.20695719
2980704397,0.37944895,0.37094155,0.24960947
2980769410,0.29505652,0.26816493,0.43677855
2981218310,0.4359902,0.29815692,0.26585284
2981289597,0.2128382,0.6150155,0.17214632
2981401983,0.34383118,0.35168344,0.30448532
2982154379,0.3533895,0.39957085,0.24703968
2982185722,0.3211567,0.3797319,0.2991114
2982224558,0.3019039,0.4389981,0.25909793
2982277105,0.3698693,0.36275595,0.26737475
2982319202,0.3234866,0.46095353,0.21555981
2982573926,0.32433343,0.3812426,0.29442397
2982772546,0.40841216,0.3806587,0.21092916
2983020268,0.38139647,0.39497343,0.22363009
2983105209,0.3989647,0.37614673,0.2248885
2983265305,0.37397516,0.29584497,0.33017987
2983579427,0.37690043,0.3667915,0.25630802
2983607533,0.47935978,0.3084996,0.21214059
2984481870,0.27601263,0.5034164,0.22057095
2984765341,0.3127135,0.47506124,0.21222532
2984784922,0.32466784,0.31343228,0.3618999
2986756798,0.3841387,0.37331426,0.24254699
2986782612,0.3258531,0.44871745,0.22542943
2988508274,0.42421103,0.29071528,0.28507367
2988567993,0.45387685,0.31724435,0.2288788
2988930249,0.20853429,0.5870984,0.20436731
2989558776,0.34046924,0.34160912,0.3179216
2990122243,0.388473,0.3851085,0.2264185
2990823923,0.32048842,0.45274088,0.22677068
2991074177,0.42623463,0.3890251,0.18474032
2991309983,0.37297732,0.21031052,0.41671214
2992269125,0.37380475,0.30311534,0.32307988
2992292911,0.419733,0.31652945,0.2637376
2993437483,0.4507404,0.30245733,0.24680232
2993895695,0.39223427,0.3664298,0.2413359
2993923680,0.3280961,0.4866108,0.18529311
2994044375,0.36735925,0.4363418,0.19629896
2994460697,0.43951148,0.3532874,0.20720114
2994560433,0.37082422,0.3819856,0.24719015
2995198009,0.3975193,0.3868089,0.21567184
2995877729,0.4062832,0.33377904,0.25993776
2997290976,0.35314256,0.36475843,0.282099
2997395718,0.32610202,0.42627758,0.24762042
2997898590,0.4076227,0.38850045,0.20387685
2997976185,0.40743542,0.34631246,0.24625212
2999060009,0.26326436,0.26326436,0.47347128
2999114091,0.25996083,0.53936374,0.20067549
2999326721,0.35898185,0.37937737,0.26164085
2999369234,0.27159777,0.52638036,0.20202184
2999650646,0.27112436,0.2928533,0.43602234
3000387505,0.32599765,0.40331966,0.2706827
3000747240,0.4012879,0.27751297,0.32119912
3001090178,0.35042256,0.3505001,0.29907733
3001103376,0.3369273,0.34564757,0.31742513
3001216107,0.4014283,0.34667546,0.25189623
3001585404,0.37934947,0.34632626,0.27432424
3001778505,0.29011226,0.26709825,0.44278947
3002554819,0.3216598,0.45577547,0.22256474
3003503007,0.30652845,0.4014129,0.29205868
3003543621,0.43504,0.37008524,0.19487476
3003693313,0.3984985,0.40863878,0.1928627
3004530656,0.25996202,0.31121334,0.42882463
3004937970,0.47029406,0.3060956,0.22361034
3005129377,0.38954008,0.36366165,0.24679828
3005232086,0.40722185,0.33404693,0.2587312
3006067199,0.3072583,0.4064301,0.2863116
3006325202,0.3715337,0.37102365,0.25744262
3006361630,0.48541203,0.2811429,0.23344512
3007000161,0.34022936,0.33374074,0.32602987
3007466196,0.3574306,0.42793465,0.21463478
3007631604,0.4434328,0.35579792,0.20076928
3007918264,0.27359015,0.51594883,0.21046104
3007938444,0.3942091,0.3156302,0.29016075
3008002975,0.39461303,0.3632765,0.24211043
3009172714,0.3816492,0.40157866,0.21677218
3010132903,0.36965048,0.39885294,0.23149657
3010357040,0.22034448,0.23426645,0.5453891
3010691397,0.3533165,0.4161973,0.23048621
3010932800,0.2821713,0.39387196,0.32395673
3011110634,0.44152308,0.35854372,0.19993317
3011201986,0.3665558,0.4066509,0.22679324
3011260430,0.46077067,0.2739205,0.26530886
3011292378,0.3148468,0.39490044,0.2902528
3011703768,0.20629129,0.613741,0.1799677
3011907901,0.37210178,0.36537156,0.26252666
3013018418,0.34266436,0.38163632,0.27569935
3013282620,0.3157436,0.34021392,0.3440425
3013626788,0.25247097,0.26557648,0.4819526
3014283775,0.2932244,0.30954134,0.39723426
3015233766,0.3930824,0.3648596,0.242058
3015451506,0.23546508,0.5545674,0.20996751
3015700112,0.5487436,0.26829842,0.18295795
3016910051,0.3660839,0.3857954,0.24812068
3017934990,0.37514764,0.39267814,0.23217428
3018358452,0.5566058,0.19938514,0.24400905
3018455653,0.41953766,0.3636251,0.21683723
3019061536,0.26421255,0.47500286,0.26078463
3019304045,0.51697177,0.242897,0.2401312
3019981137,0.36304903,0.40235364,0.23459733
3019982920,0.3775975,0.35939482,0.2630077
3020017939,0.3451586,0.28798273,0.36685866
3020482537,0.36584222,0.38791588,0.24624188
3020749968,0.47158617,0.31204098,0.21637286
3021776518,0.2613384,0.35513735,0.38352418
3022020147,0.36748427,0.35619587,0.27631986
3023280394,0.5065857,0.28342283,0.20999147
3023733933,0.4519198,0.36144263,0.18663761
3024164658,0.3990807,0.41415977,0.18675956
3024195068,0.39660576,0.2568432,0.34655106
3024471870,0.19615889,0.5927136,0.21112755
3024543503,0.4018864,0.39903265,0.19908091
3024787508,0.3559608,0.43780398,0.20623522
3025236523,0.32415345,0.31578636,0.3600602
3025311494,0.27476868,0.32802463,0.39720666
3025764553,0.4711882,0.29986566,0.22894615
3026625209,0.4946617,0.28295782,0.22238046
3026730565,0.3716405,0.3122033,0.3161562
3026979578,0.32137606,0.4908985,0.18772542
3027352509,0.3634056,0.3935609,0.24303354
3027956367,0.2672406,0.41549617,0.31726322
3028073438,0.37081063,0.40302,0.22616936
3029232330,0.2577637,0.43510464,0.30713165
3029488961,0.35011995,0.3538617,0.29601836
3029956506,0.3055781,0.4107608,0.2836611
3030535958,0.36852378,0.38007945,0.25139678
3030918824,0.35633975,0.38816643,0.25549382
3030930222,0.36508033,0.4082216,0.22669809
3031114175,0.4025471,0.32965901,0.26779392
3031279923,0.3214344,0.36460847,0.31395712
3031483676,0.3348598,0.40101954,0.26412064
3031483940,0.31767678,0.36203805,0.3202852
3031686587,0.43426555,0.34038907,0.22534534
3032859242,0.35568672,0.36858264,0.2757306
3033027913,0.31485784,0.433757,0.25138518
3033732501,0.4185944,0.32186562,0.25954
3034096789,0.3880339,0.3993314,0.21263477
3034111309,0.37600532,0.37062865,0.253366
3034394651,0.5206675,0.28654772,0.19278479
3034759980,0.24614167,0.55113196,0.2027263
3035177816,0.38333815,0.3852231,0.23143876
3035741877,0.59078395,0.22260961,0.18660644
3035768878,0.28730646,0.37093556,0.34175795
3036266507,0.40784183,0.37025547,0.22190267
3036269605,0.3686551,0.43033922,0.20100571
3036738915,0.3695677,0.27480334,0.35562897
3037141110,0.33279127,0.4108699,0.25633883
3037369605,0.30862802,0.438163,0.25320894
3037576252,0.30591908,0.46471784,0.22936305
3039491862,0.4308374,0.36129457,0.20786808
3039775834,0.3669979,0.3589298,0.2740723
3040705391,0.30467385,0.39688373,0.29844242
3040845389,0.386295,0.37529993,0.23840511
3040960904,0.43434715,0.34469107,0.22096184
3041019637,0.38203654,0.37030023,0.2476632
3041063391,0.34922737,0.45043302,0.20033959
3041154362,0.3891561,0.37595633,0.23488757
3041260535,0.45587182,0.2831285,0.2609997
3041810390,0.39431208,0.38240707,0.22328088
3041822162,0.34668258,0.39940554,0.25391188
3042209103,0.28066626,0.41297975,0.306354
3042364191,0.35286462,0.30437508,0.3427603
3042528999,0.29524496,0.2794003,0.42535484
3042821688,0.26967952,0.26106974,0.4692507
3043788190,0.36097202,0.35777563,0.28125232
3044650857,0.37442702,0.4133098,0.2122632
3044817194,0.38067532,0.31689808,0.30242664
3045050966,0.35124755,0.39842966,0.25032276
3045756881,0.26678765,0.52414936,0.20906298
3045966006,0.18555278,0.62924016,0.18520707
3046134414,0.28377867,0.4381937,0.27802765
3047592359,0.39469332,0.3342333,0.2710734
3047806358,0.27483267,0.5057527,0.21941465
3048641695,0.21065795,0.2055622,0.5837799
3049230789,0.3209715,0.37788567,0.30114284
3049795167,0.561462,0.23457658,0.20396145
3049904222,0.36263466,0.38687754,0.2504878
3049933943,0.38673395,0.4030613,0.21020474
3049961555,0.28893286,0.53229463,0.17877248
3050110238,0.451578,0.31680393,0.23161808
3050324985,0.33189997,0.40779892,0.2603011
3050443295,0.37982154,0.3784226,0.24175584
3050648700,0.34246087,0.28440735,0.3731318
3051123514,0.32712054,0.37065512,0.30222434
3051210899,0.4392554,0.31875682,0.24198774
3051312696,0.25965297,0.39460203,0.34574497
3051501334,0.38265246,0.37928697,0.23806053
3052090797,0.44147542,0.28082037,0.27770424
3052290244,0.39693135,0.36903605,0.2340326
3052301528,0.36995634,0.41482967,0.21521394
3052758561,0.37974417,0.29017156,0.33008423
3053176041,0.3868965,0.32715902,0.28594452
3053231729,0.31957567,0.43919075,0.24123363
3053290530,0.5184989,0.27844292,0.20305818
3054469926,0.34019583,0.4572456,0.20255858
3054949864,0.34222776,0.41986367,0.23790854
3055048904,0.4141112,0.34167376,0.24421503
3055328506,0.38579604,0.34812313,0.26608083
3055604154,0.36145598,0.39383137,0.24471268
3055860648,0.46007186,0.30420753,0.23572062
3056193653,0.43669808,0.33702946,0.2262724
3056740017,0.42916027,0.30811125,0.26272848
3056854544,0.43497685,0.37796015,0.18706302
3057491333,0.2812295,0.3232007,0.3955698
3058601773,0.34262684,0.4665341,0.19083904
3058657558,0.5465355,0.27339965,0.18006489
3059305357,0.37704974,0.35624772,0.26670256
3059474979,0.37011468,0.36996096,0.25992435
3059587510,0.39162463,0.34934938,0.259026
3059856688,0.44318905,0.3518214,0.20498955
3061064238,0.49226716,0.27783257,0.22990026
3061249819,0.35461798,0.43356508,0.21181694
3061264602,0.55128187,0.20307776,0.24564038
3062544916,0.34593815,0.43177217,0.22228974
3062667103,0.36596325,0.3440491,0.28998765
3062769503,0.38635448,0.40114832,0.2124972
3063036142,0.36042604,0.37552094,0.26405305
3063044371,0.40023595,0.32832384,0.2714402
3063207735,0.42055115,0.37283367,0.20661515
3064197473,0.51032597,0.29900655,0.19066748
3064893810,0.31268507,0.30295664,0.3843583
3065498240,0.5724195,0.24365923,0.18392117
3065872268,0.36265588,0.41033918,0.22700496
3066089553,0.2636209,0.2939133,0.44246584
3066556847,0.44443592,0.36420673,0.19135736
3066572192,0.22939509,0.46556163,0.30504322
3066752299,0.40695792,0.37168896,0.22135313
3066758865,0.3817656,0.35519123,0.26304317
3067423278,0.29328388,0.3058862,0.4008299
3067839325,0.4679063,0.31525442,0.21683931
3068085469,0.4499258,0.33477196,0.21530223
3068197570,0.28147566,0.38127902,0.33724532
3068273905,0.32278582,0.4438861,0.23332804
3070605918,0.19318092,0.19318092,0.61363816
3070674180,0.3467497,0.27712035,0.37612993
3071469483,0.42657614,0.34173197,0.2316919
3072000259,0.3469168,0.41892108,0.23416209
3072264799,0.4182033,0.33184633,0.24995047
3072388000,0.32581055,0.47973186,0.19445759
3072553825,0.29028377,0.29660147,0.41311473
3072654394,0.2111185,0.5356873,0.2531942
3073456964,0.3024502,0.27446398,0.4230858
3074199072,0.2774936,0.27920017,0.44330627
3074625765,0.44811076,0.2895501,0.26233917
3076584382,0.2595901,0.5152901,0.22511984
3077013544,0.46898714,0.29193437,0.23907846
3077035033,0.36611146,0.3625496,0.27133894
3078157135,0.2739128,0.3693776,0.35670954
3078215006,0.35651928,0.38514012,0.25834054
3078335390,0.33148685,0.45591623,0.21259695
3078545063,0.26420352,0.50461495,0.23118153
3078702728,0.33657023,0.408283,0.2551468
3078849926,0.26910987,0.33053875,0.40035135
3078943555,0.28763926,0.35999748,0.35236323
3078948686,0.3417371,0.34239575,0.31586713
3079009798,0.35544854,0.43028313,0.21426833
3079143978,0.32868403,0.47354588,0.19777009
3079307787,0.4429509,0.34834898,0.20870009
3079442538,0.40324107,0.3616662,0.23509271
3079622569,0.37607956,0.37793183,0.24598862
3080123724,0.31239307,0.32243332,0.36517358
3080487657,0.39687973,0.36406028,0.23906001
3080566121,0.31980336,0.29705936,0.38313723
3081075934,0.37244236,0.2965111,0.33104652
3081213289,0.34292725,0.34523576,0.31183702
3081366043,0.35186365,0.4124788,0.23565754
3081924742,0.3620444,0.4004472,0.23750842
3083330215,0.4036519,0.37611026,0.22023787
3084105970,0.3015585,0.45970106,0.23874047
3084615994,0.4596436,0.33461973,0.20573668
3084658938,0.3592753,0.4493628,0.19136184
3084873802,0.3338907,0.35621256,0.30989677
3084973894,0.395216,0.40068406,0.20410001
3085233801,0.32606903,0.36366934,0.3102616
3085596661,0.41281825,0.37903896,0.20814276
3086185453,0.42803538,0.36222178,0.20974284
3086251167,0.262615,0.5062339,0.23115113
3086845272,0.39046556,0.27835453,0.33117992
3087434927,0.6148695,0.20048249,0.184648
3087686604,0.3031726,0.45808628,0.23874113
3088270804,0.37830356,0.2798672,0.34182924
3088301452,0.3015496,0.49708372,0.20136666
3088891531,0.4930813,0.2572723,0.24964644
3088911270,0.41079867,0.35056347,0.23863786
3089175330,0.38613898,0.39650345,0.21735756
3089272142,0.38624293,0.36069772,0.25305936
3089529452,0.29671147,0.5551419,0.14814655
3092160493,0.3480233,0.3034255,0.34855115
3092943643,0.24592277,0.3592894,0.3947878
3093066633,0.3975907,0.39043248,0.21197686
3093363632,0.25271365,0.5639866,0.18329972
3093632111,0.3120925,0.49480063,0.19310689
3094053538,0.31352705,0.44221497,0.24425799
3094915719,0.35339582,0.3659501,0.2806541
3095158052,0.32008463,0.36221528,0.31770012
3095204579,0.32463336,0.40865326,0.26671338
3096903886,0.35581306,0.42862406,0.21556285
3097270151,0.4327191,0.35878587,0.20849504
3097560377,0.34610742,0.42610306,0.22778955
3098148572,0.27769268,0.5378993,0.18440804
3098371447,0.24756634,0.29015377,0.46227986
3098432195,0.28213018,0.5067018,0.21116802
3098604084,0.3051472,0.42320117,0.2716516
3098941122,0.30057922,0.51302993,0.18639076
3098956674,0.30907527,0.44669124,0.24423352
3099241671,0.34273475,0.32079452,0.33647072
3099513809,0.39750218,0.3611216,0.24137622
3099843863,0.3210591,0.35221776,0.32672313
3101459329,0.37514502,0.24814549,0.37670946
3101472986,0.33280206,0.43605012,0.23114786
3101578865,0.41437086,0.30014008,0.28548905
3101600161,0.37372047,0.35080916,0.27547038
3101860307,0.3280437,0.44941303,0.22254331
3101990951,0.37829736,0.37245825,0.2492444
3102002415,0.2578985,0.46386582,0.27823567
3103125684,0.5266275,0.26189646,0.21147612
3103467041,0.4087031,0.31272018,0.2785768
3103610995,0.31308198,0.41903692,0.26788104
3103772742,0.4704097,0.31526762,0.21432272
3104477059,0.40550235,0.3725857,0.22191194
3104674448,0.42918137,0.37546128,0.1953574
3104842073,0.5300912,0.24788684,0.22202198
3104970871,0.44654006,0.2910328,0.26242715
3105520786,0.38639557,0.28839326,0.32521117
3105528728,0.35658655,0.38797337,0.25544006
3105727943,0.39868537,0.38733917,0.21397547
3106024360,0.39484638,0.381711,0.22344261
3106050960,0.49546176,0.2976778,0.20686042
3107262292,0.31250435,0.4642411,0.22325458
3107412417,0.3790009,0.3584262,0.26257282
3107834802,0.38606083,0.39834616,0.215593
3107923914,0.3296314,0.353437,0.31693158
3108168833,0.27496958,0.22706628,0.49796414
3108670727,0.43978548,0.2983141,0.26190048
3109391233,0.23199925,0.57202905,0.19597167
3109532268,0.23723982,0.5511245,0.21163563
3109604145,0.4255361,0.33829722,0.23616669
3110105182,0.537179,0.244059,0.21876203
3110268272,0.28161532,0.45737264,0.26101202
3110604328,0.33800727,0.42103863,0.2409541
3110745981,0.36156175,0.41096723,0.22747105
3110846769,0.45843887,0.28200227,0.2595589
3111057190,0.3117599,0.25895035,0.42928976
3112867168,0.28932068,0.34478337,0.36589596
3112985168,0.29104352,0.46543884,0.24351764
3115227947,0.36930037,0.43576396,0.19493566
3115823626,0.2865041,0.50861037,0.20488553
3116014529,0.36817223,0.36322188,0.26860586
3116680977,0.2860099,0.43502676,0.27896333
3116722092,0.30101436,0.4843759,0.21460974
3117343453,0.4032861,0.3540014,0.2427125
3117383076,0.4741401,0.30799305,0.21786684
3117504458,0.39464927,0.41221792,0.1931328
3117652776,0.4070854,0.31170505,0.28120953
3117972442,0.3030373,0.49313515,0.20382756
3118227850,0.3854396,0.38705736,0.22750303
3118238567,0.2632305,0.44585,0.29091948
3118381298,0.4192281,0.35707992,0.22369194
3118707841,0.45903343,0.32032484,0.22064172
3119179688,0.25607988,0.27486452,0.46905562
3119447669,0.3876891,0.4059665,0.20634444
3119906185,0.3867647,0.31196997,0.3012653
3120105776,0.39292675,0.37204844,0.23502478
3120197394,0.426448,0.33885396,0.23469807
3120380889,0.604321,0.2160213,0.17965779
3120800619,0.37840664,0.38928366,0.23230967
3120826500,0.294684,0.28982934,0.4154867
3121464084,0.28897595,0.2715022,0.43952185
3122001820,0.3184157,0.3641013,0.31748295
3122628137,0.3855005,0.40812024,0.20637926
3122656712,0.37298322,0.3684399,0.25857687
3123663743,0.3432626,0.26487985,0.39185753
3123962082,0.36359638,0.36383414,0.27256954
3124445642,0.36167577,0.4028416,0.23548266
3124673444,0.42136645,0.32642955,0.25220394
3125194034,0.34484667,0.34778887,0.3073645
3125432525,0.31163016,0.2795039,0.40886587
3125841475,0.24124888,0.27435124,0.48439986
3126291522,0.39235452,0.34550032,0.26214516
3126636564,0.3624385,0.368155,0.2694065
3126804982,0.4029494,0.289352,0.3076986
3127189048,0.36359006,0.37173986,0.26467007
3127299770,0.35307705,0.36605546,0.28086752
3127364899,0.3123076,0.32366976,0.3640226
3127421284,0.31853485,0.30772445,0.37374067
3128417118,0.41483623,0.36769325,0.2174705
3128513861,0.2727498,0.38089582,0.3463544
3128629294,0.25493148,0.45517224,0.2898963
3129239382,0.38921475,0.3562275,0.2545578
3130354171,0.386149,0.27741176,0.33643925
3130638102,0.47702459,0.31114697,0.21182844
3131767571,0.4006998,0.34512696,0.25417325
3132415645,0.41422963,0.35518837,0.230582
3132458420,0.43893778,0.3478524,0.21320981
3132599248,0.339522,0.36603326,0.29444474
3133268896,0.3738848,0.37258992,0.25352532
3133947688,0.41456944,0.3970042,0.18842636
3133953815,0.49624193,0.2705726,0.2331855
3134921111,0.31215763,0.4460987,0.24174365
3135014373,0.36899918,0.42264217,0.20835868
3135238352,0.19962479,0.61667526,0.18369995
3135329532,0.33096075,0.3243454,0.34469384
3135436594,0.3530178,0.42452332,0.2224589
3136490294,0.28861272,0.34746897,0.3639183
3136644673,0.3343911,0.4587502,0.20685868
3136754729,0.42894274,0.35531414,0.21574314
3137662257,0.43611458,0.3401912,0.22369426
3138136927,0.34022537,0.40675828,0.25301635
3138194603,0.3146893,0.2774331,0.4078776
3138681567,0.38009393,0.3836015,0.23630455
3138700469,0.30541345,0.3596853,0.3349012
3138882544,0.524449,0.2479744,0.22757661
3139202326,0.38110462,0.42578214,0.19311327
3139263737,0.3905632,0.38598913,0.22344771
3139460568,0.3832927,0.40595174,0.21075554
3139465094,0.42288572,0.27109513,0.3060192
3139720474,0.23011173,0.23011173,0.53977656
3140646704,0.45185807,0.3069743,0.24116759
3141285983,0.22102228,0.5298722,0.24910557
3141418597,0.23035002,0.5352645,0.23438546
3141501701,0.3590375,0.43882018,0.20214233
3141975792,0.43155125,0.29945958,0.26898918
3142024356,0.42484447,0.3372302,0.23792535
3142453744,0.3124904,0.31568617,0.37182343
3142625345,0.46376973,0.33337766,0.20285258
3142639150,0.3621067,0.41059947,0.22729382
3142788758,0.5055642,0.24862956,0.24580626
3143204990,0.38042426,0.38265115,0.23692457
3143207562,0.343764,0.39021176,0.26602426
3143317308,0.41746673,0.354003,0.22853026
3143333105,0.37167627,0.39629388,0.23202989
3143374960,0.38689977,0.3640138,0.24908647
3143834309,0.35997018,0.44183597,0.19819385
3143941811,0.33619416,0.39541242,0.26839343
3144709602,0.3046331,0.4933701,0.2019968
3144727755,0.44447017,0.2739152,0.2816146
3145198649,0.42318314,0.31569344,0.26112342
3145501600,0.33980852,0.31041506,0.3497764
3145976977,0.2712035,0.50597775,0.22281879
3146336964,0.24165596,0.30052674,0.45781732
3146364904,0.25175554,0.34357697,0.40466747
3146458567,0.50415605,0.29857337,0.19727056
3146694970,0.49489424,0.28746355,0.21764226
3146939356,0.38307774,0.41791177,0.19901049
3147272494,0.4626238,0.3033492,0.234027
3147368785,0.3279981,0.46081978,0.21118215
3148154933,0.3618617,0.41024965,0.22788858
3149419802,0.44448346,0.29997984,0.25553674
3149762028,0.33687037,0.35079154,0.31233808
3149865571,0.43204468,0.3529532,0.21500207
3149977107,0.28527284,0.47080794,0.2439192
3150209257,0.26549608,0.5645046,0.16999935
3151830108,0.24172595,0.55332994,0.20494407
3152418175,0.22027221,0.5530942,0.2266336
3152469915,0.4026329,0.32714862,0.2702185
3152541550,0.38361907,0.38269565,0.23368527
3152737619,0.53488714,0.26272127,0.20239154
3153114059,0.38909036,0.4175955,0.19331414
3153715259,0.38489515,0.39499086,0.220114
3154115627,0.336585,0.39551896,0.26789603
3154960222,0.33298588,0.4517108,0.21530333
3155827929,0.29959145,0.30771726,0.39269125
3155945229,0.22361338,0.23337081,0.54301584
3156527426,0.4050796,0.37650698,0.21841341
3156604307,0.27571982,0.42437974,0.2999004
3157042907,0.32682598,0.36390227,0.30927175
3157105320,0.31255573,0.5004906,0.18695365
3158391763,0.41994035,0.33014205,0.24991766
3158534263,0.27909172,0.32578802,0.39512026
3159336985,0.4185104,0.39931905,0.18217057
3159509756,0.4249782,0.23420514,0.3408167
3159557003,0.31224185,0.46953207,0.2182261
3159716894,0.28961205,0.5023372,0.20805073
3160281443,0.3411692,0.34854573,0.31028506
3160830372,0.3429737,0.33454978,0.32247657
3161158285,0.30916196,0.23180406,0.45903397
3161309877,0.35454905,0.33637154,0.30907947
3161728750,0.26820606,0.31993073,0.4118632
3162488164,0.47754753,0.27513075,0.24732172
3163320292,0.2667686,0.2667686,0.46646282
3163590534,0.3643335,0.3487216,0.28694493
3163591881,0.45184854,0.33062282,0.21752863
3164472988,0.3710475,0.42084295,0.20810959
3164508893,0.27799562,0.29843926,0.4235651
3164641298,0.43783253,0.3625242,0.19964328
3164791755,0.2605991,0.28650248,0.4528984
3165218911,0.31747472,0.469591,0.21293432
3165414211,0.35733393,0.35677728,0.2858888
3166044672,0.37950486,0.38767967,0.23281544
3166194087,0.32032496,0.38107383,0.29860127
3166375684,0.3246188,0.4365553,0.23882592
3166793621,0.44045854,0.3303715,0.22916993
3167356751,0.29081088,0.30468965,0.40449947
3167521866,0.18539484,0.61553633,0.19906884
3167881073,0.37535003,0.37201798,0.25263202
3167953966,0.49491233,0.25197992,0.25310773
3168866804,0.40297234,0.36009544,0.23693222
3169604517,0.29203865,0.34480006,0.3631613
3169849587,0.40070808,0.38537648,0.21391548
3170123146,0.38095433,0.3778687,0.241177
3170243447,0.34341758,0.40318,0.2534024
3170246113,0.33148476,0.25647882,0.4120364
3171338067,0.32587707,0.32727855,0.34684438
3171763486,0.36034614,0.420416,0.21923783
3172491781,0.44894856,0.2716332,0.27941817
3173029024,0.47375888,0.27896166,0.24727947
3173096856,0.40451974,0.33648932,0.25899094
3174292795,0.38950527,0.37264848,0.23784621
3174355108,0.29731983,0.4349986,0.26768157
3174552288,0.458943,0.30298865,0.23806834
3174602044,0.2567442,0.4644906,0.2787652
3174919496,0.401618,0.31774658,0.28063542
3175251768,0.40879714,0.36284423,0.22835863
3175729849,0.5220058,0.25280777,0.2251865
3175821665,0.34919646,0.41796038,0.23284315
3176156594,0.49930224,0.3037815,0.19691625
3178457665,0.26010716,0.29500997,0.44488287
3179210200,0.2638034,0.3636248,0.3725718
3179291101,0.3206786,0.42995104,0.24937038
3179726619,0.4344656,0.30723533,0.25829908
3179919065,0.49900892,0.2755389,0.22545215
3180085124,0.45922637,0.32300317,0.21777043
3180804255,0.39522085,0.37420115,0.230578
3181377078,0.35168773,0.3515693,0.29674304
3181512526,0.33244213,0.45373654,0.21382135
3181865483,0.3900438,0.3226915,0.2872647
3182054919,0.4602552,0.34020647,0.19953832
3182516950,0.35411468,0.3824073,0.263478
3182732749,0.4008211,0.35913038,0.24004853
3183193252,0.47602403,0.30917904,0.2147969
3183322717,0.4389184,0.3323411,0.22874047
3183581151,0.32338065,0.37510082,0.30151853
3183777370,0.46341118,0.2862817,0.25030708
3183868028,0.3205225,0.4574863,0.22199115
3184348218,0.28384,0.4999757,0.21618427
3184822818,0.4403482,0.38584653,0.17380524
3186651503,0.49155873,0.29554248,0.21289876
3187065045,0.38446385,0.3205727,0.29496348
3190287416,0.32578415,0.38914198,0.28507388
3190958109,0.38422728,0.4151798,0.20059294
3191343021,0.38111725,0.3897823,0.22910045
3191397528,0.4126053,0.38480228,0.20259237
3191969103,0.47051477,0.33311468,0.19637059
3192365782,0.30599055,0.49139446,0.20261501
3192732739,0.3747552,0.38722113,0.23802367
3192905169,0.3957481,0.35585082,0.24840108
3193089602,0.27302635,0.27302635,0.45394728
3193306622,0.27578634,0.53172445,0.19248927
3193555596,0.32443982,0.43218488,0.2433753
3193583280,0.3471638,0.36624062,0.28659558
3193976058,0.38699442,0.35542175,0.2575839
3194746899,0.25926077,0.5287331,0.21200612
3194877158,0.36986458,0.24826518,0.3818702
3195029516,0.28627253,0.5137627,0.19996479
3195106709,0.4068623,0.23176527,0.36137244
3195402673,0.38530618,0.3752786,0.23941523
3195571176,0.3128146,0.33193022,0.35525522
3196843329,0.18911856,0.6292293,0.1816521
3198090959,0.34283495,0.38852,0.26864505
3198253901,0.32573003,0.34702152,0.32724845
3198542491,0.34507388,0.30187574,0.3530504
3198848145,0.5445752,0.24527939,0.21014543
3199004238,0.39206195,0.3592837,0.24865443
3199170632,0.42262864,0.35098788,0.22638348
3199309716,0.23773539,0.59559834,0.1666663
3199943648,0.33815807,0.44123012,0.22061178
3200062489,0.34145054,0.35327178,0.3052777
3200434361,0.44577384,0.3001716,0.2540546
3200452178,0.65621805,0.17099419,0.17278774
3200509386,0.36066574,0.37327182,0.26606244
3200512434,0.5285454,0.2413646,0.23009002
3200624731,0.42003947,0.34476072,0.2351998
3201025622,0.53398377,0.2683139,0.19770229
3201608045,0.34303963,0.45596385,0.20099655
3201789358,0.3783948,0.39089757,0.23070765
3202153099,0.27979434,0.35990795,0.36029768
3202406659,0.21199417,0.57556033,0.2124455
3203059949,0.34895873,0.39917654,0.25186473
3203077346,0.37208164,0.41227207,0.21564627
3203746811,0.42129344,0.40149236,0.17721424
3204037820,0.28796154,0.25901636,0.4530221
3204103272,0.39685577,0.39579654,0.20734769
3204149250,0.27156138,0.31569463,0.412744
3204174379,0.27705112,0.33316386,0.389785
3204174667,0.40132362,0.34524843,0.2534279
3204291420,0.33420214,0.438997,0.22680089
3204842543,0.2495963,0.26878232,0.48162138
3205256517,0.50949335,0.2785021,0.21200451
3205269292,0.36620647,0.31267914,0.32111436
3205582729,0.2991049,0.3263384,0.3745567
3206061878,0.38023767,0.39472014,0.22504222
3206177865,0.2670973,0.49251038,0.24039234
3206366652,0.41193464,0.32981288,0.25825244
3206629129,0.360824,0.3909098,0.24826622
3206690403,0.26985544,0.25685441,0.47329018
3206961685,0.30049014,0.26789236,0.43161747
3207103538,0.44720834,0.36403114,0.18876052
3207230332,0.32019788,0.29754195,0.38226017
3207730446,0.37013227,0.43575507,0.19411266
3208489089,0.26357785,0.2967651,0.4396571
3208688033,0.2520355,0.53062123,0.21734324
3208691733,0.3748619,0.4291127,0.19602543
3208953402,0.24340892,0.22310933,0.5334817
3209143209,0.4112412,0.33195144,0.25680733
3209200015,0.28950244,0.28400916,0.4264884
3209332353,0.60248387,0.20138007,0.19613603
3210433261,0.33543962,0.4004796,0.26408076
3210559294,0.24083072,0.25880843,0.5003608
3210642129,0.22638866,0.23226014,0.54135126
3210648494,0.4067502,0.32916898,0.2640808
3211314432,0.34278756,0.33781868,0.31939375
3211532786,0.37398082,0.32436383,0.30165535
3211639358,0.4246768,0.31896833,0.25635487
3211651088,0.4190619,0.30799967,0.2729385
3211720746,0.34306043,0.42634293,0.23059662
3211788718,0.24365637,0.27661192,0.47973168
3213413781,0.40676546,0.2982867,0.29494786
3213882971,0.43513295,0.3329247,0.23194237
3214435175,0.30501413,0.49819475,0.19679108
3215469929,0.41203618,0.36381117,0.22415268
3215539168,0.27395684,0.362929,0.36311412
3215718318,0.3715515,0.4091075,0.21934101
3216560520,0.32910913,0.25259763,0.41829324
3216752230,0.30455434,0.4661287,0.229317
3217095391,0.36047173,0.42046046,0.21906778
3217201769,0.3523827,0.39673916,0.25087816
3217505099,0.40701213,0.3396381,0.25334975
3217594484,0.4364251,0.2841291,0.27944586
3217604938,0.28681192,0.38497657,0.32821155
3217664018,0.3202228,0.43366164,0.2461156
3218055250,0.25446588,0.4914392,0.25409493
3218209786,0.28883857,0.52954984,0.18161155
3218256938,0.5849203,0.2128261,0.20225364
3218483984,0.4211079,0.3346616,0.24423052
3218564974,0.27619553,0.386607,0.33719754
3219449933,0.36704373,0.36908734,0.26386896
3219852651,0.34620214,0.3253141,0.32848373
3220514014,0.36048132,0.33007032,0.30944836
3220808285,0.39468563,0.3772394,0.228075
3222263850,0.31919122,0.40377805,0.2770307
3222267170,0.30849555,0.46130228,0.23020212
3222524755,0.38531363,0.3416794,0.27300698
3222584402,0.29833964,0.48225337,0.21940699
3222748214,0.42614594,0.34571406,0.22813998
3222860350,0.42132875,0.3442993,0.23437196
3222862489,0.37767744,0.3978926,0.22442997
3223835749,0.5169034,0.26645714,0.21663944
3224093151,0.36690238,0.3295924,0.3035052
3224117266,0.31654817,0.35353214,0.3299197
3224782477,0.51061326,0.28197515,0.2074116
3225054670,0.4415461,0.27839798,0.28005588
3225188274,0.40064564,0.36691082,0.23244359
3225990648,0.40700716,0.40389055,0.18910226
3226429629,0.29540977,0.4777127,0.22687761
3226476043,0.34625787,0.36714628,0.2865958
3226553111,0.3486477,0.38174522,0.26960704
3226859169,0.50963396,0.29221207,0.198154
3229277541,0.378984,0.42915708,0.19185889
3229503227,0.45416152,0.29797703,0.24786147
3229640862,0.3129838,0.28764886,0.3993674
3230116132,0.24132606,0.38128173,0.37739217
3230219752,0.43196982,0.3749199,0.19311026
3231087170,0.37107062,0.4202736,0.20865574
3231112233,0.29841205,0.4547199,0.24686807
3231138522,0.3903516,0.35341957,0.2562288
3231411765,0.41752407,0.31968582,0.26279014
3232954572,0.3338874,0.44336212,0.22275051
3233328660,0.36311054,0.37041548,0.26647398
3233606107,0.33335423,0.31369007,0.3529557
3233843379,0.38778052,0.32935342,0.2828661
3234083590,0.3343091,0.41430032,0.2513906
3234158773,0.24382526,0.38707826,0.36909646
3234214630,0.27984953,0.37069744,0.34945297
3234636712,0.4577092,0.30437297,0.23791784
3234668437,0.354496,0.36756194,0.27794212
3235092988,0.26726407,0.54613566,0.18660033
3235443918,0.56795686,0.24484226,0.1872009
3235731696,0.33722356,0.3445875,0.3181889
3235921071,0.40678555,0.34208435,0.2511301
3236630259,0.28066805,0.41370937,0.30562255
3236861880,0.39061785,0.30822727,0.30115485
3237351373,0.5483815,0.24303237,0.20858613
3238042657,0.35510272,0.4097529,0.23514436
3238548753,0.42933595,0.29112035,0.2795437
3238803330,0.37486047,0.43808728,0.18705228
3239341495,0.37001163,0.3671066,0.26288182
3240305305,0.30336595,0.45968288,0.23695122
3240491013,0.25000215,0.53619635,0.21380153
3240967297,0.3651197,0.38904136,0.245839
3241089083,0.40074828,0.38806018,0.21119155
3241901803,0.32284623,0.41532078,0.26183298
3241917116,0.41491348,0.3621572,0.22292927
3242063219,0.5441408,0.24469829,0.2111609
3242304959,0.31542444,0.46010327,0.22447225
3242351646,0.42262936,0.24634233,0.33102828
3242606697,0.38025263,0.33361852,0.28612885
3242980046,0.29264265,0.25222376,0.45513362
3243040178,0.3014606,0.42032275,0.2782167
3243137100,0.4653477,0.26563632,0.26901594
3243234461,0.3159634,0.4462945,0.23774213
3243977555,0.27737996,0.50375044,0.21886963
3244461243,0.37427893,0.42367497,0.20204608
3244949608,0.3647393,0.36141562,0.27384502
3245034086,0.34685552,0.41404703,0.23909745
3245726347,0.25945908,0.39620906,0.34433186
3246550222,0.33319193,0.46554485,0.2012632
3246877014,0.4180421,0.37844098,0.20351695
3247258041,0.4555179,0.28748822,0.25699392
3248024450,0.28959548,0.4512173,0.25918725
3248150458,0.45303437,0.28909802,0.25786754
3248805708,0.35848498,0.42208838,0.21942659
3249167102,0.30352524,0.4645027,0.2319721
3249519022,0.38265082,0.42543745,0.19191173
3250038470,0.41545078,0.38849694,0.19605231
3250294613,0.34804624,0.3990881,0.2528656
3250518473,0.4052111,0.39785624,0.19693264
3250578437,0.34914717,0.41822043,0.2326324
3250632647,0.29779753,0.41469043,0.287512
3250795824,0.2916978,0.43473184,0.27357036
3251181236,0.39026177,0.40612698,0.20361131
3251782735,0.41691834,0.38527006,0.19781163
3252065782,0.42638856,0.3458514,0.22776002
3252797603,0.36372665,0.41408324,0.22219014
3253685279,0.39469704,0.39475405,0.21054891
3254309085,0.25987527,0.54088646,0.1992383
3255033594,0.30904478,0.4891168,0.20183843
3255732224,0.41285968,0.38538954,0.20175079
3255839407,0.35111797,0.38592342,0.2629586
3256842754,0.28705052,0.45256007,0.26038942
3257022992,0.45459697,0.31731144,0.22809155
3257051012,0.40888694,0.38444674,0.20666635
3257235441,0.24451658,0.4700874,0.28539607
3257295276,0.49995965,0.2732519,0.22678849
3257860103,0.33172673,0.47475952,0.19351375
3257900071,0.40209612,0.36298117,0.23492274
3258157361,0.33176827,0.29754612,0.37068558
3259196013,0.37064064,0.3869681,0.24239127
3259666014,0.38509387,0.38334888,0.23155726
3259703557,0.3124162,0.36453512,0.32304868
3260039985,0.37033862,0.41705698,0.21260442
3261438592,0.25070435,0.4844213,0.26487434
3261550514,0.40202895,0.3052007,0.2927704
3261925766,0.33243263,0.40640557,0.26116177
3262677756,0.4226132,0.32708448,0.25030234
3263689175,0.43239036,0.3214747,0.24613495
3264068162,0.29633474,0.40163985,0.3020254
3264393230,0.27420157,0.37952864,0.34626973
3265692858,0.34120512,0.32811648,0.33067837
3265869428,0.35184994,0.44530618,0.20284389
3266013211,0.3656436,0.3741166,0.26023984
3266112339,0.47542495,0.32893506,0.19564
3266995139,0.23588023,0.5303978,0.23372199
3267097727,0.29866052,0.47474736,0.22659215
3267559716,0.2624836,0.2843253,0.45319104
3268013443,0.41475385,0.33203828,0.2532079
3268041824,0.40423268,0.28509632,0.31067097
3268134742,0.2746135,0.5408821,0.18450443
3269045542,0.19150397,0.184581,0.623915
3269083651,0.37709585,0.33398426,0.28891987
3269192373,0.3410716,0.37930134,0.27962705
3269275714,0.27707535,0.32339376,0.39953092
3270121480,0.33207238,0.46059728,0.20733032
3270251871,0.39216423,0.37184942,0.23598638
3271361126,0.32487094,0.36421654,0.3109125
3271401907,0.33040518,0.28826067,0.38133416
3271780642,0.3655755,0.38042682,0.25399768
3273654090,0.28614438,0.39295805,0.32089758
3274065792,0.359108,0.36897472,0.27191728
3274411169,0.3588671,0.34845725,0.29267564
3274556881,0.5023476,0.29715812,0.20049432
3275317186,0.3948776,0.36821824,0.23690417
3276493592,0.34614474,0.35622504,0.2976302
3276643138,0.48741776,0.31159157,0.20099065
3277506469,0.4158124,0.3771732,0.2070144
3277665534,0.53309715,0.24337581,0.22352704
3277786087,0.35856712,0.34795263,0.29348022
3277815902,0.40102476,0.3330565,0.2659187
3277860821,0.3982628,0.2976097,0.3041275
3278266474,0.2843507,0.44475517,0.2708941
3279416350,0.26363522,0.5384343,0.19793046
3280057905,0.37693387,0.40237755,0.22068858
3280233342,0.34695253,0.3741135,0.278934
3280394668,0.5408088,0.25215593,0.20703523
3280400309,0.34032422,0.3150084,0.34466732
3281180652,0.4884618,0.31586772,0.19567052
3281244279,0.317962,0.39675528,0.28528273
3281725376,0.37196538,0.3533316,0.27470303
3282467250,0.32994428,0.47186482,0.19819088
3283368812,0.3966714,0.40774953,0.19557905
3283914081,0.39765853,0.37251735,0.2298241
3283928200,0.4135874,0.34144115,0.24497151
3284222090,0.3728452,0.383703,0.24345182
3284465006,0.27026278,0.44956765,0.2801696
3284800716,0.39851797,0.36726364,0.23421836
3284820189,0.35507554,0.3065305,0.338394
3284825597,0.38457853,0.3550806,0.26034087
3284894258,0.27982208,0.4540618,0.2661161
3284925446,0.27068505,0.4978772,0.23143774
3284989449,0.3219306,0.3629101,0.31515935
3285151920,0.3667419,0.32503363,0.30822444
3285295263,0.27258554,0.31776226,0.40965223
3285334652,0.3702309,0.30844575,0.32132334
3285590809,0.36095816,0.37876078,0.26028103
3285666729,0.2690206,0.40180176,0.32917768
3285875030,0.22202432,0.6024308,0.17554483
3285879382,0.24352667,0.5676184,0.18885493
3286245776,0.328784,0.43830562,0.23291036
3286348957,0.28669578,0.44257963,0.2707246
3286515953,0.34913898,0.28672397,0.36413705
3286907568,0.3105199,0.47019666,0.21928346
3287079564,0.4101698,0.3853817,0.20444849
3287087715,0.25656748,0.2862243,0.45720822
3288359467,0.38738352,0.39996308,0.2126534
3288365476,0.28182557,0.431722,0.2864524
3288410649,0.32428724,0.449776,0.2259368
3288703053,0.38795954,0.37906182,0.23297863
3288960576,0.42572072,0.3256722,0.24860707
3289275350,0.36744526,0.36741197,0.2651428
3289424663,0.5684463,0.20071088,0.23084283
3289556012,0.415674,0.30272654,0.28159943
3289691033,0.42675397,0.32760805,0.24563804
3290177199,0.35395116,0.37319094,0.2728579
3290518352,0.3486091,0.3739475,0.2774434
3291011427,0.32848805,0.45860195,0.21290997
3291587489,0.39524084,0.38072512,0.224034
3292172941,0.37841785,0.3261944,0.29538772
3292527679,0.35753736,0.35519654,0.28726608
3292962085,0.3217815,0.4275529,0.2506656
3293310603,0.3643285,0.37453038,0.26114118
3293826440,0.3312895,0.42111722,0.24759331
3294095076,0.42539203,0.38592342,0.18868455
3294114719,0.3020495,0.41748017,0.28047037
3294913617,0.3662067,0.38669923,0.24709404
3295416566,0.44635564,0.33734798,0.21629637
3295457991,0.39311412,0.27526134,0.33162457
3295839107,0.38733727,0.3545056,0.25815713
3296086909,0.3895902,0.33560017,0.27480966
3296329041,0.4673177,0.31293648,0.21974578
3296452163,0.40789074,0.3330545,0.25905478
3297560222,0.37754512,0.41008058,0.21237431
3298071061,0.38050383,0.34289825,0.27659792
3298443344,0.38967675,0.31354687,0.29677638
3298540422,0.34681058,0.37298453,0.2802049
3299485998,0.4233479,0.32342857,0.25322354
3299969952,0.22149995,0.52848864,0.25001147
3300882912,0.29687813,0.48755914,0.21556273
3301376353,0.34076056,0.4050454,0.25419402
3301719690,0.33699682,0.40384492,0.25915822
3301792449,0.29793078,0.4355331,0.26653612
3301838633,0.36246336,0.3979972,0.23953947
3302268165,0.41021097,0.36285096,0.22693807
3303024690,0.5102651,0.31052366,0.17921117
3304075132,0.22802117,0.25781122,0.51416755
3304123126,0.4318714,0.36966687,0.19846173
3304206847,0.39763117,0.35244477,0.24992402
3304249759,0.39394665,0.29507765,0.31097576
3304610214,0.37668896,0.3167171,0.30659398
3304916655,0.27431485,0.4010961,0.32458904
3305401574,0.36667895,0.38280195,0.25051913
3306057135,0.41262165,0.26670256,0.3206758
3306161497,0.29301232,0.28890687,0.41808078
3306348820,0.42633313,0.34925216,0.22441474
3306751107,0.48661792,0.31135917,0.20202291
3306935457,0.4583751,0.26038247,0.28124246
3307035298,0.3788979,0.27089393,0.3502082
3308106962,0.30071115,0.31954882,0.37974003
3308241665,0.34501833,0.3547055,0.30027616
3308453625,0.239454,0.5204145,0.24013153
3308650018,0.3463019,0.34324932,0.31044877
3309472369,0.364245,0.32073048,0.31502452
3309643860,0.36481488,0.36315164,0.27203345
3309691628,0.42861086,0.3590836,0.21230559
3310057993,0.6060307,0.21707009,0.17689914
3310075669,0.28303418,0.3653713,0.3515945
3310487190,0.37187463,0.40525547,0.22286993
3311121347,0.31273115,0.3375163,0.34975255
3311267900,0.36986476,0.41800565,0.2121296
3311515549,0.39716524,0.37066486,0.23216987
3312113632,0.3433105,0.41843534,0.2382542
3312343681,0.39113125,0.39343053,0.21543819
3312850157,0.37627512,0.3811777,0.24254715
3313052759,0.29817525,0.47793096,0.22389379
3313394564,0.53439057,0.22670372,0.23890567
3313799196,0.41828644,0.33364415,0.2480694
3313834538,0.39751709,0.3639448,0.23853813
3314494265,0.32435852,0.37435406,0.3012874
3314513141,0.5066115,0.28494948,0.20843899
3314549036,0.35912228,0.36889735,0.2719804
3315430762,0.34750277,0.33611757,0.31637967
3315490633,0.41609052,0.3305181,0.2533914
3316235400,0.30047062,0.49727935,0.20225006
3316309653,0.53246456,0.28279117,0.18474424
3316367206,0.43933502,0.34236845,0.21829653
3316469984,0.29637587,0.49800172,0.20562238
3316830548,0.40077436,0.3798622,0.21936344
3317493037,0.38592672,0.3722968,0.24177647
3317803115,0.2684944,0.53665304,0.19485258
3318167821,0.33674037,0.303854,0.3594056
3318718778,0.29448366,0.42414093,0.28137538
3319060785,0.33101553,0.4352785,0.233706
3319296104,0.3706255,0.40287668,0.22649781
3319681832,0.25395253,0.49722117,0.24882625
3319969911,0.35263348,0.35245192,0.2949146
3320004252,0.34707707,0.40334624,0.24957663
3320062004,0.28646058,0.375232,0.33830738
3320364851,0.32385838,0.48612922,0.19001245
3320715262,0.37960863,0.3425653,0.27782607
3320868532,0.33794424,0.36123046,0.3008253
3320954585,0.37124825,0.41377848,0.21497327
3321271576,0.38987353,0.39371765,0.21640885
3321389040,0.31146938,0.4677158,0.22081482
3321578182,0.393748,0.33213383,0.27411813
3321612903,0.3623201,0.37357825,0.26410168
3323300013,0.29229218,0.30414248,0.4035653
3324003042,0.59068847,0.23078975,0.17852172
3324246031,0.33027464,0.35019338,0.31953198
3325321188,0.4952209,0.2906691,0.21410999
3325389884,0.41525382,0.2581572,0.32658896
3325473399,0.40300518,0.36300522,0.23398963
3325664697,0.32767183,0.42823476,0.24409342
3325998356,0.45899838,0.25182393,0.28917766
3326028160,0.25532266,0.5474882,0.19718915
3326369719,0.37572008,0.39218262,0.23209727
3326821563,0.38255906,0.31827074,0.2991702
3327081590,0.35194567,0.35099164,0.2970627
3327762784,0.37969622,0.35141626,0.2688875
3328178306,0.28122503,0.49702725,0.22174774
3328185668,0.3654093,0.36315626,0.27143443
3328534213,0.26452547,0.49034375,0.2451308
3328734084,0.3782174,0.37503195,0.24675073
3329249995,0.4283741,0.3674299,0.20419595
3330149948,0.38566,0.39788324,0.21645677
3330237674,0.22702351,0.48629034,0.28668618
3331564117,0.2583394,0.50330895,0.23835161
3331667788,0.5872557,0.21376914,0.19897512
3331831254,0.35415256,0.3439848,0.3018626
3331895076,0.31762207,0.39983922,0.2825387
3332583717,0.3562764,0.32452345,0.31920016
3333334035,0.5275074,0.2609498,0.21154268
3333988463,0.25437593,0.5499846,0.19563948
3334522051,0.4281734,0.27489704,0.2969296
3334899161,0.4012775,0.3515361,0.24718642
3335011492,0.40826106,0.3876888,0.20405015
3335122898,0.33718514,0.426355,0.23645984
3335496120,0.33975643,0.45954135,0.20070219
3335915269,0.44635522,0.2671853,0.2864595
3335938127,0.2168026,0.59438,0.18881738
3338058317,0.3907666,0.27415502,0.33507836
3338222138,0.21539572,0.42003357,0.36457062
3338445337,0.33961505,0.40015012,0.2602349
3338816348,0.3167851,0.47823015,0.20498477
3338926545,0.35670868,0.45265192,0.19063942
3339771689,0.4236286,0.34128082,0.23509057
3340450864,0.4238504,0.34848112,0.22766846
3340469276,0.33811665,0.34453273,0.31735063
3340603625,0.30315256,0.49638128,0.20046616
3341534636,0.34709778,0.24455017,0.40835205
3342369341,0.31414837,0.3444792,0.3413725
3343780729,0.36491942,0.36136156,0.27371898
3343893201,0.33715668,0.4495163,0.21332699
3343906536,0.27037686,0.29433873,0.43528438
3344770100,0.37199384,0.34229395,0.28571218
3345821884,0.4236216,0.36340293,0.21297544
3345907514,0.3344355,0.43928632,0.22627817
3346274295,0.30072045,0.4858126,0.21346694
3346929757,0.49652535,0.29771772,0.20575695
3348219174,0.33677682,0.33314425,0.3300789
3348550413,0.30298394,0.47718918,0.21982685
3348704583,0.33102357,0.45604146,0.21293497
3348873988,0.32553938,0.47910234,0.19535825
3349012964,0.215458,0.5813973,0.20314462
3349520031,0.52772474,0.26986837,0.20240691
3349754714,0.34600535,0.36110085,0.29289383
3349766014,0.31508175,0.46817014,0.21674812
3350250045,0.37975067,0.36520517,0.25504416
3350852534,0.43219167,0.314394,0.25341433
3350872761,0.52255964,0.2301394,0.2473009
3351726436,0.52356535,0.29318115,0.18325347
3351862964,0.3881232,0.36327434,0.24860242
3353021570,0.36062875,0.4457371,0.19363412
3354253747,0.39050925,0.38191915,0.22757167
3354676900,0.37970698,0.40492952,0.21536353
3354824390,0.39486873,0.40623617,0.1988951
3355807851,0.29915422,0.49133468,0.2095111
3356039384,0.24301808,0.24123076,0.5157511
3356555855,0.37546116,0.4016266,0.22291222
3357103121,0.42751533,0.30925596,0.2632287
3357370927,0.18672416,0.649084,0.16419187
3357400194,0.26670134,0.29109478,0.44220388
3357934389,0.4132784,0.35797918,0.22874248
3357939150,0.2993711,0.4423862,0.2582427
3358215396,0.23824432,0.23824432,0.52351135
3358236502,0.39364243,0.35654294,0.24981464
3358813091,0.34637457,0.36443195,0.2891935
3359619385,0.26117957,0.30951163,0.42930883
3360648156,0.3651526,0.4322454,0.20260197
3360788275,0.36639458,0.42175108,0.21185432
3360913273,0.22650962,0.5426358,0.23085457
3360996137,0.55808336,0.24564657,0.19627008
3361547346,0.62817454,0.19360955,0.17821589
3362156634,0.3435815,0.4377352,0.21868329
3363069267,0.4366973,0.31738102,0.24592167
3363265288,0.39593363,0.4200887,0.18397766
3363327439,0.45774072,0.34030384,0.20195541
3363418138,0.37040064,0.3775534,0.25204596
3363884016,0.49129406,0.2940865,0.21461946
3363934516,0.2622192,0.39667252,0.34110826
3364093710,0.23982236,0.559458,0.20071957
3364148025,0.3008263,0.32018757,0.37898606
3364476479,0.4711268,0.25561625,0.273257
3364634693,0.3885259,0.38574678,0.22572726
3364913088,0.36172006,0.38304046,0.25523952
3365323807,0.3174231,0.42789724,0.25467968
3365358479,0.33738247,0.3666913,0.2959262
3365375263,0.39178538,0.36794394,0.24027067
3366268335,0.34034717,0.36304194,0.29661092
3366614613,0.3793435,0.3970631,0.22359341
3367927845,0.37124196,0.41794616,0.21081187
3368828506,0.25372064,0.40569165,0.34058774
3369311621,0.22044666,0.60395914,0.17559418
3369714309,0.38608873,0.38955203,0.22435921
3369818447,0.38757983,0.40129164,0.21112853
3369867901,0.32293934,0.40808535,0.2689753
3369976684,0.30534375,0.33317503,0.3614812
3370392161,0.5400096,0.26395497,0.19603544
3370702714,0.34615058,0.46044797,0.19340146
3370717482,0.29499412,0.4331434,0.27186248
3370912605,0.5021102,0.28335628,0.21453357
3371815260,0.35842353,0.341657,0.29991943
3372151458,0.35381043,0.42734274,0.21884683
3373038715,0.38429785,0.36200088,0.25370127
3373069815,0.3380946,0.34892172,0.3129837
3373172881,0.36587936,0.39522174,0.23889889
3373564126,0.38826445,0.3759603,0.23577523
3373691313,0.27358162,0.49711543,0.229303
3373814863,0.35514665,0.42199937,0.22285399
3374337916,0.4212097,0.31776044,0.2610299
3374518576,0.38963503,0.32843646,0.28192848
3374658352,0.32107776,0.34622562,0.33269662
3374665242,0.2949398,0.30122027,0.40384
3374705692,0.46532136,0.28914642,0.24553221
3374745657,0.29895148,0.40257338,0.29847515
3374771276,0.40496087,0.3745976,0.22044152
3375043688,0.35430795,0.38037413,0.26531792
3375452453,0.51046383,0.29737434,0.19216186
3375558990,0.45824346,0.33309782,0.20865873
3375760840,0.32021943,0.36924547,0.31053507
3375967247,0.28430194,0.39679712,0.31890094
3376094903,0.34074658,0.41873106,0.24052233
3376302532,0.38639873,0.31990921,0.29369205
3376406426,0.37420717,0.31022942,0.31556344
3376558143,0.288481,0.35879958,0.35271946
3376702581,0.30621755,0.33057997,0.36320248
3376902464,0.342862,0.39756244,0.25957558
3377218846,0.43702868,0.2997551,0.2632162
3377975078,0.26108342,0.25944346,0.4794731
3378218268,0.32058224,0.3681917,0.3112261
3378422429,0.36325324,0.37014717,0.2665996
3378623685,0.29524815,0.4781193,0.22663257
3378657938,0.37153956,0.34568095,0.2827795
3379069642,0.3094371,0.49651748,0.19404542
3379362588,0.33428782,0.31037453,0.35533765
3380442965,0.5220344,0.2412156,0.23674998
3381045109,0.36245137,0.41498792,0.22256076
3381410749,0.32652044,0.4496941,0.22378549
3382869656,0.3168832,0.38384074,0.29927605
3382875740,0.36119673,0.27538013,0.3634231
3383089178,0.32801485,0.4483968,0.22358833
3385997320,0.42409173,0.33259627,0.24331197
3386223943,0.3369404,0.40512198,0.2579376
3386486036,0.39005235,0.39999193,0.20995572
3386615655,0.5701088,0.24176328,0.1881279
3386928048,0.38758048,0.38057476,0.23184475
3387155458,0.37607583,0.3988396,0.22508454
3387163151,0.38819802,0.3944994,0.21730259
3387184305,0.3993817,0.33553115,0.2650872
3388082429,0.41504526,0.24712981,0.33782494
3388221232,0.43616262,0.33202082,0.23181653
3388288730,0.29589316,0.46429226,0.23981456
3388401108,0.3512652,0.41684696,0.2318878
3388982541,0.3865536,0.32768285,0.28576353
3389109446,0.359245,0.34574217,0.2950129
3389825953,0.54455286,0.2690505,0.1863966
3390037589,0.32981992,0.28749564,0.38268444
3390956385,0.23698983,0.560834,0.20217618
3390957642,0.38160497,0.3320905,0.28630453
3391034297,0.4612044,0.3301771,0.20861849
3392042802,0.4273612,0.34309763,0.22954121
3392079664,0.35674468,0.42475325,0.21850209
3392157790,0.4621046,0.30358607,0.23430938
3392671907,0.36623168,0.3847311,0.24903718
3392701494,0.4172752,0.38089055,0.20183429
3392810410,0.2880994,0.50157833,0.21032229
3392871927,0.36283204,0.36209932,0.27506864
3392891950,0.35582006,0.43763268,0.20654726
3393021582,0.33518717,0.44523525,0.2195776
3393653841,0.31859398,0.32504869,0.35635734
3394459370,0.2300905,0.36791843,0.4019911
3396429348,0.27344546,0.5021195,0.22443506
3396533317,0.37414384,0.3969739,0.22888225
3396971654,0.24063501,0.30500558,0.45435944
3397922302,0.3696416,0.38223118,0.24812728
3398143741,0.5262518,0.27254635,0.20120189
3398246228,0.31659073,0.42440128,0.25900796
3398290231,0.39734238,0.3667612,0.23589638
3398448668,0.25985384,0.52226484,0.21788137
3398792451,0.38795388,0.39748585,0.21456027
3398824291,0.34075266,0.43597823,0.22326915
3399655443,0.37854016,0.3627174,0.25874245
3399785679,0.34545505,0.37625197,0.278293
3399836788,0.4936564,0.27987784,0.22646579
3399892729,0.3318326,0.43650573,0.23166168
3399962850,0.30829883,0.45475885,0.23694232
3400491348,0.39111865,0.3499651,0.25891626
3400884328,0.36062485,0.39499596,0.24437924
3400927504,0.55165255,0.23422094,0.21412647
3401203985,0.4265933,0.34195694,0.23144975
3401256808,0.41156194,0.33719277,0.25124535
3401602214,0.43477315,0.31048694,0.25473997
3402682544,0.36696,0.30895218,0.32408783
3403183144,0.29507947,0.4863943,0.21852623
3403539427,0.41353533,0.37373054,0.21273413
3403613929,0.40115803,0.35391778,0.24492419
3403650029,0.34726608,0.3147487,0.33798516
3403798881,0.32449642,0.30240428,0.3730993
3403924543,0.3637324,0.41745543,0.21881217
3403998588,0.41658115,0.37006047,0.21335837
3405531513,0.3426289,0.3507238,0.30664736
3405791454,0.40033126,0.3266259,0.27304283
3405897736,0.32542324,0.4628809,0.21169594
3408177896,0.29048803,0.40531957,0.30419236
3408194317,0.35291967,0.38272455,0.26435575
3408204701,0.37944847,0.3538044,0.26674715
3408576779,0.41183734,0.3777611,0.21040156
3409053341,0.37363076,0.40542668,0.22094259
3409842138,0.38151762,0.34391445,0.27456796
3409914771,0.440265,0.3549236,0.20481142
3409927607,0.4563864,0.3266367,0.21697694
3411231935,0.44838318,0.3196895,0.2319273
3412200906,0.3751331,0.2951162,0.3297507
3412665755,0.30089706,0.49144414,0.20765877
3413205043,0.18658864,0.18658864,0.62682265
3413359324,0.3041839,0.45672202,0.23909408
3413597590,0.35667092,0.33327782,0.31005126
3414101986,0.25399905,0.4015772,0.34442377
3415652001,0.40053415,0.29436755,0.3050983
3415991918,0.41572815,0.3233996,0.26087227
3416470624,0.3546449,0.35818613,0.28716898
3416891335,0.24969485,0.44043797,0.30986723
3416923905,0.3251927,0.2712059,0.40360144
3417393031,0.30636734,0.44342163,0.25021106
3417567693,0.4623128,0.262093,0.27559417
3417778597,0.36476797,0.40000543,0.2352266
3417901874,0.2795787,0.48847982,0.23194149
3418046728,0.33796424,0.39707893,0.2649569
3418099928,0.42560145,0.32858175,0.24581677
3418565035,0.38598198,0.37452838,0.23948964
3418603566,0.3360921,0.42168975,0.24221815
3418948634,0.37883806,0.38002038,0.24114156
3419408143,0.25293854,0.5397113,0.2073502
3419467583,0.37365177,0.41323882,0.21310943
3420072979,0.31247854,0.4156244,0.271897
3420158236,0.38550442,0.35707778,0.2574178
3420270433,0.21997194,0.5675523,0.21247578
3420697276,0.33335304,0.42914152,0.23750544
3420955979,0.38955152,0.37525016,0.23519832
3422926530,0.2970357,0.25785702,0.44510725
3423103865,0.3026665,0.3914297,0.30590385
3423232004,0.42968744,0.34240383,0.22790876
3424158901,0.43956873,0.31510264,0.24532865
3424371598,0.35126293,0.3930911,0.25564596
3424563077,0.29829764,0.37497413,0.32672822
3424574028,0.3776977,0.42628008,0.19602218
3424697664,0.33602133,0.35340497,0.3105737
3425214350,0.34344006,0.36730033,0.28925955
3425437146,0.3504222,0.41284952,0.2367283
3425815245,0.41560596,0.26244304,0.32195103
3425881651,0.4524486,0.23615775,0.31139365
3425963557,0.26793128,0.45425063,0.27781808
3426437717,0.4863069,0.30127537,0.21241772
3426590668,0.45918635,0.2869611,0.25385255
3426825156,0.44238734,0.2561945,0.30141816
3426921797,0.39094052,0.36457032,0.24448916
3427097874,0.34402132,0.41885328,0.2371254
3427365302,0.32409602,0.31082043,0.36508352
3427599114,0.29426998,0.36020386,0.34552613
3428177600,0.4037187,0.33928418,0.25699714
3428957304,0.49384928,0.31170064,0.19445008
3429021365,0.41151506,0.31115744,0.27732748
3429768623,0.38194567,0.321814,0.2962403
3430042432,0.40081882,0.37046832,0.22871286
3430204406,0.3271095,0.45583388,0.21705662
3430591636,0.376956,0.3904906,0.23255341
3430669560,0.42684138,0.38819787,0.18496072
3430697122,0.2762305,0.30480152,0.4189679
3430757683,0.38215175,0.3936345,0.2242137
3431364580,0.32932252,0.44304413,0.22763336
3431373302,0.3097373,0.4117176,0.27854508
3432312370,0.45117176,0.30613947,0.24268873
3432682895,0.32125926,0.48784733,0.19089341
3432757138,0.31394428,0.49756438,0.18849133
3433203920,0.45437387,0.33301407,0.21261206
3433605476,0.4580086,0.26778764,0.27420378
3433913521,0.37117672,0.43089163,0.19793168
3434282186,0.29793826,0.3213035,0.38075826
3434430969,0.4803155,0.3091328,0.21055168
3434566061,0.2543324,0.32481596,0.42085165
3435103597,0.36840755,0.41723603,0.2143564
3435518061,0.3293114,0.40150806,0.2691806
3435589159,0.34884316,0.42682135,0.22433546
3435835048,0.3338856,0.3438308,0.3222836
3436221081,0.34337783,0.3774317,0.27919048
3437291185,0.3683211,0.36047834,0.27120057
3437556991,0.42984527,0.36621428,0.20394048
3438009397,0.49131176,0.27773848,0.23094979
3438082393,0.51001394,0.2533706,0.23661543
3438387801,0.40841636,0.34604862,0.245535
3438421267,0.34724694,0.36657688,0.28617615
3438831584,0.3911499,0.34335268,0.2654974
3439807395,0.36490077,0.3513487,0.28375053
3440376041,0.221674,0.50985897,0.268467
3440699425,0.39552242,0.3713916,0.23308605
3440708837,0.30505615,0.48664087,0.20830296
3441410794,0.36825866,0.38713133,0.24461003
3441724058,0.33089086,0.42187637,0.2472328
3442538978,0.55664504,0.2869526,0.15640235
3443405025,0.2988071,0.3248251,0.3763678
3444364935,0.37476617,0.42955226,0.19568157
3444969884,0.36620966,0.24181186,0.3919785
3444972396,0.5040913,0.29533583,0.20057286
3445375831,0.26109177,0.29249138,0.44641685
3445803593,0.31446213,0.36425307,0.3212848
3446244693,0.3558913,0.34367192,0.3004368
3447301271,0.3457337,0.38665524,0.26761106
3447516908,0.48654562,0.27126235,0.24219206
3447592435,0.32031053,0.46266437,0.21702512
3447763651,0.21227837,0.62542593,0.16229571
3448528919,0.48115718,0.29809123,0.2207516
3448927599,0.38605997,0.3346101,0.27932996
3448938542,0.37218297,0.31053528,0.31728178
3449228882,0.3445022,0.3784504,0.27704734
3449874772,0.30644557,0.42099,0.2725644
3451216566,0.3032062,0.4334563,0.2633375
3451281832,0.4568804,0.2628104,0.28030926
3452229405,0.28581,0.4203581,0.29383188
3452403943,0.30694816,0.37446272,0.31858912
3452419575,0.44597447,0.3422623,0.2117632
3452531992,0.3867318,0.39566135,0.21760684
3452687019,0.34024584,0.43824136,0.22151282
3452727732,0.44430098,0.30416813,0.25153092
3453481263,0.5293071,0.28436375,0.18632914
3454777113,0.45349503,0.3369643,0.2095406
3454799406,0.26979405,0.52935386,0.20085213
3454904292,0.34578627,0.3835836,0.27063012
3455996220,0.41133633,0.2527565,0.33590716
3456519563,0.34836894,0.3533101,0.29832095
3458063784,0.4190265,0.3010097,0.27996382
3458927301,0.32061523,0.4486348,0.23075002
3459495870,0.2929936,0.37406865,0.33293775
3459734938,0.3064155,0.3524053,0.3411792
3459892297,0.34401768,0.40282804,0.25315425
3460586482,0.49657956,0.2542958,0.24912466
3460799091,0.40966696,0.3135965,0.27673662
3461307051,0.40137672,0.3608032,0.2378201
3461432705,0.35553932,0.43272078,0.21173991
3462096129,0.37491146,0.38980746,0.23528108
3462325149,0.3267162,0.47234204,0.2009417
3462539377,0.38760793,0.38629323,0.22609884
3463488686,0.28637397,0.43853313,0.27509296
3463511181,0.24237481,0.31172782,0.4458974
3463640527,0.37075713,0.41251367,0.21672916
3463676088,0.47323638,0.29414433,0.23261926
3465848588,0.37328923,0.4195956,0.20711516
3466037513,0.2986703,0.4071703,0.2941594
3466197850,0.29966027,0.3782921,0.32204765
3466293570,0.47599474,0.28950447,0.23450077
3466761590,0.5450415,0.2483848,0.20657374
3467212698,0.34745035,0.33061665,0.32193297
3467233526,0.2466174,0.54750246,0.2058801
3468095833,0.36470604,0.33630005,0.29899392
3468334175,0.40119135,0.35139453,0.24741408
3469857579,0.44902006,0.3519578,0.19902214
3469911483,0.30996376,0.37696946,0.3130668
3470585241,0.28089106,0.36911327,0.34999564
3471359008,0.47670928,0.3208879,0.20240283
3471371794,0.39458358,0.3837865,0.22162989
3471803993,0.48638582,0.2698236,0.2437906
3471938045,0.3374412,0.4197101,0.24284872
3471987741,0.38317236,0.37057978,0.2462478
3472020589,0.34578454,0.33426633,0.3199491
3472471582,0.24510992,0.26836097,0.4865291
3473650468,0.30509025,0.49152943,0.20338035
3473685786,0.31049055,0.4621373,0.22737211
3473884297,0.28676707,0.39388448,0.31934845
3474403691,0.34186482,0.40604943,0.2520858
3475884053,0.3335043,0.42154917,0.24494657
3475905364,0.2874295,0.4426595,0.26991093
3475964394,0.40530276,0.3598934,0.23480386
3476163260,0.31900665,0.41712058,0.26387283
3476879544,0.34504884,0.42358524,0.23136589
3476907331,0.3951949,0.3732105,0.23159468
3477140774,0.2111842,0.2111842,0.57763153
3477425140,0.3885442,0.38671398,0.22474182
3477690373,0.6279074,0.19247878,0.17961383
3478478575,0.34511718,0.38783184,0.26705095
3478849651,0.41837507,0.39102507,0.19059986
3479149069,0.2792698,0.511802,0.20892814
3479597179,0.29303578,0.46969754,0.23726663
3479712123,0.42699227,0.36159253,0.21141517
3480175580,0.33815157,0.25523427,0.40661415
3481739438,0.3466585,0.35504252,0.29829898
3481955301,0.38195533,0.37948486,0.23855975
3482081078,0.49394977,0.2882753,0.21777497
3482455438,0.52273154,0.28580034,0.19146815
3483181144,0.24215814,0.5798571,0.17798468
3483261104,0.34640142,0.345644,0.3079546
3485159207,0.367665,0.35059205,0.281743
3485595945,0.27656153,0.30273116,0.4207073
3485622132,0.35834223,0.30984694,0.33181083
3485861234,0.3480603,0.32821167,0.32372797
3486426807,0.3070563,0.27372855,0.41921517
3487101963,0.32279587,0.41111404,0.26609012
3487398647,0.47736254,0.2966176,0.22601986
3487582936,0.44772726,0.3180954,0.23417735
3488077111,0.31291693,0.34069288,0.3463902
3488337925,0.37759537,0.3965451,0.22585952
3488387581,0.44366813,0.28376985,0.27256203
3489016826,0.37382594,0.4137796,0.21239448
3489249184,0.3498493,0.34086862,0.30928206
3489630892,0.33314016,0.3441573,0.32270256
3489815535,0.4033317,0.35882723,0.2378411
3490014831,0.3870104,0.32081982,0.29216975
3490181400,0.5400028,0.2875425,0.17245464
3490442849,0.29984397,0.47531247,0.22484356
3490803412,0.27307397,0.2855825,0.44134355
3491265819,0.2971297,0.4470018,0.25586852
3492400651,0.4494287,0.3128538,0.23771751
3493090299,0.42101222,0.38840196,0.1905858
3494850326,0.31309527,0.23198114,0.45492357
3495319495,0.4017604,0.38583654,0.21240306
3495620669,0.38205367,0.4073701,0.2105762
3496910032,0.36197382,0.39007342,0.24795273
3497252963,0.34178996,0.32485878,0.33335125
3497330761,0.36606383,0.38987985,0.24405631
3497395803,0.41270474,0.36751068,0.21978453
3497429690,0.39123654,0.38598394,0.22277951
3497731978,0.33205834,0.42644858,0.24149305
3498084208,0.32305723,0.26538995,0.4115528
3498118198,0.45787543,0.3259468,0.21617776
3498501615,0.31128502,0.4498806,0.23883438
3498953769,0.4986255,0.30151975,0.19985473
3499036218,0.4335994,0.32755932,0.23884128
3499100817,0.37261236,0.26956826,0.35781932
3500727212,0.33288413,0.4763645,0.19075137
3501163388,0.4356903,0.3561381,0.20817158
3501942968,0.34890878,0.32604206,0.32504916
3502020462,0.23535553,0.2505941,0.51405036
3502241456,0.33917546,0.45145184,0.20937267
3502325028,0.4543535,0.32097703,0.22466946
3502475192,0.38692284,0.368505,0.24457216
3502646723,0.44940174,0.28876776,0.2618305
3502765812,0.2915206,0.5223247,0.18615477
3503388916,0.38875517,0.2968257,0.31441912
3503535885,0.35163826,0.3306858,0.31767595
3504133519,0.45678973,0.31957132,0.22363892
3504641339,0.33138782,0.39695108,0.27166107
3504890445,0.30627245,0.43228847,0.26143903
3505347838,0.34388143,0.27687526,0.37924328
3505880681,0.44144365,0.375965,0.18259132
3506000237,0.4511683,0.30204904,0.24678266
3506158326,0.4218266,0.3333342,0.24483922
3506447284,0.42664385,0.36372745,0.20962873
3507156617,0.5809828,0.2209697,0.19804752
3507581357,0.3328346,0.38977054,0.27739483
3507608531,0.3695489,0.40902066,0.22143044
3507971908,0.34325695,0.41495693,0.24178615
3508072938,0.21991952,0.21332747,0.56675303
3508138536,0.3924099,0.37106383,0.23652628
3508301762,0.41294482,0.35305983,0.23399533
3509098959,0.32287613,0.33626208,0.3408618
3509249968,0.38097155,0.3540349,0.2649935
3509470386,0.4066308,0.3385405,0.25482863
3510126639,0.3384934,0.28199333,0.37951323
3511932844,0.5230473,0.28924373,0.187709
3511998202,0.42418763,0.30425003,0.2715623
3512455641,0.37677652,0.25857782,0.36464566
3512691785,0.32584897,0.3598602,0.31429088
3512838112,0.42044735,0.30336323,0.27618945
3513684647,0.41785294,0.22548637,0.3566607
3513930156,0.30579287,0.3002866,0.3939206
3514059419,0.26276997,0.21968275,0.51754725
3514203886,0.40860686,0.38154775,0.20984542
3514881446,0.44793776,0.25687173,0.2951905
3515082547,0.26164103,0.53248525,0.20587371
3515236738,0.4304748,0.36418512,0.20534009
3515438397,0.49483383,0.2282289,0.27693725
3515783583,0.30378938,0.30028093,0.3959297
3515812639,0.35909003,0.34281158,0.2980984
3515821276,0.3847676,0.3532021,0.26203033
3515930442,0.29755083,0.4634954,0.23895378
3516051890,0.33548516,0.4566341,0.2078807
3516071898,0.3162124,0.4371202,0.2466674
3516352133,0.3460464,0.32910895,0.32484466
3516476518,0.48206505,0.30153638,0.21639854
3516661536,0.29835057,0.29661363,0.40503573
3516985102,0.3986228,0.3788125,0.22256464
3517050122,0.38602018,0.37816828,0.23581159
3517081673,0.45170337,0.31711242,0.23118421
3518176130,0.30419508,0.27080098,0.42500395
3518255919,0.29094696,0.35838068,0.3506723
3518574137,0.33418944,0.4031353,0.2626753
3518810803,0.43529838,0.30164963,0.26305205
3518977809,0.35406822,0.33581775,0.3101141
3519061548,0.42207718,0.3647321,0.21319073
3519618882,0.37040025,0.3895618,0.24003792
3519710367,0.3840443,0.35127503,0.2646807
3519944561,0.3036783,0.48938638,0.20693529
3520300121,0.40211877,0.3707047,0.22717655
3521038828,0.37181893,0.31440145,0.3137796
3522625040,0.31079778,0.5110523,0.17814991
3522661534,0.30438495,0.39596748,0.29964757
3522880986,0.3754246,0.32766175,0.29691362
3522969926,0.35356325,0.4093699,0.23706686
3523503001,0.40061754,0.22975934,0.36962312
3523513493,0.42022663,0.3658986,0.21387476
3523831359,0.5311275,0.25189614,0.21697637
3524017674,0.50499505,0.2862974,0.20870747
3524041688,0.398603,0.3807807,0.22061628
3524709739,0.27698803,0.52050114,0.20251085
3524827270,0.37442333,0.32677263,0.29880404
3525850029,0.42487738,0.34935123,0.22577143
3527053929,0.34266388,0.29037642,0.3669597
3527129578,0.39035553,0.38490552,0.22473896
3527217932,0.37050572,0.34660792,0.2828864
3527514312,0.40149212,0.39064124,0.20786665
3527716235,0.39947033,0.27108687,0.3294428
3528470512,0.4079054,0.39766192,0.19443272
3528607121,0.5149937,0.26320893,0.22179735
3529214009,0.36020857,0.39644063,0.2433508
3529331549,0.3227989,0.32996994,0.34723115
3529423720,0.2992632,0.497075,0.2036618
3529469352,0.43890774,0.33691877,0.22417349
3529643804,0.2933731,0.4228922,0.28373468
3530131300,0.24045408,0.56598973,0.19355614
3530485921,0.27285412,0.4931242,0.23402172
3530819607,0.442703,0.3426072,0.21468979
3530948154,0.31184465,0.31306508,0.37509027
3531039728,0.31356674,0.4115002,0.2749331
3531052617,0.39302206,0.36511582,0.24186215
3531131758,0.36957029,0.3911957,0.23923402
3531190810,0.349278,0.4253742,0.22534783
3531206766,0.32824996,0.44905788,0.22269219
3531413049,0.41253725,0.28072897,0.30673385
3532214558,0.37250227,0.3746981,0.2527996
3532317657,0.3485855,0.33396637,0.31744817
3533280098,0.39775708,0.367081,0.23516192
3533284460,0.31001723,0.40260097,0.28738183
3533490930,0.42563874,0.31064638,0.26371488
3533862797,0.43232644,0.3507204,0.21695319
3534338044,0.233375,0.22776023,0.53886473
3535311375,0.2581877,0.50269705,0.23911525
3535323991,0.4603344,0.357376,0.18228966
3535879754,0.52704674,0.26357841,0.20937479
3535916823,0.36503527,0.33247167,0.30249304
3536046867,0.45493346,0.32491332,0.22015327
3536183336,0.3196152,0.43395635,0.24642843
3537028781,0.36563474,0.39319047,0.24117482
3537208323,0.4052562,0.3688366,0.2259072
3537442135,0.45696464,0.3339105,0.20912488
3537830017,0.3882698,0.36670446,0.24502575
3538055920,0.41439125,0.30324948,0.2823593
3538441044,0.44365215,0.29249364,0.2638542
3538582506,0.4688853,0.2942478,0.23686686
3539038731,0.48578918,0.33095604,0.18325478
3539365542,0.3737984,0.35541338,0.27078825
3539463441,0.21858406,0.2490943,0.5323217
3539479174,0.36571157,0.3588208,0.27546766
3539581956,0.43215004,0.34980917,0.21804085
3540614605,0.32205394,0.45659238,0.22135365
3541161646,0.5801783,0.22862935,0.19119234
3541714020,0.3201996,0.37818843,0.30161196
3541909120,0.34367424,0.41208768,0.24423814
3542264242,0.28255183,0.51106983,0.2063783
3543249753,0.34564653,0.3278153,0.3265382
3544335429,0.4205035,0.3006048,0.2788917
3544337529,0.2989626,0.31647018,0.38456726
3544532619,0.43129796,0.3299501,0.23875192
3545001180,0.44344515,0.27697104,0.2795838
3545722668,0.3793993,0.3270399,0.2935608
3545807576,0.2780047,0.36365134,0.35834396
3546484413,0.3285579,0.4024768,0.26896524
3546824610,0.6299952,0.19802648,0.17197831
3547470330,0.44900048,0.3346564,0.21634316
3549164323,0.5507003,0.22683895,0.22246069
3549808614,0.3477447,0.39147928,0.26077607
3549863257,0.31551093,0.3094137,0.3750754
3550934056,0.3658067,0.30679226,0.32740098
3551013138,0.35266307,0.39807922,0.24925765
3551180832,0.35985982,0.29809788,0.3420423
3551245574,0.45977017,0.28254226,0.25768754
3551628745,0.29673657,0.3677819,0.33548158
3552423017,0.31847098,0.38518792,0.29634115
3552901941,0.43362838,0.32581955,0.2405521
3553571464,0.32881567,0.456491,0.21469337
3553922778,0.38986826,0.37717092,0.23296079
3554229801,0.25595713,0.5531295,0.19091338
3554291004,0.47133183,0.277654,0.25101417
3554433055,0.44944245,0.30083597,0.24972162
3555369077,0.40502197,0.36622274,0.22875527
3556007013,0.50118655,0.27602804,0.22278547
3556354985,0.36921403,0.37675,0.254036
3557228238,0.41247004,0.37817848,0.20935142
3557316347,0.30219507,0.48694235,0.2108626
3557347799,0.30084348,0.4304162,0.26874036
3557592443,0.3461752,0.399675,0.2541498
3557957609,0.35785413,0.42731637,0.21482949
3558157216,0.36129588,0.4182425,0.22046162
3558335310,0.34583545,0.3179266,0.3362379
3558652925,0.5044921,0.25796986,0.23753801
3558874901,0.32578117,0.30049253,0.3737263
3559046464,0.40298754,0.39815885,0.19885357
3559260779,0.36651468,0.40377164,0.22971372
3559349080,0.49593523,0.3037793,0.20028548
3559485576,0.5108019,0.28078374,0.2084144
3559660252,0.33690637,0.38873687,0.27435672
3559908200,0.28607497,0.5067177,0.2072074
3560027625,0.2711065,0.5030617,0.22583178
3560202562,0.3382496,0.32678577,0.3349646
3561314272,0.26101246,0.41701156,0.32197598
3561571239,0.38150704,0.4017097,0.21678331
3561645159,0.2718556,0.5113081,0.2168363
3561659200,0.3797112,0.34177667,0.27851212
3562146282,0.32676423,0.38484222,0.28839353
3562238833,0.44857943,0.3199368,0.23148377
3563568355,0.43981856,0.28802377,0.27215773
3563700299,0.3790263,0.39870584,0.22226787
3563711262,0.46326506,0.31045395,0.22628102
3563755600,0.4729497,0.28246844,0.24458185
3564114850,0.26997393,0.44043624,0.28958982
3564520775,0.37688214,0.34531754,0.27780032
3564667467,0.2853764,0.5010406,0.21358305
3564695703,0.33408186,0.44889814,0.21701998
3564876632,0.41261083,0.36812538,0.21926382
3565286605,0.4628623,0.30351806,0.2336196
3566530159,0.33592206,0.44593847,0.21813947
3566938961,0.17562157,0.67504334,0.14933509
3567864834,0.26590353,0.23472172,0.49937475
3568567536,0.4980203,0.25629523,0.2456845
3569831397,0.27501488,0.3890468,0.3359384
3570064875,0.46670187,0.32839143,0.2049067
3570231138,0.3777551,0.44062978,0.1816151
3570437489,0.39042684,0.38253528,0.22703792
3570550294,0.4032434,0.37007385,0.22668278
3570936035,0.5334432,0.25298673,0.2135701
3570944236,0.35005215,0.46309566,0.18685222
3573628775,0.44393104,0.30033684,0.25573218
3574302018,0.3314079,0.32209545,0.34649667
3575490257,0.43439555,0.24344695,0.3221575
3575496664,0.50207645,0.2778396,0.22008392
3576085105,0.24110693,0.49590564,0.26298743
3576170859,0.35526347,0.38825017,0.25648642
3576606524,0.33070892,0.35936272,0.3099284
3576755066,0.46026596,0.31059146,0.2291426
3577696110,0.43950123,0.3137249,0.24677387
3579566556,0.23791963,0.5400903,0.22199008
3579701577,0.32500535,0.45500523,0.21998942
3579903034,0.4207468,0.36488068,0.21437249
3580370320,0.43480578,0.37519205,0.1900022
3580926356,0.42252195,0.35079956,0.22667846
3580951004,0.30783522,0.37899047,0.31317425
3581258374,0.36761063,0.40353328,0.22885612
3581507303,0.2492852,0.4594159,0.2912989
3583304058,0.42945403,0.38802832,0.18251759
3583875203,0.40284166,0.35759348,0.23956488
3585419991,0.32376325,0.40569133,0.27054542
3585651919,0.5665908,0.2587962,0.174613
3586645565,0.51650774,0.26915532,0.21433696
3587048473,0.44045028,0.26961932,0.28993043
3587074482,0.27154413,0.53307945,0.19537643
3587182413,0.37729168,0.37797558,0.24473271
3587533893,0.37038207,0.40951595,0.220102
3587687760,0.32544273,0.326669,0.34788823
3587789688,0.37378016,0.39698455,0.22923529
3588597089,0.315373,0.37909013,0.3055369
3588772424,0.3343085,0.41517773,0.2505138
3588851089,0.41340268,0.29979578,0.28680158
3590887816,0.30679646,0.5164346,0.17676893
3591771501,0.4134998,0.36774367,0.21875659
3592042776,0.36044264,0.32053345,0.31902388
3592404789,0.40654173,0.38029268,0.21316561
3592829242,0.36192715,0.44623667,0.1918362
3593314171,0.44594714,0.36594957,0.1881033
3593324350,0.2574882,0.5467963,0.19571541
3594204923,0.28738135,0.3338514,0.37876725
3594763770,0.42149296,0.37290198,0.20560506
3595342292,0.38864326,0.36151284,0.24984393
3596556211,0.35037133,0.43438345,0.21524516
3596815462,0.37034658,0.35019195,0.2794615
3597132074,0.39639932,0.35337138,0.25022927
3597268955,0.47710752,0.30518153,0.21771094
3597590373,0.45639333,0.33569723,0.20790946
3597933895,0.36912435,0.39184874,0.2390269
3597996495,0.47805288,0.2993196,0.22262752
3598029284,0.34030935,0.39049453,0.26919615
3598431465,0.39201468,0.3630882,0.2448971
3599541244,0.338129,0.42852563,0.23334537
3600309984,0.36978412,0.3421299,0.288086
3600907452,0.5199072,0.27435037,0.20574248
3601363995,0.49111974,0.2882825,0.22059771
3601690550,0.39084485,0.28583366,0.32332146
3601983762,0.39529377,0.35115087,0.25355533
3602360423,0.5360769,0.2817998,0.18212327
3602445554,0.33618003,0.4421751,0.22164491
3604674778,0.41703266,0.32122147,0.26174587
3604875598,0.30771434,0.42920238,0.26308328
3605589547,0.3120054,0.43451545,0.2534792
3606325096,0.2707634,0.3292061,0.40003043
3606393522,0.37319136,0.35070878,0.27609986
3607914905,0.4805024,0.30033204,0.21916556
3608096431,0.29846704,0.3612262,0.34030682
3608178262,0.3978657,0.378545,0.22358927
3608242540,0.34637707,0.4447388,0.20888412
3608602073,0.41151738,0.37334156,0.21514097
3609947680,0.43764037,0.32276773,0.2395919
3610143218,0.24154556,0.24856032,0.50989413
3610640275,0.36888912,0.34461984,0.28649098
3610687858,0.34167588,0.34238034,0.31594372
3610714908,0.23824717,0.24072435,0.52102846
3610729839,0.37362957,0.39498731,0.2313831
3610820927,0.38704807,0.42366618,0.18928574
3610872905,0.29508537,0.42476523,0.2801494
3610977304,0.2751406,0.4560666,0.26879278
3611221270,0.33722252,0.36005804,0.30271947
3611617802,0.37898707,0.3927367,0.22827622
3611664193,0.31738162,0.4081257,0.2744927
3611667401,0.3785874,0.39665022,0.22476241
3611727393,0.3075359,0.27704856,0.41541559
3612159425,0.39332896,0.36193097,0.24474008
3612328088,0.2970801,0.46490234,0.23801759
3612570477,0.27556065,0.5040101,0.22042927
3612635671,0.28950244,0.28400916,0.4264884
3613378363,0.43809494,0.30888385,0.25302118
3613611565,0.23539643,0.58107114,0.18353245
3614506947,0.3386826,0.419011,0.24230638
3615981352,0.32296002,0.28220522,0.39483476
3616358701,0.2933975,0.53031766,0.17628485
3616398343,0.64291286,0.18433988,0.17274728
3617069665,0.31208193,0.37134635,0.3165717
3617286813,0.40690774,0.34954128,0.24355096
3618966216,0.28481883,0.3920365,0.3231447
3619368933,0.20434348,0.32179332,0.47386318
3620633383,0.4963603,0.29168528,0.21195436
3620761970,0.39222556,0.25516817,0.35260627
3621086899,0.29813248,0.4759015,0.22596607
3621117511,0.2519224,0.53618145,0.21189612
3623284182,0.416363,0.33586186,0.2477751
3623309658,0.4293562,0.3521096,0.2185342
3624413023,0.28668785,0.28668785,0.4266243
3625501931,0.26818314,0.4811533,0.25066355
3626688845,0.40003434,0.38710478,0.21286091
3626739453,0.3779834,0.4090222,0.2129944
3626941473,0.36117524,0.34991825,0.28890648
3627443748,0.5588939,0.2528497,0.18825635
3627569499,0.39912754,0.40417495,0.19669747
3627707184,0.28431165,0.48840567,0.22728263
3627933259,0.41620117,0.3526445,0.2311543
3629608583,0.29208001,0.33519685,0.3727231
3630578037,0.38672054,0.31207442,0.30120498
3630589779,0.41002783,0.38699007,0.20298213
3630869269,0.36822903,0.34140602,0.29036492
3631164750,0.4304771,0.328751,0.24077192
3631531840,0.2952907,0.42697793,0.2777314
3632253928,0.37141204,0.30815527,0.32043272
3632398648,0.39220738,0.26363075,0.34416187
3632434046,0.24163786,0.48625296,0.27210915
3632489085,0.3244396,0.34509212,0.33046827
3632671939,0.30637076,0.45623714,0.23739214
3632729187,0.5230893,0.26463085,0.2122798
3632868203,0.38278648,0.41627312,0.2009404
3632904258,0.35172552,0.4232423,0.22503218
3632918988,0.39056307,0.34775925,0.26167768
3633429564,0.35560483,0.46478426,0.17961098
3634049528,0.5027939,0.27651566,0.22069043
3634244472,0.50742173,0.27382094,0.21875729
3634610028,0.3272171,0.33959228,0.33319056
3634787194,0.25794652,0.29266688,0.44938654
3634958237,0.30178612,0.49777696,0.20043692
3636300592,0.38210636,0.39447755,0.22341609
3636519869,0.4964062,0.29972833,0.20386547
3636721233,0.36223745,0.38085103,0.25691158
3636958299,0.23430997,0.5667661,0.19892392
3637171916,0.58174634,0.2269873,0.19126634
3637179804,0.32989824,0.40164912,0.2684527
3637303166,0.35356867,0.41286254,0.23356879
3637404239,0.40445182,0.37867418,0.21687396
3638425762,0.41642618,0.28849107,0.29508272
3638476908,0.41327453,0.3610809,0.22564454
3638684060,0.32383347,0.48061177,0.19555476
3638856698,0.3874877,0.42085338,0.19165894
3640686512,0.44008505,0.3232768,0.23663816
3640710322,0.2901807,0.49544266,0.21437666
3641017749,0.3890919,0.42098665,0.18992144
3641179493,0.24462934,0.5483789,0.20699173
3641425746,0.3742019,0.29399514,0.33180296
3641737421,0.4904041,0.31846744,0.1911285
3642071637,0.34760177,0.37089875,0.2814995
3642588573,0.45284876,0.29231638,0.2548349
3642604942,0.37263608,0.33245265,0.2949113
3642619734,0.46539137,0.3363908,0.19821788
3643067396,0.3588183,0.4381668,0.20301494
3643556900,0.3783619,0.4249278,0.1967103
3644124704,0.40210932,0.26657593,0.33131474
3644736557,0.46744406,0.27281216,0.2597438
3644944607,0.37631905,0.36589056,0.25779036
3645517702,0.37225646,0.36197147,0.26577204
3645552483,0.34127235,0.27573043,0.3829972
3645842853,0.55014443,0.22242528,0.22743025
3646279948,0.35753185,0.4512605,0.19120762
3646811578,0.36251283,0.37064195,0.2668452
3647020989,0.27800104,0.5061503,0.21584862
3647352665,0.51869255,0.28088257,0.2004249
3647770722,0.3808548,0.32299548,0.29614967
3647987855,0.54248035,0.2509907,0.20652893
3648078273,0.29639858,0.46188772,0.24171367
3648160676,0.28212726,0.26380673,0.45406598
3648346541,0.36513922,0.42148525,0.21337554
3648355199,0.3313768,0.3856232,0.28300005
3648402717,0.39769164,0.4267673,0.1755411
3648650693,0.51610863,0.30094093,0.18295048
3649006441,0.5298623,0.28753817,0.1825996
3649010343,0.27696347,0.290062,0.43297458
3649348988,0.28940076,0.33247602,0.3781232
3649526540,0.23473155,0.45845324,0.30681527
3649805909,0.46103382,0.3036976,0.23526864
3650743176,0.3077715,0.35644624,0.33578226
3650835382,0.32495624,0.47386897,0.20117478
3651288814,0.24957885,0.50494635,0.24547487
3651384162,0.39716822,0.39552712,0.20730467
3651628119,0.36625284,0.36130953,0.27243763
3652701899,0.318808,0.37116516,0.31002682
3653109432,0.40766725,0.382226,0.21010679
3653195160,0.35335818,0.46083835,0.18580347
3653195833,0.4267481,0.3579483,0.21530361
3653455926,0.3768411,0.31868795,0.30447093
3654273970,0.38702536,0.276669,0.33630568
3654371015,0.46907002,0.3251505,0.20577943
3654654994,0.3408393,0.29616478,0.36299592
3654822642,0.22249481,0.5951555,0.18234974
3655136629,0.3562989,0.46784872,0.17585237
3655647151,0.33583802,0.33209783,0.33206415
3656574643,0.36660713,0.3712419,0.262151
3656752997,0.36824036,0.3990869,0.23267275
3657685761,0.3536554,0.392079,0.25426564
3657898157,0.4491776,0.29337406,0.25744832
3657997996,0.42857692,0.36734843,0.20407468
3658105609,0.362649,0.39617413,0.2411769
3658110292,0.3322308,0.3687756,0.29899353
3658193276,0.33210742,0.41851348,0.24937908
3658247072,0.47786298,0.33215946,0.18997756
3658285698,0.340815,0.35032916,0.30885586
3658551692,0.3809989,0.3658604,0.2531407
3658559905,0.3686909,0.35159218,0.2797169
3658667104,0.36276954,0.40870076,0.22852969
3658951201,0.38946247,0.37396556,0.23657197
3659089830,0.32794026,0.30898654,0.36307317
3659165598,0.38312298,0.40861893,0.20825812
3660102240,0.3385284,0.44170827,0.21976337
3660749794,0.3721737,0.37849063,0.2493357
3661079031,0.37169966,0.40680003,0.2215003
3661329993,0.40795046,0.39318758,0.19886197
3662074587,0.39788413,0.37759936,0.22451654
3662720314,0.37175092,0.3520089,0.27624017
3662900623,0.3788104,0.39112875,0.23006085
3663294101,0.45315817,0.34418073,0.20266107
3663387785,0.372338,0.39338964,0.2342723
3664377205,0.33566046,0.47102708,0.19331242
3664816008,0.28221986,0.48664588,0.23113427
3665214541,0.4685615,0.30572206,0.22571641
3666459233,0.48025227,0.30490395,0.21484375
3667253889,0.47826025,0.3046478,0.21709198
3667468990,0.5115422,0.23945507,0.24900272
3667676210,0.36185944,0.40619376,0.23194677
3668251932,0.31997737,0.39426103,0.28576156
3668364749,0.26202723,0.54117966,0.19679314
3668989979,0.22791055,0.5485693,0.2235201
3668993262,0.36187553,0.38884538,0.24927914
3669618922,0.40371522,0.3547073,0.24157745
3670143119,0.2703057,0.26477152,0.4649228
3670158526,0.3102972,0.4960773,0.19362551
3671739089,0.35472405,0.3529933,0.2922827
3671831472,0.426763,0.33828628,0.23495072
3672031764,0.36971843,0.35086793,0.27941358
3672537460,0.30764395,0.47721723,0.21513882
3672827485,0.39582616,0.33195,0.27222383
3673488879,0.3860912,0.35540465,0.2585042
3673585695,0.5839921,0.20529091,0.21071696
3673843273,0.26226592,0.474608,0.26312608
3673928993,0.46044728,0.29200655,0.24754618
3674047451,0.4204094,0.35004628,0.2295443
3674212947,0.25723672,0.5493863,0.19337691
3674215663,0.343119,0.38974273,0.26713827
3674372368,0.40145677,0.36461803,0.2339252
3675376941,0.46324545,0.32529086,0.2114637
3675745855,0.3385865,0.3924514,0.26896212
3676829172,0.30441046,0.46495897,0.23063056
3677158449,0.37155235,0.36625642,0.26219124
3677288322,0.3430523,0.37923333,0.27771437
3677672523,0.51585627,0.30068097,0.18346272
3678876028,0.31176966,0.31801403,0.3702163
3679501003,0.38182348,0.33189616,0.2862804
3679872881,0.29023883,0.50164944,0.20811172
3679941508,0.3456964,0.4484349,0.20586874
3679979952,0.33768964,0.35228983,0.31002054
3680245145,0.41002676,0.31162813,0.27834508
3680869611,0.34922883,0.35270217,0.298069
3681683500,0.41942966,0.33711517,0.24345523
3682238382,0.36056447,0.41052878,0.22890678
3682738987,0.39078832,0.2818182,0.32739347
3683036709,0.31012404,0.4357363,0.2541396
3683066810,0.3181898,0.38721243,0.2945978
3683467212,0.32122284,0.4276628,0.25111434
3684376048,0.30742908,0.45415002,0.2384209
3684479279,0.34598708,0.39495897,0.25905395
3685046668,0.33259428,0.32063863,0.34676713
3685312925,0.39154392,0.35326016,0.25519595
3685438612,0.3535359,0.27591696,0.37054712
3685824509,0.33256418,0.43347877,0.23395708
3686007885,0.47292107,0.31235093,0.21472797
3686077168,0.37459913,0.37323508,0.2521658
3686114133,0.32816556,0.405376,0.26645845
3686843013,0.2694555,0.4306782,0.29986632
3687000119,0.39608747,0.3269487,0.27696383
3687000284,0.35833415,0.41822034,0.22344552
3687011406,0.3954131,0.32895052,0.27563637
3687066890,0.26247704,0.4855281,0.25199485
3687590069,0.3462649,0.36064053,0.29309458
3687829294,0.33641404,0.32035115,0.34323484
3688342904,0.41318065,0.37661672,0.21020263
3688346070,0.36620805,0.3911254,0.24266657
3689687911,0.29247046,0.5240129,0.18351662
3689901164,0.37077242,0.26717198,0.3620556
3690057183,0.25902128,0.53616494,0.20481384
3690347874,0.48166847,0.28184095,0.2364906
3691166498,0.31615192,0.3927408,0.29110727
3691430931,0.3083996,0.4384976,0.2531028
3691530961,0.32827842,0.38926703,0.28245455
3691809420,0.34229833,0.38759583,0.27010584
3692810841,0.3059337,0.46191102,0.23215525
3692833533,0.43734998,0.29567346,0.2669766
3693121192,0.40159482,0.36571443,0.23269078
3693748801,0.27263558,0.27084225,0.4565222
3693887115,0.29624328,0.421956,0.28180072
3695236195,0.25063643,0.36059204,0.38877153
3695365246,0.46673834,0.32435304,0.20890859
3697047650,0.29420072,0.29730022,0.408499
3697082456,0.23101996,0.225007,0.54397297
3697788099,0.2900883,0.3955664,0.3143453
3698219651,0.40794843,0.3684078,0.22364375
3698412685,0.58125186,0.23330018,0.1854479
3699813401,0.33936667,0.4150511,0.24558222
3700577071,0.33866107,0.37205186,0.28928703
3700581208,0.3936172,0.39511055,0.21127225
3701022986,0.3455255,0.39968404,0.25479048
3701437371,0.35312787,0.3469551,0.2999171
3701442695,0.3292017,0.42565608,0.24514219
3702179310,0.3432833,0.3661362,0.29058054
3702345090,0.37386534,0.36361098,0.2625237
3702529300,0.24215034,0.52661276,0.23123692
3702788231,0.3491791,0.3922752,0.25854576
3703116209,0.45035994,0.31117326,0.23846674
3703347832,0.56292844,0.25066176,0.1864098
3703893461,0.39045605,0.31231374,0.29723018
3703948918,0.33001092,0.28506735,0.3849217
3704874935,0.47988492,0.2962197,0.2238954
3705315538,0.2855155,0.23983136,0.47465318
3705753186,0.34684125,0.34088826,0.31227052
3706099949,0.2686552,0.52628136,0.20506345
3706181114,0.35530213,0.35359168,0.29110616
3706756941,0.37752992,0.35369807,0.26877207
3707652340,0.37592816,0.3800571,0.24401471
3707724680,0.26428387,0.37288862,0.36282754
3708767663,0.37466592,0.29963544,0.3256986
3708821684,0.40374768,0.33420724,0.26204503
3709238063,0.24146757,0.5035495,0.25498295
3709480948,0.22792038,0.3952881,0.37679157
3709960701,0.26121837,0.4845537,0.25422794
3710135548,0.4186507,0.3069543,0.274395
3710353258,0.27751184,0.53138703,0.1911011
3710447640,0.3562297,0.3783368,0.26543352
3710617803,0.29034063,0.40995583,0.29970354
3710840159,0.48534054,0.30980504,0.20485443
3710901085,0.28979588,0.3015175,0.40868664
3711135394,0.3188434,0.32518435,0.3559723
3711349428,0.38416898,0.3731683,0.24266276
3711430048,0.24107096,0.43406463,0.32486445
3711498481,0.36697334,0.29703772,0.33598897
3712305232,0.36528268,0.36565298,0.2690643
3713030092,0.41241735,0.29986012,0.28772256
3713066587,0.39888555,0.37108052,0.2300339
3714114848,0.24172123,0.5429553,0.21532348
3714794293,0.27815637,0.5144845,0.20735906
3714901937,0.29573533,0.33415595,0.37010872
3715002202,0.37153524,0.42042023,0.2080445
3715283537,0.37989676,0.38468236,0.2354209
3715386767,0.24937087,0.5831605,0.16746864
3715837998,0.50663817,0.27488512,0.21847671
3716444822,0.4202643,0.34816617,0.23156953
3716946276,0.37028864,0.43553728,0.19417411
3716981070,0.2967,0.28356338,0.41973665
3717219948,0.25057295,0.44798574,0.3014413
3717721903,0.370643,0.35490015,0.27445686
3717751575,0.36654592,0.2835989,0.34985518
3718302460,0.31440207,0.33168936,0.35390854
3718315861,0.44800788,0.31720406,0.23478805
3718532247,0.46502522,0.26858047,0.26639435
3718727649,0.32623124,0.34421444,0.32955435
3719195086,0.39283046,0.37205365,0.23511586
3720907579,0.3024044,0.43509063,0.26250494
3721316667,0.30680773,0.46515065,0.2280416
3721743268,0.29126614,0.47132522,0.2374086
3721838525,0.3476207,0.35181963,0.30055964
3722838067,0.35400924,0.4171694,0.2288214
3722922021,0.31108314,0.30625588,0.38266093
3725099934,0.3222466,0.46690655,0.21084686
3725462415,0.40118718,0.40905684,0.18975598
3725842581,0.55984944,0.23485494,0.20529562
3725974457,0.3643589,0.37479728,0.2608438
3726653682,0.3109901,0.3871995,0.30181044
3727470635,0.49784088,0.25010714,0.25205198
3727680992,0.3491422,0.39830664,0.25255114
3728155402,0.58853,0.20631284,0.20515713
3728229999,0.18883058,0.6453756,0.1657938
3728794351,0.5906605,0.20715867,0.2021808
3728992360,0.39324152,0.38086706,0.22589144
3729607942,0.44762087,0.31477714,0.23760206
3729837682,0.37821636,0.39277405,0.22900961
3730605045,0.34477127,0.40622124,0.24900746
3731255387,0.23952156,0.58000433,0.18047407
3731430537,0.36481133,0.37211013,0.26307854
3731479928,0.3807907,0.362823,0.25638628
3732592870,0.41843772,0.3118031,0.26975918
3732711645,0.33103696,0.38907158,0.27989143
3732909513,0.34882703,0.4402374,0.21093555
3732990790,0.34876856,0.4089049,0.24232647
3733824558,0.4054464,0.35785717,0.23669642
3733960318,0.347919,0.3625542,0.28952676
3733981321,0.39842933,0.35904706,0.24252361
3734161806,0.40457535,0.3874495,0.20797515
3734172477,0.2558004,0.5040974,0.2401022
3734311558,0.2428182,0.5202154,0.23696631
3734445836,0.25596374,0.30056575,0.4434705
3735073858,0.39476925,0.39922124,0.2060095
3736235940,0.35489178,0.39481613,0.25029212
3737031010,0.39758885,0.38860887,0.21380231
3737319341,0.41045105,0.33716598,0.252383
3737429611,0.40158257,0.3504081,0.24800931
3737563682,0.23375559,0.30620325,0.46004117
3737728942,0.3816853,0.38256004,0.2357547
3737982119,0.39037406,0.3740595,0.23556644
3738348886,0.5420101,0.26268274,0.1953071
3738360932,0.48593223,0.34322232,0.17084546
3739255177,0.35737312,0.3979602,0.24466676
3739462441,0.34231973,0.40008518,0.25759503
3739568658,0.43866733,0.34408015,0.21725246
3740102985,0.47636104,0.31863567,0.20500328
3740183519,0.34636956,0.38306355,0.27056688
3740388825,0.5244335,0.24066179,0.23490475
3740495791,0.42386094,0.39158088,0.18455818
3740884877,0.36456642,0.34618163,0.28925198
3740978033,0.31596023,0.30356064,0.38047916
3741689399,0.2930818,0.37821448,0.32870373
3741735864,0.34034005,0.38460934,0.27505058
3742245725,0.22282805,0.5873201,0.18985188
3742327721,0.4903679,0.22015086,0.28948128
3742760845,0.3471678,0.3337165,0.31911576
3743074443,0.3757593,0.3566638,0.26757693
3743220645,0.3875681,0.43081108,0.18162084
3743307353,0.49858063,0.24528694,0.25613245
3743391962,0.43911895,0.27744752,0.28343353
3743626190,0.17474121,0.17474121,0.6505176
3744513562,0.2909155,0.28173536,0.42734918
3744884282,0.3689059,0.40936023,0.22173384
3745601239,0.28131998,0.51378036,0.2048997
3746040845,0.3115275,0.30555844,0.38291404
3746631947,0.28438446,0.4735629,0.24205264
3746868648,0.38979328,0.3150869,0.29511982
3747097560,0.34885436,0.43703848,0.21410714
3747691768,0.31426117,0.34338528,0.34235352
3747898670,0.25892663,0.39231634,0.348757
3748192224,0.3625549,0.41128495,0.22616015
3749203017,0.2644401,0.5289087,0.20665115
3749391134,0.27650124,0.44976768,0.2737311
3750020108,0.38517424,0.39516926,0.21965653
3750351635,0.42049015,0.3903103,0.18919954
3750418626,0.3016845,0.36439174,0.33392376
3750842127,0.44914067,0.33093363,0.2199257
3751753183,0.33286124,0.43773553,0.22940326
3751848139,0.40701586,0.3678655,0.2251186
3751999729,0.15595856,0.66415143,0.17989
3752244768,0.2576288,0.3212082,0.42116296
3752490723,0.3738159,0.42904943,0.19713469
3752690913,0.39807588,0.38522223,0.2167019
3752795034,0.38066894,0.41726255,0.20206845
3752996035,0.16869345,0.16869345,0.66261315
3753010781,0.48412308,0.23572262,0.2801543
3754786150,0.29311824,0.4723763,0.2345055
3755191689,0.4470116,0.28223944,0.27074897
3755684571,0.33614987,0.421392,0.2424581
3755833128,0.3134659,0.2941624,0.39237165
3756355577,0.4096884,0.37900966,0.21130195
3756585658,0.38484436,0.36096996,0.25418565
3758192510,0.30075547,0.5221603,0.17708427
3758306981,0.31315133,0.4157427,0.271106
3758515265,0.329313,0.34162584,0.3290612
3758945933,0.2911379,0.4947837,0.21407843
3759150161,0.29635176,0.47079474,0.23285353
3759545157,0.30496633,0.36639705,0.32863662
3759889336,0.36298883,0.28777385,0.34923738
3760049298,0.3503759,0.36516938,0.28445473
3760107600,0.35587907,0.29676706,0.3473539
3760215177,0.6202837,0.20106089,0.17865536
3760541530,0.35360813,0.4520384,0.19435345
3760726154,0.27861127,0.396532,0.3248567
3761213237,0.3722394,0.39900744,0.22875312
3761357639,0.2924496,0.4079467,0.29960367
3761739037,0.24169685,0.24044156,0.51786155
3761857471,0.2448132,0.49754137,0.25764537
3762818618,0.5028164,0.26948926,0.22769435
3763182154,0.42424017,0.33939105,0.23636878
3763331210,0.36491415,0.3136686,0.3214173
3763762558,0.2538029,0.5774075,0.16878963
3763893852,0.29048026,0.46189135,0.24762836
3763995350,0.3774406,0.39802396,0.22453548
3764452979,0.50482523,0.2866516,0.2085231
3764855568,0.22513375,0.222893,0.5519733
3764905091,0.4083792,0.36792293,0.22369789
3765417783,0.5437298,0.21395382,0.24231638
3765590473,0.19196877,0.19196877,0.61606246
3767051597,0.4186706,0.40124923,0.18008018
3767062978,0.46731323,0.31554508,0.2171416
3768538518,0.40619206,0.31830865,0.27549928
3769261864,0.40476233,0.334726,0.2605117
3769636196,0.5258463,0.2603449,0.21380883
3769861423,0.49538743,0.32007867,0.18453386
3770006663,0.2767071,0.35891744,0.3643754
3770201654,0.51597404,0.26810956,0.2159164
3770672901,0.3888806,0.3606286,0.25049078
3771407796,0.33988625,0.44036368,0.21975008
3772046898,0.32163063,0.28285825,0.3955111
3772206500,0.29137856,0.3940714,0.31455
3772396767,0.28215975,0.2847377,0.43310255
3772621273,0.2800015,0.5114336,0.2085649
3773402284,0.3327593,0.4251597,0.24208102
3773706340,0.3986596,0.3946501,0.20669028
3774306841,0.27769607,0.25614297,0.46616095
3774510690,0.2710198,0.5313505,0.19762968
3774574747,0.23148885,0.24717954,0.5213316
3775780143,0.42940742,0.27663198,0.29396057
3775837273,0.27615532,0.27360398,0.45024067
3776147279,0.36413464,0.34879398,0.28707138
3776180488,0.3669713,0.24911861,0.38391006
3776233740,0.29631335,0.48460725,0.21907942
3776619201,0.34662908,0.4114617,0.2419092
3776920422,0.3432355,0.4071096,0.24965489
3777785588,0.34895474,0.37299228,0.278053
3777947892,0.3886154,0.40530795,0.20607665
3778060032,0.43177783,0.3482654,0.2199567
3778287383,0.36189187,0.40908232,0.22902584
3778404033,0.35536766,0.42525345,0.21937889
3778644702,0.34741065,0.33947733,0.31311202
3778946250,0.3386252,0.44624937,0.21512547
3778996326,0.4262184,0.35400063,0.21978097
3779097155,0.2843312,0.28770518,0.42796364
3779503594,0.2807963,0.35773706,0.36146665
3779534600,0.35972273,0.26170996,0.37856728
3779582459,0.35587132,0.38714865,0.25698003
3780327498,0.3012601,0.34465733,0.35408252
3780729289,0.5308005,0.27373025,0.1954692
3781357756,0.4190213,0.34062982,0.2403489
3781914755,0.33317304,0.3020826,0.3647443
3781978410,0.3526615,0.42000812,0.22733039
3782094445,0.4775393,0.2981716,0.22428909
3782099582,0.39060098,0.3218419,0.28755713
3782839591,0.2874952,0.3365301,0.3759747
3782896658,0.36971778,0.3511542,0.27912802
3783111386,0.31226993,0.37120014,0.31652993
3783359552,0.5119149,0.254905,0.2331801
3783664494,0.28770766,0.47015804,0.24213432
3783688065,0.39596593,0.32531106,0.27872297
3783794109,0.32624564,0.42314792,0.25060648
3783800934,0.41953474,0.32695892,0.25350636
3783829341,0.44673455,0.27415252,0.27911294
3784341237,0.3742595,0.40598798,0.21975252
3784396569,0.36911607,0.34891227,0.28197163
3785275026,0.4094779,0.38185173,0.20867038
3785338398,0.25678903,0.51483464,0.22837634
3786100677,0.3632997,0.35868502,0.27801526
3786192983,0.5116621,0.28067818,0.2076597
3788399945,0.29505467,0.31809366,0.38685167
3788909523,0.26349494,0.44479114,0.2917139
3788920085,0.3132494,0.33711904,0.34963155
3789651727,0.46706045,0.29362136,0.23931813
3789742361,0.3007195,0.46210235,0.23717815
3789819515,0.33170152,0.42485052,0.2434479
3790038845,0.38056618,0.3755288,0.24390501
3790433358,0.41740823,0.35543388,0.22715795
3790436416,0.42150348,0.36583763,0.21265891
3791443361,0.23323086,0.5739676,0.19280156
3791456292,0.27523986,0.49842066,0.22633946
3792060424,0.27326936,0.23343684,0.49329382
3792381618,0.3784544,0.34738111,0.27416456
3792584422,0.45754328,0.31697273,0.22548401
3792703047,0.33561736,0.31544238,0.34894028
3793234139,0.16681376,0.16681376,0.6663725
3794492655,0.26518577,0.4474213,0.28739297
3794669100,0.44116634,0.35471505,0.20411861
3795095104,0.2681602,0.5437179,0.18812191
3795113522,0.37018305,0.40062058,0.22919635
3795528017,0.50885165,0.27580547,0.2153429
3796042811,0.37048212,0.37645885,0.25305903
3796173882,0.19293892,0.5555686,0.2514925
3797121454,0.27222192,0.27428412,0.45349392
3797482474,0.24680796,0.4437858,0.30940628
3797877898,0.292966,0.47403806,0.23299593
3800509997,0.5014377,0.2522992,0.24626312
3801184671,0.25662017,0.37893075,0.36444908
3801614802,0.38828242,0.3172316,0.29448596
3801660817,0.5254252,0.28552884,0.18904597
3801768644,0.5541865,0.26069653,0.18511695
3802436696,0.39621863,0.2978699,0.30591148
3802729246,0.255164,0.4950666,0.24976937
3803345477,0.25695682,0.2714953,0.47154787
3804363574,0.33270004,0.43063796,0.23666203
3804894537,0.2965479,0.33476123,0.3686909
3804898655,0.29999268,0.34661922,0.35338807
3805273058,0.38838804,0.38202998,0.22958198
3805420447,0.3686707,0.37508044,0.25624886
3805928975,0.3994705,0.35255522,0.24797434
3806625810,0.36236328,0.38163066,0.25600606
3807225748,0.42423508,0.32310164,0.25266325
3807588346,0.46882403,0.31198218,0.21919373
3807643350,0.33789366,0.40158165,0.26052472
3807858884,0.30363715,0.38509035,0.31127244
3809376553,0.41953817,0.33667696,0.24378487
3809439544,0.2989477,0.33866736,0.36238497
3809874415,0.32805133,0.45935184,0.21259686
3810391087,0.47066754,0.34035963,0.18897283
3810847310,0.39799792,0.41276872,0.18923333
3811232664,0.35257453,0.38543817,0.2619873
3811491215,0.3790692,0.40540817,0.2155226
3811638337,0.38262355,0.3646846,0.2526918
3812868816,0.31740195,0.28972712,0.3928709
3813181158,0.38883334,0.3179172,0.29324943
3813313366,0.30049294,0.47047436,0.22903271
3813483073,0.23139566,0.5926688,0.1759355
3813580231,0.42472136,0.36915642,0.20612219
3813892623,0.22404487,0.22289798,0.5530572
3814014170,0.34994793,0.48163915,0.16841292
3814671602,0.34074807,0.35127133,0.3079806
3814740415,0.47048232,0.3260278,0.20348984
3815090319,0.4908732,0.27418575,0.23494104
3815304704,0.40493178,0.3886711,0.20639712
3815339010,0.3858701,0.4016124,0.21251747
3815468319,0.37549278,0.33934805,0.28515917
3816444524,0.25226355,0.54718924,0.20054723
3816996794,0.38688517,0.34175098,0.2713638
3817074223,0.43443662,0.22528881,0.34027457
3817091119,0.3502074,0.3302949,0.3194977
3817202070,0.46369654,0.3113227,0.22498074
3817605275,0.3804929,0.3055336,0.3139735
3818106976,0.31380308,0.34714955,0.33904737
3818449762,0.31885102,0.32717687,0.35397208
3818795359,0.41709083,0.32341975,0.25948948
3819261512,0.23657635,0.2841455,0.47927815
3819302388,0.29547042,0.46772373,0.23680586
3819414932,0.34705916,0.41600943,0.2369314
3819684632,0.30127466,0.4988672,0.19985811
3820363831,0.4464218,0.30395085,0.24962735
3820397661,0.4107519,0.38301972,0.2062284
3820404595,0.3712281,0.3915996,0.23717228
3821842269,0.36335045,0.42285687,0.21379267
3822233482,0.25043112,0.5095202,0.24004865
3824233889,0.4116783,0.30805898,0.28026274
3824248643,0.34005514,0.41296145,0.24698338
3825190290,0.38460356,0.3142177,0.30117875
3825854919,0.39289516,0.39288956,0.21421528
3826576129,0.38018927,0.3861281,0.23368266
3826612171,0.49002808,0.24343464,0.26653728
3827605417,0.35107744,0.36627388,0.28264874
3827801375,0.5017654,0.27739465,0.22083993
3827873766,0.43067232,0.33278257,0.2365451
3828865324,0.4255798,0.29324618,0.281174
3828951862,0.24543276,0.49385375,0.26071352
3828957813,0.4553603,0.2815483,0.26309144
3829127377,0.5299736,0.24308988,0.2269365
3829593850,0.32873404,0.44612265,0.2251433
3829818457,0.28126568,0.38588807,0.33284628
3830179248,0.36709034,0.352741,0.28016865
3830366964,0.27229667,0.40529948,0.32240385
3830751164,0.34711576,0.4068181,0.24606615
3831640921,0.36587304,0.38820773,0.2459192
3832696653,0.38084054,0.3213728,0.2977866
3832766335,0.36660677,0.40928304,0.22411019
3833234950,0.41588104,0.25666767,0.32745132
3833256571,0.40430674,0.34133726,0.254356
3833405374,0.36893937,0.3556564,0.2754042
3833424325,0.5274448,0.27212334,0.20043188
3833502374,0.41923004,0.36587712,0.2148928
3833927313,0.42328155,0.34811336,0.22860508
3833935103,0.31093818,0.31018186,0.37887996
3834059049,0.3772058,0.39436007,0.22843415
3834781089,0.36617965,0.42022943,0.21359089
3834815897,0.41979045,0.29738644,0.28282312
3834985384,0.52801096,0.27990633,0.19208275
3835767210,0.51090837,0.27781087,0.21128076
3835840245,0.4863632,0.2859082,0.22772858
3835887023,0.349069,0.33187303,0.31905794
3836085068,0.31601363,0.3156501,0.36833626
3836131232,0.38606215,0.38232398,0.23161384
3836449222,0.36588466,0.36112526,0.27299005
3836881497,0.23573872,0.5646728,0.1995884
3837268033,0.4425606,0.33141965,0.22601974
3837396448,0.41970545,0.33149543,0.24879915
3837589998,0.23295593,0.53513193,0.23191217
3838129335,0.3949898,0.35772604,0.2472842
3838301590,0.3239662,0.37436873,0.30166504
3838944679,0.42566258,0.3516892,0.22264825
3839432093,0.38153315,0.34431154,0.27415532
3839581232,0.52911425,0.27331772,0.19756806
3839652262,0.39074132,0.40445316,0.20480558
3839680164,0.34761196,0.3280527,0.32433534
3839890395,0.32046956,0.2684974,0.4110331
3839910767,0.41321623,0.30190855,0.28487524
3840092441,0.29958066,0.40327883,0.2971405
3840332679,0.45154905,0.32265523,0.22579569
3840855709,0.2838849,0.32261845,0.39349663
3840964040,0.35164744,0.3007647,0.34758788
3842407223,0.35572058,0.44583777,0.1984416
3842837551,0.45816588,0.32660687,0.21522722
3842952794,0.6640573,0.17949739,0.15644528
3843161263,0.4434552,0.23650926,0.32003555
3844186893,0.3820008,0.3906206,0.2273786
3845426088,0.41513735,0.37243208,0.21243058
3845488306,0.2747524,0.31543195,0.40981567
3845492049,0.4042756,0.30564404,0.29008043
3845540690,0.31207222,0.45446137,0.23346645
3846247681,0.43891558,0.2692868,0.29179758
3846280803,0.3610371,0.3899842,0.24897872
3846532366,0.40446526,0.3246246,0.27091014
3846634141,0.38824368,0.38107467,0.23068164
3846784693,0.32148814,0.31910592,0.35940588
3846955663,0.43166673,0.36504337,0.2032899
3847103876,0.30574304,0.3724631,0.32179385
3847149368,0.5772059,0.24169715,0.18109694
3847899248,0.47758436,0.32183254,0.20058312
3848325518,0.37244785,0.39902657,0.22852561
3849151609,0.38694972,0.42870048,0.18434975
3849175129,0.48054367,0.26682052,0.25263578
3849197934,0.30583143,0.26654825,0.42762035
3849725614,0.32795715,0.34242374,0.3296191
3849851894,0.30627367,0.4341249,0.25960147
3850668307,0.4931661,0.28534734,0.22148658
3850845647,0.41142362,0.40709293,0.18148342
3850921801,0.48720697,0.28608352,0.22670949
3851378772,0.33810204,0.45837414,0.20352381
3852174737,0.46778575,0.2468409,0.28537336
3852629309,0.28393632,0.46568108,0.2503826
3852741461,0.36650226,0.28212178,0.351376
3853854371,0.35299236,0.3718523,0.27515528
3854054647,0.3319975,0.42649543,0.2415071
3854185593,0.30875224,0.44034854,0.25089926
3854252761,0.37404805,0.38271734,0.2432346
3855220720,0.2942614,0.4445065,0.26123208
3855339596,0.40297073,0.34892416,0.24810514
3855369056,0.44402695,0.34933123,0.2066418
3855487201,0.3020431,0.40293884,0.29501802
3856336719,0.49917167,0.29561746,0.20521086
3856465314,0.43926203,0.29092962,0.26980835
3856598527,0.39722526,0.26971048,0.33306423
3856656559,0.42101428,0.34668905,0.23229668
3856669683,0.2653621,0.32993954,0.4046983
3856959979,0.37733087,0.36079192,0.26187724
3857250861,0.34158713,0.3377099,0.32070297
3857454426,0.42727265,0.35550934,0.21721804
3857466335,0.34803826,0.37758905,0.2743727
3857497094,0.3872379,0.3648015,0.2479606
3858166753,0.45230114,0.24600947,0.30168933
3858958952,0.25932914,0.52097356,0.21969725
3859983759,0.3329894,0.47343487,0.19357572
3860429817,0.36109072,0.3089273,0.32998195
3861358043,0.36782646,0.4182846,0.21388893
3861382455,0.31677815,0.49842387,0.18479794
3861731346,0.3701395,0.34084255,0.289018
3862080803,0.27840692,0.4233654,0.2982277
3862684171,0.2812018,0.33370793,0.38509023
3864199963,0.39318293,0.35677668,0.2500404
3864241325,0.42684978,0.356704,0.21644616
3864557134,0.36502606,0.35868734,0.2762866
3865179063,0.3761492,0.39372778,0.23012301
3865309261,0.35187554,0.4445069,0.2036176
3865498011,0.39265892,0.4141154,0.19322568
3865500373,0.35924926,0.44622046,0.19453028
3866013973,0.3656459,0.31631458,0.31803948
3866194691,0.2921758,0.47533262,0.23249163
3866353314,0.38650084,0.41223627,0.20126289
3867091752,0.5333225,0.2877763,0.17890118
3867146472,0.40872595,0.3412908,0.24998328
3867410207,0.36755788,0.40679678,0.22564536
3868070898,0.40157008,0.3904903,0.20793962
3868094901,0.3586613,0.37374336,0.26759535
3868100455,0.41900343,0.3689015,0.21209514
3868169447,0.40409076,0.37602693,0.21988231
3868385818,0.35497862,0.3912115,0.2538098
3868556946,0.3375133,0.45541343,0.20707327
3869187326,0.3084061,0.52114576,0.17044812
3869648745,0.3950507,0.2928145,0.31213474
3869983990,0.44216484,0.3576026,0.2002326
3870030183,0.3588591,0.3588591,0.28228182
3870055402,0.37272498,0.40641975,0.22085525
3870102911,0.19596562,0.2024058,0.60162854
3870181407,0.2846699,0.4922586,0.22307147
3870299211,0.40565833,0.416305,0.17803666
3870694166,0.33935845,0.4662116,0.19442998
3871021520,0.35793942,0.36557168,0.27648893
3871238436,0.32258213,0.43791747,0.23950042
3871636532,0.46475703,0.32141665,0.21382636
3872070554,0.3612941,0.37191337,0.26679257
3872324645,0.35458454,0.4217506,0.22366485
3872376914,0.43121052,0.3459323,0.22285715
3872402333,0.4099877,0.22823851,0.3617738
3872450315,0.33619618,0.32997143,0.33383232
3872499684,0.5081221,0.28571337,0.20616454
3872507980,0.359181,0.38991314,0.2509058
3873256269,0.43441418,0.33471978,0.23086607
3873453207,0.34834802,0.33774543,0.31390655
3874102061,0.27982256,0.5194837,0.20069376
3874279375,0.29718077,0.30242813,0.40039104
3875372031,0.40288526,0.4056494,0.19146538
3875419510,0.38475406,0.34644043,0.2688055
3875711591,0.31309658,0.3503487,0.3365547
3876294659,0.16947424,0.16947424,0.66105145
3877076427,0.31533837,0.48207095,0.20259069
3877216629,0.29183376,0.47677454,0.23139171
3878332688,0.4377395,0.2815175,0.280743
3878377531,0.32477647,0.48946238,0.18576112
3878769738,0.30348337,0.39856094,0.2979557
3879652718,0.37654775,0.3864045,0.23704776
3879702089,0.3857413,0.39197347,0.22228527
3879934797,0.36096162,0.4146844,0.22435397
3880150353,0.3592391,0.38606367,0.2546972
3880474664,0.41740993,0.35676932,0.2258207
3880531358,0.37850183,0.30841064,0.3130875
3881424880,0.42407912,0.3317746,0.24414632
3881791791,0.40866876,0.32055962,0.27077162
3882213913,0.33644712,0.3191465,0.34440634
3882224315,0.33131182,0.32809156,0.34059665
3882261043,0.3825022,0.42336887,0.1941289
3882367146,0.42107388,0.32532454,0.25360158
3882446839,0.3720743,0.28396085,0.34396482
3882811235,0.46926188,0.3062378,0.22450036
3882966495,0.35480875,0.30236214,0.34282908
3883693531,0.34663045,0.37177107,0.2815985
3883708960,0.2756204,0.5231607,0.20121887
3883837011,0.36458993,0.37234837,0.2630617
3883838580,0.28563637,0.36356938,0.35079423
3884165963,0.36803496,0.35720158,0.27476346
3884198872,0.46990496,0.29907507,0.23101994
3884582929,0.31652173,0.42941862,0.2540596
3885172829,0.35712075,0.35630232,0.28657693
3885194159,0.45996764,0.3167075,0.22332488
3885289774,0.35468954,0.27853167,0.3667788
3885824331,0.31666481,0.34530407,0.3380311
3886112588,0.33105195,0.36758357,0.30136442
3886916613,0.37090057,0.3441611,0.2849384
3887917660,0.30932593,0.47359517,0.2170789
3888521134,0.30816033,0.46769398,0.2241457
3889177932,0.31567347,0.44314748,0.24117897
3889361167,0.34073818,0.45661747,0.20264441
3889375876,0.30641904,0.512691,0.1808899
3889423599,0.32816145,0.44746542,0.2243731
3889650090,0.60534906,0.2184452,0.17620577
3889804622,0.35576245,0.38838267,0.2558549
3890210726,0.3393649,0.324025,0.33661008
3890936880,0.34127638,0.38305408,0.2756696
3891904319,0.26422942,0.51609635,0.21967426
3891949722,0.32932955,0.3238185,0.34685197
3892984524,0.52926564,0.24585834,0.22487602
3893024435,0.28636357,0.55263925,0.16099715
3893088397,0.3059446,0.42261425,0.2714412
3893190130,0.28544685,0.42931688,0.28523624
3893503887,0.34172335,0.33750504,0.32077157
3893593189,0.339813,0.40427738,0.25590956
3893831056,0.34553897,0.37368274,0.2807783
3894423191,0.5587408,0.2383182,0.20294097
3894549577,0.30282414,0.39331102,0.30386487
3894962456,0.399513,0.35407445,0.24641258
3895265279,0.26058578,0.46162733,0.27778688
3895549203,0.4419582,0.31663924,0.2414026
3896048011,0.46681982,0.299249,0.23393127
3896502027,0.3914051,0.35406417,0.25453073
3896821589,0.34147885,0.41751495,0.2410062
3896939883,0.38217878,0.4128164,0.20500481
3897438587,0.3839279,0.39116865,0.2249035
3898011950,0.36790866,0.29604048,0.33605087
3898054326,0.35319537,0.36103243,0.2857722
3898057208,0.3943035,0.4018291,0.20386744
3898333673,0.35106736,0.3694569,0.27947575
3898542144,0.34446952,0.3105574,0.3449731
3899550777,0.41262168,0.37824368,0.20913467
3899717245,0.47600216,0.3014363,0.22256152
3899847434,0.348208,0.20936409,0.44242784
3900666824,0.32176808,0.4319462,0.24628574
3901248975,0.38472456,0.37956458,0.23571083
3902037300,0.43358222,0.3453885,0.22102925
3902417596,0.3008021,0.46399513,0.23520282
3902976486,0.42130715,0.3227798,0.25591305
3903026093,0.3917517,0.33604246,0.27220583
3903288373,0.29983905,0.2956254,0.40453553
3903402974,0.33698875,0.43115336,0.23185785
3903670404,0.39568236,0.37693596,0.22738168
3904225542,0.28557903,0.36156246,0.35285854
3904640382,0.27447063,0.48372817,0.24180126
3904928754,0.46895888,0.27393714,0.25710398
3905187083,0.39770293,0.3939619,0.20833519
3905285713,0.42140096,0.2824007,0.29619837
3905407937,0.23197514,0.53950566,0.22851917
3905486078,0.40928292,0.37626374,0.21445338
3906013607,0.3782553,0.35736543,0.2643793
3906204533,0.25400674,0.5579064,0.18808681
3906310501,0.24050966,0.2685883,0.490902
3906606191,0.36757496,0.36805788,0.26436716
3907082947,0.31276393,0.4618437,0.22539237
3907352460,0.28842026,0.41402358,0.29755616
3907367129,0.35029042,0.4409254,0.2087842
3907427465,0.5163979,0.27581805,0.20778407
3908361286,0.3467996,0.34790105,0.30529934
3908700665,0.32458097,0.27927482,0.39614424
3909382408,0.31502265,0.47481734,0.21016
3909661573,0.35411036,0.3674274,0.27846223
3909679952,0.36129957,0.31329885,0.32540154
3910670151,0.5021956,0.28710574,0.21069862
3911451781,0.37537837,0.3912551,0.23336652
3911794098,0.2349645,0.4604498,0.3045857
3911920702,0.41716725,0.32380015,0.25903267
3912304194,0.35527414,0.3451495,0.29957637
3913920705,0.41849148,0.3625024,0.21900612
3914060655,0.31986713,0.4254759,0.25465703
3914592135,0.42132553,0.31896636,0.2597081
3914926060,0.20482482,0.59075415,0.20442104
3915087259,0.2965918,0.4512908,0.25211746
3915132170,0.27147526,0.27054596,0.4579788
3915490352,0.40663588,0.34314114,0.25022292
3916218166,0.32871637,0.35077894,0.3205047
3918026450,0.2796436,0.32554084,0.39481553
3918831060,0.35364795,0.4377905,0.2085616
3919113084,0.47334573,0.31083155,0.21582273
3919643001,0.2675118,0.49816242,0.23432575
3920049937,0.36277902,0.41945878,0.21776222
3920223267,0.43505728,0.35785407,0.20708865
3920635745,0.40125644,0.3753913,0.22335225
3920743115,0.4822263,0.29886237,0.21891128
3920973655,0.5619414,0.23127599,0.20678261
3921061604,0.3315571,0.47503614,0.19340673
3922140481,0.3621554,0.36123282,0.27661178
3922362241,0.40438944,0.3783332,0.21727732
3922659586,0.35829148,0.42953357,0.21217492
3923420116,0.34631228,0.3876844,0.2660033
3923514562,0.4431303,0.30382773,0.25304195
3923800604,0.34333023,0.418012,0.23865773
3924291651,0.32899782,0.37673375,0.29426843
3924495914,0.2844705,0.49542964,0.2200999
3924511537,0.4538135,0.31417054,0.23201594
3924881488,0.365143,0.38607827,0.2487787
3924947884,0.28903425,0.45561624,0.25534952
3925623984,0.43529034,0.33842105,0.22628859
3926018676,0.34363312,0.4481551,0.20821178
3926745317,0.39139196,0.38840467,0.22020343
3928176690,0.2483922,0.55624163,0.1953662
3928546352,0.4058555,0.34713823,0.24700631
3928806940,0.2718397,0.497972,0.2301883
3928925752,0.32607728,0.4477015,0.22622125
3929383677,0.3221446,0.27666008,0.40119535
3929596349,0.34434927,0.45841497,0.19723581
3929690893,0.29779613,0.3094806,0.39272326
3929732235,0.43544614,0.3407616,0.22379221
3929932580,0.30134776,0.46686888,0.23178338
3930771630,0.37622315,0.35559207,0.26818478
3931611097,0.35411787,0.3294539,0.31642824
3932669744,0.46190155,0.3165688,0.22152963
3932788028,0.43439642,0.35702342,0.20858012
3932821574,0.26878962,0.38870925,0.3425011
3933165989,0.31691712,0.4363543,0.24672857
3933325670,0.39066422,0.40010723,0.20922852
3933351710,0.2583335,0.5686347,0.17303176
3933467168,0.28827587,0.4196708,0.2920533
3933761309,0.50420284,0.281181,0.21461615
3933914412,0.5311221,0.26983953,0.19903845
3934728931,0.29528844,0.42251983,0.28219175
3935028789,0.36752316,0.35962027,0.2728566
3935181217,0.41224152,0.36928195,0.21847655
3935922013,0.30293667,0.30992025,0.38714305
3936148660,0.38806495,0.3890618,0.22287324
3936869631,0.43091542,0.30593032,0.26315427
3937071168,0.37403297,0.37549245,0.2504745
3937288260,0.23651865,0.24033204,0.5231494
3937532425,0.51668197,0.2473031,0.23601493
3937614787,0.45483604,0.31811184,0.22705211
3938666375,0.5249553,0.28217894,0.19286579
3939218549,0.46524572,0.31143606,0.22331825
3939446131,0.3538579,0.3878235,0.25831866
3939725496,0.58154327,0.25806963,0.16038713
3940570556,0.3882622,0.35912383,0.25261396
3940887904,0.41665176,0.36429924,0.21904907
3940973453,0.52958375,0.27350944,0.1969068
3941302790,0.4472618,0.36152834,0.19120985
3941434755,0.24789432,0.5800176,0.17208809
3941526233,0.40416446,0.26256445,0.3332711
3942667494,0.3300119,0.45308387,0.21690424
3942818200,0.5663694,0.24335158,0.190279
3942983338,0.32603025,0.4210582,0.25291157
3945052668,0.30937755,0.37419674,0.31642568
3945176907,0.39231592,0.34525475,0.26242933
3945651245,0.37092876,0.42916042,0.19991076
3947313031,0.3034128,0.46524662,0.23134056
3947327386,0.2862947,0.3321433,0.381562
3947862004,0.25645366,0.53655976,0.20698653
3949048841,0.39162737,0.42761865,0.18075398
3949521697,0.37407932,0.41741002,0.20851068
3949584261,0.41084522,0.3657285,0.22342625
3950733306,0.3680784,0.42699277,0.20492882
3951104766,0.4027023,0.41090724,0.18639046
3951167003,0.26898342,0.46066266,0.2703539
3952482090,0.3927536,0.3704421,0.23680435
3952534727,0.35297033,0.43266654,0.2143631
3952548171,0.30194616,0.46836329,0.22969055
3952782454,0.42401108,0.33891696,0.23707192
3952826076,0.2547896,0.416767,0.3284434
3953104317,0.3474715,0.29643366,0.3560949
3953162401,0.2252679,0.5654502,0.20928189
3954008459,0.45031387,0.32643557,0.22325057
3954944380,0.3930827,0.17948042,0.42743686
3956792871,0.32675052,0.4356823,0.23756716
3956977927,0.35064676,0.41568178,0.23367149
3957045672,0.38847828,0.31417698,0.2973447
3957397382,0.31728107,0.46100283,0.22171605
3958130623,0.36040914,0.31263745,0.3269534
3959265721,0.35518983,0.40077144,0.24403873
3959431212,0.3806932,0.376074,0.24323282
3959475173,0.21771985,0.4671585,0.3151217
3959549565,0.32326293,0.35400707,0.32273
3959710109,0.34091926,0.46296653,0.19611424
3959982216,0.40711308,0.36076546,0.23212151
3960734362,0.3619753,0.42217657,0.2158481
3962495380,0.345145,0.37683642,0.2780186
3962769817,0.42214918,0.31063768,0.2672131
3963023130,0.35835207,0.36575043,0.2758975
3963051818,0.43078637,0.34143418,0.22777945
3963353438,0.41105822,0.34320846,0.24573329
3963538285,0.38113773,0.37797678,0.2408855
3963758022,0.39629257,0.37012458,0.23358282
3965344630,0.30975407,0.45702288,0.23322308
3966336247,0.53877413,0.2220918,0.2391341
3967087567,0.37642196,0.41929096,0.20428704
3967403763,0.28502563,0.36549994,0.34947446
3967907300,0.32592258,0.34806174,0.32601565
3968313906,0.3112571,0.48158944,0.20715345
3968485154,0.3620345,0.28632015,0.35164532
3968621952,0.3520664,0.4309311,0.21700251
3968823757,0.369311,0.31163767,0.31905133
3969347833,0.2269242,0.5651647,0.20791109
3969438775,0.48465204,0.3174337,0.1979143
3969621179,0.3087622,0.35538352,0.33585432
3969772835,0.34913725,0.33358294,0.3172798
3969916747,0.36691114,0.4216447,0.21144417
3970077300,0.44917685,0.3572721,0.19355106
3970538988,0.4564357,0.33460712,0.2089572
3970577636,0.43722582,0.3162856,0.24648853
3970829632,0.3627528,0.37157074,0.26567647
3971028984,0.36988568,0.43872732,0.19138703
3971415023,0.30015296,0.4411804,0.2586666
3971494381,0.42095798,0.3255071,0.2535349
3971717329,0.2411117,0.55730116,0.20158711
3971909221,0.37574136,0.3768783,0.24738032
3972608557,0.2701948,0.26945102,0.46035415
3973117059,0.40140766,0.38564062,0.2129517
3973130271,0.3502568,0.404648,0.24509522
3973642371,0.2708013,0.49118164,0.23801707
3974040591,0.6415746,0.20466253,0.15376279
3974493382,0.34144175,0.40678054,0.2517777
3975353127,0.3568609,0.38946787,0.2536712
3975475788,0.24642403,0.5721879,0.18138811
3975772296,0.27998737,0.5121894,0.20782326
3975833085,0.3347404,0.40136606,0.26389354
3976364901,0.27617484,0.4819563,0.24186885
3977553003,0.32072788,0.4118662,0.26740593
3978808531,0.39270175,0.34436637,0.26293188
3979229598,0.4215244,0.35338867,0.22508687
3979291072,0.3570311,0.36110225,0.28186667
3979557170,0.37824264,0.40052247,0.22123493
3980092601,0.31581736,0.2971934,0.3869892
3980309181,0.5215614,0.25826883,0.22016978
3980724763,0.4133947,0.33362842,0.2529769
3981306852,0.2634856,0.2724354,0.46407896
3981415997,0.34174716,0.39833695,0.2599159
3981486893,0.49303204,0.31103104,0.19593689
3981612988,0.29552764,0.39380318,0.31066918
3981728075,0.26240113,0.54411894,0.19347987
3981933519,0.32155034,0.31176212,0.36668754
3982350464,0.20945619,0.60630023,0.18424356
3982383555,0.36695558,0.40031952,0.23272493
3983503410,0.3952492,0.3489859,0.25576493
3983723313,0.1580897,0.1580897,0.6838206
3983730956,0.3735421,0.36415732,0.26230055
3983905007,0.3817544,0.4120633,0.2061823
3984399025,0.32377568,0.42191386,0.2543104
3984671834,0.30612946,0.43327045,0.2606001
3985433767,0.38651985,0.37748232,0.23599783
3985572735,0.27455473,0.35883582,0.36660945
3985638976,0.41088212,0.36607748,0.22304037
3986442788,0.41996908,0.33159256,0.24843833
3986712384,0.319425,0.24915719,0.43141782
3986785702,0.41060466,0.31976688,0.26962852
3987237653,0.42749846,0.30958182,0.2629197
3987539661,0.32508546,0.439822,0.23509255
3988362818,0.2852382,0.4923094,0.22245239
3988511097,0.30689868,0.49178046,0.20132086
3988641816,0.34704542,0.41902816,0.23392639
3988765144,0.50999963,0.2827119,0.20728847
3988926872,0.36571583,0.43107176,0.20321237
3989086694,0.4587143,0.2874199,0.25386575
3989239368,0.4570248,0.3465243,0.19645089
3989581753,0.2498141,0.45612198,0.29406393
3989865748,0.381833,0.36876953,0.24939749
3989913089,0.3286819,0.3115137,0.35980442
3990010159,0.3195373,0.40989354,0.27056918
3990076747,0.34818754,0.44545078,0.2063617
3990478981,0.37082812,0.38754487,0.24162701
3990636240,0.45080546,0.33543086,0.2137637
3990767430,0.3083374,0.3132742,0.3783884
3991047248,0.4879592,0.3073861,0.2046547
3991205734,0.29554418,0.38816893,0.31628695
3991849396,0.32966715,0.35654163,0.31379122
3992572532,0.45520532,0.3124668,0.23232791
3992834663,0.49002522,0.2865678,0.22340699
3993487547,0.30730885,0.49772003,0.19497111
3993824009,0.22852924,0.583496,0.18797478
3994519349,0.39172733,0.37266,0.23561269
3994526572,0.3568889,0.2474707,0.39564043
3994835941,0.37143916,0.34943613,0.27912474
3995007200,0.40123826,0.41643885,0.18232289
3995239933,0.40500557,0.36118436,0.23381008
3995558207,0.22503611,0.24050424,0.53445965
3995719532,0.4246078,0.3722583,0.20313379
3995730392,0.4188183,0.36442265,0.2167591
3996107371,0.35554802,0.36304435,0.2814076
3996526840,0.33989203,0.45911372,0.20099428
3996977195,0.41121835,0.35213512,0.23664655
3997422005,0.428393,0.3632521,0.20835492
3997451225,0.4975609,0.27533275,0.22710635
3997720190,0.34015578,0.30841953,0.3514247
3998876102,0.33100012,0.34655392,0.32244593
3999218138,0.22883844,0.59487784,0.17628372
3999423869,0.39948618,0.2852295,0.3152843
4000321061,0.3186336,0.46692917,0.21443728
4000365162,0.2258493,0.39272177,0.38142896
4001219931,0.2274208,0.50226784,0.27031136
4001547867,0.32360762,0.2558365,0.4205559
4002469366,0.3344319,0.41922218,0.24634597
4002855601,0.34709597,0.4624649,0.19043915
4002961410,0.39540705,0.38790926,0.21668372
4003640073,0.30972707,0.35081673,0.33945617
4004142025,0.38727295,0.3823809,0.23034614
4004328370,0.31590304,0.47437268,0.2097243
4004878626,0.37010616,0.40267095,0.22722287
4005256169,0.34312147,0.3482852,0.30859336
4005436126,0.35705638,0.36501196,0.2779317
4005468679,0.37763754,0.36627913,0.2560833
4005576827,0.3799559,0.34342295,0.27662116
4006203826,0.37107497,0.3672333,0.26169172
4006442934,0.3323803,0.3470598,0.3205599
4006820224,0.36188287,0.388263,0.2498542
4006990848,0.598133,0.21005881,0.1918081
4007075745,0.4810096,0.26244992,0.2565405
4007339725,0.3569956,0.32515913,0.31784528
4007468768,0.43164283,0.3368372,0.23152
4007503917,0.36106837,0.37880838,0.26012325
4007550214,0.32641065,0.3252353,0.34835398
4008049965,0.28298444,0.31107622,0.40593934
4008378539,0.3156137,0.44494885,0.23943743
4008818765,0.3427503,0.3104871,0.3467626
4008879913,0.3883518,0.34401414,0.2676341
4009851342,0.31310546,0.43035862,0.25653586
4009973007,0.2922266,0.49983877,0.2079346
4010232094,0.33728045,0.40047652,0.262243
4010267685,0.24384841,0.24375668,0.5123949
4010450665,0.56230843,0.2380569,0.1996347
4011184932,0.3983094,0.28086668,0.3208239
4011730578,0.34416497,0.3660135,0.28982154
4012344998,0.46442443,0.33190495,0.20367059
4012657541,0.24069723,0.5176115,0.24169128
4013130581,0.47004715,0.2569442,0.27300864
4014498943,0.36481148,0.3425345,0.29265404
4014554115,0.29653382,0.39310116,0.31036508
4014630119,0.45590085,0.30044314,0.24365601
4015119819,0.3525288,0.38472432,0.26274687
4017239892,0.4000823,0.3032661,0.2966516
4017400010,0.36494577,0.38006318,0.25499105
4017605730,0.35108423,0.36743915,0.28147662
4017763487,0.2970513,0.48739296,0.21555571
4018241837,0.2703304,0.52543867,0.20423096
4019103307,0.3712621,0.30022678,0.32851112
4019467778,0.33377677,0.44042134,0.2258019
4019483640,0.21117142,0.35566795,0.4331606
4020401080,0.34964478,0.2805949,0.3697604
4020460520,0.3226273,0.47768545,0.19968724
4020469098,0.23629951,0.54758453,0.21611601
4021191436,0.349643,0.301921,0.348436
4021310047,0.4241413,0.35908866,0.21677002
4021806364,0.4606728,0.29833657,0.24099061
4022342052,0.46775728,0.3149772,0.21726553
4022629933,0.4456532,0.3281021,0.22624469
4022717901,0.2725677,0.32182568,0.40560663
4022822111,0.37849733,0.32006526,0.30143738
4023340550,0.2829679,0.52058953,0.1964426
4023729341,0.4258753,0.38995755,0.18416718
4023760894,0.43853325,0.3693542,0.19211252
4023940727,0.37838018,0.38964295,0.2319769
4024571839,0.37580448,0.33094335,0.29325217
4024697011,0.24863186,0.5341664,0.21720174
4024864786,0.354123,0.41078132,0.23509571
4024996249,0.4602216,0.30695647,0.23282197
4025158881,0.4071482,0.26306877,0.32978308
4025289693,0.39580354,0.34414905,0.26004744
4026686601,0.29124925,0.32209474,0.38665605
4027248348,0.33540905,0.43382603,0.23076485
4027513727,0.47068426,0.3423804,0.18693532
4027748155,0.35947317,0.32929474,0.3112321
4028034456,0.40380535,0.2722017,0.32399297
4028540971,0.35815597,0.3026128,0.33923125
4029698906,0.39661902,0.3609888,0.24239218
4030075439,0.57256466,0.23311567,0.19431967
4030282971,0.33303368,0.37114012,0.2958262
4030318643,0.31807044,0.47867036,0.2032592
4030332498,0.242623,0.23606691,0.5213101
4030425181,0.37594038,0.39043283,0.23362678
4030597862,0.3344565,0.43162203,0.23392144
4030745270,0.29690012,0.4852534,0.21784651
4030863991,0.35493076,0.43299603,0.21207316
4031638883,0.284402,0.46373886,0.2518591
4031875701,0.30256012,0.3092724,0.3881675
4032199532,0.28037673,0.50400484,0.21561848
4032390084,0.39855796,0.36283934,0.23860277
4032450293,0.5356172,0.29787102,0.1665118
4032660161,0.52579105,0.26639766,0.2078113
4032675014,0.3533035,0.4493008,0.19739571
4032700662,0.19185773,0.6387379,0.16940433
4033436124,0.37573266,0.40572438,0.218543
4033630453,0.41399992,0.38808998,0.19791016
4034212441,0.4410454,0.32950073,0.22945383
4034864381,0.42963764,0.32900023,0.24136212
4035236076,0.38650277,0.39708096,0.2164163
4035305068,0.4951299,0.30515674,0.19971333
4035474230,0.56845176,0.23673214,0.19481614
4036653586,0.36419553,0.36946264,0.2663418
4037248871,0.37757942,0.3965655,0.22585508
4037414914,0.4435763,0.36842716,0.18799652
4037510503,0.37497848,0.40590137,0.21912014
4037514923,0.24395216,0.45904225,0.29700565
4037720854,0.28413087,0.48373514,0.23213404
4037838768,0.3396185,0.36022246,0.3001591
4037896784,0.36787623,0.3345521,0.29757166
4037956605,0.23638341,0.32894206,0.43467456
4038071414,0.32632774,0.39657366,0.2770986
4038814053,0.36532873,0.25677055,0.37790078
4039023591,0.34524196,0.2411707,0.41358733
4039157492,0.36145896,0.4078176,0.23072344
4039764984,0.3456578,0.43608683,0.21825539
4040011663,0.37332958,0.379502,0.24716845
4040265181,0.3802792,0.36764115,0.2520796
4040265713,0.42681807,0.32817462,0.2450073
4040442048,0.32254016,0.4611112,0.21634865
4041315135,0.2808741,0.43033862,0.28878728
4041986216,0.43818796,0.32085824,0.2409538
4042415580,0.33079946,0.40889403,0.2603065
4042687081,0.37182724,0.3717981,0.25637472
4043341650,0.42452317,0.32119548,0.25428137
4043530256,0.29982913,0.31087607,0.38929474
4043756146,0.22645307,0.59266055,0.18088637
4043979272,0.31417438,0.3781698,0.3076558
4044100027,0.5657474,0.2380138,0.19623885
4044304990,0.3722024,0.4062275,0.22157004
4044500451,0.3812729,0.36627993,0.25244716
4045543655,0.31130907,0.45357028,0.23512064
4045880660,0.27987987,0.44102997,0.2790901
4046213780,0.35316867,0.3198337,0.3269976
4046405804,0.30549744,0.35752845,0.33697408
4046788336,0.37714046,0.3971006,0.22575894
4046946008,0.3323366,0.28810585,0.37955755
4047310096,0.37658963,0.25563535,0.36777505
4047759157,0.35605103,0.33022928,0.3137197
4047985431,0.35139078,0.36839724,0.28021196
4048193911,0.34063894,0.38784674,0.2715143
4048233779,0.3120721,0.44436294,0.24356496
4048769350,0.35992047,0.28301322,0.35706633
4048845646,0.3722701,0.31958097,0.3081489
4048981921,0.3266024,0.3842242,0.28917342
4049178333,0.3706538,0.3397733,0.2895729
4049361187,0.31712216,0.42558038,0.2572975
4049828196,0.3743454,0.3492409,0.27641374
4050068177,0.29160696,0.47763157,0.23076144
4050178287,0.41521484,0.3513901,0.23339504
4050184875,0.4529525,0.3484894,0.19855812
4051272853,0.6082771,0.19365357,0.19806936
4052129507,0.3863294,0.380649,0.23302153
4052496374,0.42945346,0.27018023,0.30036634
4052505155,0.25959852,0.4231596,0.31724185
4052995312,0.43971384,0.36190885,0.19837731
4053039316,0.36403143,0.38264975,0.25331885
4053137844,0.33925754,0.36153588,0.29920655
4055094999,0.40275127,0.38345855,0.21379022
4055439633,0.41471976,0.37761062,0.20766962
4057323709,0.37060314,0.33485597,0.29454085
4057421976,0.34947774,0.4260375,0.22448479
4057537896,0.39991522,0.40643644,0.19364834
4060273501,0.37600005,0.36705542,0.25694454
4060612801,0.3657089,0.33614188,0.29814923
4060843990,0.4612819,0.31310445,0.22561365
4061057284,0.41459537,0.36002088,0.22538373
4061215531,0.31596273,0.29329878,0.3907385
4061250274,0.34817022,0.3896441,0.2621857
4061306673,0.41793758,0.3864561,0.19560632
4061822979,0.35924143,0.35370123,0.28705734
4063042700,0.30419886,0.47745275,0.21834844
4064066664,0.43687737,0.3614073,0.20171532
4064452739,0.33755234,0.41240373,0.25004393
4064542548,0.24814188,0.2800491,0.47180906
4064909021,0.37691647,0.3408611,0.2822224
4065387649,0.27843645,0.31907064,0.40249288
4065691466,0.29378057,0.2739048,0.43231463
4065907330,0.33396858,0.35806155,0.30796987
4066273229,0.41194654,0.38135445,0.20669904
4066664576,0.3119657,0.506879,0.18115535
4068133411,0.41866654,0.31434214,0.26699132
4068462598,0.41061795,0.34854883,0.24083324
4068467107,0.3004081,0.2837641,0.41582784
4068626656,0.3411567,0.32971746,0.32912588
4068819961,0.36671764,0.34013376,0.29314864
4069810402,0.39352733,0.3739688,0.23250389
4070854847,0.43390763,0.3470012,0.21909109
4070986027,0.41258383,0.341471,0.24594519
4071104243,0.39700234,0.39650244,0.20649523
4071119475,0.37298593,0.37317413,0.25383994
4071463415,0.4136033,0.33261478,0.2537819
4072120154,0.3746721,0.369604,0.25572392
4072215550,0.32274097,0.40236914,0.2748899
4073900039,0.32971966,0.32031658,0.34996378
4074145000,0.3753075,0.4094203,0.21527214
4075143499,0.38767263,0.3791101,0.2332173
4076376295,0.29026285,0.27107573,0.43866143
4076376538,0.24707238,0.5425389,0.21038876
4076618505,0.44644514,0.3279516,0.22560325
4076774888,0.4292889,0.33209154,0.23861955
4076800711,0.38268882,0.41330248,0.20400864
4077921339,0.3790481,0.41325945,0.20769246
4077971495,0.30336872,0.3380771,0.35855418
4078492268,0.31452385,0.3780503,0.30742586
4078525141,0.31403074,0.4427777,0.24319154
4078793729,0.35718018,0.36246017,0.28035972
4079034566,0.38664967,0.4047375,0.20861278
4079039865,0.34040034,0.32724184,0.33235782
4079125667,0.41847214,0.37171337,0.20981449
4079996357,0.34245762,0.42029572,0.23724666
4080374441,0.4769067,0.24350224,0.27959108
4081623959,0.48889253,0.25248814,0.25861937
4081834430,0.4270798,0.36563817,0.20728199
4083202175,0.4387383,0.24547654,0.31578517
4083368950,0.38966078,0.3533327,0.25700656
4083374067,0.37332582,0.4039764,0.22269776
4083782894,0.5746331,0.2591713,0.16619557
4083891437,0.33103156,0.45622486,0.21274355
4084232581,0.50461143,0.26426208,0.23112649
4084335541,0.30290818,0.46948057,0.2276113
4084981409,0.4065504,0.34516487,0.2482847
4084989836,0.2561467,0.48327172,0.26058155
4085272835,0.35251725,0.44153333,0.20594943
4085769270,0.29738915,0.49077165,0.2118392
4085995498,0.38077682,0.3517707,0.26745248
4086036816,0.3535498,0.4046602,0.24179001
4086183252,0.43459743,0.332963,0.23243953
4086373713,0.33215278,0.35434258,0.3135046
4086880504,0.424716,0.34454226,0.23074177
4087065530,0.34434158,0.42189923,0.23375922
4087926491,0.25837514,0.4858877,0.2557371
4088505362,0.44973797,0.32924238,0.22101972
4089251620,0.19279894,0.5990633,0.2081378
4089945587,0.37811434,0.38623637,0.23564929
4090092668,0.3494404,0.35652417,0.2940354
4090314053,0.5381378,0.25263265,0.20922956
4090566617,0.4042384,0.3491538,0.24660781
4092369049,0.30736282,0.33127302,0.36136416
4093060432,0.47301656,0.3105995,0.21638393
4093529631,0.33326805,0.38916475,0.2775672
4093660961,0.29394865,0.42334223,0.28270912
4093749582,0.4363382,0.32948345,0.2341784
4093808504,0.28853408,0.5029856,0.20848039
4094258397,0.47727507,0.30221012,0.22051477
4095397360,0.4024967,0.33325413,0.2642492
4096724379,0.41968954,0.39339638,0.18691407
4096794633,0.388498,0.3843827,0.22711925
4096916085,0.39792424,0.39157233,0.21050337
4097165609,0.3101485,0.3343175,0.355534
4097394737,0.2991331,0.4648042,0.23606268
4097914243,0.2789403,0.3994767,0.32158303
4098069257,0.364657,0.4265501,0.20879287
4099810323,0.32483202,0.38256878,0.2925992
4099816455,0.49200577,0.31609443,0.1918998
4100033736,0.3134225,0.30943865,0.3771389
4100115352,0.23540863,0.56679773,0.1977936
4100807282,0.34054983,0.43496597,0.22448419
4101016216,0.41256797,0.33151138,0.2559206
4101209982,0.3941176,0.36404198,0.24184039
4101748463,0.34874636,0.3538115,0.29744217
4101846822,0.388799,0.34005094,0.27115005
4102034882,0.3547412,0.41064116,0.23461762
4102068466,0.38738036,0.37084007,0.24177957
4102359692,0.4074396,0.36427617,0.22828427
4103178520,0.29702237,0.4691648,0.2338129
4103337351,0.36704773,0.3752569,0.25769538
4103949290,0.39109054,0.34783602,0.26107347
4104847949,0.3104605,0.48673207,0.20280746
4105092067,0.41489887,0.35609752,0.22900358
4105246080,0.25083172,0.5449126,0.2042557
4105429804,0.6169393,0.20253739,0.18052328
4105649286,0.3556996,0.39673913,0.24756128
4106014474,0.45303982,0.32882577,0.21813443
4106154680,0.3139279,0.5039074,0.18216476
4106838621,0.3347819,0.41538942,0.24982868
4107108018,0.35253572,0.39770848,0.24975583
4107398402,0.3901372,0.41513085,0.19473201
4107488050,0.35928014,0.34896803,0.29175183
4108583237,0.33676934,0.41384935,0.2493813
4108684618,0.2554897,0.550449,0.19406125
4108794998,0.3833512,0.41932374,0.19732505
4108911575,0.2491748,0.34811905,0.40270615
4109534513,0.46707898,0.35324016,0.1796809
4110214004,0.676871,0.15790749,0.16522151
4110374894,0.44412833,0.32872146,0.2271502
4110439388,0.56554335,0.2528445,0.18161213
4110463091,0.29965505,0.37191814,0.32842678
4110556646,0.35142648,0.41318017,0.23539335
4111007555,0.45445698,0.33702806,0.20851497
4111092301,0.31343412,0.48656172,0.20000416
4112400012,0.36638886,0.37712795,0.2564832
4114068816,0.4652085,0.31819057,0.21660088
4114179339,0.35633957,0.41643667,0.22722375
4114449848,0.3493081,0.36135578,0.28933612
4114599565,0.26762956,0.46445394,0.2679165
4114759879,0.28964856,0.24182633,0.4685251
4115304967,0.40232742,0.3789997,0.21867287
4116684181,0.36405495,0.33776394,0.29818112
4117226597,0.35092217,0.374726,0.27435178
4117694850,0.23486945,0.28446454,0.48066598
4117977656,0.46584833,0.274176,0.25997567
4118286669,0.40211415,0.3621235,0.23576233
4118374483,0.2876014,0.39938086,0.31301773
4118424631,0.3760699,0.34338826,0.28054184
4118544763,0.28274515,0.52884007,0.18841478
4118695428,0.41476554,0.23082992,0.3544045
4118786843,0.38787258,0.41435158,0.19777581
4119023883,0.49986804,0.27938387,0.22074807
4119728891,0.4033218,0.23900732,0.3576709
4120106093,0.4296801,0.32277095,0.24754898
4120859604,0.34423983,0.39543927,0.26032084
4121342747,0.40439904,0.3675706,0.22803035
4121920275,0.47128767,0.30449635,0.22421598
4122709252,0.32076082,0.44716394,0.23207527
4123092383,0.2531567,0.5530541,0.19378918
4123649389,0.37071636,0.3888188,0.2404648
4124343614,0.40636617,0.3369451,0.2566887
4124521528,0.36017525,0.43745488,0.2023699
4124992462,0.48922867,0.2911668,0.21960452
4125084697,0.37695014,0.37238395,0.25066584
4126006585,0.42436695,0.33382303,0.24181002
4126410932,0.34913006,0.35466945,0.29620045
4126503902,0.33578992,0.34710246,0.31710762
4127194932,0.32695577,0.41734403,0.25570017
4127745008,0.42772985,0.3059922,0.2662779
4128085873,0.404648,0.26207787,0.33327416
4128193727,0.41412705,0.40541506,0.18045795
4128692796,0.31895804,0.446506,0.23453602
4128839620,0.43921375,0.35373437,0.20705184
4128953041,0.417082,0.35346293,0.22945505
4129795093,0.35966927,0.3540843,0.28624636
4130261941,0.31063837,0.42495108,0.26441056
4130328444,0.5192171,0.28031632,0.20046654
4130351079,0.36291522,0.3283349,0.30874988
4130444697,0.40075967,0.38875073,0.21048966
4130649904,0.34500444,0.32779315,0.32720244
4130977833,0.32007992,0.44570512,0.23421496
4130990586,0.4511329,0.2558148,0.29305235
4131884646,0.32498956,0.33313125,0.34187916
4132901423,0.29946715,0.4884004,0.21213244
4133230887,0.19324757,0.5574424,0.24930996
4133848483,0.3565703,0.34858292,0.29484677
4133874409,0.31671798,0.45707583,0.22620615
4134334285,0.3351356,0.35325098,0.31161344
4134691583,0.37341052,0.41623706,0.21035247
4134879267,0.33657372,0.39334518,0.27008104
4135713978,0.29250184,0.5050691,0.20242906
4135911914,0.39138415,0.35525915,0.2533567
4136129928,0.5241273,0.26408184,0.21179089
4136913504,0.21051505,0.21908885,0.5703962
4137281042,0.38552266,0.28435498,0.33012238
4138889838,0.37631786,0.3825962,0.24108592
4139140271,0.34287596,0.44017643,0.21694759
4139178952,0.2754218,0.44746765,0.27711058
4140919239,0.4675107,0.3306685,0.20182078
4142528753,0.3753621,0.40386102,0.22077698
4142554835,0.24931711,0.567367,0.18331587
4142692117,0.36300808,0.34024125,0.29675066
4143105715,0.38718373,0.36360705,0.24920921
4143671482,0.38300052,0.36694956,0.2500499
4143835830,0.32158506,0.38021195,0.29820296
4144301009,0.55849946,0.25092992,0.19057062
4144770386,0.5467552,0.23036808,0.22287676
4146235611,0.27611867,0.46525118,0.25863016
4146467431,0.3244812,0.42970365,0.24581516
4146485262,0.31135958,0.4124131,0.27622733
4146944399,0.4209112,0.34154153,0.23754731
4146949489,0.3876737,0.30034703,0.3119793
4147367459,0.2453039,0.49158168,0.26311445
4147944636,0.28318056,0.5225624,0.19425705
4148423248,0.3757911,0.42344016,0.20076874
4148561516,0.44051093,0.2783044,0.28118467
4148749202,0.3545677,0.35826546,0.28716683
4149158452,0.3596214,0.34335333,0.2970252
4149177705,0.45471293,0.31019145,0.23509562
4149319564,0.38734335,0.31684354,0.29581308
4149651911,0.31871942,0.28299096,0.3982896
4150194940,0.5625355,0.23423198,0.20323253
4150279810,0.53423035,0.2883833,0.17738631
4150696140,0.44394404,0.32534486,0.23071119
4150922843,0.35577625,0.37314636,0.2710774
4151433309,0.31849444,0.4375874,0.24391815
4151555151,0.3355412,0.29734594,0.36711287
4151956227,0.38961276,0.38367835,0.22670884
4152103771,0.41329262,0.34031472,0.2463927
4152346354,0.3534184,0.3557722,0.2908094
4153054549,0.43010563,0.37180063,0.19809377
4153724253,0.33883184,0.37614053,0.28502762
4153792459,0.3295383,0.21580528,0.45465645
4154713182,0.36575165,0.37319496,0.26105332
4154827103,0.5206644,0.26858634,0.21074927
4154950014,0.3906627,0.3668092,0.24252814
4156446558,0.36670503,0.39255548,0.24073946
4156516667,0.25091526,0.2653706,0.48371416
4156751029,0.49045378,0.31364307,0.19590317
4156819718,0.3707478,0.3863262,0.242926
4156877995,0.36602283,0.3265885,0.30738863
4156975367,0.31593385,0.26827353,0.41579264
4158482969,0.36421853,0.40519303,0.23058844
4158741913,0.18104677,0.17730846,0.6416448
4161326752,0.22571844,0.23339294,0.5408886
4161645561,0.39525476,0.3876914,0.21705386
4161852052,0.3391015,0.38080233,0.28009617
4161922183,0.5286776,0.25301942,0.21830297
4162672809,0.3334443,0.40510845,0.26144725
4162802966,0.31650028,0.40825525,0.27524447
4162967201,0.3701442,0.39803672,0.23181908
4162979002,0.30994475,0.40728772,0.28276747
4163413237,0.44342953,0.32892698,0.22764346
4163853717,0.4104767,0.31510448,0.27441883
4163995818,0.22021236,0.5815614,0.19822624
4164053465,0.34697598,0.32054907,0.33247495
4164366962,0.3729586,0.39297354,0.23406784
4164422800,0.43052763,0.3247304,0.24474198
4164988558,0.34181154,0.3009895,0.35719895
4165104544,0.23928432,0.326079,0.43463668
4165941804,0.36386862,0.40226942,0.23386195
4165947662,0.26959407,0.29260647,0.43779945
4165975140,0.35770518,0.37929267,0.26300216
4165982499,0.42996722,0.3246405,0.24539226
4165983842,0.28427622,0.47829863,0.23742516
4166154475,0.23490149,0.2496656,0.51543283
4166258201,0.45799267,0.33181092,0.2101964
4166591931,0.34752488,0.19690594,0.45556915
4166636068,0.46647096,0.32030678,0.21322227
4166691224,0.27605006,0.42980027,0.29414964
4166902731,0.38923097,0.38599446,0.22477451
4167318793,0.34659448,0.44556946,0.20783603
4167705965,0.45979005,0.26896527,0.27124465
4168015805,0.2979048,0.46748787,0.23460738
4168195654,0.48832816,0.3235675,0.18810433
4168217861,0.58541226,0.23642153,0.17816618
4168819879,0.40677586,0.27254933,0.3206748
4168940012,0.49348298,0.26221526,0.24430178
4170496928,0.30656147,0.40680104,0.28663754
4170788078,0.34490845,0.3940698,0.26102173
4171067017,0.37703806,0.34999853,0.2729634
4171224670,0.3946278,0.38585758,0.21951464
4171271542,0.359299,0.33850706,0.30219394
4171279316,0.31243837,0.4903952,0.19716646
4171593426,0.26517415,0.2694859,0.46533993
4171816182,0.38199,0.35430664,0.26370332
4172472084,0.3621094,0.4048863,0.23300427
4172609151,0.3143518,0.33477336,0.35087487
4172669833,0.4058353,0.30718163,0.28698304
4172898321,0.3787563,0.38785958,0.23338409
4173700973,0.40523478,0.37077093,0.22399424
4174462741,0.48636425,0.33465052,0.17898527
4174948918,0.37606668,0.37876856,0.2451647
4175203725,0.4557253,0.34237,0.20190468
4175367636,0.5433978,0.22730608,0.22929613
4175477007,0.38629866,0.36401653,0.24968484
4176087396,0.41335058,0.37002498,0.21662441
4177043408,0.3299234,0.33761692,0.33245975
4177214417,0.4959939,0.27236968,0.2316364
4177511337,0.34552673,0.36284852,0.29162475
4177809642,0.27361062,0.50112903,0.22526033
4178012968,0.25264817,0.5302036,0.21714827
4178409811,0.38469273,0.25805897,0.35724828
4178952599,0.28811932,0.49750805,0.21437266
4179290343,0.39082336,0.36995202,0.23922464
4180110449,0.3281813,0.41145897,0.26035973
4180442451,0.3361258,0.36479563,0.29907858
4181116519,0.3845588,0.35559133,0.25984988
4181143702,0.33070076,0.35526016,0.3140391
4181356924,0.30084088,0.48605743,0.21310169
4181369541,0.30579713,0.32122293,0.37297994
4181408495,0.38112655,0.37402278,0.24485067
4181957411,0.36052355,0.3720781,0.26739836
4182287043,0.36304462,0.41896057,0.21799481
4182362431,0.4072019,0.3483829,0.24441522
4182412427,0.28796718,0.30905193,0.40298092
4182568415,0.46336478,0.2774787,0.25915655
4182612223,0.43249342,0.32159862,0.24590796
4182676184,0.5486429,0.24302137,0.20833573
4182769623,0.3718052,0.38209784,0.24609701
4183613999,0.4000769,0.4125682,0.18735492
4183670912,0.27628917,0.5356948,0.18801606
4183983954,0.34896022,0.34966606,0.3013737
4184844164,0.33241677,0.34364444,0.32393882
4184957425,0.42691633,0.35409993,0.21898371
4185190563,0.40391195,0.3648314,0.23125663
4186061511,0.25539908,0.38390446,0.36069643
4186244509,0.5062683,0.2868726,0.20685905
4186489337,0.39161545,0.37042987,0.23795468
4186538905,0.34658402,0.33459997,0.31881604
4188382989,0.24653739,0.37185264,0.38160995
4189070973,0.3494705,0.39540166,0.25512788
4189628934,0.4054681,0.28782576,0.30670613
4190044324,0.45346382,0.2940393,0.2524969
4190172079,0.19368717,0.6137118,0.19260104
4191491926,0.4068995,0.40429407,0.18880641
4191803774,0.31747055,0.3560095,0.3265199
4191998097,0.29878524,0.3233918,0.37782294
4192406678,0.35935718,0.33052635,0.31011647
4192448522,0.40369678,0.3717085,0.2245947
4193273252,0.31966078,0.48923606,0.19110316
4193307072,0.36074543,0.3994888,0.2397658
4193775352,0.379977,0.40323722,0.2167858
4193908690,0.3609478,0.41127062,0.22778156
4194522033,0.36825448,0.42469233,0.2070532
4195312630,0.4216014,0.34713,0.23126861
4195618506,0.3769594,0.3712568,0.2517838
4195818957,0.36722416,0.3799711,0.2528047
4196104333,0.372815,0.30958855,0.3175964
4196542797,0.3515997,0.2909813,0.35741904
4197706170,0.31897485,0.38366783,0.29735732
4197739414,0.36505678,0.42627394,0.2086693
4197869230,0.45069015,0.338558,0.21075185
4198382072,0.3344888,0.38766646,0.27784476
4198426697,0.31670094,0.3093427,0.37395632
4198839115,0.4327364,0.35343048,0.21383312
4198855286,0.34780192,0.3322774,0.31992072
4198930172,0.32966954,0.36496705,0.30536342
4199657944,0.3515096,0.44545025,0.20304015
4199710834,0.29304993,0.44329232,0.26365778
4199749410,0.39571202,0.34594464,0.25834337
4199959504,0.4271028,0.3664913,0.20640588
4200116363,0.45985323,0.29652005,0.24362668
4200354648,0.3683403,0.3534523,0.27820736
4201340181,0.3036965,0.40542787,0.29087555
4201351583,0.42465767,0.26356494,0.3117774
4201958783,0.25081336,0.3462398,0.40294677
4202190863,0.28698823,0.48924267,0.22376911
4202470157,0.35411346,0.36719072,0.27869582
4202907543,0.42218292,0.3550803,0.22273679
4203370903,0.44355065,0.32157543,0.23487389
4203453793,0.33761802,0.45564902,0.20673294
4203467251,0.29870862,0.42808342,0.27320796
4203558115,0.32333905,0.4269945,0.24966645
4204148722,0.34374768,0.35487646,0.30137593
4204395711,0.31274843,0.48216367,0.2050879
4204760976,0.31595078,0.32889348,0.3551557
4205416862,0.29526532,0.39824343,0.30649126
4205556850,0.36536098,0.29541782,0.3392212
4206104127,0.37038153,0.41791177,0.21170668
4207872091,0.3103978,0.36503524,0.32456696
4207955292,0.45528993,0.32204008,0.22266997
4208363462,0.41467905,0.30147654,0.2838444
4209043802,0.3877028,0.311817,0.3004802
4209242419,0.38072252,0.38060722,0.23867023
4209314291,0.33401364,0.48355216,0.18243417
4209346609,0.40328646,0.3516643,0.24504927
4209952560,0.3897522,0.3551481,0.2550997
4210968637,0.2742368,0.26081482,0.46494848
4211109453,0.4575336,0.317471,0.22499542
4211159893,0.2847398,0.47650608,0.23875412
4211248122,0.38730288,0.39427692,0.2184202
4211935322,0.36134034,0.41917157,0.21948808
4211973456,0.31569836,0.35016984,0.33413184
4212480740,0.49641085,0.29062453,0.21296465
4213558167,0.31845114,0.31483856,0.36671025
4214871646,0.4062536,0.35049736,0.24324903
4214876898,0.28720444,0.48099694,0.23179865
4214992724,0.42586434,0.3161052,0.25803047
4215069194,0.5156666,0.2913123,0.19302112
4215382708,0.34793633,0.41079924,0.24126443
4215550633,0.30325344,0.46124715,0.23549935
4215802168,0.37942612,0.35486543,0.26570842
4216704538,0.28469902,0.5091564,0.2061446
4217081008,0.29455057,0.50039965,0.20504977
4217167328,0.43380225,0.3511279,0.21506985
4218205855,0.5066734,0.25702316,0.23630345
4219233608,0.3851041,0.3858531,0.2290428
4219323722,0.31292248,0.2712612,0.41581637
4220063789,0.27026975,0.37932017,0.3504101
4220305502,0.33900172,0.34622407,0.3147742
4220495759,0.2916301,0.45299423,0.25537568
4220751793,0.36297727,0.41078055,0.22624218
4221212915,0.27215636,0.38104856,0.34679508
4221534759,0.35016245,0.355978,0.2938596
4221900502,0.62322235,0.17808104,0.19869655
4222028214,0.31585693,0.24722978,0.4369133
4222740905,0.43505645,0.35374522,0.21119833
4222785443,0.29573092,0.50989056,0.1943785
4222953595,0.46778345,0.24760862,0.28460795
4223345373,0.247042,0.57069,0.18226805
4223399997,0.3297609,0.4756046,0.1946345
4223913492,0.304722,0.3955084,0.29976958
4224488475,0.3747269,0.37784922,0.24742395
4224532506,0.3143518,0.33477336,0.3508749
4224565288,0.36892933,0.40860072,0.2224699
4225692102,0.31115854,0.40544927,0.2833922
4225794120,0.31128883,0.44913876,0.23957242
4225915327,0.5221822,0.27050948,0.20730826
4226971091,0.42453188,0.30420756,0.27126056
4227221919,0.46267027,0.32404715,0.21328256
4227370967,0.41555616,0.3587977,0.22564617
4228081378,0.25935447,0.48110342,0.25954208
4228478004,0.39589566,0.38986504,0.21423924
4228958963,0.2893253,0.41160998,0.29906476
4228989625,0.27760535,0.4993807,0.22301394
4229024373,0.38557377,0.35071084,0.2637154
4230005877,0.26913527,0.5352187,0.19564596
4230246994,0.401389,0.3250433,0.27356768
4230414336,0.40394247,0.40613765,0.18991986
4230898138,0.52039504,0.2717735,0.20783147
4231263115,0.3588636,0.37251344,0.268623
4231503949,0.3928629,0.27547765,0.33165944
4231995963,0.37251478,0.34082866,0.2866566
4232184126,0.44133383,0.3543266,0.2043395
4232378807,0.2555679,0.5304161,0.214016
4232786108,0.35961393,0.32863536,0.3117507
4232797987,0.39839047,0.31288522,0.2887243
4233308113,0.3944294,0.40220386,0.20336676
4233633398,0.3899352,0.30959827,0.30046657
4236294114,0.35639125,0.40239128,0.24121743
4236381781,0.33221468,0.43915707,0.22862819
4236412174,0.3443942,0.3269039,0.32870185
4236514722,0.37483585,0.43389076,0.19127336
4236828450,0.44951022,0.30905598,0.24143377
4237064537,0.45803827,0.35947007,0.18249172
4237294362,0.41930592,0.3694943,0.21119978
4238239499,0.5477087,0.24830452,0.20398676
4238456955,0.42716587,0.35610077,0.2167334
4239091133,0.36695027,0.37606078,0.25698888
4239785503,0.43135875,0.34770876,0.2209325
4240526944,0.21258776,0.41122168,0.37619054
4240801841,0.33890814,0.38409245,0.2769994
4240832884,0.34750557,0.34830427,0.3041901
4240992154,0.2877031,0.4757293,0.23656762
4241325093,0.48960918,0.30653942,0.2038514
4241355217,0.35953945,0.40514794,0.23531258
4241508462,0.22115001,0.24104515,0.53780484
4241549408,0.47114804,0.34354952,0.18530244
4241576673,0.3837487,0.34178862,0.2744627
4241859190,0.4985404,0.26148444,0.23997515
4242444282,0.54692674,0.24182343,0.2112498
4242574699,0.3971281,0.34934208,0.2535298
4243121188,0.3026861,0.41038704,0.28692687
4243714918,0.5062983,0.29441178,0.19928992
4243756531,0.35941973,0.36909717,0.2714831
4243770332,0.33796573,0.3723187,0.28971553
4244054400,0.4000252,0.36831453,0.23166029
4244151675,0.43628836,0.34677184,0.2169398
4244284786,0.2621063,0.39820772,0.33968595
4244474169,0.20072588,0.5791978,0.22007632
4244955800,0.32645145,0.3738699,0.29967862
4245370350,0.41033995,0.3489317,0.24072838
4245922310,0.46205652,0.30204457,0.23589888
4246029635,0.33535418,0.47094494,0.19370088
4246199688,0.34888554,0.37409353,0.27702093
4246239046,0.3969634,0.36365885,0.2393778
4246836600,0.34502357,0.36161828,0.29335818
4247868851,0.35396108,0.34432042,0.3017185
4248288950,0.35187435,0.44928408,0.19884154
4248422661,0.3159533,0.4367162,0.24733046
4250851020,0.36208183,0.29298842,0.34492975
4250938512,0.29391295,0.48739964,0.21868736
4250986046,0.28759795,0.47756425,0.23483779
4251429279,0.5800556,0.23706701,0.18287739
4251452860,0.31385922,0.4740822,0.21205856
4251496736,0.38996357,0.3676846,0.24235177
4251612311,0.36758018,0.25493535,0.37748438
4252192977,0.3226068,0.27623326,0.40116
4252239775,0.3862138,0.27526036,0.33852583
4252890088,0.3732581,0.28391197,0.3428299
4253056609,0.22328913,0.5807462,0.19596471
4253868786,0.41707316,0.30169368,0.2812331
4254995417,0.42697656,0.35911334,0.21391007
4254997382,0.34349683,0.33185267,0.32465047
4256116847,0.37533382,0.4034813,0.22118488
4256363151,0.485453,0.23624453,0.27830243
4256422362,0.3935811,0.29014352,0.31627542
4256678143,0.42590225,0.35530138,0.21879636
4257385400,0.34799665,0.3819269,0.2700764
4257761980,0.42112297,0.36467844,0.21419862
4257913568,0.3359047,0.3579002,0.30619505
4258096767,0.37268248,0.40851927,0.21879825
4258514130,0.4943158,0.2914284,0.21425578
4258703887,0.35913587,0.36399424,0.2768699
4259559419,0.43613088,0.33734572,0.2265234
4260360143,0.44743854,0.29174846,0.260813
4260473622,0.3571154,0.36972293,0.27316165
4261147158,0.36744198,0.3370719,0.29548615
4261292892,0.3395347,0.34817702,0.31228834
4261741941,0.4056653,0.3817677,0.21256697
4262210152,0.30848902,0.5038141,0.18769692
4262557415,0.40844688,0.30922577,0.28232735
4262858440,0.37508443,0.34209454,0.28282106
4262871745,0.33868533,0.39844105,0.2628736
4263175476,0.43980077,0.29593462,0.2642646
4263476909,0.3614493,0.4296587,0.20889202
4264624971,0.45715845,0.33496276,0.20787875
4265282380,0.17150497,0.17150499,0.65699005
4265285152,0.3728202,0.3992064,0.2279734
4265299832,0.41293526,0.3335107,0.2535541
4265613587,0.35361946,0.34301943,0.30336106
4265755159,0.39378285,0.38754717,0.21866997
4266017182,0.4936067,0.28147477,0.22491857
4266376055,0.4009658,0.30803692,0.29099718
4266423169,0.47554815,0.25828806,0.26616377
4267557334,0.5257026,0.27247104,0.2018264
4267705016,0.3327303,0.42189336,0.24537635
4267863455,0.34826905,0.3444092,0.30732176
4267918914,0.25034565,0.51910233,0.23055208
4268964956,0.36382273,0.41059595,0.22558132
4269134558,0.3539833,0.3832056,0.2628111
4270158198,0.627954,0.20680252,0.16524346
4270454534,0.28853923,0.5050744,0.20638633
4270923962,0.40402567,0.36490116,0.23107317
4271983620,0.47530025,0.30912834,0.21557145
4272339443,0.26204634,0.5150026,0.22295105
4272531315,0.37402016,0.3229543,0.30302554
4272853548,0.39206132,0.3319428,0.27599585
4273144571,0.3597141,0.41639638,0.22388947
4273597147,0.29536387,0.3268243,0.37781185
4273865862,0.38855743,0.32158512,0.2898574
4274170042,0.4181105,0.31664285,0.2652467
4274213987,0.30075842,0.46933275,0.22990882
4274709381,0.4070922,0.35400543,0.23890233
4275731597,0.3342021,0.43694633,0.22885154
4276398848,0.26966876,0.47449678,0.25583452
4276683665,0.48725456,0.31682554,0.1959199
4276823101,0.33588645,0.43175852,0.23235509
4277867024,0.2666512,0.4041317,0.32921708
4279320646,0.43221426,0.34999707,0.21778864
4279484921,0.25307846,0.24326038,0.5036612
4280484596,0.4061572,0.37886876,0.21497402
4280584901,0.365453,0.35750848,0.27703848
4281318990,0.33445436,0.4321289,0.23341675
4281808840,0.36559904,0.38638407,0.24801692
4283060301,0.39029342,0.3855338,0.22417279
4283155008,0.3273691,0.28666362,0.38596725
4283201974,0.5500301,0.25784573,0.19212416
4283268144,0.32631397,0.45363668,0.22004932
4283302429,0.4215963,0.34346956,0.23493415
4283417150,0.20761818,0.6050186,0.18736327
4284791770,0.32579413,0.24727066,0.42693517
4284829096,0.39497042,0.31172162,0.2933079
4285075538,0.4962776,0.28300154,0.22072083
4285389648,0.38306463,0.34403712,0.27289817
4285522601,0.3191849,0.37180418,0.30901092
4285859683,0.27731055,0.3057864,0.41690308
4286909142,0.29454747,0.46944422,0.23600829
4286942126,0.30883247,0.36611113,0.32505637
4287058426,0.39756984,0.3711114,0.23131873
4287127543,0.34284997,0.38879436,0.2683556
4288743085,0.29407966,0.48532376,0.22059657
4288828318,0.4193359,0.35867977,0.22198439
4288871502,0.31255412,0.5056024,0.18184349
4289920922,0.27701,0.48364186,0.23934814
4290029285,0.43963936,0.3329488,0.22741178
4290090302,0.38489896,0.34203976,0.27306128
4290567181,0.30310792,0.4641857,0.2327064
4290579575,0.45116794,0.3035375,0.24529459
4290849528,0.44179556,0.32253537,0.23566909
4291106174,0.36215362,0.3462876,0.29155874
4291367819,0.2536287,0.53877,0.20760123
4291445966,0.386519,0.38991863,0.22356233
4291999244,0.41941872,0.37489143,0.20568985
4292179357,0.41559136,0.2782206,0.30618805
4292218083,0.30644375,0.47521538,0.21834084
4292525395,0.33422476,0.33675548,0.32901973
4292914487,0.35498768,0.3759804,0.2690319
4293086442,0.2094946,0.5826849,0.20782049
4293767723,0.43891072,0.3273797,0.23370957
4294020084,0.31870234,0.33767152,0.34362614
4294144396,0.31638336,0.44288427,0.24073237
4294947231,0.23856348,0.38608924,0.37534732
198779,0.31932706,0.47958052,0.20109242
481524,0.35312688,0.39660835,0.2502648
914644,0.39285976,0.36072558,0.24641463
933555,0.28156763,0.38781708,0.33061528
1744093,0.40411997,0.32582206,0.270058
2298796,0.33709353,0.32729483,0.3356117
2944182,0.3157106,0.2831433,0.4011461
3475655,0.31141746,0.22832486,0.46025762
3590999,0.22306582,0.22306582,0.55386835
4186011,0.52678525,0.26421672,0.20899804
4349090,0.26094308,0.54921544,0.18984143
5973148,0.35823774,0.45909673,0.18266556
6701196,0.41227645,0.36149776,0.2262258
7311145,0.4496236,0.28843075,0.26194566
7831108,0.31422126,0.3855995,0.3001793
8017578,0.3053677,0.30369025,0.39094204
8948997,0.40284392,0.36716595,0.22999014
9484428,0.2913308,0.43732226,0.27134693
9638121,0.3606228,0.37246764,0.2669096
9785707,0.32973242,0.3923859,0.27788168
9865433,0.3330695,0.32880253,0.33812797
10038573,0.27246535,0.30668777,0.42084688
11174153,0.46443748,0.28284448,0.25271803
11466834,0.34401384,0.4837436,0.1722426
11662304,0.33450884,0.37651148,0.28897965
11802413,0.43913156,0.3114643,0.24940416
12030710,0.35382605,0.40331888,0.24285504
13394448,0.32840812,0.41056865,0.26102322
13556772,0.41076958,0.36673892,0.2224915
13782880,0.29658335,0.29231256,0.41110405
14493470,0.31198907,0.41260836,0.27540255
14685320,0.28384498,0.27175498,0.44440004
14940307,0.20677993,0.56512415,0.22809592
15059469,0.4568736,0.29823187,0.2448945
15323548,0.37796587,0.3486948,0.2733393
15641037,0.22127917,0.5693341,0.2093867
15828515,0.37171462,0.3687129,0.2595725
15909896,0.33258379,0.35880125,0.30861497
16164492,0.32374635,0.43650925,0.2397444
16350735,0.3965311,0.3491847,0.2542842
16461522,0.39896223,0.37214166,0.22889611
17434002,0.39317188,0.28397942,0.32284874
17448643,0.3896861,0.3920613,0.21825261
18086268,0.3545611,0.42930147,0.21613741
18138965,0.36381125,0.41223234,0.2239564
18452420,0.37483278,0.35448313,0.27068406
19108602,0.29369137,0.3473236,0.35898507
19298357,0.42937678,0.39625373,0.17436945
20191819,0.48628137,0.32229608,0.19142255
20323081,0.36043334,0.3878835,0.25168318
20449586,0.29366326,0.45569193,0.2506448
20663371,0.3397239,0.4207408,0.23953527
21469188,0.34706098,0.27288842,0.3800506
22030556,0.31138074,0.30145723,0.38716203
22198032,0.3430786,0.40290737,0.25401407
22224316,0.2897808,0.48074937,0.22946985
22285215,0.36000597,0.3561663,0.2838277
22287709,0.4686757,0.30195102,0.22937329
22619105,0.40139264,0.3341993,0.26440802
23262408,0.4277833,0.3884827,0.18373396
23479672,0.33763367,0.39552075,0.26684558
23752038,0.34674716,0.32803005,0.32522273
24217487,0.3651594,0.37738752,0.2574531
24250539,0.44471902,0.33607018,0.2192108
24291614,0.35559967,0.4525101,0.19189021
24685627,0.3484875,0.3922093,0.25930324
24766918,0.4175794,0.37166566,0.21075487
26269482,0.33594087,0.41919512,0.244864
26376073,0.19897008,0.24380678,0.5572232
26535266,0.38253582,0.3904091,0.22705504
26853196,0.31318966,0.39469296,0.29211736
26977623,0.4076575,0.36475533,0.22758716
27595930,0.44563913,0.31616443,0.23819646
27698358,0.3666972,0.3509629,0.28233993
27899018,0.31678247,0.32407856,0.35913897
28503704,0.36758688,0.47199205,0.16042101
28967472,0.44280627,0.35683984,0.20035392
29769670,0.39520586,0.377281,0.22751312
30406816,0.32474792,0.37295246,0.30229962
30596949,0.25303742,0.5269022,0.22006035
30716997,0.36172584,0.41219133,0.22608283
31055850,0.36294127,0.42935705,0.20770174
31168210,0.23714738,0.30384213,0.45901054
31514551,0.39866588,0.4052893,0.19604482
31588430,0.3279088,0.43912143,0.23296976
31735386,0.31922466,0.4597777,0.22099763
31747214,0.25558102,0.5379724,0.20644662
31970451,0.37183172,0.36585236,0.262316
32175659,0.4340799,0.34424853,0.22167158
33161531,0.297194,0.45945805,0.24334796
33419218,0.30303055,0.49199882,0.20497063
33955780,0.24784118,0.35506648,0.39709237
33989060,0.370041,0.42214984,0.20780912
34083819,0.3609053,0.37053108,0.26856363
34141516,0.24424306,0.55887806,0.19687888
34348633,0.28706688,0.35607606,0.35685706
34360479,0.39278054,0.30443424,0.30278522
34540796,0.3831604,0.38485533,0.23198429
35201644,0.38632107,0.3971145,0.21656446
35492332,0.43566322,0.34228453,0.22205228
35654393,0.34257925,0.40339187,0.25402886
36171158,0.35159624,0.35203552,0.29636824
37403219,0.33032954,0.31929246,0.35037798
37411931,0.40852553,0.36325222,0.2282223
37697874,0.40639517,0.31920508,0.2743998
38367458,0.3311211,0.33429217,0.33458674
39506411,0.30789545,0.3239578,0.36814678
39507509,0.3952791,0.288368,0.3163529
40025404,0.44409156,0.22870845,0.3272
40132483,0.3453001,0.36020276,0.29449713
40594907,0.38062936,0.34089446,0.27847618
40686068,0.3271982,0.3410474,0.33175436
40687256,0.43655896,0.38099363,0.1824474
40823165,0.32267612,0.35098276,0.32634115
41007496,0.31876183,0.4420186,0.23921956
41097827,0.5333617,0.26165178,0.2049866
41126880,0.27520794,0.29545677,0.42933533
41176201,0.40744856,0.30496997,0.28758144
41401699,0.4447048,0.30952483,0.24577038
41939754,0.29958558,0.49759078,0.20282361
42421151,0.34686732,0.36205217,0.29108053
43199588,0.28962386,0.44878367,0.26159248
43490392,0.38597357,0.34909838,0.26492807
43641645,0.25749445,0.36882442,0.37368113
44439894,0.35013914,0.4155694,0.23429143
44685153,0.38672298,0.38201076,0.23126629
45203971,0.46098986,0.26051036,0.27849978
45306623,0.4544729,0.34542924,0.20009784
45445864,0.46335453,0.34680036,0.18984517
45862971,0.28930688,0.38460022,0.3260929
46821932,0.36207452,0.37272203,0.26520348
47599014,0.5079408,0.24766135,0.24439776
47623951,0.3752366,0.38400948,0.24075392
47979246,0.45747352,0.29961833,0.24290816
48242477,0.18206467,0.5933927,0.22454254
48576265,0.3717035,0.37157488,0.25672162
48642438,0.4992761,0.2873329,0.213391
48919853,0.30538753,0.45540875,0.23920375
48942865,0.5836891,0.22092754,0.19538346
49435804,0.35109133,0.37303078,0.2758779
49610973,0.4850096,0.27627236,0.23871808
49623367,0.55126506,0.24273996,0.205995
50196105,0.42938247,0.27857733,0.29204014
51210806,0.43947428,0.28998232,0.2705434
51653907,0.30974868,0.47622514,0.21402617
52770361,0.38435623,0.37165856,0.24398527
53443545,0.512182,0.24805097,0.23976707
53704229,0.2875558,0.454839,0.25760517
54262195,0.26350582,0.33044627,0.40604788
54330510,0.36164385,0.4175616,0.22079447
54523115,0.45789003,0.33598787,0.20612216
54822700,0.30836296,0.49296477,0.19867226
54955806,0.35053694,0.45353574,0.19592732
54973675,0.3859486,0.4010979,0.21295342
55173888,0.42207247,0.36198777,0.21593978
55198760,0.36591715,0.2975788,0.33650404
55331276,0.5223596,0.27602953,0.20161086
55608506,0.2901693,0.27744627,0.43238443
56375195,0.4346335,0.3336948,0.23167174
56446540,0.34565228,0.3261342,0.3282135
56570247,0.4699417,0.30018967,0.2298686
56874306,0.5395747,0.24502888,0.2153964
57464350,0.39851975,0.28580204,0.31567818
57663615,0.39166987,0.38806424,0.22026591
58131904,0.39456105,0.37306166,0.23237729
58628175,0.33445984,0.4627514,0.20278881
58855804,0.34165668,0.2865134,0.37182993
59022044,0.5449726,0.26571953,0.18930781
59824387,0.39820695,0.37471446,0.22707859
60373227,0.5064165,0.2525024,0.24108109
61093234,0.26672465,0.4764421,0.25683326
61143223,0.46279424,0.33910626,0.1980995
61314766,0.42958063,0.33240753,0.2380118
61412684,0.4991179,0.29454243,0.20633963
61564781,0.3227285,0.331963,0.34530854
61612801,0.27258506,0.52104837,0.2063666
63138580,0.34178635,0.24503835,0.41317526
64571863,0.33965176,0.29635495,0.36399323
64757753,0.446545,0.32063165,0.23282334
65504068,0.24780193,0.26868105,0.483517
65525364,0.3959888,0.31976348,0.2842477
66167562,0.3148412,0.47162363,0.21353516
66246031,0.36101183,0.30553886,0.3334493
66310559,0.41896093,0.36449647,0.2165426
66699553,0.33505517,0.4051301,0.25981474
66717329,0.391895,0.3805859,0.22751914
67152163,0.33784217,0.40420684,0.25795096
67405472,0.51284474,0.28191376,0.20524152
67960801,0.5699538,0.26138666,0.1686596
68890531,0.30491367,0.486427,0.20865935
69976808,0.23784807,0.56801975,0.19413215
70264803,0.26592213,0.53465945,0.19941846
70912581,0.35828197,0.37959373,0.2621243
71023956,0.259932,0.26450393,0.475564
71683683,0.38042286,0.3645329,0.25504425
72551638,0.39085996,0.37186515,0.23727489
73576434,0.38660806,0.4201036,0.1932883
73625918,0.3274377,0.45131817,0.2212441
73771022,0.23717532,0.55198455,0.2108401
73902561,0.2545522,0.5256467,0.21980111
73980122,0.2535991,0.26037276,0.48602813
74260397,0.41574794,0.3284338,0.25581825
74492564,0.33500886,0.37936735,0.2856238
74521474,0.42367297,0.30469418,0.27163282
75654377,0.36467418,0.41207403,0.22325179
76020303,0.5533782,0.25751588,0.1891059
76818137,0.3233853,0.44594133,0.2306734
76953214,0.35779047,0.4394673,0.20274216
77072101,0.35306895,0.40109438,0.2458367
77181015,0.31068167,0.49005902,0.19925928
77293566,0.28102866,0.46638054,0.25259078
77764403,0.23186946,0.24961504,0.51851547
77822904,0.37736833,0.38708043,0.23555128
78323278,0.32973298,0.36351556,0.3067515
78956673,0.3050964,0.4737257,0.22117788
79179109,0.3470255,0.37349352,0.27948093
79519224,0.33495635,0.40871212,0.25633156
80141038,0.3421719,0.34564453,0.31218356
80205282,0.3387912,0.3580352,0.3031736
80525318,0.3044979,0.43126184,0.2642402
80787512,0.32620037,0.45973557,0.214064
81192693,0.5145775,0.29501903,0.19040352
81249307,0.42984283,0.3426859,0.22747126
81954652,0.38819993,0.3777287,0.23407134
83620275,0.33197352,0.45843118,0.20959531
84127059,0.34464717,0.34839225,0.30696052
84475574,0.28480688,0.44665158,0.2685415
84759783,0.30735707,0.4236185,0.26902443
84760327,0.42511964,0.3347108,0.24016957
84798842,0.28989428,0.3053718,0.40473396
85318392,0.53408146,0.2800367,0.18588185
85676838,0.4681218,0.2875975,0.24428073
85722057,0.34385735,0.38999614,0.26614654
85758625,0.34368134,0.34742618,0.30889243
86326684,0.23576164,0.3129199,0.45131847
86393019,0.35586137,0.37550667,0.26863196
86419007,0.41795093,0.38038442,0.20166467
86573522,0.41887453,0.34012678,0.24099869
87533124,0.5084218,0.28808135,0.2034969
88696366,0.3020472,0.4036963,0.29425654
88730793,0.3524992,0.41645384,0.23104697
89036775,0.49611977,0.27518255,0.22869767
90309999,0.30187893,0.4162044,0.28191668
90924664,0.3613474,0.29520237,0.3434502
91120476,0.37807226,0.40232638,0.21960136
91270932,0.23684515,0.56591046,0.1972444
91353116,0.37186348,0.36084923,0.2672873
91392552,0.37461814,0.42421168,0.20117018
91508203,0.4521767,0.30499488,0.24282837
91514729,0.5061081,0.28118825,0.21270365
91641175,0.32469848,0.44312322,0.23217836
92087698,0.35156497,0.3415222,0.30691278
92137308,0.34697893,0.4315967,0.22142439
92816758,0.34469944,0.4474103,0.20789024
93135336,0.40600288,0.24307328,0.35092384
93678596,0.27398124,0.5472828,0.17873594
94093596,0.32872322,0.35321224,0.31806457
94227666,0.35724425,0.35751688,0.28523892
94740109,0.30137402,0.28034726,0.4182787
94800366,0.36066344,0.3782745,0.26106203
95535518,0.3218481,0.47967255,0.19847935
95582216,0.31138748,0.36651897,0.3220935
95644301,0.29459262,0.4611231,0.24428421
95896686,0.23659107,0.5656953,0.19771366
96808026,0.50513756,0.28791183,0.2069506
96840376,0.22603697,0.4509518,0.3230112
96861466,0.33754325,0.3362597,0.32619706
97120486,0.26988915,0.42027795,0.3098329
97391343,0.39001197,0.3021558,0.3078322
99126847,0.38033822,0.36499453,0.25466728
99226500,0.3153993,0.43445143,0.25014934
100040967,0.422962,0.37252364,0.20451432
101485010,0.27202627,0.5346667,0.19330701
101737634,0.51476514,0.27684593,0.20838892
101918832,0.4438541,0.33546516,0.22068071
102839110,0.34752217,0.42565933,0.2268185
103014146,0.3375153,0.33334702,0.32913765
103029271,0.2078977,0.61822504,0.17387724
103088501,0.4264822,0.34440887,0.22910893
103404710,0.30778426,0.39933363,0.29288214
104327024,0.3315593,0.4150617,0.25337893
104397560,0.4657162,0.3059982,0.22828557
104868968,0.41847572,0.30959907,0.27192518
105393223,0.27782258,0.36864182,0.35353562
105956094,0.28691536,0.43491903,0.2781656
106035300,0.33001995,0.3807418,0.2892382
106972419,0.34928152,0.29253048,0.35818803
107099682,0.49649692,0.2780509,0.22545218
107286860,0.4594869,0.32143658,0.21907647
107344797,0.42887768,0.36085665,0.21026567
107498868,0.3071277,0.4346166,0.2582557
107512736,0.35753906,0.37316126,0.2692997
107846647,0.33721125,0.4261589,0.23662981
108404504,0.24417606,0.36051112,0.39531285
108477597,0.30101597,0.4112035,0.28778046
108720029,0.38403282,0.3359018,0.2800654
109410988,0.264059,0.29511434,0.44082665
109568328,0.31319898,0.43707305,0.24972798
109599364,0.36136472,0.44534022,0.19329506
110019484,0.38459724,0.38906395,0.22633877
110435563,0.26106232,0.27274346,0.4661942
110738755,0.3135959,0.44614935,0.24025476
111718171,0.48262054,0.3255303,0.19184914
113842835,0.34476924,0.37945145,0.2757793
114649337,0.37500972,0.36432153,0.26066875
114659557,0.2142236,0.5720477,0.2137287
114720363,0.29313418,0.4873077,0.21955809
114723677,0.33316517,0.3611765,0.30565828
115755020,0.32802725,0.42859197,0.24338078
115833760,0.34222224,0.31389767,0.34388015
117042177,0.32877183,0.42115584,0.25007236
117044552,0.39331418,0.38469738,0.22198841
117617524,0.48517686,0.31310338,0.20171976
118404397,0.4122005,0.37606347,0.21173604
119138094,0.40236402,0.3495289,0.24810708
119265914,0.33694977,0.39470112,0.2683491
120298223,0.31357384,0.46580952,0.22061661
121039605,0.41176185,0.36852753,0.21971066
121663832,0.3207605,0.39041585,0.28882375
122208084,0.38438874,0.33372208,0.2818892
123426414,0.41768146,0.37888306,0.20343542
123699166,0.38238275,0.40902305,0.20859426
124060038,0.37742984,0.38224864,0.24032152
124261895,0.48802274,0.28088906,0.23108819
124556638,0.40775365,0.37251818,0.2197282
124797767,0.29381102,0.5002434,0.20594558
125023135,0.3702665,0.43966466,0.1900688
125049334,0.36276448,0.3829115,0.25432402
125682858,0.22974868,0.24010782,0.5301435
125857825,0.30893856,0.51020265,0.18085879
125946145,0.41040343,0.35591477,0.23368181
127116268,0.415512,0.3044228,0.28006518
127982670,0.29149163,0.40078428,0.3077241
128368900,0.32520598,0.4055466,0.2692474
128588182,0.36505812,0.21270669,0.4222352
128673789,0.35651463,0.40992886,0.23355651
128761802,0.37347093,0.41314298,0.21338603
129257832,0.381333,0.41599488,0.20267211
129277625,0.3731374,0.4289295,0.19793305
129481800,0.31566733,0.4740249,0.21030778
129517551,0.5211656,0.30038452,0.1784499
129791516,0.30977154,0.41291887,0.2773096
130949313,0.40500963,0.39589006,0.19910029
131147010,0.40121222,0.36726907,0.23151878
131454540,0.40279168,0.3533687,0.24383959
131682646,0.45524472,0.28267974,0.26207554
131939314,0.43089682,0.34128875,0.22781442
131967081,0.57826924,0.2519582,0.1697725
132511780,0.28033867,0.5339705,0.18569085
133559054,0.2883994,0.54035145,0.17124915
134190253,0.49289557,0.30684733,0.20025714
134264759,0.4221062,0.36922926,0.20866454
134445396,0.40012506,0.3903687,0.20950624
134632307,0.44458264,0.29536408,0.2600533
134894387,0.35708475,0.39395726,0.24895805
134981298,0.29168695,0.47398514,0.23432791
135262034,0.3117438,0.3300141,0.35824206
135868301,0.25030288,0.56490964,0.18478748
135902844,0.38012272,0.37618625,0.243691
136282836,0.43484664,0.34532547,0.21982789
136959345,0.3841121,0.41208762,0.20380032
137526381,0.41138875,0.34008512,0.24852614
138013043,0.36876914,0.301606,0.32962483
139177400,0.3326311,0.44368607,0.22368285
139343777,0.27898657,0.46607584,0.2549376
140695017,0.30379677,0.48667172,0.20953149
140938773,0.29995662,0.30567002,0.39437336
141795084,0.35849905,0.3328368,0.30866414
141937111,0.3757841,0.4055329,0.21868303
142467940,0.39069584,0.35673672,0.2525674
142899803,0.46304333,0.30235434,0.2346023
143823770,0.19284302,0.57961947,0.22753748
144031797,0.50087637,0.29961014,0.19951352
144873681,0.50994956,0.28456548,0.20548493
144980560,0.37769938,0.38662452,0.23567614
145145629,0.2902903,0.45174998,0.25795972
146787255,0.35039735,0.3258971,0.32370558
147184775,0.33351666,0.44557148,0.22091189
147235064,0.36288708,0.4077406,0.22937235
148283256,0.36512744,0.35379905,0.2810735
148343740,0.3719427,0.20489651,0.4231608
148695806,0.44897655,0.30682737,0.24419612
148868083,0.28260386,0.44062132,0.2767748
149086724,0.35220212,0.44023073,0.20756717
149522636,0.515343,0.31942946,0.16522753
150103775,0.32297045,0.4848444,0.1921852
150146783,0.3639481,0.44023043,0.19582143
150155155,0.32955444,0.43173727,0.23870823
150220146,0.28615698,0.44675606,0.26708698
150397391,0.35205972,0.38742426,0.26051602
150646471,0.24681264,0.58058226,0.17260504
150748250,0.3819183,0.33572453,0.28235713
150756637,0.36994404,0.4165132,0.21354283
150857616,0.42396122,0.31591564,0.26012316
150929280,0.31496847,0.35066098,0.33437055
150978685,0.23462844,0.57879084,0.18658072
151073886,0.3163309,0.297275,0.38639408
151286288,0.29490376,0.32249296,0.3826033
151599737,0.32340622,0.33022732,0.34636647
151662173,0.40157568,0.3559755,0.24244884
151790928,0.37943193,0.40370637,0.2168617
151933871,0.38832068,0.38685033,0.22482903
152641577,0.24591257,0.5284048,0.22568263
153302305,0.31241167,0.40475047,0.28283787
154781476,0.3201247,0.44950205,0.23037326
155850298,0.3572418,0.3016263,0.3411319
155853770,0.40480977,0.3317999,0.2633903
155938206,0.44593236,0.36137116,0.19269648
156778175,0.36911464,0.38930002,0.24158536
157015136,0.30455658,0.3434344,0.35200906
157287102,0.40931553,0.35678703,0.23389742
157721706,0.33534002,0.449575,0.21508494
158191068,0.22767507,0.25679636,0.51552856
158451646,0.33293813,0.35566834,0.3113935
159160826,0.27302283,0.3831185,0.34385866
159206202,0.26341274,0.3981411,0.33844614
159483167,0.32811874,0.41304272,0.25883856
159949147,0.29646474,0.43907148,0.2644638
160044871,0.49634463,0.27029634,0.233359
161447803,0.2907235,0.50565284,0.20362371
161980222,0.3127463,0.29927984,0.38797382
163109053,0.31285942,0.42154104,0.26559955
163136960,0.21992192,0.567975,0.21210313
163170605,0.40283945,0.3737904,0.2233701
163707939,0.40120828,0.37543792,0.22335385
164614087,0.4046815,0.34250093,0.25281763
164664656,0.50126475,0.26731282,0.23142242
164828765,0.34613037,0.42934996,0.22451967
165543789,0.19310445,0.60826194,0.19863366
166120566,0.34564996,0.4162727,0.23807734
166133014,0.31920457,0.4318209,0.24897447
166267452,0.30274248,0.38025886,0.31699866
166596141,0.25975966,0.5192354,0.22100496
167517523,0.34882033,0.46006832,0.19111134
167622122,0.35236943,0.3274788,0.3201518
168772236,0.31427184,0.41853762,0.26719058
169684936,0.27124506,0.41319248,0.31556246
170212609,0.4008202,0.26761425,0.33156556
170249524,0.38510317,0.33321,0.28168684
170457446,0.26525667,0.39268526,0.34205806
170935158,0.38480145,0.34989256,0.26530594
171404634,0.3849522,0.42894083,0.18610698
171435115,0.37590253,0.4066161,0.21748137
171497432,0.34097674,0.410452,0.2485713
173095007,0.36476743,0.32211208,0.31312048
173638961,0.46337253,0.30421233,0.23241514
173729787,0.40137342,0.34224933,0.25637725
174033244,0.2656385,0.25143367,0.4829278
174172159,0.29189077,0.4754909,0.23261836
174235077,0.26636136,0.5081413,0.22549736
174727915,0.60659564,0.20921664,0.18418771
174816457,0.39448202,0.38500232,0.22051561
175340347,0.3270042,0.37381062,0.2991852
175461577,0.35291514,0.335661,0.31142384
175569031,0.24861011,0.27330202,0.47808787
176488956,0.374047,0.441801,0.184152
176859306,0.4500373,0.31050205,0.23946066
176979943,0.34650192,0.41982847,0.23366958
177151720,0.33727396,0.45299542,0.20973063
177277096,0.3208725,0.3945462,0.28458136
177333087,0.56188154,0.23284402,0.2052744
177460908,0.3528794,0.34805262,0.2990679
177738347,0.341941,0.43401033,0.22404873
178031890,0.29390147,0.44233638,0.26376218
179265533,0.31497642,0.4290402,0.25598338
179461974,0.39267194,0.36104858,0.24627948
179694761,0.356071,0.4255526,0.2183764
179793290,0.27512357,0.51913345,0.20574299
180087284,0.3098126,0.34210497,0.34808242
180809229,0.40409368,0.39725655,0.19864978
181606808,0.28032777,0.4494955,0.27017677
182331123,0.30148286,0.30960014,0.38891703
182399816,0.2820291,0.4942747,0.22369623
182684533,0.29463825,0.50486165,0.2005001
183083146,0.3103323,0.45242816,0.2372396
183508420,0.24862781,0.25136754,0.50000465
183661976,0.3761307,0.38815033,0.23571894
184029984,0.20498917,0.29648846,0.49852234
184128422,0.4087823,0.28911877,0.30209893
184876636,0.36546808,0.4511518,0.1833801
186103788,0.3815822,0.40839356,0.21002422
186870438,0.41795558,0.3467213,0.23532309
188188079,0.37765884,0.29504895,0.32729214
188289137,0.34260684,0.30230367,0.35508943
188428650,0.41227368,0.36675513,0.22097117
188742406,0.30691838,0.40582472,0.28725684
189177685,0.35583246,0.35636777,0.2877998
189997538,0.31735665,0.32048148,0.36216184
192605511,0.4886997,0.30756146,0.20373882
192665216,0.3810976,0.39841872,0.22048369
192980368,0.4035903,0.31401595,0.28239375
193910852,0.44018543,0.36031762,0.19949694
194114636,0.47055852,0.29293317,0.23650831
194709019,0.33953047,0.35985145,0.30061805
195726577,0.44536752,0.26426739,0.2903651
196025014,0.38679135,0.3863132,0.22689542
196271452,0.25098252,0.50787675,0.24114075
196412039,0.37618405,0.34793746,0.27587843
197154038,0.30101973,0.33288652,0.36609375
197948073,0.2639491,0.501627,0.23442392
198631528,0.47980967,0.33064556,0.18954475
198870048,0.41794765,0.32553506,0.25651726
198894413,0.38506854,0.348118,0.26681346
199241066,0.3403415,0.40639448,0.253264
199296303,0.3090897,0.48505956,0.20585069
199841581,0.290715,0.29632884,0.41295612
199895047,0.39321935,0.33703697,0.2697437
200425477,0.42340857,0.3803527,0.19623876
200433527,0.23056714,0.5887668,0.18066603
200451455,0.37070405,0.39738292,0.23191302
201250351,0.26387388,0.27915835,0.45696783
202396022,0.39173943,0.38454175,0.22371884
202567090,0.40785158,0.27991202,0.31223637
203971666,0.33211744,0.31647754,0.35140502
203987935,0.28352386,0.5159944,0.20048168
204032816,0.3433003,0.4358185,0.2208812
204245400,0.4046295,0.35620505,0.23916543
204857937,0.53658515,0.2843958,0.17901905
204879430,0.49489397,0.27257296,0.23253305
205291223,0.51006126,0.27009475,0.21984398
205335087,0.41344738,0.35974592,0.22680667
205618955,0.3023553,0.48908553,0.20855919
206277987,0.35749912,0.3629176,0.27958333
206956571,0.3797528,0.42279613,0.19745103
207658856,0.35745716,0.4534288,0.18911402
208359111,0.36950365,0.3780448,0.25245154
208431452,0.39880112,0.3970477,0.20415114
208746000,0.27912244,0.3253008,0.39557672
208768415,0.3055861,0.40492368,0.28949022
208816164,0.40378514,0.36790574,0.22830912
209302802,0.26889837,0.5196265,0.21147513
209436261,0.4071175,0.35997087,0.23291168
210343643,0.29448503,0.2436012,0.46191376
210712988,0.3169138,0.46179855,0.22128767
211357242,0.2820963,0.32964814,0.3882556
212357954,0.36875534,0.38632935,0.24491532
212429303,0.46220642,0.3012078,0.2365858
212462607,0.32188597,0.45656407,0.22154991
212615565,0.30558202,0.42518783,0.2692302
213127520,0.35427147,0.36326635,0.28246224
213190316,0.34010553,0.34227943,0.31761503
213579164,0.29549292,0.35922524,0.34528184
214206792,0.37876618,0.37563226,0.24560158
214699911,0.44542646,0.33284497,0.2217286
214720140,0.4843649,0.31482488,0.20081022
215325950,0.17249686,0.6118119,0.21569127
216423733,0.48562786,0.3332735,0.18109861
216998706,0.48895973,0.29106006,0.21998024
217359682,0.3891158,0.34723297,0.2636512
217541315,0.3760622,0.3810681,0.24286968
217877080,0.33687562,0.3152573,0.34786707
218477317,0.3584954,0.39166376,0.2498408
218568373,0.3781436,0.41038227,0.21147409
218841179,0.37172446,0.38554585,0.24272972
219278908,0.43132198,0.3177437,0.25093433
219693035,0.38119525,0.3677082,0.2510966
219783538,0.43738684,0.3330524,0.22956076
220548286,0.4572667,0.32140648,0.22132683
221082092,0.34452152,0.28405482,0.37142366
221141213,0.36677277,0.4046051,0.22862214
221240160,0.40812486,0.2899758,0.30189934
221310669,0.39500517,0.40428084,0.20071402
221344059,0.3654872,0.40682766,0.22768517
221761045,0.29871258,0.34768748,0.35359994
222601147,0.3052139,0.30357817,0.39120787
222642571,0.33635718,0.3325901,0.33105272
222706307,0.36499438,0.36332464,0.27168098
224379896,0.49212635,0.2858505,0.22202319
224563036,0.43872893,0.27973688,0.2815342
225307024,0.3073312,0.29447246,0.39819634
225994511,0.4261885,0.31133115,0.26248032
226032403,0.39785564,0.35362178,0.24852261
227585857,0.45698375,0.26756948,0.27544674
227601522,0.40649694,0.35124022,0.24226284
227643251,0.4303085,0.2522943,0.31739718
227759644,0.34155622,0.33426672,0.32417703
227888358,0.3799428,0.33731318,0.28274405
228133194,0.33681837,0.41551292,0.24766865
228410393,0.37637752,0.36905512,0.25456733
228433385,0.5019761,0.26793528,0.23008871
228532392,0.35326523,0.45388934,0.1928454
228541191,0.36923206,0.37718558,0.25358236
228578967,0.2449601,0.25603718,0.4990027
228729362,0.50062376,0.27767882,0.22169745
228748461,0.30808216,0.448545,0.24337281
228759454,0.31904903,0.44641468,0.23453628
228860525,0.28115097,0.42062104,0.29822797
228880935,0.28918827,0.47885627,0.23195544
229115102,0.29265124,0.45873892,0.24860981
229874927,0.1807129,0.1807129,0.6385743
229968420,0.46707398,0.33560938,0.19731663
231572695,0.40417308,0.3883257,0.20750125
231625085,0.4221924,0.35426033,0.22354725
231761227,0.3422137,0.2274402,0.43034613
232512059,0.37737644,0.37774664,0.24487695
232793107,0.41831902,0.36397487,0.21770614
232893642,0.52532375,0.26398313,0.21069312
233138921,0.29009572,0.28970894,0.42019528
233608399,0.5755856,0.21151094,0.21290338
234126998,0.33978543,0.3064255,0.35378906
234730980,0.34841138,0.3640231,0.2875656
234910661,0.3030885,0.4648028,0.23210873
235235600,0.38149408,0.35120687,0.26729906
235974677,0.54914075,0.23589085,0.2149684
236030054,0.51891685,0.28408134,0.19700187
236170502,0.30823487,0.41768038,0.27408475
236438456,0.2991461,0.3853305,0.3155234
236674618,0.49727768,0.32268542,0.1800369
238461245,0.35992643,0.36227423,0.27779937
238633992,0.35610217,0.40267742,0.24122036
238740967,0.43431276,0.2346327,0.33105454
238990934,0.4794842,0.34230882,0.17820698
239206486,0.52050483,0.28447077,0.19502446
239546334,0.2591639,0.27441147,0.4664246
240664578,0.41198298,0.3612845,0.22673246
241053733,0.36073613,0.3246382,0.31462565
241995906,0.49449125,0.246138,0.25937074
242033817,0.33031195,0.41064507,0.25904298
242659269,0.44585866,0.29561585,0.2585255
243418831,0.2877307,0.31103033,0.401239
243460137,0.39928827,0.2994978,0.30121392
244366192,0.52444756,0.27073753,0.20481491
244440276,0.49294704,0.3256046,0.18144836
245070789,0.23209065,0.5452965,0.22261281
245381573,0.37743425,0.43721777,0.185348
246089960,0.45127183,0.30970845,0.23901966
246158140,0.28998137,0.4292199,0.28079873
246164255,0.48729214,0.27110028,0.24160758
246169764,0.4010059,0.35920447,0.2397896
246420674,0.27438614,0.30221206,0.42340174
246558613,0.43072116,0.39679745,0.1724814
247279910,0.45093763,0.3547252,0.19433713
247795785,0.35070533,0.37173086,0.2775638
247808611,0.3765756,0.33388755,0.2895369
249118362,0.36333162,0.35105258,0.2856158
249120924,0.38974673,0.3931792,0.21707404
249690269,0.35816535,0.41584665,0.22598794
250930207,0.24174422,0.5656923,0.19256347
252457907,0.25081715,0.57026386,0.17891896
252549006,0.5367299,0.23200423,0.23126593
253156481,0.40573594,0.32011917,0.27414492
253311844,0.30666476,0.37231493,0.32102025
254568556,0.2953448,0.42248714,0.28216803
254685723,0.3302651,0.42819896,0.24153592
255200059,0.3593347,0.35952958,0.28113565
256273613,0.3696496,0.37023845,0.260112
256633831,0.44162196,0.29193306,0.26644498
256792782,0.23551345,0.5522605,0.21222602
256899548,0.5024,0.26195717,0.23564288
257603645,0.24641709,0.2758989,0.47768402
257659324,0.44634145,0.2574183,0.29624027
258068688,0.27093908,0.51965517,0.20940578
258228650,0.41835403,0.3689289,0.212717
258237206,0.41846013,0.289718,0.29182184
258390642,0.40492973,0.35875955,0.2363107
259074460,0.32962045,0.36537457,0.30500495
260197639,0.39179927,0.31373513,0.2944656
261050155,0.44999555,0.35064495,0.1993595
261119093,0.37594086,0.36044902,0.26361006
261149022,0.28916377,0.38604861,0.32478768
261177522,0.28784004,0.4472437,0.26491627
261811530,0.3828979,0.34480926,0.2722928
261871449,0.35328418,0.37319535,0.2735205
262090437,0.25562596,0.5254737,0.21890035
262297730,0.30533168,0.430273,0.26439533
262303887,0.40501332,0.37393343,0.22105327
262571023,0.34735277,0.46260542,0.19004177
263434757,0.506673,0.3103208,0.18300626
264286984,0.48023438,0.28007472,0.2396909
265695475,0.46546566,0.29917908,0.23535529
265736401,0.5382129,0.2733052,0.1884819
266642661,0.40582508,0.37389362,0.22028133
268017223,0.3344967,0.43360817,0.2318951
268888229,0.38346434,0.3573277,0.25920796
268899012,0.36982882,0.35354865,0.27662253
269412492,0.38167036,0.41211998,0.2062096
269924344,0.40652746,0.3882921,0.20518042
270000254,0.3273327,0.42907774,0.24358958
270041939,0.3957029,0.41700542,0.18729168
270067434,0.37947726,0.35461608,0.26590663
270074617,0.4286464,0.31860346,0.25275013
270189621,0.36945736,0.34227613,0.28826648
270544312,0.3209477,0.34456605,0.33448625
270584346,0.39818186,0.37223285,0.22958532
270956550,0.4029233,0.39299327,0.20408344
271314859,0.36982775,0.37370402,0.25646818
271687870,0.53847194,0.24760553,0.21392253
272372202,0.57421196,0.225627,0.20016102
272897307,0.3963462,0.4079221,0.19573173
273414650,0.45490777,0.3607332,0.18435904
273452823,0.37040728,0.39289063,0.23670213
273872869,0.37627888,0.41002363,0.2136975
274283227,0.4023764,0.3269348,0.27068874
274383555,0.31872368,0.42086172,0.2604146
275808123,0.36755547,0.4242735,0.20817104
276457521,0.36895627,0.40311518,0.22792858
276579209,0.36471987,0.33490154,0.3003786
276719735,0.40846506,0.34163326,0.24990162
276729685,0.44461834,0.36440676,0.19097495
276908896,0.2965891,0.47789425,0.22551662
277124981,0.28389603,0.3209237,0.39518028
277139386,0.52664703,0.2825461,0.1908069
277183249,0.35397315,0.37408382,0.27194297
277254083,0.3802176,0.4080202,0.21176217
277347960,0.4554778,0.33967325,0.20484895
277489060,0.2618627,0.30228654,0.4358508
278163564,0.38274676,0.37620175,0.24105147
278533160,0.36998045,0.367984,0.26203558
278908043,0.31111485,0.4265108,0.26237434
279663279,0.4080183,0.37936202,0.21261969
279730053,0.36371586,0.3630248,0.27325934
279797820,0.30392247,0.34425902,0.35181844
280651628,0.3556077,0.386369,0.25802332
280678386,0.48491699,0.3122714,0.20281163
280899913,0.41995335,0.36186618,0.2181805
281337869,0.39678067,0.36452544,0.23869392
281342055,0.31070292,0.3344064,0.35489064
281457356,0.29046682,0.48076975,0.2287634
281666511,0.34471384,0.27791983,0.37736636
281904288,0.3700657,0.34975675,0.28017753
282123801,0.3984302,0.2276741,0.37389565
282490696,0.29013783,0.2775653,0.43229684
282658672,0.41843498,0.31447175,0.26709324
282906292,0.3025614,0.31321353,0.38422513
283088452,0.41785076,0.29584956,0.2862997
283212948,0.3052163,0.3958244,0.29895929
283746053,0.41584814,0.33812538,0.24602649
283949155,0.35779843,0.4263451,0.21585648
284015792,0.32416153,0.4231665,0.25267202
284047231,0.41184646,0.3555177,0.23263589
284922522,0.2919119,0.4879836,0.22010452
285064977,0.28721297,0.49830472,0.21448234
285666673,0.3889584,0.39074183,0.22029978
285842179,0.4424677,0.3160112,0.24152112
285993528,0.31548822,0.4313732,0.25313854
286451810,0.24172622,0.28284776,0.47542596
286783177,0.3349355,0.3065004,0.35856414
286942981,0.3455289,0.3679738,0.2864973
286984376,0.37087426,0.39571685,0.2334089
287343630,0.39454484,0.34563273,0.25982243
288496905,0.3809498,0.3842349,0.23481527
288663614,0.29461026,0.38392758,0.32146215
289124883,0.40507817,0.37896937,0.21595246
289290403,0.26188153,0.3346737,0.40344477
289495857,0.36183715,0.37560242,0.26256043
289514891,0.39676112,0.3899623,0.21327662
289736509,0.24792497,0.5573002,0.19477487
289765425,0.42681652,0.34224734,0.23093612
289986567,0.5070772,0.2916286,0.20129418
290247062,0.28459838,0.25182423,0.4635774
291037764,0.41154873,0.3295803,0.25887096
291143539,0.34256762,0.33714265,0.32028973
291298352,0.3488302,0.37701797,0.27415186
291485195,0.43624896,0.3545641,0.20918691
292345541,0.45680296,0.2531079,0.29008913
292848529,0.4121756,0.38290983,0.2049146
293126462,0.29879966,0.26594675,0.4352536
293710821,0.28327435,0.47624388,0.24048178
294036452,0.33008996,0.49532175,0.1745883
294341871,0.30045602,0.37604934,0.32349467
294515461,0.35125363,0.43978542,0.20896098
295506725,0.35027385,0.31280163,0.3369245
295576677,0.20027226,0.60911274,0.19061498
295604428,0.3181047,0.32162878,0.36026648
296227084,0.409702,0.32494837,0.26534963
296550192,0.31614083,0.45451635,0.22934279
296610526,0.31359416,0.4446929,0.24171294
296763792,0.39084542,0.37851208,0.23064244
298187036,0.35402453,0.29963154,0.34634393
299126114,0.3357585,0.37241632,0.2918252
299353890,0.56011415,0.21892491,0.220961
299387821,0.33678883,0.42796096,0.23525025
299389287,0.32008827,0.35432908,0.32558268
299517420,0.50158954,0.28339368,0.21501678
299683154,0.29125652,0.4988329,0.20991054
300446022,0.26961267,0.42396098,0.30642635
301130093,0.31499088,0.3372411,0.347768
301353898,0.32210028,0.3418331,0.3360666
301504635,0.56518435,0.2576512,0.17716444
301557957,0.33246207,0.41528675,0.2522512
301605001,0.3345455,0.4221512,0.2433033
301809313,0.24671364,0.54440993,0.2088764
302757805,0.3220682,0.26188642,0.41604537
304447045,0.3354885,0.3919866,0.2725249
304466823,0.32405105,0.48239684,0.19355205
304836805,0.37301168,0.3641222,0.26286614
304945427,0.37820694,0.4083195,0.21347356
305269649,0.39109123,0.3677857,0.24112311
306288705,0.38629186,0.38861424,0.2250939
306445172,0.33985806,0.27398357,0.3861584
307112608,0.29418343,0.34953213,0.3562844
308301547,0.32980812,0.341426,0.32876587
309115138,0.35514677,0.4248644,0.21998878
310402612,0.26003325,0.448906,0.29106075
310490069,0.371841,0.35829735,0.26986164
310712023,0.27287993,0.45809722,0.26902282
310770509,0.43696576,0.32631195,0.23672232
311574180,0.35327655,0.42509806,0.22162542
312349382,0.36888522,0.39605388,0.23506087
312454782,0.31491306,0.46892083,0.21616611
312527284,0.26230952,0.46305686,0.27463365
312559048,0.3553056,0.347351,0.29734334
313628044,0.3091476,0.42189518,0.26895723
313931225,0.33586323,0.39393926,0.2701975
314171585,0.41917652,0.39942616,0.1813973
314887546,0.31284994,0.48396045,0.2031896
315848407,0.3708976,0.3150304,0.31407195
316767334,0.39538318,0.3610562,0.24356061
316838673,0.36390173,0.3729295,0.26316875
317119670,0.30926234,0.43047264,0.26026505
317481198,0.24703975,0.34275278,0.41020745
317486062,0.33771795,0.29789892,0.36438313
318160729,0.37501577,0.33466572,0.29031855
318255199,0.27856243,0.41015208,0.31128547
319172157,0.30492914,0.43560684,0.25946403
319976796,0.3792436,0.3746713,0.24608512
320474637,0.56649864,0.2651633,0.16833809
321564028,0.47544765,0.28896803,0.23558435
322026138,0.4267481,0.2852369,0.28801504
322449217,0.3875732,0.34635362,0.26607317
323464573,0.36865675,0.37818086,0.25316238
323724591,0.4363529,0.3120526,0.25159448
324193760,0.32396945,0.4652542,0.21077637
324693557,0.27916545,0.30545938,0.41537517
324756178,0.19423306,0.63705814,0.16870879
325293683,0.3187635,0.34072164,0.34051487
325506954,0.26910257,0.4506718,0.28022563
325851772,0.43487784,0.3385983,0.22652385
326366642,0.40815866,0.32210243,0.2697389
327697847,0.3694128,0.3750677,0.2555195
327929338,0.3242845,0.3221615,0.353554
329057094,0.3899929,0.28489405,0.32511306
329284329,0.31575322,0.3707645,0.31348228
329646548,0.31169823,0.3689394,0.31936237
329682565,0.4605103,0.348464,0.19102561
329727074,0.60373855,0.2203185,0.17594296
329990393,0.33260977,0.4845506,0.18283963
330151603,0.27775326,0.26016462,0.4620821
330344356,0.38852358,0.3719015,0.23957491
330507412,0.42399263,0.38878775,0.18721965
330633013,0.34131625,0.44456166,0.21412209
330654455,0.47286424,0.30749625,0.2196395
331045260,0.44072443,0.34212917,0.21714643
331452075,0.55470884,0.25048003,0.19481114
331718460,0.41529298,0.3284115,0.2562955
332035935,0.42509186,0.33541653,0.2394916
332554661,0.2947377,0.4842629,0.22099939
332685432,0.37458616,0.37786144,0.24755235
333239863,0.3786607,0.39902157,0.2223177
333656406,0.38081694,0.30074447,0.3184386
334055242,0.22580251,0.4884486,0.28574884
334120183,0.32398874,0.39893377,0.2770775
334244665,0.3947455,0.35711166,0.24814287
334419140,0.40509224,0.36309573,0.23181207
335005692,0.40213633,0.3654359,0.23242778
335384967,0.30430216,0.2903303,0.4053676
335432347,0.328684,0.39557248,0.2757435
336023457,0.36470768,0.32476956,0.3105228
336659064,0.28165394,0.2756856,0.44266045
336838776,0.4279498,0.32910898,0.24294128
337076417,0.33693862,0.36489952,0.29816183
338510133,0.33489543,0.35999298,0.3051116
338941468,0.6162155,0.21390188,0.16988263
338947376,0.2710023,0.48575452,0.24324319
340875526,0.39696175,0.38766474,0.21537349
341375141,0.26874515,0.42893964,0.30231524
341417088,0.36410946,0.40473586,0.23115468
341665382,0.33186167,0.3327936,0.33534476
341709951,0.3870573,0.36500743,0.24793527
341777279,0.27210528,0.26400295,0.46389177
342190546,0.38088018,0.38941655,0.22970326
342372962,0.36857438,0.36278802,0.2686376
342526287,0.36969626,0.3500077,0.2802961
342825226,0.36864614,0.39216757,0.2391863
343439286,0.33708537,0.441639,0.22127563
343461679,0.30907482,0.31330007,0.3776251
343586383,0.44166243,0.310323,0.24801457
343618878,0.3599718,0.34064743,0.29938078
344059040,0.39651155,0.23620448,0.367284
344513876,0.31420726,0.48310602,0.20268676
345010082,0.36289304,0.36026216,0.27684486
345241564,0.49222538,0.2761734,0.23160127
346026366,0.3574661,0.3566014,0.2859325
346453932,0.267447,0.41833398,0.314219
346789860,0.31256455,0.4236472,0.26378825
346840273,0.4305827,0.2573459,0.3120714
347062248,0.38838094,0.38839242,0.22322664
347488699,0.4148898,0.32433313,0.2607771
347525559,0.3761294,0.4055009,0.21836966
347555916,0.41837212,0.35545236,0.2261755
347660984,0.38039553,0.3194021,0.3002023
348289876,0.19330746,0.3891849,0.41750768
348389630,0.3557166,0.370009,0.2742744
348848855,0.34065485,0.42019713,0.239148
349067866,0.19935098,0.5479342,0.2527148
349176498,0.3347357,0.4397859,0.22547841
349293236,0.31594282,0.34205985,0.3419973
349512602,0.541046,0.23783424,0.2211197
349948997,0.404694,0.3961177,0.19918835
350003310,0.46233177,0.3214183,0.21624997
350252935,0.35143727,0.36969376,0.278869
350346724,0.38816822,0.35035685,0.2614749
350729992,0.32567015,0.35690114,0.31742868
350872272,0.37250033,0.38863108,0.23886862
351330709,0.3659821,0.28383496,0.35018295
351456382,0.24547201,0.3608447,0.3936833
352874887,0.31597218,0.3400769,0.34395096
353899520,0.2883172,0.26697972,0.4447031
354607241,0.43897998,0.28295612,0.27806383
354614830,0.29471606,0.45709747,0.2481865
354838276,0.40838262,0.26904318,0.32257417
355026639,0.35724214,0.3934812,0.24927665
355181739,0.5452735,0.23967144,0.21505508
355245885,0.42177457,0.34583324,0.23239219
355432088,0.46262246,0.32708758,0.21028997
355931570,0.36805105,0.35212284,0.2798261
356985112,0.39785907,0.3809592,0.22118175
356993930,0.3314735,0.29720837,0.3713181
357026764,0.2905956,0.5276324,0.18177196
357528827,0.40848377,0.37242484,0.21909142
357628727,0.2936777,0.4756161,0.23070619
357900632,0.26691398,0.2646786,0.4684074
358001593,0.3532166,0.34319976,0.30358368
358291174,0.36700183,0.31043515,0.32256308
359344113,0.30848223,0.35854906,0.33296877
359434960,0.4047659,0.37729615,0.21793789
360573961,0.39319432,0.4074139,0.19939175
360688716,0.3252672,0.3661269,0.30860588
363495974,0.30849338,0.2805069,0.41099972
363567521,0.41255116,0.33981377,0.24763507
363751937,0.24297762,0.4730004,0.28402197
363805355,0.34934768,0.42190707,0.22874528
363992420,0.47391135,0.29865336,0.22743538
364049723,0.32887453,0.333363,0.33776248
364080449,0.23205405,0.583068,0.18487796
365141011,0.37502167,0.34092265,0.28405568
365221147,0.35905278,0.41021073,0.23073645
365472238,0.43569767,0.31945273,0.24484956
366030800,0.34539452,0.31546134,0.33914414
367091813,0.4727376,0.2761477,0.25111464
367963578,0.28717214,0.2522159,0.46061194
368479736,0.4683829,0.34220016,0.18941694
368956873,0.34024948,0.359432,0.3003185
369426575,0.29508725,0.47244707,0.23246565
369970125,0.35613456,0.43809858,0.20576683
370624652,0.40804493,0.34789878,0.24405625
370973663,0.29166996,0.28478628,0.42354375
371291526,0.30940023,0.37023127,0.32036856
371327669,0.4273852,0.35055152,0.22206323
371846587,0.31281015,0.32705462,0.3601352
371917764,0.44070262,0.35036922,0.20892815
372778981,0.3113141,0.41582605,0.27285984
372988295,0.26631933,0.5551607,0.17852
373188074,0.36438408,0.37395602,0.2616599
373208271,0.35527542,0.42817518,0.21654943
373236274,0.28490925,0.3560512,0.35903955
373275542,0.41196296,0.34730184,0.24073519
373288804,0.50903344,0.27177712,0.21918947
373373021,0.3475405,0.39965796,0.2528016
373956493,0.39259273,0.39332712,0.21408015
374302741,0.48105174,0.27283224,0.24611601
374894398,0.35341573,0.41739064,0.22919358
375016963,0.35945475,0.31072098,0.32982427
375489918,0.32544598,0.29664588,0.3779081
376177356,0.384942,0.39909968,0.21595834
376360783,0.29522383,0.3337509,0.37102526
377069067,0.46352893,0.24739426,0.28907683
377447997,0.31991756,0.30481046,0.37527198
377695480,0.39377686,0.37184823,0.23437491
378594406,0.36358035,0.38446105,0.25195864
378911922,0.2813493,0.45702934,0.26162136
379113034,0.32292002,0.34940875,0.32767123
379221905,0.43254912,0.36601496,0.20143591
379240634,0.2649991,0.29689854,0.43810236
380069247,0.44046944,0.28947973,0.27005088
380126926,0.33044976,0.30274734,0.36680293
380784192,0.30807123,0.41345704,0.2784717
380991376,0.36606607,0.30909854,0.32483542
381031987,0.38395035,0.37571508,0.24033459
381131000,0.25756449,0.4136684,0.32876712
382356448,0.25103188,0.28577542,0.46319264
382535075,0.35515153,0.32832545,0.31652302
382726051,0.51443166,0.29155913,0.19400921
383411309,0.37563503,0.37573656,0.24862841
383827392,0.25138077,0.51613396,0.23248525
383919279,0.44661748,0.3163851,0.23699746
383936378,0.35079488,0.42120177,0.22800334
383990274,0.48775607,0.3136545,0.19858938
384624705,0.34660897,0.4238246,0.22956643
384645558,0.40287685,0.39304805,0.20407507
384692746,0.35908026,0.37126616,0.2696536
384760446,0.27234447,0.481583,0.24607253
384773768,0.2869569,0.51962495,0.19341817
385110598,0.3103254,0.46474174,0.22493283
385560158,0.37901062,0.27529353,0.34569588
385604064,0.3634268,0.35774428,0.27882898
386266773,0.27874935,0.29956675,0.42168394
387278209,0.36741114,0.31703442,0.3155544
387395899,0.34347942,0.35379624,0.30272436
387778712,0.4155661,0.34854364,0.23589021
387994332,0.2403675,0.5135533,0.24607918
388326434,0.4059837,0.3006502,0.2933661
388469737,0.33549353,0.2819782,0.38252825
388740327,0.3675384,0.34671962,0.28574198
389029712,0.35532922,0.34619534,0.29847547
389806624,0.27194446,0.4230759,0.3049796
389851822,0.38587117,0.39214045,0.22198835
390046630,0.48260826,0.26306593,0.2543258
390700072,0.39200357,0.33862835,0.26936805
391067853,0.36661923,0.42232996,0.21105085
391411256,0.3612254,0.37740928,0.26136535
391554420,0.4128353,0.37960416,0.20756052
392546513,0.5151262,0.24192779,0.24294601
392567206,0.30942765,0.40285307,0.28771925
392947474,0.33158728,0.35475123,0.31366146
392994272,0.333917,0.37738037,0.28870267
393264716,0.35505638,0.37091267,0.27403098
393392435,0.3038355,0.3561637,0.34000075
393878610,0.34565148,0.38377666,0.2705719
394669883,0.31874683,0.44898137,0.23227179
394788030,0.3305595,0.4610875,0.20835304
395057640,0.28322008,0.386966,0.32981396
395069775,0.3165428,0.38064724,0.30280998
395138908,0.36350226,0.35603982,0.2804579
395962006,0.37175757,0.35678703,0.2714554
396049328,0.37117764,0.38863516,0.24018717
396051154,0.33781964,0.45090908,0.21127129
396426337,0.31805924,0.42354774,0.258393
397447397,0.27731752,0.56973773,0.1529448
397640370,0.4149127,0.32108122,0.2640061
397853068,0.29238963,0.50190175,0.2057086
398108590,0.416291,0.350787,0.23292199
398136367,0.36297667,0.44661546,0.19040784
398415667,0.43048805,0.3124297,0.25708222
398466701,0.5347531,0.26450586,0.20074102
398594542,0.26481804,0.3222639,0.41291812
399124474,0.25583792,0.23271012,0.51145196
399838869,0.3756682,0.3346085,0.2897233
400235030,0.47501636,0.28513402,0.23984967
401257644,0.32770377,0.31428114,0.35801506
401739210,0.24370804,0.33074883,0.4255431
402159369,0.3651259,0.3922729,0.24260125
402333166,0.37404096,0.41968417,0.20627487
402772415,0.3866664,0.38335305,0.22998056
403176753,0.34574872,0.40385062,0.25040066
403371445,0.3827864,0.35765702,0.2595566
403860524,0.33973625,0.38294345,0.2773203
403935066,0.34572643,0.44870004,0.20557353
404054108,0.40564388,0.34391105,0.25044507
404422657,0.5008806,0.25710383,0.24201563
404571680,0.2949359,0.23183069,0.4732334
405146135,0.40026784,0.36994475,0.22978741
405565153,0.3897946,0.39279717,0.21740827
405785376,0.435194,0.37009782,0.19470817
405873048,0.45834988,0.3010258,0.24062434
406179938,0.36392805,0.39160866,0.2444633
407067866,0.3595599,0.36781958,0.27262053
407470118,0.36373714,0.3823294,0.25393343
408107557,0.38862628,0.3772019,0.23417182
408469583,0.3528104,0.33815116,0.30903846
408544890,0.38497165,0.35871324,0.25631508
409047535,0.277026,0.44835693,0.2746171
409556085,0.51778644,0.22298628,0.25922725
409565107,0.36369255,0.32098237,0.3153251
410389783,0.341363,0.40482995,0.25380698
410484691,0.61387295,0.20061214,0.18551488
410500100,0.24812889,0.24868043,0.5031907
410558343,0.36490065,0.29191887,0.34318048
410812575,0.37492672,0.38214695,0.24292633
410910887,0.38535297,0.41900906,0.19563794
411087143,0.44190675,0.26875734,0.28933588
411186193,0.3643355,0.3820441,0.2536204
412376289,0.48496687,0.32072175,0.19431141
412654128,0.29644996,0.40897548,0.29457456
412676306,0.4192745,0.30508953,0.275636
412744395,0.3584036,0.41162902,0.22996745
413140117,0.3290878,0.38450938,0.28640282
413334700,0.3771283,0.42725956,0.19561218
413745855,0.40443516,0.26353714,0.33202773
413955245,0.38337603,0.4329513,0.1836727
414643822,0.5179145,0.2745786,0.20750692
415065706,0.37501788,0.39916268,0.22581945
415930463,0.40545255,0.37798116,0.21656632
416702291,0.53846896,0.26520833,0.19632277
416731021,0.39307985,0.3605401,0.24638006
417072152,0.3602488,0.38288826,0.25686294
418317292,0.48588514,0.3070983,0.20701656
418358775,0.3747324,0.33602434,0.28924322
419311087,0.39281172,0.37256444,0.23462385
419740328,0.19403145,0.6229798,0.18298876
419755662,0.31112915,0.31838715,0.37048373
421525416,0.27903518,0.476266,0.24469878
421690468,0.52343136,0.28435612,0.19221249
421820226,0.28181067,0.3140042,0.40418515
422443346,0.4236927,0.34572387,0.2305834
423332843,0.3674402,0.41724166,0.21531817
423665427,0.35535318,0.30055457,0.34409225
423667800,0.33388174,0.4228456,0.24327263
423727571,0.38471955,0.41564593,0.19963452
424128665,0.46198592,0.2749482,0.26306587
424331101,0.32796207,0.40525192,0.26678598
424342753,0.19387157,0.59136444,0.21476397
424582483,0.29003546,0.32250473,0.38745987
424659810,0.33785877,0.4250219,0.23711932
424878968,0.48689124,0.3355202,0.17758861
425806040,0.32761067,0.47294188,0.19944745
426873725,0.33320966,0.446159,0.22063133
427503513,0.37423158,0.3517853,0.27398312
427564476,0.4919139,0.29884377,0.20924233
428619063,0.38635084,0.40684855,0.20680058
428910764,0.45841163,0.32577223,0.21581616
429092535,0.28550744,0.39883915,0.31565338
429385642,0.23830083,0.5334721,0.22822705
429503056,0.37593198,0.3475191,0.27654892
429923848,0.33939803,0.34931213,0.31128985
430663117,0.40381184,0.41529363,0.18089455
431011503,0.38024926,0.41665566,0.2030951
431226021,0.3850872,0.39431417,0.22059862
431260386,0.28368777,0.4698618,0.24645045
432903891,0.30481935,0.4666598,0.22852087
432967915,0.3798115,0.40292668,0.21726182
433132553,0.34812206,0.33933276,0.31254518
433154198,0.372005,0.3724453,0.25554973
433284801,0.28492925,0.48986778,0.22520296
433519813,0.39468175,0.42863268,0.17668559
433689079,0.36667335,0.34317064,0.29015604
433987535,0.3740977,0.23117961,0.39472267
434560267,0.36095095,0.26436776,0.3746813
434602340,0.35597926,0.38722724,0.2567935
435404736,0.41089976,0.37773222,0.21136807
436029068,0.26959407,0.29260647,0.43779945
436206969,0.22815278,0.19701582,0.57483137
436312025,0.25632715,0.34977704,0.3938958
436461293,0.41583285,0.3456375,0.23852965
436857094,0.37474996,0.34953007,0.27572
436937034,0.33076406,0.37654322,0.29269272
436976969,0.20879233,0.60337317,0.18783452
437223170,0.47748473,0.30556726,0.21694802
437271233,0.4334167,0.36045074,0.20613258
437476833,0.5264493,0.2897862,0.18376443
437657543,0.37157696,0.36400092,0.26442206
437730953,0.3545983,0.39984256,0.24555908
437957305,0.25561413,0.3170484,0.42733744
438335758,0.2829188,0.45236897,0.2647122
438919134,0.35264176,0.44076198,0.20659623
439197173,0.3359908,0.381346,0.28266323
440686336,0.2752322,0.52357703,0.20119074
440876776,0.35305023,0.4114024,0.23554736
440880456,0.34260786,0.40778053,0.24961162
441036120,0.37178016,0.33319515,0.29502463
441102973,0.3478539,0.44968814,0.202458
441244224,0.3732654,0.3851356,0.24159905
441383759,0.36793178,0.3524496,0.2796186
441874323,0.35434824,0.34384057,0.30181116
442281768,0.30451003,0.34412542,0.35136455
442406055,0.37189436,0.37666902,0.2514366
442670162,0.40473443,0.27852607,0.3167395
442759144,0.49199897,0.20509648,0.30290455
442788674,0.5276979,0.28141093,0.19089109
442905619,0.33015713,0.45925707,0.2105858
442939289,0.33633375,0.3783576,0.28530866
443067175,0.34185085,0.4151435,0.24300568
443074106,0.43648893,0.26128763,0.30222344
443266737,0.33611298,0.44834256,0.2155444
443634778,0.38908044,0.3959136,0.21500592
443690459,0.30810514,0.3894611,0.30243376
443881343,0.4146204,0.36229134,0.22308826
444234823,0.42545575,0.31320485,0.2613394
444519621,0.29582784,0.27918124,0.4249909
445455149,0.36613184,0.29513317,0.33873498
445616580,0.31607765,0.3298099,0.35411245
445655208,0.4780621,0.2766043,0.24533361
445905668,0.2858646,0.46071625,0.25341913
446512308,0.27833658,0.35633415,0.36532933
446536026,0.49185324,0.30752915,0.20061764
447236946,0.40117228,0.38489723,0.21393049
447764974,0.47815046,0.30439875,0.2174508
448150222,0.26972124,0.27154636,0.45873243
448206796,0.4740117,0.30898815,0.21700017
448330729,0.6209145,0.19150084,0.18758464
448638751,0.3838546,0.34381026,0.2723351
449542934,0.30727836,0.36745873,0.3252629
449957906,0.5283246,0.25112945,0.22054598
451223408,0.3096584,0.3059404,0.3844012
451459137,0.31765932,0.47827378,0.2040669
451474677,0.40790057,0.35614103,0.23595837
452889914,0.29851037,0.36446905,0.33702064
453219091,0.28144413,0.51922053,0.19933537
453309125,0.4418105,0.3361905,0.22199903
453602555,0.28586763,0.39367878,0.32045358
454577007,0.34796524,0.32054764,0.33148712
455425542,0.30461878,0.47566548,0.21971574
455551502,0.32805067,0.44580376,0.22614557
455720109,0.49745005,0.2810762,0.22147378
455838921,0.24303398,0.23113209,0.52583396
456110783,0.41416943,0.2629354,0.32289514
456339278,0.26018956,0.56462926,0.17518118
456412435,0.37034222,0.3337177,0.29594004
457362480,0.4575494,0.29926088,0.2431897
457450028,0.36144543,0.3703354,0.26821914
457642714,0.40500176,0.37936276,0.21563545
458677274,0.32804263,0.27951124,0.3924462
458767383,0.42542762,0.3676991,0.20687333
458776308,0.4090835,0.36322477,0.2276918
459280148,0.44797197,0.30902946,0.24299863
459600837,0.35499114,0.3543137,0.29069513
459990017,0.35595047,0.4145463,0.22950317
460742431,0.43594635,0.31001306,0.2540405
461061919,0.37731588,0.32051152,0.30217263
462732529,0.36208177,0.43187404,0.20604415
462949816,0.3921171,0.36628234,0.2416006
463153867,0.2941172,0.2941172,0.41176555
463155098,0.36624244,0.34102166,0.29273587
463188580,0.31779402,0.43674642,0.2454596
463287815,0.3404106,0.43104857,0.22854081
463944696,0.39570034,0.37632516,0.22797452
464046818,0.3257152,0.42430842,0.2499764
464091542,0.3063338,0.32760215,0.36606407
464110158,0.26708838,0.48043066,0.25248098
464186111,0.4343569,0.33743203,0.22821108
464237715,0.40773875,0.3103213,0.28193995
464635735,0.38151574,0.3578033,0.26068103
464968543,0.33736768,0.41786504,0.24476731
464975319,0.47230875,0.3112708,0.21642046
465561956,0.53958535,0.25265557,0.20775905
465994878,0.3409806,0.3689346,0.29008478
466010252,0.38465428,0.42115974,0.19418599
466277654,0.5193082,0.2912927,0.1893991
466926515,0.38290232,0.3616194,0.25547823
467178230,0.26396412,0.51394373,0.22209215
467518182,0.2758624,0.30853444,0.41560316
467764110,0.42889094,0.39190465,0.17920437
468048222,0.48793662,0.23776472,0.27429867
468242541,0.38526523,0.3779312,0.23680355
468250958,0.3362261,0.36489248,0.2988814
468633040,0.36255136,0.40216923,0.23527938
468660756,0.48621708,0.2978981,0.2158848
468723110,0.4065848,0.36633703,0.22707817
469336714,0.3321982,0.28349915,0.38430268
470656843,0.4174356,0.3638,0.21876445
471088945,0.4418376,0.31415248,0.24400988
471644003,0.41706723,0.34784734,0.23508543
471650656,0.30281642,0.374189,0.3229946
471676659,0.30565155,0.33082557,0.36352286
471975614,0.24436349,0.5200308,0.23560573
472342466,0.39582586,0.3005718,0.3036023
472767345,0.32585025,0.3908589,0.28329083
473031638,0.30575275,0.4814033,0.21284392
475410319,0.3129995,0.31567484,0.37132567
476352428,0.36273873,0.37009075,0.2671705
476667660,0.38227838,0.35017413,0.26754755
477217124,0.3087116,0.34468102,0.34660736
477631614,0.3403244,0.42134374,0.2383318
478208903,0.61325026,0.22687835,0.15987143
478828961,0.37380528,0.43287957,0.19331515
478834489,0.3687007,0.32598597,0.30531332
479134446,0.3624094,0.33686373,0.30072683
479421963,0.29092175,0.3476804,0.36139786
480011417,0.40609312,0.3582933,0.23561352
480798685,0.32138455,0.36078066,0.3178348
481109508,0.5124785,0.2729511,0.21457043
481588342,0.338516,0.29532874,0.3661553
482131990,0.29057595,0.47155598,0.2378681
482137607,0.4466588,0.3298788,0.2234624
482963048,0.32721102,0.44100156,0.23178738
483050435,0.28594878,0.4084587,0.30559248
483296173,0.30212104,0.3629956,0.33488336
483455335,0.27982846,0.5117637,0.20840785
483955485,0.36241117,0.4331904,0.2043984
484107421,0.22531685,0.31800213,0.45668095
485124296,0.4050343,0.3428793,0.2520864
485214601,0.33066064,0.3320642,0.3372751
486124467,0.3802343,0.37246966,0.24729598
487403950,0.40312853,0.34735027,0.2495212
488042669,0.27464765,0.513985,0.21136734
488058549,0.30597013,0.43301708,0.2610128
488171159,0.28333807,0.38583547,0.3308265
489012955,0.35136047,0.35749948,0.29114002
489086161,0.42745298,0.387161,0.18538605
489126920,0.34098285,0.46632138,0.19269574
489146593,0.22828937,0.42354432,0.34816632
489569915,0.40361872,0.3636822,0.23269907
490479146,0.30061474,0.4512235,0.24816176
490598558,0.38088876,0.42514914,0.19396204
491881471,0.3815477,0.42519808,0.1932542
492090356,0.4021849,0.3052771,0.29253802
492481745,0.30313146,0.49653828,0.20033032
492788803,0.38201666,0.38407812,0.23390524
492943824,0.29330826,0.50028193,0.20640981
493255567,0.37593937,0.4084838,0.21557683
493508260,0.38041925,0.38571823,0.23386252
493846450,0.28384417,0.4869501,0.22920577
494500525,0.51353514,0.25140664,0.23505814
496223624,0.31108993,0.32036108,0.368549
496311633,0.33385593,0.41278842,0.25335568
496395999,0.444422,0.3346792,0.22089887
497200228,0.46738356,0.30527306,0.22734338
497784772,0.34464353,0.30926648,0.34608996
497834662,0.26742792,0.52826023,0.20431188
497929258,0.3696857,0.36347833,0.26683593
498001485,0.36719897,0.4060354,0.2267656
498605733,0.44867074,0.28840727,0.26292196
498882726,0.39164802,0.3630374,0.24531457
499081983,0.4852898,0.25782728,0.25688285
499340183,0.3495999,0.43508875,0.21531138
499779556,0.5007377,0.31167817,0.1875841
500619281,0.31577688,0.4361631,0.24806002
500908111,0.46704894,0.27836287,0.25458813
501085807,0.36510548,0.33593398,0.29896054
501691691,0.3848719,0.34980127,0.26532686
501945871,0.27169818,0.48126382,0.24703796
503632841,0.30943763,0.3317182,0.35884416
504311299,0.32470304,0.4239869,0.2513101
504316486,0.33937564,0.34529018,0.31533417
504437799,0.28198493,0.28152916,0.4364859
504557090,0.3714062,0.38757,0.24102387
504845461,0.34626365,0.3839989,0.26973748
506036380,0.32027388,0.4547302,0.22499597
506474693,0.3776116,0.3949672,0.2274212
506602825,0.34458518,0.38753247,0.26788235
506632785,0.4246109,0.32049423,0.25489485
506864417,0.48872203,0.2860482,0.2252298
506963134,0.380962,0.40938494,0.20965306
507010395,0.3821982,0.33808276,0.279719
507102749,0.40716547,0.36318922,0.22964531
507141207,0.33070976,0.42101967,0.24827054
507364539,0.32809037,0.42513227,0.24677733
507396232,0.42981052,0.36938134,0.20080811
507746519,0.33262226,0.44022167,0.22715604
507796471,0.47350508,0.3044302,0.22206472
508424506,0.35437542,0.39018112,0.25544348
508565378,0.37581527,0.38958216,0.2346026
508592795,0.37280217,0.38048917,0.24670863
508732430,0.39949596,0.3556301,0.24487391
508883404,0.54339457,0.25568303,0.20092243
508989589,0.37863916,0.40313715,0.21822372
509164675,0.45469844,0.3014443,0.24385726
509329196,0.37661898,0.38312575,0.24025525
509418373,0.3281677,0.3808691,0.29096323
509819931,0.47564775,0.3246987,0.19965354
509938782,0.25866765,0.43189496,0.30943733
510056103,0.42107832,0.33253217,0.24638954
510362946,0.36531705,0.36765158,0.26703143
511652351,0.3468014,0.29388455,0.35931402
512528779,0.43030608,0.3298523,0.2398416
512988540,0.5176973,0.2813415,0.20096122
513417392,0.24914825,0.57373047,0.17712131
513432524,0.35736835,0.43620127,0.2064304
514269842,0.33833218,0.46886045,0.1928074
515104973,0.42484713,0.33928376,0.23586911
515175075,0.2839631,0.43702403,0.27901286
515569047,0.34320924,0.44933408,0.2074567
516428332,0.3737247,0.37612152,0.25015378
516843871,0.31245542,0.3709408,0.31660372
516926107,0.37797534,0.37786674,0.24415791
517244551,0.27091032,0.32913417,0.3999555
517301745,0.36601806,0.38279822,0.25118372
517348116,0.31011248,0.34276348,0.34712404
517359281,0.34562397,0.3827929,0.27158314
518308157,0.3526262,0.38542068,0.26195312
518825578,0.48004454,0.29002357,0.22993186
518866200,0.36999547,0.38166243,0.24834216
518913635,0.28400916,0.28950244,0.4264884
518934975,0.48821348,0.30800605,0.20378044
519392568,0.2945738,0.3133943,0.3920319
519699719,0.32922417,0.39212713,0.2786487
519895256,0.39460137,0.37478355,0.2306151
520242453,0.4746002,0.29126596,0.23413382
520360147,0.28979325,0.27839643,0.4318103
521254880,0.49032146,0.30491316,0.20476541
521312118,0.3399786,0.36479232,0.29522914
521707491,0.43412757,0.35544538,0.210427
521833964,0.26260182,0.3071609,0.43023723
522149653,0.34330028,0.46449,0.19220966
522383864,0.36386257,0.41174322,0.22439417
522792618,0.36080244,0.3776264,0.2615711
523890923,0.32523632,0.3814414,0.29332232
524056442,0.38006538,0.42560035,0.19433425
524079957,0.37304884,0.3692189,0.25773227
524100219,0.30029038,0.25699514,0.44271448
524253015,0.2793089,0.41970593,0.30098516
524443744,0.3583767,0.3875445,0.25407875
524902727,0.37869972,0.39502513,0.22627518
525426307,0.32733953,0.46919456,0.20346592
525508890,0.28662667,0.30245602,0.41091734
526881306,0.4077088,0.34500593,0.24728529
527124624,0.43711367,0.34282947,0.22005685
527284515,0.39488,0.3952042,0.20991585
528121179,0.29954302,0.4770394,0.2234176
528719052,0.50048584,0.3259124,0.17360176
528751313,0.30759332,0.46984315,0.2225635
529202222,0.42386281,0.29375243,0.28238475
529657453,0.36091408,0.4024064,0.23667946
529907853,0.48150727,0.31787136,0.20062138
530452853,0.34321237,0.33608437,0.3207033
530673600,0.2824864,0.45880574,0.25870785
530687554,0.38966584,0.3831983,0.22713587
531675861,0.28446835,0.28415686,0.4313748
531848948,0.26256758,0.261562,0.4758705
532331198,0.27568245,0.34618717,0.37813038
532686259,0.4611559,0.31338435,0.22545974
532800436,0.40076935,0.38589478,0.21333587
532993875,0.2827633,0.40667093,0.3105657
533495683,0.32378778,0.4285506,0.24766162
534138771,0.2228721,0.51865196,0.258476
534756103,0.3555272,0.34415582,0.300317
534883730,0.4036392,0.4038627,0.19249806
535764480,0.36002222,0.2888147,0.3511631
536115267,0.45012462,0.29186755,0.25800782
536361299,0.3279788,0.43705225,0.2349689
536739854,0.4176096,0.37455797,0.20783249
537112849,0.3049342,0.3548204,0.34024537
537562685,0.23766348,0.2833463,0.4789902
538331565,0.46646333,0.27582014,0.25771648
538425393,0.34357834,0.40777725,0.24864444
538540807,0.35161954,0.42399448,0.22438598
540004797,0.3748572,0.3949445,0.23019835
540824781,0.31130615,0.32520306,0.36349082
541067258,0.3534457,0.37047493,0.27607936
541260823,0.27175418,0.31966087,0.40858492
541350615,0.4325895,0.3397882,0.2276223
541523862,0.40138245,0.33150503,0.26711255
541590787,0.35217097,0.45942396,0.18840513
542350222,0.42721727,0.35952172,0.21326095
542848870,0.39532262,0.3598165,0.24486086
543521495,0.37053037,0.42227215,0.20719749
543780662,0.32397437,0.33685622,0.3391694
543963929,0.32065675,0.29990995,0.37943333
544031246,0.39323312,0.38351405,0.22325285
544169812,0.39531663,0.41605946,0.18862393
544188879,0.3306269,0.3197534,0.34961966
544243494,0.38996893,0.30402637,0.30600464
544304079,0.33644396,0.40901482,0.2545412
544624323,0.28477174,0.49855685,0.21667138
544674583,0.35579875,0.4003492,0.24385206
544979653,0.25576138,0.3252863,0.41895235
546330187,0.24435617,0.50694656,0.24869727
546471010,0.3342256,0.43295762,0.23281679
547051420,0.48978078,0.2609533,0.24926591
547515416,0.33007646,0.4300983,0.23982528
547557413,0.55894303,0.26701158,0.17404532
548077771,0.3973605,0.30608922,0.29655027
548593765,0.5379214,0.26573658,0.19634193
548671493,0.31539232,0.34123605,0.34337163
548837587,0.3429089,0.4408056,0.2162855
549269048,0.36208594,0.35999566,0.2779184
549602343,0.4004834,0.3307879,0.26872864
549808869,0.3317805,0.4642893,0.20393018
550271162,0.41175187,0.34592637,0.24232179
550980146,0.4336335,0.31586215,0.25050434
551453381,0.33180395,0.30261797,0.36557806
551956319,0.36653483,0.40026927,0.23319587
552017944,0.30862543,0.42384142,0.2675332
552246401,0.3337031,0.44759497,0.21870193
552767898,0.4018833,0.35112616,0.24699053
553945747,0.50528795,0.30161455,0.1930975
553947619,0.35342324,0.3739788,0.27259797
554021983,0.3773255,0.40804282,0.21463169
554294097,0.35987452,0.4023822,0.2377433
554909128,0.31906736,0.36430144,0.31663123
555339916,0.33437455,0.47400582,0.1916196
555768950,0.3203708,0.44932503,0.23030415
556478311,0.34441465,0.41312778,0.24245757
556917833,0.34052017,0.4140479,0.24543196
556932169,0.3425824,0.4568323,0.2005853
557216058,0.4247877,0.3542218,0.2209905
557326805,0.35866916,0.42163843,0.21969241
557383200,0.22884247,0.5336197,0.23753783
557581897,0.4166838,0.38769564,0.19562054
557789757,0.43040666,0.35833144,0.2112619
557928308,0.35246915,0.39808184,0.24944898
557971905,0.2833813,0.3205133,0.3961054
557982730,0.25149977,0.47121876,0.2772815
558288955,0.35456264,0.42534536,0.22009197
558689497,0.2872001,0.5038219,0.20897798
558801432,0.40019602,0.3590289,0.24077508
558877257,0.3459804,0.34505853,0.3089611
558988687,0.31738967,0.44154114,0.24106917
559187265,0.31327838,0.26469404,0.42202753
559926167,0.36090702,0.32308877,0.31600422
560186635,0.27024776,0.22794956,0.5018027
560318038,0.27913815,0.50386816,0.21699367
560499910,0.38260993,0.37260628,0.24478376
560612692,0.2748214,0.5477808,0.17739773
560763590,0.39113945,0.4178301,0.19103047
561583192,0.55958134,0.22595398,0.2144647
561853109,0.2532995,0.5446231,0.20207739
562591097,0.44675255,0.31199852,0.24124894
562718839,0.43622115,0.28440002,0.27937883
563389770,0.41402096,0.31865597,0.26732308
563620901,0.2956487,0.2956487,0.40870258
563678859,0.24499834,0.5881442,0.16685751
563802433,0.3673876,0.3894629,0.24314958
564275127,0.31937188,0.46121335,0.21941483
565181077,0.54927266,0.24246395,0.20826337
565802994,0.50023496,0.2814911,0.21827388
566653635,0.28685778,0.50630337,0.20683883
566692012,0.43778265,0.30680078,0.25541657
566936798,0.39220005,0.33888072,0.2689192
566987298,0.48198214,0.3198293,0.19818856
567735523,0.285739,0.3799997,0.3342613
567744823,0.32203782,0.31749654,0.36046565
567985478,0.38191795,0.2919581,0.32612395
568453661,0.24187122,0.5609402,0.19718856
568464139,0.4399311,0.30376118,0.25630772
569037345,0.49522775,0.22221126,0.28256094
569738126,0.41786093,0.38245618,0.19968289
570166605,0.3818968,0.37243587,0.24566731
570953181,0.28428775,0.45220178,0.26351044
571131456,0.42986298,0.32771933,0.2424177
571483807,0.36666727,0.35908145,0.2742513
572110648,0.2359595,0.59377897,0.1702615
572480127,0.2867079,0.48992985,0.22336224
573182218,0.3267088,0.4574775,0.21581365
573288573,0.34763122,0.32546932,0.32689947
573529721,0.35357472,0.35003757,0.29638767
574458497,0.34825838,0.41357616,0.23816547
574720113,0.4130714,0.36119908,0.22572955
574992614,0.4009506,0.3495525,0.2494968
576276287,0.50928783,0.2767168,0.21399537
576367297,0.35145319,0.47078973,0.17775707
576434381,0.45771766,0.31511864,0.22716373
576804687,0.3770774,0.36474243,0.2581802
576854728,0.374911,0.33133382,0.2937552
577449993,0.26040488,0.542814,0.19678116
577766341,0.22770184,0.2566155,0.51568264
578229841,0.31455418,0.46884426,0.21660158
578256325,0.37988013,0.38580108,0.23431878
579094722,0.4467442,0.3701034,0.1831524
579682320,0.42676854,0.36452857,0.20870289
579715271,0.4463727,0.23811999,0.31550735
579834409,0.42156896,0.33738923,0.24104181
579911034,0.36222035,0.22575426,0.4120254
580242683,0.37815505,0.41814166,0.20370331
580587127,0.27416518,0.5003843,0.22545055
580984991,0.28668058,0.4863659,0.2269535
581231396,0.40017062,0.2855662,0.31426316
581365261,0.43622077,0.22001517,0.3437641
582136902,0.3885739,0.34208143,0.2693447
582764958,0.42885798,0.36273107,0.20841095
583303505,0.5149152,0.28641635,0.19866839
583320349,0.51467323,0.28475648,0.20057032
583602153,0.4233588,0.27895898,0.29768223
583680893,0.3990554,0.40057188,0.20037268
585089260,0.37616882,0.3410559,0.28277528
585245959,0.26199985,0.5031384,0.2348617
585252901,0.44105762,0.27207994,0.28686243
585491874,0.408199,0.3188885,0.27291244
586058936,0.47538152,0.31070796,0.21391052
586694098,0.36348808,0.334058,0.3024539
586842278,0.3485031,0.35839307,0.29310387
587305393,0.3566626,0.35876727,0.28457016
589413458,0.3274604,0.40448844,0.26805115
589578121,0.30203646,0.47985852,0.21810502
590286997,0.33576605,0.36535013,0.29888386
591199057,0.31215444,0.4659324,0.22191319
591315438,0.32060528,0.38232514,0.29706955
591515943,0.389884,0.37347162,0.23664434
592310793,0.37366813,0.38675874,0.23957314
592633848,0.3684978,0.42861444,0.20288774
592784721,0.3096391,0.37657684,0.31378406
593015676,0.41981834,0.33731687,0.24286473
593293976,0.40191007,0.33268833,0.26540163
594258961,0.3504151,0.3518588,0.29772604
594647938,0.3319388,0.461535,0.20652619
594651962,0.34007847,0.39433694,0.26558456
595618303,0.34287447,0.47095084,0.18617466
595758395,0.28696665,0.3416111,0.37142223
596045489,0.51445735,0.2912629,0.19427976
597229071,0.337566,0.43111482,0.23131919
597663801,0.2648952,0.41120648,0.32389832
597868437,0.27291104,0.27188402,0.45520496
597882047,0.3764223,0.34500945,0.27856833
598508290,0.36463457,0.373663,0.2617024
598601350,0.29245925,0.26642883,0.4411119
598799767,0.3813766,0.38809446,0.23052898
599939180,0.39839786,0.3216778,0.27992433
600119009,0.23824432,0.23824432,0.52351135
600290247,0.28739738,0.3720312,0.3405714
601396996,0.37747997,0.4192915,0.2032285
601778709,0.30835164,0.25253767,0.4391107
602080755,0.41380405,0.33890212,0.24729383
602180208,0.3791588,0.2942117,0.32662952
602283845,0.32667166,0.44392598,0.22940242
602406101,0.34466466,0.2824463,0.37288904
602434327,0.4029146,0.34837502,0.24871035
602673896,0.31501588,0.4311794,0.25380468
603025261,0.33149165,0.31421965,0.35428876
603826189,0.40486938,0.4063698,0.18876076
604424806,0.36732593,0.38602847,0.24664563
604586972,0.39457178,0.32628167,0.27914655
605440728,0.32561594,0.40095884,0.27342522
605842496,0.31780392,0.34790206,0.33429402
605908341,0.41796145,0.34199142,0.24004713
606055597,0.2847004,0.53505886,0.18024075
606144760,0.34436136,0.47493038,0.18070826
606243271,0.3892259,0.36789614,0.24287795
606593151,0.46939242,0.34524637,0.18536118
607018584,0.42271173,0.36716136,0.21012697
607842518,0.43718284,0.30269855,0.26011854
608381802,0.3524804,0.3641972,0.28332236
609391314,0.410138,0.36802197,0.22184004
609730784,0.32144386,0.42275506,0.25580102
609919890,0.34662694,0.31284598,0.34052706
610870752,0.4210539,0.37808287,0.20086327
611929222,0.3786753,0.3782583,0.2430664
612021708,0.57838607,0.2523985,0.16921543
612116424,0.35634226,0.3747584,0.26889932
612529681,0.5074655,0.26926315,0.2232714
613026843,0.35203153,0.397104,0.2508645
613133700,0.30809724,0.39108437,0.30081844
613337167,0.3450417,0.45745355,0.19750474
613543125,0.28177255,0.34673727,0.3714902
613543423,0.51735175,0.25253996,0.23010832
613754862,0.45068654,0.32306904,0.22624448
614028879,0.37126648,0.41887546,0.20985806
614451319,0.567553,0.26123488,0.17121215
614563874,0.6287501,0.18242478,0.18882516
614873464,0.33054337,0.3648554,0.30460125
615490619,0.33540076,0.40951478,0.25508446
616376865,0.41961694,0.31286907,0.26751402
616758500,0.38262993,0.3523392,0.26503086
617492354,0.4148845,0.34696507,0.23815045
619751007,0.42271382,0.33990288,0.2373833
619967192,0.3661936,0.43601048,0.19779594
620751969,0.3062187,0.35460365,0.33917764
622074995,0.32981157,0.39204517,0.27814323
622229927,0.36912256,0.41308722,0.21779025
622521765,0.35087252,0.42348814,0.22563936
623884476,0.45813859,0.3131361,0.22872536
624704374,0.4076503,0.3567961,0.23555353
625290530,0.42670804,0.34836125,0.22493069
625303898,0.4132283,0.3722428,0.21452892
625584483,0.4135127,0.36760914,0.21887818
626039013,0.40181112,0.35941276,0.23877609
626206004,0.4463418,0.2931161,0.26054212
626444376,0.4919414,0.3248422,0.18321638
627273077,0.3593136,0.37202066,0.26866573
627465737,0.21444348,0.588517,0.19703948
627475411,0.4110083,0.30030698,0.28868473
627482926,0.3190578,0.42333406,0.25760815
627603430,0.432404,0.3978091,0.16978693
627629586,0.3075993,0.37912005,0.31328064
629109478,0.365338,0.23201883,0.40264314
629979072,0.45820868,0.3608377,0.18095359
630035772,0.37591413,0.36885032,0.25523555
630802002,0.38724655,0.3359834,0.27677006
630871577,0.35109138,0.41266018,0.2362484
631055849,0.42914388,0.35818776,0.21266836
631123761,0.40089998,0.34492052,0.25417954
632191069,0.30064243,0.47701553,0.22234201
632488259,0.36030617,0.42116404,0.21852978
632700669,0.41329688,0.36751902,0.21918407
633004298,0.34558028,0.35603082,0.2983889
634276256,0.34357554,0.288156,0.36826843
635061373,0.34052646,0.4001671,0.2593064
635181829,0.37735635,0.29246345,0.33018023
635397325,0.49400318,0.2564835,0.24951333
635694317,0.4717098,0.23439449,0.29389566
636422753,0.36565423,0.40093884,0.23340689
636540093,0.4935381,0.32450563,0.18195629
636639893,0.34911418,0.2790279,0.37185788
637202179,0.38585812,0.38932055,0.22482133
637484805,0.34613,0.4611259,0.19274405
638236836,0.24289256,0.5907783,0.16632913
638355296,0.40827113,0.26783898,0.3238899
639010767,0.25043046,0.5408923,0.20867723
639351069,0.32215017,0.44028577,0.237564
640217060,0.41845945,0.3637146,0.21782595
640562671,0.43421644,0.36733937,0.19844419
641622846,0.4506857,0.31529778,0.23401652
641975450,0.3269483,0.32279432,0.35025746
642357980,0.2894241,0.43670118,0.27387476
643375630,0.35746807,0.4021994,0.24033254
644299081,0.3520872,0.39515424,0.25275856
644320504,0.32902196,0.32822365,0.34275442
644646161,0.3312893,0.47066027,0.19805045
644692938,0.3456457,0.39820707,0.25614727
645124157,0.39613116,0.4005112,0.20335762
646599490,0.44165674,0.36579573,0.19254757
646791760,0.33969587,0.374091,0.2862131
647181302,0.40816385,0.31479427,0.2770419
647350081,0.38416547,0.381487,0.2343475
647539302,0.29241264,0.4584147,0.24917263
647627482,0.31364602,0.4131711,0.27318287
647776971,0.3675428,0.37525046,0.25720674
647971462,0.39542633,0.37458196,0.22999173
648207224,0.3570807,0.35105228,0.29186702
648541154,0.36046535,0.41208583,0.22744887
648587824,0.393542,0.36664665,0.23981136
648732937,0.3207043,0.41109908,0.26819667
648799172,0.2755685,0.5107263,0.21370526
649081447,0.32151538,0.47899944,0.19948518
649981095,0.39683044,0.3507163,0.25245327
651793343,0.41476244,0.37738508,0.20785244
652028803,0.41298088,0.35908467,0.22793445
652512269,0.39278245,0.3871641,0.2200535
653309763,0.33294928,0.42878693,0.23826377
653426315,0.35901362,0.4351558,0.20583063
654570015,0.36441302,0.28852886,0.34705806
655270603,0.41593087,0.3451814,0.23888776
655457232,0.38955647,0.3618747,0.24856886
655500799,0.2856531,0.29067892,0.42366797
655576858,0.39244276,0.32218343,0.2853738
655806341,0.40321746,0.35521814,0.24156438
655987166,0.3907109,0.3702415,0.23904762
656429164,0.36444277,0.3315815,0.3039757
656843847,0.3490675,0.25888842,0.39204407
656980424,0.31203604,0.45660028,0.23136368
657509659,0.4403872,0.33933288,0.22027993
657913317,0.43847513,0.33549714,0.2260277
658128424,0.35172543,0.2337408,0.41453373
658366772,0.40649515,0.37609875,0.21740606
658384153,0.35982263,0.41463208,0.22554529
658638557,0.49105906,0.30703723,0.2019037
658769774,0.47488594,0.2982774,0.22683665
658976676,0.5171864,0.23700467,0.24580894
659462457,0.34037364,0.333428,0.3261984
659597219,0.40173915,0.25740194,0.34085894
659627118,0.27158028,0.2625911,0.4658286
659762880,0.32360518,0.3724475,0.30394733
660141245,0.4746849,0.28035435,0.24496077
660294379,0.3682403,0.39399922,0.23776042
660856423,0.5458758,0.259571,0.19455323
661809566,0.36552048,0.31579784,0.3186817
662525178,0.34698844,0.34006265,0.31294894
662735704,0.5536696,0.2555074,0.19082302
662967993,0.36624777,0.40391147,0.22984073
663208817,0.3274877,0.42367262,0.2488397
663731471,0.44565082,0.27879596,0.2755532
664439945,0.42477846,0.34650123,0.22872034
664740963,0.5495735,0.26932928,0.18109724
664746578,0.32973158,0.35905737,0.31121105
665255622,0.35414648,0.36807775,0.2777758
665401554,0.3940186,0.30365792,0.3023235
665406998,0.3230201,0.33620915,0.34077078
665435262,0.38267964,0.4156439,0.20167646
665868161,0.4073799,0.36317068,0.22944945
665904304,0.33147073,0.49096796,0.17756131
666280008,0.5384692,0.24171996,0.21981084
666753908,0.33408344,0.3697945,0.2961221
668105388,0.33364603,0.47115475,0.19519924
668523157,0.3478245,0.41393095,0.2382445
668768543,0.24378294,0.24719451,0.5090226
668839158,0.37498093,0.39797127,0.22704779
668947112,0.3510364,0.30972564,0.33923796
669624833,0.35711926,0.4056641,0.23721667
670013189,0.37938637,0.38066542,0.23994823
670353794,0.46302545,0.31541467,0.22155988
670475690,0.38052097,0.44990563,0.1695734
670988023,0.33692613,0.34348422,0.31958959
671097536,0.3080716,0.3616873,0.33024108
671682534,0.44973928,0.36062324,0.18963748
671994141,0.456231,0.2943205,0.24944848
672734714,0.35358024,0.3417015,0.30471826
673074493,0.3563488,0.4076403,0.23601088
673799648,0.46968818,0.26474363,0.2655682
673887330,0.37155008,0.37473148,0.2537184
674426366,0.32967275,0.3473236,0.32300365
674450823,0.49051076,0.23179565,0.27769354
674525115,0.3350953,0.36204576,0.3028589
674551325,0.549122,0.23284242,0.21803565
675120372,0.42508474,0.32864684,0.24626847
675450853,0.440076,0.31242737,0.2474966
675546441,0.32760525,0.36115384,0.31124094
676012072,0.37185892,0.44330716,0.18483394
676165482,0.2346938,0.53392494,0.23138122
676188140,0.3203259,0.3645447,0.31512943
676200289,0.28309175,0.5084127,0.2084955
676417214,0.37389094,0.38702077,0.23908825
676805842,0.3339292,0.4060325,0.26003826
677567486,0.42747656,0.35136068,0.22116277
677880163,0.31081134,0.43791515,0.25127354
678941974,0.37030396,0.37463248,0.25506356
679308122,0.3631093,0.3880791,0.24881163
679541637,0.25195983,0.38063502,0.36740512
679713354,0.28446347,0.25043616,0.4651004
679758785,0.4045241,0.28439492,0.31108102
679779798,0.3874966,0.40075004,0.21175334
679794909,0.2872613,0.36780143,0.3449373
679961012,0.34680882,0.3470651,0.30612612
680628066,0.37492216,0.40731633,0.21776153
680889163,0.4220482,0.3691615,0.20879027
681086383,0.37895262,0.37000006,0.2510473
681485541,0.30573413,0.3545292,0.33973667
681742615,0.4356637,0.32030207,0.24403425
681814746,0.41184163,0.33162165,0.25653675
684087919,0.34703282,0.39460713,0.25836003
684283469,0.4396714,0.33196405,0.22836459
684622873,0.28743416,0.51266754,0.19989836
684635508,0.27968872,0.4904222,0.22988912
684875310,0.36279136,0.3992247,0.23798394
685334275,0.37350303,0.36448443,0.26201254
685357360,0.35768884,0.38219863,0.26011255
685920182,0.28793174,0.37516546,0.33690277
686334333,0.3148505,0.42132795,0.2638215
686433192,0.38197255,0.35060915,0.26741827
686610718,0.23923136,0.55609167,0.20467702
686712096,0.3191011,0.490799,0.19009994
687035485,0.41679534,0.3348648,0.24833986
687249572,0.47702053,0.30132246,0.22165701
687763970,0.3045192,0.298625,0.3968558
688024009,0.35263547,0.39212108,0.2552435
688046616,0.43467122,0.35425687,0.21107191
688470296,0.30422115,0.44568488,0.250094
688524930,0.35066408,0.45575202,0.1935839
688914374,0.32783878,0.4124264,0.2597348
689032599,0.3830998,0.4112407,0.20565951
689177239,0.26787385,0.5458674,0.18625876
689477032,0.32913947,0.4253894,0.24547109
690003730,0.41844168,0.3534192,0.22813916
690316676,0.33263022,0.45783877,0.20953101
690370631,0.43384963,0.33723366,0.22891667
690421317,0.4286834,0.36737275,0.20394382
690505210,0.4481027,0.345681,0.20621629
690519344,0.43026572,0.3253196,0.24441475
690658220,0.41278315,0.38092643,0.20629042
690666270,0.32955742,0.39660597,0.27383667
691228640,0.34167787,0.42471915,0.23360302
691278699,0.40893316,0.3425905,0.24847634
691832537,0.393777,0.31654948,0.2896735
692153834,0.40862057,0.34289718,0.24848226
692215861,0.40807757,0.3142222,0.27770025
692902357,0.4136815,0.3305991,0.25571936
693383278,0.32253456,0.43390238,0.24356304
693415412,0.3280784,0.34756768,0.324354
693476535,0.38971424,0.35244793,0.2578378
693514725,0.3752218,0.34015518,0.2846231
693521638,0.39124167,0.37847677,0.23028159
693677011,0.36870128,0.37676752,0.25453115
693916620,0.37079832,0.32986993,0.2993318
694637328,0.29853204,0.4427032,0.25876474
694714052,0.42294484,0.33575493,0.2413002
695084326,0.39878696,0.3841571,0.21705598
695257297,0.36967373,0.3803423,0.249984
695283729,0.480742,0.2829919,0.2362661
695320649,0.34405664,0.3595851,0.29635826
695419302,0.38096523,0.36503786,0.25399694
695517017,0.33746278,0.42004234,0.24249491
695689424,0.2760011,0.4520766,0.27192226
695825409,0.54328513,0.23423997,0.2224749
696251115,0.4784525,0.30541825,0.21612921
696376585,0.23909135,0.55677295,0.20413572
696724308,0.45585513,0.3514111,0.19273378
697146759,0.49426293,0.29083794,0.21489914
697161635,0.34155953,0.35438222,0.30405825
698133334,0.31967482,0.41047782,0.2698474
698457338,0.30823356,0.32673025,0.3650362
699150274,0.31245646,0.32058963,0.3669539
699753251,0.4010026,0.41182,0.1871774
699951951,0.39058724,0.3276814,0.28173137
700023380,0.3441373,0.3032104,0.35265225
700535093,0.40934289,0.3552248,0.23543233
700629198,0.32905635,0.46134675,0.20959693
700795059,0.4007186,0.353759,0.24552238
701020433,0.34087634,0.41561368,0.24350998
701309230,0.29651502,0.39325428,0.31023073
701568757,0.30245262,0.5084529,0.18909448
702999944,0.4682721,0.2984336,0.23329431
703237550,0.3662686,0.42237508,0.21135628
704208207,0.3825712,0.33949035,0.27793843
704627286,0.37213165,0.4354266,0.19244179
705016096,0.53933716,0.24510668,0.21555614
705215323,0.40675655,0.37657407,0.21666938
705450354,0.36968112,0.43319708,0.19712177
706103323,0.3721872,0.3880125,0.23980027
706446146,0.39220154,0.32206202,0.28573644
706749237,0.36826167,0.38912547,0.2426129
707087230,0.33563533,0.33906722,0.32529747
708620744,0.33740246,0.27326798,0.38932952
708757878,0.29987636,0.5015231,0.1986005
708830107,0.31694558,0.4266602,0.25639424
708918890,0.36353552,0.3978304,0.23863408
709177055,0.2934823,0.40339786,0.30311984
709455550,0.36753464,0.37520325,0.2572621
709707348,0.36054984,0.30827802,0.33117214
710208778,0.5261105,0.27081838,0.20307115
710813933,0.30141336,0.44787782,0.25070882
712403005,0.38742283,0.37705725,0.23551993
712426283,0.22711763,0.5829643,0.18991807
712703112,0.4407317,0.34471405,0.21455432
712811081,0.41963273,0.36490166,0.21546558
713046232,0.51110405,0.29183042,0.19706562
713848015,0.41683447,0.32669872,0.25646675
713953790,0.35896313,0.35123062,0.2898063
714529344,0.34486228,0.36039484,0.29474285
714639131,0.3599047,0.3801512,0.25994408
714853521,0.25918895,0.5207433,0.22006775
715473879,0.294223,0.48503476,0.22074224
715485928,0.35528016,0.4298231,0.21489674
715656207,0.34903777,0.40078244,0.25017977
715700145,0.3254044,0.46603107,0.2085645
715876036,0.30996108,0.45558035,0.23445857
715947201,0.31986904,0.31867117,0.36145985
716190459,0.37076765,0.39908105,0.23015133
716611868,0.5672153,0.24632037,0.18646434
716694439,0.39884144,0.29387838,0.30728018
716773168,0.41883042,0.3087948,0.27237472
716937349,0.33606207,0.37037796,0.29355997
717059040,0.3932727,0.2652762,0.34145105
717833785,0.39237776,0.38259688,0.22502536
718065131,0.40207022,0.36950284,0.22842693
718343775,0.4925298,0.2949103,0.21255991
718740723,0.2906822,0.46253163,0.24678615
719114088,0.36781338,0.43104595,0.2011407
719815675,0.33811027,0.32702902,0.3348607
719978951,0.3679751,0.35332224,0.2787027
720475614,0.457112,0.29465985,0.2482281
720711081,0.35378468,0.38430092,0.26191443
720816413,0.31525195,0.35864043,0.32610762
720858432,0.3242003,0.32688266,0.34891707
722220978,0.24906948,0.5199623,0.2309682
722492876,0.40718615,0.37801963,0.21479422
722631730,0.2897635,0.5089876,0.20124888
723148978,0.36425567,0.3327207,0.30302364
725230229,0.41153234,0.36701074,0.22145686
725259553,0.40989327,0.35831168,0.23179504
725549458,0.40597293,0.36201483,0.23201226
725721979,0.38697338,0.37263173,0.24039483
726578517,0.52447224,0.2902625,0.18526524
726807517,0.30233127,0.30906665,0.38860208
727133429,0.57477176,0.2585119,0.1667163
727218231,0.27747607,0.27562064,0.44690332
727985794,0.2817175,0.31935644,0.39892608
728539928,0.36123866,0.35620934,0.282552
728995166,0.25527823,0.48617816,0.2585436
729228229,0.4864389,0.31815615,0.19540493
730692063,0.4625209,0.29735222,0.24012688
731091352,0.36109096,0.3852918,0.2536172
732316036,0.3500237,0.42549604,0.22448027
732927293,0.302207,0.39024204,0.30755097
733339602,0.34155303,0.31439188,0.3440551
733590829,0.38795033,0.3613525,0.25069714
734183118,0.27583927,0.44120672,0.28295404
734927393,0.31931013,0.27036756,0.41032237
735611737,0.41566944,0.34589067,0.23843992
736905178,0.32893348,0.46532458,0.20574191
737206377,0.26550958,0.5320579,0.20243248
737499817,0.44290155,0.3031253,0.25397316
738149290,0.3002646,0.38968444,0.310051
738178468,0.30245984,0.30841637,0.3891238
738349593,0.5415631,0.24298552,0.21545142
738656710,0.26546347,0.5110572,0.22347939
739153090,0.25465387,0.5433308,0.20201537
739730379,0.3504464,0.41241682,0.23713684
739807645,0.30140555,0.37395132,0.32464314
739885957,0.35444784,0.4450239,0.20052825
740241160,0.28451818,0.31065065,0.4048311
740452523,0.26489556,0.3200323,0.41507214
741370443,0.3868912,0.39225543,0.2208534
741380032,0.37618482,0.40369636,0.2201188
742817541,0.3664236,0.4121005,0.22147593
743020541,0.36074877,0.323645,0.31560624
743351373,0.3632614,0.2912783,0.34546024
743424175,0.33926544,0.40232423,0.25841033
743759177,0.41731232,0.2817214,0.30096626
744444539,0.6267663,0.19458932,0.17864431
744539723,0.383434,0.3430767,0.27348927
744789458,0.43988222,0.28273684,0.27738094
744819150,0.30592114,0.42697144,0.2671074
744839903,0.45888552,0.34986678,0.1912477
745078528,0.30215728,0.50064665,0.19719607
746443022,0.3307789,0.4106931,0.25852802
746472694,0.400607,0.38877207,0.21062091
746495780,0.58322364,0.22455025,0.19222611
746574881,0.33446586,0.3443906,0.32114354
747265168,0.36366612,0.394193,0.24214083
747548910,0.31136626,0.38105792,0.30757582
748106145,0.29311734,0.49792868,0.20895398
748348445,0.34735554,0.3496542,0.3029902
748564861,0.31367707,0.30986312,0.37645978
748842475,0.3885535,0.39837828,0.21306825
748992431,0.35160613,0.3837381,0.26465577
749971794,0.46181887,0.30194134,0.23623979
750450731,0.265719,0.42013967,0.31414133
750667848,0.28901547,0.47240037,0.23858422
751402170,0.50472116,0.29684168,0.19843712
751685098,0.28881457,0.33716822,0.3740172
752130932,0.41038305,0.3455243,0.24409264
752351384,0.3996606,0.3683576,0.23198181
753308541,0.37665322,0.43005872,0.19328806
753676470,0.347731,0.37470767,0.27756137
753888398,0.383227,0.3040294,0.3127436
754380412,0.33155957,0.36774614,0.3006943
754776878,0.37416765,0.34448662,0.28134575
754883394,0.31451088,0.32138845,0.36410064
755107011,0.23354413,0.5597426,0.20671326
755238036,0.4892437,0.302737,0.20801935
755285341,0.34994823,0.34369028,0.3063615
755328875,0.28926337,0.48895985,0.22177678
755490484,0.35065562,0.3510765,0.29826787
756595278,0.444113,0.3606056,0.1952814
757002710,0.42253506,0.3100455,0.2674194
757140380,0.43576995,0.36436707,0.199863
757846068,0.5119333,0.27899086,0.20907578
758563077,0.36837584,0.22537467,0.4062495
758658243,0.41717598,0.34223342,0.2405906
758719685,0.38915882,0.40936416,0.20147702
759190111,0.4172383,0.37524858,0.20751305
759272988,0.39796346,0.36318555,0.23885092
759306826,0.40271744,0.37868696,0.2185956
759519528,0.39243567,0.37364995,0.2339144
759558017,0.32538986,0.36468822,0.30992192
759584135,0.39086163,0.40258113,0.20655724
759881504,0.3364064,0.39152747,0.2720661
760162560,0.33633697,0.3680816,0.29558143
760678843,0.26630887,0.54992104,0.18377009
761805951,0.32520458,0.31108177,0.36371368
762988289,0.26368222,0.36608312,0.37023467
763339395,0.37520385,0.39096528,0.23383081
763859223,0.29642385,0.42305997,0.2805162
764116996,0.45776752,0.354985,0.18724753
764256488,0.35417634,0.33237082,0.31345284
764269868,0.24503863,0.27096903,0.48399234
764354172,0.540233,0.25105533,0.20871162
764354539,0.28844553,0.46315986,0.24839464
764779521,0.3527945,0.34361058,0.30359495
764869735,0.4502477,0.32420933,0.22554296
765312542,0.25764865,0.25764865,0.4847027
765600193,0.47964817,0.3150936,0.20525825
765621078,0.33026868,0.4119411,0.25779015
766040238,0.40237916,0.3656582,0.23196262
766074403,0.3896742,0.3926519,0.21767391
766090544,0.3492663,0.4312269,0.21950676
766550755,0.2671412,0.37296963,0.3598892
766819456,0.37479907,0.39126825,0.2339327
766830244,0.5044602,0.24374333,0.2517964
766873498,0.2602985,0.50956994,0.23013158
768067027,0.22309577,0.50198823,0.27491602
768910917,0.3837717,0.35922736,0.25700095
768942152,0.37991953,0.3357749,0.28430557
768971012,0.45787248,0.30796373,0.2341638
769066317,0.26630834,0.42829663,0.30539504
770388785,0.35376805,0.40609834,0.24013361
770691890,0.36368716,0.36298084,0.27333197
770751225,0.35252577,0.43091562,0.21655858
770782322,0.3919752,0.330194,0.27783084
771028381,0.26276112,0.5146121,0.2226268
771652314,0.41524866,0.35101044,0.2337409
771752275,0.31408745,0.4523285,0.23358402
771908568,0.26779598,0.56481373,0.16739029
772460499,0.33076936,0.33685434,0.33237624
772678090,0.55967706,0.23080352,0.2095194
773182676,0.29215452,0.50357753,0.20426798
773473882,0.39510274,0.39505145,0.20984581
773567664,0.39866453,0.28545326,0.3158822
774260281,0.2541209,0.5095315,0.2363476
774839504,0.3640638,0.38368803,0.25224814
775064967,0.2307987,0.46903193,0.3001694
775229282,0.39713693,0.339185,0.26367807
775740413,0.45992273,0.31203264,0.22804463
776132911,0.20639676,0.51312315,0.2804801
776221574,0.42398262,0.37538123,0.20063612
776310580,0.31002778,0.26837075,0.42160147
776416778,0.28549188,0.2804452,0.43406296
776659817,0.4660489,0.29855135,0.23539975
776934477,0.38888612,0.38340145,0.22771242
776953737,0.37629142,0.43044478,0.1932638
778358600,0.28922117,0.47302562,0.23775321
778582478,0.28252232,0.2762207,0.441257
778645193,0.41044593,0.384328,0.20522603
779380056,0.38136393,0.37125576,0.24738032
779735334,0.38635546,0.36662078,0.24702382
780175340,0.5743342,0.203053,0.2226128
780413926,0.39761925,0.3620407,0.24034001
780734462,0.4168808,0.36179483,0.22132441
781612237,0.45685664,0.3210646,0.22207882
782176900,0.5587927,0.2504278,0.19077942
782290808,0.3304554,0.4720224,0.19752218
782413639,0.36087435,0.42544144,0.21368423
783603877,0.2387194,0.3448162,0.41646445
783643521,0.34327722,0.4205301,0.23619267
783946411,0.2627085,0.34466875,0.3926228
783979493,0.35449198,0.4032889,0.24221909
785169229,0.41986468,0.36251885,0.21761644
785694881,0.3388865,0.3665554,0.2945581
785969024,0.51418245,0.24166375,0.2441538
785998461,0.29264852,0.40831345,0.299038
786096945,0.38481697,0.40286994,0.2123131
786470528,0.43408066,0.37796164,0.18795767
787207440,0.34322816,0.3452309,0.31154093
787526498,0.30178404,0.38015592,0.31806004
787650497,0.23502047,0.54717654,0.21780297
787830190,0.2800191,0.48060668,0.23937422
787852284,0.39902678,0.37739632,0.22357687
788237136,0.30439013,0.40809178,0.28751808
788541842,0.24534385,0.43973517,0.31492096
789110820,0.53206426,0.2746711,0.1932646
790619322,0.3027876,0.46930596,0.2279064
790819232,0.30056223,0.37387225,0.32556552
791391600,0.46090746,0.2840008,0.25509173
791652646,0.25215662,0.45499653,0.29284692
791704471,0.37848392,0.4044728,0.21704328
791814875,0.40641513,0.37176138,0.22182345
792020262,0.38604486,0.3718961,0.24205905
792709824,0.29248667,0.32550097,0.3820124
792742147,0.33263898,0.31661353,0.35074753
793094814,0.39360225,0.41674748,0.18965027
793774498,0.35595506,0.44004205,0.20400289
793874092,0.24605921,0.55594444,0.19799635
794094095,0.31738764,0.39346346,0.28914893
794215501,0.2716275,0.44548032,0.28289223
796199831,0.3855497,0.41735783,0.19709249
797460234,0.333267,0.3683921,0.29834086
797514164,0.33088186,0.33937383,0.32974428
797700324,0.4063729,0.3312545,0.2623726
798633187,0.2563116,0.31708288,0.42660552
798760358,0.37374258,0.4173798,0.20887762
799410113,0.5513933,0.20858577,0.24002102
799457957,0.31172624,0.27009714,0.41817665
800402964,0.31947666,0.35759386,0.32292944
800443919,0.2971045,0.4696946,0.23320086
800664060,0.3933329,0.28636703,0.32030004
801080975,0.3105815,0.40427548,0.28514302
801081459,0.2896217,0.4663993,0.24397895
801444567,0.462711,0.2892823,0.24800667
801691302,0.44024992,0.29216895,0.26758116
801886888,0.42169905,0.30023304,0.27806795
802684615,0.5182486,0.24406219,0.23768917
802928076,0.4096765,0.37632912,0.21399432
803138128,0.52254593,0.26337367,0.21408042
803295780,0.30666587,0.29610965,0.3972245
803482476,0.2815323,0.5220798,0.19638787
803873442,0.27345058,0.33294564,0.3936038
804786018,0.5064831,0.27641892,0.217098
804886162,0.37781638,0.39942557,0.22275802
805176826,0.25522622,0.5347754,0.20999834
805691012,0.415967,0.29192582,0.29210722
806204236,0.28832763,0.355433,0.35623932
808025704,0.26851988,0.4426685,0.28881162
808127171,0.33578822,0.35034,0.31387177
808176589,0.5218614,0.29916534,0.17897326
808796895,0.310853,0.51013356,0.17901345
809811084,0.4520939,0.3086372,0.23926888
809865371,0.31764254,0.30450732,0.37785015
809879359,0.35707,0.42474258,0.21818742
810224109,0.28646225,0.4869637,0.2265741
810820070,0.37653238,0.38881075,0.23465684
810870247,0.34076917,0.3457623,0.31346852
811059639,0.3899418,0.3773256,0.23273261
811220596,0.3644181,0.32497114,0.31061077
812768940,0.34917212,0.44064888,0.21017899
812788277,0.4382432,0.2641667,0.29759008
812946649,0.32435143,0.4284214,0.24722719
813897782,0.6245612,0.21951821,0.15592062
814296308,0.44370657,0.28167006,0.27462336
814990932,0.24272054,0.5096736,0.24760585
815019451,0.32737488,0.41608477,0.2565404
815196271,0.38966998,0.34632438,0.26400563
815210856,0.340012,0.44492134,0.21506667
815416956,0.43136612,0.29586306,0.27277082
815509038,0.28958756,0.3619153,0.34849712
815665272,0.39411664,0.36504495,0.24083841
815806044,0.32763225,0.38383943,0.28852832
816757861,0.2338247,0.3313409,0.43483433
817021085,0.3831343,0.3274675,0.28939816
817206737,0.34683603,0.26605642,0.38710755
817371705,0.32006532,0.26738405,0.41255063
817484836,0.42173094,0.34053093,0.23773816
817487739,0.30596238,0.38443023,0.3096074
817503840,0.25787243,0.5216482,0.22047934
817839829,0.3805006,0.36315775,0.25634164
818291895,0.33426788,0.25223237,0.41349968
818434771,0.3060438,0.33961076,0.35434547
818443610,0.28445944,0.33893475,0.37660575
819126961,0.39958963,0.26652744,0.33388287
819300485,0.354357,0.23293549,0.41270745
819308821,0.38553578,0.39555883,0.21890545
820390098,0.3001456,0.5021753,0.19767913
820843048,0.24694358,0.521468,0.23158847
821078326,0.37462288,0.37149167,0.25388545
821239139,0.45946836,0.30994228,0.23058936
821421787,0.32332593,0.28529802,0.39137608
821526584,0.40065664,0.41097248,0.18837085
821531369,0.3737433,0.42509764,0.20115909
822233249,0.3639987,0.38757262,0.24842872
822696084,0.44062653,0.30786312,0.25151035
822741216,0.31696248,0.46780714,0.21523038
823019712,0.4587321,0.3208191,0.22044879
823342203,0.42139536,0.37491024,0.20369431
823387172,0.40841293,0.3844049,0.20718223
823698486,0.25629273,0.26662296,0.47708434
823841545,0.38386208,0.29890016,0.3172378
823843297,0.35762733,0.29812396,0.34424868
824047175,0.262073,0.54690045,0.19102654
824539834,0.37875438,0.39128447,0.22996114
825150631,0.38531247,0.35552537,0.25916216
825183241,0.33697087,0.41644007,0.24658903
825281900,0.39399117,0.43141198,0.17459686
826523466,0.42034787,0.38157657,0.19807559
826537098,0.40391907,0.37913993,0.21694098
826608671,0.22425196,0.5567906,0.21895745
826614517,0.41663733,0.38534218,0.1980205
827234731,0.41252548,0.37627497,0.21119949
827267082,0.28995678,0.5120017,0.19804153
827522164,0.38618392,0.36358744,0.25022867
827768907,0.496607,0.26570255,0.23769045
828370198,0.39186513,0.3968423,0.2112925
828451747,0.4126858,0.3894359,0.19787832
828552753,0.34582138,0.3797797,0.2743989
828788900,0.48046374,0.32602865,0.19350761
829090964,0.32849938,0.3538443,0.3176563
829253769,0.34139138,0.4443869,0.21422175
829439298,0.37703803,0.2827416,0.34022033
829476992,0.42947054,0.36783165,0.2026978
830502800,0.5098664,0.25596938,0.23416418
830792770,0.424406,0.33541,0.24018401
831393616,0.38176975,0.41638166,0.20184863
831606558,0.40000325,0.37025705,0.2297397
831831838,0.4139763,0.40667108,0.17935261
833402221,0.31721628,0.43637782,0.24640587
833434773,0.40826985,0.4005987,0.19113147
833583456,0.24771586,0.55018306,0.20210111
833732643,0.45255348,0.3288648,0.21858169
833762488,0.36430383,0.36251485,0.27318126
834652342,0.41601557,0.3123474,0.27163702
835203841,0.35270482,0.40170628,0.24558893
835283389,0.3824526,0.4210847,0.19646265
835335320,0.35896143,0.2943263,0.3467123
835838908,0.45237428,0.3294456,0.21818009
836314882,0.40909225,0.3856957,0.20521209
837127361,0.37560445,0.36932412,0.25507146
837349204,0.5746008,0.22943854,0.19596064
838334889,0.3518647,0.39049518,0.2576401
838378985,0.31787908,0.4637385,0.21838242
838492750,0.3342825,0.28449258,0.381225
839470040,0.33341104,0.38440806,0.2821809
839632601,0.2949745,0.29354584,0.4114797
839744377,0.28828704,0.502575,0.20913798
840122209,0.3931026,0.3772127,0.22968477
840211046,0.24304885,0.5551371,0.20181409
840772223,0.32251918,0.4588705,0.21861029
841063620,0.27862534,0.28915727,0.43221742
841124372,0.3170744,0.3588441,0.32408148
841330805,0.40808588,0.27123713,0.32067698
841366889,0.3587513,0.31679648,0.32445216
841579731,0.33016655,0.34834546,0.32148802
842027995,0.38611424,0.36095294,0.25293288
842154946,0.31529313,0.49115628,0.19355063
842750963,0.29435343,0.5195396,0.18610702
843302039,0.43217373,0.31462866,0.25319758
844106666,0.3845063,0.37342727,0.24206643
844198553,0.41491205,0.3692581,0.21582985
844342438,0.27058083,0.2681092,0.46131
844357310,0.2781585,0.33949375,0.38234776
845045962,0.437454,0.32723415,0.23531184
845234562,0.31169665,0.32134736,0.366956
845881926,0.25087655,0.55857337,0.19055007
846788192,0.3721012,0.3403617,0.28753704
846933738,0.33793724,0.4450998,0.21696296
848018573,0.3735398,0.34139866,0.28506154
850002171,0.48053992,0.29471028,0.22474982
850637179,0.40231317,0.37911287,0.21857394
851001172,0.2750137,0.5403981,0.18458816
851065007,0.36542386,0.35659862,0.27797753
851072737,0.2609082,0.52544457,0.21364725
851589017,0.3308745,0.43661183,0.23251365
851605286,0.25424144,0.56486666,0.18089196
851719010,0.28288037,0.35715127,0.35996836
851749100,0.38886333,0.32437408,0.28676265
852003518,0.23373085,0.23373085,0.53253824
852199251,0.47110346,0.28693897,0.24195758
852714589,0.31769562,0.44736826,0.23493606
853022754,0.2794159,0.46487057,0.25571352
853547727,0.30029798,0.39320618,0.30649582
854022440,0.33763036,0.38842046,0.2739492
854225728,0.49454778,0.31231195,0.19314027
854326728,0.4635617,0.31277823,0.22366011
854418281,0.37616396,0.38090664,0.24292935
854455679,0.37104934,0.40956843,0.2193822
855087394,0.35090297,0.28069276,0.3684043
856286322,0.36651877,0.37403733,0.25944388
856600669,0.3305822,0.37346,0.29595774
857021576,0.38628575,0.30331045,0.31040376
857441741,0.38063014,0.32462668,0.29474315
857543988,0.40957564,0.28288412,0.3075402
858258880,0.348472,0.4201737,0.2313543
858278305,0.42235434,0.33753753,0.24010815
858353770,0.34731328,0.42652267,0.22616401
858371628,0.31420627,0.26838243,0.41741133
859177449,0.21338323,0.41360334,0.37301338
859430593,0.28593186,0.52308834,0.19097978
859669938,0.3972339,0.36988115,0.23288494
859746290,0.38433117,0.41581824,0.19985054
859758214,0.35279924,0.4048011,0.24239963
860374604,0.390436,0.39546397,0.21410002
860477628,0.23073657,0.5151609,0.25410253
860670411,0.37438715,0.36809066,0.25752223
860935837,0.3022374,0.38753068,0.31023198
861337735,0.4992561,0.2929527,0.20779125
861507153,0.49473464,0.30925226,0.19601312
861935708,0.33685276,0.3874186,0.27572864
862065873,0.404835,0.39652804,0.19863696
862108165,0.4043743,0.34450203,0.25112367
862660514,0.3795711,0.41646358,0.20396534
862875060,0.4677421,0.31957173,0.21268618
864374983,0.3649619,0.3655648,0.26947328
864816957,0.29758942,0.3094713,0.39293927
865433271,0.40772724,0.35490292,0.23736979
865809550,0.34653044,0.4230311,0.23043841
865944940,0.39344108,0.41576844,0.19079044
866070223,0.36133194,0.40834123,0.23032685
866140390,0.3411358,0.38344735,0.27541688
866258426,0.41235584,0.3516208,0.23602337
866790815,0.30955234,0.24737039,0.44307727
867270727,0.37733757,0.37733757,0.24532485
867314448,0.3799709,0.33866286,0.28136623
867505618,0.41243953,0.366773,0.22078747
870988150,0.38862008,0.39177117,0.21960866
871382642,0.42681637,0.3540219,0.21916173
871497817,0.37079704,0.43278864,0.19641423
871687920,0.34178066,0.38408938,0.27413
872325780,0.49376225,0.2713023,0.23493542
872659329,0.26115656,0.34174696,0.3970965
872856846,0.3030922,0.49606574,0.20084208
873039174,0.37652886,0.4095052,0.21396592
873040714,0.24958786,0.53711563,0.21329646
873259959,0.27655703,0.51393265,0.20951033
873636186,0.4426046,0.28002298,0.2773724
873967339,0.3109014,0.47348166,0.21561691
874211655,0.5419659,0.28173432,0.17629978
875607354,0.36513263,0.3490578,0.28580964
876102795,0.4802602,0.2856229,0.23411693
876358652,0.314125,0.43573034,0.25014466
876371319,0.3668905,0.43167955,0.20142996
876477981,0.3240143,0.34648168,0.329504
876758385,0.28781515,0.49125752,0.22092733
877126237,0.42174262,0.32934433,0.24891308
877395387,0.30404747,0.4589298,0.23702273
877545315,0.3124212,0.46130478,0.22627403
877553937,0.3803481,0.38369036,0.23596156
877705100,0.32442015,0.31069982,0.36488003
878379654,0.3268143,0.4399171,0.23326865
878569358,0.22458416,0.23382229,0.54159355
879048262,0.41449904,0.35927057,0.22623038
879067741,0.3967648,0.34335953,0.25987566
879627539,0.3540271,0.37119755,0.27477536
880994529,0.27045107,0.27748388,0.45206505
881143593,0.37537277,0.40689152,0.21773574
882126534,0.47448915,0.29743862,0.22807224
882543203,0.29887554,0.28490233,0.41622213
882831280,0.3479339,0.39076406,0.26130205
883072375,0.51224035,0.24963412,0.23812553
883466603,0.27868894,0.4206019,0.3007092
883695433,0.3949626,0.26027,0.34476742
883908522,0.40923887,0.339687,0.25107414
883995931,0.2793428,0.25539833,0.46525887
884413049,0.45766515,0.3447004,0.19763446
885178488,0.28750944,0.40133435,0.3111562
885466397,0.3317994,0.45096698,0.2172336
886518561,0.5019478,0.28979418,0.20825802
886797360,0.37040836,0.3179736,0.311618
887113647,0.3217223,0.42171836,0.25655937
888225337,0.2840242,0.51038176,0.205594
888251561,0.50510144,0.2684692,0.22642937
888252459,0.4468465,0.32645413,0.22669938
888604815,0.50989854,0.25983846,0.230263
889279049,0.4007215,0.30904388,0.29023463
889608513,0.36127758,0.39822707,0.24049534
889733405,0.40792987,0.38236642,0.2097037
889751871,0.2906,0.27373365,0.43566638
890246468,0.41128105,0.35718247,0.23153651
890250445,0.33203954,0.3802658,0.28769463
890505293,0.32849264,0.38188374,0.28962362
891981980,0.46629226,0.32231766,0.2113901
892015174,0.294374,0.30463964,0.40098637
892222532,0.32308066,0.4182756,0.25864375
892291855,0.45080236,0.31637025,0.23282738
892310569,0.22313672,0.491495,0.28536826
892865083,0.42659217,0.3261791,0.24722877
892931258,0.43807906,0.33426073,0.22766027
893240332,0.3426429,0.3853525,0.2720046
893883238,0.2968563,0.46163428,0.24150947
894290765,0.3026787,0.37091523,0.32640606
894371884,0.5503316,0.2604463,0.18922213
894821898,0.5005968,0.26705372,0.23234949
895330001,0.38239977,0.38087788,0.23672238
895997032,0.39785242,0.3874738,0.21467376
896096410,0.3980844,0.29516795,0.30674765
896922395,0.45539427,0.34891135,0.19569439
897292130,0.37037718,0.29242867,0.33719414
897528409,0.3205589,0.43421978,0.2452213
897913915,0.42031935,0.37872538,0.20095524
898248494,0.31327108,0.35537362,0.33135527
898836625,0.38123107,0.32738715,0.2913818
899223947,0.24231964,0.3158058,0.44187456
899400332,0.33117294,0.356031,0.31279612
899487040,0.26317617,0.516029,0.22079489
899514326,0.32671964,0.45237088,0.2209095
899688194,0.38143098,0.316517,0.30205202
900642891,0.38758677,0.38091654,0.23149669
900994437,0.3410223,0.3527798,0.30619788
901189673,0.302894,0.2591515,0.43795452
901514446,0.23328081,0.594458,0.17226124
901982454,0.39839578,0.39575624,0.20584798
902178791,0.3921849,0.37764806,0.23016703
902224767,0.3545888,0.37931105,0.2661001
902635791,0.32918105,0.338071,0.332748
903918189,0.46385795,0.3392235,0.19691855
904000376,0.29573467,0.29157767,0.41268766
904051836,0.47563034,0.2781273,0.2462423
904622446,0.26998952,0.47254062,0.25746983
904671441,0.4116266,0.32027084,0.26810256
905205030,0.37750572,0.33691537,0.28557894
905232887,0.40651134,0.3394788,0.25400987
905343696,0.3004064,0.47176662,0.227827
905374066,0.42367107,0.33836704,0.23796189
905428145,0.5328131,0.25144434,0.21574259
907061873,0.3571558,0.34378874,0.2990555
907922754,0.3909077,0.304601,0.30449122
907997616,0.49936503,0.30254075,0.19809422
908107426,0.28688216,0.30346256,0.40965524
908665974,0.32632038,0.4698195,0.20386013
908828372,0.25377902,0.32629067,0.41993034
909022093,0.25838685,0.5776577,0.16395551
909281307,0.3554702,0.3819741,0.26255563
909525288,0.34483427,0.38859347,0.26657224
910032628,0.35286993,0.41892302,0.22820713
910638239,0.4586874,0.2711136,0.270199
911568909,0.30301642,0.37611598,0.32086766
911817684,0.34555846,0.4415416,0.21289995
911867258,0.35733324,0.37233323,0.27033347
912172771,0.31662703,0.24388477,0.43948817
912327973,0.30897975,0.3885973,0.30242297
912548453,0.20326647,0.55340654,0.24332696
912848624,0.4087488,0.40133262,0.18991861
912891754,0.39023644,0.39605176,0.21371175
913031530,0.38541192,0.362109,0.25247908
913132826,0.36931884,0.39226842,0.2384127
913396375,0.3397247,0.3975226,0.2627527
913734969,0.48615932,0.27432153,0.23951918
913884061,0.38538355,0.24351618,0.37110025
914317543,0.3480932,0.4191009,0.23280588
914412423,0.47732723,0.2755588,0.24711397
914859413,0.40797603,0.36707485,0.22494914
914992039,0.30763462,0.31668603,0.3756794
915169569,0.36743587,0.37518942,0.2573747
915322641,0.38957512,0.36342353,0.2470014
915603318,0.3928802,0.22059992,0.38651988
917269465,0.29587904,0.4001089,0.30401212
917301882,0.3615579,0.44350892,0.19493319
917406825,0.29544324,0.48282003,0.22173674
917849665,0.38450128,0.30153525,0.31396344
919232214,0.40720516,0.34923252,0.24356231
920362970,0.3949233,0.43265396,0.17242274
920441030,0.5251348,0.25006455,0.22480065
920569651,0.3356743,0.4759162,0.18840946
920821760,0.43372217,0.3438388,0.22243905
921103132,0.32303298,0.39443785,0.28252918
921198118,0.33230263,0.29145914,0.37623823
921221188,0.26442948,0.48778415,0.24778639
921693506,0.29391956,0.4819385,0.22414193
921785557,0.46259844,0.32375777,0.21364377
921884512,0.35138687,0.32224995,0.32636315
922466919,0.26936916,0.53321815,0.19741273
922800275,0.25531077,0.4794374,0.26525182
923123111,0.31663668,0.2601498,0.42321348
923155121,0.23658124,0.23323962,0.53017914
923385770,0.27487117,0.5225786,0.20255032
923528656,0.42480147,0.25657243,0.31862608
923772707,0.32689756,0.32590362,0.34719884
923935967,0.37516686,0.4098289,0.21500424
924580071,0.2640575,0.55595756,0.17998494
924977659,0.36201984,0.30667743,0.33130276
925127046,0.3002845,0.31654397,0.38317153
925617004,0.4011494,0.39810395,0.20074667
926289677,0.40953404,0.33094817,0.25951788
927304238,0.49339387,0.2631454,0.24346077
927596626,0.32791054,0.39152798,0.28056148
928188956,0.28316587,0.40670553,0.31012863
929345085,0.35872543,0.3628426,0.278432
929651068,0.5076815,0.27512997,0.2171885
929819909,0.41107878,0.33658075,0.2523405
929825941,0.30672514,0.44152045,0.25175446
930248217,0.29229873,0.33401078,0.3736905
930757691,0.4352445,0.31296942,0.25178608
931086381,0.3887575,0.3851905,0.22605202
931630377,0.29931164,0.51252526,0.1881631
931810172,0.33053038,0.28499645,0.3844732
931848160,0.29995,0.36108953,0.3389605
932389744,0.38494027,0.3436178,0.27144197
932536688,0.46796477,0.2986317,0.23340353
933073618,0.43182096,0.30900168,0.2591774
933204184,0.49122024,0.26420176,0.24457797
934506327,0.29114988,0.47191745,0.23693267
934894168,0.36333773,0.37646657,0.26019567
935594719,0.31007892,0.26162058,0.4283005
935821298,0.32377636,0.41873473,0.25748888
935860386,0.41912043,0.2485455,0.3323341
936275611,0.39538732,0.3906759,0.21393679
936330843,0.26271966,0.37203434,0.365246
936972715,0.3810419,0.40649477,0.21246336
937063596,0.4343735,0.32964832,0.23597819
937175206,0.41052592,0.28704295,0.3024311
937235946,0.48842,0.24210201,0.26947793
939611764,0.32048738,0.33342695,0.34608573
940135903,0.28276175,0.21027169,0.5069666
940938532,0.443838,0.31027102,0.24589099
941000516,0.39270845,0.4163435,0.19094801
941005443,0.3475075,0.43810374,0.21438879
941438574,0.37578392,0.33434772,0.28986832
941665659,0.37988704,0.38181943,0.23829356
941884234,0.36204582,0.38910756,0.2488466
942189778,0.3604852,0.4307565,0.20875826
942386460,0.39223456,0.27576393,0.33200148
942471702,0.49964663,0.31669325,0.18366012
942978371,0.4062283,0.31321955,0.28055218
943256316,0.44593912,0.31385887,0.24020196
944035705,0.29534453,0.33707905,0.3675764
944598993,0.34134328,0.44465634,0.21400039
945035384,0.2821548,0.27464482,0.44320035
945406506,0.26704356,0.37317896,0.3597775
945585141,0.29317567,0.5087937,0.19803065
945627944,0.4392724,0.3057289,0.25499868
946182447,0.4150293,0.39307702,0.19189365
947136912,0.29595053,0.4788245,0.22522497
947317045,0.36973614,0.37745064,0.25281322
947874553,0.38662064,0.41581088,0.19756845
947925885,0.37505937,0.38222206,0.24271855
948962480,0.3860225,0.4240675,0.18990996
949039932,0.25760466,0.5038034,0.23859195
949372732,0.3830518,0.3327431,0.28420502
949697978,0.3513474,0.3108828,0.3377698
949808696,0.39396423,0.39460504,0.21143076
949860635,0.45509207,0.31938922,0.22551873
950127696,0.49521795,0.27479714,0.22998491
950469265,0.25905168,0.5187943,0.22215402
950723867,0.43958548,0.30430567,0.25610888
950933203,0.27966437,0.48745197,0.23288363
951116656,0.61375296,0.19605929,0.19018775
952306911,0.30621386,0.41223067,0.28155547
953251314,0.36863405,0.33497095,0.296395
953716808,0.37413716,0.368928,0.25693488
954533987,0.3324003,0.31983477,0.3477649
954833885,0.46983737,0.3338915,0.19627109
954968528,0.38931477,0.37977964,0.23090562
954976000,0.37288874,0.4109258,0.21618545
955268483,0.40314847,0.39680934,0.20004219
955650665,0.27881205,0.31992704,0.4012609
956008770,0.32242817,0.4517805,0.22579136
956019169,0.33667654,0.4616151,0.2017084
957524297,0.34892994,0.36244497,0.28862512
957785430,0.38760117,0.40288293,0.20951584
957802247,0.3323294,0.32176822,0.34590244
957929687,0.44339985,0.33350405,0.22309616
958570456,0.40022242,0.35798356,0.24179402
958711853,0.5059017,0.31551605,0.17858225
959074564,0.4323646,0.34363902,0.22399637
959187404,0.34868467,0.39183244,0.25948295
959568291,0.59407586,0.23078974,0.17513439
960006781,0.4794854,0.3146243,0.20589025
960696121,0.31130588,0.39926487,0.28942925
961264892,0.27113056,0.48919204,0.23967743
961413113,0.42283562,0.35908538,0.21807902
961766952,0.34228796,0.369541,0.28817105
961906008,0.39236215,0.38433444,0.2233034
962005375,0.24807459,0.4868611,0.2650643
962170524,0.31542343,0.44639617,0.23818043
963219452,0.45280385,0.3195136,0.22768259
963311459,0.44697896,0.2990712,0.2539499
963479207,0.41470832,0.37242967,0.21286201
963483482,0.30424726,0.3032906,0.39246213
963488465,0.24966532,0.5400241,0.21031058
963552915,0.36734265,0.44737566,0.18528171
964012812,0.36347455,0.40299928,0.23352617
964178788,0.5113119,0.2935046,0.19518355
964277377,0.29631558,0.48218763,0.22149678
965818969,0.44075042,0.37533736,0.18391226
966369830,0.30610907,0.31615198,0.37773895
967677590,0.41670603,0.33493918,0.24835478
968261821,0.38423526,0.25820035,0.3575644
968556225,0.36493927,0.40307933,0.23198135
968690820,0.33656672,0.33611465,0.3273186
969687775,0.41849536,0.3397713,0.24173334
969812789,0.3672891,0.39385414,0.23885672
971011552,0.2905864,0.46118632,0.24822727
971128341,0.32077342,0.3980816,0.28114498
971209093,0.35155606,0.36035582,0.28808814
971256776,0.2501906,0.4265737,0.3232357
971497398,0.39768335,0.34994566,0.25237098
972210396,0.34987992,0.35751554,0.29260457
972698828,0.39498383,0.36349076,0.24152546
972870286,0.32909942,0.4565038,0.2143968
973196527,0.42659104,0.3588677,0.21454126
974667002,0.3738995,0.41964114,0.20645937
974796495,0.38505954,0.4025023,0.21243814
975175408,0.3261415,0.44367197,0.23018652
975417099,0.28512344,0.4952437,0.21963286
976072361,0.27258018,0.51809525,0.20932451
976472526,0.35753953,0.38921887,0.2532416
976529885,0.3713485,0.3749957,0.2536558
976584716,0.5253298,0.26118538,0.21348482
976774641,0.28049964,0.48887175,0.23062858
977918327,0.33480957,0.3108369,0.3543535
978352291,0.3282757,0.46961313,0.20211115
979154904,0.2737318,0.45193332,0.27433488
979329321,0.32226986,0.31068468,0.36704546
979752306,0.45078003,0.31829774,0.23092218
979830958,0.39940858,0.28190082,0.31869063
980158497,0.28313035,0.38953522,0.3273344
980386233,0.22514886,0.59692323,0.17792794
981371172,0.3549173,0.34163064,0.30345201
981564533,0.47034052,0.30295616,0.22670327
982603280,0.43547666,0.30950898,0.25501433
983474312,0.30835778,0.27323815,0.41840407
983650951,0.47670794,0.31982028,0.20347175
983805862,0.42063957,0.3763838,0.2029766
984707357,0.35448384,0.44872436,0.19679186
984848010,0.4170614,0.32401323,0.2589254
984909294,0.4007079,0.38373038,0.21556169
985091616,0.52581877,0.26733178,0.20684943
985120526,0.38022465,0.37289512,0.24688026
985447146,0.19683373,0.48137456,0.32179168
985493041,0.32091397,0.39164722,0.2874388
985712970,0.48101586,0.3259877,0.19299638
985854568,0.29419005,0.30361074,0.4021992
986800068,0.5986763,0.22108127,0.18024239
987736117,0.35120595,0.3214842,0.3273099
988246925,0.34166694,0.3288173,0.32951576
989498582,0.36369273,0.44922143,0.18708585
989610671,0.25450504,0.5923417,0.15315324
989621702,0.32454598,0.45220208,0.22325194
989783364,0.40844053,0.3812844,0.21027511
990537614,0.4928792,0.2736048,0.23351598
990713269,0.36754453,0.40217775,0.23027766
990889410,0.38942182,0.36092433,0.2496539
991391027,0.24625286,0.5160821,0.23766495
991772272,0.3772267,0.39552134,0.22725195
992266303,0.3966465,0.42145455,0.18189897
992897032,0.2965456,0.29882586,0.40462852
993695710,0.31117463,0.39377016,0.29505524
994172956,0.3772645,0.34078485,0.2819507
994231117,0.3758763,0.35684007,0.26728362
994473540,0.25308073,0.56167847,0.18524079
994685325,0.25753266,0.5587475,0.18371986
995126898,0.41164714,0.32120368,0.2671492
995572241,0.40574342,0.36299205,0.2312645
996391050,0.28989232,0.31226528,0.3978424
996864778,0.29605567,0.50809056,0.19585383
997093357,0.3958792,0.34544605,0.2586748
997098238,0.3560546,0.3332836,0.31066176
997386922,0.2496252,0.5578942,0.19248065
997808305,0.31558424,0.33919442,0.34522134
997860319,0.40310544,0.3646629,0.23223165
997867639,0.30614948,0.35188872,0.3419618
997869328,0.37057778,0.34035194,0.2890703
997979165,0.33559698,0.40842247,0.25598055
998132483,0.39209116,0.3619298,0.24597901
998282721,0.5007492,0.30240768,0.19684312
998353359,0.47152972,0.266993,0.26147726
998686891,0.3726042,0.36223722,0.2651586
998998834,0.2330292,0.404199,0.3627718
999171744,0.34462923,0.39911115,0.25625962
999241997,0.42131728,0.25738567,0.32129705
1000129086,0.45614183,0.29486287,0.24899526
1000701773,0.40714356,0.38096556,0.21189083
1001235683,0.3548567,0.34054726,0.304596
1001332344,0.34676713,0.3659736,0.28725925
1001605950,0.39049235,0.35213032,0.2573774
1001609340,0.37191892,0.38619858,0.2418825
1002017720,0.2825868,0.39242852,0.3249847
1002312183,0.3064881,0.47646084,0.21705103
1002345279,0.33469307,0.364565,0.30074185
1002432199,0.4182134,0.35602188,0.2257647
1002552879,0.3455926,0.34536242,0.309045
1002743294,0.362136,0.33755797,0.30030602
1002801391,0.37672997,0.3952969,0.22797312
1003387617,0.32072815,0.31252837,0.36674348
1003928472,0.32103673,0.41427052,0.26469278
1004685288,0.28716543,0.5350411,0.17779352
1004950655,0.32732505,0.40958166,0.2630933
1005052532,0.3426305,0.44580173,0.21156776
1005530806,0.37296662,0.32073635,0.306297
1005603618,0.21654347,0.52612257,0.257334
1006013031,0.28948987,0.4370057,0.2735044
1006213851,0.30784318,0.44215697,0.24999982
1006793932,0.34582955,0.3622883,0.29188216
1007050156,0.29646063,0.3337545,0.3697849
1007296245,0.36295804,0.35537273,0.28166926
1007551834,0.42537677,0.34597105,0.22865222
1007783118,0.42010283,0.3673507,0.21254644
1008581559,0.3033712,0.40747768,0.28915116
1008783089,0.38387126,0.42343006,0.19269869
1008786078,0.29255632,0.33978644,0.3676572
1008964329,0.38403118,0.39261776,0.22335108
1009777220,0.33545026,0.4206416,0.24390814
1009961222,0.5193066,0.27077952,0.20991388
1011326643,0.28814054,0.47067344,0.24118602
1011529220,0.27131182,0.47459453,0.2540936
1011816447,0.3076511,0.42162615,0.27072275
1012132082,0.34793478,0.36792865,0.28413653
1012621908,0.43961003,0.27693275,0.28345722
1012843597,0.2569576,0.56391054,0.17913187
1013083162,0.27855664,0.4720166,0.24942675
1013096227,0.23001839,0.58983314,0.1801485
1013604300,0.33097804,0.3129691,0.35605288
1014073708,0.26662403,0.50287855,0.23049745
1014500486,0.34212828,0.33285758,0.32501417
1014693433,0.3177135,0.24920586,0.43308064
1015435480,0.48093146,0.31468797,0.20438057
1015575365,0.33492905,0.32561824,0.3394527
1015952172,0.3124593,0.40703067,0.28051007
1016311718,0.34707335,0.41592047,0.23700619
1017356570,0.24467301,0.4673524,0.2879746
1018074565,0.35190025,0.34236765,0.30573207
1018142780,0.2803768,0.5031382,0.21648505
1018759739,0.26672497,0.5198702,0.21340479
1018861381,0.37270284,0.40690178,0.22039542
1018973602,0.22480431,0.5688559,0.2063398
1019660590,0.4155667,0.3520239,0.23240939
1020104198,0.40942675,0.26778936,0.32278386
1020718743,0.28056824,0.42097285,0.29845887
1020890282,0.42149562,0.3646031,0.21390124
1021093067,0.33469376,0.31111884,0.35418737
1021263791,0.48008913,0.3477823,0.17212859
1021359092,0.3454206,0.40577912,0.24880028
1021573994,0.36607745,0.3868609,0.24706164
1022694062,0.38321328,0.36841792,0.24836883
1022868025,0.46311033,0.2917887,0.24510099
1023137173,0.28369793,0.4634117,0.25289035
1024036896,0.39594638,0.35306168,0.25099197
1024069530,0.21207416,0.51420003,0.27372584
1024348753,0.2852647,0.29981738,0.4149179
1024366069,0.6187463,0.20661646,0.17463729
1024440119,0.3603729,0.37426534,0.26536173
1025054830,0.4064375,0.3596956,0.2338669
1025191679,0.37513837,0.29597276,0.3288889
1025315207,0.30813843,0.47494537,0.21691617
1025381952,0.40146363,0.36218387,0.23635247
1025419258,0.33387715,0.33586034,0.33026248
1025634475,0.29316828,0.3541295,0.35270223
1026089560,0.43333352,0.35026076,0.21640566
1026269845,0.29928094,0.32098168,0.37973744
1026475605,0.5129206,0.31892517,0.16815418
1026547764,0.35030982,0.4301673,0.21952292
1026775188,0.48761088,0.2797041,0.23268506
1027054296,0.42691886,0.35319048,0.21989062
1027173389,0.38292056,0.36388958,0.25318983
1027249141,0.24422315,0.49052525,0.26525164
1028180870,0.42539066,0.3344347,0.24017462
1028414366,0.44131863,0.35826525,0.20041615
1028469611,0.29288083,0.3335634,0.37355572
1030181920,0.41936296,0.3700413,0.21059567
1030429817,0.39031944,0.3855752,0.22410536
1031674831,0.3253749,0.4204246,0.25420052
1032105893,0.29485327,0.31472522,0.3904215
1032322883,0.40501386,0.36490494,0.23008123
1033617830,0.49860138,0.2874248,0.21397379
1034636626,0.44437858,0.28573897,0.26988244
1034696560,0.53362644,0.2395468,0.22682679
1035264829,0.23281087,0.34712446,0.42006463
1035597500,0.27332827,0.45973793,0.2669338
1035850439,0.39300206,0.3549332,0.2520647
1036760042,0.3693175,0.26001376,0.3706687
1036929022,0.50179625,0.2616243,0.23657945
1037708422,0.25702602,0.35406,0.38891396
1038599517,0.5109554,0.28781313,0.20123142
1039091831,0.4056995,0.35537073,0.23892978
1039226335,0.29274166,0.45566142,0.25159696
1039606159,0.34573895,0.376808,0.27745306
1040449302,0.32680124,0.2926161,0.3805827
1041246961,0.31352067,0.37029117,0.31618816
1041660855,0.360744,0.29663098,0.34262502
1041919245,0.34697002,0.3985371,0.25449288
1042488088,0.38178158,0.4187426,0.19947578
1042540328,0.30015552,0.4623813,0.23746318
1042801462,0.34094113,0.33381367,0.3252452
1042894619,0.38303876,0.40571114,0.2112501
1042945670,0.32034117,0.37830633,0.30135244
1043494145,0.32816982,0.416048,0.2557822
1044098161,0.41484118,0.3421216,0.24303722
1044514765,0.48922107,0.27970004,0.23107886
1044913871,0.29186046,0.44680732,0.2613322
1045045335,0.37162468,0.3189475,0.3094278
1045406145,0.37002897,0.3587754,0.27119556
1045429879,0.34276086,0.36628786,0.29095128
1045443401,0.25351214,0.2610564,0.48543143
1046097436,0.33968773,0.42947835,0.23083392
1046161908,0.39589092,0.35765648,0.24645257
1046455673,0.29317063,0.5155847,0.19124469
1046999073,0.3294591,0.28523678,0.38530415
1047037196,0.38737547,0.34638733,0.2662372
1047871080,0.44114345,0.2462357,0.31262088
1048240144,0.46867314,0.27155676,0.25977013
1048416476,0.40812752,0.3748565,0.21701595
1048522175,0.35018808,0.3832799,0.26653203
1049189282,0.3383245,0.4298573,0.23181818
1049221843,0.39641398,0.3924951,0.21109095
1049395726,0.43139386,0.30161518,0.26699096
1049890411,0.39468068,0.41830206,0.18701725
1049957423,0.34893447,0.42388457,0.22718093
1050602601,0.37003186,0.34321383,0.28675428
1050930882,0.2913002,0.49783087,0.21086892
1052547805,0.3774068,0.37696874,0.24562444
1052649456,0.44310343,0.3278093,0.22908726
1052748526,0.37966996,0.3754745,0.24485554
1053386946,0.6165477,0.19028619,0.1931661
1053529613,0.26620626,0.38307887,0.35071486
1053849827,0.34490836,0.2285648,0.42652678
1056584066,0.2533142,0.48338044,0.26330543
1056702139,0.40951723,0.36170256,0.22878024
1056864848,0.40946656,0.29260224,0.29793116
1057106077,0.27397293,0.5075276,0.21849945
1057171877,0.38717294,0.38176256,0.23106447
1058455108,0.3075986,0.38151684,0.31088457
1059189325,0.29222164,0.4329465,0.27483183
1059326772,0.2514646,0.4011389,0.34739646
1059342655,0.45321345,0.29338777,0.2533988
1059501772,0.29358757,0.29358757,0.41282484
1059555038,0.28817692,0.3843957,0.32742733
1059748591,0.32032526,0.44938296,0.23029184
1059783421,0.3770883,0.38445023,0.23846146
1060139302,0.34858394,0.41204062,0.23937547
1061118670,0.54236764,0.26765224,0.18998009
1061697319,0.2514272,0.5151764,0.23339638
1061807083,0.44371897,0.35603732,0.20024377
1062343374,0.33909065,0.39825422,0.2626551
1062424318,0.29119563,0.40348923,0.30531514
1062543310,0.30289972,0.5005806,0.19651973
1062682806,0.31498885,0.45963237,0.22537872
1062781122,0.34632292,0.40886497,0.24481207
1063295392,0.52052104,0.2838966,0.19558233
1063956769,0.34806138,0.43845332,0.2134853
1064142386,0.37105173,0.38521934,0.2437289
1064370444,0.37805402,0.40776616,0.21417989
1064580973,0.37947428,0.3023415,0.31818423
1064759989,0.36499676,0.39899254,0.23601073
1065596750,0.48663935,0.2883147,0.22504595
1065680884,0.2948482,0.4744904,0.2306614
1066415672,0.42761245,0.2784829,0.29390463
1067364971,0.3358804,0.3436271,0.32049248
1067885218,0.37749964,0.42504144,0.19745891
1068102483,0.3386457,0.3861741,0.27518016
1068483689,0.3517624,0.27633345,0.3719041
1068995203,0.40233618,0.3286233,0.26904052
1069162425,0.28996393,0.48753446,0.2225016
1069470032,0.40113226,0.34751168,0.251356
1069711378,0.44005972,0.30414593,0.25579435
1069762370,0.4555697,0.23163798,0.3127923
1070352254,0.381083,0.3649549,0.25396207
1070671199,0.27137268,0.5386089,0.1900184
1070975634,0.34818727,0.429177,0.22263576
1071634176,0.33691025,0.38062018,0.28246957
1071786217,0.22645801,0.30804992,0.465492
1072034153,0.30770743,0.41815156,0.27414095
1072274986,0.52097654,0.27878392,0.20023951
1072334554,0.378154,0.37854913,0.24329686
1072836148,0.29017684,0.37748426,0.33233887
1072948919,0.47702968,0.31344283,0.20952746
1073146430,0.31247672,0.42552364,0.26199958
1074159459,0.32804877,0.4124838,0.25946742
1074904457,0.30253953,0.3622979,0.33516252
1075318377,0.28558743,0.47092965,0.2434829
1076072050,0.3952552,0.2484574,0.3562874
1076462009,0.34270462,0.3597789,0.29751647
1077685949,0.41480535,0.3465991,0.2385955
1077699037,0.3411587,0.33973533,0.31910598
1078380199,0.32652426,0.45261735,0.22085837
1078615141,0.3436576,0.4305775,0.22576489
1080067376,0.32305592,0.45405623,0.22288786
1080321209,0.33811396,0.42991996,0.2319661
1080332186,0.38651007,0.37272906,0.24076095
1080817829,0.3622628,0.41851223,0.21922493
1080829598,0.4161654,0.38141668,0.20241788
1081011217,0.40692434,0.39025953,0.20281613
1081576616,0.37681848,0.3567202,0.2664613
1081591575,0.35269284,0.3425032,0.3048039
1081831812,0.34733802,0.47217077,0.18049124
1082205391,0.293612,0.3737674,0.33262056
1082246272,0.37279984,0.38801745,0.23918271
1082472635,0.40062597,0.33914685,0.26022714
1082876594,0.31059656,0.36219338,0.3272101
1083165670,0.36451238,0.3695498,0.26593775
1083540801,0.6346046,0.20497565,0.16041976
1083860601,0.38375607,0.44089967,0.1753443
1085346927,0.28631002,0.5226717,0.19101824
1085736964,0.36476952,0.4080246,0.2272059
1085887606,0.37072244,0.37533975,0.25393784
1086059074,0.24928433,0.54712224,0.20359346
1087993124,0.5040139,0.28668112,0.20930496
1088285494,0.27576485,0.3089227,0.4153124
1088792429,0.3104214,0.34771532,0.34186324
1088900423,0.39290297,0.3726231,0.23447391
1089103204,0.5654638,0.23338342,0.20115279
1090217080,0.3763153,0.4064923,0.21719244
1090410637,0.39514476,0.4022764,0.20257881
1090495621,0.304335,0.4223888,0.2732762
1090703865,0.33426785,0.42327115,0.24246097
1090771855,0.3331713,0.41535068,0.25147808
1090821755,0.48529202,0.27978376,0.2349242
1090834086,0.31318438,0.504057,0.18275857
1091179212,0.41158134,0.3564868,0.23193184
1093496646,0.3403348,0.34842342,0.31124175
1093882970,0.3365487,0.19957826,0.46387312
1094234259,0.5064971,0.2502725,0.2432304
1094364731,0.33078492,0.35311383,0.31610122
1095016000,0.24924046,0.4113211,0.33943844
1095252334,0.38874948,0.37068757,0.24056293
1095327260,0.37681815,0.36518037,0.25800148
1096612870,0.42942122,0.41171408,0.1588647
1096649247,0.3801813,0.3962982,0.2235205
1096801175,0.2875501,0.31745785,0.394992
1097262615,0.42061043,0.35049474,0.22889489
1098107445,0.2954972,0.31463945,0.38986334
1098631121,0.3881989,0.3382939,0.2735072
1098891578,0.34638232,0.3572904,0.29632723
1099158159,0.269949,0.27161545,0.45843557
1099205069,0.5381321,0.26047367,0.20139432
1099849473,0.51133025,0.276932,0.21173775
1099885806,0.30914962,0.39704847,0.2938019
1100020186,0.44680303,0.2703959,0.2828011
1100033982,0.40880924,0.41131216,0.17987855
1100070084,0.3015299,0.43303522,0.26543486
1100240159,0.37931114,0.368437,0.25225186
1100400444,0.39673376,0.36688024,0.236386
1100762308,0.42863613,0.33881634,0.23254755
1101032448,0.31321564,0.48680246,0.19998188
1101744256,0.4268494,0.34403843,0.22911215
1101813702,0.33162102,0.39548266,0.27289635
1101913075,0.275789,0.332469,0.39174208
1102189973,0.40748847,0.36276942,0.22974214
1102514811,0.5189137,0.24270585,0.23838049
1102617130,0.42992246,0.36467677,0.2054008
1102840127,0.30784726,0.44452733,0.24762541
1103111298,0.34956956,0.35032848,0.30010194
1103220015,0.39588955,0.29392087,0.31018957
1103617226,0.33857322,0.44144565,0.2199812
1104112817,0.4439435,0.31759873,0.23845777
1104132752,0.3471138,0.41730493,0.2355813
1104285010,0.30453014,0.4597756,0.23569429
1104339666,0.49518186,0.32113546,0.18368267
1104980948,0.31000096,0.4270335,0.26296556
1105134168,0.36560076,0.29361796,0.34078127
1106234535,0.41545272,0.34861177,0.23593551
1106317002,0.32960272,0.3857992,0.28459805
1106534232,0.30229953,0.48653382,0.21116668
1106854344,0.53683853,0.21551985,0.24764165
1106944919,0.37297678,0.40146858,0.22555459
1107310488,0.34426582,0.45673773,0.19899644
1107584865,0.26267534,0.5264455,0.21087918
1107871512,0.4087445,0.33820894,0.25304654
1108054699,0.43362185,0.23158634,0.3347918
1109224243,0.26116973,0.35039046,0.38843977
1109488354,0.43435675,0.31149393,0.25414932
1109557372,0.2810315,0.28027922,0.43868926
1109563312,0.5254408,0.26776809,0.20679116
1110690144,0.339606,0.33886582,0.3215282
1110757857,0.4595189,0.24971992,0.2907612
1110836523,0.33976862,0.46185777,0.19837359
1111519772,0.34476858,0.4373323,0.21789916
1111871497,0.4327948,0.35347396,0.21373126
1111922040,0.38125172,0.4000548,0.21869345
1112277347,0.39225012,0.35704252,0.2507074
1112437903,0.47057557,0.28920376,0.2402207
1112439464,0.39614815,0.3759071,0.22794475
1112813910,0.36681968,0.43663588,0.19654444
1113576530,0.3705369,0.38714775,0.24231535
1113674657,0.26221496,0.51638323,0.2214018
1114066880,0.35121727,0.37581453,0.27296823
1114102079,0.34022373,0.27378288,0.38599342
1114113340,0.32733393,0.42112008,0.25154597
1114289039,0.30957374,0.4764216,0.21400465
1114332627,0.44312942,0.33553642,0.22133413
1114510169,0.4678244,0.23138487,0.30079073
1114556778,0.36147282,0.34694153,0.2915857
1115447349,0.38473144,0.3575902,0.2576784
1115591747,0.30481026,0.3358546,0.35933515
1115762411,0.42560297,0.36128008,0.2131169
1116094770,0.4049339,0.33729595,0.25777012
1116247047,0.329763,0.3895722,0.28066474
1118010089,0.4589671,0.3457492,0.19528376
1118130897,0.30885115,0.44082475,0.25032407
1118318897,0.29777592,0.49184424,0.21037984
1118977795,0.47952372,0.30679327,0.213683
1119106260,0.42187017,0.3414974,0.23663247
1123110028,0.5281991,0.25704363,0.2147573
1123551066,0.32872033,0.38094792,0.29033175
1124042077,0.35871983,0.42742243,0.21385771
1124042078,0.3308234,0.451748,0.2174286
1124227956,0.27699655,0.34106636,0.38193712
1125169240,0.59732634,0.20645165,0.196222
1125430131,0.4183302,0.37912822,0.20254157
1125792357,0.38218778,0.3248849,0.2929273
1125819667,0.44140026,0.32239592,0.23620385
1125913369,0.39843374,0.38898844,0.21257779
1126646333,0.2881555,0.48366374,0.22818072
1126655326,0.44245976,0.3068406,0.2506996
1127765215,0.39583522,0.35904557,0.24511921
1128054671,0.36206377,0.42465323,0.21328294
1128533562,0.32743046,0.3219331,0.35063648
1129117409,0.23579726,0.59398067,0.17022207
1129885606,0.41173446,0.42113274,0.16713278
1130331482,0.39619088,0.4129399,0.19086921
1130523169,0.4332928,0.30811858,0.25858864
1130781872,0.40872633,0.27856588,0.31270775
1130990531,0.30521673,0.34934115,0.34544212
1131021350,0.51391864,0.2835442,0.2025371
1131439626,0.23124813,0.28325874,0.48549318
1131704803,0.3753375,0.3553267,0.2693358
1131760448,0.37114552,0.409843,0.21901152
1132073451,0.43379268,0.3512327,0.21497458
1133019786,0.2824203,0.5079564,0.20962335
1133202544,0.4929847,0.27353022,0.23348506
1134607347,0.3621279,0.37536287,0.2625092
1135445224,0.38853627,0.40612853,0.20533523
1135480080,0.5225598,0.2903131,0.18712714
1135563480,0.3969217,0.37053466,0.23254365
1135820479,0.41084754,0.40093607,0.18821642
1136161371,0.395146,0.35409862,0.25075534
1136723731,0.41284984,0.3776525,0.20949765
1136816783,0.37223673,0.3684663,0.259297
1136899736,0.41163015,0.26106876,0.32730108
1136950465,0.35233745,0.43063617,0.21702641
1137016396,0.4331525,0.36773965,0.19910784
1137989006,0.38612223,0.352926,0.26095176
1138509244,0.35618192,0.31771454,0.3261035
1139336278,0.26671037,0.27964166,0.45364794
1139920550,0.35279977,0.41529387,0.23190635
1140576503,0.33242905,0.39174935,0.2758216
1140736360,0.38079196,0.32734185,0.29186624
1140884088,0.48738357,0.29062766,0.22198874
1140900502,0.2734794,0.51404464,0.2124759
1140941953,0.43476874,0.3164215,0.24880978
1141519886,0.3984501,0.3512187,0.2503312
1141668382,0.38534558,0.3217542,0.29290026
1141925725,0.4241518,0.33153796,0.24431023
1142913265,0.38626838,0.36649507,0.2472365
1143145917,0.40975726,0.3569706,0.23327214
1143638427,0.33033255,0.37273628,0.29693115
1144524297,0.20676655,0.55909896,0.2341345
1144600253,0.40378267,0.35430026,0.24191701
1145570655,0.46073824,0.29391116,0.24535058
1145824862,0.33237106,0.35947078,0.30815816
1145885689,0.49586636,0.26988727,0.23424639
1146096531,0.43685275,0.2808427,0.28230453
1146340054,0.32662562,0.35985214,0.31352222
1146797492,0.37431604,0.39126864,0.23441534
1147007992,0.25206,0.55480045,0.19313955
1147061341,0.36796176,0.42022884,0.21180937
1147281502,0.26368436,0.30489773,0.43141794
1147669927,0.40215892,0.3731382,0.22470294
1147910011,0.38447678,0.346102,0.26942122
1148068169,0.39077854,0.3459376,0.26328385
1148588654,0.48907942,0.29570538,0.21521515
1148901543,0.4017977,0.3600843,0.23811802
1149979508,0.3169526,0.33388832,0.34915912
1150073131,0.27153403,0.46721667,0.26124933
1150312555,0.35018018,0.43357995,0.21623991
1150356676,0.3503729,0.31933695,0.33029014
1150395223,0.35077888,0.42487508,0.22434601
1150458364,0.38591748,0.37724686,0.23683566
1150643225,0.47430778,0.26919848,0.2564938
1151104135,0.29610905,0.464979,0.23891196
1151133209,0.26437536,0.45528817,0.28033644
1151288277,0.25646207,0.5009284,0.2426095
1152147069,0.2870955,0.34810513,0.36479938
1152723661,0.3505695,0.43033117,0.21909937
1153261434,0.4003225,0.3668763,0.2328012
1153889772,0.3297043,0.41932124,0.25097445
1154931343,0.42393354,0.3108611,0.26520532
1155119917,0.253952,0.51747805,0.22856995
1156540816,0.30489025,0.35754257,0.33756715
1156562528,0.31728598,0.41505986,0.26765418
1156777995,0.4045822,0.32560456,0.26981324
1157918640,0.4934736,0.31549346,0.19103293
1158116714,0.37707832,0.32931387,0.2936078
1158297188,0.37948567,0.3545286,0.26598573
1158412608,0.43686336,0.35622555,0.20691106
1158795843,0.47311145,0.31910104,0.20778753
1158921225,0.48455244,0.28527778,0.23016974
1159252223,0.3595978,0.38140377,0.25899845
1159271420,0.32274467,0.4012152,0.2760401
1159690738,0.34818506,0.40058744,0.2512275
1159925093,0.3874917,0.33957422,0.27293414
1160969480,0.4106551,0.30436796,0.28497696
1161153848,0.27389517,0.49172992,0.23437488
1161194871,0.36942613,0.36274034,0.26783353
1162081727,0.4121879,0.34914508,0.23866695
1162336726,0.37055224,0.41332746,0.21612033
1162365789,0.43159863,0.29487646,0.27352494
1162384789,0.26936552,0.3977973,0.33283716
1162612283,0.39575496,0.39235955,0.21188551
1162827850,0.4486432,0.30983984,0.24151698
1163546994,0.47471863,0.32407123,0.20121014
1163856651,0.40457785,0.326228,0.26919416
1164241120,0.30687684,0.38071615,0.31240696
1164312924,0.46469903,0.31032544,0.22497553
1164404252,0.2109765,0.5037137,0.2853098
1164656329,0.235473,0.5169451,0.24758181
1165530820,0.34256962,0.3313694,0.32606095
1166079224,0.37474194,0.31405467,0.31120342
1167140011,0.5461241,0.25244468,0.20143121
1167206424,0.41456676,0.3450436,0.24038962
1167261667,0.29317313,0.29905307,0.40777385
1167397446,0.28796685,0.29886678,0.4131664
1167488950,0.34023708,0.3622702,0.29749268
1167911335,0.35696757,0.39376453,0.24926788
1168345844,0.33181655,0.40121675,0.26696676
1168881429,0.4718089,0.33292007,0.19527093
1169336622,0.31085086,0.43193936,0.2572098
1169542484,0.4482633,0.30326045,0.2484763
1169711773,0.38909027,0.40324682,0.20766285
1169750262,0.41831768,0.34859946,0.23308286
1169808737,0.29547542,0.30379975,0.40072483
1170009852,0.49628058,0.28909403,0.21462539
1170052244,0.21088937,0.59754395,0.19156665
1170296787,0.40807432,0.36079848,0.2311272
1170541203,0.3023969,0.29362977,0.40397334
1170760171,0.2873596,0.52049506,0.1921454
1170977285,0.24935651,0.5348274,0.2158161
1171093015,0.35981193,0.36064112,0.27954695
1171858352,0.36076027,0.35608733,0.28315243
1172524662,0.36237934,0.3742656,0.26335502
1172739485,0.37537515,0.39087164,0.23375316
1172757699,0.3812856,0.3792736,0.23944086
1173653089,0.33458182,0.3163182,0.34909993
1173726187,0.27993596,0.5552452,0.16481876
1174121595,0.3386839,0.30957216,0.35174394
1174194348,0.29213616,0.30480492,0.40305892
1175545154,0.2971909,0.40277863,0.30003047
1176984251,0.2732673,0.25059298,0.47613972
1177220716,0.52045673,0.26500052,0.21454275
1177241998,0.43911517,0.37712383,0.18376097
1177499145,0.15638307,0.15638307,0.68723387
1177791439,0.29938227,0.33579654,0.36482123
1177895808,0.28193206,0.39963612,0.3184318
1178040236,0.3893494,0.3045782,0.30607238
1178202439,0.3568523,0.41540694,0.22774075
1178767280,0.35991895,0.39662075,0.24346027
1179162098,0.3685491,0.33056533,0.30088556
1179628355,0.39562207,0.35796136,0.24641658
1179773778,0.39595932,0.32077432,0.28326643
1179958425,0.44042867,0.28433418,0.27523714
1180441301,0.4107167,0.36645484,0.22282848
1180811945,0.5525609,0.2501893,0.1972498
1181171334,0.36759695,0.29048538,0.34191763
1181574893,0.35092115,0.36326432,0.28581458
1181664981,0.3252666,0.35705113,0.31768227
1182000495,0.30599594,0.28842837,0.40557572
1182305766,0.5084839,0.2519826,0.23953356
1182362266,0.30104712,0.48181224,0.2171406
1182500018,0.2350231,0.5687305,0.19624639
1182845551,0.3508966,0.3961295,0.2529739
1182876783,0.3746339,0.3743427,0.25102335
1183019112,0.39969677,0.36257184,0.23773134
1183206363,0.15181114,0.15181114,0.6963777
1183591314,0.3677653,0.276035,0.35619968
1184007812,0.34968722,0.29222536,0.35808742
1184095573,0.4250452,0.31319582,0.26175898
1184136323,0.38335615,0.289945,0.3266988
1184627627,0.35372692,0.38308033,0.2631927
1184894909,0.42210397,0.31698918,0.26090688
1184971014,0.498938,0.3126731,0.18838894
1185110130,0.3487573,0.33020288,0.32103986
1185249035,0.29261532,0.48524368,0.22214097
1185471978,0.4304186,0.31822205,0.25135937
1186215533,0.5001367,0.26623642,0.23362684
1186262947,0.3168918,0.37155038,0.31155777
1187439836,0.41226298,0.32095823,0.26677874
1187701140,0.4035314,0.35119843,0.2452702
1188192931,0.34000963,0.35781658,0.3021738
1188694488,0.37729704,0.40739566,0.2153073
1189839279,0.36910886,0.38504577,0.2458454
1190459511,0.3478114,0.44522876,0.20695984
1190465415,0.3117656,0.46691126,0.22132312
1190560917,0.3208752,0.500116,0.17900884
1190678845,0.3906681,0.35298067,0.2563512
1190704524,0.4433015,0.2706909,0.2860076
1190747286,0.3908681,0.37334973,0.2357822
1190875770,0.20424214,0.47667277,0.31908506
1191147533,0.43676043,0.31309456,0.25014505
1191191832,0.3676325,0.35690013,0.27546734
1191814503,0.33934754,0.36875927,0.29189318
1192302712,0.46386117,0.30378363,0.2323552
1192519740,0.30440462,0.4881251,0.2074703
1192791765,0.33001524,0.33514273,0.334842
1192822106,0.34486508,0.38831428,0.26682067
1193601329,0.39321917,0.33788875,0.26889208
1194488613,0.47715628,0.25092933,0.27191442
1194646239,0.34172088,0.38636386,0.27191526
1195013058,0.36028463,0.41188902,0.22782636
1195237247,0.31758806,0.3566242,0.32578778
1195389164,0.34915313,0.34876657,0.30208033
1196204986,0.29856408,0.41423595,0.28719997
1196389040,0.38335007,0.32836452,0.28828543
1197679872,0.41873184,0.33865845,0.24260977
1197837810,0.47675112,0.3090064,0.21424255
1198240850,0.42106605,0.34838226,0.23055172
1198335801,0.28667524,0.4020674,0.31125736
1199903779,0.29874048,0.28595424,0.41530532
1200130289,0.42120373,0.35550967,0.22328657
1200780918,0.41132888,0.35594603,0.23272504
1200917938,0.32822758,0.45571905,0.21605334
1202454879,0.3426612,0.44154394,0.21579488
1202854629,0.4156747,0.36752635,0.21679902
1202964861,0.3655048,0.39742094,0.23707429
1203267340,0.34159487,0.36549532,0.29290974
1204084568,0.34125665,0.4334368,0.22530657
1204147315,0.30532968,0.44499385,0.24967645
1204162863,0.3457908,0.30378592,0.35042328
1205116824,0.41165835,0.37042612,0.21791553
1205230015,0.2670546,0.4928423,0.24010311
1206381934,0.34360605,0.3615487,0.29484522
1206397776,0.27155283,0.5263019,0.20214526
1206707845,0.3499455,0.2886174,0.3614371
1206803108,0.40066037,0.33031738,0.26902226
1207171657,0.23373902,0.5934539,0.17280713
1207796994,0.36015052,0.42857486,0.2112746
1208448326,0.36948436,0.37323898,0.25727665
1208793089,0.3909691,0.3349979,0.27403307
1209001138,0.49111784,0.29883516,0.21004699
1209385732,0.46717852,0.30618602,0.22663544
1209804039,0.62686574,0.1956305,0.17750373
1209930457,0.31011373,0.48463643,0.20524985
1210037566,0.28729796,0.4625011,0.25020093
1210195699,0.5872923,0.24157664,0.17113107
1210685749,0.45451495,0.3418587,0.20362629
1210698283,0.33222222,0.28724945,0.38052833
1211126997,0.35744122,0.39553368,0.2470251
1211395225,0.42336684,0.2596879,0.31694528
1211718880,0.3796639,0.38673759,0.23359849
1211775483,0.27813175,0.47885194,0.2430163
1211940697,0.31670445,0.45470294,0.2285926
1212053514,0.28966638,0.44788063,0.26245296
1212185208,0.37435633,0.39444414,0.23119953
1212767535,0.23944469,0.53921926,0.2213361
1213036206,0.37250736,0.35159975,0.2758929
1213177061,0.4313605,0.37420276,0.19443673
1213328821,0.24696358,0.44144097,0.31159544
1214328784,0.3094116,0.4631184,0.22747001
1214389271,0.5051232,0.29791868,0.19695812
1214489795,0.3703152,0.3978392,0.23184565
1215426410,0.4029926,0.34028563,0.25672176
1215900487,0.2874119,0.29730958,0.41527855
1216302313,0.25555608,0.49479538,0.24964851
1216685981,0.31907946,0.23367506,0.44724548
1216993452,0.4739851,0.2554465,0.27056843
1217208000,0.36486048,0.3971586,0.23798095
1217518060,0.4408256,0.3202858,0.23888858
1217671034,0.34934354,0.36249042,0.288166
1218155677,0.35071504,0.40371442,0.24557056
1218411295,0.40635967,0.3839628,0.20967752
1218931850,0.35414195,0.40252388,0.2433342
1219313652,0.43939492,0.2940956,0.26650944
1219555502,0.25162643,0.5564083,0.1919653
1219933888,0.3575834,0.41948354,0.22293305
1220144614,0.57939756,0.2383793,0.18222314
1220576760,0.412614,0.3503642,0.2370218
1220595683,0.38490772,0.39222267,0.22286958
1220964972,0.25184953,0.53852415,0.20962632
1221082261,0.54200274,0.2781454,0.17985186
1222244966,0.4717422,0.27720076,0.25105703
1222649234,0.39363307,0.36888608,0.23748082
1223168431,0.48826167,0.2368313,0.274907
1223280839,0.33245856,0.3789673,0.28857416
1223429731,0.3225786,0.43205,0.24537137
1224483371,0.25604355,0.2373716,0.5065849
1224771179,0.3732826,0.3892377,0.23747969
1225112847,0.40321064,0.33774117,0.25904816
1225128774,0.3096723,0.45363182,0.23669587
1225130645,0.3955438,0.3380073,0.26644894
1225572161,0.42896533,0.28794098,0.28309366
1225594202,0.36828804,0.37092108,0.26079082
1225719319,0.5071839,0.23620681,0.25660926
1225830645,0.38173828,0.35207486,0.26618683
1225911021,0.3172211,0.5050539,0.17772499
1227852316,0.5178129,0.25797346,0.22421364
1228050684,0.27229333,0.27377638,0.45393026
1228585552,0.36458343,0.42870116,0.20671538
1228726993,0.3108104,0.46304053,0.22614911
1230125773,0.25861782,0.25349984,0.48788238
1230153708,0.21963969,0.29972735,0.48063296
1231198852,0.44156647,0.3177958,0.24063775
1231450406,0.3945636,0.30120867,0.3042277
1232121135,0.37335142,0.40080974,0.22583881
1232352805,0.46255273,0.25160366,0.2858436
1232424643,0.32765365,0.3397348,0.3326116
1232644370,0.3443156,0.3832798,0.27240464
1232880904,0.35172784,0.31108886,0.3371833
1233015553,0.4955241,0.27463585,0.22984007
1233145244,0.2509325,0.33877692,0.41029057
1233176122,0.4304211,0.33892268,0.23065616
1233422560,0.38846415,0.38318262,0.2283532
1233559046,0.30473012,0.40166152,0.29360834
1233804644,0.3455168,0.3667173,0.28776595
1233819197,0.39764082,0.35721666,0.2451425
1234005061,0.3655825,0.39312264,0.24129488
1234087467,0.35443836,0.33210188,0.31345975
1234529749,0.4259226,0.3633517,0.21072567
1234634424,0.44544053,0.36017767,0.19438177
1234794851,0.29665828,0.28211927,0.42122245
1234954358,0.33086237,0.44487405,0.22426358
1235233305,0.26002845,0.32321855,0.41675302
1235441758,0.45056927,0.22726786,0.32216293
1235804557,0.31512117,0.39907128,0.28580755
1235938254,0.3935157,0.3478242,0.25866014
1235956698,0.46155712,0.35331804,0.18512481
1237200324,0.23012927,0.47682416,0.2930466
1237430557,0.51671,0.2955933,0.18769675
1237455882,0.3174807,0.4694931,0.2130262
1237777695,0.36944884,0.3827294,0.24782175
1238087337,0.36826366,0.40257472,0.22916162
1238343350,0.3497318,0.42777908,0.22248912
1238821736,0.46317244,0.35456643,0.18226117
1238948889,0.21313557,0.60106623,0.1857982
1239107982,0.29115728,0.38083988,0.3280029
1239266058,0.38946962,0.33566213,0.2748682
1239655782,0.3262613,0.44797605,0.22576264
1239817655,0.21452908,0.20134601,0.58412486
1240127715,0.3718931,0.40036124,0.22774565
1240492121,0.42544585,0.3363876,0.23816657
1240495815,0.309874,0.46621045,0.22391553
1240688673,0.3159128,0.4376493,0.24643794
1241659534,0.3244138,0.4843452,0.19124107
1242319536,0.3174768,0.3671902,0.31533298
1242549452,0.28198498,0.28859293,0.42942205
1242689722,0.33919615,0.45932823,0.20147556
1242744811,0.42421424,0.36947748,0.20630825
1242765306,0.24453956,0.4804108,0.27504963
1243200243,0.26371956,0.55498445,0.1812959
1243922820,0.22174785,0.3229584,0.45529377
1244011471,0.42394435,0.2684433,0.30761242
1244165326,0.37689084,0.31923953,0.30386966
1244491124,0.3478527,0.23144332,0.42070395
1244648558,0.35004866,0.44522423,0.20472711
1244835358,0.3460732,0.41713393,0.23679286
1244876442,0.25523508,0.36040542,0.38435948
1245034251,0.47023642,0.30740464,0.22235894
1245366340,0.2756901,0.5301094,0.19420046
1245374432,0.40875018,0.4011678,0.19008204
1245409599,0.37621856,0.3698582,0.2539232
1245814472,0.37248755,0.3747775,0.25273496
1246117311,0.39332408,0.3718347,0.23484117
1246698426,0.4317438,0.31382483,0.25443137
1247199386,0.37302092,0.3793363,0.24764282
1247294348,0.4599769,0.3040958,0.23592734
1247395740,0.21806574,0.4089815,0.3729528
1247567062,0.3560469,0.25924632,0.3847068
1247663676,0.3827571,0.3903385,0.22690436
1247953653,0.3697365,0.38342145,0.24684206
1248322060,0.4563675,0.31580377,0.22782876
1248549624,0.3184167,0.26377907,0.41780424
1249392842,0.42683178,0.35839614,0.21477209
1249930456,0.34577462,0.4085521,0.24567333
1250051065,0.35790026,0.44353852,0.1985612
1250206635,0.35297364,0.41076398,0.23626238
1250260043,0.42575675,0.33660096,0.23764232
1250726096,0.3872852,0.3430857,0.26962912
1250959022,0.39366266,0.3530141,0.25332326
1251029034,0.3949362,0.40141094,0.20365283
1251543401,0.32402563,0.43560025,0.24037415
1251665896,0.47392038,0.28647885,0.2396008
1252543721,0.4430647,0.3703727,0.18656263
1252574482,0.37335458,0.3347393,0.29190615
1252661581,0.2934047,0.29237416,0.41422117
1252853166,0.4074024,0.37325695,0.21934068
1252887386,0.37499973,0.2882694,0.3367309
1252995744,0.30351776,0.27652672,0.41995552
1253748214,0.3671548,0.40830302,0.22454217
1253777221,0.43174857,0.32875183,0.23949957
1254329717,0.26943004,0.52674323,0.20382665
1254816106,0.25500283,0.5136933,0.23130393
1255709121,0.37535068,0.3356775,0.28897178
1256194492,0.42953703,0.3837021,0.18676089
1256263460,0.3615478,0.41868964,0.21976249
1256469837,0.3395524,0.38469666,0.27575094
1256518061,0.41228637,0.34410515,0.24360852
1256637281,0.3649009,0.38552123,0.24957791
1258177563,0.37425238,0.35407,0.27167764
1258408534,0.34737507,0.34223816,0.31038678
1258942228,0.3017171,0.48931527,0.20896769
1259120238,0.38215923,0.33004695,0.28779382
1259151812,0.4138676,0.34519935,0.24093305
1259247511,0.4510977,0.38529718,0.16360514
1259455630,0.40113765,0.35316902,0.24569334
1259589247,0.30737075,0.37119502,0.32143426
1259604931,0.33214498,0.41870898,0.24914601
1259669651,0.38280994,0.32858357,0.28860646
1259707209,0.37074745,0.379229,0.25002354
1260089658,0.44330788,0.29767746,0.25901467
1260177060,0.35686284,0.36862534,0.27451187
1260534606,0.30302596,0.36094135,0.33603272
1260835943,0.31397492,0.45120147,0.23482361
1260999252,0.28113157,0.43770987,0.28115854
1261205035,0.31673235,0.41346073,0.26980686
1262243448,0.50035435,0.27460605,0.22503963
1262277806,0.30944553,0.31938004,0.3711744
1262519510,0.43541434,0.38613936,0.17844631
1262611640,0.43666235,0.30774367,0.255594
1262727792,0.4854843,0.28029352,0.2342222
1263027277,0.27797008,0.5291828,0.19284719
1263680447,0.31934386,0.43514892,0.24550721
1263696917,0.24749935,0.22236899,0.5301317
1263737691,0.38469273,0.27513552,0.34017175
1264234623,0.37489295,0.36035097,0.2647561
1265454077,0.32547116,0.3330633,0.34146553
1265549905,0.3750807,0.40895563,0.21596363
1265626346,0.25360247,0.51969427,0.2267032
1266795536,0.34475064,0.3701409,0.28510845
1266988500,0.37124884,0.36721304,0.26153815
1267251705,0.42551094,0.37767318,0.19681588
1267311944,0.40838543,0.33298606,0.2586285
1267468053,0.42508888,0.37679416,0.1981169
1267731419,0.2606777,0.53684163,0.20248061
1268998924,0.24198824,0.46182698,0.2961848
1269035545,0.4030776,0.3295043,0.2674181
1269768544,0.21543299,0.5944613,0.19010574
1269769343,0.3865212,0.35338157,0.26009727
1269893754,0.38973022,0.3864867,0.22378308
1270641408,0.42052177,0.33766317,0.24181506
1270728406,0.37846172,0.3760016,0.24553668
1271147429,0.39293563,0.35950422,0.24756014
1271347403,0.3898166,0.30213556,0.30804783
1271693548,0.3411251,0.3641217,0.29475322
1271772673,0.521746,0.25100037,0.22725362
1272096783,0.2808951,0.5050528,0.2140521
1272243547,0.49364042,0.29659712,0.20976247
1272496808,0.3040681,0.45603687,0.23989505
1272503735,0.2999566,0.34821624,0.35182714
1273374840,0.33905753,0.35771754,0.30322492
1273599660,0.32133713,0.32090342,0.35775942
1273689143,0.34769326,0.40935838,0.24294838
1273782674,0.41447407,0.38081926,0.20470667
1274006030,0.32091033,0.39613068,0.28295898
1274938783,0.38687533,0.41012377,0.2030009
1275115253,0.336491,0.35701513,0.30649385
1275854685,0.38904157,0.3709588,0.23999958
1275921996,0.33428055,0.4272688,0.23845065
1276275653,0.27416328,0.43841568,0.28742105
1276290801,0.53510773,0.29258993,0.1723023
1276352910,0.39282665,0.32260323,0.2845701
1276439497,0.56466603,0.24782847,0.18750545
1276949553,0.22757998,0.6111193,0.16130072
1276951036,0.41257274,0.34051478,0.24691252
1277061152,0.3210631,0.4097079,0.269229
1277541541,0.33898243,0.43646634,0.22455123
1277562094,0.5207484,0.26986322,0.20938843
1277877177,0.45128655,0.3187079,0.23000553
1278840776,0.27755776,0.50891197,0.21353027
1278999414,0.3896187,0.29807472,0.31230655
1279233419,0.41991764,0.31890297,0.2611794
1279788897,0.3248706,0.32345733,0.35167208
1279812977,0.45604867,0.27381602,0.27013534
1280178289,0.32296172,0.3639354,0.3131029
1280196208,0.41727394,0.3270163,0.25570974
1280405939,0.41869497,0.35214567,0.22915937
1282745800,0.5585171,0.28563675,0.15584615
1284155153,0.5715375,0.24292535,0.18553716
1284408470,0.27174318,0.5307473,0.19750959
1284569124,0.37119645,0.33364576,0.2951578
1284621092,0.37942368,0.3960426,0.2245338
1284938899,0.37314302,0.41175663,0.21510038
1285764997,0.34992766,0.4540071,0.19606526
1285863661,0.3282942,0.46066618,0.2110396
1285994543,0.35836723,0.41589472,0.22573805
1286143845,0.47334635,0.3201495,0.2065041
1287027645,0.33329362,0.3365574,0.33014897
1287036266,0.38050115,0.303051,0.3164479
1287170142,0.30803216,0.4280278,0.26394004
1287718124,0.39297292,0.29603654,0.31099054
1289551830,0.3154615,0.41177917,0.27275932
1290126470,0.36453253,0.37706792,0.25839955
1291466603,0.3779741,0.38004935,0.24197656
1291648640,0.4077313,0.34786618,0.24440254
1291682908,0.33095855,0.4828654,0.186176
1291862628,0.44770658,0.35631895,0.19597442
1291966583,0.35683644,0.38977206,0.25339156
1292159037,0.3830099,0.3805595,0.23643051
1293861908,0.39184123,0.3361706,0.27198815
1293912371,0.3946272,0.34338224,0.26199055
1293932839,0.44284683,0.32389563,0.23325756
1294024374,0.2261191,0.26875404,0.50512683
1294827862,0.30809236,0.46971363,0.22219399
1295192495,0.25656164,0.3228922,0.42054617
1295279072,0.38042277,0.3838071,0.23577008
1295564897,0.5463517,0.25593305,0.19771525
1295672528,0.40780544,0.34253013,0.24966446
1295710656,0.4058228,0.37710404,0.21707311
1296049470,0.34856218,0.36241984,0.28901798
1297179483,0.35492605,0.36381385,0.28126007
1297339113,0.26708692,0.2546064,0.4783067
1297993599,0.33600983,0.3409477,0.32304242
1298167396,0.42515504,0.38298547,0.19185945
1299308781,0.32554775,0.45548797,0.21896428
1299728239,0.46635318,0.31007117,0.22357565
1300938133,0.24458328,0.5277808,0.22763596
1300964875,0.24373627,0.5073415,0.24892223
1301142959,0.46007544,0.32176661,0.21815793
1301326416,0.34723848,0.40072083,0.25204074
1301979852,0.5168113,0.27480167,0.20838702
1302100933,0.3341459,0.41579083,0.2500633
1303276565,0.345745,0.38270992,0.27154505
1303428303,0.3653153,0.37538803,0.2592967
1303648343,0.3625525,0.3248,0.31264752
1303857097,0.36662823,0.2995945,0.33377728
1304387956,0.2696591,0.5486017,0.18173926
1304675654,0.31942526,0.4037056,0.27686918
1305940707,0.30528957,0.52423143,0.17047897
1306348642,0.3008739,0.3135039,0.3856222
1306350551,0.34930182,0.37839982,0.27229834
1306409644,0.2682395,0.36051923,0.37124127
1306686788,0.35622257,0.37362003,0.27015743
1307242172,0.4179002,0.36865637,0.21344341
1307298761,0.42714924,0.35082555,0.22202525
1307317335,0.2950359,0.27522993,0.42973414
1307768919,0.36521447,0.41902,0.21576557
1307939488,0.30929452,0.33291376,0.35779172
1308038737,0.26879364,0.42765749,0.30354887
1308221751,0.1739573,0.62989676,0.19614589
1309297456,0.3938936,0.36511725,0.24098918
1309456244,0.34435496,0.42112434,0.23452067
1309784500,0.30471185,0.44336313,0.25192502
1310017136,0.43582565,0.3008265,0.26334783
1310205430,0.41276783,0.40299702,0.18423519
1311289782,0.26675814,0.32770833,0.40553355
1311447523,0.39422384,0.33943576,0.26634043
1311569160,0.3235355,0.413841,0.2626235
1312018895,0.26268348,0.4616586,0.27565792
1312213758,0.3547277,0.3133718,0.33190048
1312503522,0.33292013,0.4504404,0.21663949
1313311010,0.3683548,0.3524031,0.27924213
1313337499,0.380782,0.3877403,0.23147765
1313344762,0.31458643,0.48543227,0.19998127
1313940750,0.34459046,0.37951243,0.27589712
1314197838,0.3546685,0.3573954,0.28793612
1314300139,0.48230982,0.2634641,0.25422606
1315176442,0.2892668,0.50163305,0.2091001
1315575587,0.29239216,0.43580228,0.27180558
1315887282,0.26854742,0.31291994,0.41853267
1316279707,0.33068132,0.29281762,0.37650108
1316550718,0.24505456,0.3587135,0.39623195
1316791776,0.38409865,0.3983916,0.21750978
1317252485,0.24335656,0.52448136,0.23216209
1317437088,0.48896092,0.29697812,0.21406093
1317443444,0.3507881,0.38364416,0.26556778
1317900350,0.27186608,0.51228213,0.2158518
1318111944,0.40322,0.33364004,0.26313996
1318150778,0.24489564,0.5217446,0.23335972
1318673005,0.4748084,0.2643284,0.26086324
1318773721,0.26911598,0.5354644,0.19541961
1319348510,0.4098753,0.34463066,0.24549404
1319422195,0.32742316,0.37827057,0.29430625
1320006028,0.24719822,0.29420525,0.4585965
1320299090,0.39286032,0.3884384,0.21870127
1320485906,0.32767096,0.4497843,0.22254473
1320629007,0.37687218,0.417113,0.20601481
1320784543,0.5199239,0.2825141,0.19756198
1321575621,0.36365432,0.39407814,0.24226756
1321623121,0.37372887,0.37598678,0.2502843
1322606277,0.36426198,0.41652387,0.21921413
1322855394,0.37917882,0.41835582,0.20246536
1322859662,0.45402455,0.32869154,0.2172839
1323076827,0.28873515,0.4647677,0.24649715
1323390489,0.490479,0.28792864,0.22159237
1323477353,0.39479786,0.33464932,0.2705528
1323541696,0.42424738,0.28183597,0.2939166
1323989620,0.33317345,0.4454319,0.22139469
1324358939,0.38462302,0.36155427,0.25382268
1325000381,0.25591397,0.531983,0.21210304
1325526330,0.18927367,0.6378052,0.17292109
1325778255,0.39137763,0.37528342,0.23333894
1325902437,0.40628523,0.34397772,0.24973705
1326890072,0.442923,0.36234814,0.19472885
1327756855,0.25875315,0.47662398,0.26462293
1328325313,0.3490426,0.44453785,0.20641956
1328547938,0.23124336,0.5487391,0.22001761
1328755200,0.3593155,0.42716926,0.21351519
1329170872,0.2846732,0.2698148,0.44551206
1329223183,0.4723385,0.2693667,0.25829473
1329757364,0.34283268,0.45624292,0.20092443
1329801599,0.5133138,0.28652328,0.20016292
1329875975,0.4216515,0.40924412,0.16910435
1330121240,0.28033835,0.2855035,0.43415815
1331014585,0.3470825,0.3387316,0.31418592
1331111310,0.4172433,0.3824505,0.20030618
1332115476,0.48132086,0.3060084,0.21267074
1332393775,0.30056792,0.47378153,0.22565053
1332657065,0.36952662,0.39155626,0.23891714
1332736644,0.26941097,0.2704159,0.46017313
1332742386,0.38571537,0.37002203,0.24426262
1334826323,0.35722438,0.3924956,0.25028008
1334996440,0.36710018,0.41086668,0.22203311
1335360692,0.33093,0.2948293,0.3742407
1336229616,0.26508188,0.25945395,0.4754642
1336401375,0.3962958,0.3902548,0.21344936
1336654084,0.41568583,0.35309994,0.23121423
1336851054,0.38800278,0.38101467,0.23098256
1337283656,0.27672172,0.52471554,0.19856274
1337803757,0.3888774,0.27465013,0.33647245
1338187701,0.51677287,0.2809516,0.20227556
1338519061,0.38270736,0.3845666,0.2327261
1339647625,0.31725198,0.44758624,0.23516178
1339708498,0.39903796,0.31395102,0.28701103
1339970107,0.35889888,0.4194046,0.22169647
1340546915,0.3275992,0.42979443,0.24260637
1341295788,0.37296012,0.30647704,0.32056287
1341298068,0.3477669,0.38973117,0.26250193
1341383301,0.5466951,0.25941327,0.19389161
1341900603,0.42427808,0.36259586,0.21312603
1342092240,0.3059883,0.3076697,0.386342
1343527428,0.41369444,0.34129578,0.24500978
1343882486,0.35781223,0.4271385,0.21504927
1344541743,0.35065585,0.40026858,0.24907556
1344593875,0.27000552,0.38549203,0.34450245
1344703524,0.42983758,0.3447016,0.22546089
1344799676,0.3762709,0.36356282,0.26016623
1344861789,0.3594813,0.3906082,0.2499105
1345596501,0.37858865,0.36056387,0.26084745
1346094549,0.3750198,0.3989566,0.2260236
1346738678,0.39705366,0.400114,0.20283231
1346840064,0.29318124,0.25227284,0.45454597
1347087120,0.3985711,0.3864337,0.21499519
1347559197,0.32583693,0.37177187,0.3023912
1347725589,0.39005226,0.38217244,0.2277753
1348181706,0.44658464,0.31538165,0.23803367
1348485796,0.30586976,0.48415488,0.20997533
1348993048,0.34432802,0.37891954,0.2767524
1349073539,0.40900114,0.38007152,0.21092735
1349291778,0.3574865,0.35861933,0.28389415
1349576247,0.34023267,0.37855747,0.2812099
1350056700,0.23619051,0.57871246,0.18509704
1350257511,0.411287,0.36688197,0.221831
1350408268,0.37215716,0.38776806,0.24007484
1351036936,0.30064034,0.42784315,0.27151653
1351663061,0.41646355,0.37800217,0.2055343
1351770263,0.27587503,0.48464867,0.23947632
1352510055,0.34248668,0.37559375,0.2819196
1352725512,0.3070281,0.399463,0.2935089
1352789354,0.3872366,0.41705212,0.19571126
1353003322,0.32370573,0.40598395,0.27031037
1353098673,0.47812727,0.31132904,0.21054369
1353268922,0.44014752,0.3368482,0.22300422
1353405155,0.3154356,0.48020554,0.20435892
1353421867,0.38945794,0.3839796,0.22656249
1354083992,0.44671345,0.31364945,0.2396371
1354543315,0.37493926,0.34735298,0.2777077
1354612716,0.30234665,0.486768,0.21088532
1355412389,0.3290727,0.47073147,0.20019579
1356160412,0.364753,0.42758295,0.20766401
1356522172,0.35809022,0.3579962,0.2839136
1356745313,0.33133158,0.36353755,0.30513084
1357139427,0.29021853,0.39018202,0.31959945
1357200205,0.3955931,0.3459682,0.2584387
1358381053,0.32095224,0.3203048,0.35874295
1358469480,0.54243016,0.26063928,0.19693053
1358576949,0.30643532,0.48860788,0.20495681
1358889922,0.305792,0.31985903,0.374349
1359215871,0.2309489,0.23173878,0.5373123
1359654569,0.43978006,0.3447369,0.21548304
1360947759,0.3757087,0.43643755,0.18785375
1361515890,0.3209597,0.4228832,0.2561571
1361633492,0.31805316,0.38745603,0.29449084
1361722392,0.331918,0.30527,0.36281198
1362002413,0.31793138,0.3587361,0.32333255
1363445034,0.38690534,0.375205,0.23788966
1363739929,0.33570728,0.41189092,0.25240183
1364101318,0.3522898,0.3409431,0.30676714
1364623382,0.36166883,0.41670302,0.22162822
1364634352,0.50015646,0.28370464,0.21613891
1364669647,0.44991374,0.30338964,0.24669664
1364690384,0.5220754,0.27241588,0.20550871
1365212412,0.35625383,0.35014492,0.29360124
1365275725,0.36689347,0.34283864,0.29026794
1365462534,0.3191266,0.43869537,0.24217808
1365622443,0.32003176,0.3199886,0.3599796
1365787044,0.38613462,0.3821491,0.2317163
1365940587,0.42469776,0.3453431,0.2299591
1366441458,0.39390957,0.3514734,0.25461704
1366464358,0.30524504,0.34539044,0.34936452
1367246996,0.3874112,0.40216058,0.21042822
1367565643,0.29456785,0.4024812,0.30295098
1367803626,0.4107579,0.2611932,0.32804894
1368133136,0.5911466,0.20357317,0.20528021
1369126457,0.4408745,0.36897838,0.19014713
1369304931,0.23395947,0.5652278,0.20081273
1369949941,0.40656823,0.33708,0.25635177
1369967538,0.3452939,0.42919153,0.22551455
1370442197,0.32051194,0.38805157,0.2914365
1371024457,0.3793482,0.36309862,0.25755316
1371461791,0.37349677,0.40543053,0.22107273
1371910286,0.54584223,0.2812696,0.17288816
1372383385,0.24598807,0.33379558,0.42021635
1372457336,0.31765333,0.4597159,0.2226308
1372738709,0.2861212,0.42982417,0.28405464
1373323064,0.39229038,0.34739208,0.2603175
1373361565,0.36926416,0.35767847,0.27305734
1373702324,0.40460706,0.3707973,0.22459567
1373718902,0.39611048,0.39438713,0.20950237
1374206336,0.36136252,0.38584876,0.25278875
1374225581,0.35367435,0.35873294,0.2875927
1374766882,0.35492676,0.40914896,0.2359243
1375290108,0.39330867,0.36685848,0.23983282
1375887209,0.44081718,0.2713389,0.2878439
1376139886,0.3257904,0.48765516,0.1865544
1376805820,0.31207442,0.5014528,0.18647279
1377093107,0.47102317,0.29707533,0.23190148
1377211951,0.40166268,0.3079799,0.29035738
1377736346,0.3509976,0.43607897,0.2129234
1377907749,0.27537563,0.2764439,0.44818044
1377991435,0.36101124,0.38518542,0.25380337
1378283437,0.415779,0.36113417,0.22308677
1378413659,0.31519806,0.34098303,0.3438189
1379085533,0.3309369,0.3059871,0.36307597
1379423973,0.39308733,0.37627137,0.23064134
1379455834,0.39744616,0.3871066,0.21544725
1379872770,0.30307683,0.28397042,0.41295284
1380174223,0.38370198,0.3823952,0.23390278
1380342853,0.28624356,0.51113075,0.20262566
1380424796,0.274597,0.5071393,0.21826366
1381005331,0.39790785,0.39025864,0.21183354
1381162880,0.29221618,0.25272813,0.45505565
1381380218,0.45490366,0.31165713,0.23343924
1382241357,0.38237688,0.4011203,0.21650277
1382685133,0.37629724,0.4216003,0.20210248
1382836111,0.36825198,0.36514938,0.26659867
1383371807,0.38515633,0.3709947,0.24384895
1383819396,0.2851184,0.48317623,0.23170543
1383882083,0.38571873,0.37675697,0.23752427
1384086458,0.5227244,0.24999651,0.22727913
1385191987,0.40389556,0.40907308,0.18703133
1385328965,0.34632033,0.3473589,0.30632076
1385519027,0.2628461,0.53512573,0.20202816
1385621062,0.40324542,0.38743532,0.20931926
1385788959,0.26343304,0.415415,0.32115197
1385912508,0.3427667,0.43407658,0.22315674
1387021034,0.35744804,0.38144833,0.26110366
1387494139,0.2067677,0.20512125,0.58811104
1387723024,0.3808995,0.31107527,0.30802524
1388235658,0.38869196,0.38491574,0.2263923
1388327518,0.33176225,0.4100684,0.25816935
1388532581,0.30750075,0.43385834,0.2586409
1388563500,0.40225464,0.33759528,0.26015007
1389203250,0.5322614,0.23259962,0.23513897
1389388289,0.30312634,0.44962096,0.24725273
1390140583,0.38724267,0.3763013,0.236456
1390402670,0.34412992,0.37787768,0.2779924
1390999847,0.33554387,0.418476,0.24598016
1391049455,0.3694852,0.38203415,0.24848066
1391192374,0.30078077,0.48380125,0.21541795
1391284992,0.34113422,0.43570182,0.2231639
1391508231,0.2514148,0.2669696,0.4816156
1391550068,0.40061748,0.34914142,0.25024104
1391846619,0.40504453,0.34192497,0.2530305
1392350283,0.37557212,0.30349654,0.3209313
1392708666,0.31679428,0.4188208,0.26438498
1392861484,0.37116462,0.27243194,0.35640347
1392879960,0.37895113,0.33884504,0.2822038
1393131655,0.54269475,0.25932553,0.19797966
1393546074,0.36719662,0.37125283,0.26155055
1393665672,0.43583617,0.32515952,0.2390043
1393666410,0.2581156,0.4798655,0.26201892
1393713307,0.34989297,0.43286866,0.21723837
1393770592,0.40118396,0.37111035,0.22770569
1394383890,0.3876449,0.3143829,0.29797223
1394472073,0.4119137,0.39873904,0.1893473
1394987067,0.3291486,0.39117235,0.27967906
1395149344,0.31020188,0.49134672,0.19845137
1395376174,0.40651724,0.35944593,0.2340368
1396340211,0.43844157,0.27113104,0.29042742
1396435437,0.3413621,0.36323494,0.295403
1396535760,0.24231355,0.5358783,0.22180817
1396586288,0.25988695,0.46410444,0.2760086
1397391983,0.35584497,0.33710963,0.3070454
1397575040,0.355971,0.41067892,0.23335007
1397685759,0.26129404,0.4859627,0.25274324
1397766259,0.45283008,0.32935262,0.21781732
1398294299,0.4188519,0.37262705,0.20852105
1398379091,0.55203915,0.27687955,0.17108136
1398505432,0.4368347,0.34655523,0.21661007
1399604564,0.4367702,0.3594636,0.20376618
1399786270,0.35991716,0.3879232,0.2521596
1400134100,0.3087389,0.43653652,0.25472462
1400186024,0.27221298,0.53633595,0.19145104
1400374774,0.41630846,0.38199392,0.2016976
1400437261,0.29569724,0.40932918,0.29497355
1400640769,0.38608474,0.37573543,0.23817985
1400931636,0.41735017,0.29008055,0.29256928
1401146477,0.39052793,0.3159424,0.29352963
1401201675,0.28056416,0.49125695,0.22817889
1401494497,0.32042527,0.3295434,0.35003132
1402073117,0.34499303,0.3947628,0.2602442
1402365571,0.3604284,0.36586088,0.2737107
1402948402,0.51781124,0.2844904,0.19769831
1403327321,0.41918164,0.30072337,0.28009504
1404035663,0.3605863,0.37786663,0.2615471
1404053644,0.41567433,0.3221879,0.2621377
1405201307,0.25077522,0.2512118,0.49801293
1405644566,0.38014263,0.37468985,0.2451675
1406395675,0.3358069,0.33010927,0.3340838
1406861093,0.3285756,0.4050632,0.26636118
1407068706,0.40600577,0.34320086,0.2507933
1407307160,0.31441703,0.45671695,0.22886601
1407408316,0.2950043,0.4807278,0.22426791
1407649224,0.24511537,0.396689,0.35819563
1407923596,0.32041442,0.45171773,0.22786781
1408143495,0.37149656,0.33255976,0.29594368
1408353040,0.27329403,0.51150584,0.21520019
1408356137,0.29782104,0.3451991,0.3569798
1408614180,0.25966716,0.53435045,0.20598242
1409211183,0.4993679,0.30821243,0.19241966
1409840576,0.48380655,0.32569423,0.19049922
1409867806,0.46635896,0.32311067,0.21053037
1411822936,0.3666039,0.34862918,0.2847669
1412029220,0.21093939,0.2262132,0.56284744
1412448287,0.4005507,0.39274973,0.20669958
1412652609,0.32878068,0.41582108,0.25539824
1412983904,0.36313903,0.38868123,0.24817973
1412985524,0.33447272,0.31310105,0.35242626
1413209912,0.2723351,0.3134585,0.4142064
1413238063,0.2903461,0.36971515,0.3399388
1413373334,0.2517202,0.5396267,0.20865308
1413513734,0.406242,0.36467022,0.22908774
1413670660,0.43292844,0.28800836,0.27906317
1413747691,0.38640797,0.37284356,0.2407485
1414374374,0.4557255,0.27726945,0.26700503
1415328808,0.49042916,0.2816362,0.22793464
1415549578,0.34464908,0.437134,0.2182169
1415941304,0.37477046,0.33619273,0.2890368
1416604253,0.2759242,0.40755168,0.31652415
1416627236,0.37022322,0.38908345,0.24069335
1416987693,0.26866713,0.5475342,0.1837986
1417877520,0.3614284,0.36345053,0.275121
1417944884,0.407578,0.33937293,0.2530491
1418584730,0.34640324,0.32854348,0.32505322
1419017695,0.43239242,0.3820939,0.18551362
1419304876,0.5636653,0.22125986,0.21507484
1419391644,0.38464952,0.34461808,0.2707324
1419665824,0.35188532,0.39412433,0.25399035
1419727615,0.3767163,0.37137425,0.25190943
1419883522,0.33325794,0.3517628,0.31497926
1420307543,0.3422046,0.44658703,0.21120837
1420312090,0.38787013,0.4083972,0.20373262
1420679926,0.4223164,0.32552075,0.2521628
1421153566,0.39256757,0.3686263,0.23880619
1421600217,0.39827222,0.35922116,0.24250662
1421985055,0.3481458,0.35809475,0.2937594
1422308035,0.42638472,0.36343694,0.21017836
1422367383,0.37465125,0.3895758,0.2357729
1422410442,0.3700698,0.37991798,0.25001228
1422698064,0.297568,0.32255176,0.3798802
1423300056,0.33775228,0.38737798,0.27486974
1423778615,0.4384702,0.26434112,0.2971887
1423805405,0.32003164,0.41941142,0.26055694
1423911658,0.4398483,0.2840817,0.27607
1424112235,0.34328866,0.30024752,0.35646385
1424530625,0.33792877,0.3262401,0.3358311
1424772732,0.3042288,0.4393616,0.25640962
1425252073,0.31510463,0.41632494,0.2685704
1425711336,0.33102193,0.4489842,0.21999389
1425868378,0.31546435,0.44287676,0.24165893
1425998353,0.2530594,0.5769382,0.17000239
1426353338,0.37057585,0.3531699,0.2762543
1427995444,0.3715848,0.3867393,0.2416759
1428357178,0.55486614,0.25920016,0.18593365
1428972820,0.37512988,0.37015146,0.2547187
1429843729,0.36860645,0.3399282,0.29146534
1429867107,0.23431793,0.23431793,0.5313642
1430237296,0.36690795,0.32075393,0.31233814
1430380609,0.35781676,0.3877458,0.25443745
1430591288,0.28386426,0.4292907,0.28684503
1430706633,0.23891512,0.48695558,0.27412933
1431244268,0.55012035,0.28081527,0.16906437
1431561240,0.37965852,0.41783935,0.20250212
1431593157,0.3588552,0.43442643,0.20671844
1432320829,0.37000704,0.38706905,0.24292395
1433112707,0.3775213,0.28458697,0.33789176
1433574411,0.31323403,0.34351617,0.3432498
1434827997,0.44497618,0.32967934,0.2253445
1434862334,0.32254916,0.3312347,0.34621614
1435184130,0.42209214,0.32790625,0.2500016
1435304873,0.41736397,0.35344455,0.22919151
1436548192,0.31229442,0.4951563,0.19254929
1436857961,0.3731451,0.3646084,0.26224643
1437350757,0.3234785,0.4504097,0.22611183
1437355647,0.2978934,0.41825658,0.28385004
1437410638,0.4049961,0.36737394,0.22763002
1437586926,0.3682809,0.40420395,0.22751516
1438041905,0.30010527,0.51342964,0.18646505
1438128121,0.23696725,0.49860182,0.26443094
1438353194,0.27224675,0.48957625,0.23817699
1438486745,0.25436294,0.2474837,0.4981534
1439127472,0.26030064,0.2807855,0.4589139
1439568664,0.52536297,0.28194344,0.19269362
1439782499,0.40939066,0.34113443,0.24947491
1440282830,0.38820234,0.4288395,0.1829582
1440567911,0.40266478,0.3830089,0.21432638
1441336513,0.31016636,0.41225612,0.2775775
1441836179,0.33994654,0.35861787,0.3014356
1441870881,0.44939297,0.33904475,0.21156229
1442256199,0.346253,0.34407258,0.3096744
1442260472,0.3132506,0.38485593,0.30189347
1442561220,0.35613182,0.37793422,0.26593393
1442900979,0.28601104,0.2827778,0.43121114
1443429842,0.30340475,0.24669085,0.44990444
1443727237,0.35008737,0.47811097,0.17180166
1443729346,0.47948477,0.276681,0.24383423
1444109002,0.3783518,0.39262208,0.22902614
1444137248,0.4654766,0.26456246,0.26996094
1444157431,0.31978437,0.31783408,0.36238152
1444948224,0.61342895,0.18215577,0.20441522
1445013422,0.22597231,0.21189901,0.56212866
1445380273,0.3218994,0.48101223,0.19708839
1445591795,0.23851447,0.58548903,0.17599654
1445813076,0.3574426,0.42019108,0.2223663
1446934935,0.37601244,0.35197872,0.27200878
1447053421,0.39178723,0.39549577,0.212717
1447191243,0.33172315,0.34901428,0.31926256
1447212806,0.39462918,0.41621226,0.18915853
1447237864,0.37697318,0.37913966,0.24388716
1447385104,0.39885706,0.3394947,0.26164824
1447804766,0.38365006,0.39568454,0.2206654
1447852204,0.320886,0.30825514,0.37085885
1448104672,0.41927546,0.3282786,0.25244597
1448844633,0.37375036,0.41119438,0.21505532
1448901255,0.3558157,0.43813694,0.20604736
1449197224,0.34271544,0.3807463,0.2765382
1449295660,0.3932293,0.38788998,0.21888077
1449550731,0.45541435,0.3311161,0.21346954
1449995580,0.40951532,0.33732623,0.25315845
1450028060,0.31681508,0.312532,0.37065294
1450518347,0.3486051,0.3226096,0.3287853
1450520175,0.24326104,0.4644845,0.2922545
1450647967,0.38764602,0.39500707,0.2173469
1450871500,0.4737512,0.31330317,0.21294564
1451017107,0.3392308,0.35852176,0.30224743
1451341376,0.29620606,0.45602095,0.24777302
1451545611,0.3582208,0.25717175,0.38460743
1451597310,0.27387863,0.30767375,0.4184476
1452271188,0.295717,0.48966306,0.21461993
1452304381,0.44567278,0.33762687,0.21670038
1452605611,0.3958724,0.37230623,0.23182139
1455101204,0.38218874,0.3538506,0.26396066
1455343712,0.4315232,0.37288105,0.19559576
1455801967,0.5768913,0.23732102,0.18578768
1456186013,0.4504407,0.3404581,0.20910119
1456456190,0.35435316,0.31429112,0.33135575
1456586760,0.3839143,0.29627764,0.31980807
1456599378,0.3579389,0.40254867,0.23951246
1457370254,0.48194852,0.28630015,0.2317513
1458448200,0.4115849,0.34819752,0.24021755
1458722598,0.3543197,0.4129213,0.23275895
1458726906,0.4467336,0.28034943,0.27291697
1458803002,0.30557346,0.44681942,0.24760716
1460763692,0.46320456,0.29389876,0.24289665
1460777313,0.31731343,0.36397433,0.31871223
1461105030,0.25500685,0.3408674,0.4041257
1461351531,0.36717957,0.4211207,0.21169975
1461801004,0.34939337,0.39039055,0.26021612
1461831098,0.29443932,0.4764061,0.22915459
1462439817,0.4146592,0.36202085,0.22331995
1462665238,0.29720822,0.4858447,0.21694711
1462920557,0.61413205,0.1946728,0.19119516
1463103549,0.3385397,0.3516457,0.3098146
1463555532,0.37320802,0.3550011,0.2717909
1464313188,0.30413896,0.36086333,0.3349977
1464325571,0.36517978,0.32282963,0.31199056
1464981528,0.39105016,0.3711497,0.23780012
1465276384,0.3663004,0.34842694,0.28527266
1465325584,0.36953384,0.40746748,0.22299871
1465557184,0.32605514,0.35667098,0.31727386
1466245725,0.4330896,0.3479048,0.21900558
1467158055,0.3733539,0.4059135,0.22073266
1467910517,0.5203551,0.29682782,0.18281707
1467910916,0.33390838,0.47286257,0.19322902
1468236178,0.25772554,0.490573,0.25170147
1469905239,0.390231,0.43171757,0.17805141
1471073707,0.3669011,0.343593,0.2895059
1471132823,0.35416788,0.3892625,0.25656962
1471139289,0.3765096,0.36656722,0.25692314
1471678715,0.41030234,0.4045835,0.18511418
1472189638,0.53348714,0.29128253,0.17523032
1472549789,0.39398855,0.3319937,0.27401772
1472926704,0.35279143,0.40043634,0.24677224
1473551948,0.41012686,0.35384974,0.23602337
1473937061,0.34245813,0.40245366,0.2550882
1474468008,0.2987378,0.2987378,0.40252438
1475156380,0.3824731,0.36032766,0.25719926
1475227311,0.40912062,0.27775174,0.3131277
1475346356,0.33948463,0.4105649,0.24995041
1475698410,0.37117112,0.33968422,0.2891447
1475805146,0.24172509,0.57742393,0.18085104
1476020733,0.30737728,0.47644937,0.21617335
1476216165,0.33751857,0.4684669,0.19401455
1476506854,0.26156253,0.5509616,0.18747583
1476896310,0.38806516,0.38061118,0.23132367
1476988458,0.30170947,0.32430112,0.37398943
1477326277,0.37889796,0.29045972,0.33064234
1477474706,0.40716583,0.39536858,0.1974656
1477883264,0.42096207,0.3885909,0.19044703
1478080480,0.5124717,0.30406076,0.18346758
1478912929,0.603022,0.21588969,0.18108839
1479445704,0.31410366,0.34622645,0.33966988
1479503347,0.2767077,0.50575924,0.2175331
1479796282,0.3081916,0.3854402,0.30636823
1479797018,0.40326226,0.33762145,0.25911626
1480395000,0.47794616,0.30010867,0.22194517
1480630717,0.38626057,0.41359335,0.20014605
1480780953,0.41076243,0.4093917,0.1798459
1480799350,0.37794632,0.4070493,0.2150044
1481659681,0.40662903,0.31077814,0.28259283
1481948101,0.30887985,0.44370732,0.24741283
1482845240,0.45416075,0.3614079,0.18443133
1483028275,0.42396125,0.32584155,0.25019723
1483281879,0.37596762,0.33328885,0.29074353
1483862884,0.36308128,0.45339984,0.18351892
1484073794,0.51409256,0.31165102,0.17425644
1484391941,0.38818341,0.37451148,0.2373051
1484818777,0.32768545,0.4609186,0.21139596
1485568397,0.37053728,0.3624488,0.26701394
1485680685,0.25615212,0.41280526,0.3310426
1486097170,0.31056768,0.3530159,0.33641648
1486325821,0.4385997,0.36913994,0.19226035
1486394904,0.30960336,0.42023557,0.27016103
1486534071,0.3843941,0.3796714,0.2359345
1486731060,0.26450393,0.259932,0.475564
1486797551,0.3703648,0.36983943,0.25979578
1487224347,0.39441895,0.26361796,0.34196305
1487259674,0.34568918,0.38761896,0.26669186
1487498318,0.47118294,0.2937182,0.2350989
1488106583,0.3183509,0.32816967,0.35347942
1488827969,0.47131515,0.25638098,0.27230388
1489017939,0.52014303,0.29880756,0.18104942
1489777227,0.2861452,0.47362185,0.24023299
1489796800,0.21457598,0.56476617,0.2206578
1490258669,0.36438423,0.3465869,0.28902888
1490293298,0.40841523,0.3463418,0.24524297
1490412221,0.31811744,0.3246074,0.3572752
1490466138,0.30640388,0.47271895,0.22087717
1490540396,0.36965173,0.37951684,0.25083143
1490699511,0.4283753,0.37083912,0.20078555
1491922788,0.5329045,0.2503553,0.21674019
1492156199,0.43669364,0.34482643,0.21847999
1492697719,0.4367048,0.33113825,0.2321569
1493627611,0.37913227,0.41666335,0.20420435
1494727532,0.40189958,0.35850894,0.23959152
1495000082,0.33062732,0.45005313,0.21931957
1495237110,0.30474988,0.3475517,0.34769845
1495329354,0.35571855,0.42858404,0.21569744
1495359329,0.48548043,0.3040861,0.2104335
1495406024,0.4256273,0.3670292,0.20734355
1495572148,0.44335324,0.3701294,0.18651737
1496091119,0.52560633,0.28627113,0.18812254
1496387486,0.3051652,0.48088878,0.21394604
1496562719,0.3328836,0.34912118,0.3179952
1496807017,0.3295124,0.38631958,0.28416803
1498262173,0.41137612,0.3417427,0.24688113
1498367412,0.17446274,0.19113228,0.634405
1498929995,0.4339385,0.38218188,0.18387958
1498977780,0.3366545,0.35551256,0.30783293
1499887959,0.37790376,0.36647403,0.2556222
1500235216,0.3219939,0.3538915,0.32411462
1501121004,0.3601061,0.43261197,0.20728198
1502267284,0.2743808,0.4380548,0.2875644
1502341756,0.3157161,0.4442202,0.2400637
1502381163,0.4839446,0.3115661,0.20448928
1502563502,0.43863308,0.23719937,0.32416755
1503587299,0.385831,0.3898067,0.22436231
1503853032,0.3761465,0.35022372,0.27362978
1504104102,0.32053804,0.37891418,0.30054778
1504450129,0.5059755,0.2735607,0.22046372
1504598168,0.54622644,0.24915293,0.20462061
1504623753,0.38685066,0.37670147,0.23644784
1505080914,0.3108439,0.47672033,0.21243575
1505196339,0.3869869,0.2958785,0.31713462
1505524798,0.31538746,0.39978164,0.28483093
1506175274,0.34275866,0.356897,0.30034435
1506414136,0.3684258,0.38399106,0.24758315
1506820469,0.41536373,0.41654676,0.16808954
1507029210,0.44789433,0.30988014,0.2422255
1507404477,0.4225719,0.41106397,0.16636418
1507845676,0.39405292,0.3688168,0.23713028
1507901581,0.331545,0.41184115,0.25661388
1508878309,0.33311412,0.44467735,0.22220856
1509183665,0.35249552,0.3347595,0.31274495
1509306344,0.36882395,0.39099583,0.24018022
1510303905,0.2669422,0.5439312,0.1891266
1510497363,0.34071165,0.43833208,0.22095627
1510660333,0.58220005,0.22133952,0.19646049
1510940584,0.33761257,0.2978903,0.3644971
1511158900,0.4022439,0.3404762,0.25727978
1511218616,0.46439818,0.29091406,0.24468774
1511233801,0.37472975,0.38682258,0.23844767
1511347659,0.39720666,0.37835377,0.22443956
1511620109,0.41530722,0.3432494,0.24144337
1511646457,0.3487193,0.43690714,0.21437351
1512076194,0.47713822,0.31733483,0.20552696
1512514439,0.39940012,0.38179296,0.2188069
1513002550,0.47048122,0.27583122,0.25368753
1513049021,0.4136532,0.3586401,0.2277067
1513052051,0.39532954,0.405854,0.19881648
1513171026,0.25742003,0.44219857,0.30038142
1513309064,0.43738443,0.3319517,0.23066388
1513369985,0.3409052,0.43283108,0.22626379
1513520425,0.36170614,0.3394277,0.29886612
1513678923,0.35646343,0.37213054,0.271406
1514001349,0.374656,0.38893786,0.23640616
1514956624,0.37138352,0.3640194,0.26459712
1515069149,0.39176095,0.3545289,0.2537101
1515637166,0.2915994,0.5175271,0.1908735
1516158349,0.58011365,0.21889569,0.2009907
1516395716,0.35654348,0.4345299,0.2089267
1516397428,0.42098653,0.37815017,0.20086324
1516514336,0.3850347,0.3516723,0.26329303
1517088078,0.37465575,0.39378828,0.23155597
1518371001,0.27823952,0.33774018,0.38402027
1518766533,0.40636554,0.40046084,0.19317366
1519164906,0.34343684,0.30418906,0.35237414
1520888300,0.26083484,0.46415246,0.27501273
1520911187,0.39820907,0.37464786,0.22714306
1521030386,0.41576898,0.38390082,0.2003302
1521099176,0.32469815,0.36763746,0.30766436
1521301511,0.3256427,0.46230537,0.21205193
1521647061,0.33918393,0.3255319,0.3352842
1522439651,0.28465182,0.3787767,0.33657148
1522698074,0.35905713,0.35650176,0.28444105
1522795622,0.48316652,0.3110947,0.20573875
1522857725,0.3839319,0.4106979,0.20537017
1523306892,0.2118129,0.5931267,0.1950604
1523525552,0.29666173,0.42877567,0.2745626
1524830027,0.41171482,0.38524824,0.20303701
1524859658,0.26562127,0.54371583,0.19066289
1525165665,0.33515924,0.44722006,0.21762072
1525216628,0.31850493,0.41044044,0.27105466
1525433883,0.30864745,0.4633997,0.22795285
1525500913,0.3290342,0.31101316,0.35995263
1526691548,0.464733,0.26545617,0.26981083
1527041910,0.49265432,0.298696,0.20864964
1527064372,0.42471677,0.28939196,0.28589126
1527700339,0.44705456,0.28403506,0.2689104
1527802091,0.2524482,0.39308396,0.35446784
1527951198,0.35274795,0.36024278,0.2870093
1528196735,0.34644452,0.3940702,0.25948524
1528604817,0.43373972,0.3381011,0.2281592
1528707692,0.26057452,0.54919624,0.19022922
1528883502,0.37924266,0.34454226,0.27621508
1530535957,0.4164716,0.35989738,0.22363101
1530708455,0.32082498,0.3138959,0.3652791
1530797787,0.2411282,0.5792314,0.17964041
1530968534,0.2999949,0.47987884,0.22012624
1531027580,0.4224369,0.3592779,0.21828514
1531876671,0.25832844,0.34235063,0.39932096
1532372060,0.3405135,0.44870663,0.21077994
1532504020,0.29595906,0.48536083,0.21868005
1532684934,0.39361316,0.38741928,0.21896759
1533750038,0.4184485,0.34190536,0.2396461
1533862320,0.29511642,0.46047652,0.244407
1533990996,0.30185407,0.28483564,0.4133103
1534802115,0.35917497,0.4339733,0.20685169
1534868674,0.28838643,0.36552036,0.34609318
1534982842,0.30314764,0.43897325,0.25787908
1535137484,0.28083372,0.4703006,0.2488657
1535473666,0.37100658,0.35711372,0.2718797
1536253733,0.3633735,0.40413246,0.23249406
1536577081,0.45274982,0.33507416,0.21217602
1536633816,0.5120399,0.30131295,0.18664713
1536686767,0.27116647,0.44886625,0.27996728
1536742701,0.40466025,0.31503326,0.28030646
1536767653,0.32664636,0.4226495,0.25070414
1537013662,0.27073845,0.43976742,0.2894941
1537112653,0.31414187,0.45724368,0.22861445
1537441725,0.32642612,0.44088423,0.23268968
1537593110,0.43143338,0.35754526,0.21102133
1538264638,0.3736066,0.33498794,0.2914055
1538468471,0.44158736,0.32190132,0.23651129
1538571078,0.2502336,0.52816194,0.2216045
1539417046,0.4055673,0.3193941,0.2750386
1539939826,0.33042374,0.44329882,0.22627747
1540569892,0.4485017,0.26764044,0.28385782
1541141951,0.28224272,0.4310044,0.28675288
1541247007,0.3200009,0.48338932,0.19660982
1541396482,0.38358518,0.361489,0.25492585
1541518737,0.30765608,0.42201152,0.2703324
1541658215,0.3784399,0.37899435,0.24256572
1542068390,0.40306443,0.40284812,0.19408754
1542419911,0.3686993,0.38747644,0.24382421
1543500331,0.37130517,0.3640944,0.26460046
1544214684,0.49634773,0.26939073,0.23426154
1544748788,0.35290015,0.42664078,0.22045904
1544830034,0.49912184,0.29393446,0.20694366
1544908485,0.32916066,0.2744683,0.396371
1545284886,0.36803252,0.40453178,0.22743571
1545631722,0.46587348,0.3372008,0.19692571
1547141067,0.38863325,0.3791377,0.23222904
1547353162,0.2582457,0.31609923,0.42565513
1547453082,0.35407805,0.27639782,0.36952412
1547546041,0.20209292,0.19863716,0.5992699
1547841983,0.4021546,0.28003728,0.31780812
1548873900,0.39530677,0.38215137,0.2225419
1549044417,0.57209563,0.25060385,0.17730048
1549153878,0.31159836,0.47875518,0.20964646
1549949173,0.38471848,0.39714777,0.2181337
1549973929,0.3752703,0.37010735,0.2546223
1550514150,0.41848832,0.30941713,0.27209458
1550656612,0.22738469,0.5977987,0.17481661
1550795672,0.42424554,0.37946337,0.19629106
1550844379,0.30828387,0.3728537,0.3188624
1551062178,0.3655581,0.32779738,0.30664453
1551084385,0.36551,0.40027684,0.2342132
1551129623,0.34295106,0.3949484,0.26210055
1551260564,0.39459988,0.41116655,0.19423357
1551696258,0.24755016,0.3315909,0.42085898
1551797389,0.2806337,0.5101863,0.20917994
1552224995,0.5508102,0.27647245,0.17271736
1552340367,0.33977076,0.4448642,0.21536502
1552410386,0.26517838,0.47938633,0.25543526
1552940599,0.41179335,0.34011504,0.24809164
1553201456,0.43363452,0.33173555,0.23462988
1553218294,0.373102,0.3313672,0.2955308
1553373252,0.4314923,0.34001613,0.22849157
1553645528,0.36466524,0.33876258,0.2965722
1553679197,0.2747599,0.50138295,0.22385713
1553725051,0.35005248,0.38624686,0.26370072
1553882021,0.28415555,0.30805972,0.40778473
1553909298,0.25812608,0.53091955,0.21095438
1554287998,0.3067044,0.35216254,0.34113306
1554781189,0.49989593,0.259425,0.24067906
1554876073,0.486113,0.29226965,0.22161731
1554904678,0.54809403,0.25852406,0.19338188
1554955387,0.3680389,0.42959243,0.20236868
1555004370,0.35822797,0.36613083,0.2756411
1555074341,0.3042444,0.36461928,0.33113632
1555347282,0.27542084,0.3666088,0.3579703
1556559670,0.3306577,0.3391994,0.33014295
1556711386,0.36954924,0.37633744,0.25411335
1557032898,0.37048343,0.3112992,0.31821734
1557738162,0.425649,0.29188272,0.2824683
1559075212,0.42958552,0.33274257,0.23767194
1559458337,0.40570548,0.34529722,0.24899727
1559534124,0.33217198,0.3683871,0.29944092
1559661876,0.3904693,0.38982803,0.21970263
1560559027,0.32424158,0.456254,0.21950445
1561095959,0.27599683,0.50972307,0.21428013
1561410669,0.34015498,0.4572437,0.20260134
1561527695,0.3547663,0.35192382,0.29330984
1562519912,0.37677872,0.3863986,0.23682268
1563323824,0.3705777,0.4089855,0.2204368
1563872364,0.34606838,0.34186602,0.3120656
1564226033,0.33137715,0.38481677,0.2838061
1564239543,0.21331775,0.61015534,0.1765269
1564581222,0.35743135,0.36268258,0.27988607
1564828312,0.43957913,0.32590765,0.23451322
1565307318,0.32314014,0.4587812,0.21807867
1565997086,0.5294819,0.24885187,0.22166626
1566333063,0.30564842,0.31640548,0.37794608
1566998417,0.38784367,0.34757453,0.26458186
1567471829,0.26438224,0.25017467,0.48544312
1567627585,0.3660152,0.36598507,0.26799977
1568002876,0.3661825,0.3548298,0.2789877
1568040670,0.41809887,0.32097566,0.2609255
1568478348,0.46738487,0.32115173,0.21146342
1568492487,0.374075,0.39278305,0.23314199
1568501452,0.3377271,0.43602073,0.22625218
1568625656,0.29806262,0.537999,0.16393843
1569385777,0.3903186,0.36171466,0.24796675
1569413239,0.5428786,0.2304722,0.2266492
1569547253,0.38313672,0.3638048,0.25305846
1569564995,0.35248786,0.35508493,0.29242718
1571188414,0.38385424,0.3639849,0.25216085
1571686421,0.4699691,0.26306364,0.26696727
1571798971,0.49203622,0.28449374,0.22347006
1572221135,0.28133997,0.51046664,0.20819339
1572825440,0.5115109,0.2718091,0.21667999
1572883570,0.34589818,0.32593456,0.32816723
1574701586,0.34717107,0.34153935,0.31128955
1574775583,0.3236701,0.3181395,0.35819042
1574930326,0.28823602,0.29035717,0.4214068
1575308048,0.50905037,0.29545164,0.19549799
1576689479,0.35705778,0.43588644,0.20705578
1576777248,0.29484648,0.32171446,0.3834391
1577250774,0.39912987,0.362302,0.23856813
1577762101,0.42770973,0.3715766,0.20071365
1578411592,0.3787216,0.38447005,0.23680837
1579217754,0.30126527,0.3728278,0.325907
1579445562,0.32598844,0.45554328,0.21846828
1579935000,0.30901802,0.39492378,0.2960582
1580337118,0.41110343,0.3384902,0.25040638
1580619484,0.3719211,0.4219594,0.20611948
1580712475,0.2760764,0.53581876,0.18810482
1581177564,0.3990074,0.38433054,0.21666205
1581537748,0.3084295,0.4106486,0.28092188
1581550549,0.43218982,0.3759803,0.19182986
1582297086,0.37067086,0.38165063,0.24767852
1582350819,0.36422616,0.39066178,0.24511203
1582794382,0.50030714,0.29604343,0.2036494
1582802158,0.35984135,0.3960744,0.24408424
1583682428,0.5190432,0.25844106,0.22251572
1583689516,0.41331974,0.3650273,0.221653
1584042913,0.31238148,0.49262714,0.1949914
1584154088,0.28466672,0.43662268,0.27871054
1584319326,0.36137015,0.40142843,0.23720142
1585770712,0.32967746,0.4020368,0.26828575
1585897717,0.3011731,0.4239999,0.274827
1586069044,0.25473326,0.27018452,0.47508222
1586375920,0.36654314,0.41025412,0.22320276
1586857881,0.5061801,0.28911927,0.20470059
1587129029,0.3466562,0.37204182,0.28130198
1587229964,0.3691273,0.4090504,0.2218223
1587369139,0.3194515,0.41772324,0.26282525
1587697011,0.39733464,0.39361784,0.20904754
1587753938,0.307706,0.4876808,0.2046131
1588126229,0.22796547,0.5691592,0.20287535
1589757642,0.36671895,0.4343437,0.19893736
1589764093,0.3530153,0.38715744,0.25982726
1589910225,0.22501066,0.21893993,0.55604935
1589939299,0.3676392,0.31741643,0.3149444
1590067936,0.2834729,0.51648045,0.20004675
1590075784,0.51965463,0.21235314,0.26799223
1590408602,0.27634537,0.31343305,0.41022158
1590591449,0.34975046,0.32071024,0.3295393
1590598939,0.22946148,0.5570555,0.21348307
1591920465,0.3718155,0.37290764,0.2552769
1592133882,0.38803333,0.33961314,0.27235356
1594311882,0.30252257,0.4421754,0.255302
1594445523,0.38662732,0.35545337,0.25791934
1594498127,0.35030282,0.43661278,0.21308443
1595377227,0.3231622,0.28730127,0.38953653
1596201323,0.3916811,0.37701768,0.23130116
1597465855,0.49026692,0.30377552,0.20595756
1597487201,0.28166476,0.4970718,0.22126341
1597899743,0.23457536,0.23457536,0.5308493
1597928032,0.35712433,0.42366785,0.21920785
1598311169,0.34054995,0.43671602,0.222734
1598313063,0.41650122,0.3638218,0.21967696
1598470203,0.30689174,0.35061255,0.34249568
1599855449,0.3010812,0.45117962,0.24773918
1600117485,0.29557976,0.4853814,0.21903887
1600132077,0.6206048,0.19152936,0.18786588
1600360079,0.41578054,0.40391988,0.1802996
1600632475,0.4894648,0.28472924,0.225806
1601791999,0.6107757,0.19356766,0.19565663
1602959815,0.3863592,0.4128952,0.20074555
1603272196,0.28317946,0.4729366,0.24388391
1603293209,0.25106022,0.45775205,0.29118776
1603477085,0.5099838,0.29912502,0.19089124
1603615529,0.30658937,0.48181766,0.21159302
1603902456,0.4887553,0.27186146,0.23938322
1604354080,0.41111702,0.24307923,0.34580374
1604451525,0.39544168,0.34386683,0.26069152
1604632236,0.35387373,0.3983393,0.24778697
1605149851,0.29216623,0.39987195,0.30796182
1606413043,0.41079342,0.3746766,0.21453002
1606831933,0.38360214,0.3455834,0.27081448
1606898230,0.44338784,0.3725338,0.18407837
1606954393,0.35636038,0.3531699,0.29046977
1607125870,0.3900529,0.32549548,0.28445163
1608034386,0.44637996,0.30905667,0.24456334
1608550087,0.3202628,0.4403974,0.23933981
1608875178,0.35359845,0.4094658,0.23693572
1608912898,0.32414782,0.32849088,0.34736133
1609244394,0.40059054,0.34182876,0.25758073
1610002162,0.37157756,0.33507538,0.29334706
1610673413,0.40065002,0.357029,0.24232098
1610904870,0.42588118,0.3321345,0.24198434
1610986709,0.3118806,0.42756662,0.26055276
1611220920,0.288055,0.39803094,0.313914
1611390904,0.3848688,0.37326154,0.24186963
1611788807,0.4207283,0.35312134,0.2261504
1612520933,0.3183235,0.48112226,0.20055425
1612551938,0.4581408,0.3171995,0.22465974
1613053708,0.36857846,0.38506955,0.24635199
1613723897,0.45291466,0.25124636,0.29583895
1613730522,0.34907675,0.37750024,0.27342302
1614303339,0.26157475,0.49818546,0.24023978
1614628465,0.34021118,0.3777504,0.28203845
1614908783,0.30965665,0.4460987,0.2442447
1614976085,0.46713993,0.25270194,0.28015816
1615144035,0.3957809,0.36056936,0.24364977
1615372878,0.42016542,0.35757062,0.2222639
1615866629,0.41500324,0.34313166,0.24186505
1616031884,0.41810602,0.3189456,0.2629484
1616152487,0.32105345,0.4617178,0.21722873
1617139899,0.31901163,0.45263487,0.2283535
1617422523,0.38319188,0.29311246,0.3236957
1617428432,0.475774,0.3085745,0.21565156
1617689788,0.476893,0.2835146,0.23959239
1618838240,0.3135277,0.3338608,0.35261148
1619193804,0.3485309,0.3987797,0.2526894
1619868629,0.35229987,0.37552541,0.27217466
1620144338,0.40792915,0.34788424,0.24418662
1620207100,0.3357594,0.47700638,0.18723416
1620289124,0.41219485,0.33029002,0.25751516
1620304113,0.33009046,0.4180825,0.251827
1621208717,0.33516157,0.37084448,0.29399398
1622671933,0.2508683,0.5523809,0.19675076
1622673265,0.33835468,0.41628408,0.24536121
1622891962,0.3090083,0.310117,0.38087463
1623099398,0.47982284,0.29610246,0.22407463
1623516824,0.3808968,0.3220231,0.2970801
1624313151,0.39819154,0.37228483,0.22952366
1624757320,0.32562762,0.44419813,0.23017426
1624828141,0.3713975,0.36090672,0.26769578
1625602571,0.32223004,0.4253404,0.25242954
1626654591,0.47897348,0.27073848,0.250288
1627191492,0.2936672,0.33075988,0.37557286
1627229695,0.30630803,0.45358995,0.240102
1628342755,0.38305247,0.40406328,0.21288423
1629430583,0.4625653,0.3319217,0.20551305
1629490348,0.38827735,0.35398012,0.2577425
1629844417,0.51329327,0.28104,0.20566669
1630201954,0.49573427,0.29123977,0.21302602
1631273603,0.42602468,0.32198662,0.25198874
1631317115,0.39450812,0.3929118,0.21258014
1632104586,0.3401588,0.41613522,0.24370599
1632858431,0.34578001,0.44721726,0.20700273
1632953271,0.4240641,0.35228562,0.2236503
1633241469,0.43771,0.34733903,0.21495101
1633505414,0.35585606,0.35456795,0.28957593
1633665893,0.4091795,0.3299626,0.26085788
1633754432,0.41528684,0.26286837,0.32184476
1634219871,0.27033526,0.25212732,0.47753742
1634834243,0.5713158,0.25575587,0.1729283
1635001758,0.30728662,0.32885283,0.3638605
1635232855,0.39243305,0.35031447,0.25725248
1635310269,0.41099638,0.33758277,0.25142086
1635684715,0.39416975,0.38417506,0.22165519
1636141550,0.34398916,0.38252008,0.2734908
1636822861,0.30697602,0.48926142,0.20376255
1637443261,0.26790285,0.2695535,0.46254367
1638183555,0.3843589,0.4025051,0.21313608
1638463728,0.30485943,0.35875654,0.336384
1639500481,0.44983703,0.32539535,0.22476766
1639593061,0.33730596,0.27916068,0.38353336
1640160353,0.3912843,0.3352292,0.27348652
1642197267,0.31615895,0.38898745,0.29485366
1642518521,0.4030801,0.39638883,0.20053104
1643104813,0.49261475,0.30051953,0.20686574
1643322598,0.5145234,0.26472074,0.22075586
1644787044,0.43830276,0.36398512,0.1977121
1645229794,0.394853,0.2939781,0.3111689
1645787545,0.44714636,0.32071388,0.2321398
1646082693,0.4013562,0.4174369,0.18120691
1646826685,0.5249431,0.26661813,0.20843875
1647546367,0.4240586,0.32855302,0.24738838
1649351237,0.3018672,0.48698407,0.21114871
1651187922,0.37635985,0.38166717,0.24197301
1652126586,0.25196394,0.4867478,0.2612883
1652291382,0.36693734,0.42122424,0.21183842
1652531350,0.31068465,0.35960373,0.32971162
1652792860,0.3103742,0.47815144,0.21147436
1653334182,0.27422202,0.2783398,0.44743812
1653588813,0.5952325,0.20451717,0.2002503
1653740181,0.3605243,0.40092254,0.23855317
1653843063,0.1807129,0.1807129,0.6385743
1654327221,0.38867795,0.357942,0.2533801
1654881958,0.35091615,0.4119303,0.23715356
1655058446,0.3000533,0.28271237,0.41723436
1655114738,0.38659394,0.40239704,0.21100906
1655378336,0.3224912,0.42366296,0.25384584
1655571051,0.33144754,0.32352096,0.34503147
1655994004,0.35412005,0.23572388,0.41015613
1656140776,0.4948935,0.30706546,0.19804108
1656632135,0.2758338,0.45284885,0.27131742
1656754661,0.3566074,0.4028448,0.2405478
1657200409,0.28147885,0.39137697,0.32714415
1657759741,0.41103706,0.38169497,0.20726794
1658091375,0.3996963,0.3859443,0.21435942
1658136568,0.31876367,0.39934963,0.28188667
1658234476,0.3085348,0.3023759,0.38908923
1658601689,0.4188972,0.36445743,0.21664539
1660194260,0.29123384,0.40607774,0.30268845
1660206435,0.35786682,0.29918513,0.34294802
1660834991,0.4062715,0.38383752,0.20989102
1660963111,0.27354652,0.52524984,0.20120361
1661148128,0.3800738,0.35007796,0.2698483
1661689420,0.4065143,0.36927742,0.2242083
1663079419,0.41188496,0.33668172,0.2514333
1663313775,0.46698815,0.3408513,0.1921605
1664470078,0.25835475,0.4820118,0.25963348
1665984121,0.45101297,0.32219583,0.22679123
1666010371,0.44512063,0.32085654,0.23402284
1666588070,0.35215324,0.41526234,0.23258442
1666967204,0.39199114,0.38553447,0.22247446
1667126340,0.42105532,0.3476685,0.23127618
1667140906,0.33362392,0.40543857,0.26093748
1668006188,0.2550791,0.5308622,0.21405865
1668297032,0.3651269,0.40869486,0.22617826
1668387390,0.5662831,0.2516411,0.18207577
1668648035,0.35026184,0.4264088,0.2233294
1669040278,0.35241073,0.39679658,0.25079268
1669166307,0.38286787,0.26864666,0.34848547
1669525885,0.2495436,0.53196704,0.21848938
1669673378,0.5561846,0.24751568,0.19629973
1669785737,0.379799,0.3767074,0.24349356
1671263116,0.3692527,0.40255326,0.22819406
1671664753,0.48182562,0.31487313,0.20330128
1671785648,0.3403051,0.445272,0.21442291
1671873783,0.2632118,0.37064445,0.36614376
1671915015,0.28119874,0.27765876,0.44114256
1672029127,0.38135278,0.27009767,0.34854957
1672035138,0.42165384,0.37984675,0.19849944
1673323691,0.28174174,0.4414622,0.276796
1673478767,0.30686584,0.46001625,0.23311791
1673666349,0.30262125,0.426861,0.2705177
1673702883,0.31067333,0.46153796,0.22778872
1673912763,0.40157488,0.35857987,0.23984528
1673955358,0.29499346,0.5111115,0.19389504
1674679907,0.32788327,0.48795342,0.18416327
1675620494,0.35127717,0.40345028,0.24527252
1675914102,0.5142554,0.29866314,0.18708149
1676062736,0.35702485,0.34984893,0.29312629
1676227858,0.3079141,0.3066834,0.3854025
1676273548,0.3670951,0.39644653,0.23645833
1677242381,0.37591127,0.3636687,0.26042002
1677553340,0.32140705,0.38080812,0.2977848
1677738230,0.36664498,0.37070912,0.26264587
1677809052,0.34108338,0.34219733,0.3167193
1678200318,0.17635565,0.17635565,0.64728874
1678815652,0.3387159,0.44974256,0.2115415
1679553979,0.376198,0.4315446,0.19225737
1680685432,0.3137322,0.49924272,0.18702504
1681040594,0.35432753,0.38678938,0.25888312
1681611792,0.39266837,0.36351502,0.24381658
1682194961,0.5402205,0.26327077,0.19650869
1682822014,0.3068983,0.46128243,0.23181927
1682984573,0.22444065,0.3005128,0.47504652
1683254323,0.3967656,0.35897356,0.24426088
1683484911,0.3760667,0.42203748,0.20189579
1684203788,0.42698663,0.36607248,0.20694089
1684993745,0.26368034,0.52044153,0.2158781
1685879684,0.37051982,0.39965358,0.2298266
1685885634,0.35543627,0.42158625,0.22297749
1686107167,0.38163945,0.3736848,0.2446758
1686140115,0.3990139,0.40838122,0.19260487
1686142038,0.3699851,0.4189418,0.2110731
1687216565,0.36478555,0.44748855,0.18772593
1687232744,0.2664743,0.43453467,0.29899096
1687337733,0.37067813,0.4133408,0.2159811
1687692727,0.38492197,0.31169564,0.30338237
1687915846,0.4113113,0.31633717,0.2723515
1688248069,0.41110647,0.36536926,0.22352427
1688892099,0.34932718,0.3717347,0.2789381
1689008603,0.44728613,0.3253277,0.22738613
1689252365,0.31146574,0.47511286,0.2134214
1689271145,0.23492251,0.24665125,0.5184262
1689398549,0.3640049,0.40810126,0.2278938
1689402367,0.46945322,0.33343282,0.19711396
1689499112,0.39980745,0.39418352,0.20600897
1689615491,0.34951884,0.3392173,0.31126386
1689991625,0.39714748,0.3860098,0.21684271
1690050955,0.3301152,0.32916746,0.34071732
1690267598,0.32719937,0.35340768,0.31939304
1690373429,0.47213605,0.332138,0.19572596
1690439167,0.6024872,0.23213823,0.16537455
1690485976,0.42381364,0.32592523,0.25026113
1690685797,0.29925677,0.22536477,0.47537845
1691186528,0.64850897,0.18622649,0.16526453
1693292490,0.22669975,0.5589062,0.21439406
1693485743,0.31409955,0.4204197,0.26548076
1693631013,0.41273385,0.3148228,0.27244335
1694211372,0.37409016,0.44400176,0.1819081
1694258244,0.3298553,0.40420336,0.26594138
1694571465,0.3003117,0.35686022,0.34282804
1695206934,0.43799075,0.34370202,0.21830726
1695654023,0.39950097,0.363204,0.237295
1695830809,0.36893708,0.4161606,0.21490228
1695997730,0.27853233,0.5321756,0.18929207
1696225496,0.45658922,0.29771996,0.24569085
1696379674,0.44037753,0.31589317,0.2437293
1696641753,0.44638273,0.32786596,0.22575128
1696658626,0.27226168,0.574453,0.15328526
1696907992,0.49576008,0.2957505,0.20848939
1696982206,0.2733863,0.47875383,0.24785987
1698059832,0.32284665,0.48321962,0.1939337
1698127899,0.26894283,0.4586669,0.2723903
1698702990,0.38456994,0.3802908,0.23513925
1698850592,0.39558768,0.38409904,0.22031325
1698963541,0.39633542,0.38523865,0.2184259
1699243713,0.39889324,0.38771376,0.21339303
1699285355,0.3522151,0.40403888,0.24374598
1699512360,0.3748886,0.3771197,0.24799174
1699569790,0.27296644,0.51500905,0.21202452
1699832756,0.4151358,0.3391061,0.24575809
1700256370,0.3996433,0.34255034,0.25780636
1700352394,0.35416055,0.37082875,0.2750107
1700652019,0.30163097,0.464747,0.23362201
1701217726,0.37924978,0.3686889,0.2520613
1701638473,0.34551322,0.36621165,0.28827512
1702145843,0.34047675,0.36861092,0.29091227
1703548604,0.33524722,0.4321795,0.23257327
1703889886,0.51657164,0.26958552,0.21384284
1703895468,0.2869703,0.42418092,0.28884882
1704692568,0.33423525,0.37266827,0.29309645
1705445646,0.32167798,0.4536425,0.2246795
1705786553,0.37591738,0.4104588,0.21362382
1705863007,0.401547,0.35700655,0.2414464
1707031096,0.38240886,0.28814062,0.32945055
1707081517,0.36667705,0.4097118,0.22361115
1707163399,0.34315115,0.32310337,0.33374542
1707564207,0.37311754,0.38799995,0.23888247
1707822137,0.3253139,0.39134675,0.28333938
1708167982,0.36086422,0.37593764,0.2631981
1708213509,0.33628672,0.40615883,0.25755453
1708958780,0.36713955,0.34235078,0.29050964
1710820207,0.38847136,0.37743515,0.23409352
1710896336,0.5632423,0.20940325,0.22735444
1711164857,0.30768448,0.48642963,0.2058859
1711235741,0.51739436,0.27086303,0.21174258
1711701456,0.41543218,0.3827588,0.20180902
1711909230,0.41926098,0.38799343,0.19274563
1712531068,0.23557164,0.3183046,0.44612378
1712790374,0.35991487,0.40974933,0.23033577
1713049505,0.37918442,0.39776382,0.22305183
1713940675,0.49975997,0.2850891,0.2151509
1714804666,0.426141,0.32622775,0.24763124
1715103064,0.33871192,0.3873949,0.27389318
1715262239,0.25726825,0.49051377,0.25221798
1717862742,0.27926257,0.47626638,0.24447104
1718427354,0.35502937,0.3458044,0.29916623
1718649676,0.26174948,0.21672428,0.5215262
1719289825,0.34145176,0.4457727,0.21277556
1719493024,0.3204057,0.36056903,0.31902522
1720573431,0.30962348,0.32420117,0.36617538
1720811875,0.34443817,0.3053552,0.35020664
1721046154,0.40187883,0.35238954,0.24573164
1721099858,0.2693035,0.3781956,0.35250086
1721402126,0.36794734,0.42456165,0.20749101
1721636944,0.31024218,0.3236453,0.36611253
1722610582,0.2389664,0.5663468,0.19468668
1722618408,0.37826008,0.3695597,0.25218022
1722683244,0.32734,0.35958606,0.31307396
1723077691,0.5218653,0.29146641,0.18666828
1723250495,0.53383297,0.26776415,0.19840288
1723863235,0.24687044,0.5719069,0.18122262
1724025118,0.36295855,0.29939365,0.33764783
1724129737,0.30228513,0.31845027,0.37926462
1724145503,0.48633385,0.305649,0.20801711
1726036484,0.558041,0.26581052,0.17614844
1726052659,0.587342,0.20832963,0.20432831
1726620416,0.36302245,0.37836483,0.2586127
1726916973,0.4153359,0.32243538,0.26222867
1727094010,0.22573626,0.59033203,0.18393168
1728078118,0.37895828,0.40542978,0.21561193
1728160003,0.41484523,0.4192691,0.16588564
1728257929,0.301257,0.49262923,0.20611379
1728310216,0.3822216,0.3677981,0.2499803
1730073430,0.23084268,0.33027643,0.4388808
1730544682,0.2677257,0.5264383,0.20583601
1731534179,0.3537294,0.3411145,0.3051561
1731538520,0.20390397,0.61608243,0.18001357
1731542195,0.2880232,0.44187534,0.27010143
1731931741,0.41149777,0.37481546,0.21368678
1731936518,0.30747277,0.46657163,0.22595559
1732540612,0.30169365,0.34934723,0.34895912
1732607111,0.37257248,0.36665908,0.26076844
1732758015,0.3360007,0.4348399,0.2291594
1733118187,0.35078573,0.4378865,0.21132775
1733418406,0.2711432,0.5107665,0.21809028
1733501348,0.29019183,0.36277014,0.34703803
1735030048,0.41633332,0.36937636,0.21429034
1735140462,0.47687668,0.3154112,0.20771208
1735223029,0.27024838,0.49749398,0.23225766
1735410150,0.35394874,0.3646301,0.28142112
1735589449,0.35232276,0.40435606,0.24332118
1735670297,0.27504832,0.49041855,0.23453316
1736332868,0.25694704,0.45630902,0.28674388
1736833989,0.4047497,0.3156045,0.2796458
1737057951,0.36221397,0.39519274,0.24259329
1737105319,0.37315404,0.3693492,0.25749674
1737199830,0.36898905,0.43738085,0.1936301
1737441924,0.2225517,0.5712068,0.20624149
1738253511,0.47030586,0.29037887,0.23931524
1738298735,0.50689816,0.26717436,0.22592744
1738344251,0.41516483,0.31810147,0.2667337
1738439631,0.4438861,0.34043288,0.21568096
1738571792,0.23435238,0.5781441,0.18750349
1738602048,0.34338778,0.40883303,0.24777918
1739340155,0.3509217,0.38132706,0.26775128
1739959597,0.31897473,0.43836886,0.24265641
1740052296,0.31640524,0.44573402,0.23786065
1740093540,0.37530482,0.38017645,0.24451876
1740543366,0.4071654,0.37048033,0.22235423
1740732646,0.32991344,0.40636286,0.26372373
1741011890,0.3002643,0.46200925,0.23772642
1741073016,0.38959527,0.31023234,0.30017245
1741671372,0.2536869,0.5369584,0.20935474
1742690665,0.3413558,0.414046,0.24459824
1744165633,0.2631834,0.27057672,0.46623996
1746057440,0.4038151,0.3612682,0.23491672
1746254385,0.4275499,0.2960885,0.27636158
1746361109,0.33511558,0.41853017,0.24635422
1746400657,0.34877038,0.33345997,0.31776968
1746453353,0.32321513,0.36195168,0.3148332
1746927317,0.3103428,0.43713748,0.25251973
1747266262,0.36995593,0.3978936,0.23215047
1747415729,0.3370526,0.43783665,0.22511078
1747437472,0.31502947,0.32046378,0.36450672
1747831216,0.26614243,0.25452423,0.4793334
1748100742,0.28092676,0.4669606,0.25211263
1748699329,0.3767596,0.3766039,0.24663654
1749092104,0.3670554,0.24367934,0.38926527
1749314329,0.40536457,0.34573442,0.24890098
1749345348,0.37043336,0.38729805,0.24226858
1749827468,0.36061737,0.42021737,0.21916531
1750148419,0.4361675,0.26547343,0.2983591
1750205737,0.39105308,0.3448361,0.2641109
1750230557,0.29134256,0.36353925,0.34511822
1750443865,0.25827205,0.40057528,0.34115267
1750604239,0.3724423,0.38103476,0.24652292
1750971817,0.45243645,0.28910023,0.2584633
1750984532,0.37957835,0.33993226,0.2804894
1752022410,0.3686688,0.40533644,0.22599472
1752223236,0.31381935,0.40165892,0.2845217
1753024723,0.3426016,0.3910498,0.2663486
1753245255,0.43178034,0.37824285,0.18997678
1753513864,0.25946504,0.36041075,0.3801242
1753531190,0.35590082,0.38256562,0.26153353
1753786993,0.3895413,0.37800592,0.23245278
1753806950,0.25912717,0.5668901,0.17398268
1753902230,0.5233706,0.26869884,0.20793049
1755414083,0.31217182,0.26083308,0.4269951
1756241094,0.32032907,0.4611859,0.21848504
1756281100,0.4549924,0.23840743,0.30660012
1756282573,0.32181254,0.31020665,0.36798084
1757153629,0.4651149,0.31786698,0.21701816
1757394726,0.33091623,0.45668042,0.21240331
1757739273,0.45277363,0.32011735,0.227109
1757859936,0.46709466,0.2697714,0.2631339
1758264049,0.4965756,0.23648235,0.26694208
1758495641,0.37448066,0.38497847,0.24054085
1758544913,0.4224487,0.33155257,0.24599876
1759038396,0.33163023,0.38151506,0.28685468
1759826204,0.3817952,0.40066677,0.21753804
1760606488,0.42100647,0.33879644,0.24019705
1761232296,0.32521254,0.34575438,0.32903305
1761448884,0.32103798,0.4249211,0.2540409
1762069275,0.37011257,0.39719716,0.23269026
1762384931,0.28051528,0.3875314,0.33195332
1762484970,0.2864408,0.48551312,0.22804612
1762499448,0.36668563,0.3810887,0.2522257
1762644713,0.45141625,0.3461432,0.20244057
1762730074,0.5587553,0.25404018,0.18720448
1762885496,0.33012906,0.48039714,0.18947384
1764185483,0.31660312,0.43708864,0.24630818
1765246500,0.35277075,0.43218666,0.21504258
1765297381,0.45498604,0.31590754,0.22910641
1765382892,0.30699393,0.43596625,0.25703984
1765503451,0.42770982,0.3653288,0.20696138
1765631337,0.51363885,0.27963027,0.20673086
1765643561,0.33072394,0.3453913,0.32388473
1766066066,0.39506537,0.36206537,0.24286929
1766651113,0.5001,0.3048222,0.1950778
1766693518,0.35133052,0.41251197,0.2361575
1766845053,0.39707488,0.36167437,0.24125077
1767116238,0.31992745,0.41043407,0.26963848
1767422121,0.2152308,0.5934787,0.19129044
1767663279,0.3181169,0.32781148,0.3540716
1767985146,0.33188087,0.3448068,0.3233124
1768067179,0.47058403,0.31313127,0.21628469
1768139668,0.48411506,0.31169617,0.20418875
1768170462,0.49348176,0.27922863,0.22728959
1768675055,0.34251273,0.42413366,0.23335359
1768952671,0.30921316,0.30545312,0.38533372
1769135749,0.4778546,0.31497574,0.20716965
1770021095,0.2692476,0.52128637,0.209466
1770275703,0.38476157,0.34473965,0.2704988
1770301295,0.27356803,0.27347866,0.4529533
1770343071,0.46033227,0.2935573,0.24611047
1770653368,0.4565138,0.31046313,0.23302308
1770735542,0.2946862,0.30208546,0.40322834
1771032278,0.3895913,0.297138,0.31327063
1771104960,0.27715153,0.2654009,0.4574476
1771672325,0.47209796,0.3397199,0.18818218
1772225079,0.2559641,0.50016207,0.24387385
1772427379,0.36189148,0.33724564,0.30086285
1772541464,0.5834769,0.22181845,0.19470462
1772599037,0.36434394,0.4102763,0.22537975
1773131138,0.31318283,0.3982976,0.28851956
1773352086,0.33906507,0.3740979,0.28683698
1773835471,0.29627866,0.43392283,0.26979855
1774186593,0.27774858,0.46888775,0.25336367
1774816615,0.36787477,0.3892882,0.24283706
1775426369,0.45837992,0.3346013,0.20701876
1775433202,0.26667294,0.51767665,0.21565038
1776048736,0.4305969,0.35991955,0.20948364
1776373991,0.38396236,0.3287418,0.28729588
1777149592,0.3384971,0.28890702,0.37259588
1777428543,0.4043245,0.39865035,0.19702515
1777808401,0.60336053,0.22646512,0.17017436
1777981564,0.33977228,0.42600888,0.2342188
1778374777,0.2833903,0.2868142,0.4297955
1778603878,0.42034307,0.2965119,0.28314507
1778730575,0.4308311,0.2829559,0.28621298
1778948990,0.30473736,0.3506658,0.3445968
1779273252,0.3537953,0.35247284,0.29373193
1779536271,0.38724184,0.39486817,0.21788998
1779568485,0.300223,0.43648213,0.26329485
1781029479,0.47855863,0.32524723,0.19619414
1781296526,0.3613392,0.3946572,0.24400361
1781387641,0.39126804,0.28322923,0.32550275
1781612449,0.36190137,0.40668768,0.23141098
1782021577,0.43424562,0.33826298,0.22749144
1782108412,0.35143912,0.26735604,0.38120484
1782404665,0.38244134,0.3400435,0.2775152
1783136017,0.43456888,0.33987752,0.22555366
1783278537,0.4114966,0.3295973,0.25890613
1783401834,0.4358164,0.3463853,0.21779826
1783712039,0.4589463,0.3540899,0.18696383
1783872464,0.41088682,0.37424606,0.21486712
1784526247,0.3782258,0.40824848,0.2135257
1785272140,0.46417576,0.27472124,0.26110303
1785782980,0.4204573,0.3564052,0.22313744
1785899768,0.38106945,0.34029213,0.27863842
1786336462,0.23562616,0.5763838,0.18798997
1787040501,0.30884933,0.30513886,0.38601178
1787242516,0.34455794,0.4189203,0.23652175
1787861114,0.36482942,0.32907268,0.30609787
1788075187,0.4777888,0.28464127,0.23756993
1788375571,0.4216792,0.24683101,0.33148977
1788487307,0.31044257,0.39282236,0.29673508
1788829233,0.39396787,0.3740415,0.23199067
1789492173,0.29051474,0.30832225,0.40116298
1789559982,0.36648571,0.3987231,0.23479125
1790310986,0.4839473,0.3364314,0.17962128
1790389626,0.37588573,0.39047778,0.23363654
1790618919,0.3561011,0.40774083,0.23615816
1790711012,0.25284857,0.52345985,0.22369158
1791022263,0.2567193,0.44063774,0.302643
1791664739,0.27721757,0.28795364,0.4348288
1791949128,0.5819229,0.22467943,0.19339769
1792357484,0.34365952,0.40729004,0.24905042
1792675470,0.35972792,0.37711105,0.263161
1792842305,0.343803,0.42290795,0.2332891
1793418428,0.2707116,0.49240935,0.23687905
1793594145,0.38101867,0.3527663,0.26621503
1793794395,0.3168975,0.20007613,0.4830264
1794012732,0.3535095,0.34179989,0.30469063
1794790004,0.41133183,0.34479487,0.2438733
1795220554,0.37376225,0.36265433,0.26358336
1795222764,0.26489747,0.41697538,0.31812716
1795267947,0.36549318,0.4290505,0.20545626
1795514446,0.42223316,0.3609734,0.21679342
1795605134,0.40992254,0.36586356,0.22421387
1796204842,0.31358266,0.31728148,0.36913586
1796565140,0.4597838,0.27893096,0.26128525
1796696215,0.4159816,0.36461046,0.21940796
1797130421,0.3537442,0.3570509,0.28920484
1797567299,0.4142146,0.35146916,0.23431621
1797788217,0.3766517,0.4002853,0.22306302
1797876790,0.40841967,0.37233758,0.21924272
1798108749,0.41120994,0.3541894,0.23460066
1798833857,0.40990913,0.32888484,0.261206
1798892037,0.47200367,0.29901272,0.22898361
1799161601,0.41122985,0.33220917,0.25656095
1799562624,0.4043619,0.38190955,0.21372858
1799688945,0.20322831,0.61223674,0.1845349
1799919934,0.31744364,0.44142193,0.24113445
1800071663,0.3289391,0.4002545,0.27080643
1801029054,0.38328087,0.39368463,0.22303447
1801581207,0.39457905,0.36135125,0.24406973
1801891170,0.3480317,0.33937132,0.31259704
1802025673,0.30834734,0.4321199,0.2595327
1802354550,0.27220473,0.49419892,0.23359635
1802753333,0.46327364,0.31155762,0.2251687
1802779705,0.44596362,0.33008146,0.22395495
1803117481,0.3919044,0.37562948,0.2324661
1803161773,0.39407444,0.3362492,0.26967633
1803214269,0.41217464,0.301811,0.28601438
1803280259,0.5179473,0.28938073,0.19267197
1803333436,0.23936993,0.57047296,0.19015715
1803344848,0.36019063,0.39294094,0.24686843
1803716068,0.44452882,0.30320168,0.2522695
1804415178,0.36499423,0.364411,0.2705948
1805394658,0.27577424,0.35388327,0.3703425
1805460178,0.45758265,0.340694,0.2017233
1805535695,0.37285876,0.39183813,0.2353031
1806367449,0.37705743,0.31686908,0.3060735
1806586902,0.3481533,0.41940284,0.23244388
1806633004,0.4035058,0.38867968,0.20781456
1807128974,0.30547965,0.27452108,0.41999927
1807246621,0.30496475,0.47027564,0.22475961
1807859772,0.53458154,0.23767987,0.22773859
1808114240,0.37402552,0.38568473,0.2402897
1808272917,0.34305874,0.3176325,0.33930877
1808576951,0.2764805,0.36530924,0.35821024
1809384777,0.35563946,0.42614847,0.2182121
1809630446,0.36543506,0.3762843,0.2582806
1810101299,0.573329,0.19895516,0.2277159
1811095145,0.3946373,0.34561253,0.25975013
1812556668,0.41891906,0.4270513,0.15402962
1812895064,0.30561262,0.32848427,0.36590314
1813135421,0.24493898,0.5541777,0.20088327
1813365245,0.39113584,0.3986671,0.21019709
1813567525,0.35018644,0.4484225,0.20139104
1814126078,0.30033547,0.49618584,0.2034787
1814537031,0.33632165,0.2971438,0.36653453
1814718922,0.27258727,0.5216437,0.20576902
1815205440,0.33503872,0.32866395,0.33629733
1815348466,0.3873707,0.38561398,0.22701529
1816586538,0.36637026,0.43870366,0.19492605
1816599811,0.6322549,0.21139045,0.15635464
1817110332,0.30012512,0.287427,0.4124479
1818095698,0.4425853,0.3168518,0.24056292
1818167435,0.3196056,0.394725,0.28566945
1818241552,0.3157919,0.3968426,0.2873655
1818302644,0.408728,0.3428712,0.2484008
1818919669,0.2863763,0.51790047,0.1957232
1819539177,0.40961915,0.39595294,0.19442794
1820498707,0.45032907,0.30014712,0.24952382
1820676528,0.49671382,0.2966925,0.20659369
1820702179,0.29341695,0.31073445,0.39584863
1820876894,0.33754212,0.48679203,0.17566586
1820908397,0.38696265,0.33617705,0.2768603
1820921428,0.3096283,0.35545027,0.33492145
1821112374,0.24618855,0.23302944,0.520782
1821579617,0.3418861,0.32157725,0.33653662
1822358679,0.26992786,0.2782857,0.4517864
1822420320,0.2863749,0.26885414,0.44477093
1822630563,0.40913385,0.34577796,0.24508817
1823053359,0.27439302,0.2987646,0.42684245
1823606815,0.29220733,0.3589445,0.34884816
1823734324,0.42257512,0.37428194,0.20314291
1823778795,0.3231115,0.35629994,0.3205886
1824052166,0.45709136,0.27824646,0.26466218
1824276997,0.10458904,0.10458904,0.790822
1825114971,0.26148957,0.48544604,0.25306433
1826429942,0.2769767,0.3557794,0.36724386
1826528187,0.5300665,0.21618778,0.25374573
1826835053,0.3781032,0.40953815,0.21235865
1826967206,0.38378918,0.3329931,0.28321773
1826970646,0.3548424,0.4055084,0.23964919
1827112294,0.31939483,0.4469818,0.23362339
1827446328,0.3685133,0.40326566,0.22822106
1828091246,0.42896372,0.37236577,0.19867049
1828096238,0.3763939,0.36845833,0.25514776
1828847465,0.405419,0.37736756,0.21721345
1828972473,0.4545867,0.3089883,0.23642498
1829715663,0.3911116,0.3689854,0.23990294
1830601066,0.2427763,0.52666926,0.23055446
1831127255,0.42130774,0.3156074,0.26308483
1832041839,0.4072532,0.2962046,0.29654223
1832421670,0.33959073,0.31682175,0.34358758
1832589002,0.4723041,0.29162854,0.23606737
1833216456,0.38033184,0.38453275,0.2351354
1833358982,0.35872623,0.27767503,0.36359876
1833472793,0.36319143,0.41518113,0.22162743
1833674604,0.32922012,0.47232765,0.19845226
1833691834,0.3518247,0.3518247,0.29635057
1834464921,0.37650985,0.3900991,0.23339102
1835390822,0.3469211,0.3303784,0.32270056
1836596544,0.33629614,0.3500725,0.31363136
1837276935,0.42949247,0.3022234,0.26828414
1838093472,0.3308515,0.3338471,0.33530137
1838727968,0.33413684,0.43200135,0.23386185
1839738090,0.35790777,0.3482461,0.29384607
1840034365,0.37755167,0.37193203,0.25051633
1840131058,0.4374506,0.32592556,0.23662382
1840418806,0.33345458,0.3632061,0.30333933
1840452323,0.30724362,0.50419116,0.18856528
1840700245,0.44988376,0.2958577,0.25425857
1840727870,0.4001027,0.33093202,0.2689653
1842304030,0.47916138,0.29643524,0.22440335
1842684107,0.3972081,0.3974181,0.20537382
1842976941,0.38952735,0.33648401,0.2739886
1843148497,0.49976182,0.28522116,0.21501704
1843870575,0.32962877,0.33484912,0.33552212
1844318356,0.26097217,0.4237467,0.31528112
1844692420,0.35318273,0.35283542,0.29398185
1844792356,0.3369903,0.44109476,0.22191489
1844845691,0.43346605,0.24170767,0.3248263
1845302711,0.40137982,0.34775144,0.25086874
1845821392,0.3698061,0.42170393,0.20848992
1846032245,0.53476095,0.21797591,0.24726313
1846231870,0.34191495,0.38715672,0.27092832
1846234424,0.35454947,0.34134614,0.30410442
1846462939,0.37282956,0.35956112,0.26760936
1847567823,0.53524566,0.24017715,0.22457719
1848239889,0.31462902,0.43470773,0.25066322
1848239960,0.39256924,0.3395357,0.26789504
1848339113,0.3902262,0.37480226,0.23497155
1849200151,0.34820122,0.37825373,0.2735451
1849317987,0.253478,0.5661317,0.18039027
1850116593,0.5716138,0.23562235,0.1927639
1851139890,0.38433638,0.3575514,0.2581122
1851472441,0.2810194,0.24128297,0.4776976
1851709935,0.37983304,0.39018777,0.22997917
1852023105,0.33254036,0.3689747,0.29848498
1853105059,0.3694943,0.4061995,0.22430615
1853946088,0.43075776,0.30367348,0.26556873
1853948103,0.46070266,0.3254652,0.2138322
1854120223,0.41258776,0.21589902,0.37151325
1854595110,0.3410911,0.38675433,0.27215457
1854597348,0.41729894,0.38753408,0.19516695
1855169881,0.6244322,0.18751575,0.18805206
1855186963,0.4603169,0.31199938,0.22768375
1855286965,0.4984454,0.30650872,0.19504589
1855312254,0.38159972,0.41815895,0.20024133
1855527932,0.24465582,0.6030911,0.15225306
1855994712,0.38856035,0.37308255,0.2383571
1856521625,0.24644443,0.5646022,0.18895344
1856973354,0.33467436,0.3162402,0.34908545
1857054218,0.346058,0.31902748,0.3349145
1857054642,0.37340307,0.42068893,0.205908
1857532056,0.31966233,0.3071949,0.37314275
1857639340,0.3034333,0.44272888,0.25383785
1858273692,0.31190008,0.40645245,0.28164744
1859216195,0.5833903,0.22325589,0.19335385
1859454701,0.3723481,0.40066198,0.22698992
1859467293,0.37812656,0.3375196,0.28435385
1859563712,0.28698376,0.49250743,0.22050883
1859732816,0.39414015,0.3896129,0.21624696
1860009787,0.40209997,0.39923733,0.1986627
1860355513,0.5113459,0.29667014,0.19198397
1860550093,0.3063274,0.33881247,0.35486013
1861016796,0.37329662,0.3795781,0.24712525
1861756060,0.3197716,0.3954867,0.28474167
1861861772,0.33758348,0.3775707,0.28484583
1862065656,0.3713117,0.38107854,0.24760973
1862608411,0.2817567,0.49228832,0.22595501
1863247139,0.43674022,0.37502292,0.18823686
1863360021,0.47156376,0.32915443,0.19928184
1863465904,0.3579455,0.3973797,0.2446748
1863559524,0.34727144,0.45450598,0.19822262
1864437319,0.47855306,0.27209103,0.24935588
1864516018,0.3296072,0.43501943,0.23537333
1864605761,0.3508777,0.38335827,0.26576406
1864833600,0.44190475,0.3731675,0.1849277
1865252645,0.5031838,0.29176793,0.2050483
1866430773,0.38945842,0.41514897,0.19539258
1866833391,0.4496287,0.32849076,0.22188047
1867285526,0.5946244,0.23264784,0.17272776
1868092172,0.42837948,0.31909543,0.2525251
1868205692,0.39906037,0.3890077,0.21193191
1868237076,0.37846488,0.3811116,0.24042353
1868299774,0.462453,0.27582657,0.26172045
1868416802,0.36333075,0.39077103,0.24589819
1868763075,0.39662102,0.3708855,0.23249352
1869054181,0.39225936,0.36402583,0.24371488
1869067716,0.37809986,0.38710237,0.23479773
1869093004,0.32377154,0.4300701,0.24615836
1869095831,0.3488982,0.29602438,0.3550774
1870482438,0.33704767,0.3746832,0.28826913
1870815008,0.44762653,0.3774034,0.17497009
1871227340,0.50866234,0.26844952,0.22288814
1871240555,0.4601966,0.2876045,0.25219885
1871750913,0.43219882,0.35321426,0.21458691
1871988319,0.4364955,0.31915313,0.24435136
1872385595,0.24525772,0.4850217,0.26972058
1872438016,0.36860764,0.43728715,0.19410525
1872609489,0.38705748,0.30216467,0.31077784
1873023874,0.40299,0.36864787,0.22836216
1873135561,0.27738184,0.5363603,0.18625784
1873420040,0.3164417,0.4366107,0.24694759
1873640878,0.50248855,0.29395694,0.20355453
1874403202,0.39914912,0.36450556,0.23634529
1874612150,0.32037365,0.41413626,0.26549014
1875137214,0.4550069,0.31324315,0.23174995
1875538745,0.262265,0.5434582,0.19427678
1875952631,0.3707851,0.3914951,0.23771977
1876115683,0.3573746,0.3772191,0.2654063
1876840178,0.33208135,0.29761258,0.37030607
1877032626,0.3551004,0.3266097,0.31828994
1877384764,0.4242761,0.29910803,0.27661586
1877587731,0.3806521,0.3416273,0.2777206
1877664204,0.37246037,0.40058982,0.22694981
1877687595,0.31178072,0.37192306,0.3162962
1877970971,0.17857902,0.17857902,0.642842
1878716260,0.4444117,0.30545765,0.25013065
1878880851,0.29507226,0.36443213,0.34049565
1879828080,0.42812717,0.3084501,0.26342273
1880569336,0.5198349,0.2838871,0.19627804
1880857695,0.46397132,0.24467844,0.29135025
1881565460,0.32131743,0.42759532,0.25108725
1882177605,0.34801802,0.43488586,0.21709609
1882358487,0.36237884,0.4160565,0.2215647
1882807003,0.29048115,0.49951863,0.21000022
1883353733,0.44620222,0.27638316,0.27741456
1883477292,0.36269736,0.30261838,0.33468425
1883650683,0.40059862,0.3805231,0.21887831
1883733659,0.4009626,0.3192196,0.27981782
1883803766,0.26673937,0.5552857,0.17797491
1884123745,0.2959447,0.4854898,0.2185655
1885660248,0.37557396,0.27287963,0.35154644
1885756929,0.40505677,0.36234558,0.2325977
1885848790,0.3582431,0.4203124,0.22144446
1885878178,0.39127654,0.3730098,0.23571366
1886158354,0.2687589,0.2477037,0.48353744
1886747746,0.35380065,0.3525536,0.29364574
1886910472,0.34958845,0.41857988,0.23183167
1888388975,0.34140372,0.43563378,0.22296253
1888438074,0.35571483,0.39195585,0.25232932
1889050276,0.28591383,0.46275467,0.25133148
1889107551,0.43355697,0.34269756,0.22374548
1889504802,0.36892745,0.32832208,0.30275047
1889524102,0.3201151,0.46289203,0.2169929
1890447165,0.3462296,0.3416678,0.31210256
1890619816,0.28673303,0.4929771,0.22028986
1890757379,0.37382233,0.3657595,0.26041824
1890788019,0.22771272,0.56291515,0.2093721
1890903681,0.4420495,0.27701968,0.28093082
1891434293,0.44361222,0.2567228,0.29966497
1891836768,0.57545465,0.24130088,0.1832445
1892228386,0.4197583,0.35899502,0.22124669
1892849984,0.35655552,0.40711087,0.23633358
1893177444,0.2888583,0.3517457,0.35939598
1894249317,0.37573597,0.40182346,0.22244062
1894258479,0.45294183,0.32203153,0.22502664
1894437230,0.44501916,0.27635634,0.27862445
1894760618,0.34823906,0.24918097,0.40257996
1894911753,0.3526197,0.29292005,0.3544602
1895408144,0.26122898,0.50421715,0.2345539
1896659610,0.4319852,0.31666672,0.25134802
1896773159,0.46453923,0.29322207,0.2422387
1897501527,0.36303857,0.35927138,0.27769002
1897751896,0.48364532,0.28574723,0.23060745
1898102623,0.372574,0.30920005,0.31822598
1898392019,0.42358992,0.32400483,0.25240523
1899432331,0.35251883,0.37347454,0.2740066
1900391484,0.46150994,0.30664247,0.23184752
1901549820,0.3606087,0.34436378,0.2950275
1901601226,0.45557302,0.30089813,0.2435288
1901782362,0.3753014,0.41962564,0.205073
1902585849,0.31323203,0.4818055,0.20496246
1903007965,0.4060854,0.34513122,0.24878341
1903324989,0.46855474,0.26687312,0.26457214
1903376317,0.2795513,0.34304172,0.377407
1903450741,0.48152557,0.27480596,0.24366848
1903681851,0.39925915,0.35099423,0.24974664
1904052721,0.44049364,0.32833928,0.23116705
1904495098,0.36993933,0.25890303,0.37115765
1904867633,0.17437004,0.6668272,0.15880278
1905293097,0.4164639,0.3270433,0.25649273
1905298990,0.43901014,0.33887857,0.22211131
1905385879,0.32556155,0.3222736,0.35216486
1905459660,0.47608617,0.30353403,0.22037983
1905572629,0.44368213,0.33060384,0.22571406
1905944624,0.450905,0.25570342,0.2933916
1906165378,0.3882895,0.37783372,0.23387678
1906914731,0.3725865,0.35125548,0.27615806
1907951282,0.3979564,0.35719377,0.24484977
1908894608,0.32108837,0.465678,0.21323366
1909858426,0.2792777,0.50275767,0.21796462
1911187346,0.433953,0.3639207,0.20212631
1911207155,0.4052867,0.3733772,0.22133607
1911369274,0.43256146,0.36089775,0.20654076
1911776231,0.39642382,0.35504788,0.24852824
1912031580,0.43772346,0.35237914,0.2098974
1912257047,0.38512486,0.38672853,0.2281466
1913216503,0.34555155,0.36743003,0.2870184
1913284394,0.25033003,0.482381,0.26728892
1913628364,0.2899808,0.5032996,0.2067196
1914182727,0.518909,0.24126935,0.23982173
1914250685,0.41612554,0.3275709,0.25630355
1914285674,0.49605626,0.29360428,0.21033943
1914445559,0.3901043,0.3884495,0.22144625
1914477060,0.34681594,0.34460273,0.30858135
1915224966,0.2838565,0.32476687,0.3913766
1915544755,0.3554028,0.35277817,0.291819
1915592401,0.2776985,0.3964218,0.32587972
1916198598,0.43379194,0.33306378,0.23314427
1916503891,0.44400933,0.30294773,0.25304294
1916866473,0.31006068,0.44448692,0.24545237
1917355966,0.40572903,0.39231437,0.2019566
1917469153,0.39385116,0.38749835,0.2186505
1917615627,0.29732358,0.3512135,0.3514629
1918144220,0.37587103,0.4388554,0.18527353
1918735371,0.40738058,0.39155066,0.20106879
1918964891,0.35096055,0.40407997,0.24495947
1919231895,0.49027914,0.29496217,0.2147587
1919268140,0.27478403,0.55223656,0.17297941
1919687565,0.35720038,0.34359694,0.29920268
1919927286,0.52087754,0.24442312,0.23469934
1920162051,0.27078032,0.46489128,0.26432836
1920335280,0.39904338,0.37365294,0.22730368
1920536186,0.3213439,0.4117638,0.26689228
1920687230,0.34207407,0.44273278,0.21519312
1921147220,0.383957,0.3645069,0.25153613
1921297082,0.41075253,0.37330025,0.21594724
1921482581,0.3864056,0.29992968,0.31366476
1921505091,0.37990347,0.39222214,0.22787435
1921513925,0.30657077,0.34079742,0.3526318
1921662483,0.4203236,0.40502727,0.1746491
1922301665,0.3365307,0.37480718,0.28866214
1923152582,0.39516342,0.35364425,0.25119227
1923248070,0.5177427,0.29494667,0.18731067
1923297123,0.40100867,0.33703914,0.26195222
1923532617,0.38840383,0.3973076,0.21428855
1923760770,0.40881222,0.386158,0.2050298
1923911222,0.4115314,0.36057618,0.22789247
1924346066,0.33581793,0.46645668,0.19772542
1924442952,0.41269636,0.33793643,0.24936716
1924659477,0.3209383,0.4700354,0.20902634
1924946339,0.239035,0.28022027,0.48074475
1925301909,0.30227202,0.46796197,0.22976604
1925530013,0.31779093,0.39400232,0.28820676
1926077910,0.26451993,0.2536132,0.4818669
1926612836,0.3089804,0.35274914,0.33827043
1926743548,0.4188172,0.2562164,0.32496637
1927368175,0.28801337,0.33133984,0.38064682
1928001860,0.30433977,0.3923597,0.3033005
1928339155,0.15907755,0.6544305,0.18649194
1928668495,0.3158936,0.29166842,0.39243793
1930061031,0.3872109,0.34093526,0.2718538
1930532918,0.36690408,0.39771265,0.23538327
1930563507,0.3253957,0.38342226,0.2911821
1930870162,0.29539764,0.41501987,0.28958246
1930991820,0.3763917,0.24778739,0.37582088
1931040071,0.28241333,0.40007144,0.31751525
1931258300,0.68638504,0.15818156,0.15543348
1931438362,0.32317954,0.45590425,0.22091621
1931475042,0.32539913,0.30316538,0.3714355
1932633305,0.28415176,0.32364184,0.39220643
1934274630,0.3319801,0.29291964,0.37510026
1934565531,0.45435202,0.31339177,0.2322562
1934622957,0.55088687,0.22466433,0.22444883
1934836259,0.41094983,0.35376802,0.23528218
1934966513,0.35815904,0.29033837,0.3515026
1935171950,0.385728,0.3318201,0.2824519
1935503883,0.3838395,0.32567924,0.2904813
1935888460,0.3432525,0.42823142,0.22851607
1935964342,0.5102844,0.29593667,0.19377892
1936231392,0.27040344,0.26766986,0.46192676
1936977356,0.34683827,0.24506235,0.40809935
1937205909,0.27092367,0.24112265,0.48795366
1937696411,0.34804124,0.27417976,0.377779
1937701104,0.3631199,0.35088897,0.28599107
1938330946,0.33518994,0.47538632,0.18942377
1938396429,0.35624832,0.39649534,0.24725632
1938678195,0.49691707,0.2919224,0.2111606
1939394401,0.38742274,0.3748058,0.23777148
1939473132,0.3623499,0.4002537,0.23739634
1940278122,0.3127996,0.4777233,0.2094771
1940318369,0.34149578,0.4458077,0.21269655
1940869186,0.41529667,0.3387735,0.2459298
1941271199,0.37389588,0.38725105,0.23885313
1942386044,0.34866637,0.40921533,0.24211827
1942509842,0.24267152,0.2927057,0.46462277
1943227393,0.39223468,0.3611321,0.24663326
1943717706,0.25529832,0.31490982,0.42979187
1943885084,0.37438565,0.31402946,0.3115849
1944016147,0.3212611,0.4773144,0.20142448
1944720742,0.28722885,0.45999002,0.25278112
1944786642,0.41459268,0.34458858,0.24081871
1944905773,0.33196566,0.2927471,0.37528723
1945516866,0.36170018,0.37637058,0.2619292
1945880394,0.571555,0.21882834,0.20961666
1946327661,0.32058957,0.45796174,0.22144867
1946850172,0.34962314,0.323985,0.32639182
1946854071,0.39259756,0.40983385,0.19756857
1946866717,0.3813821,0.38933748,0.2292804
1946976773,0.36367005,0.38519847,0.25113153
1947064670,0.59471726,0.21709359,0.18818915
1947432490,0.2751009,0.31354508,0.411354
1947619279,0.25165087,0.5307621,0.21758708
1948033791,0.30247706,0.28025034,0.41727266
1948137761,0.28830412,0.5190921,0.19260381
1948280577,0.34833556,0.32138938,0.33027506
1948548763,0.38386244,0.31341738,0.30272025
1949284697,0.38997847,0.36486545,0.24515608
1949390694,0.27577078,0.36637002,0.35785922
1949860458,0.51249367,0.26666632,0.22084
1949884427,0.19596711,0.60234314,0.20168974
1950434992,0.26657486,0.3061728,0.4272523
1950470959,0.30122626,0.25557527,0.44319847
1950739188,0.37354574,0.37943417,0.2470201
1951397645,0.34094104,0.36432815,0.29473084
1951660402,0.38625172,0.34937635,0.26437193
1951729143,0.383911,0.38144368,0.23464528
1951829015,0.43870926,0.35048118,0.21080956
1951955639,0.54502255,0.22304319,0.23193423
1952177029,0.3960455,0.33524284,0.26871163
1952184284,0.31756037,0.34686005,0.3355795
1952760468,0.38569734,0.3770699,0.23723276
1953205939,0.39662558,0.41530824,0.18806615
1954647738,0.24262556,0.55371195,0.20366247
1955016191,0.3127561,0.38883585,0.29840803
1955448536,0.3518596,0.441895,0.20624538
1956552274,0.22195406,0.26449764,0.51354825
1956553622,0.2702868,0.33810937,0.39160377
1958300285,0.37230137,0.43443206,0.19326657
1958500625,0.41666102,0.2851202,0.29821873
1958550474,0.19853832,0.19853832,0.6029234
1958645013,0.3273672,0.38645348,0.2861793
1959257548,0.35271746,0.354766,0.29251653
1959615924,0.24565008,0.46941966,0.28493026
1959807919,0.38908482,0.37509972,0.2358155
1959840422,0.23357387,0.5685202,0.19790593
1960160544,0.32254922,0.29759577,0.379855
1960167747,0.42167792,0.37039694,0.20792516
1960341504,0.27241722,0.44397917,0.2836036
1960689999,0.26032668,0.45615822,0.28351513
1961771547,0.31567252,0.33147347,0.352854
1961977747,0.39606678,0.3524422,0.251491
1962155446,0.33609492,0.32561523,0.33828986
1962405087,0.30423746,0.50275195,0.19301063
1962572135,0.32089365,0.3396473,0.33945906
1962734517,0.3271417,0.39201415,0.28084415
1962848495,0.3837689,0.40055233,0.21567881
1963843272,0.4249316,0.34260672,0.23246169
1965111907,0.40835243,0.3481835,0.24346401
1965267213,0.28316826,0.40585387,0.31097788
1965387428,0.3548175,0.33814165,0.30704084
1965440466,0.34248716,0.3681056,0.2894072
1965454681,0.4413913,0.34883183,0.20977688
1966528022,0.24093448,0.5927857,0.16627982
1966889128,0.31908742,0.47165698,0.2092556
1966943693,0.46237206,0.28577048,0.2518575
1967367226,0.38136345,0.42200887,0.19662765
1967976444,0.40817603,0.35799003,0.23383395
1968043317,0.38360643,0.3631113,0.25328225
1968789291,0.27744114,0.3942693,0.32828957
1968820665,0.34540638,0.40987754,0.24471608
1969252810,0.59650236,0.19690262,0.206595
1969339920,0.3632337,0.4206149,0.21615142
1969673942,0.34193897,0.42964992,0.22841115
1969956402,0.31414,0.47100377,0.21485624
1970019246,0.3760074,0.3788662,0.2451264
1971090300,0.3532704,0.42893976,0.21778978
1971338488,0.45321304,0.27937347,0.26741356
1972057454,0.35863727,0.44187552,0.19948718
1972660565,0.4790652,0.2879454,0.23298933
1973441616,0.36564106,0.3296887,0.30467027
1973523977,0.4217825,0.28354707,0.29467046
1973605933,0.38644433,0.38166124,0.23189443
1973694738,0.34640273,0.42118746,0.23240982
1973773267,0.31338137,0.3790655,0.30755305
1973950612,0.4113789,0.3718111,0.21681006
1974098849,0.370554,0.3937395,0.23570651
1974594195,0.2810436,0.5510843,0.16787216
1974751055,0.4395039,0.30311042,0.25738564
1976314446,0.17922843,0.17922843,0.64154315
1976775943,0.39122945,0.36519188,0.2435787
1977100411,0.3778896,0.33187205,0.2902384
1977574381,0.40356633,0.26471636,0.33171725
1977602758,0.33840305,0.3466234,0.31497356
1977888961,0.25966954,0.4721077,0.26822272
1978236419,0.35689056,0.33554763,0.3075618
1978358675,0.46625495,0.29354256,0.24020246
1978366923,0.5003936,0.29213834,0.20746794
1979065930,0.33672005,0.44385368,0.21942627
1979071380,0.38362306,0.3732556,0.24312133
1979571144,0.42722106,0.39246818,0.18031076
1980493935,0.23379515,0.5563693,0.20983562
1980942635,0.34314966,0.43338132,0.22346905
1980968468,0.3965708,0.32867557,0.27475363
1982208848,0.3211233,0.41348475,0.26539192
1982848734,0.2966037,0.5093124,0.19408387
1983054829,0.38859987,0.3482057,0.26319444
1983238762,0.28135663,0.5045321,0.21411131
1984030416,0.40538883,0.37200797,0.22260326
1984050145,0.32623452,0.44359758,0.23016787
1985376974,0.46825576,0.29913178,0.23261246
1985463580,0.35620677,0.34237638,0.30141687
1985708657,0.32004678,0.4674782,0.212475
1985871395,0.47018844,0.33039832,0.19941324
1986115088,0.38350177,0.4049366,0.21156162
1986996721,0.39696473,0.39065635,0.2123789
1987071361,0.3648803,0.38557804,0.24954167
1987772895,0.36286452,0.39564106,0.24149442
1988854898,0.30422884,0.4511407,0.24463046
1988898033,0.33277312,0.26993632,0.3972905
1989110935,0.3570426,0.38065177,0.26230562
1989496020,0.36803705,0.44086227,0.1911007
1989685321,0.4765815,0.2774188,0.24599974
1989749249,0.31815502,0.48393995,0.19790503
1989756666,0.3416435,0.40748596,0.25087053
1990226441,0.38662183,0.2124654,0.40091273
1990319593,0.36531803,0.32586753,0.30881444
1990796695,0.26932886,0.5185855,0.21208568
1991670501,0.30910075,0.35410076,0.33679852
1991967670,0.2888764,0.47546053,0.235663
1992980033,0.52685523,0.2680238,0.20512092
1993347624,0.38294196,0.3008266,0.31623143
1994036398,0.48654976,0.29521605,0.21823418
1994217438,0.38975397,0.3557312,0.25451487
1994221812,0.36250228,0.38001445,0.25748327
1994299265,0.33114842,0.3658061,0.3030454
1994338904,0.29746765,0.26540497,0.4371274
1996208772,0.3947428,0.41865313,0.1866041
1996609520,0.27504835,0.34070176,0.3842498
1996770259,0.46501982,0.34276137,0.19221884
1996861910,0.32105368,0.36927557,0.30967075
1997086016,0.40052214,0.29239717,0.30708072
1997881048,0.25167787,0.39134997,0.35697216
1998054979,0.41675323,0.38358185,0.19966494
1998487674,0.31332618,0.3026678,0.38400602
1998861104,0.3988107,0.39637303,0.20481628
1999231315,0.46030408,0.30021167,0.23948422
1999583787,0.35279822,0.40720135,0.24000044
1999852355,0.39473125,0.2797128,0.32555595
2000210699,0.4328156,0.36934236,0.19784203
2000608572,0.30074704,0.29384178,0.4054112
2001778296,0.44221008,0.30828202,0.24950795
2001955660,0.3418442,0.41862035,0.23953547
2002178728,0.28645843,0.41751504,0.29602653
2002504518,0.15781744,0.6719767,0.17020586
2002516243,0.44265848,0.3509967,0.20634487
2002856938,0.313784,0.2728332,0.41338283
2003437531,0.25416723,0.500783,0.24504974
2003718257,0.4098559,0.3026114,0.28753272
2003759300,0.3161152,0.31388634,0.36999848
2003966798,0.289686,0.4094752,0.30083883
2004177423,0.34367588,0.4459715,0.21035269
2004209619,0.2415294,0.49917188,0.25929865
2004471853,0.32749033,0.34178847,0.3307212
2004511659,0.46258324,0.29159975,0.245817
2005691611,0.35103178,0.3972469,0.25172132
2005718928,0.39584622,0.38656664,0.21758714
2005944587,0.31030905,0.47910154,0.21058941
2006287996,0.3757059,0.3854899,0.23880419
2006317931,0.2603392,0.36121887,0.37844187
2006364550,0.28515658,0.39482608,0.32001734
2008057300,0.43834728,0.32887578,0.23277695
2008634204,0.34785667,0.39448214,0.25766122
2008638761,0.2919603,0.2948782,0.4131615
2009019682,0.42893606,0.34975734,0.22130653
2009028643,0.45316178,0.2783153,0.26852292
2009237648,0.46652058,0.2785195,0.2549599
2009249310,0.5042439,0.27275044,0.2230057
2009302840,0.31924808,0.33014384,0.35060805
2009325444,0.2962786,0.4888669,0.21485454
2009453948,0.36463124,0.38134724,0.25402156
2009635995,0.31779087,0.36678112,0.31542802
2010273589,0.20354837,0.63501585,0.16143578
2010540869,0.47751456,0.3175646,0.20492083
2010956342,0.32264653,0.49915367,0.1781998
2011390091,0.40104353,0.39480042,0.20415607
2011945598,0.3738303,0.40174466,0.2244251
2011974952,0.36172816,0.316517,0.32175487
2012101974,0.2986309,0.3439584,0.35741067
2012170472,0.3192817,0.30530098,0.3754173
2012305881,0.44941247,0.2860577,0.26452982
2012503705,0.31667143,0.29026058,0.39306802
2012571314,0.3513432,0.35389358,0.29476318
2012663187,0.3479849,0.3351329,0.31688225
2013595761,0.3073904,0.4279309,0.26467875
2014025361,0.33256447,0.35761863,0.30981687
2014359453,0.3184245,0.27361885,0.40795663
2014552638,0.41026884,0.32483077,0.26490045
2014643361,0.29696596,0.51772416,0.18530992
2014756486,0.30340344,0.4159109,0.28068572
2014809841,0.30709636,0.42270535,0.2701983
2014908410,0.271639,0.5414069,0.18695407
2014935630,0.4059959,0.28608018,0.30792397
2015092590,0.35900995,0.34029692,0.3006931
2015455536,0.43198454,0.27725214,0.29076338
2015605486,0.43942952,0.34112075,0.21944971
2016146041,0.410653,0.36549512,0.22385195
2016282146,0.26823393,0.28431565,0.44745046
2016741035,0.3224957,0.45646286,0.22104141
2016830511,0.38781202,0.37266368,0.23952428
2017761610,0.25784743,0.54711366,0.19503893
2017821766,0.46433803,0.30019847,0.23546354
2017890151,0.5017058,0.29351792,0.2047762
2018117127,0.27037436,0.5374484,0.19217727
2018645633,0.3900612,0.32736307,0.28257573
2019044576,0.49408674,0.32533702,0.1805762
2019111212,0.39671057,0.39086813,0.2124213
2019535527,0.27412158,0.30858904,0.4172894
2020344604,0.50335705,0.28644866,0.21019435
2020404871,0.35594738,0.40946072,0.2345919
2020596315,0.33916682,0.40791678,0.2529164
2020797948,0.33905232,0.36521977,0.29572785
2020867727,0.38938284,0.3737458,0.23687138
2020885844,0.33636343,0.408309,0.25532755
2020944014,0.3393811,0.3003009,0.360318
2021294601,0.29126108,0.45483208,0.25390685
2021583063,0.30489117,0.42214626,0.2729625
2022240337,0.30798018,0.3579173,0.3341025
2022439785,0.3594637,0.3283565,0.31217983
2022575689,0.40627205,0.3261319,0.26759604
2022981120,0.31332752,0.26002902,0.4266434
2023367275,0.509546,0.2767408,0.21371323
2024291909,0.34560174,0.41089073,0.24350753
2024359059,0.3749602,0.39995766,0.22508214
2024463498,0.36495632,0.3831781,0.25186557
2024854910,0.4480502,0.3069358,0.245014
2026019381,0.57310116,0.2690895,0.15780935
2026474084,0.3664652,0.43065226,0.20288253
2026532095,0.28868717,0.49047408,0.2208388
2026600805,0.40619075,0.32805258,0.26575667
2027133560,0.35580948,0.38838047,0.25581002
2027693112,0.3634156,0.39040673,0.2461776
2027838479,0.48577392,0.26141423,0.25281185
2027882487,0.35774034,0.3754687,0.26679093
2027902208,0.3349002,0.33621544,0.32888436
2027937559,0.34733897,0.45356235,0.19909865
2028041863,0.31399402,0.47439486,0.21161112
2029477617,0.4011015,0.31221426,0.28668422
2029536656,0.44478703,0.31627524,0.23893768
2030134992,0.40455353,0.37883484,0.21661165
2030360883,0.50051135,0.29009405,0.20939457
2031072054,0.37354386,0.3767205,0.24973564
2031767313,0.2975726,0.31388402,0.3885433
2032047891,0.3980224,0.32142136,0.2805562
2032195410,0.39385012,0.2985127,0.30763716
2033157046,0.41890758,0.35216856,0.22892383
2033712461,0.23199347,0.58155644,0.18645003
2033953991,0.37347168,0.38861418,0.23791417
2034614134,0.35175845,0.33722895,0.31101257
2034717027,0.41251397,0.38872474,0.19876125
2034939310,0.35702887,0.4342655,0.20870566
2035301316,0.29757044,0.47331822,0.22911137
2035448771,0.48170963,0.25661877,0.26167157
2035779480,0.27773276,0.5131301,0.20913705
2036126179,0.36408842,0.39365172,0.24225986
2037090966,0.39756176,0.40604657,0.19639169
2037265555,0.30224478,0.34138322,0.356372
2037934131,0.2592984,0.5227874,0.2179142
2038188540,0.38971332,0.37399495,0.23629177
2038415983,0.3580715,0.32074386,0.32118466
2038577800,0.48398194,0.30564553,0.21037254
2038978239,0.48924536,0.30369076,0.20706387
2039665838,0.3870312,0.307189,0.30577978
2039992314,0.54373455,0.24105382,0.21521167
2040299346,0.30654287,0.4246209,0.26883626
2040334775,0.40502936,0.37008947,0.2248812
2040659428,0.38277483,0.41268,0.2045452
2040863009,0.3534853,0.4272387,0.21927604
2041054679,0.2868004,0.44846836,0.2647312
2041217418,0.51223016,0.29026586,0.19750401
2041292821,0.30196193,0.47367525,0.22436279
2041776957,0.4681732,0.3220284,0.20979843
2042102695,0.39388722,0.3736307,0.23248208
2042109029,0.3475249,0.24184641,0.41062862
2042326550,0.4053374,0.394947,0.1997157
2042622629,0.27452818,0.274053,0.45141882
2042639730,0.37722647,0.3702634,0.25251013
2043008408,0.2845805,0.54030025,0.17511928
2043851691,0.26295796,0.531496,0.20554608
2043912083,0.22805718,0.5916743,0.18026847
2044456617,0.37230074,0.38479704,0.24290222
2045704262,0.27413964,0.41146755,0.3143928
2045875456,0.39773184,0.34533757,0.25693056
2046097310,0.25120533,0.24940164,0.49939305
2046340046,0.3152374,0.41431051,0.27045208
2047718704,0.45068073,0.34648174,0.20283753
2047730611,0.41121614,0.36579368,0.22299021
2047819516,0.32986134,0.37540597,0.2947327
2047827645,0.28837502,0.33901346,0.3726115
2048014648,0.3580632,0.3913321,0.25060475
2048806664,0.3100524,0.33145338,0.35849428
2048975366,0.35504562,0.36594242,0.27901196
2049075830,0.33878082,0.3973834,0.2638358
2049415823,0.3417546,0.4140011,0.2442443
2049719749,0.22383821,0.47567737,0.30048442
2049809382,0.51243734,0.28096735,0.20659524
2049815963,0.4201222,0.28391516,0.2959627
2049913641,0.38774443,0.43094498,0.18131062
2050133612,0.3733304,0.37668985,0.2499797
2050174594,0.3037966,0.47785395,0.21834946
2050517048,0.31297475,0.39047968,0.29654557
2050557721,0.23481275,0.52878886,0.23639843
2050767029,0.3822229,0.34122637,0.2765507
2050948249,0.42870125,0.38435882,0.18693995
2051994049,0.37312376,0.3857581,0.24111818
2052492015,0.26471427,0.26007158,0.47521412
2053358820,0.41405642,0.37353706,0.21240653
2053664723,0.33464524,0.405865,0.25948972
2053764468,0.39233944,0.39012706,0.21753353
2055115628,0.27830002,0.4095251,0.3121748
2055313978,0.4352848,0.25817913,0.30653608
2055619065,0.26741278,0.50240636,0.23018086
2056266968,0.37382293,0.39193743,0.23423961
2057519579,0.2504425,0.52711153,0.22244594
2057966793,0.30111185,0.54453456,0.15435359
2058406297,0.3177334,0.34053293,0.34173366
2058462994,0.31287155,0.47531956,0.21180889
2059000257,0.35509926,0.41599327,0.22890742
2059026762,0.39010876,0.37037084,0.2395204
2059079748,0.2964512,0.41836286,0.28518596
2059118028,0.2583592,0.43201476,0.30962604
2059321727,0.38730153,0.3086726,0.3040259
2059685419,0.41265777,0.33269024,0.254652
2060054874,0.3327793,0.34160188,0.3256188
2060364692,0.3197574,0.4839258,0.19631678
2061015208,0.32573435,0.3229416,0.35132408
2061031455,0.47990876,0.27783805,0.24225312
2061570293,0.3012526,0.3116128,0.3871346
2061686789,0.4366165,0.35413212,0.20925143
2061921957,0.41662836,0.36220032,0.22117132
2062299627,0.44911098,0.34600317,0.20488578
2062688966,0.4333908,0.33924294,0.22736627
2063626814,0.20222916,0.2107322,0.58703864
2063760755,0.4183975,0.32541978,0.25618273
2064073375,0.5450859,0.26291463,0.19199947
2064142878,0.29043812,0.32470548,0.38485646
2064570662,0.23434207,0.569556,0.1961019
2064814005,0.38469845,0.3831715,0.23213002
2065056920,0.42757577,0.3471395,0.22528479
2065127145,0.22107777,0.5663958,0.21252638
2065231830,0.37691462,0.3921044,0.23098099
2065318090,0.33973217,0.40631095,0.2539569
2065727593,0.31680757,0.3281634,0.35502905
2065960871,0.3796717,0.4145078,0.2058205
2066042684,0.3332557,0.3794167,0.28732765
2066069164,0.30457854,0.4379149,0.2575066
2066643678,0.35984358,0.347741,0.29241544
2066670784,0.3390172,0.46814236,0.1928404
2066808210,0.30434212,0.4116855,0.28397235
2066811470,0.37832236,0.39288902,0.22878861
2067163526,0.4470274,0.33670577,0.21626681
2067818840,0.3349427,0.30623004,0.35882726
2068023116,0.39161223,0.40055132,0.20783648
2068087121,0.4079043,0.3646587,0.22743702
2068566150,0.20804945,0.58217144,0.20977908
2068829148,0.38007745,0.40555358,0.21436894
2069035040,0.30913627,0.36356497,0.3272987
2069353968,0.28300828,0.44372773,0.27326402
2069536161,0.37941676,0.4073138,0.21326943
2069557470,0.49406967,0.28594977,0.21998051
2070036756,0.29737204,0.43532482,0.26730308
2070460504,0.36993882,0.38889623,0.24116498
2070678602,0.32639638,0.4691791,0.20442459
2071278967,0.4210307,0.34898454,0.22998476
2071377164,0.39240682,0.22496323,0.38262996
2072218495,0.393359,0.2859927,0.32064828
2072306386,0.39829975,0.36968654,0.23201373
2073035086,0.4404654,0.32549793,0.23403662
2073320912,0.29837033,0.5227959,0.17883375
2073520293,0.34264028,0.4398075,0.21755219
2074121497,0.34618318,0.34067515,0.3131417
2074254517,0.33546585,0.33672047,0.32781368
2074724412,0.32467103,0.39678138,0.27854756
2074975049,0.36812115,0.29228756,0.3395913
2075039602,0.37401772,0.3597739,0.26620838
2075372690,0.48248318,0.29134387,0.22617298
2075498049,0.2752691,0.5312592,0.19347176
2075802727,0.6056981,0.21703026,0.17727163
2077077435,0.38369483,0.35728598,0.25901917
2077285832,0.4098536,0.36919475,0.22095165
2077832418,0.41947564,0.36838484,0.21213952
2077966240,0.39533955,0.42754292,0.17711756
2078153732,0.33018303,0.3667423,0.30307466
2078434188,0.38307118,0.33729267,0.27963614
2078492856,0.55142367,0.287542,0.16103435
2079286091,0.3579238,0.38204724,0.260029
2079475671,0.411187,0.32913238,0.25968063
2080267783,0.50331813,0.29570273,0.20097908
2080309672,0.3570243,0.39145774,0.25151795
2080351996,0.3146759,0.40251756,0.28280652
2080422840,0.3884493,0.364963,0.2465877
2080635421,0.34520292,0.34884405,0.30595297
2081042598,0.31872973,0.32666525,0.35460505
2081052748,0.37525058,0.3924644,0.232285
2081353556,0.35949418,0.40320572,0.23730016
2081408128,0.4426561,0.29826584,0.25907806
2081826474,0.38606063,0.38533917,0.22860026
2082494393,0.4683057,0.31491125,0.21678308
2082841280,0.29591873,0.49674082,0.20734045
2082977435,0.2971826,0.2972163,0.40560108
2083580329,0.31190175,0.28508765,0.40301064
2083734709,0.34374696,0.40301865,0.25323445
2084135261,0.33863634,0.33701792,0.32434568
2084263948,0.28211802,0.4887458,0.22913615
2084630202,0.34800673,0.35532203,0.29667127
2085648853,0.39837202,0.35857123,0.24305677
2086315816,0.4908847,0.27789494,0.23122036
2086566701,0.3348053,0.3830124,0.28218234
2087188230,0.42298585,0.37870592,0.1983082
2087402072,0.2544077,0.5640205,0.18157183
2088348019,0.37611127,0.39673802,0.22715074
2088396603,0.41656208,0.24286059,0.34057736
2089110079,0.36654687,0.43108714,0.20236595
2089561079,0.37866473,0.29197127,0.32936406
2089631346,0.41070375,0.3702379,0.21905836
2089706956,0.30150667,0.45025867,0.24823467
2089710879,0.45855427,0.31099692,0.23044881
2089924013,0.3634839,0.32919407,0.30732206
2090114370,0.445612,0.25912237,0.29526561
2090403504,0.4471789,0.30922788,0.2435932
2090519729,0.34757823,0.33559465,0.31682712
2090999670,0.39955416,0.38197047,0.2184754
2091519580,0.30880642,0.3978548,0.29333878
2092277291,0.3329348,0.3254934,0.3415718
2092335722,0.27861005,0.30950028,0.4118897
2092504915,0.27653354,0.48492348,0.238543
2092612607,0.24987665,0.5536066,0.19651671
2092838003,0.35330096,0.28325945,0.36343956
2093617092,0.4903552,0.29155466,0.21809015
2093696494,0.3426889,0.43313402,0.2241771
2093814587,0.39263022,0.34708852,0.2602813
2093992576,0.26541102,0.46406817,0.27052078
2094477861,0.38492453,0.40024546,0.21483001
2094638468,0.5594284,0.25408626,0.18648535
2094948238,0.39672258,0.37493682,0.22834061
2095090116,0.239411,0.5424545,0.21813446
2095123168,0.3753587,0.39031503,0.23432627
2095412110,0.2830356,0.30867273,0.40829164
2095859773,0.3129846,0.45266077,0.23435473
2096136466,0.29713112,0.46606237,0.23680654
2096390962,0.35339466,0.3534048,0.29320055
2096774600,0.32001996,0.41060972,0.26937038
2097333127,0.4099205,0.3137011,0.27637842
2097622446,0.3487177,0.34636003,0.30492228
2098368144,0.19852781,0.5682051,0.23326713
2098699307,0.4833442,0.3053128,0.21134302
2098883427,0.43538314,0.36960807,0.1950088
2098990844,0.3714923,0.38156825,0.24693947
2099116005,0.38429838,0.338005,0.27769658
2099529855,0.3580934,0.41924533,0.22266127
2099705746,0.42209172,0.33474275,0.2431655
2100536944,0.25364396,0.5250764,0.22127967
2100572963,0.48417342,0.27722326,0.2386033
2101026686,0.4760622,0.30635,0.21758781
2101049754,0.38981616,0.39779794,0.2123859
2101285448,0.45663792,0.2690683,0.2742938
2101499085,0.3694684,0.35763085,0.27290076
2101527906,0.4731459,0.28542823,0.24142587
2101806506,0.4017483,0.40068328,0.19756845
2102356719,0.34101182,0.44619197,0.21279623
2102433071,0.5117903,0.26997975,0.21822998
2103734830,0.3696378,0.40948808,0.2208741
2104058976,0.4735409,0.26649484,0.25996432
2104140145,0.40722564,0.31084064,0.2819337
2104340199,0.50120205,0.24713367,0.25166425
2104376238,0.30710563,0.2987783,0.394116
2105294317,0.41261154,0.37127668,0.21611178
2105424033,0.33753085,0.361834,0.30063516
2105495006,0.42354926,0.35635754,0.22009319
2105777961,0.28730565,0.47855917,0.23413518
2105921115,0.29606947,0.49715948,0.20677105
2106027325,0.32805794,0.45757478,0.21436729
2106805863,0.38908535,0.3831213,0.22779335
2107005105,0.5334395,0.22267431,0.24388617
2107009347,0.27415198,0.5095674,0.21628067
2107077392,0.41813517,0.3709543,0.21091053
2107386021,0.45644948,0.31938457,0.22416595
2107631083,0.33978474,0.31304947,0.34716576
2108128554,0.32794583,0.4876132,0.18444093
2108132750,0.38518107,0.39560452,0.21921438
2109125119,0.21564373,0.5608398,0.22351652
2109715091,0.42166752,0.33430618,0.24402627
2110517883,0.3470204,0.42118677,0.2317928
2110903664,0.4613775,0.2697776,0.26884484
2111158669,0.2590581,0.46955436,0.27138752
2111345399,0.3335569,0.47582626,0.19061685
2111667120,0.15580383,0.15760392,0.6865922
2111759799,0.3090986,0.43563408,0.25526732
2112137508,0.3223975,0.34453747,0.33306503
2112285453,0.34232506,0.3650158,0.2926591
2112558046,0.38649565,0.34703186,0.2664725
2112923172,0.45890757,0.31638834,0.2247041
2113022138,0.34936458,0.3861487,0.26448673
2113452596,0.36420318,0.3816157,0.25418115
2115460325,0.26384908,0.53180194,0.20434898
2115711658,0.31089476,0.46984595,0.21925932
2116282646,0.47193998,0.24295601,0.28510404
2116322869,0.3160552,0.5022341,0.1817107
2116870293,0.33596897,0.3370705,0.32696056
2116993380,0.38895375,0.39046222,0.22058408
2117213113,0.41303658,0.32995975,0.2570037
2117531976,0.31482902,0.40080094,0.28437003
2118048127,0.3913365,0.38650972,0.22215381
2118080625,0.41676736,0.3574452,0.22578745
2118368599,0.3799662,0.37010038,0.24993345
2119205356,0.3314727,0.2897385,0.37878877
2119309591,0.5806054,0.24373804,0.17565665
2119326076,0.22234389,0.26131564,0.5163405
2119410467,0.47973406,0.31657356,0.20369239
2119692411,0.33701107,0.36850908,0.29447985
2119723029,0.3815847,0.4302739,0.1881414
2119988209,0.40053228,0.437811,0.16165677
2120357253,0.415356,0.37648654,0.20815748
2120899082,0.49085516,0.29221743,0.21692741
2121305240,0.28896153,0.33560544,0.37543303
2122030779,0.2707511,0.5231814,0.20606753
2122963805,0.3927945,0.40032145,0.206884
2122996611,0.38095278,0.40889806,0.21014917
2123374767,0.37364498,0.37714234,0.24921271
2125316196,0.38347763,0.35196036,0.264562
2126393001,0.2470412,0.5279429,0.22501586
2126408165,0.31358844,0.44115138,0.24526021
2126556826,0.31961495,0.25861055,0.42177457
2126568341,0.21302912,0.55356705,0.23340383
2126967063,0.27587497,0.49518862,0.22893643
2126981937,0.34453452,0.46879894,0.18666653
2127747379,0.3304767,0.4341112,0.23541209
2127812703,0.32109207,0.44444755,0.23446035
2128741993,0.4473135,0.35506874,0.19761783
2128776701,0.55122596,0.2790549,0.16971907
2128805207,0.36169046,0.43293065,0.20537892
2129000592,0.3572222,0.34722364,0.29555413
2129237394,0.3689264,0.36000347,0.2710701
2129439720,0.41510552,0.3950687,0.18982579
2129497724,0.2446928,0.38185233,0.37345487
2129851512,0.35790205,0.35695332,0.28514463
2129917955,0.34760103,0.4263473,0.22605172
2130914247,0.3882286,0.3134024,0.29836896
2131286523,0.44767362,0.3415425,0.21078387
2131600846,0.3371296,0.39013475,0.27273566
2132108402,0.3022256,0.31477267,0.38300177
2133556803,0.33564717,0.41053328,0.25381958
2133648220,0.44085264,0.3243285,0.2348189
2134189882,0.24878429,0.47506914,0.27614653
2134194027,0.21138032,0.5803579,0.20826176
2134278093,0.40479034,0.33744767,0.257762
2135274799,0.39124584,0.37318885,0.23556532
2135419532,0.410537,0.39056277,0.19890022
2135869970,0.28489012,0.5348595,0.18025038
2136405912,0.2606818,0.508404,0.23091418
2136589149,0.30937466,0.30049512,0.39013022
2136897991,0.41068244,0.37482458,0.214493
2137096986,0.28886765,0.39363196,0.31750035
2137106239,0.44781512,0.24569455,0.3064903
2137108391,0.34453058,0.32739806,0.32807136
2138392149,0.42921665,0.3115899,0.2591934
2138740384,0.2401253,0.48481935,0.27505538
2139022797,0.36961246,0.45302385,0.17736368
2139588411,0.38203967,0.387976,0.22998437
2141052292,0.33889025,0.39280945,0.2683003
2141727622,0.3731274,0.37165904,0.25521353
2143937240,0.41063592,0.36414692,0.22521716
2144024924,0.45318872,0.34264418,0.20416705
2144199453,0.49579352,0.24981229,0.25439414
2144768751,0.34816736,0.35449144,0.29734123
2145085097,0.33074296,0.3501694,0.31908768
2145344601,0.42194048,0.35526627,0.22279327
2145803747,0.3205992,0.4053014,0.27409947
2145908415,0.41454434,0.3598209,0.22563477
2146204338,0.384735,0.4019009,0.21336417
2147380266,0.3327901,0.36666816,0.3005417
2147766014,0.3808029,0.3792684,0.23992868
2147867847,0.3508846,0.33872968,0.31038576
2147988121,0.3042068,0.46335715,0.23243609
2148032113,0.26391554,0.49407429,0.24201018
2148551060,0.29708725,0.40490288,0.29800987
2149211443,0.27234355,0.45971686,0.26793954
2149609966,0.25942603,0.3663507,0.3742233
2149690703,0.378916,0.39187384,0.22921014
2150215826,0.5107405,0.26085758,0.22840187
2150321017,0.32435066,0.33267745,0.34297192
2150871080,0.3463372,0.37125027,0.28241253
2150892631,0.36456448,0.41219205,0.22324346
2151184069,0.27915472,0.53138566,0.18945964
2151803047,0.3874274,0.37283087,0.23974174
2152340527,0.47067147,0.34277174,0.18655677
2152704639,0.37530214,0.33869126,0.2860065
2153486828,0.42002648,0.32818547,0.25178802
2153814494,0.4110012,0.3617832,0.22721557
2153856885,0.39447486,0.36447215,0.241053
2153942486,0.3236405,0.43054578,0.24581373
2154236575,0.4886518,0.32842577,0.18292244
2154277953,0.34232008,0.3965603,0.26111966
2154910904,0.356407,0.38650835,0.25708464
2155012669,0.34677014,0.38633883,0.266891
2155150831,0.4094439,0.2965966,0.2939595
2155570044,0.28163797,0.28518295,0.4331791
2155844751,0.26760218,0.29572567,0.43667215
2156307108,0.23152202,0.56656253,0.20191541
2156388087,0.36945167,0.40941706,0.2211313
2156877891,0.3387912,0.33716744,0.32404137
2157233554,0.43271184,0.28610867,0.28117946
2157503439,0.2672243,0.3792736,0.35350215
2157566122,0.30126306,0.44275188,0.25598502
2157593437,0.33642638,0.33002716,0.33354643
2158432955,0.22969894,0.26388517,0.5064159
2158622160,0.5044844,0.23912081,0.2563948
2159119873,0.40707695,0.30161914,0.29130387
2159293113,0.51891434,0.26390874,0.2171769
2159324224,0.35734802,0.44383013,0.1988219
2159499256,0.39657122,0.41612655,0.18730226
2159879802,0.4582811,0.34950417,0.19221474
2159885611,0.40411708,0.31517786,0.28070503
2160928721,0.3828114,0.39847207,0.2187165
2161170109,0.4377681,0.29594553,0.26628637
2161463558,0.5870689,0.16957507,0.24335605
2161924610,0.40329158,0.3264945,0.2702139
2162025850,0.28986144,0.3453537,0.3647849
2163344257,0.3621984,0.3415976,0.296204
2163908780,0.38259894,0.3068242,0.31057686
2163908997,0.3211945,0.36976486,0.30904067
2163916970,0.42661798,0.3178439,0.25553817
2163979962,0.3599075,0.39501902,0.24507344
2164355973,0.28069863,0.48587424,0.23342712
2164375917,0.35391867,0.37722033,0.26886103
2164430915,0.33329868,0.3543507,0.31235063
2164690706,0.20185977,0.20080131,0.5973389
2164849513,0.29842132,0.30206025,0.39951846
2164959755,0.29207438,0.48576868,0.22215694
2165198101,0.39581722,0.25517887,0.3490039
2165975710,0.3545462,0.38246393,0.2629899
2166201438,0.4827174,0.2512279,0.26605475
2166592565,0.44497168,0.32677835,0.22824998
2169375585,0.3038972,0.4341529,0.26194993
2169500078,0.5210435,0.2518943,0.22706223
2169592732,0.23211299,0.5815419,0.18634507
2170113336,0.37945646,0.3604879,0.26005557
2170160708,0.34605908,0.4115416,0.24239928
2171261721,0.28025043,0.26602864,0.45372096
2171599386,0.30316722,0.47347093,0.22336185
2171667314,0.5401518,0.26226655,0.19758171
2171897251,0.31344342,0.45358032,0.23297623
2171910702,0.36056477,0.2890092,0.35042602
2172071330,0.33574143,0.29825038,0.36600822
2172555072,0.27386153,0.53888845,0.18725
2172738200,0.37199312,0.31603116,0.31197572
2172838407,0.3536681,0.3616843,0.28464758
2173195440,0.24360412,0.36817795,0.388218
2173296119,0.37721562,0.30073127,0.32205307
2173325674,0.31446278,0.4320823,0.2534549
2174004251,0.27332395,0.2705732,0.45610282
2174944994,0.28487653,0.48644096,0.22868258
2175068611,0.32329726,0.32814378,0.34855893
2175071321,0.3492347,0.28874448,0.3620208
2175417858,0.29015648,0.497345,0.21249856
2175687889,0.48466268,0.30064276,0.21469453
2176331414,0.3556859,0.33178204,0.312532
2176484059,0.31702054,0.39260954,0.29036987
2176635578,0.43626225,0.35673416,0.20700353
2177147797,0.56809556,0.26152438,0.17038006
2177329052,0.279888,0.47934064,0.24077135
2177904798,0.39861435,0.37369308,0.22769254
2177958006,0.38549626,0.34561104,0.2688927
2178377545,0.2734614,0.40316004,0.32337862
2178547922,0.24029994,0.20472142,0.5549786
2178881026,0.40024418,0.28580981,0.31394598
2179033534,0.39126056,0.31179285,0.2969466
2179379706,0.37475178,0.3944522,0.23079607
2179811767,0.2173509,0.58353436,0.19911471
2180560058,0.24939169,0.47980607,0.27080226
2180733179,0.36197817,0.41143084,0.22659099
2181226740,0.27117652,0.49821565,0.23060787
2182859551,0.3594556,0.45374298,0.18680143
2182931207,0.4097479,0.33849853,0.25175357
2183163369,0.3922314,0.35881215,0.24895641
2183293682,0.34586358,0.22519533,0.4289411
2183393142,0.41823608,0.28247532,0.2992886
2183694947,0.42089385,0.34287262,0.23623356
2184345520,0.36582124,0.4098528,0.22432593
2184347961,0.38143602,0.4025644,0.21599959
2184366631,0.40616733,0.3056411,0.28819162
2185446042,0.25206694,0.33371085,0.4142222
2185556683,0.40203384,0.32468253,0.27328363
2185617229,0.33596566,0.3268695,0.33716485
2185957077,0.4144323,0.3388168,0.24675094
2186051717,0.3043828,0.40986747,0.28574967
2186241395,0.31254452,0.51348674,0.17396873
2186999136,0.37862873,0.4258275,0.19554374
2187830312,0.33638096,0.35671967,0.30689934
2188498828,0.35818672,0.35753697,0.2842763
2188865881,0.2607852,0.2504295,0.48878527
2189001864,0.49950463,0.28605473,0.21444061
2190275100,0.6255216,0.19174504,0.18273336
2190532097,0.32317504,0.4800265,0.19679843
2191309093,0.32990232,0.45159662,0.21850106
2191310225,0.35712266,0.41334498,0.2295323
2191843102,0.2912195,0.3107538,0.3980267
2192338861,0.3862494,0.44156313,0.17218748
2192444288,0.46327084,0.29466942,0.24205977
2192582646,0.42324358,0.29417107,0.28258532
2192692316,0.35486275,0.3158422,0.32929504
2192846253,0.37139004,0.35063112,0.2779789
2193144763,0.3994868,0.34772074,0.25279245
2193467687,0.28797197,0.46247637,0.24955164
2194231094,0.28096065,0.30840406,0.41063526
2194495056,0.38122654,0.35059217,0.26818126
2194633758,0.31711528,0.29828268,0.384602
2194703050,0.41328412,0.35928088,0.22743502
2195183194,0.3054462,0.3252049,0.3693489
2195276940,0.43312943,0.34528795,0.22158264
2195506796,0.36703008,0.4222185,0.21075144
2195641240,0.42415684,0.34213817,0.23370495
2195753246,0.33391827,0.2698369,0.39624476
2196383815,0.39183676,0.3522939,0.2558693
2196721908,0.34562868,0.3614264,0.2929449
2196740477,0.31323805,0.5047093,0.18205264
2196741806,0.3667203,0.40772736,0.22555235
2197510409,0.39355695,0.33356917,0.27287394
2197527874,0.35033268,0.3703789,0.27928838
2197719663,0.34979334,0.37654838,0.27365828
2197783856,0.25796133,0.563903,0.1781357
2198147963,0.3573188,0.4196188,0.22306243
2198559459,0.44425088,0.34436935,0.21137974
2198767756,0.3282832,0.38205737,0.28965938
2199014643,0.3456218,0.3530647,0.30131352
2199125192,0.35404015,0.3492295,0.29673034
2200118426,0.4048123,0.3403731,0.25481462
2200283027,0.438525,0.33421078,0.22726423
2200413738,0.40043187,0.38632947,0.21323863
2200824528,0.18921599,0.20479739,0.6059866
2200862783,0.2814154,0.38449067,0.33409393
2201121794,0.3862428,0.4103039,0.20345332
2201238197,0.35919005,0.39851332,0.24229662
2201707753,0.50045377,0.27895206,0.22059411
2201863947,0.41384143,0.2562531,0.32990548
2201868705,0.33967465,0.38188785,0.27843755
2202305339,0.34818798,0.29220915,0.35960287
2202763651,0.29625955,0.5078764,0.19586408
2203159010,0.44056478,0.3580396,0.20139565
2203593878,0.44404644,0.3408479,0.21510568
2203710360,0.3207682,0.25793245,0.42129934
2204102376,0.5036589,0.28180584,0.21453524
2204149971,0.40768927,0.38629013,0.2060206
2204504760,0.3664745,0.29398125,0.33954424
2204727793,0.24898544,0.2767098,0.47430477
2204752461,0.3089203,0.31481668,0.37626308
2204862930,0.5765611,0.24561657,0.1778223
2205765928,0.2695643,0.31481847,0.41561723
2205972865,0.40264827,0.36666042,0.23069128
2206322880,0.36536652,0.33667246,0.297961
2207031650,0.3940972,0.3603595,0.2455433
2207562197,0.33516014,0.44837004,0.21646987
2208034018,0.36729985,0.3231466,0.3095535
2208503518,0.3518734,0.37243688,0.27568978
2209381488,0.43921366,0.2902931,0.27049327
2210070622,0.22748297,0.56170475,0.21081232
2210091901,0.3125841,0.44092387,0.24649203
2210637381,0.37105757,0.36210966,0.2668328
2211664729,0.32527402,0.36029306,0.31443292
2211702962,0.34254956,0.35894108,0.29850936
2211953839,0.37427136,0.30029106,0.32543755
2211967475,0.3146569,0.28889143,0.39645165
2212048975,0.31213582,0.32885748,0.35900667
2212420564,0.29977757,0.43543994,0.2647825
2212981598,0.54679483,0.23470092,0.21850425
2213392240,0.34226233,0.39718974,0.26054794
2213695956,0.28478515,0.4779797,0.23723516
2214137333,0.3614238,0.4053868,0.23318937
2214518878,0.50699306,0.27722356,0.21578336
2215540478,0.48084563,0.32156813,0.19758627
2216137473,0.3779494,0.35553616,0.26651442
2216446060,0.3596558,0.3550403,0.2853039
2216470502,0.3242157,0.44835752,0.2274268
2217224520,0.2087675,0.6067503,0.18448219
2217771976,0.29318398,0.45334846,0.25346756
2218627755,0.34398627,0.42166984,0.23434389
2218991144,0.20941176,0.6321273,0.15846094
2219922560,0.4320525,0.3686393,0.19930822
2220477782,0.53620404,0.2598591,0.20393682
2220609001,0.39492053,0.3546608,0.25041866
2220693098,0.35927644,0.4075574,0.23316616
2221121196,0.29428166,0.49984667,0.20587163
2221586606,0.39235827,0.3941153,0.21352643
2222442810,0.6168058,0.21104181,0.1721524
2222633010,0.2759587,0.39293838,0.33110297
2222835899,0.25384524,0.5420496,0.2041051
2224481005,0.34796202,0.36875758,0.28328043
2226412337,0.56273556,0.23117062,0.20609382
2226481301,0.29393446,0.44409654,0.26196897
2226759487,0.4080882,0.37485164,0.21706012
2227065658,0.44198793,0.35478002,0.20323202
2227630138,0.44606423,0.2748076,0.27912813
2229442403,0.3953845,0.31766945,0.28694606
2229485145,0.3718915,0.40229163,0.22581688
2229852459,0.3044023,0.52160907,0.17398866
2230363079,0.38489062,0.39268535,0.222424
2230453776,0.2790861,0.47743133,0.24348256
2230504940,0.42494467,0.38858187,0.18647349
2230877348,0.4817035,0.23464349,0.28365302
2230903248,0.19960564,0.6104653,0.1899291
2231081535,0.3979332,0.36354154,0.23852527
2231199526,0.3869729,0.3391971,0.27382994
2231241267,0.3702388,0.37604326,0.25371793
2231441767,0.6830963,0.16201021,0.15489355
2231479603,0.4490146,0.33613443,0.21485096
2233026230,0.41819665,0.31837863,0.2634247
2233136854,0.31985635,0.41197434,0.26816934
2233464979,0.39217046,0.41758186,0.19024767
2233602759,0.3168449,0.41564292,0.26751214
2233784528,0.46915054,0.28381944,0.24703002
2234535874,0.46209908,0.35279888,0.18510208
2234538558,0.41011927,0.41196823,0.17791252
2234677058,0.46893108,0.31901804,0.21205087
2235424925,0.38950616,0.27600533,0.3344885
2235703451,0.3541067,0.43552125,0.21037202
2236034374,0.3098018,0.4948187,0.19537947
2237143606,0.3921309,0.38491672,0.22295237
2237157568,0.29753757,0.50566435,0.19679812
2237737110,0.4013821,0.3358811,0.26273686
2238701775,0.32781288,0.43596727,0.23621982
2238940710,0.26461443,0.5247184,0.21066712
2239247101,0.36194706,0.3950569,0.24299604
2239368007,0.36992228,0.4275084,0.20256928
2239398601,0.43379426,0.35818803,0.2080177
2239628661,0.38606694,0.324522,0.2894111
2240042679,0.39263478,0.3765429,0.23082234
2240093497,0.28334174,0.27449125,0.44216695
2240344484,0.2907831,0.4814481,0.22776878
2240362543,0.38750374,0.42422992,0.1882663
2241867482,0.54453045,0.22695751,0.22851205
2241998178,0.37178788,0.23977348,0.38843864
2242269200,0.41615954,0.27790356,0.30593693
2242431173,0.281373,0.506126,0.21250105
2242543439,0.31513447,0.4361379,0.24872762
2242714616,0.31861544,0.3851477,0.2962368
2243142361,0.42807338,0.26671857,0.3052081
2243556972,0.41299462,0.37668562,0.21031979
2243685884,0.33740556,0.38326824,0.27932614
2243693174,0.34796563,0.45069802,0.20133635
2243848326,0.30172044,0.39610106,0.3021785
2243938584,0.3356816,0.36171684,0.30260158
2243973476,0.45998332,0.26938936,0.27062732
2244151821,0.3083206,0.4944551,0.1972243
2244268843,0.40096003,0.36846605,0.23057398
2244484103,0.2575427,0.44778556,0.2946717
2244534773,0.31423163,0.36118096,0.32458743
2244992410,0.4260437,0.35429293,0.2196634
2245163348,0.39155185,0.36889204,0.2395561
2245614282,0.23601967,0.3408897,0.4230906
2246249715,0.34512556,0.39054024,0.2643342
2246939712,0.41626397,0.40312874,0.18060729
2247041495,0.51218385,0.29200462,0.19581157
2247692776,0.4353292,0.3448304,0.21984038
2247875040,0.3373954,0.26737517,0.39522946
2249010252,0.34185648,0.38036555,0.27777797
2249673992,0.373763,0.39956817,0.22666879
2249988970,0.28257278,0.29561445,0.42181277
2250272582,0.43929863,0.37648994,0.18421143
2250362199,0.3845126,0.42170304,0.19378436
2250714658,0.41307363,0.34183124,0.24509516
2250735019,0.3279729,0.3972643,0.27476287
2251047955,0.35582173,0.40307546,0.24110276
2251232652,0.28554907,0.34495306,0.36949784
2251759744,0.27764356,0.282822,0.43953443
2251843205,0.4735778,0.24108823,0.285334
2251939543,0.45886216,0.30413193,0.23700595
2252414804,0.41192308,0.38348514,0.20459181
2252884731,0.3056649,0.45154214,0.242793
2252887706,0.5187426,0.28619432,0.19506305
2253357795,0.29093283,0.45055342,0.25851378
2253574771,0.26510465,0.36437106,0.3705243
2253747406,0.32013184,0.32393867,0.3559295
2253864229,0.41296816,0.31278723,0.2742446
2254046999,0.46777505,0.34595752,0.18626742
2254048589,0.38319856,0.3943956,0.22240582
2254224034,0.3386137,0.4224164,0.23896989
2254426470,0.5168947,0.29860872,0.18449654
2254507079,0.41088724,0.38443553,0.20467722
2255288536,0.41207987,0.3477387,0.24018148
2255614351,0.41836613,0.3435448,0.23808901
2256923423,0.57774043,0.23211692,0.19014266
2257021260,0.32046053,0.36160237,0.31793714
2257107825,0.38185835,0.40612012,0.21202148
2257156861,0.36872077,0.4213249,0.20995432
2257320763,0.28151625,0.5104559,0.20802784
2257485351,0.39101702,0.31439224,0.2945907
2258030484,0.32947206,0.38901368,0.2815143
2258089981,0.35920316,0.37461498,0.26618183
2258364823,0.20389445,0.4926651,0.30344045
2258614567,0.3917513,0.4109391,0.19730963
2258869950,0.52788997,0.24864042,0.22346964
2259377843,0.3143788,0.2879544,0.3976668
2259501414,0.5653601,0.25648826,0.17815164
2259725460,0.5576763,0.22123149,0.2210922
2259755756,0.34254783,0.3591959,0.29825628
2260291906,0.35726815,0.3919741,0.25075778
2260399466,0.3909378,0.23672566,0.37233657
2260590782,0.26997995,0.32946333,0.40055674
2260625625,0.40999913,0.36754715,0.22245371
2260701213,0.40847254,0.35047397,0.24105352
2260901723,0.4621119,0.33243626,0.20545185
2261227235,0.38024604,0.31170338,0.3080505
2261360754,0.23175539,0.40005416,0.36819044
2261368285,0.4176181,0.40148985,0.18089204
2261616597,0.26783627,0.45042434,0.28173938
2262228764,0.38478476,0.33715802,0.27805728
2262603225,0.3002876,0.52121353,0.1784988
2262910584,0.22031811,0.48877966,0.29090223
2263042922,0.30272725,0.30216902,0.39510375
2263088754,0.63269293,0.20423338,0.16307372
2263676581,0.38845998,0.33947337,0.27206665
2263812852,0.28868115,0.52308214,0.18823673
2263973959,0.3303409,0.42590773,0.24375138
2264205677,0.3459825,0.33429784,0.31971967
2264811996,0.38560838,0.3622093,0.25218233
2265911388,0.33706743,0.3478093,0.31512323
2266370883,0.38634074,0.3545298,0.25912946
2266626524,0.3322157,0.4185821,0.24920215
2266929821,0.44164512,0.33397144,0.22438347
2268031415,0.50534546,0.28027353,0.21438102
2268258825,0.35972515,0.34083596,0.2994389
2268484365,0.31642467,0.4462083,0.23736705
2268566746,0.5260703,0.26484436,0.2090854
2268661926,0.32689407,0.4159543,0.25715166
2268837405,0.51041347,0.29595917,0.19362733
2269391844,0.39453912,0.3309513,0.27450958
2269714075,0.28525257,0.50429904,0.21044835
2269869726,0.28930748,0.49166346,0.21902907
2270129597,0.2713599,0.5076548,0.22098538
2272000761,0.2890876,0.31571695,0.39519548
2272217115,0.3679418,0.30602187,0.32603636
2272527009,0.35989657,0.3970039,0.24309957
2272555317,0.20521541,0.5853349,0.2094496
2272604445,0.3659562,0.33750966,0.29653412
2273036478,0.2596533,0.27623463,0.46411207
2273054458,0.37084234,0.43292618,0.19623154
2273230065,0.328749,0.35377568,0.31747526
2273396513,0.43444383,0.36158556,0.20397061
2273489101,0.41501018,0.2973851,0.2876047
2273560254,0.53856444,0.24316926,0.21826635
2274682490,0.26321435,0.34975058,0.3870351
2275624476,0.35817814,0.36947584,0.27234602
2276195721,0.4166004,0.3354596,0.24793994
2276291366,0.40675902,0.347713,0.24552798
2276327235,0.38295853,0.38594422,0.23109725
2276493335,0.48303977,0.30954763,0.20741259
2277069304,0.48047718,0.28278142,0.23674135
2277213941,0.31947207,0.37950933,0.3010186
2277528057,0.3763922,0.37155896,0.25204885
2277602742,0.29461497,0.31829464,0.38709038
2277788313,0.4829837,0.3257963,0.19121994
2277949848,0.36752194,0.31664747,0.3158306
2277995463,0.3261237,0.32463986,0.34923637
2278048953,0.38993388,0.2862943,0.32377183
2278130816,0.43827087,0.32687747,0.2348516
2278548621,0.36156696,0.37235785,0.26607522
2278645333,0.3947447,0.3596928,0.24556252
2279101646,0.33663052,0.3106837,0.3526858
2279389952,0.3450025,0.4315366,0.22346088
2279732936,0.34235644,0.34102988,0.31661364
2279877842,0.32947743,0.4191066,0.25141597
2279975859,0.44460553,0.30901557,0.24637887
2280085528,0.52620864,0.2601951,0.21359628
2281685417,0.34395722,0.4522832,0.20375958
2281818481,0.26237637,0.40318292,0.3344407
2282705839,0.36445993,0.36085373,0.27468628
2282705868,0.24056433,0.24182919,0.51760644
2282841265,0.4586261,0.27955228,0.26182163
2283090967,0.3466098,0.31883836,0.3345518
2283123348,0.33322012,0.4557215,0.21105841
2283230435,0.3428671,0.42933807,0.22779483
2283721265,0.42706922,0.39567822,0.17725256
2283799773,0.38359398,0.36204863,0.25435737
2283908747,0.34469005,0.4016207,0.25368926
2284377869,0.4841377,0.27573562,0.24012667
2284806454,0.33032858,0.32883215,0.34083927
2285455719,0.54328346,0.2283826,0.22833398
2285609556,0.36433282,0.43703288,0.19863431
2285980922,0.28261912,0.30854172,0.4088391
2286215611,0.3928482,0.29532757,0.3118242
2286973955,0.32612732,0.37537652,0.29849613
2287083045,0.2845145,0.48472333,0.23076212
2287177410,0.26822343,0.5388679,0.19290867
2287537789,0.356026,0.34903014,0.29494387
2287579266,0.31737414,0.34939814,0.33322775
2287889263,0.33818856,0.47434622,0.18746525
2287899582,0.38120466,0.3296392,0.28915614
2288347256,0.3977027,0.35038573,0.25191158
2288523008,0.32099932,0.4638679,0.21513279
2288657834,0.28778988,0.29126328,0.42094684
2288760105,0.37219763,0.37965757,0.2481448
2289415690,0.38788474,0.34976313,0.2623521
2289487916,0.417795,0.35071564,0.2314893
2289565580,0.3599009,0.42307615,0.21702296
2290250786,0.39261603,0.35283613,0.25454783
2290365581,0.3481366,0.37267035,0.27919304
2290629924,0.38908774,0.36156148,0.24935076
2291509081,0.5048644,0.26127583,0.23385975
2291644027,0.24564643,0.40919292,0.34516066
2291743554,0.29166698,0.43439257,0.2739405
2291804439,0.3475097,0.3523824,0.3001079
2292173803,0.28179368,0.3156908,0.40251553
2293061324,0.45448804,0.32791868,0.21759328
2293083180,0.41227794,0.33379853,0.25392354
2293924590,0.46851972,0.32478192,0.20669833
2294261811,0.3570165,0.4051714,0.23781206
2295852258,0.26996043,0.4854386,0.24460095
2296290497,0.38897067,0.3503597,0.26066962
2296874163,0.4233412,0.3572347,0.2194241
2296934182,0.34963188,0.36178672,0.28858143
2297090030,0.36818382,0.40715444,0.22466177
2297168452,0.29293817,0.46349925,0.24356258
2297732304,0.37073052,0.38142943,0.24784002
2297936535,0.2795023,0.29221946,0.42827827
2298155581,0.30789113,0.46317333,0.2289356
2298216454,0.2918719,0.484062,0.22406611
2298235111,0.28684965,0.33183992,0.3813104
2298239086,0.2562807,0.31440496,0.42931435
2299155412,0.25274748,0.36767578,0.37957668
2299271255,0.28547248,0.4850044,0.22952315
2299471742,0.30634993,0.33802968,0.35562032
2299761733,0.27908713,0.29244953,0.4284633
2300108652,0.46937785,0.31634378,0.21427839
2300490362,0.3453662,0.4174542,0.23717962
2300549042,0.3089381,0.46489066,0.22617126
2300898842,0.46582603,0.30726534,0.22690868
2301493272,0.2909702,0.39913273,0.3098971
2301554933,0.28743938,0.5022372,0.21032342
2301617323,0.48107445,0.29687423,0.22205131
2301986632,0.37794632,0.3894316,0.23262206
2302233647,0.45427728,0.2535975,0.29212523
2302623988,0.4477837,0.3267616,0.22545472
2302861268,0.48640904,0.29162169,0.22196925
2303525741,0.39484045,0.3089146,0.29624492
2303623259,0.3047961,0.39089644,0.30430743
2303837027,0.3007775,0.40913796,0.2900845
2304731898,0.41168755,0.2585974,0.32971507
2304824579,0.5836475,0.21341346,0.2029391
2305112741,0.45563036,0.28128257,0.2630871
2305176643,0.40521735,0.33175418,0.2630285
2305232093,0.5809494,0.2418276,0.17722297
2305902441,0.4196369,0.29438913,0.28597394
2305993712,0.30352595,0.5264801,0.16999398
2306752102,0.30400985,0.47405446,0.22193573
2307256472,0.49285305,0.32087862,0.18626836
2307526151,0.31357652,0.4888041,0.19761935
2307727078,0.41184,0.2976376,0.2905224
2308372338,0.2537388,0.23438177,0.5118794
2308766625,0.5179026,0.2949965,0.18710089
2309158505,0.29432467,0.5066858,0.19898956
2309437212,0.31854704,0.41823477,0.2632182
2309480558,0.30759078,0.3574886,0.3349206
2309569202,0.4211554,0.33358377,0.24526079
2309734731,0.42887563,0.35481358,0.21631077
2309742765,0.39353988,0.3529883,0.25347182
2310025375,0.40849322,0.3417761,0.24973069
2311861550,0.2760295,0.52307516,0.20089526
2311883372,0.30283818,0.30548567,0.3916762
2312015190,0.4121509,0.28746864,0.3003805
2313368401,0.5967609,0.2343067,0.16893236
2314578888,0.37689996,0.39270246,0.23039757
2314798280,0.38135725,0.37562972,0.243013
2315421417,0.298589,0.35271877,0.3486923
2315688527,0.37309772,0.37256366,0.25433865
2316185904,0.4026308,0.24431491,0.35305426
2316304601,0.22099306,0.62378,0.15522692
2316892151,0.40135115,0.41045812,0.18819074
2317205627,0.35984653,0.4170441,0.22310933
2317567630,0.3404519,0.32185718,0.3376909
2318230216,0.38414952,0.33289742,0.28295308
2318393950,0.39199919,0.3419386,0.26606214
2319174889,0.34410512,0.42842662,0.22746825
2319284737,0.2412894,0.5554745,0.20323606
2319589485,0.23943488,0.5944479,0.16611725
2319727724,0.37835747,0.4157758,0.20586675
2319835629,0.46157557,0.27979305,0.2586314
2320065969,0.4090349,0.36954,0.22142512
2320399590,0.36207914,0.30250597,0.33541495
2320671310,0.23947176,0.5389499,0.22157833
2321109988,0.5172866,0.29721054,0.18550283
2321732473,0.2871474,0.4765592,0.2362934
2322844742,0.57893467,0.2424101,0.1786552
2323245134,0.43409446,0.3193673,0.2465383
2323858926,0.3449006,0.40058973,0.2545097
2324135021,0.1926686,0.650836,0.1564954
2325743881,0.31003007,0.357948,0.33202195
2325752380,0.4005118,0.37962294,0.21986523
2325816682,0.2975031,0.4508949,0.251602
2326009413,0.40948692,0.34947467,0.24103841
2326374927,0.50076276,0.32413644,0.17510079
2327653937,0.30487162,0.437069,0.25805938
2327958711,0.39118242,0.3397547,0.2690629
2328231803,0.2576649,0.5413315,0.20100355
2328286023,0.3497125,0.4069718,0.24331564
2328333825,0.29534495,0.5129353,0.19171973
2329809740,0.41033745,0.27784663,0.31181592
2329899619,0.34972024,0.24885178,0.40142798
2332019993,0.36999178,0.3394246,0.29058355
2332716265,0.30827618,0.31239337,0.37933046
2333969074,0.3402658,0.43840036,0.22133383
2334935406,0.26846206,0.29355228,0.43798572
2335320120,0.3482928,0.29261687,0.35909033
2335801985,0.2566799,0.48969895,0.2536212
2336145831,0.372815,0.37471998,0.252465
2336742276,0.33498034,0.33399516,0.33102453
2336800365,0.39345083,0.36072195,0.24582724
2337354178,0.26972505,0.55117255,0.17910239
2337402349,0.3850041,0.37571493,0.23928097
2337701591,0.45101723,0.30143848,0.24754429
2338032702,0.41670048,0.2755967,0.3077028
2338658129,0.18930042,0.626289,0.18441057
2338870471,0.42570934,0.3779776,0.19631302
2339243447,0.33349663,0.3189407,0.3475627
2339448824,0.38414794,0.37456715,0.2412849
2339844808,0.23185763,0.28588185,0.48226053
2339905997,0.3407908,0.32604882,0.33316034
2340354939,0.3157872,0.39667588,0.2875369
2340629349,0.3965522,0.3704693,0.23297843
2340736116,0.37514114,0.37846914,0.24638969
2341034689,0.49803233,0.30711454,0.19485313
2341205378,0.37088844,0.38795084,0.24116077
2341370632,0.44827485,0.3217456,0.22997953
2342106205,0.2979464,0.39926252,0.3027911
2342144561,0.30713493,0.42038107,0.272484
2342189940,0.3469056,0.40716988,0.24592455
2342867809,0.38369155,0.35360014,0.26270837
2342960941,0.33454633,0.45467335,0.21078032
2343513808,0.3780199,0.33928773,0.28269237
2343586293,0.32033294,0.43835708,0.24131002
2344373272,0.38554677,0.42607057,0.1883827
2344747052,0.5389257,0.2657018,0.19537249
2344858464,0.43822622,0.3067839,0.25498986
2345268643,0.36911273,0.2973603,0.33352697
2346016489,0.5196654,0.2614631,0.21887147
2347273010,0.35951066,0.41061932,0.22987005
2347356295,0.4163347,0.39542818,0.18823709
2347847570,0.25560537,0.3893884,0.3550062
2348272183,0.36284924,0.3887445,0.24840625
2348451795,0.35315058,0.3981924,0.248657
2348960380,0.49794686,0.28389958,0.21815355
2349094155,0.27695152,0.49425632,0.22879219
2349405396,0.3523097,0.35103393,0.29665637
2349437497,0.4056549,0.34637114,0.24797392
2349703429,0.40629023,0.37030166,0.22340809
2349967792,0.65249914,0.16861889,0.17888197
2350144674,0.39420503,0.3674547,0.23834024
2350765245,0.3791073,0.39557976,0.22531295
2351144599,0.45985958,0.3311016,0.2090388
2351516807,0.31915867,0.4948883,0.18595299
2351558719,0.29791278,0.4515021,0.2505851
2351922399,0.3721602,0.42739415,0.20044565
2351932809,0.3097962,0.41677225,0.2734316
2352254225,0.44466177,0.34969634,0.2056419
2352319666,0.4403777,0.3358021,0.22382016
2353269674,0.3574817,0.4096536,0.23286474
2354965063,0.5473974,0.23775974,0.2148429
2355370819,0.3298323,0.32476807,0.34539968
2356072116,0.38940245,0.40170524,0.20889235
2356093349,0.38916475,0.30389172,0.30694354
2356433939,0.3715518,0.3836794,0.24476877
2356916611,0.37461698,0.36943316,0.2559498
2357015465,0.42211396,0.3554632,0.2224229
2357033800,0.4033373,0.38393307,0.21272963
2357149437,0.30081645,0.50194037,0.19724312
2357713634,0.6048629,0.21612957,0.1790075
2358599888,0.36686844,0.39778,0.23535156
2358729868,0.4763217,0.3094852,0.21419305
2358911925,0.38114583,0.40177703,0.2170771
2359368349,0.23041588,0.34102303,0.42856103
2359682849,0.3649297,0.39709306,0.2379772
2359796484,0.42979735,0.344768,0.2254346
2360025170,0.3493305,0.40067247,0.24999702
2360128049,0.35155845,0.38068613,0.26775545
2360485652,0.53463423,0.22958043,0.23578534
2360768586,0.30082238,0.3401186,0.35905904
2361048889,0.24351811,0.5263655,0.23011637
2361577353,0.40397608,0.36352748,0.23249641
2362094413,0.37691218,0.42142263,0.2016652
2362145919,0.38389194,0.3694051,0.246703
2362455694,0.39647782,0.3738184,0.22970378
2363149426,0.306387,0.39273542,0.3008775
2363172953,0.42931375,0.35943088,0.21125537
2363245996,0.35070688,0.40178666,0.24750644
2363311724,0.4389686,0.35851118,0.20252022
2364323122,0.36463195,0.37345928,0.26190877
2364596649,0.2929397,0.5096852,0.19737509
2365440041,0.24984574,0.55495316,0.19520104
2365542226,0.32644868,0.4055184,0.2680329
2366095492,0.33678848,0.42956805,0.23364344
2366420643,0.30680436,0.40930557,0.2838901
2367207365,0.39327466,0.33629596,0.27042937
2367640696,0.23072061,0.22325377,0.54602563
2367721699,0.31707412,0.41605163,0.2668742
2368144673,0.38828862,0.37711814,0.2345933
2368331335,0.32079244,0.4414942,0.23771334
2368356711,0.18894431,0.5985999,0.21245575
2368444913,0.39917135,0.33474994,0.26607865
2368636456,0.30057085,0.37192613,0.327503
2368800749,0.3358493,0.42280734,0.24134341
2368858442,0.42451504,0.33678347,0.23870148
2369365630,0.417948,0.35389164,0.22816035
2369712796,0.27753687,0.27753687,0.44492617
2370100265,0.35770863,0.29623392,0.34605742
2370109546,0.3574823,0.40482455,0.2376931
2370610041,0.44422716,0.308981,0.24679184
2371828001,0.4297487,0.337488,0.23276328
2371832570,0.37973255,0.39399272,0.22627476
2371966696,0.47703803,0.3014211,0.22154084
2373307515,0.37822714,0.4329568,0.1888161
2373347090,0.34917095,0.40891725,0.2419118
2373895054,0.37512332,0.37768295,0.2471937
2373926678,0.2731589,0.5398932,0.18694793
2374299357,0.3923409,0.40942526,0.19823387
2374399899,0.4573624,0.33892798,0.20370959
2375014351,0.3618757,0.38901258,0.24911174
2375046625,0.44609332,0.32001996,0.23388675
2375919721,0.3731295,0.38547343,0.24139711
2375960531,0.36642724,0.40721712,0.22635567
2376618034,0.4783656,0.32354668,0.19808772
2376666178,0.42729294,0.3579573,0.21474978
2376669737,0.44093677,0.34692308,0.21214014
2376723436,0.37688184,0.3661443,0.2569739
2376959107,0.38316718,0.40859777,0.20823507
2377010162,0.49772865,0.33150783,0.1707635
2377305412,0.3723247,0.4032537,0.22442159
2377916005,0.45197025,0.32112312,0.22690663
2377966816,0.37074274,0.35431105,0.2749462
2378052407,0.40092415,0.37255552,0.22652029
2378130283,0.4167542,0.26608884,0.317157
2378282672,0.30778354,0.49055636,0.20166007
2378920020,0.31744978,0.25965208,0.4228981
2379090451,0.4354492,0.35748288,0.2070679
2379221586,0.3144321,0.48751462,0.19805327
2379423434,0.32844645,0.3170961,0.35445744
2379534169,0.36019793,0.35572115,0.28408092
2379733619,0.31176943,0.4065877,0.2816429
2379930608,0.4149022,0.39045456,0.19464327
2380072139,0.26943192,0.41098762,0.31958044
2380758877,0.4064598,0.38732415,0.20621601
2381937931,0.26813382,0.4237767,0.3080895
2381974308,0.35634422,0.32334608,0.3203097
2382492365,0.5883484,0.2056021,0.20604953
2382701449,0.44273338,0.34910524,0.20816141
2383463586,0.4108871,0.3904087,0.19870427
2383595105,0.42998153,0.3157486,0.25426984
2383644253,0.4774512,0.32801208,0.1945367
2383782334,0.3851208,0.3458795,0.26899967
2384021934,0.35418603,0.4327094,0.21310455
2384204455,0.46131194,0.28238195,0.25630614
2384263576,0.333321,0.31207812,0.35460085
2384387485,0.29322165,0.40795732,0.29882103
2385120306,0.36946726,0.38710648,0.24342625
2385405617,0.45077205,0.34385145,0.20537652
2385784465,0.56612957,0.25927582,0.17459464
2385802286,0.37633106,0.28615636,0.33751255
2386977054,0.2832979,0.3430068,0.3736953
2387077111,0.29849136,0.3449273,0.35658133
2388254549,0.46586043,0.32438746,0.20975211
2388602617,0.46560198,0.28680876,0.24758929
2388755514,0.23711133,0.5714439,0.19144477
2388986931,0.3191275,0.32096308,0.35990936
2389025868,0.241119,0.49731925,0.26156178
2389250828,0.4395488,0.27470744,0.28574377
2389365711,0.29054365,0.48401666,0.2254397
2389556830,0.3369641,0.4149797,0.24805623
2389743946,0.29424775,0.49528444,0.21046779
2389903777,0.34686744,0.35922882,0.2939038
2389915850,0.38414457,0.39226002,0.22359541
2390156446,0.45273483,0.337843,0.20942219
2390244096,0.5467397,0.20531955,0.2479407
2390411600,0.61252195,0.2039896,0.18348846
2390512075,0.31330192,0.45982555,0.22687247
2391093465,0.521556,0.2608235,0.2176205
2391738279,0.4756965,0.302155,0.22214851
2392809497,0.32054377,0.44055343,0.23890279
2393150957,0.30042112,0.48448896,0.21508992
2393371224,0.2826066,0.5371789,0.18021454
2393662722,0.2945544,0.37616947,0.32927614
2394593653,0.50076807,0.27018037,0.22905158
2395065649,0.41574305,0.30234244,0.28191453
2395105451,0.52768546,0.25870752,0.213607
2395108707,0.49924296,0.276304,0.22445305
2395527031,0.35115078,0.4377265,0.21112269
2395683640,0.38759124,0.30767667,0.30473208
2395790983,0.33339766,0.43223846,0.23436384
2397111704,0.31509638,0.32648838,0.3584152
2397261381,0.384053,0.3897097,0.22623725
2397567716,0.3516765,0.33644795,0.31187558
2397682772,0.3325832,0.42649487,0.24092197
2398123095,0.22456315,0.5784718,0.19696507
2398257139,0.4264639,0.2681334,0.3054027
2398665316,0.46870613,0.3461886,0.18510525
2399042496,0.41354436,0.36338705,0.22306857
2399523693,0.41598797,0.36776325,0.21624875
2399696009,0.29702023,0.44604406,0.25693575
2399794899,0.41370916,0.3878616,0.19842923
2400241545,0.32920444,0.34025633,0.3305392
2400318346,0.40245152,0.37222123,0.22532725
2400456246,0.30644834,0.48087907,0.21267262
2400912628,0.5111475,0.2379175,0.25093505
2401091015,0.25918752,0.4500211,0.29079136
2401199328,0.3660518,0.36530536,0.26864278
2401928641,0.43008134,0.29225308,0.27766562
2402017625,0.3165367,0.46811372,0.21534958
2402150878,0.38079733,0.3798681,0.23933461
2402555601,0.35745126,0.36906576,0.27348304
2402931022,0.38682264,0.3719511,0.24122626
2403106077,0.41000038,0.37436968,0.21562994
2403653152,0.47350198,0.27870277,0.24779531
2403721732,0.28972214,0.47149342,0.23878443
2403899025,0.30434865,0.4223211,0.2733302
2404311961,0.2991227,0.3244338,0.37644354
2405133909,0.31643543,0.30375654,0.37980807
2406325595,0.42789638,0.26522473,0.3068789
2406953969,0.31040958,0.31461754,0.37497288
2407062010,0.39528006,0.37787396,0.22684596
2407091700,0.21878147,0.20016849,0.58105004
2407449703,0.32347518,0.47267872,0.20384607
2407648828,0.39540285,0.3666504,0.23794678
2407802914,0.30639035,0.3695442,0.32406545
2407884200,0.31321353,0.3025614,0.38422513
2408356785,0.3462442,0.34729344,0.30646235
2408360240,0.31133702,0.42899263,0.25967032
2408731329,0.33994198,0.42292655,0.23713148
2408865566,0.41299015,0.3177765,0.26923332
2409416523,0.47879696,0.31098762,0.21021543
2410204942,0.29714268,0.29546866,0.40738863
2410336857,0.2466656,0.30972576,0.44360867
2411470560,0.35425356,0.32728505,0.31846133
2411556627,0.24723572,0.21733716,0.5354271
2411825432,0.38692027,0.36072642,0.25235328
2412438988,0.43714523,0.33991182,0.22294289
2412991915,0.25224167,0.5061593,0.24159896
2413595222,0.44973594,0.3054641,0.24479999
2413926288,0.40734154,0.33493823,0.2577202
2413956735,0.38661426,0.39481756,0.21856819
2414012742,0.38413447,0.41544014,0.20042536
2414092832,0.4391989,0.36373007,0.19707099
2414273651,0.2958076,0.46236038,0.241832
2414308491,0.43971843,0.37857315,0.18170843
2415195857,0.36035287,0.37976503,0.25988206
2415383228,0.3777606,0.32175833,0.30048108
2415403062,0.26803917,0.30382648,0.42813438
2415446156,0.5006575,0.30041164,0.19893087
2416589562,0.3586257,0.37522793,0.26614636
2416801949,0.30170357,0.32001042,0.378286
2417597174,0.37964112,0.3508198,0.2695391
2417650863,0.46365327,0.3181597,0.218187
2417717608,0.2884224,0.5154959,0.19608164
2418834707,0.45052856,0.30262512,0.24684629
2419278518,0.37465322,0.3782894,0.24705738
2419574676,0.34359145,0.3934836,0.2629249
2419577276,0.22511795,0.5559436,0.21893843
2419630349,0.2692958,0.2590343,0.47166985
2419659721,0.45534983,0.3052892,0.23936096
2420178834,0.43543023,0.28405792,0.28051183
2420884713,0.34271753,0.30470616,0.35257632
2420968722,0.49294066,0.33089265,0.17616668
2421374811,0.3892181,0.38737378,0.22340816
2422033168,0.24764352,0.35611677,0.39623973
2422268614,0.41780692,0.27198654,0.31020653
2422473474,0.4277863,0.3732531,0.19896063
2423202156,0.31925073,0.37849158,0.30225772
2423527015,0.50167924,0.29008538,0.20823535
2423936505,0.41225123,0.40354586,0.18420297
2423995003,0.33846217,0.4518463,0.20969152
2424333690,0.32415974,0.41316444,0.26267582
2425146743,0.38984478,0.3935507,0.21660455
2425254861,0.407084,0.36564726,0.22726876
2425599311,0.37823644,0.39928478,0.2224788
2425617159,0.36746705,0.33576575,0.29676718
2425787535,0.4026246,0.3939647,0.20341069
2425886594,0.20825483,0.23318045,0.5585648
2426107405,0.4736529,0.29237902,0.23396811
2426326846,0.41599402,0.33073366,0.25327227
2426617324,0.33789405,0.35112053,0.31098542
2426740784,0.352947,0.37797138,0.26908165
2427142557,0.30921927,0.46655506,0.22422564
2427510819,0.47809693,0.26350218,0.2584009
2427556229,0.43838117,0.314705,0.24691384
2427612021,0.37141573,0.41335836,0.2152259
2428305916,0.32878697,0.38944098,0.28177205
2428596995,0.33836755,0.3670935,0.29453894
2429508308,0.3902651,0.27511558,0.33461934
2429998915,0.40137386,0.28377026,0.31485587
2430448856,0.4316485,0.38227987,0.18607166
2430585647,0.35381237,0.3709041,0.27528352
2431100456,0.34033114,0.39057994,0.26908892
2431513002,0.40110928,0.39861733,0.20027336
2432061613,0.38041028,0.34125185,0.27833784
2432360886,0.36886382,0.39740524,0.23373097
2432385329,0.3334537,0.29707757,0.36946872
2432555648,0.31494185,0.36884624,0.3162119
2432681894,0.38016444,0.3614601,0.25837544
2433003850,0.36238888,0.3449418,0.29266933
2433131944,0.23883173,0.29043096,0.47073734
2433485976,0.41503853,0.3686693,0.21629211
2433718449,0.3488608,0.40781638,0.24332277
2434017401,0.3692115,0.40009892,0.23068959
2434791072,0.30216843,0.31155244,0.38627917
2435248393,0.32082433,0.39602298,0.2831527
2435474799,0.26049194,0.4872417,0.25226635
2435732786,0.32337695,0.28635752,0.39026552
2436278966,0.4425072,0.2630631,0.29442972
2437144881,0.3527477,0.44746715,0.19978511
2437349405,0.3863872,0.29252627,0.32108653
2437677402,0.39473814,0.38319367,0.22206816
2438059399,0.31506273,0.3316803,0.353257
2438160131,0.41526717,0.37608182,0.20865104
2439244829,0.24699597,0.38554204,0.36746198
2439584473,0.27581233,0.45249635,0.27169132
2440211826,0.39587927,0.37134343,0.23277731
2440266349,0.316109,0.4799614,0.20392966
2440384486,0.34269542,0.40873876,0.24856582
2440741170,0.33737326,0.3983856,0.26424113
2441142814,0.38491115,0.41375655,0.20133236
2441519176,0.54227304,0.24493699,0.21278998
2442168902,0.3581385,0.29813874,0.34372282
2442283683,0.3299923,0.4180644,0.25194332
2442649809,0.27452618,0.49996442,0.22550943
2443714635,0.3797021,0.3798967,0.24040122
2443766523,0.3845028,0.36510414,0.2503931
2443965499,0.36140862,0.43276137,0.20583005
2444014406,0.48035157,0.29190174,0.2277467
2444067125,0.22976218,0.5439229,0.2263149
2444071106,0.33440745,0.38772035,0.2778722
2444924571,0.47274634,0.28468716,0.2425665
2446613126,0.36907494,0.39168653,0.23923847
2446993572,0.30735207,0.44577062,0.24687728
2448932652,0.3401681,0.42789185,0.23194006
2448933783,0.27901897,0.47724885,0.24373221
2449032772,0.38409793,0.39351946,0.2223826
2449364552,0.37836087,0.36446005,0.25717908
2449480259,0.3120715,0.4592396,0.22868887
2449678658,0.41306394,0.32848796,0.25844812
2449716539,0.36697435,0.36423254,0.26879314
2449778810,0.57246673,0.24655023,0.1809831
2449869006,0.46460912,0.29511333,0.24027759
2450030848,0.42947373,0.36281168,0.20771462
2450206764,0.3553167,0.39270234,0.25198096
2450358077,0.28243983,0.335531,0.38202918
2450709382,0.36702204,0.37832564,0.25465232
2451502215,0.42835063,0.38401258,0.18763682
2451997920,0.32921392,0.44073343,0.23005265
2452238584,0.43023527,0.35012025,0.21964449
2452535746,0.4095633,0.38349244,0.20694426
2453515130,0.4115669,0.36796156,0.22047158
2454030277,0.3238641,0.43646055,0.23967531
2454387397,0.44543415,0.34034258,0.21422328
2454482645,0.5376042,0.25995862,0.20243715
2454550165,0.23507905,0.4720329,0.29288802
2455372609,0.3873431,0.39496928,0.21768758
2455449730,0.30050984,0.26056314,0.43892705
2455629304,0.34596002,0.3525406,0.30149934
2455858377,0.3272532,0.43287688,0.23986992
2455907878,0.39334577,0.3948152,0.21183902
2456019755,0.37894094,0.40919513,0.21186393
2456550872,0.3565654,0.38363397,0.25980067
2456832452,0.37492645,0.40627474,0.21879879
2457335168,0.5480224,0.23670843,0.21526921
2457493381,0.34488982,0.36018938,0.29492086
2458627578,0.46511787,0.33439183,0.20049028
2458752047,0.348331,0.35389623,0.29777277
2458873319,0.42773694,0.3129157,0.25934735
2458914892,0.50436807,0.30920878,0.18642315
2459882199,0.359524,0.36672163,0.2737543
2460119024,0.39469546,0.37744457,0.22785991
2460566400,0.32251194,0.35955596,0.31793207
2461422069,0.31452256,0.27462065,0.4108568
2461487022,0.29414964,0.30063355,0.40521684
2461509993,0.4380861,0.35453188,0.20738204
2461776584,0.3583445,0.42488694,0.2167686
2463768520,0.25968486,0.26464462,0.4756705
2463781140,0.2775821,0.5484592,0.17395876
2463976547,0.37341076,0.39543733,0.23115188
2464251501,0.47205663,0.32823858,0.1997048
2466749746,0.5754013,0.20482762,0.21977106
2467000678,0.36757264,0.3905558,0.2418716
2467043458,0.49437964,0.30197304,0.2036473
2467066106,0.27985948,0.2754411,0.44469938
2468618948,0.44326407,0.24978252,0.3069534
2468717459,0.25959563,0.5093507,0.23105362
2468949126,0.3988695,0.4009953,0.20013514
2469193852,0.36330646,0.32425848,0.31243503
2469840550,0.4008966,0.39247295,0.20663041
2469929392,0.3806675,0.37869596,0.24063656
2470010267,0.40381247,0.30811474,0.2880728
2471677637,0.45483127,0.2861882,0.25898057
2472485547,0.35981947,0.42231137,0.21786916
2473033508,0.34515965,0.458547,0.19629337
2473660748,0.2689128,0.4866519,0.24443533
2473717870,0.3841089,0.3714514,0.24443969
2473874091,0.2937325,0.4136682,0.29259932
2474551794,0.33328807,0.3124848,0.35422716
2474698532,0.40778786,0.3830912,0.2091209
2475193727,0.32424313,0.3768087,0.29894817
2475301458,0.38625336,0.29374522,0.32000142
2475363036,0.36175606,0.28906888,0.34917507
2475991334,0.44217,0.31096572,0.24686427
2476224154,0.3127908,0.46963152,0.21757765
2476616243,0.5315579,0.26754126,0.20090084
2476779188,0.47083786,0.27792287,0.2512393
2477590027,0.34928375,0.38155258,0.26916367
2477912290,0.5046317,0.29202437,0.20334393
2478107730,0.44052124,0.34935707,0.21012169
2478287811,0.33802906,0.3252828,0.33668816
2478329054,0.25920814,0.5279945,0.21279734
2478491290,0.27814156,0.3891174,0.33274108
2478669929,0.29248556,0.4873636,0.22015084
2478722986,0.35705793,0.38350633,0.2594357
2478888503,0.45437014,0.32230225,0.22332756
2479467502,0.35172883,0.33991858,0.3083526
2479872310,0.29849577,0.4945525,0.20695175
2480231681,0.22615023,0.55414045,0.2197093
2480238477,0.3228529,0.39326614,0.2838809
2481298206,0.26089078,0.246119,0.49299026
2481357069,0.40102583,0.34088194,0.25809222
2481798184,0.31312913,0.31961504,0.36725587
2481804326,0.25377294,0.5061209,0.2401061
2482497553,0.20554346,0.4418937,0.35256287
2482544912,0.3698423,0.36193573,0.26822197
2482570721,0.3962704,0.40256584,0.20116377
2482816749,0.45915905,0.3477195,0.19312146
2483241902,0.36716366,0.39213896,0.24069747
2483458204,0.39596352,0.42103875,0.1829977
2483499998,0.42642874,0.31111372,0.26245755
2484238661,0.44290796,0.34527874,0.2118133
2484654695,0.38675848,0.39382875,0.2194128
2485949758,0.3435074,0.40299082,0.25350177
2486389761,0.2390633,0.58610815,0.17482859
2486559014,0.30428192,0.43572825,0.25998983
2486658352,0.58706987,0.22513628,0.18779388
2486929670,0.36967522,0.3961972,0.23412758
2487308993,0.3315703,0.3795731,0.28885657
2487617954,0.2956252,0.32030746,0.3840673
2487730302,0.23112868,0.5688719,0.19999939
2487844321,0.38296342,0.37820607,0.2388305
2487959074,0.4213014,0.27484336,0.30385524
2488428465,0.35184467,0.3572843,0.29087102
2488786424,0.42796642,0.32023942,0.25179416
2489115127,0.33199358,0.2933392,0.37466723
2489197475,0.4674612,0.2987659,0.23377296
2490029025,0.47563156,0.27550706,0.24886134
2490814746,0.27990192,0.50064766,0.21945032
2490974487,0.45600438,0.3565411,0.18745452
2491286395,0.39527714,0.3941648,0.21055803
2492515700,0.4165302,0.34001762,0.24345219
2492518606,0.30117756,0.42125347,0.27756894
2492556699,0.3708797,0.3863514,0.24276888
2493217746,0.2691802,0.53213364,0.19868615
2493985373,0.49038267,0.28281426,0.22680308
2494114399,0.38606954,0.35670316,0.25722724
2494509325,0.40948933,0.34150082,0.24900982
2495390478,0.28260657,0.2279839,0.4894095
2495989674,0.3304484,0.34331307,0.32623857
2496118810,0.36251265,0.36335754,0.27412978
2496829672,0.35252416,0.37657338,0.27090248
2496954567,0.41404718,0.3504646,0.23548818
2497062040,0.25370523,0.3214591,0.42483562
2497552802,0.44724464,0.3067372,0.24601811
2498028879,0.3004316,0.28945297,0.41011536
2498284128,0.34080237,0.3555041,0.30369353
2498291827,0.4193635,0.37676165,0.20387489
2499033134,0.31562722,0.3884447,0.29592812
2499405009,0.297579,0.36724478,0.3351762
2499430351,0.3771601,0.3931666,0.2296733
2499550866,0.415951,0.31044003,0.27360892
2499687497,0.2370677,0.5669205,0.19601181
2500015938,0.36367506,0.43072635,0.2055986
2500330194,0.3257422,0.42850494,0.24575281
2501052276,0.33421513,0.39232206,0.27346277
2501062064,0.42407316,0.32649893,0.24942797
2501372889,0.42990118,0.30933452,0.26076436
2503174143,0.2528193,0.446266,0.30091465
2503391493,0.45473337,0.3391602,0.20610642
2503832948,0.2836434,0.45146376,0.26489288
2503844193,0.3290165,0.33227512,0.33870834
2504143711,0.5067687,0.28877556,0.2044557
2504466970,0.32822567,0.41302472,0.2587496
2504542503,0.4200971,0.34957576,0.23032707
2504973992,0.28527066,0.48059952,0.23412988
2505124725,0.4577469,0.30592653,0.23632656
2505172395,0.36513972,0.41067475,0.22418547
2505279808,0.3026854,0.39219278,0.3051218
2505444483,0.27193943,0.39903054,0.32903
2505475113,0.35363364,0.3195714,0.32679492
2505934633,0.28212446,0.45323977,0.26463577
2506054680,0.46993375,0.341473,0.18859325
2506698956,0.35986096,0.36773688,0.27240214
2506704110,0.3826856,0.3916995,0.22561494
2507042644,0.37785012,0.38198802,0.24016188
2507512342,0.3400728,0.38188887,0.27803832
2508446688,0.50005555,0.28389376,0.21605065
2508876368,0.45632446,0.30339155,0.24028403
2509008558,0.39366066,0.37066644,0.23567286
2509225776,0.3069644,0.40717816,0.2858575
2509396400,0.3530456,0.34232873,0.3046257
2509887295,0.5486479,0.2181656,0.23318659
2510229689,0.49077183,0.3196723,0.18955585
2510683344,0.34814388,0.37972802,0.27212808
2510753363,0.3633445,0.38055867,0.2560968
2510886353,0.5266582,0.2755198,0.19782205
2510888568,0.36467728,0.3618331,0.2734896
2512153588,0.29120126,0.24223498,0.46656376
2512892894,0.44120175,0.29763255,0.26116568
2513331885,0.3087673,0.424291,0.26694167
2514842588,0.36191928,0.37233835,0.26574236
2515440999,0.28628886,0.48383307,0.22987808
2515444040,0.35781255,0.29404002,0.3481474
2515910327,0.45520613,0.33596855,0.20882529
2516528447,0.3146724,0.27845895,0.40686867
2516708650,0.3284157,0.45104825,0.22053604
2516937696,0.3809737,0.36741006,0.25161624
2517495467,0.33784258,0.40675128,0.2554061
2518346222,0.4457656,0.34318423,0.21105015
2518480033,0.3511082,0.38612688,0.26276487
2518699238,0.36815315,0.33351195,0.29833496
2518736729,0.36494952,0.3420171,0.29303336
2519206101,0.26207316,0.4965203,0.24140652
2520089454,0.28419572,0.5020593,0.21374498
2520091318,0.23975709,0.2486376,0.5116053
2520270505,0.2431613,0.5834892,0.17334948
2520310468,0.37078124,0.31089187,0.3183269
2520626182,0.28544855,0.29769364,0.41685784
2521008383,0.45611304,0.3058082,0.23807877
2521197176,0.26857212,0.5168217,0.21460617
2521543379,0.21385786,0.23999779,0.54614437
2521979149,0.29483876,0.5006212,0.20454007
2522043056,0.2792211,0.29727048,0.42350847
2522383725,0.3897087,0.28791058,0.32238075
2523039102,0.37389028,0.38665995,0.23944978
2523081229,0.43700114,0.32120442,0.24179439
2524332391,0.42961985,0.33565462,0.2347255
2524661728,0.31034666,0.2945431,0.39511025
2525012307,0.36341506,0.44539326,0.19119164
2525291056,0.31809694,0.42255798,0.25934508
2525847143,0.27314788,0.4478091,0.27904302
2526393837,0.25819287,0.53474104,0.20706609
2526528602,0.45650166,0.31063062,0.23286766
2526752046,0.43787822,0.38356853,0.17855322
2526839855,0.35928398,0.41788894,0.22282705
2527310383,0.36338335,0.36983442,0.26678216
2527314521,0.26418743,0.5017443,0.23406833
2527452039,0.39376736,0.41337037,0.19286232
2527987526,0.29613745,0.4532984,0.25056413
2528317529,0.34186393,0.35438287,0.30375323
2528506173,0.4749155,0.2941417,0.23094282
2529147573,0.26664987,0.5342053,0.19914475
2529300637,0.31720853,0.43422616,0.2485653
2529517928,0.31517726,0.39643234,0.2883904
2529767260,0.41164264,0.35886514,0.22949219
2530057431,0.44845435,0.3499326,0.20161304
2530247434,0.33786952,0.3170588,0.3450716
2530465297,0.3548116,0.33186066,0.31332767
2530818386,0.29143715,0.500404,0.20815887
2531046162,0.30692017,0.41331667,0.27976316
2531156365,0.53999585,0.24662992,0.2133742
2531898268,0.26063895,0.45486224,0.2844988
2532017950,0.3277579,0.45809475,0.21414737
2532343260,0.34201017,0.4066132,0.2513766
2532497838,0.42283428,0.3477149,0.22945084
2532622864,0.439879,0.2526738,0.30744717
2534490119,0.36900336,0.35995358,0.27104306
2534788951,0.6083683,0.20716548,0.18446624
2535063091,0.37028205,0.4140699,0.21564807
2535151146,0.413554,0.3425221,0.24392386
2535230452,0.39267856,0.2859093,0.32141215
2535338934,0.3695848,0.35614073,0.27427447
2535378246,0.3765875,0.42615598,0.19725654
2535652827,0.3428186,0.41914332,0.23803808
2535828604,0.3904826,0.33036697,0.27915043
2536040122,0.38212126,0.40790635,0.20997241
2537005479,0.28973314,0.37460202,0.33566487
2537046863,0.32507014,0.39401755,0.28091234
2537603373,0.25422534,0.29213265,0.453642
2537718965,0.45087832,0.33196422,0.21715748
2537984347,0.30884117,0.30645645,0.38470238
2538485422,0.35838783,0.4470297,0.19458248
2540071605,0.30852827,0.45263374,0.23883803
2541313135,0.37206495,0.40945566,0.21847942
2541340963,0.45561388,0.26235497,0.28203118
2541394922,0.42369384,0.29713863,0.27916753
2541719152,0.29069865,0.4239621,0.28533924
2542135598,0.32304603,0.42474124,0.2522127
2542215757,0.4372096,0.33260608,0.23018435
2542925282,0.33850473,0.3248945,0.33660078
2543086774,0.3625635,0.41834223,0.21909429
2543643679,0.36445564,0.3655901,0.2699543
2543763335,0.3605034,0.3867158,0.25278082
2543936535,0.6100788,0.22619522,0.163726
2544330747,0.3757211,0.3759082,0.24837068
2545251303,0.4750843,0.3065959,0.21831982
2545371907,0.34968913,0.3497581,0.3005528
2546147077,0.29115388,0.3989956,0.3098505
2546556612,0.31919974,0.44975466,0.23104557
2547135546,0.5001099,0.26555243,0.23433766
2548069462,0.38353354,0.33842653,0.27803993
2548270733,0.33384377,0.424701,0.24145523
2549020270,0.37810594,0.38511795,0.23677614
2550121768,0.59571564,0.2166313,0.1876531
2550519097,0.33722416,0.45731387,0.20546195
2550670719,0.35325682,0.43807673,0.20866647
2550825535,0.40434614,0.2664535,0.3292004
2550904654,0.37137175,0.4306482,0.19798008
2550933307,0.39431444,0.32528174,0.2804038
2551239900,0.40116292,0.35145447,0.24738255
2551306788,0.48893288,0.3184789,0.19258821
2552086766,0.30482858,0.30092964,0.39424175
2552260381,0.44320154,0.29036367,0.26643476
2552324212,0.3813537,0.38849863,0.23014766
2552774996,0.30033576,0.4511631,0.24850112
2552897574,0.2790816,0.47232786,0.24859057
2553179428,0.38956073,0.2994972,0.31094205
2554643242,0.29812783,0.29564327,0.4062289
2555062262,0.32558376,0.44083852,0.23357773
2555217630,0.33312583,0.44673282,0.22014132
2556041753,0.43060035,0.3139214,0.25547823
2556152335,0.3033377,0.2676394,0.42902297
2556155375,0.45506513,0.32069504,0.22423977
2556292670,0.38230574,0.37267852,0.24501579
2556732787,0.3135232,0.40288758,0.28358924
2556836379,0.3894891,0.38918358,0.22132733
2556887102,0.31186262,0.4625855,0.22555187
2557086860,0.2521341,0.24723434,0.5006315
2557979542,0.3223575,0.3088605,0.36878198
2558688831,0.49078062,0.3160912,0.19312818
2559982544,0.33669657,0.44465673,0.21864673
2560010447,0.35592815,0.3773279,0.26674393
2560144452,0.3840414,0.3979954,0.21796316
2560191941,0.35391748,0.36371213,0.2823704
2560455717,0.45549512,0.32141125,0.22309366
2560760095,0.37805146,0.3831061,0.23884243
2560832433,0.23705845,0.3952272,0.36771435
2561201752,0.3404569,0.42880175,0.23074135
2561887031,0.31702322,0.45396262,0.22901413
2562212391,0.37481517,0.34700328,0.27818155
2562732118,0.376295,0.3638358,0.2598692
2563437284,0.42130136,0.33586413,0.24283448
2564124554,0.33517304,0.41012445,0.25470254
2564207957,0.36985087,0.35954398,0.27060515
2564297193,0.3669715,0.37188262,0.26114592
2564832447,0.29724216,0.4554572,0.24730067
2565077999,0.22191086,0.37790334,0.40018576
2565446845,0.27710414,0.5002991,0.2225968
2566474696,0.43839842,0.38244388,0.17915773
2566530549,0.39238143,0.33879083,0.26882777
2566869002,0.45491302,0.30695578,0.23813123
2567340275,0.36180496,0.42754233,0.21065268
2567488532,0.32511795,0.31306595,0.3618161
2567937859,0.41894734,0.31192684,0.26912582
2568374011,0.5669838,0.22786555,0.2051506
2568526189,0.36933866,0.38561043,0.24505088
2568647193,0.37932912,0.39286703,0.22780389
2568698704,0.35822374,0.32201964,0.31975663
2569473007,0.40483558,0.3393188,0.2558456
2570248818,0.30267292,0.4681744,0.22915268
2570513484,0.35420427,0.32331493,0.3224808
2571036726,0.4950404,0.29293886,0.21202075
2571371934,0.29029194,0.46784133,0.24186674
2571499918,0.31055227,0.3955541,0.29389364
2571713555,0.36404502,0.35000795,0.28594702
2571742642,0.4290588,0.3353759,0.2355653
2572095837,0.3775916,0.4231647,0.1992437
2573799204,0.554868,0.2726388,0.17249325
2573870163,0.34740204,0.39146236,0.2611356
2574400693,0.6059965,0.2082191,0.18578438
2574653521,0.37274182,0.4220608,0.20519741
2574653643,0.23568535,0.57076085,0.19355386
2574944266,0.39623284,0.37269613,0.23107103
2576302495,0.43255,0.30895028,0.25849968
2576383355,0.45403254,0.32603052,0.21993697
2576532554,0.32651514,0.46052045,0.2129644
2576544990,0.4933552,0.2958396,0.21080509
2576678855,0.32361567,0.455661,0.22072335
2576898546,0.39438146,0.33015496,0.27546367
2577382365,0.24691452,0.50387436,0.2492111
2577407319,0.4092467,0.39548832,0.19526497
2577947699,0.3675087,0.37429446,0.2581969
2578193758,0.30778915,0.3634777,0.3287331
2578822795,0.3814599,0.30454445,0.31399572
2578861050,0.41188192,0.30257735,0.28554076
2579080458,0.4321253,0.30810288,0.2597718
2579412333,0.35505414,0.30740017,0.33754572
2579936094,0.33058098,0.47665477,0.19276425
2580623008,0.29169014,0.45689106,0.25141877
2580722050,0.24785438,0.54150224,0.21064335
2581635664,0.27091867,0.33438635,0.39469492
2582148102,0.43777257,0.36104506,0.20118237
2582354624,0.33559906,0.4140885,0.25031245
2582442722,0.3738938,0.3307382,0.29536802
2582571671,0.34762573,0.42681774,0.22555658
2582576780,0.45161802,0.31952623,0.22885576
2582835428,0.3141017,0.34132594,0.3445724
2582893122,0.30831227,0.4438113,0.24787639
2583220344,0.39066827,0.39098033,0.21835142
2583538756,0.37647265,0.3907922,0.23273516
2583648342,0.50106597,0.27168918,0.22724488
2583771524,0.3044308,0.36443755,0.33113164
2584519588,0.4501317,0.3175106,0.23235771
2584790647,0.4235689,0.31243682,0.26399428
2585414767,0.351088,0.43506944,0.21384254
2586146347,0.2970393,0.4943368,0.20862387
2586261110,0.49324387,0.26136675,0.24538939
2586572429,0.2924378,0.49179792,0.2157643
2587639318,0.3553025,0.41192746,0.23277
2588407701,0.28645474,0.28347564,0.43006968
2588762617,0.3408515,0.442444,0.21670452
2588961945,0.29893455,0.4281562,0.27290922
2589004303,0.34237707,0.43940073,0.21822225
2589851649,0.33725724,0.36022037,0.30252242
2591193267,0.3907624,0.4043795,0.20485815
2591196030,0.3035703,0.5101085,0.1863212
2591288484,0.3656111,0.3784474,0.25594145
2592317676,0.32448605,0.32690763,0.3486063
2592323547,0.49501902,0.26652014,0.23846081
2592416389,0.3221072,0.33718646,0.3407063
2592585456,0.43498975,0.32755578,0.23745449
2593050210,0.20216885,0.5828936,0.21493754
2593210553,0.41668075,0.3236798,0.25963938
2593274332,0.43422103,0.32905215,0.23672682
2593535776,0.35972512,0.35492796,0.28534693
2594560709,0.40801468,0.36897177,0.22301356
2594585514,0.3515715,0.41973114,0.22869736
2594727192,0.35853416,0.4417082,0.19975764
2594902436,0.3950665,0.37303376,0.2318997
2595200122,0.37712947,0.36944562,0.25342485
2595305120,0.40524143,0.31972846,0.27503008
2596389315,0.3571027,0.46433923,0.17855808
2596516085,0.41181368,0.39983213,0.18835421
2596627771,0.47913787,0.28868526,0.2321769
2596725688,0.43961263,0.3058138,0.25457355
2596928513,0.35459256,0.43628088,0.20912656
2598290528,0.33614278,0.39775106,0.26610613
2598352607,0.49152982,0.2170379,0.29143226
2599594442,0.4812039,0.3151901,0.20360598
2600160174,0.21399508,0.2511798,0.5348251
2601432061,0.35664076,0.41197586,0.23138341
2602914297,0.30592623,0.38537586,0.30869788
2603091228,0.38005048,0.32239962,0.2975499
2603280830,0.36754417,0.37765732,0.25479853
2603774130,0.4305396,0.3692692,0.2001912
2603845718,0.40915617,0.32760698,0.26323685
2603938513,0.4919179,0.27677056,0.23131153
2605298311,0.35157013,0.4025362,0.24589361
2605362476,0.35255003,0.33826816,0.3091819
2605475620,0.40142044,0.37064093,0.22793859
2605616582,0.27383685,0.48645145,0.2397117
2605671109,0.4123814,0.32074398,0.26687467
2605687999,0.45255065,0.29980606,0.24764329
2605988559,0.55341613,0.21460089,0.23198298
2606619125,0.39998507,0.35192174,0.24809313
2606718711,0.31350234,0.36816674,0.3183309
2607213510,0.34569013,0.38102484,0.27328503
2607269768,0.27220765,0.23635122,0.49144113
2608080379,0.47399518,0.3131539,0.2128509
2608095485,0.38354725,0.39284936,0.22360344
2608448524,0.35395908,0.37146237,0.27457857
2608573383,0.4120375,0.43300545,0.15495703
2608644919,0.39774007,0.31949836,0.28276157
2609662605,0.44280857,0.28814948,0.26904202
2611549555,0.36136436,0.36081558,0.27782005
2611898954,0.470503,0.28359443,0.24590255
2612073894,0.3557881,0.3629164,0.28129548
2612342343,0.38567036,0.33640665,0.277923
2612397528,0.41341144,0.35961235,0.2269763
2613154923,0.4807752,0.28721088,0.2320139
2613573929,0.4400828,0.3363138,0.2236034
2613887730,0.4309954,0.33085555,0.23814902
2614587250,0.40679133,0.33982655,0.25338212
2614871025,0.4497852,0.286895,0.2633198
2615517055,0.42093933,0.37225312,0.20680755
2616196803,0.41645697,0.36117852,0.22236452
2616396148,0.2625754,0.5293234,0.20810118
2616646473,0.37869033,0.31264472,0.30866498
2617030016,0.39246997,0.36618492,0.2413451
2617456787,0.3322786,0.3403565,0.32736486
2617972318,0.39967597,0.35359952,0.24672452
2618015469,0.44915277,0.30731708,0.24353018
2618259910,0.45520836,0.32028717,0.22450444
2618689385,0.39109397,0.28663376,0.32227227
2618814668,0.34785634,0.40478015,0.24736351
2619534335,0.2661881,0.36453456,0.3692773
2619583436,0.27697477,0.27953085,0.4434944
2619912305,0.3549553,0.43875462,0.20629008
2621009095,0.45494586,0.31153184,0.23352224
2622032814,0.37612608,0.39194107,0.23193282
2622243815,0.34803322,0.3456635,0.30630326
2622354394,0.50580835,0.30761677,0.1865749
2622543309,0.37352085,0.33643204,0.29004708
2622954826,0.3389039,0.46083874,0.20025736
2623659662,0.26658702,0.5097194,0.22369367
2624488811,0.43701002,0.30147097,0.26151899
2624492126,0.3663193,0.4140576,0.21962301
2624868218,0.36059868,0.36563346,0.27376783
2624876513,0.334278,0.31579554,0.34992644
2625497865,0.32656986,0.2962641,0.37716603
2625976526,0.36884117,0.42212895,0.20902991
2626617835,0.31590682,0.39115337,0.2929398
2626716793,0.47160995,0.29716265,0.23122743
2626943147,0.3502759,0.3436983,0.3060258
2627495617,0.26183283,0.43457094,0.30359626
2627791758,0.35426772,0.38472244,0.26100987
2628008263,0.47378463,0.34462398,0.18159136
2628564918,0.426817,0.32413593,0.24904704
2629001724,0.4668719,0.32221228,0.21091585
2629299091,0.44911444,0.34983736,0.2010482
2629307827,0.263103,0.42336982,0.31352717
2629492453,0.33889967,0.32983798,0.33126232
2630058506,0.4647518,0.28435135,0.2508968
2630686216,0.40476817,0.35652155,0.2387103
2630822727,0.2459789,0.30339435,0.4506268
2631128906,0.36797345,0.431769,0.20025757
2631705125,0.4321769,0.38182157,0.18600155
2632123678,0.36907518,0.40626016,0.22466464
2632268159,0.25257522,0.30061957,0.44680527
2632418664,0.27751344,0.26858827,0.45389825
2632545207,0.34995955,0.3665896,0.28345084
2632635349,0.51640886,0.24306583,0.2405253
2633028511,0.29051042,0.48834917,0.22114044
2633122226,0.4945736,0.27958277,0.22584364
2633384055,0.38851953,0.29812586,0.3133546
2633687943,0.40060943,0.41412067,0.18526988
2634523124,0.28014678,0.5108944,0.20895883
2634993256,0.3921311,0.37413353,0.23373537
2635667944,0.5264615,0.27283248,0.200706
2636304533,0.32202816,0.48686194,0.19110996
2636348731,0.5130283,0.23065798,0.25631374
2636439275,0.4247433,0.3454588,0.2297979
2636515384,0.35741127,0.30772248,0.33486623
2636721403,0.31753793,0.4547925,0.22766957
2637483514,0.4987758,0.2924339,0.20879027
2638076060,0.3369363,0.33777708,0.32528663
2638584449,0.3565932,0.3691948,0.27421203
2638794991,0.29985228,0.42592067,0.27422708
2639099640,0.41809195,0.31802827,0.2638798
2639720283,0.3370859,0.3563168,0.3065973
2640017829,0.3483445,0.33498836,0.31666708
2640224766,0.39887136,0.38964602,0.2114826
2640489379,0.4025991,0.27019602,0.32720488
2640892976,0.42711818,0.34367508,0.22920671
2641440494,0.30462343,0.48992452,0.20545205
2641606021,0.3709906,0.4119858,0.21702358
2642011976,0.37360168,0.41380483,0.21259353
2642705971,0.4564673,0.34908152,0.19445121
2643086095,0.3814689,0.4262686,0.19226253
2643191064,0.4738269,0.29376122,0.23241194
2643225253,0.430994,0.28414595,0.28486007
2644509935,0.42285946,0.32967257,0.247468
2644848044,0.39776868,0.27568072,0.32655054
2644973981,0.44037828,0.29169807,0.2679236
2645007369,0.4729424,0.26899162,0.258066
2645379489,0.313321,0.3245408,0.3621382
2645898418,0.418369,0.34558243,0.23604858
2646560774,0.3652942,0.41930616,0.2153997
2646791059,0.3795914,0.37287202,0.24753661
2647165533,0.54057443,0.27072468,0.18870085
2647864748,0.35636204,0.36159742,0.28204045
2648237572,0.33321905,0.27738088,0.38940012
2648417334,0.36763924,0.37247646,0.25988433
2648604237,0.39967835,0.39870423,0.20161742
2649571769,0.4793044,0.29654706,0.22414854
2650190289,0.39374924,0.3365413,0.26970947
2651110292,0.47894013,0.31839764,0.20266221
2651171786,0.35854736,0.40903243,0.2324202
2651413315,0.36922184,0.3802638,0.25051433
2652129015,0.20912786,0.21912828,0.5717439
2652323073,0.4588185,0.29193836,0.24924317
2652518127,0.34727848,0.44300914,0.20971242
2653081180,0.29182675,0.44166166,0.26651156
2653415719,0.27899653,0.5125421,0.20846131
2653755722,0.33353406,0.41239348,0.25407243
2654086163,0.2833622,0.39615083,0.32048693
2655354347,0.32116348,0.41697714,0.26185942
2656488268,0.3471607,0.42895198,0.22388732
2656493910,0.43988782,0.32776022,0.232352
2656701859,0.33462825,0.41233784,0.25303394
2657314879,0.40075633,0.32408702,0.27515662
2657337767,0.5268226,0.25850612,0.21467125
2657921868,0.451358,0.324618,0.224024
2658008584,0.32268012,0.3310808,0.3462391
2658227355,0.32097286,0.3164407,0.3625865
2658410322,0.37716103,0.35332915,0.26950982
2658478520,0.4564409,0.32752255,0.21603657
2658969406,0.35029462,0.44425088,0.20545453
2658997919,0.28180787,0.41479105,0.30340108
2659057025,0.26433015,0.48587686,0.24979302
2659141701,0.39324573,0.40911964,0.19763461
2659634312,0.21363944,0.57685363,0.2095069
2659835705,0.41377416,0.29172513,0.2945007
2659845811,0.3753776,0.3826435,0.24197891
2660226528,0.3735334,0.24889544,0.3775712
2660313838,0.2974216,0.34986734,0.35271108
2660373986,0.28271765,0.29501212,0.42227024
2661521525,0.34746256,0.37706578,0.27547166
2661685702,0.30973566,0.37821984,0.3120445
2661900707,0.53736633,0.2393258,0.22330788
2662999078,0.32239908,0.37619942,0.30140156
2663073863,0.35394952,0.4012376,0.2448129
2663627961,0.40287524,0.39377573,0.20334902
2663978941,0.31795484,0.36896095,0.3130842
2664131931,0.51339525,0.28949404,0.19711071
2664455924,0.4990464,0.27313966,0.22781399
2664786270,0.26258203,0.52264893,0.21476905
2665244087,0.48062006,0.30671912,0.21266083
2668136620,0.38402832,0.32995966,0.286012
2668553872,0.30531764,0.31632292,0.3783594
2669131992,0.25642678,0.5012065,0.24236666
2670260341,0.3399453,0.42002365,0.24003106
2671714959,0.38905096,0.33340484,0.2775442
2671886339,0.45366135,0.29222843,0.25411028
2671934917,0.49964243,0.2869272,0.21343037
2672216369,0.33908498,0.43568718,0.22522783
2672500521,0.47636187,0.32193044,0.2017077
2672618347,0.36564484,0.4181159,0.21623921
2672726747,0.5195546,0.2716449,0.20880048
2672757414,0.25831196,0.4055872,0.33610088
2673551676,0.36811155,0.33138484,0.3005036
2673925671,0.32180548,0.3248002,0.35339433
2675241977,0.23825845,0.5715189,0.19022264
2675439794,0.27126333,0.44659728,0.28213942
2675760676,0.45665157,0.336017,0.20733139
2676110741,0.35589263,0.40210938,0.24199799
2676537723,0.59994745,0.21203509,0.18801744
2678140245,0.28851613,0.35879508,0.3526888
2678204739,0.31498283,0.2964377,0.3885795
2678206035,0.2201224,0.20749709,0.5723805
2678966394,0.23401922,0.39070633,0.37527445
2678993911,0.36611104,0.402295,0.23159394
2679029515,0.33792275,0.31323296,0.3488443
2679053224,0.39430022,0.33073586,0.27496392
2679322277,0.39841166,0.38272202,0.21886638
2679793774,0.43183798,0.34781057,0.22035143
2679857314,0.34755558,0.41541857,0.23702586
2680038637,0.30732703,0.2642182,0.42845476
2680109868,0.3897004,0.35002726,0.26027235
2680121612,0.3974156,0.30746067,0.29512373
2680347909,0.42662525,0.33495837,0.23841637
2681220263,0.4215517,0.31593016,0.2625182
2681615721,0.31734228,0.36707428,0.31558344
2681926938,0.3526372,0.3570788,0.29028398
2681952906,0.44199467,0.31892943,0.23907587
2682129211,0.2786956,0.5179,0.2034044
2682308157,0.47546896,0.28505075,0.23948029
2682438238,0.46065533,0.32061774,0.21872686
2682548263,0.3403731,0.4062891,0.25333774
2682714127,0.5288664,0.25040907,0.22072457
2684033567,0.51226836,0.29171747,0.19601417
2685695401,0.4107111,0.32549673,0.2637921
2685766173,0.5064529,0.31292707,0.18062004
2685920748,0.3180533,0.34603202,0.33591467
2687426070,0.47693777,0.27229047,0.25077173
2688045186,0.28408903,0.46262193,0.25328904
2688255819,0.3768443,0.39158466,0.23157102
2688435506,0.34946203,0.41267785,0.23786011
2688444582,0.26089084,0.39237866,0.34673047
2688453206,0.46733963,0.30166382,0.23099656
2688685132,0.41838098,0.35525194,0.22636706
2689127642,0.461895,0.3215946,0.21651043
2689332070,0.25187686,0.21662377,0.5314994
2690162530,0.34036347,0.35873157,0.30090493
2690523318,0.33819252,0.4212234,0.24058408
2690733597,0.4103246,0.36520246,0.22447291
2691109451,0.39059138,0.37327945,0.23612916
2691878680,0.42817867,0.34616715,0.2256542
2692322372,0.43744713,0.33957756,0.22297536
2692339716,0.35106194,0.4448935,0.20404454
2693051038,0.38647786,0.39657277,0.2169494
2693237395,0.37990952,0.3911196,0.22897089
2693527869,0.21832606,0.61775196,0.16392201
2694225212,0.29545325,0.48948556,0.2150612
2694478421,0.30541235,0.30233902,0.39224866
2694765623,0.5134907,0.2495886,0.23692073
2695330996,0.25266975,0.54008955,0.2072407
2695462861,0.35665357,0.4045903,0.2387561
2695932911,0.34801677,0.40807083,0.24391237
2696034890,0.5543094,0.2537982,0.19189234
2696318154,0.26777834,0.50892174,0.22329989
2696442817,0.26326472,0.35148054,0.38525474
2696522791,0.38876897,0.28515083,0.32608026
2696609349,0.3843401,0.3565,0.25915992
2696715718,0.33266783,0.46464664,0.20268552
2696901049,0.39318728,0.3883388,0.21847394
2696929537,0.3615842,0.42550516,0.21291068
2697027371,0.34412724,0.41779798,0.23807481
2697474464,0.43971866,0.28052604,0.2797553
2698678165,0.39115092,0.3560572,0.25279185
2698741441,0.36289647,0.36610067,0.2710029
2699287835,0.40390614,0.35623646,0.23985742
2700515723,0.36554313,0.38355112,0.25090572
2701720340,0.32712466,0.43351912,0.23935625
2702174308,0.36652622,0.39072293,0.24275087
2702322350,0.3764946,0.39636898,0.22713645
2702635295,0.45498967,0.2891745,0.25583583
2702899986,0.5081272,0.28102267,0.21085015
2704138077,0.32725582,0.38426596,0.28847826
2705170000,0.30378628,0.34227586,0.35393786
2707899792,0.37912875,0.36305946,0.25781175
2708295124,0.39533716,0.37121227,0.23345056
2708640088,0.35366768,0.28638226,0.35995013
2708772957,0.389634,0.38593572,0.22443023
2708841080,0.3779046,0.31657824,0.30551717
2709037312,0.39629728,0.37594843,0.22775435
2709249212,0.4225136,0.3891271,0.18835932
2710171981,0.3334892,0.29979604,0.36671472
2710232866,0.5554511,0.25949,0.18505889
2711348522,0.40101495,0.39274228,0.20624274
2711679361,0.411567,0.3790192,0.20941378
2711878895,0.22116499,0.59656256,0.18227246
2712212763,0.25952676,0.50781006,0.23266317
2712422477,0.3939939,0.38049394,0.22551212
2712522231,0.37007314,0.33148926,0.29843765
2712933048,0.29685616,0.4541556,0.2489883
2713232692,0.22209117,0.48106676,0.29684207
2713366347,0.43360835,0.32912368,0.237268
2713423395,0.34623444,0.46959835,0.18416722
2714204484,0.28521872,0.36144534,0.35333592
2714247370,0.3204674,0.41628975,0.2632429
2714574276,0.38488925,0.3400063,0.27510443
2715645389,0.53222495,0.25103685,0.2167382
2715686244,0.34638023,0.32668287,0.32693693
2715920310,0.3266152,0.45848286,0.2149019
2716655876,0.32777748,0.347369,0.32485354
2716896888,0.4128873,0.3412418,0.24587092
2717467852,0.24679619,0.26022053,0.4929833
2717637998,0.33325392,0.45119762,0.21554843
2718294403,0.27354014,0.26872754,0.45773226
2718428713,0.3888458,0.3173163,0.29383788
2718670149,0.3050695,0.33288634,0.36204416
2718908901,0.36417538,0.37405533,0.2617693
2718923410,0.38684213,0.30797216,0.30518574
2719035142,0.33279362,0.455674,0.2115324
2720634664,0.42368358,0.32583588,0.25048047
2720646026,0.5254192,0.26165068,0.21293014
2720714304,0.39509588,0.3776247,0.2272794
2721196226,0.3245969,0.4585681,0.21683493
2721222190,0.34519446,0.39972574,0.25507987
2721500612,0.47993422,0.3523445,0.16772127
2722001013,0.34405988,0.36497444,0.2909657
2722460908,0.47192615,0.30126393,0.22680995
2722685880,0.33897707,0.3442114,0.3168115
2722731668,0.38524872,0.37781918,0.2369321
2723330638,0.2898812,0.5230218,0.18709692
2723731881,0.48160276,0.30693454,0.21146268
2724114595,0.31831795,0.4269278,0.25475425
2724215717,0.23284674,0.5520135,0.21513975
2724243040,0.41977966,0.3277916,0.25242877
2724429835,0.35528678,0.4298523,0.21486095
2724507969,0.37416434,0.30873317,0.31710246
2724657758,0.4667094,0.31209892,0.22119166
2725068917,0.32574016,0.37013665,0.30412316
2725350112,0.41778517,0.33987236,0.24234249
2725406093,0.39162654,0.38728997,0.22108346
2726129433,0.2877171,0.29352364,0.41875923
2726444579,0.31689999,0.34097332,0.34212667
2727072922,0.5684832,0.23206584,0.19945092
2727179915,0.27936083,0.510586,0.21005312
2727605575,0.34158027,0.40977865,0.24864112
2728151293,0.36295354,0.4468029,0.19024354
2728572226,0.32683554,0.36480933,0.3083551
2729710796,0.45348564,0.26893893,0.27757537
2729941126,0.43555403,0.34277868,0.22166729
2730093944,0.35162485,0.41080272,0.23757237
2730489181,0.4142927,0.3746677,0.21103963
2730535294,0.39245898,0.4218681,0.18567291
2730550590,0.37733865,0.36073005,0.2619313
2730739087,0.48026314,0.291081,0.22865583
2731697193,0.30859888,0.32577884,0.36562225
2732095063,0.3507014,0.36477405,0.28452456
2732905635,0.36882168,0.27281803,0.35836023
2732941253,0.3286518,0.38052234,0.29082584
2733166784,0.3375225,0.46141824,0.20105919
2733467290,0.30921596,0.36465257,0.3261314
2734033865,0.28424597,0.52858967,0.1871643
2734737963,0.4863883,0.30531293,0.20829868
2734998401,0.29673332,0.48499548,0.21827123
2735183029,0.40141076,0.33773142,0.26085785
2735527032,0.27158704,0.48226136,0.24615158
2736108355,0.3476826,0.34995294,0.30236447
2736464295,0.4471178,0.32437536,0.2285068
2736503389,0.35111955,0.44143754,0.20744291
2736697657,0.29481393,0.37247494,0.33271116
2737422012,0.33274335,0.45617056,0.21108606
2737888188,0.41554856,0.40318075,0.18127072
2739247512,0.3741836,0.36027056,0.26554585
2739558299,0.30782807,0.30543932,0.3867326
2740083221,0.28865114,0.4954337,0.21591519
2740699141,0.2665215,0.24847163,0.48500678
2740954635,0.3614456,0.33003467,0.30851975
2741615059,0.28923938,0.45700204,0.2537586
2741827814,0.397088,0.33736658,0.26554543
2741839557,0.24550124,0.52886784,0.22563091
2741848040,0.30459777,0.3458461,0.34955612
2743899630,0.3069254,0.4082223,0.28485233
2744601573,0.27718526,0.34769946,0.37511522
2746263392,0.43649238,0.3503106,0.21319705
2746698307,0.43892205,0.30634695,0.25473103
2746712714,0.33129832,0.3259085,0.34279317
2747049075,0.37446877,0.38795912,0.23757212
2747251552,0.31638074,0.48591638,0.19770288
2747935841,0.33095968,0.37528434,0.29375598
2747950154,0.46508038,0.332994,0.20192558
2748030896,0.38921762,0.30805892,0.30272347
2748268671,0.3180924,0.3604905,0.32141703
2748796146,0.37367457,0.30310437,0.32322103
2748855696,0.3284504,0.399499,0.27205056
2748890778,0.23393153,0.25102267,0.51504576
2748971312,0.3522773,0.35589403,0.2918287
2749205346,0.30676928,0.29830545,0.3949253
2750138559,0.422283,0.34064436,0.23707265
2750540984,0.44949573,0.36196512,0.18853915
2751108687,0.40892702,0.37348646,0.21758643
2751215922,0.32958937,0.3529876,0.31742305
2751240636,0.38859499,0.31857747,0.2928275
2751296558,0.3492538,0.42327267,0.22747351
2751369597,0.38888937,0.35394034,0.25717026
2751917273,0.3142712,0.32565466,0.3600741
2752336746,0.29543936,0.4250628,0.27949786
2752370830,0.2730182,0.23075947,0.49622232
2752394599,0.28069624,0.4895086,0.22979513
2752569937,0.36966857,0.30429316,0.32603827
2753566297,0.4260515,0.36214477,0.21180367
2754297454,0.24922085,0.5473794,0.20339979
2754399416,0.46021044,0.3082339,0.23155561
2754561752,0.35899216,0.3889562,0.25205162
2754961827,0.39664572,0.4060036,0.19735071
2755118436,0.42152947,0.40079737,0.17767315
2755199943,0.35797483,0.38972914,0.25229606
2756588644,0.3184334,0.44290224,0.23866439
2757098448,0.34718966,0.42882675,0.22398359
2757915049,0.5145203,0.28321052,0.20226917
2758283651,0.31990695,0.36320972,0.31688333
2758520060,0.3046639,0.3308225,0.3645136
2758702476,0.37141323,0.24814613,0.38044065
2759285279,0.39616978,0.3840332,0.21979697
2759353105,0.31116432,0.36554936,0.32328624
2759406605,0.37534642,0.36647975,0.25817382
2759417278,0.35691464,0.21525198,0.42783338
2759857855,0.3716616,0.3861907,0.24214768
2759938284,0.36308885,0.43520668,0.20170449
2760822489,0.5217594,0.27814263,0.20009798
2760852106,0.2907583,0.52368516,0.18555653
2762129911,0.50210243,0.2554768,0.24242073
2762209805,0.59346414,0.23236777,0.17416811
2762519171,0.23881298,0.25610492,0.5050821
2763092570,0.3437851,0.37807533,0.2781396
2763262539,0.29783624,0.4229431,0.2792207
2763316041,0.32507873,0.34158197,0.33333927
2763420782,0.3953169,0.29002076,0.31466237
2763783683,0.36800033,0.2800802,0.35191947
2764825725,0.47142723,0.32012957,0.20844314
2764932573,0.40182132,0.37431622,0.22386245
2765417374,0.46866602,0.26046395,0.27087003
2766272075,0.4015155,0.3626062,0.2358783
2767040883,0.32338902,0.3361164,0.3404946
2767974961,0.36503357,0.42231637,0.21265006
2769188368,0.321073,0.43324348,0.24568352
2769262188,0.49445936,0.27897823,0.2265624
2770050595,0.4551052,0.27928025,0.26561457
2770125674,0.38406378,0.372027,0.24390921
2770272391,0.44547832,0.31552085,0.23900083
2770302751,0.2944572,0.48786747,0.21767533
2770532539,0.3991625,0.37572417,0.22511336
2770986416,0.4416393,0.2987514,0.25960934
2772544081,0.4186137,0.35267532,0.22871093
2773236766,0.23695925,0.52401924,0.23902148
2773300238,0.3651728,0.3271085,0.30771863
2774160961,0.3360747,0.40886754,0.25505772
2774912299,0.50359446,0.27861142,0.21779409
2775000713,0.40189767,0.39874148,0.19936088
2776157204,0.32393003,0.39487097,0.281199
2776642781,0.45117182,0.33945972,0.20936847
2776659625,0.39782286,0.40662232,0.19555482
2776751602,0.3525654,0.43315756,0.21427701
2777608870,0.37143785,0.3854055,0.24315664
2777852104,0.37055498,0.3319472,0.29749775
2778030997,0.33373028,0.4447345,0.2215352
2778443776,0.30826846,0.39032924,0.3014023
2778789665,0.40591198,0.35597134,0.2381167
2778876718,0.2589547,0.2883368,0.45270848
2778889248,0.35287264,0.40890062,0.23822674
2779059474,0.40011153,0.347286,0.25260246
2779359913,0.37597257,0.39389524,0.23013218
2779637400,0.38388845,0.30392823,0.31218332
2780426959,0.32891887,0.36982116,0.30125996
2780928101,0.39940655,0.29635465,0.3042388
2781262539,0.521437,0.2609654,0.2175976
2781326399,0.4253637,0.35679275,0.21784359
2782059682,0.37776405,0.3172803,0.30495566
2782317799,0.40448266,0.2928864,0.3026309
2783248465,0.43128312,0.3622504,0.20646648
2783827814,0.47962543,0.32220942,0.19816512
2783902182,0.25288305,0.4904155,0.25670147
2784098932,0.26421574,0.5015169,0.23426735
2784728271,0.36496264,0.3694905,0.2655468
2785108813,0.46054447,0.2649786,0.27447692
2785314629,0.59223104,0.24140471,0.16636434
2786407477,0.5563834,0.24567908,0.19793755
2787323151,0.4929015,0.33348522,0.17361324
2787413131,0.5187986,0.26935533,0.21184602
2787908073,0.3444975,0.374721,0.2807815
2787946021,0.31275716,0.43664706,0.25059578
2788542035,0.38604084,0.40407223,0.20988691
2788800446,0.26727784,0.49885514,0.23386708
2789247334,0.3938849,0.38305563,0.22305949
2789478420,0.26302746,0.48197004,0.2550025
2789761000,0.28421098,0.40615487,0.30963415
2789887442,0.52482927,0.2713349,0.20383586
2790068795,0.32013673,0.41761625,0.26224706
2790307112,0.3580135,0.38355836,0.25842816
2790342112,0.50002044,0.2900558,0.20992376
2790390312,0.4399022,0.2838726,0.2762252
2790759779,0.30285984,0.29236454,0.40477565
2791437317,0.39240277,0.3671081,0.24048913
2791510766,0.42843616,0.34059903,0.23096478
2791650111,0.39474767,0.39208472,0.21316761
2791873628,0.28296864,0.32428962,0.3927417
2793024499,0.37322992,0.43205303,0.19471703
2793281490,0.27486235,0.43712172,0.28801593
2793334494,0.44563276,0.2701054,0.28426188
2793489898,0.42815363,0.35475153,0.21709487
2793559007,0.37145978,0.2745651,0.35397515
2794078534,0.398344,0.3101108,0.2915452
2794184157,0.36580157,0.38706106,0.24713734
2794481087,0.40131623,0.35928848,0.23939526
2794636150,0.3726964,0.41128236,0.21602124
2795410158,0.37153298,0.40576434,0.22270262
2795771658,0.36921126,0.40694043,0.22384833
2795790092,0.39647388,0.3849052,0.21862093
2796115241,0.3144493,0.3905803,0.29497036
2797065830,0.1567125,0.1567125,0.68657506
2797566259,0.35868883,0.37473983,0.26657137
2797905762,0.29718405,0.42103034,0.2817856
2798076929,0.4635286,0.26069316,0.2757783
2799159625,0.48013937,0.3051707,0.21468987
2799294273,0.39279437,0.33159465,0.27561098
2799522661,0.29259259,0.25362074,0.45378664
2799659904,0.46486413,0.3069041,0.22823182
2800015193,0.47324663,0.27037472,0.25637865
2800048194,0.43643385,0.24820282,0.31536335
2800106155,0.41045314,0.36157417,0.22797266
2800551263,0.2943305,0.47515956,0.23050997
2800722398,0.40493253,0.3059814,0.28908607
2800908316,0.47795856,0.300817,0.22122446
2801104415,0.29812777,0.35316253,0.3487097
2801159177,0.46745315,0.34860462,0.1839422
2801194778,0.26801783,0.35075292,0.38122922
2801210696,0.3461929,0.41366473,0.24014236
2801514629,0.45110357,0.34358913,0.20530733
2802994770,0.25147352,0.22931992,0.5192066
2803175844,0.31719488,0.35439172,0.32841343
2803550771,0.25602514,0.43877462,0.30520022
2803759450,0.28803697,0.34561375,0.36634928
2803914756,0.37527716,0.30196828,0.32275456
2804023957,0.26503927,0.3857194,0.34924132
2804411193,0.32581484,0.47684103,0.19734411
2804676644,0.34204364,0.40065098,0.2573054
2806191328,0.5096074,0.2662325,0.22416012
2806766602,0.4172908,0.3804736,0.20223558
2807247092,0.39176294,0.37560844,0.23262864
2807491298,0.40947884,0.38404435,0.20647685
2807493224,0.59878325,0.2071484,0.19406831
2807582109,0.34342694,0.40398216,0.2525909
2807740046,0.25860825,0.5551806,0.18621114
2807872061,0.3545436,0.31040388,0.33505255
2809355687,0.2812952,0.51481366,0.20389113
2809531001,0.37557542,0.41861606,0.20580855
2809774406,0.45389524,0.279262,0.26684278
2810566307,0.40483934,0.29840875,0.29675192
2810747564,0.24622726,0.50853586,0.24523687
2810769648,0.48551673,0.30804938,0.20643392
2810812552,0.3098296,0.42440668,0.26576373
2810861031,0.3569265,0.39732248,0.24575105
2811625542,0.3978024,0.41627586,0.1859217
2811657165,0.41859627,0.32781076,0.2535929
2811767184,0.57441163,0.21202567,0.21356273
2812097965,0.38423222,0.3665164,0.24925137
2812104373,0.38355717,0.40193337,0.2145095
2812566023,0.46319416,0.3367464,0.20005941
2812833965,0.33802748,0.33839905,0.32357347
2813000607,0.45163494,0.34971288,0.19865218
2813182207,0.2621473,0.3068295,0.43102318
2814394986,0.38329196,0.3613886,0.25531942
2815331563,0.41018528,0.3589432,0.23087159
2816590107,0.39799437,0.35767546,0.24433014
2816799213,0.31631055,0.39938542,0.28430402
2816886887,0.21609643,0.504013,0.2798906
2816931174,0.38402778,0.40763646,0.20833576
2817557009,0.48400488,0.28650707,0.22948804
2817774448,0.363576,0.34328192,0.29314208
2817776670,0.3073359,0.4084872,0.28417695
2818331789,0.2918862,0.3382293,0.3698845
2818743963,0.38767293,0.38500136,0.22732571
2819294606,0.3767739,0.3870117,0.23621437
2819835261,0.33716232,0.42337394,0.23946375
2820192849,0.37203932,0.4123433,0.21561736
2820573312,0.28399104,0.4570129,0.25899607
2820643919,0.36464387,0.3904159,0.24494027
2820845390,0.33926117,0.33930838,0.3214304
2821424580,0.22624558,0.22673705,0.54701734
2822305995,0.39263982,0.36755162,0.23980856
2822701548,0.33689255,0.42553446,0.23757297
2822742930,0.3038574,0.4481752,0.24796739
2823323525,0.36613172,0.36603576,0.2678325
2823636365,0.5149407,0.28726974,0.1977896
2824161965,0.38753238,0.3709198,0.24154782
2824734952,0.3545621,0.42977595,0.21566197
2824800706,0.37673664,0.36277524,0.26048812
2824816100,0.40394443,0.31310403,0.28295153
2824889894,0.26798347,0.5517682,0.18024835
2825197743,0.41835862,0.39648083,0.18516058
2825267933,0.32077548,0.50692374,0.17230079
2825461395,0.4029075,0.31989425,0.27719826
2825471541,0.32134378,0.35453665,0.32411957
2826042410,0.34496385,0.37748665,0.27754948
2826190594,0.31986868,0.32089406,0.3592373
2827447377,0.4001518,0.28473434,0.3151139
2827725339,0.3647652,0.41908592,0.21614888
2828292879,0.33213758,0.3782686,0.28959382
2829334167,0.35055012,0.37877566,0.2706743
2829697052,0.31511614,0.3427813,0.34210256
2830003040,0.31786436,0.309448,0.3726876
2830904288,0.32372203,0.46126217,0.2150158
2831587926,0.3000753,0.34424007,0.35568464
2832097412,0.38754284,0.36302522,0.24943191
2832388994,0.4290003,0.35221332,0.21878639
2832819394,0.4251144,0.31129497,0.26359057
2833122873,0.31932333,0.40301487,0.27766183
2834271277,0.5840583,0.22368565,0.19225608
2834617323,0.6181067,0.18569048,0.19620278
2834907372,0.32524925,0.37086868,0.30388203
2835021377,0.24892119,0.2278741,0.5232047
2835357447,0.41003424,0.36751193,0.22245383
2835466863,0.3738622,0.3803332,0.24580461
2835578323,0.4641776,0.27670884,0.25911352
2836150823,0.36280093,0.38962525,0.24757385
2836168564,0.2790225,0.28378737,0.4371902
2836884876,0.62073433,0.18270531,0.19656035
2837585418,0.35361177,0.3684592,0.27792907
2837616219,0.2893679,0.31903097,0.3916011
2838011154,0.3952846,0.38703224,0.21768317
2838041825,0.4396097,0.30842322,0.25196707
2838082038,0.37216747,0.38701898,0.24081355
2839272492,0.35303134,0.3589963,0.2879724
2839392517,0.45708054,0.29623103,0.24668841
2839719417,0.40450618,0.3797874,0.21570644
2839871995,0.31187487,0.34908736,0.33903772
2840177230,0.3573305,0.38770533,0.25496423
2840825799,0.5181692,0.2602576,0.22157316
2840907975,0.3933646,0.35768503,0.24895039
2841018204,0.41084468,0.37962294,0.20953237
2841334521,0.45229435,0.27606434,0.2716413
2842029362,0.4218353,0.37324834,0.2049164
2843552555,0.3131402,0.4478129,0.23904684
2843701757,0.32506055,0.44988894,0.22505048
2843724149,0.3447922,0.4668477,0.18836015
2843874153,0.42190456,0.30620378,0.27189162
2843972362,0.35793495,0.40243277,0.23963223
2844196032,0.35950327,0.3476243,0.29287246
2844392540,0.43544388,0.3488922,0.21566392
2844987347,0.36635885,0.36736345,0.26627773
2845105929,0.31621814,0.40419328,0.27958855
2845123970,0.35737836,0.36939824,0.2732234
2845179046,0.34159893,0.29711837,0.36128268
2846534506,0.33674854,0.36164126,0.30161023
2846560769,0.21609095,0.5290467,0.2548623
2846563211,0.3809202,0.40035087,0.21872887
2846767034,0.30888388,0.30425805,0.3868581
2846776484,0.3829319,0.40597498,0.21109313
2846893156,0.37131676,0.3633582,0.26532504
2847624703,0.31512457,0.4799586,0.20491685
2847846196,0.36373478,0.31108207,0.32518315
2848254008,0.2988231,0.4742965,0.2268804
2848381044,0.32623816,0.43364137,0.2401205
2848454417,0.33996588,0.39385664,0.26617748
2849061128,0.31311703,0.5160713,0.17081164
2849314170,0.26504046,0.28196323,0.45299625
2850948572,0.37819588,0.3633839,0.25842026
2851503481,0.3578539,0.35561097,0.2865352
2852510318,0.43765706,0.34897792,0.21336503
2852770471,0.31509876,0.4408378,0.24406347
2853480573,0.4615177,0.31596684,0.22251546
2853890653,0.30596656,0.4343124,0.25972104
2854015395,0.29229861,0.45512822,0.2525732
2854875099,0.34736603,0.42991212,0.22272184
2855285481,0.45229927,0.29325727,0.25444347
2855785007,0.43070185,0.35873583,0.2105623
2855803411,0.5980039,0.21231723,0.18967885
2855990709,0.3959076,0.38311467,0.22097772
2856057301,0.44939804,0.3216388,0.22896317
2856585189,0.31132665,0.36523008,0.32344326
2857009426,0.5510838,0.24063572,0.2082805
2857607898,0.32546818,0.42444265,0.25008917
2858004108,0.3559996,0.38062418,0.26337618
2858059486,0.3978263,0.31784785,0.28432578
2858171637,0.39650756,0.3863914,0.2171011
2858173426,0.40450582,0.38622525,0.2092689
2858302213,0.3242278,0.39063546,0.28513676
2859078644,0.42236865,0.38208014,0.19555122
2860139557,0.3298928,0.48841226,0.18169494
2860595267,0.34775448,0.451126,0.2011195
2861234974,0.38880855,0.3715505,0.23964098
2861395931,0.61715865,0.1912019,0.19163945
2861504277,0.32382113,0.42441553,0.25176334
2861552989,0.38924122,0.33710045,0.2736584
2861554379,0.29746044,0.3799132,0.3226263
2862012143,0.24106163,0.31114316,0.4477952
2863263307,0.29746294,0.4367488,0.26578826
2863309615,0.5056136,0.23759805,0.25678837
2863980788,0.3560382,0.3200709,0.32389092
2864033873,0.30395532,0.42538136,0.27066335
2864296526,0.33696425,0.4424603,0.22057545
2864568906,0.25819927,0.57550824,0.16629247
2864817067,0.3466521,0.41800523,0.23534274
2864960806,0.3160818,0.42032945,0.2635887
2865020730,0.4232419,0.27685007,0.299908
2865829070,0.34714895,0.40377104,0.24907999
2865905706,0.2976643,0.47674108,0.2255946
2866075932,0.4639665,0.3190174,0.21701607
2866200260,0.5110557,0.26952004,0.21942422
2866328567,0.5188084,0.2933549,0.18783668
2866436323,0.32951975,0.25803444,0.41244578
2867420906,0.35199368,0.34586453,0.30214185
2868111992,0.40435988,0.36567917,0.22996101
2868337330,0.4050823,0.39636594,0.1985518
2868685549,0.4521167,0.3475889,0.2002944
2868811281,0.33553103,0.3922667,0.2722022
2869012342,0.36190376,0.3825856,0.25551063
2869107211,0.3852588,0.3500874,0.2646538
2869650122,0.36947048,0.40930596,0.22122355
2869923933,0.3180784,0.42405218,0.25786942
2870473758,0.25997457,0.25189778,0.48812765
2870793976,0.39191115,0.36943012,0.23865874
2870882002,0.42022085,0.35883927,0.22093987
2871880825,0.35083506,0.29717004,0.35199487
2872695000,0.3311576,0.46262693,0.20621544
2872803986,0.3132948,0.41605943,0.27064568
2873257911,0.30430484,0.5025519,0.19314325
2873368166,0.22745232,0.5603317,0.21221605
2873418563,0.27528507,0.49531308,0.22940183
2873432804,0.42379558,0.3521477,0.22405672
2874478134,0.33025876,0.3819601,0.28778115
2874725650,0.33951944,0.30910558,0.35137498
2875004921,0.39591295,0.35534233,0.24874468
2875847861,0.60679483,0.23049322,0.16271195
2876509792,0.3160799,0.45580775,0.22811235
2876596510,0.5307922,0.26769635,0.20151153
2876714071,0.37834132,0.38619748,0.2354612
2876847442,0.19966003,0.25519297,0.545147
2877936416,0.34714347,0.31446007,0.33839646
2877980484,0.3779375,0.42404556,0.19801697
2878382433,0.29326162,0.43190554,0.27483284
2879133896,0.46677208,0.29217902,0.24104895
2879248779,0.46305355,0.30953383,0.22741261
2879540243,0.31682402,0.2791788,0.40399718
2879736209,0.44818705,0.35985202,0.1919609
2880254615,0.37697166,0.3565596,0.26646876
2880315239,0.4639869,0.30667365,0.22933944
2881279204,0.44550896,0.3455937,0.20889738
2881366865,0.31974712,0.41342077,0.26683208
2881645232,0.3110478,0.3760851,0.31286705
2881948319,0.43174487,0.35059285,0.2176623
2882028338,0.404221,0.29719234,0.29858667
2882571713,0.3338679,0.36323154,0.30290052
2882930276,0.34985858,0.27401003,0.37613142
2884619227,0.3474728,0.36065742,0.29186976
2884971298,0.3465938,0.39504683,0.2583594
2885504330,0.30689245,0.43877187,0.2543357
2886217278,0.5093562,0.28415793,0.2064859
2886574743,0.40296116,0.37180144,0.22523737
2886779731,0.3091517,0.24700633,0.44384196
2887850935,0.3580948,0.33784357,0.3040616
2887898893,0.42121664,0.29076266,0.28802067
2888161752,0.33711976,0.3939463,0.26893398
2888351374,0.34977633,0.3892653,0.26095837
2888809896,0.4187669,0.23768929,0.34354383
2889117103,0.39659876,0.34615767,0.25724357
2889267797,0.357918,0.38328955,0.25879246
2890228390,0.51117754,0.2702216,0.21860087
2890263855,0.422352,0.31120577,0.26644224
2890332361,0.56336766,0.23744835,0.199184
2890561952,0.315314,0.4020675,0.2826185
2890629995,0.39546824,0.33250654,0.2720253
2891213387,0.63822603,0.19354966,0.16822429
2891544748,0.3711213,0.29411492,0.33476377
2891581130,0.45169216,0.34882,0.19948784
2891861657,0.41460985,0.3762718,0.20911834
2892020003,0.4286955,0.3443389,0.2269656
2892022677,0.30525976,0.47404796,0.22069225
2892407946,0.44404078,0.3734813,0.18247792
2892709513,0.3412742,0.44495118,0.2137746
2892855989,0.35716736,0.38671845,0.25611416
2893030573,0.5085324,0.22228004,0.2691875
2893188842,0.17793596,0.62802833,0.19403574
2893513944,0.33146572,0.35861886,0.30991545
2894405270,0.4174254,0.36214164,0.22043301
2895226823,0.3802275,0.34373242,0.27604008
2895269137,0.41642714,0.33600873,0.24756415
2895605127,0.3560661,0.3884738,0.25546008
2895707881,0.3773973,0.36401394,0.25858873
2895979245,0.40455437,0.41131076,0.18413486
2896381273,0.29071534,0.5164341,0.19285062
2896426782,0.2603054,0.45750505,0.28218955
2896434371,0.4710809,0.2782162,0.25070292
2896441564,0.34207183,0.32422158,0.33370662
2897625477,0.26533574,0.38729322,0.34737104
2898189369,0.32027364,0.4311177,0.24860865
2898258685,0.40144378,0.3890521,0.20950416
2898340552,0.37382597,0.40962765,0.21654636
2898400524,0.33990347,0.34157515,0.31852138
2898459149,0.37018695,0.35216272,0.2776503
2899811457,0.37513205,0.3717826,0.25308535
2900154876,0.32906651,0.3688941,0.3020394
2900213250,0.3553233,0.4097442,0.23493251
2901028439,0.34737018,0.36623555,0.2863943
2902945326,0.35794008,0.42156792,0.22049204
2903115752,0.3626482,0.3088194,0.3285324
2903249555,0.38953346,0.37678018,0.23368633
2903326697,0.36386284,0.33354855,0.30258858
2903384685,0.35993946,0.41131204,0.22874853
2903487704,0.39135557,0.38002485,0.22861955
2903670176,0.36283016,0.38117743,0.2559924
2904124972,0.31787792,0.32174158,0.36038053
2904277974,0.3069773,0.48845252,0.20457017
2904373720,0.2828011,0.41025943,0.30693945
2904393326,0.48754483,0.30693537,0.20551974
2904514936,0.27133012,0.32359,0.4050799
2904522591,0.228001,0.59235346,0.17964551
2904582485,0.36717737,0.40412584,0.22869675
2905644996,0.35230178,0.37832657,0.26937166
2905673702,0.390781,0.37121427,0.23800474
2905931993,0.433365,0.24726242,0.3193726
2906114291,0.38176554,0.4250876,0.19314682
2906235387,0.3692215,0.42776644,0.20301208
2906446014,0.31761158,0.47918838,0.20320003
2907558755,0.43833828,0.3326054,0.22905631
2907563226,0.5796105,0.19803688,0.22235256
2907874664,0.50589144,0.2786671,0.21544144
2908257577,0.32249463,0.42050463,0.2570007
2909216778,0.36743233,0.353311,0.27925664
2909241709,0.4868431,0.3399008,0.17325613
2909295773,0.33655062,0.4350738,0.22837555
2909724810,0.40238458,0.36737883,0.23023665
2909740961,0.36021933,0.35296112,0.2868196
2910036843,0.28886753,0.45638528,0.25474715
2910192822,0.37784466,0.36292765,0.2592277
2910964412,0.29174942,0.2647695,0.4434811
2911523999,0.48506957,0.2776147,0.23731568
2911618226,0.39788967,0.38142377,0.22068655
2911634223,0.30017793,0.44006914,0.25975293
2911735059,0.50866544,0.26073098,0.23060355
2911881113,0.39223266,0.31835884,0.2894085
2912236314,0.30359238,0.44721168,0.249196
2912724954,0.2221435,0.21463397,0.5632225
2912856244,0.39039192,0.28612122,0.32348686
2914001237,0.3675252,0.36322215,0.26925266
2914361276,0.3948427,0.34106076,0.26409653
2914423941,0.43477172,0.33562446,0.22960384
2915154820,0.528358,0.25191176,0.21973027
2915316812,0.2579861,0.5714804,0.17053357
2915342721,0.52220607,0.28736112,0.19043279
2916544038,0.3149475,0.33044976,0.35460275
2916992339,0.39301497,0.33604193,0.27094314
2917698166,0.33915764,0.47306997,0.18777242
2917774434,0.33095294,0.41321927,0.25582775
2918513074,0.3638032,0.34340593,0.29279083
2918578836,0.30914816,0.3640386,0.32681328
2918868325,0.3821664,0.376508,0.24132566
2919900923,0.385682,0.37314862,0.24116936
2920984592,0.3249218,0.4482249,0.22685328
2921438123,0.44988284,0.28837597,0.2617412
2921818244,0.32448402,0.3146683,0.3608477
2922433778,0.3897366,0.37948227,0.23078114
2922691435,0.38499895,0.36513036,0.24987069
2922797621,0.27173823,0.3061091,0.4221527
2923085271,0.33754316,0.27290958,0.38954723
2923150209,0.31113,0.42536205,0.2635079
2923273816,0.30137008,0.2900085,0.40862146
2923485678,0.35712826,0.36189267,0.28097904
2923911405,0.341528,0.35333627,0.30513573
2923912790,0.4711793,0.33901173,0.18980898
2923934713,0.46289623,0.2902587,0.24684507
2924080823,0.414199,0.36674422,0.21905681
2924562739,0.5414934,0.27588007,0.18262652
2924728612,0.36134702,0.43599355,0.2026594
2925263083,0.39343476,0.35871956,0.24784568
2925929796,0.4154603,0.30697975,0.27756
2925956435,0.3347384,0.41605395,0.24920768
2926227417,0.5237616,0.24123323,0.2350052
2926631620,0.26335537,0.36935043,0.36729422
2926826163,0.40928656,0.37155122,0.21916227
2927519118,0.3992139,0.33118543,0.26960066
2927746055,0.43799126,0.29525498,0.2667538
2927927228,0.30452037,0.4938503,0.20162931
2927977728,0.31856802,0.38547003,0.29596198
2928269173,0.25062284,0.5542777,0.19509947
2928368313,0.45086098,0.32729656,0.2218425
2929096534,0.30721265,0.3093479,0.38343942
2929296438,0.35208496,0.3849609,0.26295412
2929859836,0.37246257,0.37752652,0.25001088
2930068254,0.35034072,0.35948414,0.29017514
2930070585,0.2983604,0.37726104,0.32437858
2930094207,0.41280317,0.3549783,0.23221856
2930406973,0.34383738,0.30685538,0.3493072
2930481600,0.414482,0.36421084,0.22130719
2930509157,0.4613458,0.3101058,0.22854842
2930861094,0.44871157,0.31980535,0.2314831
2931224210,0.43875182,0.32533097,0.23591721
2931333016,0.41278994,0.3293653,0.2578447
2931809223,0.4041559,0.29606706,0.29977703
2932470142,0.37138617,0.3550989,0.27351493
2932520300,0.4199762,0.3774166,0.20260721
2932543182,0.3438617,0.3751607,0.2809776
2933388595,0.28568757,0.46474457,0.24956784
2933525496,0.37017232,0.4296829,0.20014468
2933747216,0.311682,0.42529267,0.2630253
2934192374,0.4127781,0.319088,0.26813388
2935727290,0.3702482,0.39385635,0.23589548
2936169853,0.54820114,0.21122329,0.24057557
2936405527,0.34373033,0.35471,0.30155963
2936538449,0.41595426,0.29439557,0.2896502
2936650204,0.2722444,0.5453684,0.1823872
2936859080,0.3592614,0.38499165,0.2557469
2938152129,0.3453287,0.30130696,0.35336435
2938442587,0.40202844,0.37742424,0.22054735
2938633183,0.25349984,0.25861782,0.48788238
2938815985,0.29090446,0.2935829,0.41551262
2939153080,0.39303508,0.34392065,0.2630443
2939971198,0.28438166,0.37686402,0.3387543
2940208746,0.31985676,0.43240684,0.2477364
2940386874,0.22880828,0.30770582,0.46348584
2941530796,0.35456243,0.39958566,0.24585189
2941556190,0.26301777,0.50850636,0.22847584
2941706797,0.29105082,0.29105082,0.41789836
2941782187,0.32006404,0.4463747,0.23356122
2941889849,0.22543186,0.5561275,0.21844065
2942121041,0.2789571,0.49225476,0.2287881
2943453094,0.3835017,0.35103488,0.26546347
2943481631,0.5144083,0.31090435,0.17468736
2943506662,0.5526201,0.2639892,0.18339068
2943515896,0.3339529,0.4340908,0.2319563
2943565474,0.46069092,0.2869729,0.2523361
2943709093,0.28915268,0.47446436,0.23638295
2943768393,0.27650136,0.34398988,0.37950876
2946079128,0.6462068,0.20036002,0.1534332
2946128358,0.45833617,0.34136125,0.20030257
2946341659,0.5420918,0.26058775,0.19732046
2946393466,0.35722303,0.3944286,0.2483483
2946781324,0.51419777,0.24206543,0.24373679
2947009259,0.47243562,0.31182694,0.21573743
2947440405,0.48155165,0.3284002,0.19004813
2947905789,0.36977535,0.3952468,0.23497783
2948010507,0.35146675,0.38042858,0.26810467
2948211265,0.26224175,0.25168875,0.4860695
2948360176,0.29542947,0.4617811,0.24278936
2948968175,0.3998906,0.35655993,0.24354944
2949188011,0.24249604,0.42566878,0.3318352
2949624832,0.36504552,0.285473,0.34948146
2949984206,0.4503614,0.30154577,0.24809285
2950043495,0.34764984,0.45236415,0.19998604
2950167986,0.64001375,0.20983665,0.15014958
2951022135,0.28888717,0.3310873,0.3800256
2953114951,0.33506632,0.42014915,0.24478455
2953635865,0.3704577,0.41901943,0.21052292
2953670816,0.3709953,0.45195293,0.17705177
2953797724,0.4274425,0.3203342,0.2522233
2954016475,0.6470147,0.17234585,0.1806395
2954182817,0.4228269,0.3124196,0.26475352
2954642336,0.40484938,0.34460697,0.2505436
2954958612,0.276775,0.4230131,0.3002119
2955867127,0.2967391,0.25630677,0.4469541
2955953447,0.37478504,0.41778353,0.20743139
2956065062,0.2718016,0.26842058,0.45977783
2956408965,0.34328187,0.32084745,0.33587065
2956456722,0.51017606,0.2542188,0.23560515
2956522805,0.4107436,0.37137556,0.21788087
2957381608,0.469092,0.33140266,0.19950531
2957689877,0.46691585,0.25712737,0.27595678
2958264117,0.4499698,0.3464358,0.20359442
2958514484,0.5278554,0.25999826,0.2121464
2959437942,0.38956338,0.34877872,0.26165783
2959539109,0.28544804,0.3161911,0.39836088
2959805423,0.43324304,0.30208498,0.26467198
2960209505,0.48579603,0.29376072,0.22044328
2960389599,0.35359305,0.3879267,0.25848025
2960420869,0.39607733,0.33618507,0.26773763
2960749992,0.3191665,0.37667584,0.30415767
2961337156,0.5175461,0.24780807,0.23464581
2962075607,0.43630117,0.29590446,0.26779437
2962111714,0.46908647,0.31617618,0.21473734
2962317741,0.4400482,0.32070386,0.23924798
2962748025,0.33251846,0.39904326,0.26843828
2962961478,0.42789525,0.37256268,0.19954208
2963589269,0.43489546,0.35965005,0.2054545
2963735365,0.54108655,0.27547324,0.18344024
2964256716,0.28686097,0.25458652,0.45855254
2964563985,0.4596638,0.29094195,0.24939421
2964798308,0.371457,0.38661867,0.24192433
2964940643,0.38752472,0.23838586,0.37408942
2965791233,0.36506963,0.39991063,0.23501977
2966377561,0.39673233,0.2999437,0.30332398
2966385524,0.4832617,0.271362,0.24537626
2966799262,0.35458773,0.32685864,0.3185536
2967308428,0.33506063,0.46181488,0.2031245
2967397120,0.3875385,0.3094058,0.30305567
2967622285,0.41889778,0.35975122,0.221351
2967728446,0.35759822,0.36104694,0.2813549
2968146062,0.2842697,0.32955915,0.38617116
2968799641,0.2848266,0.42572823,0.28944522
2968845931,0.2938395,0.39364216,0.31251833
2969494719,0.367401,0.4714579,0.16114108
2970291413,0.38601917,0.42442662,0.18955423
2970319661,0.37936437,0.3980437,0.22259197
2971213181,0.36537755,0.38702175,0.24760067
2971247503,0.2610704,0.48292267,0.25600693
2971583183,0.36423498,0.40502727,0.23073779
2971764308,0.5003497,0.2846916,0.2149587
2972717938,0.39671612,0.39802125,0.20526259
2972753617,0.3661247,0.3460493,0.28782603
2972927980,0.3068384,0.5154285,0.17773315
2973196262,0.35061383,0.35791185,0.29147428
2973621515,0.32219878,0.43377388,0.24402738
2974223617,0.40021634,0.38466814,0.21511558
2974575967,0.40800297,0.4100656,0.18193138
2974799674,0.35589138,0.39574176,0.2483669
2974937881,0.23459578,0.5482591,0.21714516
2977335107,0.3435129,0.3843929,0.27209425
2977717590,0.3565217,0.43688744,0.20659088
2977767236,0.2806853,0.44216466,0.27715003
2978010923,0.37464756,0.25416484,0.37118766
2978025582,0.36190575,0.35921836,0.2788759
2978098077,0.23916426,0.56354547,0.19729029
2979014956,0.3736043,0.41095775,0.2154379
2979396627,0.4380245,0.30626968,0.25570583
2979559424,0.26287806,0.50702465,0.23009732
2979577167,0.39583522,0.30140108,0.3027636
2979751183,0.34055263,0.41831154,0.24113587
2980296621,0.51802796,0.27501485,0.20695719
2980704397,0.37094155,0.37944895,0.24960947
2980769410,0.26816493,0.29505652,0.43677855
2981218310,0.29815692,0.4359902,0.26585284
2981289597,0.6150155,0.2128382,0.17214632
2981401983,0.35168344,0.34383118,0.30448532
2982154379,0.39957085,0.3533895,0.24703968
2982185722,0.3797319,0.3211567,0.2991114
2982224558,0.4389981,0.3019039,0.25909793
2982277105,0.36275595,0.3698693,0.26737475
2982319202,0.46095353,0.3234866,0.21555981
2982573926,0.3812426,0.32433343,0.29442397
2982772546,0.3806587,0.40841216,0.21092916
2983020268,0.39497343,0.38139647,0.22363009
2983105209,0.37614673,0.3989647,0.2248885
2983265305,0.29584497,0.37397516,0.33017987
2983579427,0.3667915,0.37690043,0.25630802
2983607533,0.3084996,0.47935978,0.21214059
2984481870,0.5034164,0.27601263,0.22057095
2984765341,0.47506124,0.3127135,0.21222532
2984784922,0.31343228,0.32466784,0.3618999
2986756798,0.37331426,0.3841387,0.24254699
2986782612,0.44871745,0.3258531,0.22542943
2988508274,0.29071528,0.42421103,0.28507367
2988567993,0.31724435,0.45387685,0.2288788
2988930249,0.5870984,0.20853429,0.20436731
2989558776,0.34160912,0.34046924,0.3179216
2990122243,0.3851085,0.388473,0.2264185
2990823923,0.45274088,0.32048842,0.22677068
2991074177,0.3890251,0.42623463,0.18474032
2991309983,0.21031052,0.37297732,0.41671214
2992269125,0.30311534,0.37380475,0.32307988
2992292911,0.31652945,0.419733,0.2637376
2993437483,0.30245733,0.4507404,0.24680232
2993895695,0.3664298,0.39223427,0.2413359
2993923680,0.4866108,0.3280961,0.18529311
2994044375,0.4363418,0.36735925,0.19629896
2994460697,0.3532874,0.43951148,0.20720114
2994560433,0.3819856,0.37082422,0.24719015
2995198009,0.3868089,0.3975193,0.21567184
2995877729,0.33377904,0.4062832,0.25993776
2997290976,0.36475843,0.35314256,0.282099
2997395718,0.42627758,0.32610202,0.24762042
2997898590,0.38850045,0.4076227,0.20387685
2997976185,0.34631246,0.40743542,0.24625212
2999060009,0.26326436,0.26326436,0.47347128
2999114091,0.53936374,0.25996083,0.20067549
2999326721,0.37937737,0.35898185,0.26164085
2999369234,0.52638036,0.27159777,0.20202184
2999650646,0.2928533,0.27112436,0.43602234
3000387505,0.40331966,0.32599765,0.2706827
3000747240,0.27751297,0.4012879,0.32119912
3001090178,0.3505001,0.35042256,0.29907733
3001103376,0.34564757,0.3369273,0.31742513
3001216107,0.34667546,0.4014283,0.25189623
3001585404,0.34632626,0.37934947,0.27432424
3001778505,0.26709825,0.29011226,0.44278947
3002554819,0.45577547,0.3216598,0.22256474
3003503007,0.4014129,0.30652845,0.29205868
3003543621,0.37008524,0.43504,0.19487476
3003693313,0.40863878,0.3984985,0.1928627
3004530656,0.31121334,0.25996202,0.42882463
3004937970,0.3060956,0.47029406,0.22361034
3005129377,0.36366165,0.38954008,0.24679828
3005232086,0.33404693,0.40722185,0.2587312
3006067199,0.4064301,0.3072583,0.2863116
3006325202,0.37102365,0.3715337,0.25744262
3006361630,0.2811429,0.48541203,0.23344512
3007000161,0.33374074,0.34022936,0.32602987
3007466196,0.42793465,0.3574306,0.21463478
3007631604,0.35579792,0.4434328,0.20076928
3007918264,0.51594883,0.27359015,0.21046104
3007938444,0.3156302,0.3942091,0.29016075
3008002975,0.3632765,0.39461303,0.24211043
3009172714,0.40157866,0.3816492,0.21677218
3010132903,0.39885294,0.36965048,0.23149657
3010357040,0.23426645,0.22034448,0.5453891
3010691397,0.4161973,0.3533165,0.23048621
3010932800,0.39387196,0.2821713,0.32395673
3011110634,0.35854372,0.44152308,0.19993317
3011201986,0.4066509,0.3665558,0.22679324
3011260430,0.2739205,0.46077067,0.26530886
3011292378,0.39490044,0.3148468,0.2902528
3011703768,0.613741,0.20629129,0.1799677
3011907901,0.36537156,0.37210178,0.26252666
3013018418,0.38163632,0.34266436,0.27569935
3013282620,0.34021392,0.3157436,0.3440425
3013626788,0.26557648,0.25247097,0.4819526
3014283775,0.30954134,0.2932244,0.39723426
3015233766,0.3648596,0.3930824,0.242058
3015451506,0.5545674,0.23546508,0.20996751
3015700112,0.26829842,0.5487436,0.18295795
3016910051,0.3857954,0.3660839,0.24812068
3017934990,0.39267814,0.37514764,0.23217428
3018358452,0.19938514,0.5566058,0.24400905
3018455653,0.3636251,0.41953766,0.21683723
3019061536,0.47500286,0.26421255,0.26078463
3019304045,0.242897,0.51697177,0.2401312
3019981137,0.40235364,0.36304903,0.23459733
3019982920,0.35939482,0.3775975,0.2630077
3020017939,0.28798273,0.3451586,0.36685866
3020482537,0.38791588,0.36584222,0.24624188
3020749968,0.31204098,0.47158617,0.21637286
3021776518,0.35513735,0.2613384,0.38352418
3022020147,0.35619587,0.36748427,0.27631986
3023280394,0.28342283,0.5065857,0.20999147
3023733933,0.36144263,0.4519198,0.18663761
3024164658,0.41415977,0.3990807,0.18675956
3024195068,0.2568432,0.39660576,0.34655106
3024471870,0.5927136,0.19615889,0.21112755
3024543503,0.39903265,0.4018864,0.19908091
3024787508,0.43780398,0.3559608,0.20623522
3025236523,0.31578636,0.32415345,0.3600602
3025311494,0.32802463,0.27476868,0.39720666
3025764553,0.29986566,0.4711882,0.22894615
3026625209,0.28295782,0.4946617,0.22238046
3026730565,0.3122033,0.3716405,0.3161562
3026979578,0.4908985,0.32137606,0.18772542
3027352509,0.3935609,0.3634056,0.24303354
3027956367,0.41549617,0.2672406,0.31726322
3028073438,0.40302,0.37081063,0.22616936
3029232330,0.43510464,0.2577637,0.30713165
3029488961,0.3538617,0.35011995,0.29601836
3029956506,0.4107608,0.3055781,0.2836611
3030535958,0.38007945,0.36852378,0.25139678
3030918824,0.38816643,0.35633975,0.25549382
3030930222,0.4082216,0.36508033,0.22669809
3031114175,0.32965901,0.4025471,0.26779392
3031279923,0.36460847,0.3214344,0.31395712
3031483676,0.40101954,0.3348598,0.26412064
3031483940,0.36203805,0.31767678,0.3202852
3031686587,0.34038907,0.43426555,0.22534534
3032859242,0.36858264,0.35568672,0.2757306
3033027913,0.433757,0.31485784,0.25138518
3033732501,0.32186562,0.4185944,0.25954
3034096789,0.3993314,0.3880339,0.21263477
3034111309,0.37062865,0.37600532,0.253366
3034394651,0.28654772,0.5206675,0.19278479
3034759980,0.55113196,0.24614167,0.2027263
3035177816,0.3852231,0.38333815,0.23143876
3035741877,0.22260961,0.59078395,0.18660644
3035768878,0.37093556,0.28730646,0.34175795
3036266507,0.37025547,0.40784183,0.22190267
3036269605,0.43033922,0.3686551,0.20100571
3036738915,0.27480334,0.3695677,0.35562897
3037141110,0.4108699,0.33279127,0.25633883
3037369605,0.438163,0.30862802,0.25320894
3037576252,0.46471784,0.30591908,0.22936305
3039491862,0.36129457,0.4308374,0.20786808
3039775834,0.3589298,0.3669979,0.2740723
3040705391,0.39688373,0.30467385,0.29844242
3040845389,0.37529993,0.386295,0.23840511
3040960904,0.34469107,0.43434715,0.22096184
3041019637,0.37030023,0.38203654,0.2476632
3041063391,0.45043302,0.34922737,0.20033959
3041154362,0.37595633,0.3891561,0.23488757
3041260535,0.2831285,0.45587182,0.2609997
3041810390,0.38240707,0.39431208,0.22328088
3041822162,0.39940554,0.34668258,0.25391188
3042209103,0.41297975,0.28066626,0.306354
3042364191,0.30437508,0.35286462,0.3427603
3042528999,0.2794003,0.29524496,0.42535484
3042821688,0.26106974,0.26967952,0.4692507
3043788190,0.35777563,0.36097202,0.28125232
3044650857,0.4133098,0.37442702,0.2122632
3044817194,0.31689808,0.38067532,0.30242664
3045050966,0.39842966,0.35124755,0.25032276
3045756881,0.52414936,0.26678765,0.20906298
3045966006,0.62924016,0.18555278,0.18520707
3046134414,0.4381937,0.28377867,0.27802765
3047592359,0.3342333,0.39469332,0.2710734
3047806358,0.5057527,0.27483267,0.21941465
3048641695,0.2055622,0.21065795,0.5837799
3049230789,0.37788567,0.3209715,0.30114284
3049795167,0.23457658,0.561462,0.20396145
3049904222,0.38687754,0.36263466,0.2504878
3049933943,0.4030613,0.38673395,0.21020474
3049961555,0.53229463,0.28893286,0.17877248
3050110238,0.31680393,0.451578,0.23161808
3050324985,0.40779892,0.33189997,0.2603011
3050443295,0.3784226,0.37982154,0.24175584
3050648700,0.28440735,0.34246087,0.3731318
3051123514,0.37065512,0.32712054,0.30222434
3051210899,0.31875682,0.4392554,0.24198774
3051312696,0.39460203,0.25965297,0.34574497
3051501334,0.37928697,0.38265246,0.23806053
3052090797,0.28082037,0.44147542,0.27770424
3052290244,0.36903605,0.39693135,0.2340326
3052301528,0.41482967,0.36995634,0.21521394
3052758561,0.29017156,0.37974417,0.33008423
3053176041,0.32715902,0.3868965,0.28594452
3053231729,0.43919075,0.31957567,0.24123363
3053290530,0.27844292,0.5184989,0.20305818
3054469926,0.4572456,0.34019583,0.20255858
3054949864,0.41986367,0.34222776,0.23790854
3055048904,0.34167376,0.4141112,0.24421503
3055328506,0.34812313,0.38579604,0.26608083
3055604154,0.39383137,0.36145598,0.24471268
3055860648,0.30420753,0.46007186,0.23572062
3056193653,0.33702946,0.43669808,0.2262724
3056740017,0.30811125,0.42916027,0.26272848
3056854544,0.37796015,0.43497685,0.18706302
3057491333,0.3232007,0.2812295,0.3955698
3058601773,0.4665341,0.34262684,0.19083904
3058657558,0.27339965,0.5465355,0.18006489
3059305357,0.35624772,0.37704974,0.26670256
3059474979,0.36996096,0.37011468,0.25992435
3059587510,0.34934938,0.39162463,0.259026
3059856688,0.3518214,0.44318905,0.20498955
3061064238,0.27783257,0.49226716,0.22990026
3061249819,0.43356508,0.35461798,0.21181694
3061264602,0.20307776,0.55128187,0.24564038
3062544916,0.43177217,0.34593815,0.22228974
3062667103,0.3440491,0.36596325,0.28998765
3062769503,0.40114832,0.38635448,0.2124972
3063036142,0.37552094,0.36042604,0.26405305
3063044371,0.32832384,0.40023595,0.2714402
3063207735,0.37283367,0.42055115,0.20661515
3064197473,0.29900655,0.51032597,0.19066748
3064893810,0.30295664,0.31268507,0.3843583
3065498240,0.24365923,0.5724195,0.18392117
3065872268,0.41033918,0.36265588,0.22700496
3066089553,0.2939133,0.2636209,0.44246584
3066556847,0.36420673,0.44443592,0.19135736
3066572192,0.46556163,0.22939509,0.30504322
3066752299,0.37168896,0.40695792,0.22135313
3066758865,0.35519123,0.3817656,0.26304317
3067423278,0.3058862,0.29328388,0.4008299
3067839325,0.31525442,0.4679063,0.21683931
3068085469,0.33477196,0.4499258,0.21530223
3068197570,0.38127902,0.28147566,0.33724532
3068273905,0.4438861,0.32278582,0.23332804
3070605918,0.19318092,0.19318092,0.61363816
3070674180,0.27712035,0.3467497,0.37612993
3071469483,0.34173197,0.42657614,0.2316919
3072000259,0.41892108,0.3469168,0.23416209
3072264799,0.33184633,0.4182033,0.24995047
3072388000,0.47973186,0.32581055,0.19445759
3072553825,0.29660147,0.29028377,0.41311473
3072654394,0.5356873,0.2111185,0.2531942
3073456964,0.27446398,0.3024502,0.4230858
3074199072,0.27920017,0.2774936,0.44330627
3074625765,0.2895501,0.44811076,0.26233917
3076584382,0.5152901,0.2595901,0.22511984
3077013544,0.29193437,0.46898714,0.23907846
3077035033,0.3625496,0.36611146,0.27133894
3078157135,0.3693776,0.2739128,0.35670954
3078215006,0.38514012,0.35651928,0.25834054
3078335390,0.45591623,0.33148685,0.21259695
3078545063,0.50461495,0.26420352,0.23118153
3078702728,0.408283,0.33657023,0.2551468
3078849926,0.33053875,0.26910987,0.40035135
3078943555,0.35999748,0.28763926,0.35236323
3078948686,0.34239575,0.3417371,0.31586713
3079009798,0.43028313,0.35544854,0.21426833
3079143978,0.47354588,0.32868403,0.19777009
3079307787,0.34834898,0.4429509,0.20870009
3079442538,0.3616662,0.40324107,0.23509271
3079622569,0.37793183,0.37607956,0.24598862
3080123724,0.32243332,0.31239307,0.36517358
3080487657,0.36406028,0.39687973,0.23906001
3080566121,0.29705936,0.31980336,0.38313723
3081075934,0.2965111,0.37244236,0.33104652
3081213289,0.34523576,0.34292725,0.31183702
3081366043,0.4124788,0.35186365,0.23565754
3081924742,0.4004472,0.3620444,0.23750842
3083330215,0.37611026,0.4036519,0.22023787
3084105970,0.45970106,0.3015585,0.23874047
3084615994,0.33461973,0.4596436,0.20573668
3084658938,0.4493628,0.3592753,0.19136184
3084873802,0.35621256,0.3338907,0.30989677
3084973894,0.40068406,0.395216,0.20410001
3085233801,0.36366934,0.32606903,0.3102616
3085596661,0.37903896,0.41281825,0.20814276
3086185453,0.36222178,0.42803538,0.20974284
3086251167,0.5062339,0.262615,0.23115113
3086845272,0.27835453,0.39046556,0.33117992
3087434927,0.20048249,0.6148695,0.184648
3087686604,0.45808628,0.3031726,0.23874113
3088270804,0.2798672,0.37830356,0.34182924
3088301452,0.49708372,0.3015496,0.20136666
3088891531,0.2572723,0.4930813,0.24964644
3088911270,0.35056347,0.41079867,0.23863786
3089175330,0.39650345,0.38613898,0.21735756
3089272142,0.36069772,0.38624293,0.25305936
3089529452,0.5551419,0.29671147,0.14814655
3092160493,0.3034255,0.3480233,0.34855115
3092943643,0.3592894,0.24592277,0.3947878
3093066633,0.39043248,0.3975907,0.21197686
3093363632,0.5639866,0.25271365,0.18329972
3093632111,0.49480063,0.3120925,0.19310689
3094053538,0.44221497,0.31352705,0.24425799
3094915719,0.3659501,0.35339582,0.2806541
3095158052,0.36221528,0.32008463,0.31770012
3095204579,0.40865326,0.32463336,0.26671338
3096903886,0.42862406,0.35581306,0.21556285
3097270151,0.35878587,0.4327191,0.20849504
3097560377,0.42610306,0.34610742,0.22778955
3098148572,0.5378993,0.27769268,0.18440804
3098371447,0.29015377,0.24756634,0.46227986
3098432195,0.5067018,0.28213018,0.21116802
3098604084,0.42320117,0.3051472,0.2716516
3098941122,0.51302993,0.30057922,0.18639076
3098956674,0.44669124,0.30907527,0.24423352
3099241671,0.32079452,0.34273475,0.33647072
3099513809,0.3611216,0.39750218,0.24137622
3099843863,0.35221776,0.3210591,0.32672313
3101459329,0.24814549,0.37514502,0.37670946
3101472986,0.43605012,0.33280206,0.23114786
3101578865,0.30014008,0.41437086,0.28548905
3101600161,0.35080916,0.37372047,0.27547038
3101860307,0.44941303,0.3280437,0.22254331
3101990951,0.37245825,0.37829736,0.2492444
3102002415,0.46386582,0.2578985,0.27823567
3103125684,0.26189646,0.5266275,0.21147612
3103467041,0.31272018,0.4087031,0.2785768
3103610995,0.41903692,0.31308198,0.26788104
3103772742,0.31526762,0.4704097,0.21432272
3104477059,0.3725857,0.40550235,0.22191194
3104674448,0.37546128,0.42918137,0.1953574
3104842073,0.24788684,0.5300912,0.22202198
3104970871,0.2910328,0.44654006,0.26242715
3105520786,0.28839326,0.38639557,0.32521117
3105528728,0.38797337,0.35658655,0.25544006
3105727943,0.38733917,0.39868537,0.21397547
3106024360,0.381711,0.39484638,0.22344261
3106050960,0.2976778,0.49546176,0.20686042
3107262292,0.4642411,0.31250435,0.22325458
3107412417,0.3584262,0.3790009,0.26257282
3107834802,0.39834616,0.38606083,0.215593
3107923914,0.353437,0.3296314,0.31693158
3108168833,0.22706628,0.27496958,0.49796414
3108670727,0.2983141,0.43978548,0.26190048
3109391233,0.57202905,0.23199925,0.19597167
3109532268,0.5511245,0.23723982,0.21163563
3109604145,0.33829722,0.4255361,0.23616669
3110105182,0.244059,0.537179,0.21876203
3110268272,0.45737264,0.28161532,0.26101202
3110604328,0.42103863,0.33800727,0.2409541
3110745981,0.41096723,0.36156175,0.22747105
3110846769,0.28200227,0.45843887,0.2595589
3111057190,0.25895035,0.3117599,0.42928976
3112867168,0.34478337,0.28932068,0.36589596
3112985168,0.46543884,0.29104352,0.24351764
3115227947,0.43576396,0.36930037,0.19493566
3115823626,0.50861037,0.2865041,0.20488553
3116014529,0.36322188,0.36817223,0.26860586
3116680977,0.43502676,0.2860099,0.27896333
3116722092,0.4843759,0.30101436,0.21460974
3117343453,0.3540014,0.4032861,0.2427125
3117383076,0.30799305,0.4741401,0.21786684
3117504458,0.41221792,0.39464927,0.1931328
3117652776,0.31170505,0.4070854,0.28120953
3117972442,0.49313515,0.3030373,0.20382756
3118227850,0.38705736,0.3854396,0.22750303
3118238567,0.44585,0.2632305,0.29091948
3118381298,0.35707992,0.4192281,0.22369194
3118707841,0.32032484,0.45903343,0.22064172
3119179688,0.27486452,0.25607988,0.46905562
3119447669,0.4059665,0.3876891,0.20634444
3119906185,0.31196997,0.3867647,0.3012653
3120105776,0.37204844,0.39292675,0.23502478
3120197394,0.33885396,0.426448,0.23469807
3120380889,0.2160213,0.604321,0.17965779
3120800619,0.38928366,0.37840664,0.23230967
3120826500,0.28982934,0.294684,0.4154867
3121464084,0.2715022,0.28897595,0.43952185
3122001820,0.3641013,0.3184157,0.31748295
3122628137,0.40812024,0.3855005,0.20637926
3122656712,0.3684399,0.37298322,0.25857687
3123663743,0.26487985,0.3432626,0.39185753
3123962082,0.36383414,0.36359638,0.27256954
3124445642,0.4028416,0.36167577,0.23548266
3124673444,0.32642955,0.42136645,0.25220394
3125194034,0.34778887,0.34484667,0.3073645
3125432525,0.2795039,0.31163016,0.40886587
3125841475,0.27435124,0.24124888,0.48439986
3126291522,0.34550032,0.39235452,0.26214516
3126636564,0.368155,0.3624385,0.2694065
3126804982,0.289352,0.4029494,0.3076986
3127189048,0.37173986,0.36359006,0.26467007
3127299770,0.36605546,0.35307705,0.28086752
3127364899,0.32366976,0.3123076,0.3640226
3127421284,0.30772445,0.31853485,0.37374067
3128417118,0.36769325,0.41483623,0.2174705
3128513861,0.38089582,0.2727498,0.3463544
3128629294,0.45517224,0.25493148,0.2898963
3129239382,0.3562275,0.38921475,0.2545578
3130354171,0.27741176,0.386149,0.33643925
3130638102,0.31114697,0.47702459,0.21182844
3131767571,0.34512696,0.4006998,0.25417325
3132415645,0.35518837,0.41422963,0.230582
3132458420,0.3478524,0.43893778,0.21320981
3132599248,0.36603326,0.339522,0.29444474
3133268896,0.37258992,0.3738848,0.25352532
3133947688,0.3970042,0.41456944,0.18842636
3133953815,0.2705726,0.49624193,0.2331855
3134921111,0.4460987,0.31215763,0.24174365
3135014373,0.42264217,0.36899918,0.20835868
3135238352,0.61667526,0.19962479,0.18369995
3135329532,0.3243454,0.33096075,0.34469384
3135436594,0.42452332,0.3530178,0.2224589
3136490294,0.34746897,0.28861272,0.3639183
3136644673,0.4587502,0.3343911,0.20685868
3136754729,0.35531414,0.42894274,0.21574314
3137662257,0.3401912,0.43611458,0.22369426
3138136927,0.40675828,0.34022537,0.25301635
3138194603,0.2774331,0.3146893,0.4078776
3138681567,0.3836015,0.38009393,0.23630455
3138700469,0.3596853,0.30541345,0.3349012
3138882544,0.2479744,0.524449,0.22757661
3139202326,0.42578214,0.38110462,0.19311327
3139263737,0.38598913,0.3905632,0.22344771
3139460568,0.40595174,0.3832927,0.21075554
3139465094,0.27109513,0.42288572,0.3060192
3139720474,0.23011173,0.23011173,0.53977656
3140646704,0.3069743,0.45185807,0.24116759
3141285983,0.5298722,0.22102228,0.24910557
3141418597,0.5352645,0.23035002,0.23438546
3141501701,0.43882018,0.3590375,0.20214233
3141975792,0.29945958,0.43155125,0.26898918
3142024356,0.3372302,0.42484447,0.23792535
3142453744,0.31568617,0.3124904,0.37182343
3142625345,0.33337766,0.46376973,0.20285258
3142639150,0.41059947,0.3621067,0.22729382
3142788758,0.24862956,0.5055642,0.24580626
3143204990,0.38265115,0.38042426,0.23692457
3143207562,0.39021176,0.343764,0.26602426
3143317308,0.354003,0.41746673,0.22853026
3143333105,0.39629388,0.37167627,0.23202989
3143374960,0.3640138,0.38689977,0.24908647
3143834309,0.44183597,0.35997018,0.19819385
3143941811,0.39541242,0.33619416,0.26839343
3144709602,0.4933701,0.3046331,0.2019968
3144727755,0.2739152,0.44447017,0.2816146
3145198649,0.31569344,0.42318314,0.26112342
3145501600,0.31041506,0.33980852,0.3497764
3145976977,0.50597775,0.2712035,0.22281879
3146336964,0.30052674,0.24165596,0.45781732
3146364904,0.34357697,0.25175554,0.40466747
3146458567,0.29857337,0.50415605,0.19727056
3146694970,0.28746355,0.49489424,0.21764226
3146939356,0.41791177,0.38307774,0.19901049
3147272494,0.3033492,0.4626238,0.234027
3147368785,0.46081978,0.3279981,0.21118215
3148154933,0.41024965,0.3618617,0.22788858
3149419802,0.29997984,0.44448346,0.25553674
3149762028,0.35079154,0.33687037,0.31233808
3149865571,0.3529532,0.43204468,0.21500207
3149977107,0.47080794,0.28527284,0.2439192
3150209257,0.5645046,0.26549608,0.16999935
3151830108,0.55332994,0.24172595,0.20494407
3152418175,0.5530942,0.22027221,0.2266336
3152469915,0.32714862,0.4026329,0.2702185
3152541550,0.38269565,0.38361907,0.23368527
3152737619,0.26272127,0.53488714,0.20239154
3153114059,0.4175955,0.38909036,0.19331414
3153715259,0.39499086,0.38489515,0.220114
3154115627,0.39551896,0.336585,0.26789603
3154960222,0.4517108,0.33298588,0.21530333
3155827929,0.30771726,0.29959145,0.39269125
3155945229,0.23337081,0.22361338,0.54301584
3156527426,0.37650698,0.4050796,0.21841341
3156604307,0.42437974,0.27571982,0.2999004
3157042907,0.36390227,0.32682598,0.30927175
3157105320,0.5004906,0.31255573,0.18695365
3158391763,0.33014205,0.41994035,0.24991766
3158534263,0.32578802,0.27909172,0.39512026
3159336985,0.39931905,0.4185104,0.18217057
3159509756,0.23420514,0.4249782,0.3408167
3159557003,0.46953207,0.31224185,0.2182261
3159716894,0.5023372,0.28961205,0.20805073
3160281443,0.34854573,0.3411692,0.31028506
3160830372,0.33454978,0.3429737,0.32247657
3161158285,0.23180406,0.30916196,0.45903397
3161309877,0.33637154,0.35454905,0.30907947
3161728750,0.31993073,0.26820606,0.4118632
3162488164,0.27513075,0.47754753,0.24732172
3163320292,0.2667686,0.2667686,0.46646282
3163590534,0.3487216,0.3643335,0.28694493
3163591881,0.33062282,0.45184854,0.21752863
3164472988,0.42084295,0.3710475,0.20810959
3164508893,0.29843926,0.27799562,0.4235651
3164641298,0.3625242,0.43783253,0.19964328
3164791755,0.28650248,0.2605991,0.4528984
3165218911,0.469591,0.31747472,0.21293432
3165414211,0.35677728,0.35733393,0.2858888
3166044672,0.38767967,0.37950486,0.23281544
3166194087,0.38107383,0.32032496,0.29860127
3166375684,0.4365553,0.3246188,0.23882592
3166793621,0.3303715,0.44045854,0.22916993
3167356751,0.30468965,0.29081088,0.40449947
3167521866,0.61553633,0.18539484,0.19906884
3167881073,0.37201798,0.37535003,0.25263202
3167953966,0.25197992,0.49491233,0.25310773
3168866804,0.36009544,0.40297234,0.23693222
3169604517,0.34480006,0.29203865,0.3631613
3169849587,0.38537648,0.40070808,0.21391548
3170123146,0.3778687,0.38095433,0.241177
3170243447,0.40318,0.34341758,0.2534024
3170246113,0.25647882,0.33148476,0.4120364
3171338067,0.32727855,0.32587707,0.34684438
3171763486,0.420416,0.36034614,0.21923783
3172491781,0.2716332,0.44894856,0.27941817
3173029024,0.27896166,0.47375888,0.24727947
3173096856,0.33648932,0.40451974,0.25899094
3174292795,0.37264848,0.38950527,0.23784621
3174355108,0.4349986,0.29731983,0.26768157
3174552288,0.30298865,0.458943,0.23806834
3174602044,0.4644906,0.2567442,0.2787652
3174919496,0.31774658,0.401618,0.28063542
3175251768,0.36284423,0.40879714,0.22835863
3175729849,0.25280777,0.5220058,0.2251865
3175821665,0.41796038,0.34919646,0.23284315
3176156594,0.3037815,0.49930224,0.19691625
3178457665,0.29500997,0.26010716,0.44488287
3179210200,0.3636248,0.2638034,0.3725718
3179291101,0.42995104,0.3206786,0.24937038
3179726619,0.30723533,0.4344656,0.25829908
3179919065,0.2755389,0.49900892,0.22545215
3180085124,0.32300317,0.45922637,0.21777043
3180804255,0.37420115,0.39522085,0.230578
3181377078,0.3515693,0.35168773,0.29674304
3181512526,0.45373654,0.33244213,0.21382135
3181865483,0.3226915,0.3900438,0.2872647
3182054919,0.34020647,0.4602552,0.19953832
3182516950,0.3824073,0.35411468,0.263478
3182732749,0.35913038,0.4008211,0.24004853
3183193252,0.30917904,0.47602403,0.2147969
3183322717,0.3323411,0.4389184,0.22874047
3183581151,0.37510082,0.32338065,0.30151853
3183777370,0.2862817,0.46341118,0.25030708
3183868028,0.4574863,0.3205225,0.22199115
3184348218,0.4999757,0.28384,0.21618427
3184822818,0.38584653,0.4403482,0.17380524
3186651503,0.29554248,0.49155873,0.21289876
3187065045,0.3205727,0.38446385,0.29496348
3190287416,0.38914198,0.32578415,0.28507388
3190958109,0.4151798,0.38422728,0.20059294
3191343021,0.3897823,0.38111725,0.22910045
3191397528,0.38480228,0.4126053,0.20259237
3191969103,0.33311468,0.47051477,0.19637059
3192365782,0.49139446,0.30599055,0.20261501
3192732739,0.38722113,0.3747552,0.23802367
3192905169,0.35585082,0.3957481,0.24840108
3193089602,0.27302635,0.27302635,0.45394728
3193306622,0.53172445,0.27578634,0.19248927
3193555596,0.43218488,0.32443982,0.2433753
3193583280,0.36624062,0.3471638,0.28659558
3193976058,0.35542175,0.38699442,0.2575839
3194746899,0.5287331,0.25926077,0.21200612
3194877158,0.24826518,0.36986458,0.3818702
3195029516,0.5137627,0.28627253,0.19996479
3195106709,0.23176527,0.4068623,0.36137244
3195402673,0.3752786,0.38530618,0.23941523
3195571176,0.33193022,0.3128146,0.35525522
3196843329,0.6292293,0.18911856,0.1816521
3198090959,0.38852,0.34283495,0.26864505
3198253901,0.34702152,0.32573003,0.32724845
3198542491,0.30187574,0.34507388,0.3530504
3198848145,0.24527939,0.5445752,0.21014543
3199004238,0.3592837,0.39206195,0.24865443
3199170632,0.35098788,0.42262864,0.22638348
3199309716,0.59559834,0.23773539,0.1666663
3199943648,0.44123012,0.33815807,0.22061178
3200062489,0.35327178,0.34145054,0.3052777
3200434361,0.3001716,0.44577384,0.2540546
3200452178,0.17099419,0.65621805,0.17278774
3200509386,0.37327182,0.36066574,0.26606244
3200512434,0.2413646,0.5285454,0.23009002
3200624731,0.34476072,0.42003947,0.2351998
3201025622,0.2683139,0.53398377,0.19770229
3201608045,0.45596385,0.34303963,0.20099655
3201789358,0.39089757,0.3783948,0.23070765
3202153099,0.35990795,0.27979434,0.36029768
3202406659,0.57556033,0.21199417,0.2124455
3203059949,0.39917654,0.34895873,0.25186473
3203077346,0.41227207,0.37208164,0.21564627
3203746811,0.40149236,0.42129344,0.17721424
3204037820,0.25901636,0.28796154,0.4530221
3204103272,0.39579654,0.39685577,0.20734769
3204149250,0.31569463,0.27156138,0.412744
3204174379,0.33316386,0.27705112,0.389785
3204174667,0.34524843,0.40132362,0.2534279
3204291420,0.438997,0.33420214,0.22680089
3204842543,0.26878232,0.2495963,0.48162138
3205256517,0.2785021,0.50949335,0.21200451
3205269292,0.31267914,0.36620647,0.32111436
3205582729,0.3263384,0.2991049,0.3745567
3206061878,0.39472014,0.38023767,0.22504222
3206177865,0.49251038,0.2670973,0.24039234
3206366652,0.32981288,0.41193464,0.25825244
3206629129,0.3909098,0.360824,0.24826622
3206690403,0.25685441,0.26985544,0.47329018
3206961685,0.26789236,0.30049014,0.43161747
3207103538,0.36403114,0.44720834,0.18876052
3207230332,0.29754195,0.32019788,0.38226017
3207730446,0.43575507,0.37013227,0.19411266
3208489089,0.2967651,0.26357785,0.4396571
3208688033,0.53062123,0.2520355,0.21734324
3208691733,0.4291127,0.3748619,0.19602543
3208953402,0.22310933,0.24340892,0.5334817
3209143209,0.33195144,0.4112412,0.25680733
3209200015,0.28400916,0.28950244,0.4264884
3209332353,0.20138007,0.60248387,0.19613603
3210433261,0.4004796,0.33543962,0.26408076
3210559294,0.25880843,0.24083072,0.5003608
3210642129,0.23226014,0.22638866,0.54135126
3210648494,0.32916898,0.4067502,0.2640808
3211314432,0.33781868,0.34278756,0.31939375
3211532786,0.32436383,0.37398082,0.30165535
3211639358,0.31896833,0.4246768,0.25635487
3211651088,0.30799967,0.4190619,0.2729385
3211720746,0.42634293,0.34306043,0.23059662
3211788718,0.27661192,0.24365637,0.47973168
3213413781,0.2982867,0.40676546,0.29494786
3213882971,0.3329247,0.43513295,0.23194237
3214435175,0.49819475,0.30501413,0.19679108
3215469929,0.36381117,0.41203618,0.22415268
3215539168,0.362929,0.27395684,0.36311412
3215718318,0.4091075,0.3715515,0.21934101
3216560520,0.25259763,0.32910913,0.41829324
3216752230,0.4661287,0.30455434,0.229317
3217095391,0.42046046,0.36047173,0.21906778
3217201769,0.39673916,0.3523827,0.25087816
3217505099,0.3396381,0.40701213,0.25334975
3217594484,0.2841291,0.4364251,0.27944586
3217604938,0.38497657,0.28681192,0.32821155
3217664018,0.43366164,0.3202228,0.2461156
3218055250,0.4914392,0.25446588,0.25409493
3218209786,0.52954984,0.28883857,0.18161155
3218256938,0.2128261,0.5849203,0.20225364
3218483984,0.3346616,0.4211079,0.24423052
3218564974,0.386607,0.27619553,0.33719754
3219449933,0.36908734,0.36704373,0.26386896
3219852651,0.3253141,0.34620214,0.32848373
3220514014,0.33007032,0.36048132,0.30944836
3220808285,0.3772394,0.39468563,0.228075
3222263850,0.40377805,0.31919122,0.2770307
3222267170,0.46130228,0.30849555,0.23020212
3222524755,0.3416794,0.38531363,0.27300698
3222584402,0.48225337,0.29833964,0.21940699
3222748214,0.34571406,0.42614594,0.22813998
3222860350,0.3442993,0.42132875,0.23437196
3222862489,0.3978926,0.37767744,0.22442997
3223835749,0.26645714,0.5169034,0.21663944
3224093151,0.3295924,0.36690238,0.3035052
3224117266,0.35353214,0.31654817,0.3299197
3224782477,0.28197515,0.51061326,0.2074116
3225054670,0.27839798,0.4415461,0.28005588
3225188274,0.36691082,0.40064564,0.23244359
3225990648,0.40389055,0.40700716,0.18910226
3226429629,0.4777127,0.29540977,0.22687761
3226476043,0.36714628,0.34625787,0.2865958
3226553111,0.38174522,0.3486477,0.26960704
3226859169,0.29221207,0.50963396,0.198154
3229277541,0.42915708,0.378984,0.19185889
3229503227,0.29797703,0.45416152,0.24786147
3229640862,0.28764886,0.3129838,0.3993674
3230116132,0.38128173,0.24132606,0.37739217
3230219752,0.3749199,0.43196982,0.19311026
3231087170,0.4202736,0.37107062,0.20865574
3231112233,0.4547199,0.29841205,0.24686807
3231138522,0.35341957,0.3903516,0.2562288
3231411765,0.31968582,0.41752407,0.26279014
3232954572,0.44336212,0.3338874,0.22275051
3233328660,0.37041548,0.36311054,0.26647398
3233606107,0.31369007,0.33335423,0.3529557
3233843379,0.32935342,0.38778052,0.2828661
3234083590,0.41430032,0.3343091,0.2513906
3234158773,0.38707826,0.24382526,0.36909646
3234214630,0.37069744,0.27984953,0.34945297
3234636712,0.30437297,0.4577092,0.23791784
3234668437,0.36756194,0.354496,0.27794212
3235092988,0.54613566,0.26726407,0.18660033
3235443918,0.24484226,0.56795686,0.1872009
3235731696,0.3445875,0.33722356,0.3181889
3235921071,0.34208435,0.40678555,0.2511301
3236630259,0.41370937,0.28066805,0.30562255
3236861880,0.30822727,0.39061785,0.30115485
3237351373,0.24303237,0.5483815,0.20858613
3238042657,0.4097529,0.35510272,0.23514436
3238548753,0.29112035,0.42933595,0.2795437
3238803330,0.43808728,0.37486047,0.18705228
3239341495,0.3671066,0.37001163,0.26288182
3240305305,0.45968288,0.30336595,0.23695122
3240491013,0.53619635,0.25000215,0.21380153
3240967297,0.38904136,0.3651197,0.245839
3241089083,0.38806018,0.40074828,0.21119155
3241901803,0.41532078,0.32284623,0.26183298
3241917116,0.3621572,0.41491348,0.22292927
3242063219,0.24469829,0.5441408,0.2111609
3242304959,0.46010327,0.31542444,0.22447225
3242351646,0.24634233,0.42262936,0.33102828
3242606697,0.33361852,0.38025263,0.28612885
3242980046,0.25222376,0.29264265,0.45513362
3243040178,0.42032275,0.3014606,0.2782167
3243137100,0.26563632,0.4653477,0.26901594
3243234461,0.4462945,0.3159634,0.23774213
3243977555,0.50375044,0.27737996,0.21886963
3244461243,0.42367497,0.37427893,0.20204608
3244949608,0.36141562,0.3647393,0.27384502
3245034086,0.41404703,0.34685552,0.23909745
3245726347,0.39620906,0.25945908,0.34433186
3246550222,0.46554485,0.33319193,0.2012632
3246877014,0.37844098,0.4180421,0.20351695
3247258041,0.28748822,0.4555179,0.25699392
3248024450,0.4512173,0.28959548,0.25918725
3248150458,0.28909802,0.45303437,0.25786754
3248805708,0.42208838,0.35848498,0.21942659
3249167102,0.4645027,0.30352524,0.2319721
3249519022,0.42543745,0.38265082,0.19191173
3250038470,0.38849694,0.41545078,0.19605231
3250294613,0.3990881,0.34804624,0.2528656
3250518473,0.39785624,0.4052111,0.19693264
3250578437,0.41822043,0.34914717,0.2326324
3250632647,0.41469043,0.29779753,0.287512
3250795824,0.43473184,0.2916978,0.27357036
3251181236,0.40612698,0.39026177,0.20361131
3251782735,0.38527006,0.41691834,0.19781163
3252065782,0.3458514,0.42638856,0.22776002
3252797603,0.41408324,0.36372665,0.22219014
3253685279,0.39475405,0.39469704,0.21054891
3254309085,0.54088646,0.25987527,0.1992383
3255033594,0.4891168,0.30904478,0.20183843
3255732224,0.38538954,0.41285968,0.20175079
3255839407,0.38592342,0.35111797,0.2629586
3256842754,0.45256007,0.28705052,0.26038942
3257022992,0.31731144,0.45459697,0.22809155
3257051012,0.38444674,0.40888694,0.20666635
3257235441,0.4700874,0.24451658,0.28539607
3257295276,0.2732519,0.49995965,0.22678849
3257860103,0.47475952,0.33172673,0.19351375
3257900071,0.36298117,0.40209612,0.23492274
3258157361,0.29754612,0.33176827,0.37068558
3259196013,0.3869681,0.37064064,0.24239127
3259666014,0.38334888,0.38509387,0.23155726
3259703557,0.36453512,0.3124162,0.32304868
3260039985,0.41705698,0.37033862,0.21260442
3261438592,0.4844213,0.25070435,0.26487434
3261550514,0.3052007,0.40202895,0.2927704
3261925766,0.40640557,0.33243263,0.26116177
3262677756,0.32708448,0.4226132,0.25030234
3263689175,0.3214747,0.43239036,0.24613495
3264068162,0.40163985,0.29633474,0.3020254
3264393230,0.37952864,0.27420157,0.34626973
3265692858,0.32811648,0.34120512,0.33067837
3265869428,0.44530618,0.35184994,0.20284389
3266013211,0.3741166,0.3656436,0.26023984
3266112339,0.32893506,0.47542495,0.19564
3266995139,0.5303978,0.23588023,0.23372199
3267097727,0.47474736,0.29866052,0.22659215
3267559716,0.2843253,0.2624836,0.45319104
3268013443,0.33203828,0.41475385,0.2532079
3268041824,0.28509632,0.40423268,0.31067097
3268134742,0.5408821,0.2746135,0.18450443
3269045542,0.184581,0.19150397,0.623915
3269083651,0.33398426,0.37709585,0.28891987
3269192373,0.37930134,0.3410716,0.27962705
3269275714,0.32339376,0.27707535,0.39953092
3270121480,0.46059728,0.33207238,0.20733032
3270251871,0.37184942,0.39216423,0.23598638
3271361126,0.36421654,0.32487094,0.3109125
3271401907,0.28826067,0.33040518,0.38133416
3271780642,0.38042682,0.3655755,0.25399768
3273654090,0.39295805,0.28614438,0.32089758
3274065792,0.36897472,0.359108,0.27191728
3274411169,0.34845725,0.3588671,0.29267564
3274556881,0.29715812,0.5023476,0.20049432
3275317186,0.36821824,0.3948776,0.23690417
3276493592,0.35622504,0.34614474,0.2976302
3276643138,0.31159157,0.48741776,0.20099065
3277506469,0.3771732,0.4158124,0.2070144
3277665534,0.24337581,0.53309715,0.22352704
3277786087,0.34795263,0.35856712,0.29348022
3277815902,0.3330565,0.40102476,0.2659187
3277860821,0.2976097,0.3982628,0.3041275
3278266474,0.44475517,0.2843507,0.2708941
3279416350,0.5384343,0.26363522,0.19793046
3280057905,0.40237755,0.37693387,0.22068858
3280233342,0.3741135,0.34695253,0.278934
3280394668,0.25215593,0.5408088,0.20703523
3280400309,0.3150084,0.34032422,0.34466732
3281180652,0.31586772,0.4884618,0.19567052
3281244279,0.39675528,0.317962,0.28528273
3281725376,0.3533316,0.37196538,0.27470303
3282467250,0.47186482,0.32994428,0.19819088
3283368812,0.40774953,0.3966714,0.19557905
3283914081,0.37251735,0.39765853,0.2298241
3283928200,0.34144115,0.4135874,0.24497151
3284222090,0.383703,0.3728452,0.24345182
3284465006,0.44956765,0.27026278,0.2801696
3284800716,0.36726364,0.39851797,0.23421836
3284820189,0.3065305,0.35507554,0.338394
3284825597,0.3550806,0.38457853,0.26034087
3284894258,0.4540618,0.27982208,0.2661161
3284925446,0.4978772,0.27068505,0.23143774
3284989449,0.3629101,0.3219306,0.31515935
3285151920,0.32503363,0.3667419,0.30822444
3285295263,0.31776226,0.27258554,0.40965223
3285334652,0.30844575,0.3702309,0.32132334
3285590809,0.37876078,0.36095816,0.26028103
3285666729,0.40180176,0.2690206,0.32917768
3285875030,0.6024308,0.22202432,0.17554483
3285879382,0.5676184,0.24352667,0.18885493
3286245776,0.43830562,0.328784,0.23291036
3286348957,0.44257963,0.28669578,0.2707246
3286515953,0.28672397,0.34913898,0.36413705
3286907568,0.47019666,0.3105199,0.21928346
3287079564,0.3853817,0.4101698,0.20444849
3287087715,0.2862243,0.25656748,0.45720822
3288359467,0.39996308,0.38738352,0.2126534
3288365476,0.431722,0.28182557,0.2864524
3288410649,0.449776,0.32428724,0.2259368
3288703053,0.37906182,0.38795954,0.23297863
3288960576,0.3256722,0.42572072,0.24860707
3289275350,0.36741197,0.36744526,0.2651428
3289424663,0.20071088,0.5684463,0.23084283
3289556012,0.30272654,0.415674,0.28159943
3289691033,0.32760805,0.42675397,0.24563804
3290177199,0.37319094,0.35395116,0.2728579
3290518352,0.3739475,0.3486091,0.2774434
3291011427,0.45860195,0.32848805,0.21290997
3291587489,0.38072512,0.39524084,0.224034
3292172941,0.3261944,0.37841785,0.29538772
3292527679,0.35519654,0.35753736,0.28726608
3292962085,0.4275529,0.3217815,0.2506656
3293310603,0.37453038,0.3643285,0.26114118
3293826440,0.42111722,0.3312895,0.24759331
3294095076,0.38592342,0.42539203,0.18868455
3294114719,0.41748017,0.3020495,0.28047037
3294913617,0.38669923,0.3662067,0.24709404
3295416566,0.33734798,0.44635564,0.21629637
3295457991,0.27526134,0.39311412,0.33162457
3295839107,0.3545056,0.38733727,0.25815713
3296086909,0.33560017,0.3895902,0.27480966
3296329041,0.31293648,0.4673177,0.21974578
3296452163,0.3330545,0.40789074,0.25905478
3297560222,0.41008058,0.37754512,0.21237431
3298071061,0.34289825,0.38050383,0.27659792
3298443344,0.31354687,0.38967675,0.29677638
3298540422,0.37298453,0.34681058,0.2802049
3299485998,0.32342857,0.4233479,0.25322354
3299969952,0.52848864,0.22149995,0.25001147
3300882912,0.48755914,0.29687813,0.21556273
3301376353,0.4050454,0.34076056,0.25419402
3301719690,0.40384492,0.33699682,0.25915822
3301792449,0.4355331,0.29793078,0.26653612
3301838633,0.3979972,0.36246336,0.23953947
3302268165,0.36285096,0.41021097,0.22693807
3303024690,0.31052366,0.5102651,0.17921117
3304075132,0.25781122,0.22802117,0.51416755
3304123126,0.36966687,0.4318714,0.19846173
3304206847,0.35244477,0.39763117,0.24992402
3304249759,0.29507765,0.39394665,0.31097576
3304610214,0.3167171,0.37668896,0.30659398
3304916655,0.4010961,0.27431485,0.32458904
3305401574,0.38280195,0.36667895,0.25051913
3306057135,0.26670256,0.41262165,0.3206758
3306161497,0.28890687,0.29301232,0.41808078
3306348820,0.34925216,0.42633313,0.22441474
3306751107,0.31135917,0.48661792,0.20202291
3306935457,0.26038247,0.4583751,0.28124246
3307035298,0.27089393,0.3788979,0.3502082
3308106962,0.31954882,0.30071115,0.37974003
3308241665,0.3547055,0.34501833,0.30027616
3308453625,0.5204145,0.239454,0.24013153
3308650018,0.34324932,0.3463019,0.31044877
3309472369,0.32073048,0.364245,0.31502452
3309643860,0.36315164,0.36481488,0.27203345
3309691628,0.3590836,0.42861086,0.21230559
3310057993,0.21707009,0.6060307,0.17689914
3310075669,0.3653713,0.28303418,0.3515945
3310487190,0.40525547,0.37187463,0.22286993
3311121347,0.3375163,0.31273115,0.34975255
3311267900,0.41800565,0.36986476,0.2121296
3311515549,0.37066486,0.39716524,0.23216987
3312113632,0.41843534,0.3433105,0.2382542
3312343681,0.39343053,0.39113125,0.21543819
3312850157,0.3811777,0.37627512,0.24254715
3313052759,0.47793096,0.29817525,0.22389379
3313394564,0.22670372,0.53439057,0.23890567
3313799196,0.33364415,0.41828644,0.2480694
3313834538,0.3639448,0.39751709,0.23853813
3314494265,0.37435406,0.32435852,0.3012874
3314513141,0.28494948,0.5066115,0.20843899
3314549036,0.36889735,0.35912228,0.2719804
3315430762,0.33611757,0.34750277,0.31637967
3315490633,0.3305181,0.41609052,0.2533914
3316235400,0.49727935,0.30047062,0.20225006
3316309653,0.28279117,0.53246456,0.18474424
3316367206,0.34236845,0.43933502,0.21829653
3316469984,0.49800172,0.29637587,0.20562238
3316830548,0.3798622,0.40077436,0.21936344
3317493037,0.3722968,0.38592672,0.24177647
3317803115,0.53665304,0.2684944,0.19485258
3318167821,0.303854,0.33674037,0.3594056
3318718778,0.42414093,0.29448366,0.28137538
3319060785,0.4352785,0.33101553,0.233706
3319296104,0.40287668,0.3706255,0.22649781
3319681832,0.49722117,0.25395253,0.24882625
3319969911,0.35245192,0.35263348,0.2949146
3320004252,0.40334624,0.34707707,0.24957663
3320062004,0.375232,0.28646058,0.33830738
3320364851,0.48612922,0.32385838,0.19001245
3320715262,0.3425653,0.37960863,0.27782607
3320868532,0.36123046,0.33794424,0.3008253
3320954585,0.41377848,0.37124825,0.21497327
3321271576,0.39371765,0.38987353,0.21640885
3321389040,0.4677158,0.31146938,0.22081482
3321578182,0.33213383,0.393748,0.27411813
3321612903,0.37357825,0.3623201,0.26410168
3323300013,0.30414248,0.29229218,0.4035653
3324003042,0.23078975,0.59068847,0.17852172
3324246031,0.35019338,0.33027464,0.31953198
3325321188,0.2906691,0.4952209,0.21410999
3325389884,0.2581572,0.41525382,0.32658896
3325473399,0.36300522,0.40300518,0.23398963
3325664697,0.42823476,0.32767183,0.24409342
3325998356,0.25182393,0.45899838,0.28917766
3326028160,0.5474882,0.25532266,0.19718915
3326369719,0.39218262,0.37572008,0.23209727
3326821563,0.31827074,0.38255906,0.2991702
3327081590,0.35099164,0.35194567,0.2970627
3327762784,0.35141626,0.37969622,0.2688875
3328178306,0.49702725,0.28122503,0.22174774
3328185668,0.36315626,0.3654093,0.27143443
3328534213,0.49034375,0.26452547,0.2451308
3328734084,0.37503195,0.3782174,0.24675073
3329249995,0.3674299,0.4283741,0.20419595
3330149948,0.39788324,0.38566,0.21645677
3330237674,0.48629034,0.22702351,0.28668618
3331564117,0.50330895,0.2583394,0.23835161
3331667788,0.21376914,0.5872557,0.19897512
3331831254,0.3439848,0.35415256,0.3018626
3331895076,0.39983922,0.31762207,0.2825387
3332583717,0.32452345,0.3562764,0.31920016
3333334035,0.2609498,0.5275074,0.21154268
3333988463,0.5499846,0.25437593,0.19563948
3334522051,0.27489704,0.4281734,0.2969296
3334899161,0.3515361,0.4012775,0.24718642
3335011492,0.3876888,0.40826106,0.20405015
3335122898,0.426355,0.33718514,0.23645984
3335496120,0.45954135,0.33975643,0.20070219
3335915269,0.2671853,0.44635522,0.2864595
3335938127,0.59438,0.2168026,0.18881738
3338058317,0.27415502,0.3907666,0.33507836
3338222138,0.42003357,0.21539572,0.36457062
3338445337,0.40015012,0.33961505,0.2602349
3338816348,0.47823015,0.3167851,0.20498477
3338926545,0.45265192,0.35670868,0.19063942
3339771689,0.34128082,0.4236286,0.23509057
3340450864,0.34848112,0.4238504,0.22766846
3340469276,0.34453273,0.33811665,0.31735063
3340603625,0.49638128,0.30315256,0.20046616
3341534636,0.24455017,0.34709778,0.40835205
3342369341,0.3444792,0.31414837,0.3413725
3343780729,0.36136156,0.36491942,0.27371898
3343893201,0.4495163,0.33715668,0.21332699
3343906536,0.29433873,0.27037686,0.43528438
3344770100,0.34229395,0.37199384,0.28571218
3345821884,0.36340293,0.4236216,0.21297544
3345907514,0.43928632,0.3344355,0.22627817
3346274295,0.4858126,0.30072045,0.21346694
3346929757,0.29771772,0.49652535,0.20575695
3348219174,0.33314425,0.33677682,0.3300789
3348550413,0.47718918,0.30298394,0.21982685
3348704583,0.45604146,0.33102357,0.21293497
3348873988,0.47910234,0.32553938,0.19535825
3349012964,0.5813973,0.215458,0.20314462
3349520031,0.26986837,0.52772474,0.20240691
3349754714,0.36110085,0.34600535,0.29289383
3349766014,0.46817014,0.31508175,0.21674812
3350250045,0.36520517,0.37975067,0.25504416
3350852534,0.314394,0.43219167,0.25341433
3350872761,0.2301394,0.52255964,0.2473009
3351726436,0.29318115,0.52356535,0.18325347
3351862964,0.36327434,0.3881232,0.24860242
3353021570,0.4457371,0.36062875,0.19363412
3354253747,0.38191915,0.39050925,0.22757167
3354676900,0.40492952,0.37970698,0.21536353
3354824390,0.40623617,0.39486873,0.1988951
3355807851,0.49133468,0.29915422,0.2095111
3356039384,0.24123076,0.24301808,0.5157511
3356555855,0.4016266,0.37546116,0.22291222
3357103121,0.30925596,0.42751533,0.2632287
3357370927,0.649084,0.18672416,0.16419187
3357400194,0.29109478,0.26670134,0.44220388
3357934389,0.35797918,0.4132784,0.22874248
3357939150,0.4423862,0.2993711,0.2582427
3358215396,0.23824432,0.23824432,0.52351135
3358236502,0.35654294,0.39364243,0.24981464
3358813091,0.36443195,0.34637457,0.2891935
3359619385,0.30951163,0.26117957,0.42930883
3360648156,0.4322454,0.3651526,0.20260197
3360788275,0.42175108,0.36639458,0.21185432
3360913273,0.5426358,0.22650962,0.23085457
3360996137,0.24564657,0.55808336,0.19627008
3361547346,0.19360955,0.62817454,0.17821589
3362156634,0.4377352,0.3435815,0.21868329
3363069267,0.31738102,0.4366973,0.24592167
3363265288,0.4200887,0.39593363,0.18397766
3363327439,0.34030384,0.45774072,0.20195541
3363418138,0.3775534,0.37040064,0.25204596
3363884016,0.2940865,0.49129406,0.21461946
3363934516,0.39667252,0.2622192,0.34110826
3364093710,0.559458,0.23982236,0.20071957
3364148025,0.32018757,0.3008263,0.37898606
3364476479,0.25561625,0.4711268,0.273257
3364634693,0.38574678,0.3885259,0.22572726
3364913088,0.38304046,0.36172006,0.25523952
3365323807,0.42789724,0.3174231,0.25467968
3365358479,0.3666913,0.33738247,0.2959262
3365375263,0.36794394,0.39178538,0.24027067
3366268335,0.36304194,0.34034717,0.29661092
3366614613,0.3970631,0.3793435,0.22359341
3367927845,0.41794616,0.37124196,0.21081187
3368828506,0.40569165,0.25372064,0.34058774
3369311621,0.60395914,0.22044666,0.17559418
3369714309,0.38955203,0.38608873,0.22435921
3369818447,0.40129164,0.38757983,0.21112853
3369867901,0.40808535,0.32293934,0.2689753
3369976684,0.33317503,0.30534375,0.3614812
3370392161,0.26395497,0.5400096,0.19603544
3370702714,0.46044797,0.34615058,0.19340146
3370717482,0.4331434,0.29499412,0.27186248
3370912605,0.28335628,0.5021102,0.21453357
3371815260,0.341657,0.35842353,0.29991943
3372151458,0.42734274,0.35381043,0.21884683
3373038715,0.36200088,0.38429785,0.25370127
3373069815,0.34892172,0.3380946,0.3129837
3373172881,0.39522174,0.36587936,0.23889889
3373564126,0.3759603,0.38826445,0.23577523
3373691313,0.49711543,0.27358162,0.229303
3373814863,0.42199937,0.35514665,0.22285399
3374337916,0.31776044,0.4212097,0.2610299
3374518576,0.32843646,0.38963503,0.28192848
3374658352,0.34622562,0.32107776,0.33269662
3374665242,0.30122027,0.2949398,0.40384
3374705692,0.28914642,0.46532136,0.24553221
3374745657,0.40257338,0.29895148,0.29847515
3374771276,0.3745976,0.40496087,0.22044152
3375043688,0.38037413,0.35430795,0.26531792
3375452453,0.29737434,0.51046383,0.19216186
3375558990,0.33309782,0.45824346,0.20865873
3375760840,0.36924547,0.32021943,0.31053507
3375967247,0.39679712,0.28430194,0.31890094
3376094903,0.41873106,0.34074658,0.24052233
3376302532,0.31990921,0.38639873,0.29369205
3376406426,0.31022942,0.37420717,0.31556344
3376558143,0.35879958,0.288481,0.35271946
3376702581,0.33057997,0.30621755,0.36320248
3376902464,0.39756244,0.342862,0.25957558
3377218846,0.2997551,0.43702868,0.2632162
3377975078,0.25944346,0.26108342,0.4794731
3378218268,0.3681917,0.32058224,0.3112261
3378422429,0.37014717,0.36325324,0.2665996
3378623685,0.4781193,0.29524815,0.22663257
3378657938,0.34568095,0.37153956,0.2827795
3379069642,0.49651748,0.3094371,0.19404542
3379362588,0.31037453,0.33428782,0.35533765
3380442965,0.2412156,0.5220344,0.23674998
3381045109,0.41498792,0.36245137,0.22256076
3381410749,0.4496941,0.32652044,0.22378549
3382869656,0.38384074,0.3168832,0.29927605
3382875740,0.27538013,0.36119673,0.3634231
3383089178,0.4483968,0.32801485,0.22358833
3385997320,0.33259627,0.42409173,0.24331197
3386223943,0.40512198,0.3369404,0.2579376
3386486036,0.39999193,0.39005235,0.20995572
3386615655,0.24176328,0.5701088,0.1881279
3386928048,0.38057476,0.38758048,0.23184475
3387155458,0.3988396,0.37607583,0.22508454
3387163151,0.3944994,0.38819802,0.21730259
3387184305,0.33553115,0.3993817,0.2650872
3388082429,0.24712981,0.41504526,0.33782494
3388221232,0.33202082,0.43616262,0.23181653
3388288730,0.46429226,0.29589316,0.23981456
3388401108,0.41684696,0.3512652,0.2318878
3388982541,0.32768285,0.3865536,0.28576353
3389109446,0.34574217,0.359245,0.2950129
3389825953,0.2690505,0.54455286,0.1863966
3390037589,0.28749564,0.32981992,0.38268444
3390956385,0.560834,0.23698983,0.20217618
3390957642,0.3320905,0.38160497,0.28630453
3391034297,0.3301771,0.4612044,0.20861849
3392042802,0.34309763,0.4273612,0.22954121
3392079664,0.42475325,0.35674468,0.21850209
3392157790,0.30358607,0.4621046,0.23430938
3392671907,0.3847311,0.36623168,0.24903718
3392701494,0.38089055,0.4172752,0.20183429
3392810410,0.50157833,0.2880994,0.21032229
3392871927,0.36209932,0.36283204,0.27506864
3392891950,0.43763268,0.35582006,0.20654726
3393021582,0.44523525,0.33518717,0.2195776
3393653841,0.32504869,0.31859398,0.35635734
3394459370,0.36791843,0.2300905,0.4019911
3396429348,0.5021195,0.27344546,0.22443506
3396533317,0.3969739,0.37414384,0.22888225
3396971654,0.30500558,0.24063501,0.45435944
3397922302,0.38223118,0.3696416,0.24812728
3398143741,0.27254635,0.5262518,0.20120189
3398246228,0.42440128,0.31659073,0.25900796
3398290231,0.3667612,0.39734238,0.23589638
3398448668,0.52226484,0.25985384,0.21788137
3398792451,0.39748585,0.38795388,0.21456027
3398824291,0.43597823,0.34075266,0.22326915
3399655443,0.3627174,0.37854016,0.25874245
3399785679,0.37625197,0.34545505,0.278293
3399836788,0.27987784,0.4936564,0.22646579
3399892729,0.43650573,0.3318326,0.23166168
3399962850,0.45475885,0.30829883,0.23694232
3400491348,0.3499651,0.39111865,0.25891626
3400884328,0.39499596,0.36062485,0.24437924
3400927504,0.23422094,0.55165255,0.21412647
3401203985,0.34195694,0.4265933,0.23144975
3401256808,0.33719277,0.41156194,0.25124535
3401602214,0.31048694,0.43477315,0.25473997
3402682544,0.30895218,0.36696,0.32408783
3403183144,0.4863943,0.29507947,0.21852623
3403539427,0.37373054,0.41353533,0.21273413
3403613929,0.35391778,0.40115803,0.24492419
3403650029,0.3147487,0.34726608,0.33798516
3403798881,0.30240428,0.32449642,0.3730993
3403924543,0.41745543,0.3637324,0.21881217
3403998588,0.37006047,0.41658115,0.21335837
3405531513,0.3507238,0.3426289,0.30664736
3405791454,0.3266259,0.40033126,0.27304283
3405897736,0.4628809,0.32542324,0.21169594
3408177896,0.40531957,0.29048803,0.30419236
3408194317,0.38272455,0.35291967,0.26435575
3408204701,0.3538044,0.37944847,0.26674715
3408576779,0.3777611,0.41183734,0.21040156
3409053341,0.40542668,0.37363076,0.22094259
3409842138,0.34391445,0.38151762,0.27456796
3409914771,0.3549236,0.440265,0.20481142
3409927607,0.3266367,0.4563864,0.21697694
3411231935,0.3196895,0.44838318,0.2319273
3412200906,0.2951162,0.3751331,0.3297507
3412665755,0.49144414,0.30089706,0.20765877
3413205043,0.18658864,0.18658864,0.62682265
3413359324,0.45672202,0.3041839,0.23909408
3413597590,0.33327782,0.35667092,0.31005126
3414101986,0.4015772,0.25399905,0.34442377
3415652001,0.29436755,0.40053415,0.3050983
3415991918,0.3233996,0.41572815,0.26087227
3416470624,0.35818613,0.3546449,0.28716898
3416891335,0.44043797,0.24969485,0.30986723
3416923905,0.2712059,0.3251927,0.40360144
3417393031,0.44342163,0.30636734,0.25021106
3417567693,0.262093,0.4623128,0.27559417
3417778597,0.40000543,0.36476797,0.2352266
3417901874,0.48847982,0.2795787,0.23194149
3418046728,0.39707893,0.33796424,0.2649569
3418099928,0.32858175,0.42560145,0.24581677
3418565035,0.37452838,0.38598198,0.23948964
3418603566,0.42168975,0.3360921,0.24221815
3418948634,0.38002038,0.37883806,0.24114156
3419408143,0.5397113,0.25293854,0.2073502
3419467583,0.41323882,0.37365177,0.21310943
3420072979,0.4156244,0.31247854,0.271897
3420158236,0.35707778,0.38550442,0.2574178
3420270433,0.5675523,0.21997194,0.21247578
3420697276,0.42914152,0.33335304,0.23750544
3420955979,0.37525016,0.38955152,0.23519832
3422926530,0.25785702,0.2970357,0.44510725
3423103865,0.3914297,0.3026665,0.30590385
3423232004,0.34240383,0.42968744,0.22790876
3424158901,0.31510264,0.43956873,0.24532865
3424371598,0.3930911,0.35126293,0.25564596
3424563077,0.37497413,0.29829764,0.32672822
3424574028,0.42628008,0.3776977,0.19602218
3424697664,0.35340497,0.33602133,0.3105737
3425214350,0.36730033,0.34344006,0.28925955
3425437146,0.41284952,0.3504222,0.2367283
3425815245,0.26244304,0.41560596,0.32195103
3425881651,0.23615775,0.4524486,0.31139365
3425963557,0.45425063,0.26793128,0.27781808
3426437717,0.30127537,0.4863069,0.21241772
3426590668,0.2869611,0.45918635,0.25385255
3426825156,0.2561945,0.44238734,0.30141816
3426921797,0.36457032,0.39094052,0.24448916
3427097874,0.41885328,0.34402132,0.2371254
3427365302,0.31082043,0.32409602,0.36508352
3427599114,0.36020386,0.29426998,0.34552613
3428177600,0.33928418,0.4037187,0.25699714
3428957304,0.31170064,0.49384928,0.19445008
3429021365,0.31115744,0.41151506,0.27732748
3429768623,0.321814,0.38194567,0.2962403
3430042432,0.37046832,0.40081882,0.22871286
3430204406,0.45583388,0.3271095,0.21705662
3430591636,0.3904906,0.376956,0.23255341
3430669560,0.38819787,0.42684138,0.18496072
3430697122,0.30480152,0.2762305,0.4189679
3430757683,0.3936345,0.38215175,0.2242137
3431364580,0.44304413,0.32932252,0.22763336
3431373302,0.4117176,0.3097373,0.27854508
3432312370,0.30613947,0.45117176,0.24268873
3432682895,0.48784733,0.32125926,0.19089341
3432757138,0.49756438,0.31394428,0.18849133
3433203920,0.33301407,0.45437387,0.21261206
3433605476,0.26778764,0.4580086,0.27420378
3433913521,0.43089163,0.37117672,0.19793168
3434282186,0.3213035,0.29793826,0.38075826
3434430969,0.3091328,0.4803155,0.21055168
3434566061,0.32481596,0.2543324,0.42085165
3435103597,0.41723603,0.36840755,0.2143564
3435518061,0.40150806,0.3293114,0.2691806
3435589159,0.42682135,0.34884316,0.22433546
3435835048,0.3438308,0.3338856,0.3222836
3436221081,0.3774317,0.34337783,0.27919048
3437291185,0.36047834,0.3683211,0.27120057
3437556991,0.36621428,0.42984527,0.20394048
3438009397,0.27773848,0.49131176,0.23094979
3438082393,0.2533706,0.51001394,0.23661543
3438387801,0.34604862,0.40841636,0.245535
3438421267,0.36657688,0.34724694,0.28617615
3438831584,0.34335268,0.3911499,0.2654974
3439807395,0.3513487,0.36490077,0.28375053
3440376041,0.50985897,0.221674,0.268467
3440699425,0.3713916,0.39552242,0.23308605
3440708837,0.48664087,0.30505615,0.20830296
3441410794,0.38713133,0.36825866,0.24461003
3441724058,0.42187637,0.33089086,0.2472328
3442538978,0.2869526,0.55664504,0.15640235
3443405025,0.3248251,0.2988071,0.3763678
3444364935,0.42955226,0.37476617,0.19568157
3444969884,0.24181186,0.36620966,0.3919785
3444972396,0.29533583,0.5040913,0.20057286
3445375831,0.29249138,0.26109177,0.44641685
3445803593,0.36425307,0.31446213,0.3212848
3446244693,0.34367192,0.3558913,0.3004368
3447301271,0.38665524,0.3457337,0.26761106
3447516908,0.27126235,0.48654562,0.24219206
3447592435,0.46266437,0.32031053,0.21702512
3447763651,0.62542593,0.21227837,0.16229571
3448528919,0.29809123,0.48115718,0.2207516
3448927599,0.3346101,0.38605997,0.27932996
3448938542,0.31053528,0.37218297,0.31728178
3449228882,0.3784504,0.3445022,0.27704734
3449874772,0.42099,0.30644557,0.2725644
3451216566,0.4334563,0.3032062,0.2633375
3451281832,0.2628104,0.4568804,0.28030926
3452229405,0.4203581,0.28581,0.29383188
3452403943,0.37446272,0.30694816,0.31858912
3452419575,0.3422623,0.44597447,0.2117632
3452531992,0.39566135,0.3867318,0.21760684
3452687019,0.43824136,0.34024584,0.22151282
3452727732,0.30416813,0.44430098,0.25153092
3453481263,0.28436375,0.5293071,0.18632914
3454777113,0.3369643,0.45349503,0.2095406
3454799406,0.52935386,0.26979405,0.20085213
3454904292,0.3835836,0.34578627,0.27063012
3455996220,0.2527565,0.41133633,0.33590716
3456519563,0.3533101,0.34836894,0.29832095
3458063784,0.3010097,0.4190265,0.27996382
3458927301,0.4486348,0.32061523,0.23075002
3459495870,0.37406865,0.2929936,0.33293775
3459734938,0.3524053,0.3064155,0.3411792
3459892297,0.40282804,0.34401768,0.25315425
3460586482,0.2542958,0.49657956,0.24912466
3460799091,0.3135965,0.40966696,0.27673662
3461307051,0.3608032,0.40137672,0.2378201
3461432705,0.43272078,0.35553932,0.21173991
3462096129,0.38980746,0.37491146,0.23528108
3462325149,0.47234204,0.3267162,0.2009417
3462539377,0.38629323,0.38760793,0.22609884
3463488686,0.43853313,0.28637397,0.27509296
3463511181,0.31172782,0.24237481,0.4458974
3463640527,0.41251367,0.37075713,0.21672916
3463676088,0.29414433,0.47323638,0.23261926
3465848588,0.4195956,0.37328923,0.20711516
3466037513,0.4071703,0.2986703,0.2941594
3466197850,0.3782921,0.29966027,0.32204765
3466293570,0.28950447,0.47599474,0.23450077
3466761590,0.2483848,0.5450415,0.20657374
3467212698,0.33061665,0.34745035,0.32193297
3467233526,0.54750246,0.2466174,0.2058801
3468095833,0.33630005,0.36470604,0.29899392
3468334175,0.35139453,0.40119135,0.24741408
3469857579,0.3519578,0.44902006,0.19902214
3469911483,0.37696946,0.30996376,0.3130668
3470585241,0.36911327,0.28089106,0.34999564
3471359008,0.3208879,0.47670928,0.20240283
3471371794,0.3837865,0.39458358,0.22162989
3471803993,0.2698236,0.48638582,0.2437906
3471938045,0.4197101,0.3374412,0.24284872
3471987741,0.37057978,0.38317236,0.2462478
3472020589,0.33426633,0.34578454,0.3199491
3472471582,0.26836097,0.24510992,0.4865291
3473650468,0.49152943,0.30509025,0.20338035
3473685786,0.4621373,0.31049055,0.22737211
3473884297,0.39388448,0.28676707,0.31934845
3474403691,0.40604943,0.34186482,0.2520858
3475884053,0.42154917,0.3335043,0.24494657
3475905364,0.4426595,0.2874295,0.26991093
3475964394,0.3598934,0.40530276,0.23480386
3476163260,0.41712058,0.31900665,0.26387283
3476879544,0.42358524,0.34504884,0.23136589
3476907331,0.3732105,0.3951949,0.23159468
3477140774,0.2111842,0.2111842,0.57763153
3477425140,0.38671398,0.3885442,0.22474182
3477690373,0.19247878,0.6279074,0.17961383
3478478575,0.38783184,0.34511718,0.26705095
3478849651,0.39102507,0.41837507,0.19059986
3479149069,0.511802,0.2792698,0.20892814
3479597179,0.46969754,0.29303578,0.23726663
3479712123,0.36159253,0.42699227,0.21141517
3480175580,0.25523427,0.33815157,0.40661415
3481739438,0.35504252,0.3466585,0.29829898
3481955301,0.37948486,0.38195533,0.23855975
3482081078,0.2882753,0.49394977,0.21777497
3482455438,0.28580034,0.52273154,0.19146815
3483181144,0.5798571,0.24215814,0.17798468
3483261104,0.345644,0.34640142,0.3079546
3485159207,0.35059205,0.367665,0.281743
3485595945,0.30273116,0.27656153,0.4207073
3485622132,0.30984694,0.35834223,0.33181083
3485861234,0.32821167,0.3480603,0.32372797
3486426807,0.27372855,0.3070563,0.41921517
3487101963,0.41111404,0.32279587,0.26609012
3487398647,0.2966176,0.47736254,0.22601986
3487582936,0.3180954,0.44772726,0.23417735
3488077111,0.34069288,0.31291693,0.3463902
3488337925,0.3965451,0.37759537,0.22585952
3488387581,0.28376985,0.44366813,0.27256203
3489016826,0.4137796,0.37382594,0.21239448
3489249184,0.34086862,0.3498493,0.30928206
3489630892,0.3441573,0.33314016,0.32270256
3489815535,0.35882723,0.4033317,0.2378411
3490014831,0.32081982,0.3870104,0.29216975
3490181400,0.2875425,0.5400028,0.17245464
3490442849,0.47531247,0.29984397,0.22484356
3490803412,0.2855825,0.27307397,0.44134355
3491265819,0.4470018,0.2971297,0.25586852
3492400651,0.3128538,0.4494287,0.23771751
3493090299,0.38840196,0.42101222,0.1905858
3494850326,0.23198114,0.31309527,0.45492357
3495319495,0.38583654,0.4017604,0.21240306
3495620669,0.4073701,0.38205367,0.2105762
3496910032,0.39007342,0.36197382,0.24795273
3497252963,0.32485878,0.34178996,0.33335125
3497330761,0.38987985,0.36606383,0.24405631
3497395803,0.36751068,0.41270474,0.21978453
3497429690,0.38598394,0.39123654,0.22277951
3497731978,0.42644858,0.33205834,0.24149305
3498084208,0.26538995,0.32305723,0.4115528
3498118198,0.3259468,0.45787543,0.21617776
3498501615,0.4498806,0.31128502,0.23883438
3498953769,0.30151975,0.4986255,0.19985473
3499036218,0.32755932,0.4335994,0.23884128
3499100817,0.26956826,0.37261236,0.35781932
3500727212,0.4763645,0.33288413,0.19075137
3501163388,0.3561381,0.4356903,0.20817158
3501942968,0.32604206,0.34890878,0.32504916
3502020462,0.2505941,0.23535553,0.51405036
3502241456,0.45145184,0.33917546,0.20937267
3502325028,0.32097703,0.4543535,0.22466946
3502475192,0.368505,0.38692284,0.24457216
3502646723,0.28876776,0.44940174,0.2618305
3502765812,0.5223247,0.2915206,0.18615477
3503388916,0.2968257,0.38875517,0.31441912
3503535885,0.3306858,0.35163826,0.31767595
3504133519,0.31957132,0.45678973,0.22363892
3504641339,0.39695108,0.33138782,0.27166107
3504890445,0.43228847,0.30627245,0.26143903
3505347838,0.27687526,0.34388143,0.37924328
3505880681,0.375965,0.44144365,0.18259132
3506000237,0.30204904,0.4511683,0.24678266
3506158326,0.3333342,0.4218266,0.24483922
3506447284,0.36372745,0.42664385,0.20962873
3507156617,0.2209697,0.5809828,0.19804752
3507581357,0.38977054,0.3328346,0.27739483
3507608531,0.40902066,0.3695489,0.22143044
3507971908,0.41495693,0.34325695,0.24178615
3508072938,0.21332747,0.21991952,0.56675303
3508138536,0.37106383,0.3924099,0.23652628
3508301762,0.35305983,0.41294482,0.23399533
3509098959,0.33626208,0.32287613,0.3408618
3509249968,0.3540349,0.38097155,0.2649935
3509470386,0.3385405,0.4066308,0.25482863
3510126639,0.28199333,0.3384934,0.37951323
3511932844,0.28924373,0.5230473,0.187709
3511998202,0.30425003,0.42418763,0.2715623
3512455641,0.25857782,0.37677652,0.36464566
3512691785,0.3598602,0.32584897,0.31429088
3512838112,0.30336323,0.42044735,0.27618945
3513684647,0.22548637,0.41785294,0.3566607
3513930156,0.3002866,0.30579287,0.3939206
3514059419,0.21968275,0.26276997,0.51754725
3514203886,0.38154775,0.40860686,0.20984542
3514881446,0.25687173,0.44793776,0.2951905
3515082547,0.53248525,0.26164103,0.20587371
3515236738,0.36418512,0.4304748,0.20534009
3515438397,0.2282289,0.49483383,0.27693725
3515783583,0.30028093,0.30378938,0.3959297
3515812639,0.34281158,0.35909003,0.2980984
3515821276,0.3532021,0.3847676,0.26203033
3515930442,0.4634954,0.29755083,0.23895378
3516051890,0.4566341,0.33548516,0.2078807
3516071898,0.4371202,0.3162124,0.2466674
3516352133,0.32910895,0.3460464,0.32484466
3516476518,0.30153638,0.48206505,0.21639854
3516661536,0.29661363,0.29835057,0.40503573
3516985102,0.3788125,0.3986228,0.22256464
3517050122,0.37816828,0.38602018,0.23581159
3517081673,0.31711242,0.45170337,0.23118421
3518176130,0.27080098,0.30419508,0.42500395
3518255919,0.35838068,0.29094696,0.3506723
3518574137,0.4031353,0.33418944,0.2626753
3518810803,0.30164963,0.43529838,0.26305205
3518977809,0.33581775,0.35406822,0.3101141
3519061548,0.3647321,0.42207718,0.21319073
3519618882,0.3895618,0.37040025,0.24003792
3519710367,0.35127503,0.3840443,0.2646807
3519944561,0.48938638,0.3036783,0.20693529
3520300121,0.3707047,0.40211877,0.22717655
3521038828,0.31440145,0.37181893,0.3137796
3522625040,0.5110523,0.31079778,0.17814991
3522661534,0.39596748,0.30438495,0.29964757
3522880986,0.32766175,0.3754246,0.29691362
3522969926,0.4093699,0.35356325,0.23706686
3523503001,0.22975934,0.40061754,0.36962312
3523513493,0.3658986,0.42022663,0.21387476
3523831359,0.25189614,0.5311275,0.21697637
3524017674,0.2862974,0.50499505,0.20870747
3524041688,0.3807807,0.398603,0.22061628
3524709739,0.52050114,0.27698803,0.20251085
3524827270,0.32677263,0.37442333,0.29880404
3525850029,0.34935123,0.42487738,0.22577143
3527053929,0.29037642,0.34266388,0.3669597
3527129578,0.38490552,0.39035553,0.22473896
3527217932,0.34660792,0.37050572,0.2828864
3527514312,0.39064124,0.40149212,0.20786665
3527716235,0.27108687,0.39947033,0.3294428
3528470512,0.39766192,0.4079054,0.19443272
3528607121,0.26320893,0.5149937,0.22179735
3529214009,0.39644063,0.36020857,0.2433508
3529331549,0.32996994,0.3227989,0.34723115
3529423720,0.497075,0.2992632,0.2036618
3529469352,0.33691877,0.43890774,0.22417349
3529643804,0.4228922,0.2933731,0.28373468
3530131300,0.56598973,0.24045408,0.19355614
3530485921,0.4931242,0.27285412,0.23402172
3530819607,0.3426072,0.442703,0.21468979
3530948154,0.31306508,0.31184465,0.37509027
3531039728,0.4115002,0.31356674,0.2749331
3531052617,0.36511582,0.39302206,0.24186215
3531131758,0.3911957,0.36957029,0.23923402
3531190810,0.4253742,0.349278,0.22534783
3531206766,0.44905788,0.32824996,0.22269219
3531413049,0.28072897,0.41253725,0.30673385
3532214558,0.3746981,0.37250227,0.2527996
3532317657,0.33396637,0.3485855,0.31744817
3533280098,0.367081,0.39775708,0.23516192
3533284460,0.40260097,0.31001723,0.28738183
3533490930,0.31064638,0.42563874,0.26371488
3533862797,0.3507204,0.43232644,0.21695319
3534338044,0.22776023,0.233375,0.53886473
3535311375,0.50269705,0.2581877,0.23911525
3535323991,0.357376,0.4603344,0.18228966
3535879754,0.26357841,0.52704674,0.20937479
3535916823,0.33247167,0.36503527,0.30249304
3536046867,0.32491332,0.45493346,0.22015327
3536183336,0.43395635,0.3196152,0.24642843
3537028781,0.39319047,0.36563474,0.24117482
3537208323,0.3688366,0.4052562,0.2259072
3537442135,0.3339105,0.45696464,0.20912488
3537830017,0.36670446,0.3882698,0.24502575
3538055920,0.30324948,0.41439125,0.2823593
3538441044,0.29249364,0.44365215,0.2638542
3538582506,0.2942478,0.4688853,0.23686686
3539038731,0.33095604,0.48578918,0.18325478
3539365542,0.35541338,0.3737984,0.27078825
3539463441,0.2490943,0.21858406,0.5323217
3539479174,0.3588208,0.36571157,0.27546766
3539581956,0.34980917,0.43215004,0.21804085
3540614605,0.45659238,0.32205394,0.22135365
3541161646,0.22862935,0.5801783,0.19119234
3541714020,0.37818843,0.3201996,0.30161196
3541909120,0.41208768,0.34367424,0.24423814
3542264242,0.51106983,0.28255183,0.2063783
3543249753,0.3278153,0.34564653,0.3265382
3544335429,0.3006048,0.4205035,0.2788917
3544337529,0.31647018,0.2989626,0.38456726
3544532619,0.3299501,0.43129796,0.23875192
3545001180,0.27697104,0.44344515,0.2795838
3545722668,0.3270399,0.3793993,0.2935608
3545807576,0.36365134,0.2780047,0.35834396
3546484413,0.4024768,0.3285579,0.26896524
3546824610,0.19802648,0.6299952,0.17197831
3547470330,0.3346564,0.44900048,0.21634316
3549164323,0.22683895,0.5507003,0.22246069
3549808614,0.39147928,0.3477447,0.26077607
3549863257,0.3094137,0.31551093,0.3750754
3550934056,0.30679226,0.3658067,0.32740098
3551013138,0.39807922,0.35266307,0.24925765
3551180832,0.29809788,0.35985982,0.3420423
3551245574,0.28254226,0.45977017,0.25768754
3551628745,0.3677819,0.29673657,0.33548158
3552423017,0.38518792,0.31847098,0.29634115
3552901941,0.32581955,0.43362838,0.2405521
3553571464,0.456491,0.32881567,0.21469337
3553922778,0.37717092,0.38986826,0.23296079
3554229801,0.5531295,0.25595713,0.19091338
3554291004,0.277654,0.47133183,0.25101417
3554433055,0.30083597,0.44944245,0.24972162
3555369077,0.36622274,0.40502197,0.22875527
3556007013,0.27602804,0.50118655,0.22278547
3556354985,0.37675,0.36921403,0.254036
3557228238,0.37817848,0.41247004,0.20935142
3557316347,0.48694235,0.30219507,0.2108626
3557347799,0.4304162,0.30084348,0.26874036
3557592443,0.399675,0.3461752,0.2541498
3557957609,0.42731637,0.35785413,0.21482949
3558157216,0.4182425,0.36129588,0.22046162
3558335310,0.3179266,0.34583545,0.3362379
3558652925,0.25796986,0.5044921,0.23753801
3558874901,0.30049253,0.32578117,0.3737263
3559046464,0.39815885,0.40298754,0.19885357
3559260779,0.40377164,0.36651468,0.22971372
3559349080,0.3037793,0.49593523,0.20028548
3559485576,0.28078374,0.5108019,0.2084144
3559660252,0.38873687,0.33690637,0.27435672
3559908200,0.5067177,0.28607497,0.2072074
3560027625,0.5030617,0.2711065,0.22583178
3560202562,0.32678577,0.3382496,0.3349646
3561314272,0.41701156,0.26101246,0.32197598
3561571239,0.4017097,0.38150704,0.21678331
3561645159,0.5113081,0.2718556,0.2168363
3561659200,0.34177667,0.3797112,0.27851212
3562146282,0.38484222,0.32676423,0.28839353
3562238833,0.3199368,0.44857943,0.23148377
3563568355,0.28802377,0.43981856,0.27215773
3563700299,0.39870584,0.3790263,0.22226787
3563711262,0.31045395,0.46326506,0.22628102
3563755600,0.28246844,0.4729497,0.24458185
3564114850,0.44043624,0.26997393,0.28958982
3564520775,0.34531754,0.37688214,0.27780032
3564667467,0.5010406,0.2853764,0.21358305
3564695703,0.44889814,0.33408186,0.21701998
3564876632,0.36812538,0.41261083,0.21926382
3565286605,0.30351806,0.4628623,0.2336196
3566530159,0.44593847,0.33592206,0.21813947
3566938961,0.67504334,0.17562157,0.14933509
3567864834,0.23472172,0.26590353,0.49937475
3568567536,0.25629523,0.4980203,0.2456845
3569831397,0.3890468,0.27501488,0.3359384
3570064875,0.32839143,0.46670187,0.2049067
3570231138,0.44062978,0.3777551,0.1816151
3570437489,0.38253528,0.39042684,0.22703792
3570550294,0.37007385,0.4032434,0.22668278
3570936035,0.25298673,0.5334432,0.2135701
3570944236,0.46309566,0.35005215,0.18685222
3573628775,0.30033684,0.44393104,0.25573218
3574302018,0.32209545,0.3314079,0.34649667
3575490257,0.24344695,0.43439555,0.3221575
3575496664,0.2778396,0.50207645,0.22008392
3576085105,0.49590564,0.24110693,0.26298743
3576170859,0.38825017,0.35526347,0.25648642
3576606524,0.35936272,0.33070892,0.3099284
3576755066,0.31059146,0.46026596,0.2291426
3577696110,0.3137249,0.43950123,0.24677387
3579566556,0.5400903,0.23791963,0.22199008
3579701577,0.45500523,0.32500535,0.21998942
3579903034,0.36488068,0.4207468,0.21437249
3580370320,0.37519205,0.43480578,0.1900022
3580926356,0.35079956,0.42252195,0.22667846
3580951004,0.37899047,0.30783522,0.31317425
3581258374,0.40353328,0.36761063,0.22885612
3581507303,0.4594159,0.2492852,0.2912989
3583304058,0.38802832,0.42945403,0.18251759
3583875203,0.35759348,0.40284166,0.23956488
3585419991,0.40569133,0.32376325,0.27054542
3585651919,0.2587962,0.5665908,0.174613
3586645565,0.26915532,0.51650774,0.21433696
3587048473,0.26961932,0.44045028,0.28993043
3587074482,0.53307945,0.27154413,0.19537643
3587182413,0.37797558,0.37729168,0.24473271
3587533893,0.40951595,0.37038207,0.220102
3587687760,0.326669,0.32544273,0.34788823
3587789688,0.39698455,0.37378016,0.22923529
3588597089,0.37909013,0.315373,0.3055369
3588772424,0.41517773,0.3343085,0.2505138
3588851089,0.29979578,0.41340268,0.28680158
3590887816,0.5164346,0.30679646,0.17676893
3591771501,0.36774367,0.4134998,0.21875659
3592042776,0.32053345,0.36044264,0.31902388
3592404789,0.38029268,0.40654173,0.21316561
3592829242,0.44623667,0.36192715,0.1918362
3593314171,0.36594957,0.44594714,0.1881033
3593324350,0.5467963,0.2574882,0.19571541
3594204923,0.3338514,0.28738135,0.37876725
3594763770,0.37290198,0.42149296,0.20560506
3595342292,0.36151284,0.38864326,0.24984393
3596556211,0.43438345,0.35037133,0.21524516
3596815462,0.35019195,0.37034658,0.2794615
3597132074,0.35337138,0.39639932,0.25022927
3597268955,0.30518153,0.47710752,0.21771094
3597590373,0.33569723,0.45639333,0.20790946
3597933895,0.39184874,0.36912435,0.2390269
3597996495,0.2993196,0.47805288,0.22262752
3598029284,0.39049453,0.34030935,0.26919615
3598431465,0.3630882,0.39201468,0.2448971
3599541244,0.42852563,0.338129,0.23334537
3600309984,0.3421299,0.36978412,0.288086
3600907452,0.27435037,0.5199072,0.20574248
3601363995,0.2882825,0.49111974,0.22059771
3601690550,0.28583366,0.39084485,0.32332146
3601983762,0.35115087,0.39529377,0.25355533
3602360423,0.2817998,0.5360769,0.18212327
3602445554,0.4421751,0.33618003,0.22164491
3604674778,0.32122147,0.41703266,0.26174587
3604875598,0.42920238,0.30771434,0.26308328
3605589547,0.43451545,0.3120054,0.2534792
3606325096,0.3292061,0.2707634,0.40003043
3606393522,0.35070878,0.37319136,0.27609986
3607914905,0.30033204,0.4805024,0.21916556
3608096431,0.3612262,0.29846704,0.34030682
3608178262,0.378545,0.3978657,0.22358927
3608242540,0.4447388,0.34637707,0.20888412
3608602073,0.37334156,0.41151738,0.21514097
3609947680,0.32276773,0.43764037,0.2395919
3610143218,0.24856032,0.24154556,0.50989413
3610640275,0.34461984,0.36888912,0.28649098
3610687858,0.34238034,0.34167588,0.31594372
3610714908,0.24072435,0.23824717,0.52102846
3610729839,0.39498731,0.37362957,0.2313831
3610820927,0.42366618,0.38704807,0.18928574
3610872905,0.42476523,0.29508537,0.2801494
3610977304,0.4560666,0.2751406,0.26879278
3611221270,0.36005804,0.33722252,0.30271947
3611617802,0.3927367,0.37898707,0.22827622
3611664193,0.4081257,0.31738162,0.2744927
3611667401,0.39665022,0.3785874,0.22476241
3611727393,0.27704856,0.3075359,0.41541559
3612159425,0.36193097,0.39332896,0.24474008
3612328088,0.46490234,0.2970801,0.23801759
3612570477,0.5040101,0.27556065,0.22042927
3612635671,0.28400916,0.28950244,0.4264884
3613378363,0.30888385,0.43809494,0.25302118
3613611565,0.58107114,0.23539643,0.18353245
3614506947,0.419011,0.3386826,0.24230638
3615981352,0.28220522,0.32296002,0.39483476
3616358701,0.53031766,0.2933975,0.17628485
3616398343,0.18433988,0.64291286,0.17274728
3617069665,0.37134635,0.31208193,0.3165717
3617286813,0.34954128,0.40690774,0.24355096
3618966216,0.3920365,0.28481883,0.3231447
3619368933,0.32179332,0.20434348,0.47386318
3620633383,0.29168528,0.4963603,0.21195436
3620761970,0.25516817,0.39222556,0.35260627
3621086899,0.4759015,0.29813248,0.22596607
3621117511,0.53618145,0.2519224,0.21189612
3623284182,0.33586186,0.416363,0.2477751
3623309658,0.3521096,0.4293562,0.2185342
3624413023,0.28668785,0.28668785,0.4266243
3625501931,0.4811533,0.26818314,0.25066355
3626688845,0.38710478,0.40003434,0.21286091
3626739453,0.4090222,0.3779834,0.2129944
3626941473,0.34991825,0.36117524,0.28890648
3627443748,0.2528497,0.5588939,0.18825635
3627569499,0.40417495,0.39912754,0.19669747
3627707184,0.48840567,0.28431165,0.22728263
3627933259,0.3526445,0.41620117,0.2311543
3629608583,0.33519685,0.29208001,0.3727231
3630578037,0.31207442,0.38672054,0.30120498
3630589779,0.38699007,0.41002783,0.20298213
3630869269,0.34140602,0.36822903,0.29036492
3631164750,0.328751,0.4304771,0.24077192
3631531840,0.42697793,0.2952907,0.2777314
3632253928,0.30815527,0.37141204,0.32043272
3632398648,0.26363075,0.39220738,0.34416187
3632434046,0.48625296,0.24163786,0.27210915
3632489085,0.34509212,0.3244396,0.33046827
3632671939,0.45623714,0.30637076,0.23739214
3632729187,0.26463085,0.5230893,0.2122798
3632868203,0.41627312,0.38278648,0.2009404
3632904258,0.4232423,0.35172552,0.22503218
3632918988,0.34775925,0.39056307,0.26167768
3633429564,0.46478426,0.35560483,0.17961098
3634049528,0.27651566,0.5027939,0.22069043
3634244472,0.27382094,0.50742173,0.21875729
3634610028,0.33959228,0.3272171,0.33319056
3634787194,0.29266688,0.25794652,0.44938654
3634958237,0.49777696,0.30178612,0.20043692
3636300592,0.39447755,0.38210636,0.22341609
3636519869,0.29972833,0.4964062,0.20386547
3636721233,0.38085103,0.36223745,0.25691158
3636958299,0.5667661,0.23430997,0.19892392
3637171916,0.2269873,0.58174634,0.19126634
3637179804,0.40164912,0.32989824,0.2684527
3637303166,0.41286254,0.35356867,0.23356879
3637404239,0.37867418,0.40445182,0.21687396
3638425762,0.28849107,0.41642618,0.29508272
3638476908,0.3610809,0.41327453,0.22564454
3638684060,0.48061177,0.32383347,0.19555476
3638856698,0.42085338,0.3874877,0.19165894
3640686512,0.3232768,0.44008505,0.23663816
3640710322,0.49544266,0.2901807,0.21437666
3641017749,0.42098665,0.3890919,0.18992144
3641179493,0.5483789,0.24462934,0.20699173
3641425746,0.29399514,0.3742019,0.33180296
3641737421,0.31846744,0.4904041,0.1911285
3642071637,0.37089875,0.34760177,0.2814995
3642588573,0.29231638,0.45284876,0.2548349
3642604942,0.33245265,0.37263608,0.2949113
3642619734,0.3363908,0.46539137,0.19821788
3643067396,0.4381668,0.3588183,0.20301494
3643556900,0.4249278,0.3783619,0.1967103
3644124704,0.26657593,0.40210932,0.33131474
3644736557,0.27281216,0.46744406,0.2597438
3644944607,0.36589056,0.37631905,0.25779036
3645517702,0.36197147,0.37225646,0.26577204
3645552483,0.27573043,0.34127235,0.3829972
3645842853,0.22242528,0.55014443,0.22743025
3646279948,0.4512605,0.35753185,0.19120762
3646811578,0.37064195,0.36251283,0.2668452
3647020989,0.5061503,0.27800104,0.21584862
3647352665,0.28088257,0.51869255,0.2004249
3647770722,0.32299548,0.3808548,0.29614967
3647987855,0.2509907,0.54248035,0.20652893
3648078273,0.46188772,0.29639858,0.24171367
3648160676,0.26380673,0.28212726,0.45406598
3648346541,0.42148525,0.36513922,0.21337554
3648355199,0.3856232,0.3313768,0.28300005
3648402717,0.4267673,0.39769164,0.1755411
3648650693,0.30094093,0.51610863,0.18295048
3649006441,0.28753817,0.5298623,0.1825996
3649010343,0.290062,0.27696347,0.43297458
3649348988,0.33247602,0.28940076,0.3781232
3649526540,0.45845324,0.23473155,0.30681527
3649805909,0.3036976,0.46103382,0.23526864
3650743176,0.35644624,0.3077715,0.33578226
3650835382,0.47386897,0.32495624,0.20117478
3651288814,0.50494635,0.24957885,0.24547487
3651384162,0.39552712,0.39716822,0.20730467
3651628119,0.36130953,0.36625284,0.27243763
3652701899,0.37116516,0.318808,0.31002682
3653109432,0.382226,0.40766725,0.21010679
3653195160,0.46083835,0.35335818,0.18580347
3653195833,0.3579483,0.4267481,0.21530361
3653455926,0.31868795,0.3768411,0.30447093
3654273970,0.276669,0.38702536,0.33630568
3654371015,0.3251505,0.46907002,0.20577943
3654654994,0.29616478,0.3408393,0.36299592
3654822642,0.5951555,0.22249481,0.18234974
3655136629,0.46784872,0.3562989,0.17585237
3655647151,0.33209783,0.33583802,0.33206415
3656574643,0.3712419,0.36660713,0.262151
3656752997,0.3990869,0.36824036,0.23267275
3657685761,0.392079,0.3536554,0.25426564
3657898157,0.29337406,0.4491776,0.25744832
3657997996,0.36734843,0.42857692,0.20407468
3658105609,0.39617413,0.362649,0.2411769
3658110292,0.3687756,0.3322308,0.29899353
3658193276,0.41851348,0.33210742,0.24937908
3658247072,0.33215946,0.47786298,0.18997756
3658285698,0.35032916,0.340815,0.30885586
3658551692,0.3658604,0.3809989,0.2531407
3658559905,0.35159218,0.3686909,0.2797169
3658667104,0.40870076,0.36276954,0.22852969
3658951201,0.37396556,0.38946247,0.23657197
3659089830,0.30898654,0.32794026,0.36307317
3659165598,0.40861893,0.38312298,0.20825812
3660102240,0.44170827,0.3385284,0.21976337
3660749794,0.37849063,0.3721737,0.2493357
3661079031,0.40680003,0.37169966,0.2215003
3661329993,0.39318758,0.40795046,0.19886197
3662074587,0.37759936,0.39788413,0.22451654
3662720314,0.3520089,0.37175092,0.27624017
3662900623,0.39112875,0.3788104,0.23006085
3663294101,0.34418073,0.45315817,0.20266107
3663387785,0.39338964,0.372338,0.2342723
3664377205,0.47102708,0.33566046,0.19331242
3664816008,0.48664588,0.28221986,0.23113427
3665214541,0.30572206,0.4685615,0.22571641
3666459233,0.30490395,0.48025227,0.21484375
3667253889,0.3046478,0.47826025,0.21709198
3667468990,0.23945507,0.5115422,0.24900272
3667676210,0.40619376,0.36185944,0.23194677
3668251932,0.39426103,0.31997737,0.28576156
3668364749,0.54117966,0.26202723,0.19679314
3668989979,0.5485693,0.22791055,0.2235201
3668993262,0.38884538,0.36187553,0.24927914
3669618922,0.3547073,0.40371522,0.24157745
3670143119,0.26477152,0.2703057,0.4649228
3670158526,0.4960773,0.3102972,0.19362551
3671739089,0.3529933,0.35472405,0.2922827
3671831472,0.33828628,0.426763,0.23495072
3672031764,0.35086793,0.36971843,0.27941358
3672537460,0.47721723,0.30764395,0.21513882
3672827485,0.33195,0.39582616,0.27222383
3673488879,0.35540465,0.3860912,0.2585042
3673585695,0.20529091,0.5839921,0.21071696
3673843273,0.474608,0.26226592,0.26312608
3673928993,0.29200655,0.46044728,0.24754618
3674047451,0.35004628,0.4204094,0.2295443
3674212947,0.5493863,0.25723672,0.19337691
3674215663,0.38974273,0.343119,0.26713827
3674372368,0.36461803,0.40145677,0.2339252
3675376941,0.32529086,0.46324545,0.2114637
3675745855,0.3924514,0.3385865,0.26896212
3676829172,0.46495897,0.30441046,0.23063056
3677158449,0.36625642,0.37155235,0.26219124
3677288322,0.37923333,0.3430523,0.27771437
3677672523,0.30068097,0.51585627,0.18346272
3678876028,0.31801403,0.31176966,0.3702163
3679501003,0.33189616,0.38182348,0.2862804
3679872881,0.50164944,0.29023883,0.20811172
3679941508,0.4484349,0.3456964,0.20586874
3679979952,0.35228983,0.33768964,0.31002054
3680245145,0.31162813,0.41002676,0.27834508
3680869611,0.35270217,0.34922883,0.298069
3681683500,0.33711517,0.41942966,0.24345523
3682238382,0.41052878,0.36056447,0.22890678
3682738987,0.2818182,0.39078832,0.32739347
3683036709,0.4357363,0.31012404,0.2541396
3683066810,0.38721243,0.3181898,0.2945978
3683467212,0.4276628,0.32122284,0.25111434
3684376048,0.45415002,0.30742908,0.2384209
3684479279,0.39495897,0.34598708,0.25905395
3685046668,0.32063863,0.33259428,0.34676713
3685312925,0.35326016,0.39154392,0.25519595
3685438612,0.27591696,0.3535359,0.37054712
3685824509,0.43347877,0.33256418,0.23395708
3686007885,0.31235093,0.47292107,0.21472797
3686077168,0.37323508,0.37459913,0.2521658
3686114133,0.405376,0.32816556,0.26645845
3686843013,0.4306782,0.2694555,0.29986632
3687000119,0.3269487,0.39608747,0.27696383
3687000284,0.41822034,0.35833415,0.22344552
3687011406,0.32895052,0.3954131,0.27563637
3687066890,0.4855281,0.26247704,0.25199485
3687590069,0.36064053,0.3462649,0.29309458
3687829294,0.32035115,0.33641404,0.34323484
3688342904,0.37661672,0.41318065,0.21020263
3688346070,0.3911254,0.36620805,0.24266657
3689687911,0.5240129,0.29247046,0.18351662
3689901164,0.26717198,0.37077242,0.3620556
3690057183,0.53616494,0.25902128,0.20481384
3690347874,0.28184095,0.48166847,0.2364906
3691166498,0.3927408,0.31615192,0.29110727
3691430931,0.4384976,0.3083996,0.2531028
3691530961,0.38926703,0.32827842,0.28245455
3691809420,0.38759583,0.34229833,0.27010584
3692810841,0.46191102,0.3059337,0.23215525
3692833533,0.29567346,0.43734998,0.2669766
3693121192,0.36571443,0.40159482,0.23269078
3693748801,0.27084225,0.27263558,0.4565222
3693887115,0.421956,0.29624328,0.28180072
3695236195,0.36059204,0.25063643,0.38877153
3695365246,0.32435304,0.46673834,0.20890859
3697047650,0.29730022,0.29420072,0.408499
3697082456,0.225007,0.23101996,0.54397297
3697788099,0.3955664,0.2900883,0.3143453
3698219651,0.3684078,0.40794843,0.22364375
3698412685,0.23330018,0.58125186,0.1854479
3699813401,0.4150511,0.33936667,0.24558222
3700577071,0.37205186,0.33866107,0.28928703
3700581208,0.39511055,0.3936172,0.21127225
3701022986,0.39968404,0.3455255,0.25479048
3701437371,0.3469551,0.35312787,0.2999171
3701442695,0.42565608,0.3292017,0.24514219
3702179310,0.3661362,0.3432833,0.29058054
3702345090,0.36361098,0.37386534,0.2625237
3702529300,0.52661276,0.24215034,0.23123692
3702788231,0.3922752,0.3491791,0.25854576
3703116209,0.31117326,0.45035994,0.23846674
3703347832,0.25066176,0.56292844,0.1864098
3703893461,0.31231374,0.39045605,0.29723018
3703948918,0.28506735,0.33001092,0.3849217
3704874935,0.2962197,0.47988492,0.2238954
3705315538,0.23983136,0.2855155,0.47465318
3705753186,0.34088826,0.34684125,0.31227052
3706099949,0.52628136,0.2686552,0.20506345
3706181114,0.35359168,0.35530213,0.29110616
3706756941,0.35369807,0.37752992,0.26877207
3707652340,0.3800571,0.37592816,0.24401471
3707724680,0.37288862,0.26428387,0.36282754
3708767663,0.29963544,0.37466592,0.3256986
3708821684,0.33420724,0.40374768,0.26204503
3709238063,0.5035495,0.24146757,0.25498295
3709480948,0.3952881,0.22792038,0.37679157
3709960701,0.4845537,0.26121837,0.25422794
3710135548,0.3069543,0.4186507,0.274395
3710353258,0.53138703,0.27751184,0.1911011
3710447640,0.3783368,0.3562297,0.26543352
3710617803,0.40995583,0.29034063,0.29970354
3710840159,0.30980504,0.48534054,0.20485443
3710901085,0.3015175,0.28979588,0.40868664
3711135394,0.32518435,0.3188434,0.3559723
3711349428,0.3731683,0.38416898,0.24266276
3711430048,0.43406463,0.24107096,0.32486445
3711498481,0.29703772,0.36697334,0.33598897
3712305232,0.36565298,0.36528268,0.2690643
3713030092,0.29986012,0.41241735,0.28772256
3713066587,0.37108052,0.39888555,0.2300339
3714114848,0.5429553,0.24172123,0.21532348
3714794293,0.5144845,0.27815637,0.20735906
3714901937,0.33415595,0.29573533,0.37010872
3715002202,0.42042023,0.37153524,0.2080445
3715283537,0.38468236,0.37989676,0.2354209
3715386767,0.5831605,0.24937087,0.16746864
3715837998,0.27488512,0.50663817,0.21847671
3716444822,0.34816617,0.4202643,0.23156953
3716946276,0.43553728,0.37028864,0.19417411
3716981070,0.28356338,0.2967,0.41973665
3717219948,0.44798574,0.25057295,0.3014413
3717721903,0.35490015,0.370643,0.27445686
3717751575,0.2835989,0.36654592,0.34985518
3718302460,0.33168936,0.31440207,0.35390854
3718315861,0.31720406,0.44800788,0.23478805
3718532247,0.26858047,0.46502522,0.26639435
3718727649,0.34421444,0.32623124,0.32955435
3719195086,0.37205365,0.39283046,0.23511586
3720907579,0.43509063,0.3024044,0.26250494
3721316667,0.46515065,0.30680773,0.2280416
3721743268,0.47132522,0.29126614,0.2374086
3721838525,0.35181963,0.3476207,0.30055964
3722838067,0.4171694,0.35400924,0.2288214
3722922021,0.30625588,0.31108314,0.38266093
3725099934,0.46690655,0.3222466,0.21084686
3725462415,0.40905684,0.40118718,0.18975598
3725842581,0.23485494,0.55984944,0.20529562
3725974457,0.37479728,0.3643589,0.2608438
3726653682,0.3871995,0.3109901,0.30181044
3727470635,0.25010714,0.49784088,0.25205198
3727680992,0.39830664,0.3491422,0.25255114
3728155402,0.20631284,0.58853,0.20515713
3728229999,0.6453756,0.18883058,0.1657938
3728794351,0.20715867,0.5906605,0.2021808
3728992360,0.38086706,0.39324152,0.22589144
3729607942,0.31477714,0.44762087,0.23760206
3729837682,0.39277405,0.37821636,0.22900961
3730605045,0.40622124,0.34477127,0.24900746
3731255387,0.58000433,0.23952156,0.18047407
3731430537,0.37211013,0.36481133,0.26307854
3731479928,0.362823,0.3807907,0.25638628
3732592870,0.3118031,0.41843772,0.26975918
3732711645,0.38907158,0.33103696,0.27989143
3732909513,0.4402374,0.34882703,0.21093555
3732990790,0.4089049,0.34876856,0.24232647
3733824558,0.35785717,0.4054464,0.23669642
3733960318,0.3625542,0.347919,0.28952676
3733981321,0.35904706,0.39842933,0.24252361
3734161806,0.3874495,0.40457535,0.20797515
3734172477,0.5040974,0.2558004,0.2401022
3734311558,0.5202154,0.2428182,0.23696631
3734445836,0.30056575,0.25596374,0.4434705
3735073858,0.39922124,0.39476925,0.2060095
3736235940,0.39481613,0.35489178,0.25029212
3737031010,0.38860887,0.39758885,0.21380231
3737319341,0.33716598,0.41045105,0.252383
3737429611,0.3504081,0.40158257,0.24800931
3737563682,0.30620325,0.23375559,0.46004117
3737728942,0.38256004,0.3816853,0.2357547
3737982119,0.3740595,0.39037406,0.23556644
3738348886,0.26268274,0.5420101,0.1953071
3738360932,0.34322232,0.48593223,0.17084546
3739255177,0.3979602,0.35737312,0.24466676
3739462441,0.40008518,0.34231973,0.25759503
3739568658,0.34408015,0.43866733,0.21725246
3740102985,0.31863567,0.47636104,0.20500328
3740183519,0.38306355,0.34636956,0.27056688
3740388825,0.24066179,0.5244335,0.23490475
3740495791,0.39158088,0.42386094,0.18455818
3740884877,0.34618163,0.36456642,0.28925198
3740978033,0.30356064,0.31596023,0.38047916
3741689399,0.37821448,0.2930818,0.32870373
3741735864,0.38460934,0.34034005,0.27505058
3742245725,0.5873201,0.22282805,0.18985188
3742327721,0.22015086,0.4903679,0.28948128
3742760845,0.3337165,0.3471678,0.31911576
3743074443,0.3566638,0.3757593,0.26757693
3743220645,0.43081108,0.3875681,0.18162084
3743307353,0.24528694,0.49858063,0.25613245
3743391962,0.27744752,0.43911895,0.28343353
3743626190,0.17474121,0.17474121,0.6505176
3744513562,0.28173536,0.2909155,0.42734918
3744884282,0.40936023,0.3689059,0.22173384
3745601239,0.51378036,0.28131998,0.2048997
3746040845,0.30555844,0.3115275,0.38291404
3746631947,0.4735629,0.28438446,0.24205264
3746868648,0.3150869,0.38979328,0.29511982
3747097560,0.43703848,0.34885436,0.21410714
3747691768,0.34338528,0.31426117,0.34235352
3747898670,0.39231634,0.25892663,0.348757
3748192224,0.41128495,0.3625549,0.22616015
3749203017,0.5289087,0.2644401,0.20665115
3749391134,0.44976768,0.27650124,0.2737311
3750020108,0.39516926,0.38517424,0.21965653
3750351635,0.3903103,0.42049015,0.18919954
3750418626,0.36439174,0.3016845,0.33392376
3750842127,0.33093363,0.44914067,0.2199257
3751753183,0.43773553,0.33286124,0.22940326
3751848139,0.3678655,0.40701586,0.2251186
3751999729,0.66415143,0.15595856,0.17989
3752244768,0.3212082,0.2576288,0.42116296
3752490723,0.42904943,0.3738159,0.19713469
3752690913,0.38522223,0.39807588,0.2167019
3752795034,0.41726255,0.38066894,0.20206845
3752996035,0.16869345,0.16869345,0.66261315
3753010781,0.23572262,0.48412308,0.2801543
3754786150,0.4723763,0.29311824,0.2345055
3755191689,0.28223944,0.4470116,0.27074897
3755684571,0.421392,0.33614987,0.2424581
3755833128,0.2941624,0.3134659,0.39237165
3756355577,0.37900966,0.4096884,0.21130195
3756585658,0.36096996,0.38484436,0.25418565
3758192510,0.5221603,0.30075547,0.17708427
3758306981,0.4157427,0.31315133,0.271106
3758515265,0.34162584,0.329313,0.3290612
3758945933,0.4947837,0.2911379,0.21407843
3759150161,0.47079474,0.29635176,0.23285353
3759545157,0.36639705,0.30496633,0.32863662
3759889336,0.28777385,0.36298883,0.34923738
3760049298,0.36516938,0.3503759,0.28445473
3760107600,0.29676706,0.35587907,0.3473539
3760215177,0.20106089,0.6202837,0.17865536
3760541530,0.4520384,0.35360813,0.19435345
3760726154,0.396532,0.27861127,0.3248567
3761213237,0.39900744,0.3722394,0.22875312
3761357639,0.4079467,0.2924496,0.29960367
3761739037,0.24044156,0.24169685,0.51786155
3761857471,0.49754137,0.2448132,0.25764537
3762818618,0.26948926,0.5028164,0.22769435
3763182154,0.33939105,0.42424017,0.23636878
3763331210,0.3136686,0.36491415,0.3214173
3763762558,0.5774075,0.2538029,0.16878963
3763893852,0.46189135,0.29048026,0.24762836
3763995350,0.39802396,0.3774406,0.22453548
3764452979,0.2866516,0.50482523,0.2085231
3764855568,0.222893,0.22513375,0.5519733
3764905091,0.36792293,0.4083792,0.22369789
3765417783,0.21395382,0.5437298,0.24231638
3765590473,0.19196877,0.19196877,0.61606246
3767051597,0.40124923,0.4186706,0.18008018
3767062978,0.31554508,0.46731323,0.2171416
3768538518,0.31830865,0.40619206,0.27549928
3769261864,0.334726,0.40476233,0.2605117
3769636196,0.2603449,0.5258463,0.21380883
3769861423,0.32007867,0.49538743,0.18453386
3770006663,0.35891744,0.2767071,0.3643754
3770201654,0.26810956,0.51597404,0.2159164
3770672901,0.3606286,0.3888806,0.25049078
3771407796,0.44036368,0.33988625,0.21975008
3772046898,0.28285825,0.32163063,0.3955111
3772206500,0.3940714,0.29137856,0.31455
3772396767,0.2847377,0.28215975,0.43310255
3772621273,0.5114336,0.2800015,0.2085649
3773402284,0.4251597,0.3327593,0.24208102
3773706340,0.3946501,0.3986596,0.20669028
3774306841,0.25614297,0.27769607,0.46616095
3774510690,0.5313505,0.2710198,0.19762968
3774574747,0.24717954,0.23148885,0.5213316
3775780143,0.27663198,0.42940742,0.29396057
3775837273,0.27360398,0.27615532,0.45024067
3776147279,0.34879398,0.36413464,0.28707138
3776180488,0.24911861,0.3669713,0.38391006
3776233740,0.48460725,0.29631335,0.21907942
3776619201,0.4114617,0.34662908,0.2419092
3776920422,0.4071096,0.3432355,0.24965489
3777785588,0.37299228,0.34895474,0.278053
3777947892,0.40530795,0.3886154,0.20607665
3778060032,0.3482654,0.43177783,0.2199567
3778287383,0.40908232,0.36189187,0.22902584
3778404033,0.42525345,0.35536766,0.21937889
3778644702,0.33947733,0.34741065,0.31311202
3778946250,0.44624937,0.3386252,0.21512547
3778996326,0.35400063,0.4262184,0.21978097
3779097155,0.28770518,0.2843312,0.42796364
3779503594,0.35773706,0.2807963,0.36146665
3779534600,0.26170996,0.35972273,0.37856728
3779582459,0.38714865,0.35587132,0.25698003
3780327498,0.34465733,0.3012601,0.35408252
3780729289,0.27373025,0.5308005,0.1954692
3781357756,0.34062982,0.4190213,0.2403489
3781914755,0.3020826,0.33317304,0.3647443
3781978410,0.42000812,0.3526615,0.22733039
3782094445,0.2981716,0.4775393,0.22428909
3782099582,0.3218419,0.39060098,0.28755713
3782839591,0.3365301,0.2874952,0.3759747
3782896658,0.3511542,0.36971778,0.27912802
3783111386,0.37120014,0.31226993,0.31652993
3783359552,0.254905,0.5119149,0.2331801
3783664494,0.47015804,0.28770766,0.24213432
3783688065,0.32531106,0.39596593,0.27872297
3783794109,0.42314792,0.32624564,0.25060648
3783800934,0.32695892,0.41953474,0.25350636
3783829341,0.27415252,0.44673455,0.27911294
3784341237,0.40598798,0.3742595,0.21975252
3784396569,0.34891227,0.36911607,0.28197163
3785275026,0.38185173,0.4094779,0.20867038
3785338398,0.51483464,0.25678903,0.22837634
3786100677,0.35868502,0.3632997,0.27801526
3786192983,0.28067818,0.5116621,0.2076597
3788399945,0.31809366,0.29505467,0.38685167
3788909523,0.44479114,0.26349494,0.2917139
3788920085,0.33711904,0.3132494,0.34963155
3789651727,0.29362136,0.46706045,0.23931813
3789742361,0.46210235,0.3007195,0.23717815
3789819515,0.42485052,0.33170152,0.2434479
3790038845,0.3755288,0.38056618,0.24390501
3790433358,0.35543388,0.41740823,0.22715795
3790436416,0.36583763,0.42150348,0.21265891
3791443361,0.5739676,0.23323086,0.19280156
3791456292,0.49842066,0.27523986,0.22633946
3792060424,0.23343684,0.27326936,0.49329382
3792381618,0.34738111,0.3784544,0.27416456
3792584422,0.31697273,0.45754328,0.22548401
3792703047,0.31544238,0.33561736,0.34894028
3793234139,0.16681376,0.16681376,0.6663725
3794492655,0.4474213,0.26518577,0.28739297
3794669100,0.35471505,0.44116634,0.20411861
3795095104,0.5437179,0.2681602,0.18812191
3795113522,0.40062058,0.37018305,0.22919635
3795528017,0.27580547,0.50885165,0.2153429
3796042811,0.37645885,0.37048212,0.25305903
3796173882,0.5555686,0.19293892,0.2514925
3797121454,0.27428412,0.27222192,0.45349392
3797482474,0.4437858,0.24680796,0.30940628
3797877898,0.47403806,0.292966,0.23299593
3800509997,0.2522992,0.5014377,0.24626312
3801184671,0.37893075,0.25662017,0.36444908
3801614802,0.3172316,0.38828242,0.29448596
3801660817,0.28552884,0.5254252,0.18904597
3801768644,0.26069653,0.5541865,0.18511695
3802436696,0.2978699,0.39621863,0.30591148
3802729246,0.4950666,0.255164,0.24976937
3803345477,0.2714953,0.25695682,0.47154787
3804363574,0.43063796,0.33270004,0.23666203
3804894537,0.33476123,0.2965479,0.3686909
3804898655,0.34661922,0.29999268,0.35338807
3805273058,0.38202998,0.38838804,0.22958198
3805420447,0.37508044,0.3686707,0.25624886
3805928975,0.35255522,0.3994705,0.24797434
3806625810,0.38163066,0.36236328,0.25600606
3807225748,0.32310164,0.42423508,0.25266325
3807588346,0.31198218,0.46882403,0.21919373
3807643350,0.40158165,0.33789366,0.26052472
3807858884,0.38509035,0.30363715,0.31127244
3809376553,0.33667696,0.41953817,0.24378487
3809439544,0.33866736,0.2989477,0.36238497
3809874415,0.45935184,0.32805133,0.21259686
3810391087,0.34035963,0.47066754,0.18897283
3810847310,0.41276872,0.39799792,0.18923333
3811232664,0.38543817,0.35257453,0.2619873
3811491215,0.40540817,0.3790692,0.2155226
3811638337,0.3646846,0.38262355,0.2526918
3812868816,0.28972712,0.31740195,0.3928709
3813181158,0.3179172,0.38883334,0.29324943
3813313366,0.47047436,0.30049294,0.22903271
3813483073,0.5926688,0.23139566,0.1759355
3813580231,0.36915642,0.42472136,0.20612219
3813892623,0.22289798,0.22404487,0.5530572
3814014170,0.48163915,0.34994793,0.16841292
3814671602,0.35127133,0.34074807,0.3079806
3814740415,0.3260278,0.47048232,0.20348984
3815090319,0.27418575,0.4908732,0.23494104
3815304704,0.3886711,0.40493178,0.20639712
3815339010,0.4016124,0.3858701,0.21251747
3815468319,0.33934805,0.37549278,0.28515917
3816444524,0.54718924,0.25226355,0.20054723
3816996794,0.34175098,0.38688517,0.2713638
3817074223,0.22528881,0.43443662,0.34027457
3817091119,0.3302949,0.3502074,0.3194977
3817202070,0.3113227,0.46369654,0.22498074
3817605275,0.3055336,0.3804929,0.3139735
3818106976,0.34714955,0.31380308,0.33904737
3818449762,0.32717687,0.31885102,0.35397208
3818795359,0.32341975,0.41709083,0.25948948
3819261512,0.2841455,0.23657635,0.47927815
3819302388,0.46772373,0.29547042,0.23680586
3819414932,0.41600943,0.34705916,0.2369314
3819684632,0.4988672,0.30127466,0.19985811
3820363831,0.30395085,0.4464218,0.24962735
3820397661,0.38301972,0.4107519,0.2062284
3820404595,0.3915996,0.3712281,0.23717228
3821842269,0.42285687,0.36335045,0.21379267
3822233482,0.5095202,0.25043112,0.24004865
3824233889,0.30805898,0.4116783,0.28026274
3824248643,0.41296145,0.34005514,0.24698338
3825190290,0.3142177,0.38460356,0.30117875
3825854919,0.39288956,0.39289516,0.21421528
3826576129,0.3861281,0.38018927,0.23368266
3826612171,0.24343464,0.49002808,0.26653728
3827605417,0.36627388,0.35107744,0.28264874
3827801375,0.27739465,0.5017654,0.22083993
3827873766,0.33278257,0.43067232,0.2365451
3828865324,0.29324618,0.4255798,0.281174
3828951862,0.49385375,0.24543276,0.26071352
3828957813,0.2815483,0.4553603,0.26309144
3829127377,0.24308988,0.5299736,0.2269365
3829593850,0.44612265,0.32873404,0.2251433
3829818457,0.38588807,0.28126568,0.33284628
3830179248,0.352741,0.36709034,0.28016865
3830366964,0.40529948,0.27229667,0.32240385
3830751164,0.4068181,0.34711576,0.24606615
3831640921,0.38820773,0.36587304,0.2459192
3832696653,0.3213728,0.38084054,0.2977866
3832766335,0.40928304,0.36660677,0.22411019
3833234950,0.25666767,0.41588104,0.32745132
3833256571,0.34133726,0.40430674,0.254356
3833405374,0.3556564,0.36893937,0.2754042
3833424325,0.27212334,0.5274448,0.20043188
3833502374,0.36587712,0.41923004,0.2148928
3833927313,0.34811336,0.42328155,0.22860508
3833935103,0.31018186,0.31093818,0.37887996
3834059049,0.39436007,0.3772058,0.22843415
3834781089,0.42022943,0.36617965,0.21359089
3834815897,0.29738644,0.41979045,0.28282312
3834985384,0.27990633,0.52801096,0.19208275
3835767210,0.27781087,0.51090837,0.21128076
3835840245,0.2859082,0.4863632,0.22772858
3835887023,0.33187303,0.349069,0.31905794
3836085068,0.3156501,0.31601363,0.36833626
3836131232,0.38232398,0.38606215,0.23161384
3836449222,0.36112526,0.36588466,0.27299005
3836881497,0.5646728,0.23573872,0.1995884
3837268033,0.33141965,0.4425606,0.22601974
3837396448,0.33149543,0.41970545,0.24879915
3837589998,0.53513193,0.23295593,0.23191217
3838129335,0.35772604,0.3949898,0.2472842
3838301590,0.37436873,0.3239662,0.30166504
3838944679,0.3516892,0.42566258,0.22264825
3839432093,0.34431154,0.38153315,0.27415532
3839581232,0.27331772,0.52911425,0.19756806
3839652262,0.40445316,0.39074132,0.20480558
3839680164,0.3280527,0.34761196,0.32433534
3839890395,0.2684974,0.32046956,0.4110331
3839910767,0.30190855,0.41321623,0.28487524
3840092441,0.40327883,0.29958066,0.2971405
3840332679,0.32265523,0.45154905,0.22579569
3840855709,0.32261845,0.2838849,0.39349663
3840964040,0.3007647,0.35164744,0.34758788
3842407223,0.44583777,0.35572058,0.1984416
3842837551,0.32660687,0.45816588,0.21522722
3842952794,0.17949739,0.6640573,0.15644528
3843161263,0.23650926,0.4434552,0.32003555
3844186893,0.3906206,0.3820008,0.2273786
3845426088,0.37243208,0.41513735,0.21243058
3845488306,0.31543195,0.2747524,0.40981567
3845492049,0.30564404,0.4042756,0.29008043
3845540690,0.45446137,0.31207222,0.23346645
3846247681,0.2692868,0.43891558,0.29179758
3846280803,0.3899842,0.3610371,0.24897872
3846532366,0.3246246,0.40446526,0.27091014
3846634141,0.38107467,0.38824368,0.23068164
3846784693,0.31910592,0.32148814,0.35940588
3846955663,0.36504337,0.43166673,0.2032899
3847103876,0.3724631,0.30574304,0.32179385
3847149368,0.24169715,0.5772059,0.18109694
3847899248,0.32183254,0.47758436,0.20058312
3848325518,0.39902657,0.37244785,0.22852561
3849151609,0.42870048,0.38694972,0.18434975
3849175129,0.26682052,0.48054367,0.25263578
3849197934,0.26654825,0.30583143,0.42762035
3849725614,0.34242374,0.32795715,0.3296191
3849851894,0.4341249,0.30627367,0.25960147
3850668307,0.28534734,0.4931661,0.22148658
3850845647,0.40709293,0.41142362,0.18148342
3850921801,0.28608352,0.48720697,0.22670949
3851378772,0.45837414,0.33810204,0.20352381
3852174737,0.2468409,0.46778575,0.28537336
3852629309,0.46568108,0.28393632,0.2503826
3852741461,0.28212178,0.36650226,0.351376
3853854371,0.3718523,0.35299236,0.27515528
3854054647,0.42649543,0.3319975,0.2415071
3854185593,0.44034854,0.30875224,0.25089926
3854252761,0.38271734,0.37404805,0.2432346
3855220720,0.4445065,0.2942614,0.26123208
3855339596,0.34892416,0.40297073,0.24810514
3855369056,0.34933123,0.44402695,0.2066418
3855487201,0.40293884,0.3020431,0.29501802
3856336719,0.29561746,0.49917167,0.20521086
3856465314,0.29092962,0.43926203,0.26980835
3856598527,0.26971048,0.39722526,0.33306423
3856656559,0.34668905,0.42101428,0.23229668
3856669683,0.32993954,0.2653621,0.4046983
3856959979,0.36079192,0.37733087,0.26187724
3857250861,0.3377099,0.34158713,0.32070297
3857454426,0.35550934,0.42727265,0.21721804
3857466335,0.37758905,0.34803826,0.2743727
3857497094,0.3648015,0.3872379,0.2479606
3858166753,0.24600947,0.45230114,0.30168933
3858958952,0.52097356,0.25932914,0.21969725
3859983759,0.47343487,0.3329894,0.19357572
3860429817,0.3089273,0.36109072,0.32998195
3861358043,0.4182846,0.36782646,0.21388893
3861382455,0.49842387,0.31677815,0.18479794
3861731346,0.34084255,0.3701395,0.289018
3862080803,0.4233654,0.27840692,0.2982277
3862684171,0.33370793,0.2812018,0.38509023
3864199963,0.35677668,0.39318293,0.2500404
3864241325,0.356704,0.42684978,0.21644616
3864557134,0.35868734,0.36502606,0.2762866
3865179063,0.39372778,0.3761492,0.23012301
3865309261,0.4445069,0.35187554,0.2036176
3865498011,0.4141154,0.39265892,0.19322568
3865500373,0.44622046,0.35924926,0.19453028
3866013973,0.31631458,0.3656459,0.31803948
3866194691,0.47533262,0.2921758,0.23249163
3866353314,0.41223627,0.38650084,0.20126289
3867091752,0.2877763,0.5333225,0.17890118
3867146472,0.3412908,0.40872595,0.24998328
3867410207,0.40679678,0.36755788,0.22564536
3868070898,0.3904903,0.40157008,0.20793962
3868094901,0.37374336,0.3586613,0.26759535
3868100455,0.3689015,0.41900343,0.21209514
3868169447,0.37602693,0.40409076,0.21988231
3868385818,0.3912115,0.35497862,0.2538098
3868556946,0.45541343,0.3375133,0.20707327
3869187326,0.52114576,0.3084061,0.17044812
3869648745,0.2928145,0.3950507,0.31213474
3869983990,0.3576026,0.44216484,0.2002326
3870030183,0.3588591,0.3588591,0.28228182
3870055402,0.40641975,0.37272498,0.22085525
3870102911,0.2024058,0.19596562,0.60162854
3870181407,0.4922586,0.2846699,0.22307147
3870299211,0.416305,0.40565833,0.17803666
3870694166,0.4662116,0.33935845,0.19442998
3871021520,0.36557168,0.35793942,0.27648893
3871238436,0.43791747,0.32258213,0.23950042
3871636532,0.32141665,0.46475703,0.21382636
3872070554,0.37191337,0.3612941,0.26679257
3872324645,0.4217506,0.35458454,0.22366485
3872376914,0.3459323,0.43121052,0.22285715
3872402333,0.22823851,0.4099877,0.3617738
3872450315,0.32997143,0.33619618,0.33383232
3872499684,0.28571337,0.5081221,0.20616454
3872507980,0.38991314,0.359181,0.2509058
3873256269,0.33471978,0.43441418,0.23086607
3873453207,0.33774543,0.34834802,0.31390655
3874102061,0.5194837,0.27982256,0.20069376
3874279375,0.30242813,0.29718077,0.40039104
3875372031,0.4056494,0.40288526,0.19146538
3875419510,0.34644043,0.38475406,0.2688055
3875711591,0.3503487,0.31309658,0.3365547
3876294659,0.16947424,0.16947424,0.66105145
3877076427,0.48207095,0.31533837,0.20259069
3877216629,0.47677454,0.29183376,0.23139171
3878332688,0.2815175,0.4377395,0.280743
3878377531,0.48946238,0.32477647,0.18576112
3878769738,0.39856094,0.30348337,0.2979557
3879652718,0.3864045,0.37654775,0.23704776
3879702089,0.39197347,0.3857413,0.22228527
3879934797,0.4146844,0.36096162,0.22435397
3880150353,0.38606367,0.3592391,0.2546972
3880474664,0.35676932,0.41740993,0.2258207
3880531358,0.30841064,0.37850183,0.3130875
3881424880,0.3317746,0.42407912,0.24414632
3881791791,0.32055962,0.40866876,0.27077162
3882213913,0.3191465,0.33644712,0.34440634
3882224315,0.32809156,0.33131182,0.34059665
3882261043,0.42336887,0.3825022,0.1941289
3882367146,0.32532454,0.42107388,0.25360158
3882446839,0.28396085,0.3720743,0.34396482
3882811235,0.3062378,0.46926188,0.22450036
3882966495,0.30236214,0.35480875,0.34282908
3883693531,0.37177107,0.34663045,0.2815985
3883708960,0.5231607,0.2756204,0.20121887
3883837011,0.37234837,0.36458993,0.2630617
3883838580,0.36356938,0.28563637,0.35079423
3884165963,0.35720158,0.36803496,0.27476346
3884198872,0.29907507,0.46990496,0.23101994
3884582929,0.42941862,0.31652173,0.2540596
3885172829,0.35630232,0.35712075,0.28657693
3885194159,0.3167075,0.45996764,0.22332488
3885289774,0.27853167,0.35468954,0.3667788
3885824331,0.34530407,0.31666481,0.3380311
3886112588,0.36758357,0.33105195,0.30136442
3886916613,0.3441611,0.37090057,0.2849384
3887917660,0.47359517,0.30932593,0.2170789
3888521134,0.46769398,0.30816033,0.2241457
3889177932,0.44314748,0.31567347,0.24117897
3889361167,0.45661747,0.34073818,0.20264441
3889375876,0.512691,0.30641904,0.1808899
3889423599,0.44746542,0.32816145,0.2243731
3889650090,0.2184452,0.60534906,0.17620577
3889804622,0.38838267,0.35576245,0.2558549
3890210726,0.324025,0.3393649,0.33661008
3890936880,0.38305408,0.34127638,0.2756696
3891904319,0.51609635,0.26422942,0.21967426
3891949722,0.3238185,0.32932955,0.34685197
3892984524,0.24585834,0.52926564,0.22487602
3893024435,0.55263925,0.28636357,0.16099715
3893088397,0.42261425,0.3059446,0.2714412
3893190130,0.42931688,0.28544685,0.28523624
3893503887,0.33750504,0.34172335,0.32077157
3893593189,0.40427738,0.339813,0.25590956
3893831056,0.37368274,0.34553897,0.2807783
3894423191,0.2383182,0.5587408,0.20294097
3894549577,0.39331102,0.30282414,0.30386487
3894962456,0.35407445,0.399513,0.24641258
3895265279,0.46162733,0.26058578,0.27778688
3895549203,0.31663924,0.4419582,0.2414026
3896048011,0.299249,0.46681982,0.23393127
3896502027,0.35406417,0.3914051,0.25453073
3896821589,0.41751495,0.34147885,0.2410062
3896939883,0.4128164,0.38217878,0.20500481
3897438587,0.39116865,0.3839279,0.2249035
3898011950,0.29604048,0.36790866,0.33605087
3898054326,0.36103243,0.35319537,0.2857722
3898057208,0.4018291,0.3943035,0.20386744
3898333673,0.3694569,0.35106736,0.27947575
3898542144,0.3105574,0.34446952,0.3449731
3899550777,0.37824368,0.41262168,0.20913467
3899717245,0.3014363,0.47600216,0.22256152
3899847434,0.20936409,0.348208,0.44242784
3900666824,0.4319462,0.32176808,0.24628574
3901248975,0.37956458,0.38472456,0.23571083
3902037300,0.3453885,0.43358222,0.22102925
3902417596,0.46399513,0.3008021,0.23520282
3902976486,0.3227798,0.42130715,0.25591305
3903026093,0.33604246,0.3917517,0.27220583
3903288373,0.2956254,0.29983905,0.40453553
3903402974,0.43115336,0.33698875,0.23185785
3903670404,0.37693596,0.39568236,0.22738168
3904225542,0.36156246,0.28557903,0.35285854
3904640382,0.48372817,0.27447063,0.24180126
3904928754,0.27393714,0.46895888,0.25710398
3905187083,0.3939619,0.39770293,0.20833519
3905285713,0.2824007,0.42140096,0.29619837
3905407937,0.53950566,0.23197514,0.22851917
3905486078,0.37626374,0.40928292,0.21445338
3906013607,0.35736543,0.3782553,0.2643793
3906204533,0.5579064,0.25400674,0.18808681
3906310501,0.2685883,0.24050966,0.490902
3906606191,0.36805788,0.36757496,0.26436716
3907082947,0.4618437,0.31276393,0.22539237
3907352460,0.41402358,0.28842026,0.29755616
3907367129,0.4409254,0.35029042,0.2087842
3907427465,0.27581805,0.5163979,0.20778407
3908361286,0.34790105,0.3467996,0.30529934
3908700665,0.27927482,0.32458097,0.39614424
3909382408,0.47481734,0.31502265,0.21016
3909661573,0.3674274,0.35411036,0.27846223
3909679952,0.31329885,0.36129957,0.32540154
3910670151,0.28710574,0.5021956,0.21069862
3911451781,0.3912551,0.37537837,0.23336652
3911794098,0.4604498,0.2349645,0.3045857
3911920702,0.32380015,0.41716725,0.25903267
3912304194,0.3451495,0.35527414,0.29957637
3913920705,0.3625024,0.41849148,0.21900612
3914060655,0.4254759,0.31986713,0.25465703
3914592135,0.31896636,0.42132553,0.2597081
3914926060,0.59075415,0.20482482,0.20442104
3915087259,0.4512908,0.2965918,0.25211746
3915132170,0.27054596,0.27147526,0.4579788
3915490352,0.34314114,0.40663588,0.25022292
3916218166,0.35077894,0.32871637,0.3205047
3918026450,0.32554084,0.2796436,0.39481553
3918831060,0.4377905,0.35364795,0.2085616
3919113084,0.31083155,0.47334573,0.21582273
3919643001,0.49816242,0.2675118,0.23432575
3920049937,0.41945878,0.36277902,0.21776222
3920223267,0.35785407,0.43505728,0.20708865
3920635745,0.3753913,0.40125644,0.22335225
3920743115,0.29886237,0.4822263,0.21891128
3920973655,0.23127599,0.5619414,0.20678261
3921061604,0.47503614,0.3315571,0.19340673
3922140481,0.36123282,0.3621554,0.27661178
3922362241,0.3783332,0.40438944,0.21727732
3922659586,0.42953357,0.35829148,0.21217492
3923420116,0.3876844,0.34631228,0.2660033
3923514562,0.30382773,0.4431303,0.25304195
3923800604,0.418012,0.34333023,0.23865773
3924291651,0.37673375,0.32899782,0.29426843
3924495914,0.49542964,0.2844705,0.2200999
3924511537,0.31417054,0.4538135,0.23201594
3924881488,0.38607827,0.365143,0.2487787
3924947884,0.45561624,0.28903425,0.25534952
3925623984,0.33842105,0.43529034,0.22628859
3926018676,0.4481551,0.34363312,0.20821178
3926745317,0.38840467,0.39139196,0.22020343
3928176690,0.55624163,0.2483922,0.1953662
3928546352,0.34713823,0.4058555,0.24700631
3928806940,0.497972,0.2718397,0.2301883
3928925752,0.4477015,0.32607728,0.22622125
3929383677,0.27666008,0.3221446,0.40119535
3929596349,0.45841497,0.34434927,0.19723581
3929690893,0.3094806,0.29779613,0.39272326
3929732235,0.3407616,0.43544614,0.22379221
3929932580,0.46686888,0.30134776,0.23178338
3930771630,0.35559207,0.37622315,0.26818478
3931611097,0.3294539,0.35411787,0.31642824
3932669744,0.3165688,0.46190155,0.22152963
3932788028,0.35702342,0.43439642,0.20858012
3932821574,0.38870925,0.26878962,0.3425011
3933165989,0.4363543,0.31691712,0.24672857
3933325670,0.40010723,0.39066422,0.20922852
3933351710,0.5686347,0.2583335,0.17303176
3933467168,0.4196708,0.28827587,0.2920533
3933761309,0.281181,0.50420284,0.21461615
3933914412,0.26983953,0.5311221,0.19903845
3934728931,0.42251983,0.29528844,0.28219175
3935028789,0.35962027,0.36752316,0.2728566
3935181217,0.36928195,0.41224152,0.21847655
3935922013,0.30992025,0.30293667,0.38714305
3936148660,0.3890618,0.38806495,0.22287324
3936869631,0.30593032,0.43091542,0.26315427
3937071168,0.37549245,0.37403297,0.2504745
3937288260,0.24033204,0.23651865,0.5231494
3937532425,0.2473031,0.51668197,0.23601493
3937614787,0.31811184,0.45483604,0.22705211
3938666375,0.28217894,0.5249553,0.19286579
3939218549,0.31143606,0.46524572,0.22331825
3939446131,0.3878235,0.3538579,0.25831866
3939725496,0.25806963,0.58154327,0.16038713
3940570556,0.35912383,0.3882622,0.25261396
3940887904,0.36429924,0.41665176,0.21904907
3940973453,0.27350944,0.52958375,0.1969068
3941302790,0.36152834,0.4472618,0.19120985
3941434755,0.5800176,0.24789432,0.17208809
3941526233,0.26256445,0.40416446,0.3332711
3942667494,0.45308387,0.3300119,0.21690424
3942818200,0.24335158,0.5663694,0.190279
3942983338,0.4210582,0.32603025,0.25291157
3945052668,0.37419674,0.30937755,0.31642568
3945176907,0.34525475,0.39231592,0.26242933
3945651245,0.42916042,0.37092876,0.19991076
3947313031,0.46524662,0.3034128,0.23134056
3947327386,0.3321433,0.2862947,0.381562
3947862004,0.53655976,0.25645366,0.20698653
3949048841,0.42761865,0.39162737,0.18075398
3949521697,0.41741002,0.37407932,0.20851068
3949584261,0.3657285,0.41084522,0.22342625
3950733306,0.42699277,0.3680784,0.20492882
3951104766,0.41090724,0.4027023,0.18639046
3951167003,0.46066266,0.26898342,0.2703539
3952482090,0.3704421,0.3927536,0.23680435
3952534727,0.43266654,0.35297033,0.2143631
3952548171,0.46836329,0.30194616,0.22969055
3952782454,0.33891696,0.42401108,0.23707192
3952826076,0.416767,0.2547896,0.3284434
3953104317,0.29643366,0.3474715,0.3560949
3953162401,0.5654502,0.2252679,0.20928189
3954008459,0.32643557,0.45031387,0.22325057
3954944380,0.17948042,0.3930827,0.42743686
3956792871,0.4356823,0.32675052,0.23756716
3956977927,0.41568178,0.35064676,0.23367149
3957045672,0.31417698,0.38847828,0.2973447
3957397382,0.46100283,0.31728107,0.22171605
3958130623,0.31263745,0.36040914,0.3269534
3959265721,0.40077144,0.35518983,0.24403873
3959431212,0.376074,0.3806932,0.24323282
3959475173,0.4671585,0.21771985,0.3151217
3959549565,0.35400707,0.32326293,0.32273
3959710109,0.46296653,0.34091926,0.19611424
3959982216,0.36076546,0.40711308,0.23212151
3960734362,0.42217657,0.3619753,0.2158481
3962495380,0.37683642,0.345145,0.2780186
3962769817,0.31063768,0.42214918,0.2672131
3963023130,0.36575043,0.35835207,0.2758975
3963051818,0.34143418,0.43078637,0.22777945
3963353438,0.34320846,0.41105822,0.24573329
3963538285,0.37797678,0.38113773,0.2408855
3963758022,0.37012458,0.39629257,0.23358282
3965344630,0.45702288,0.30975407,0.23322308
3966336247,0.2220918,0.53877413,0.2391341
3967087567,0.41929096,0.37642196,0.20428704
3967403763,0.36549994,0.28502563,0.34947446
3967907300,0.34806174,0.32592258,0.32601565
3968313906,0.48158944,0.3112571,0.20715345
3968485154,0.28632015,0.3620345,0.35164532
3968621952,0.4309311,0.3520664,0.21700251
3968823757,0.31163767,0.369311,0.31905133
3969347833,0.5651647,0.2269242,0.20791109
3969438775,0.3174337,0.48465204,0.1979143
3969621179,0.35538352,0.3087622,0.33585432
3969772835,0.33358294,0.34913725,0.3172798
3969916747,0.4216447,0.36691114,0.21144417
3970077300,0.3572721,0.44917685,0.19355106
3970538988,0.33460712,0.4564357,0.2089572
3970577636,0.3162856,0.43722582,0.24648853
3970829632,0.37157074,0.3627528,0.26567647
3971028984,0.43872732,0.36988568,0.19138703
3971415023,0.4411804,0.30015296,0.2586666
3971494381,0.3255071,0.42095798,0.2535349
3971717329,0.55730116,0.2411117,0.20158711
3971909221,0.3768783,0.37574136,0.24738032
3972608557,0.26945102,0.2701948,0.46035415
3973117059,0.38564062,0.40140766,0.2129517
3973130271,0.404648,0.3502568,0.24509522
3973642371,0.49118164,0.2708013,0.23801707
3974040591,0.20466253,0.6415746,0.15376279
3974493382,0.40678054,0.34144175,0.2517777
3975353127,0.38946787,0.3568609,0.2536712
3975475788,0.5721879,0.24642403,0.18138811
3975772296,0.5121894,0.27998737,0.20782326
3975833085,0.40136606,0.3347404,0.26389354
3976364901,0.4819563,0.27617484,0.24186885
3977553003,0.4118662,0.32072788,0.26740593
3978808531,0.34436637,0.39270175,0.26293188
3979229598,0.35338867,0.4215244,0.22508687
3979291072,0.36110225,0.3570311,0.28186667
3979557170,0.40052247,0.37824264,0.22123493
3980092601,0.2971934,0.31581736,0.3869892
3980309181,0.25826883,0.5215614,0.22016978
3980724763,0.33362842,0.4133947,0.2529769
3981306852,0.2724354,0.2634856,0.46407896
3981415997,0.39833695,0.34174716,0.2599159
3981486893,0.31103104,0.49303204,0.19593689
3981612988,0.39380318,0.29552764,0.31066918
3981728075,0.54411894,0.26240113,0.19347987
3981933519,0.31176212,0.32155034,0.36668754
3982350464,0.60630023,0.20945619,0.18424356
3982383555,0.40031952,0.36695558,0.23272493
3983503410,0.3489859,0.3952492,0.25576493
3983723313,0.1580897,0.1580897,0.6838206
3983730956,0.36415732,0.3735421,0.26230055
3983905007,0.4120633,0.3817544,0.2061823
3984399025,0.42191386,0.32377568,0.2543104
3984671834,0.43327045,0.30612946,0.2606001
3985433767,0.37748232,0.38651985,0.23599783
3985572735,0.35883582,0.27455473,0.36660945
3985638976,0.36607748,0.41088212,0.22304037
3986442788,0.33159256,0.41996908,0.24843833
3986712384,0.24915719,0.319425,0.43141782
3986785702,0.31976688,0.41060466,0.26962852
3987237653,0.30958182,0.42749846,0.2629197
3987539661,0.439822,0.32508546,0.23509255
3988362818,0.4923094,0.2852382,0.22245239
3988511097,0.49178046,0.30689868,0.20132086
3988641816,0.41902816,0.34704542,0.23392639
3988765144,0.2827119,0.50999963,0.20728847
3988926872,0.43107176,0.36571583,0.20321237
3989086694,0.2874199,0.4587143,0.25386575
3989239368,0.3465243,0.4570248,0.19645089
3989581753,0.45612198,0.2498141,0.29406393
3989865748,0.36876953,0.381833,0.24939749
3989913089,0.3115137,0.3286819,0.35980442
3990010159,0.40989354,0.3195373,0.27056918
3990076747,0.44545078,0.34818754,0.2063617
3990478981,0.38754487,0.37082812,0.24162701
3990636240,0.33543086,0.45080546,0.2137637
3990767430,0.3132742,0.3083374,0.3783884
3991047248,0.3073861,0.4879592,0.2046547
3991205734,0.38816893,0.29554418,0.31628695
3991849396,0.35654163,0.32966715,0.31379122
3992572532,0.3124668,0.45520532,0.23232791
3992834663,0.2865678,0.49002522,0.22340699
3993487547,0.49772003,0.30730885,0.19497111
3993824009,0.583496,0.22852924,0.18797478
3994519349,0.37266,0.39172733,0.23561269
3994526572,0.2474707,0.3568889,0.39564043
3994835941,0.34943613,0.37143916,0.27912474
3995007200,0.41643885,0.40123826,0.18232289
3995239933,0.36118436,0.40500557,0.23381008
3995558207,0.24050424,0.22503611,0.53445965
3995719532,0.3722583,0.4246078,0.20313379
3995730392,0.36442265,0.4188183,0.2167591
3996107371,0.36304435,0.35554802,0.2814076
3996526840,0.45911372,0.33989203,0.20099428
3996977195,0.35213512,0.41121835,0.23664655
3997422005,0.3632521,0.428393,0.20835492
3997451225,0.27533275,0.4975609,0.22710635
3997720190,0.30841953,0.34015578,0.3514247
3998876102,0.34655392,0.33100012,0.32244593
3999218138,0.59487784,0.22883844,0.17628372
3999423869,0.2852295,0.39948618,0.3152843
4000321061,0.46692917,0.3186336,0.21443728
4000365162,0.39272177,0.2258493,0.38142896
4001219931,0.50226784,0.2274208,0.27031136
4001547867,0.2558365,0.32360762,0.4205559
4002469366,0.41922218,0.3344319,0.24634597
4002855601,0.4624649,0.34709597,0.19043915
4002961410,0.38790926,0.39540705,0.21668372
4003640073,0.35081673,0.30972707,0.33945617
4004142025,0.3823809,0.38727295,0.23034614
4004328370,0.47437268,0.31590304,0.2097243
4004878626,0.40267095,0.37010616,0.22722287
4005256169,0.3482852,0.34312147,0.30859336
4005436126,0.36501196,0.35705638,0.2779317
4005468679,0.36627913,0.37763754,0.2560833
4005576827,0.34342295,0.3799559,0.27662116
4006203826,0.3672333,0.37107497,0.26169172
4006442934,0.3470598,0.3323803,0.3205599
4006820224,0.388263,0.36188287,0.2498542
4006990848,0.21005881,0.598133,0.1918081
4007075745,0.26244992,0.4810096,0.2565405
4007339725,0.32515913,0.3569956,0.31784528
4007468768,0.3368372,0.43164283,0.23152
4007503917,0.37880838,0.36106837,0.26012325
4007550214,0.3252353,0.32641065,0.34835398
4008049965,0.31107622,0.28298444,0.40593934
4008378539,0.44494885,0.3156137,0.23943743
4008818765,0.3104871,0.3427503,0.3467626
4008879913,0.34401414,0.3883518,0.2676341
4009851342,0.43035862,0.31310546,0.25653586
4009973007,0.49983877,0.2922266,0.2079346
4010232094,0.40047652,0.33728045,0.262243
4010267685,0.24375668,0.24384841,0.5123949
4010450665,0.2380569,0.56230843,0.1996347
4011184932,0.28086668,0.3983094,0.3208239
4011730578,0.3660135,0.34416497,0.28982154
4012344998,0.33190495,0.46442443,0.20367059
4012657541,0.5176115,0.24069723,0.24169128
4013130581,0.2569442,0.47004715,0.27300864
4014498943,0.3425345,0.36481148,0.29265404
4014554115,0.39310116,0.29653382,0.31036508
4014630119,0.30044314,0.45590085,0.24365601
4015119819,0.38472432,0.3525288,0.26274687
4017239892,0.3032661,0.4000823,0.2966516
4017400010,0.38006318,0.36494577,0.25499105
4017605730,0.36743915,0.35108423,0.28147662
4017763487,0.48739296,0.2970513,0.21555571
4018241837,0.52543867,0.2703304,0.20423096
4019103307,0.30022678,0.3712621,0.32851112
4019467778,0.44042134,0.33377677,0.2258019
4019483640,0.35566795,0.21117142,0.4331606
4020401080,0.2805949,0.34964478,0.3697604
4020460520,0.47768545,0.3226273,0.19968724
4020469098,0.54758453,0.23629951,0.21611601
4021191436,0.301921,0.349643,0.348436
4021310047,0.35908866,0.4241413,0.21677002
4021806364,0.29833657,0.4606728,0.24099061
4022342052,0.3149772,0.46775728,0.21726553
4022629933,0.3281021,0.4456532,0.22624469
4022717901,0.32182568,0.2725677,0.40560663
4022822111,0.32006526,0.37849733,0.30143738
4023340550,0.52058953,0.2829679,0.1964426
4023729341,0.38995755,0.4258753,0.18416718
4023760894,0.3693542,0.43853325,0.19211252
4023940727,0.38964295,0.37838018,0.2319769
4024571839,0.33094335,0.37580448,0.29325217
4024697011,0.5341664,0.24863186,0.21720174
4024864786,0.41078132,0.354123,0.23509571
4024996249,0.30695647,0.4602216,0.23282197
4025158881,0.26306877,0.4071482,0.32978308
4025289693,0.34414905,0.39580354,0.26004744
4026686601,0.32209474,0.29124925,0.38665605
4027248348,0.43382603,0.33540905,0.23076485
4027513727,0.3423804,0.47068426,0.18693532
4027748155,0.32929474,0.35947317,0.3112321
4028034456,0.2722017,0.40380535,0.32399297
4028540971,0.3026128,0.35815597,0.33923125
4029698906,0.3609888,0.39661902,0.24239218
4030075439,0.23311567,0.57256466,0.19431967
4030282971,0.37114012,0.33303368,0.2958262
4030318643,0.47867036,0.31807044,0.2032592
4030332498,0.23606691,0.242623,0.5213101
4030425181,0.39043283,0.37594038,0.23362678
4030597862,0.43162203,0.3344565,0.23392144
4030745270,0.4852534,0.29690012,0.21784651
4030863991,0.43299603,0.35493076,0.21207316
4031638883,0.46373886,0.284402,0.2518591
4031875701,0.3092724,0.30256012,0.3881675
4032199532,0.50400484,0.28037673,0.21561848
4032390084,0.36283934,0.39855796,0.23860277
4032450293,0.29787102,0.5356172,0.1665118
4032660161,0.26639766,0.52579105,0.2078113
4032675014,0.4493008,0.3533035,0.19739571
4032700662,0.6387379,0.19185773,0.16940433
4033436124,0.40572438,0.37573266,0.218543
4033630453,0.38808998,0.41399992,0.19791016
4034212441,0.32950073,0.4410454,0.22945383
4034864381,0.32900023,0.42963764,0.24136212
4035236076,0.39708096,0.38650277,0.2164163
4035305068,0.30515674,0.4951299,0.19971333
4035474230,0.23673214,0.56845176,0.19481614
4036653586,0.36946264,0.36419553,0.2663418
4037248871,0.3965655,0.37757942,0.22585508
4037414914,0.36842716,0.4435763,0.18799652
4037510503,0.40590137,0.37497848,0.21912014
4037514923,0.45904225,0.24395216,0.29700565
4037720854,0.48373514,0.28413087,0.23213404
4037838768,0.36022246,0.3396185,0.3001591
4037896784,0.3345521,0.36787623,0.29757166
4037956605,0.32894206,0.23638341,0.43467456
4038071414,0.39657366,0.32632774,0.2770986
4038814053,0.25677055,0.36532873,0.37790078
4039023591,0.2411707,0.34524196,0.41358733
4039157492,0.4078176,0.36145896,0.23072344
4039764984,0.43608683,0.3456578,0.21825539
4040011663,0.379502,0.37332958,0.24716845
4040265181,0.36764115,0.3802792,0.2520796
4040265713,0.32817462,0.42681807,0.2450073
4040442048,0.4611112,0.32254016,0.21634865
4041315135,0.43033862,0.2808741,0.28878728
4041986216,0.32085824,0.43818796,0.2409538
4042415580,0.40889403,0.33079946,0.2603065
4042687081,0.3717981,0.37182724,0.25637472
4043341650,0.32119548,0.42452317,0.25428137
4043530256,0.31087607,0.29982913,0.38929474
4043756146,0.59266055,0.22645307,0.18088637
4043979272,0.3781698,0.31417438,0.3076558
4044100027,0.2380138,0.5657474,0.19623885
4044304990,0.4062275,0.3722024,0.22157004
4044500451,0.36627993,0.3812729,0.25244716
4045543655,0.45357028,0.31130907,0.23512064
4045880660,0.44102997,0.27987987,0.2790901
4046213780,0.3198337,0.35316867,0.3269976
4046405804,0.35752845,0.30549744,0.33697408
4046788336,0.3971006,0.37714046,0.22575894
4046946008,0.28810585,0.3323366,0.37955755
4047310096,0.25563535,0.37658963,0.36777505
4047759157,0.33022928,0.35605103,0.3137197
4047985431,0.36839724,0.35139078,0.28021196
4048193911,0.38784674,0.34063894,0.2715143
4048233779,0.44436294,0.3120721,0.24356496
4048769350,0.28301322,0.35992047,0.35706633
4048845646,0.31958097,0.3722701,0.3081489
4048981921,0.3842242,0.3266024,0.28917342
4049178333,0.3397733,0.3706538,0.2895729
4049361187,0.42558038,0.31712216,0.2572975
4049828196,0.3492409,0.3743454,0.27641374
4050068177,0.47763157,0.29160696,0.23076144
4050178287,0.3513901,0.41521484,0.23339504
4050184875,0.3484894,0.4529525,0.19855812
4051272853,0.19365357,0.6082771,0.19806936
4052129507,0.380649,0.3863294,0.23302153
4052496374,0.27018023,0.42945346,0.30036634
4052505155,0.4231596,0.25959852,0.31724185
4052995312,0.36190885,0.43971384,0.19837731
4053039316,0.38264975,0.36403143,0.25331885
4053137844,0.36153588,0.33925754,0.29920655
4055094999,0.38345855,0.40275127,0.21379022
4055439633,0.37761062,0.41471976,0.20766962
4057323709,0.33485597,0.37060314,0.29454085
4057421976,0.4260375,0.34947774,0.22448479
4057537896,0.40643644,0.39991522,0.19364834
4060273501,0.36705542,0.37600005,0.25694454
4060612801,0.33614188,0.3657089,0.29814923
4060843990,0.31310445,0.4612819,0.22561365
4061057284,0.36002088,0.41459537,0.22538373
4061215531,0.29329878,0.31596273,0.3907385
4061250274,0.3896441,0.34817022,0.2621857
4061306673,0.3864561,0.41793758,0.19560632
4061822979,0.35370123,0.35924143,0.28705734
4063042700,0.47745275,0.30419886,0.21834844
4064066664,0.3614073,0.43687737,0.20171532
4064452739,0.41240373,0.33755234,0.25004393
4064542548,0.2800491,0.24814188,0.47180906
4064909021,0.3408611,0.37691647,0.2822224
4065387649,0.31907064,0.27843645,0.40249288
4065691466,0.2739048,0.29378057,0.43231463
4065907330,0.35806155,0.33396858,0.30796987
4066273229,0.38135445,0.41194654,0.20669904
4066664576,0.506879,0.3119657,0.18115535
4068133411,0.31434214,0.41866654,0.26699132
4068462598,0.34854883,0.41061795,0.24083324
4068467107,0.2837641,0.3004081,0.41582784
4068626656,0.32971746,0.3411567,0.32912588
4068819961,0.34013376,0.36671764,0.29314864
4069810402,0.3739688,0.39352733,0.23250389
4070854847,0.3470012,0.43390763,0.21909109
4070986027,0.341471,0.41258383,0.24594519
4071104243,0.39650244,0.39700234,0.20649523
4071119475,0.37317413,0.37298593,0.25383994
4071463415,0.33261478,0.4136033,0.2537819
4072120154,0.369604,0.3746721,0.25572392
4072215550,0.40236914,0.32274097,0.2748899
4073900039,0.32031658,0.32971966,0.34996378
4074145000,0.4094203,0.3753075,0.21527214
4075143499,0.3791101,0.38767263,0.2332173
4076376295,0.27107573,0.29026285,0.43866143
4076376538,0.5425389,0.24707238,0.21038876
4076618505,0.3279516,0.44644514,0.22560325
4076774888,0.33209154,0.4292889,0.23861955
4076800711,0.41330248,0.38268882,0.20400864
4077921339,0.41325945,0.3790481,0.20769246
4077971495,0.3380771,0.30336872,0.35855418
4078492268,0.3780503,0.31452385,0.30742586
4078525141,0.4427777,0.31403074,0.24319154
4078793729,0.36246017,0.35718018,0.28035972
4079034566,0.4047375,0.38664967,0.20861278
4079039865,0.32724184,0.34040034,0.33235782
4079125667,0.37171337,0.41847214,0.20981449
4079996357,0.42029572,0.34245762,0.23724666
4080374441,0.24350224,0.4769067,0.27959108
4081623959,0.25248814,0.48889253,0.25861937
4081834430,0.36563817,0.4270798,0.20728199
4083202175,0.24547654,0.4387383,0.31578517
4083368950,0.3533327,0.38966078,0.25700656
4083374067,0.4039764,0.37332582,0.22269776
4083782894,0.2591713,0.5746331,0.16619557
4083891437,0.45622486,0.33103156,0.21274355
4084232581,0.26426208,0.50461143,0.23112649
4084335541,0.46948057,0.30290818,0.2276113
4084981409,0.34516487,0.4065504,0.2482847
4084989836,0.48327172,0.2561467,0.26058155
4085272835,0.44153333,0.35251725,0.20594943
4085769270,0.49077165,0.29738915,0.2118392
4085995498,0.3517707,0.38077682,0.26745248
4086036816,0.4046602,0.3535498,0.24179001
4086183252,0.332963,0.43459743,0.23243953
4086373713,0.35434258,0.33215278,0.3135046
4086880504,0.34454226,0.424716,0.23074177
4087065530,0.42189923,0.34434158,0.23375922
4087926491,0.4858877,0.25837514,0.2557371
4088505362,0.32924238,0.44973797,0.22101972
4089251620,0.5990633,0.19279894,0.2081378
4089945587,0.38623637,0.37811434,0.23564929
4090092668,0.35652417,0.3494404,0.2940354
4090314053,0.25263265,0.5381378,0.20922956
4090566617,0.3491538,0.4042384,0.24660781
4092369049,0.33127302,0.30736282,0.36136416
4093060432,0.3105995,0.47301656,0.21638393
4093529631,0.38916475,0.33326805,0.2775672
4093660961,0.42334223,0.29394865,0.28270912
4093749582,0.32948345,0.4363382,0.2341784
4093808504,0.5029856,0.28853408,0.20848039
4094258397,0.30221012,0.47727507,0.22051477
4095397360,0.33325413,0.4024967,0.2642492
4096724379,0.39339638,0.41968954,0.18691407
4096794633,0.3843827,0.388498,0.22711925
4096916085,0.39157233,0.39792424,0.21050337
4097165609,0.3343175,0.3101485,0.355534
4097394737,0.4648042,0.2991331,0.23606268
4097914243,0.3994767,0.2789403,0.32158303
4098069257,0.4265501,0.364657,0.20879287
4099810323,0.38256878,0.32483202,0.2925992
4099816455,0.31609443,0.49200577,0.1918998
4100033736,0.30943865,0.3134225,0.3771389
4100115352,0.56679773,0.23540863,0.1977936
4100807282,0.43496597,0.34054983,0.22448419
4101016216,0.33151138,0.41256797,0.2559206
4101209982,0.36404198,0.3941176,0.24184039
4101748463,0.3538115,0.34874636,0.29744217
4101846822,0.34005094,0.388799,0.27115005
4102034882,0.41064116,0.3547412,0.23461762
4102068466,0.37084007,0.38738036,0.24177957
4102359692,0.36427617,0.4074396,0.22828427
4103178520,0.4691648,0.29702237,0.2338129
4103337351,0.3752569,0.36704773,0.25769538
4103949290,0.34783602,0.39109054,0.26107347
4104847949,0.48673207,0.3104605,0.20280746
4105092067,0.35609752,0.41489887,0.22900358
4105246080,0.5449126,0.25083172,0.2042557
4105429804,0.20253739,0.6169393,0.18052328
4105649286,0.39673913,0.3556996,0.24756128
4106014474,0.32882577,0.45303982,0.21813443
4106154680,0.5039074,0.3139279,0.18216476
4106838621,0.41538942,0.3347819,0.24982868
4107108018,0.39770848,0.35253572,0.24975583
4107398402,0.41513085,0.3901372,0.19473201
4107488050,0.34896803,0.35928014,0.29175183
4108583237,0.41384935,0.33676934,0.2493813
4108684618,0.550449,0.2554897,0.19406125
4108794998,0.41932374,0.3833512,0.19732505
4108911575,0.34811905,0.2491748,0.40270615
4109534513,0.35324016,0.46707898,0.1796809
4110214004,0.15790749,0.676871,0.16522151
4110374894,0.32872146,0.44412833,0.2271502
4110439388,0.2528445,0.56554335,0.18161213
4110463091,0.37191814,0.29965505,0.32842678
4110556646,0.41318017,0.35142648,0.23539335
4111007555,0.33702806,0.45445698,0.20851497
4111092301,0.48656172,0.31343412,0.20000416
4112400012,0.37712795,0.36638886,0.2564832
4114068816,0.31819057,0.4652085,0.21660088
4114179339,0.41643667,0.35633957,0.22722375
4114449848,0.36135578,0.3493081,0.28933612
4114599565,0.46445394,0.26762956,0.2679165
4114759879,0.24182633,0.28964856,0.4685251
4115304967,0.3789997,0.40232742,0.21867287
4116684181,0.33776394,0.36405495,0.29818112
4117226597,0.374726,0.35092217,0.27435178
4117694850,0.28446454,0.23486945,0.48066598
4117977656,0.274176,0.46584833,0.25997567
4118286669,0.3621235,0.40211415,0.23576233
4118374483,0.39938086,0.2876014,0.31301773
4118424631,0.34338826,0.3760699,0.28054184
4118544763,0.52884007,0.28274515,0.18841478
4118695428,0.23082992,0.41476554,0.3544045
4118786843,0.41435158,0.38787258,0.19777581
4119023883,0.27938387,0.49986804,0.22074807
4119728891,0.23900732,0.4033218,0.3576709
4120106093,0.32277095,0.4296801,0.24754898
4120859604,0.39543927,0.34423983,0.26032084
4121342747,0.3675706,0.40439904,0.22803035
4121920275,0.30449635,0.47128767,0.22421598
4122709252,0.44716394,0.32076082,0.23207527
4123092383,0.5530541,0.2531567,0.19378918
4123649389,0.3888188,0.37071636,0.2404648
4124343614,0.3369451,0.40636617,0.2566887
4124521528,0.43745488,0.36017525,0.2023699
4124992462,0.2911668,0.48922867,0.21960452
4125084697,0.37238395,0.37695014,0.25066584
4126006585,0.33382303,0.42436695,0.24181002
4126410932,0.35466945,0.34913006,0.29620045
4126503902,0.34710246,0.33578992,0.31710762
4127194932,0.41734403,0.32695577,0.25570017
4127745008,0.3059922,0.42772985,0.2662779
4128085873,0.26207787,0.404648,0.33327416
4128193727,0.40541506,0.41412705,0.18045795
4128692796,0.446506,0.31895804,0.23453602
4128839620,0.35373437,0.43921375,0.20705184
4128953041,0.35346293,0.417082,0.22945505
4129795093,0.3540843,0.35966927,0.28624636
4130261941,0.42495108,0.31063837,0.26441056
4130328444,0.28031632,0.5192171,0.20046654
4130351079,0.3283349,0.36291522,0.30874988
4130444697,0.38875073,0.40075967,0.21048966
4130649904,0.32779315,0.34500444,0.32720244
4130977833,0.44570512,0.32007992,0.23421496
4130990586,0.2558148,0.4511329,0.29305235
4131884646,0.33313125,0.32498956,0.34187916
4132901423,0.4884004,0.29946715,0.21213244
4133230887,0.5574424,0.19324757,0.24930996
4133848483,0.34858292,0.3565703,0.29484677
4133874409,0.45707583,0.31671798,0.22620615
4134334285,0.35325098,0.3351356,0.31161344
4134691583,0.41623706,0.37341052,0.21035247
4134879267,0.39334518,0.33657372,0.27008104
4135713978,0.5050691,0.29250184,0.20242906
4135911914,0.35525915,0.39138415,0.2533567
4136129928,0.26408184,0.5241273,0.21179089
4136913504,0.21908885,0.21051505,0.5703962
4137281042,0.28435498,0.38552266,0.33012238
4138889838,0.3825962,0.37631786,0.24108592
4139140271,0.44017643,0.34287596,0.21694759
4139178952,0.44746765,0.2754218,0.27711058
4140919239,0.3306685,0.4675107,0.20182078
4142528753,0.40386102,0.3753621,0.22077698
4142554835,0.567367,0.24931711,0.18331587
4142692117,0.34024125,0.36300808,0.29675066
4143105715,0.36360705,0.38718373,0.24920921
4143671482,0.36694956,0.38300052,0.2500499
4143835830,0.38021195,0.32158506,0.29820296
4144301009,0.25092992,0.55849946,0.19057062
4144770386,0.23036808,0.5467552,0.22287676
4146235611,0.46525118,0.27611867,0.25863016
4146467431,0.42970365,0.3244812,0.24581516
4146485262,0.4124131,0.31135958,0.27622733
4146944399,0.34154153,0.4209112,0.23754731
4146949489,0.30034703,0.3876737,0.3119793
4147367459,0.49158168,0.2453039,0.26311445
4147944636,0.5225624,0.28318056,0.19425705
4148423248,0.42344016,0.3757911,0.20076874
4148561516,0.2783044,0.44051093,0.28118467
4148749202,0.35826546,0.3545677,0.28716683
4149158452,0.34335333,0.3596214,0.2970252
4149177705,0.31019145,0.45471293,0.23509562
4149319564,0.31684354,0.38734335,0.29581308
4149651911,0.28299096,0.31871942,0.3982896
4150194940,0.23423198,0.5625355,0.20323253
4150279810,0.2883833,0.53423035,0.17738631
4150696140,0.32534486,0.44394404,0.23071119
4150922843,0.37314636,0.35577625,0.2710774
4151433309,0.4375874,0.31849444,0.24391815
4151555151,0.29734594,0.3355412,0.36711287
4151956227,0.38367835,0.38961276,0.22670884
4152103771,0.34031472,0.41329262,0.2463927
4152346354,0.3557722,0.3534184,0.2908094
4153054549,0.37180063,0.43010563,0.19809377
4153724253,0.37614053,0.33883184,0.28502762
4153792459,0.21580528,0.3295383,0.45465645
4154713182,0.37319496,0.36575165,0.26105332
4154827103,0.26858634,0.5206644,0.21074927
4154950014,0.3668092,0.3906627,0.24252814
4156446558,0.39255548,0.36670503,0.24073946
4156516667,0.2653706,0.25091526,0.48371416
4156751029,0.31364307,0.49045378,0.19590317
4156819718,0.3863262,0.3707478,0.242926
4156877995,0.3265885,0.36602283,0.30738863
4156975367,0.26827353,0.31593385,0.41579264
4158482969,0.40519303,0.36421853,0.23058844
4158741913,0.17730846,0.18104677,0.6416448
4161326752,0.23339294,0.22571844,0.5408886
4161645561,0.3876914,0.39525476,0.21705386
4161852052,0.38080233,0.3391015,0.28009617
4161922183,0.25301942,0.5286776,0.21830297
4162672809,0.40510845,0.3334443,0.26144725
4162802966,0.40825525,0.31650028,0.27524447
4162967201,0.39803672,0.3701442,0.23181908
4162979002,0.40728772,0.30994475,0.28276747
4163413237,0.32892698,0.44342953,0.22764346
4163853717,0.31510448,0.4104767,0.27441883
4163995818,0.5815614,0.22021236,0.19822624
4164053465,0.32054907,0.34697598,0.33247495
4164366962,0.39297354,0.3729586,0.23406784
4164422800,0.3247304,0.43052763,0.24474198
4164988558,0.3009895,0.34181154,0.35719895
4165104544,0.326079,0.23928432,0.43463668
4165941804,0.40226942,0.36386862,0.23386195
4165947662,0.29260647,0.26959407,0.43779945
4165975140,0.37929267,0.35770518,0.26300216
4165982499,0.3246405,0.42996722,0.24539226
4165983842,0.47829863,0.28427622,0.23742516
4166154475,0.2496656,0.23490149,0.51543283
4166258201,0.33181092,0.45799267,0.2101964
4166591931,0.19690594,0.34752488,0.45556915
4166636068,0.32030678,0.46647096,0.21322227
4166691224,0.42980027,0.27605006,0.29414964
4166902731,0.38599446,0.38923097,0.22477451
4167318793,0.44556946,0.34659448,0.20783603
4167705965,0.26896527,0.45979005,0.27124465
4168015805,0.46748787,0.2979048,0.23460738
4168195654,0.3235675,0.48832816,0.18810433
4168217861,0.23642153,0.58541226,0.17816618
4168819879,0.27254933,0.40677586,0.3206748
4168940012,0.26221526,0.49348298,0.24430178
4170496928,0.40680104,0.30656147,0.28663754
4170788078,0.3940698,0.34490845,0.26102173
4171067017,0.34999853,0.37703806,0.2729634
4171224670,0.38585758,0.3946278,0.21951464
4171271542,0.33850706,0.359299,0.30219394
4171279316,0.4903952,0.31243837,0.19716646
4171593426,0.2694859,0.26517415,0.46533993
4171816182,0.35430664,0.38199,0.26370332
4172472084,0.4048863,0.3621094,0.23300427
4172609151,0.33477336,0.3143518,0.35087487
4172669833,0.30718163,0.4058353,0.28698304
4172898321,0.38785958,0.3787563,0.23338409
4173700973,0.37077093,0.40523478,0.22399424
4174462741,0.33465052,0.48636425,0.17898527
4174948918,0.37876856,0.37606668,0.2451647
4175203725,0.34237,0.4557253,0.20190468
4175367636,0.22730608,0.5433978,0.22929613
4175477007,0.36401653,0.38629866,0.24968484
4176087396,0.37002498,0.41335058,0.21662441
4177043408,0.33761692,0.3299234,0.33245975
4177214417,0.27236968,0.4959939,0.2316364
4177511337,0.36284852,0.34552673,0.29162475
4177809642,0.50112903,0.27361062,0.22526033
4178012968,0.5302036,0.25264817,0.21714827
4178409811,0.25805897,0.38469273,0.35724828
4178952599,0.49750805,0.28811932,0.21437266
4179290343,0.36995202,0.39082336,0.23922464
4180110449,0.41145897,0.3281813,0.26035973
4180442451,0.36479563,0.3361258,0.29907858
4181116519,0.35559133,0.3845588,0.25984988
4181143702,0.35526016,0.33070076,0.3140391
4181356924,0.48605743,0.30084088,0.21310169
4181369541,0.32122293,0.30579713,0.37297994
4181408495,0.37402278,0.38112655,0.24485067
4181957411,0.3720781,0.36052355,0.26739836
4182287043,0.41896057,0.36304462,0.21799481
4182362431,0.3483829,0.4072019,0.24441522
4182412427,0.30905193,0.28796718,0.40298092
4182568415,0.2774787,0.46336478,0.25915655
4182612223,0.32159862,0.43249342,0.24590796
4182676184,0.24302137,0.5486429,0.20833573
4182769623,0.38209784,0.3718052,0.24609701
4183613999,0.4125682,0.4000769,0.18735492
4183670912,0.5356948,0.27628917,0.18801606
4183983954,0.34966606,0.34896022,0.3013737
4184844164,0.34364444,0.33241677,0.32393882
4184957425,0.35409993,0.42691633,0.21898371
4185190563,0.3648314,0.40391195,0.23125663
4186061511,0.38390446,0.25539908,0.36069643
4186244509,0.2868726,0.5062683,0.20685905
4186489337,0.37042987,0.39161545,0.23795468
4186538905,0.33459997,0.34658402,0.31881604
4188382989,0.37185264,0.24653739,0.38160995
4189070973,0.39540166,0.3494705,0.25512788
4189628934,0.28782576,0.4054681,0.30670613
4190044324,0.2940393,0.45346382,0.2524969
4190172079,0.6137118,0.19368717,0.19260104
4191491926,0.40429407,0.4068995,0.18880641
4191803774,0.3560095,0.31747055,0.3265199
4191998097,0.3233918,0.29878524,0.37782294
4192406678,0.33052635,0.35935718,0.31011647
4192448522,0.3717085,0.40369678,0.2245947
4193273252,0.48923606,0.31966078,0.19110316
4193307072,0.3994888,0.36074543,0.2397658
4193775352,0.40323722,0.379977,0.2167858
4193908690,0.41127062,0.3609478,0.22778156
4194522033,0.42469233,0.36825448,0.2070532
4195312630,0.34713,0.4216014,0.23126861
4195618506,0.3712568,0.3769594,0.2517838
4195818957,0.3799711,0.36722416,0.2528047
4196104333,0.30958855,0.372815,0.3175964
4196542797,0.2909813,0.3515997,0.35741904
4197706170,0.38366783,0.31897485,0.29735732
4197739414,0.42627394,0.36505678,0.2086693
4197869230,0.338558,0.45069015,0.21075185
4198382072,0.38766646,0.3344888,0.27784476
4198426697,0.3093427,0.31670094,0.37395632
4198839115,0.35343048,0.4327364,0.21383312
4198855286,0.3322774,0.34780192,0.31992072
4198930172,0.36496705,0.32966954,0.30536342
4199657944,0.44545025,0.3515096,0.20304015
4199710834,0.44329232,0.29304993,0.26365778
4199749410,0.34594464,0.39571202,0.25834337
4199959504,0.3664913,0.4271028,0.20640588
4200116363,0.29652005,0.45985323,0.24362668
4200354648,0.3534523,0.3683403,0.27820736
4201340181,0.40542787,0.3036965,0.29087555
4201351583,0.26356494,0.42465767,0.3117774
4201958783,0.3462398,0.25081336,0.40294677
4202190863,0.48924267,0.28698823,0.22376911
4202470157,0.36719072,0.35411346,0.27869582
4202907543,0.3550803,0.42218292,0.22273679
4203370903,0.32157543,0.44355065,0.23487389
4203453793,0.45564902,0.33761802,0.20673294
4203467251,0.42808342,0.29870862,0.27320796
4203558115,0.4269945,0.32333905,0.24966645
4204148722,0.35487646,0.34374768,0.30137593
4204395711,0.48216367,0.31274843,0.2050879
4204760976,0.32889348,0.31595078,0.3551557
4205416862,0.39824343,0.29526532,0.30649126
4205556850,0.29541782,0.36536098,0.3392212
4206104127,0.41791177,0.37038153,0.21170668
4207872091,0.36503524,0.3103978,0.32456696
4207955292,0.32204008,0.45528993,0.22266997
4208363462,0.30147654,0.41467905,0.2838444
4209043802,0.311817,0.3877028,0.3004802
4209242419,0.38060722,0.38072252,0.23867023
4209314291,0.48355216,0.33401364,0.18243417
4209346609,0.3516643,0.40328646,0.24504927
4209952560,0.3551481,0.3897522,0.2550997
4210968637,0.26081482,0.2742368,0.46494848
4211109453,0.317471,0.4575336,0.22499542
4211159893,0.47650608,0.2847398,0.23875412
4211248122,0.39427692,0.38730288,0.2184202
4211935322,0.41917157,0.36134034,0.21948808
4211973456,0.35016984,0.31569836,0.33413184
4212480740,0.29062453,0.49641085,0.21296465
4213558167,0.31483856,0.31845114,0.36671025
4214871646,0.35049736,0.4062536,0.24324903
4214876898,0.48099694,0.28720444,0.23179865
4214992724,0.3161052,0.42586434,0.25803047
4215069194,0.2913123,0.5156666,0.19302112
4215382708,0.41079924,0.34793633,0.24126443
4215550633,0.46124715,0.30325344,0.23549935
4215802168,0.35486543,0.37942612,0.26570842
4216704538,0.5091564,0.28469902,0.2061446
4217081008,0.50039965,0.29455057,0.20504977
4217167328,0.3511279,0.43380225,0.21506985
4218205855,0.25702316,0.5066734,0.23630345
4219233608,0.3858531,0.3851041,0.2290428
4219323722,0.2712612,0.31292248,0.41581637
4220063789,0.37932017,0.27026975,0.3504101
4220305502,0.34622407,0.33900172,0.3147742
4220495759,0.45299423,0.2916301,0.25537568
4220751793,0.41078055,0.36297727,0.22624218
4221212915,0.38104856,0.27215636,0.34679508
4221534759,0.355978,0.35016245,0.2938596
4221900502,0.17808104,0.62322235,0.19869655
4222028214,0.24722978,0.31585693,0.4369133
4222740905,0.35374522,0.43505645,0.21119833
4222785443,0.50989056,0.29573092,0.1943785
4222953595,0.24760862,0.46778345,0.28460795
4223345373,0.57069,0.247042,0.18226805
4223399997,0.4756046,0.3297609,0.1946345
4223913492,0.3955084,0.304722,0.29976958
4224488475,0.37784922,0.3747269,0.24742395
4224532506,0.33477336,0.3143518,0.3508749
4224565288,0.40860072,0.36892933,0.2224699
4225692102,0.40544927,0.31115854,0.2833922
4225794120,0.44913876,0.31128883,0.23957242
4225915327,0.27050948,0.5221822,0.20730826
4226971091,0.30420756,0.42453188,0.27126056
4227221919,0.32404715,0.46267027,0.21328256
4227370967,0.3587977,0.41555616,0.22564617
4228081378,0.48110342,0.25935447,0.25954208
4228478004,0.38986504,0.39589566,0.21423924
4228958963,0.41160998,0.2893253,0.29906476
4228989625,0.4993807,0.27760535,0.22301394
4229024373,0.35071084,0.38557377,0.2637154
4230005877,0.5352187,0.26913527,0.19564596
4230246994,0.3250433,0.401389,0.27356768
4230414336,0.40613765,0.40394247,0.18991986
4230898138,0.2717735,0.52039504,0.20783147
4231263115,0.37251344,0.3588636,0.268623
4231503949,0.27547765,0.3928629,0.33165944
4231995963,0.34082866,0.37251478,0.2866566
4232184126,0.3543266,0.44133383,0.2043395
4232378807,0.5304161,0.2555679,0.214016
4232786108,0.32863536,0.35961393,0.3117507
4232797987,0.31288522,0.39839047,0.2887243
4233308113,0.40220386,0.3944294,0.20336676
4233633398,0.30959827,0.3899352,0.30046657
4236294114,0.40239128,0.35639125,0.24121743
4236381781,0.43915707,0.33221468,0.22862819
4236412174,0.3269039,0.3443942,0.32870185
4236514722,0.43389076,0.37483585,0.19127336
4236828450,0.30905598,0.44951022,0.24143377
4237064537,0.35947007,0.45803827,0.18249172
4237294362,0.3694943,0.41930592,0.21119978
4238239499,0.24830452,0.5477087,0.20398676
4238456955,0.35610077,0.42716587,0.2167334
4239091133,0.37606078,0.36695027,0.25698888
4239785503,0.34770876,0.43135875,0.2209325
4240526944,0.41122168,0.21258776,0.37619054
4240801841,0.38409245,0.33890814,0.2769994
4240832884,0.34830427,0.34750557,0.3041901
4240992154,0.4757293,0.2877031,0.23656762
4241325093,0.30653942,0.48960918,0.2038514
4241355217,0.40514794,0.35953945,0.23531258
4241508462,0.24104515,0.22115001,0.53780484
4241549408,0.34354952,0.47114804,0.18530244
4241576673,0.34178862,0.3837487,0.2744627
4241859190,0.26148444,0.4985404,0.23997515
4242444282,0.24182343,0.54692674,0.2112498
4242574699,0.34934208,0.3971281,0.2535298
4243121188,0.41038704,0.3026861,0.28692687
4243714918,0.29441178,0.5062983,0.19928992
4243756531,0.36909717,0.35941973,0.2714831
4243770332,0.3723187,0.33796573,0.28971553
4244054400,0.36831453,0.4000252,0.23166029
4244151675,0.34677184,0.43628836,0.2169398
4244284786,0.39820772,0.2621063,0.33968595
4244474169,0.5791978,0.20072588,0.22007632
4244955800,0.3738699,0.32645145,0.29967862
4245370350,0.3489317,0.41033995,0.24072838
4245922310,0.30204457,0.46205652,0.23589888
4246029635,0.47094494,0.33535418,0.19370088
4246199688,0.37409353,0.34888554,0.27702093
4246239046,0.36365885,0.3969634,0.2393778
4246836600,0.36161828,0.34502357,0.29335818
4247868851,0.34432042,0.35396108,0.3017185
4248288950,0.44928408,0.35187435,0.19884154
4248422661,0.4367162,0.3159533,0.24733046
4250851020,0.29298842,0.36208183,0.34492975
4250938512,0.48739964,0.29391295,0.21868736
4250986046,0.47756425,0.28759795,0.23483779
4251429279,0.23706701,0.5800556,0.18287739
4251452860,0.4740822,0.31385922,0.21205856
4251496736,0.3676846,0.38996357,0.24235177
4251612311,0.25493535,0.36758018,0.37748438
4252192977,0.27623326,0.3226068,0.40116
4252239775,0.27526036,0.3862138,0.33852583
4252890088,0.28391197,0.3732581,0.3428299
4253056609,0.5807462,0.22328913,0.19596471
4253868786,0.30169368,0.41707316,0.2812331
4254995417,0.35911334,0.42697656,0.21391007
4254997382,0.33185267,0.34349683,0.32465047
4256116847,0.4034813,0.37533382,0.22118488
4256363151,0.23624453,0.485453,0.27830243
4256422362,0.29014352,0.3935811,0.31627542
4256678143,0.35530138,0.42590225,0.21879636
4257385400,0.3819269,0.34799665,0.2700764
4257761980,0.36467844,0.42112297,0.21419862
4257913568,0.3579002,0.3359047,0.30619505
4258096767,0.40851927,0.37268248,0.21879825
4258514130,0.2914284,0.4943158,0.21425578
4258703887,0.36399424,0.35913587,0.2768699
4259559419,0.33734572,0.43613088,0.2265234
4260360143,0.29174846,0.44743854,0.260813
4260473622,0.36972293,0.3571154,0.27316165
4261147158,0.3370719,0.36744198,0.29548615
4261292892,0.34817702,0.3395347,0.31228834
4261741941,0.3817677,0.4056653,0.21256697
4262210152,0.5038141,0.30848902,0.18769692
4262557415,0.30922577,0.40844688,0.28232735
4262858440,0.34209454,0.37508443,0.28282106
4262871745,0.39844105,0.33868533,0.2628736
4263175476,0.29593462,0.43980077,0.2642646
4263476909,0.4296587,0.3614493,0.20889202
4264624971,0.33496276,0.45715845,0.20787875
4265282380,0.17150499,0.17150497,0.65699005
4265285152,0.3992064,0.3728202,0.2279734
4265299832,0.3335107,0.41293526,0.2535541
4265613587,0.34301943,0.35361946,0.30336106
4265755159,0.38754717,0.39378285,0.21866997
4266017182,0.28147477,0.4936067,0.22491857
4266376055,0.30803692,0.4009658,0.29099718
4266423169,0.25828806,0.47554815,0.26616377
4267557334,0.27247104,0.5257026,0.2018264
4267705016,0.42189336,0.3327303,0.24537635
4267863455,0.3444092,0.34826905,0.30732176
4267918914,0.51910233,0.25034565,0.23055208
4268964956,0.41059595,0.36382273,0.22558132
4269134558,0.3832056,0.3539833,0.2628111
4270158198,0.20680252,0.627954,0.16524346
4270454534,0.5050744,0.28853923,0.20638633
4270923962,0.36490116,0.40402567,0.23107317
4271983620,0.30912834,0.47530025,0.21557145
4272339443,0.5150026,0.26204634,0.22295105
4272531315,0.3229543,0.37402016,0.30302554
4272853548,0.3319428,0.39206132,0.27599585
4273144571,0.41639638,0.3597141,0.22388947
4273597147,0.3268243,0.29536387,0.37781185
4273865862,0.32158512,0.38855743,0.2898574
4274170042,0.31664285,0.4181105,0.2652467
4274213987,0.46933275,0.30075842,0.22990882
4274709381,0.35400543,0.4070922,0.23890233
4275731597,0.43694633,0.3342021,0.22885154
4276398848,0.47449678,0.26966876,0.25583452
4276683665,0.31682554,0.48725456,0.1959199
4276823101,0.43175852,0.33588645,0.23235509
4277867024,0.4041317,0.2666512,0.32921708
4279320646,0.34999707,0.43221426,0.21778864
4279484921,0.24326038,0.25307846,0.5036612
4280484596,0.37886876,0.4061572,0.21497402
4280584901,0.35750848,0.365453,0.27703848
4281318990,0.4321289,0.33445436,0.23341675
4281808840,0.38638407,0.36559904,0.24801692
4283060301,0.3855338,0.39029342,0.22417279
4283155008,0.28666362,0.3273691,0.38596725
4283201974,0.25784573,0.5500301,0.19212416
4283268144,0.45363668,0.32631397,0.22004932
4283302429,0.34346956,0.4215963,0.23493415
4283417150,0.6050186,0.20761818,0.18736327
4284791770,0.24727066,0.32579413,0.42693517
4284829096,0.31172162,0.39497042,0.2933079
4285075538,0.28300154,0.4962776,0.22072083
4285389648,0.34403712,0.38306463,0.27289817
4285522601,0.37180418,0.3191849,0.30901092
4285859683,0.3057864,0.27731055,0.41690308
4286909142,0.46944422,0.29454747,0.23600829
4286942126,0.36611113,0.30883247,0.32505637
4287058426,0.3711114,0.39756984,0.23131873
4287127543,0.38879436,0.34284997,0.2683556
4288743085,0.48532376,0.29407966,0.22059657
4288828318,0.35867977,0.4193359,0.22198439
4288871502,0.5056024,0.31255412,0.18184349
4289920922,0.48364186,0.27701,0.23934814
4290029285,0.3329488,0.43963936,0.22741178
4290090302,0.34203976,0.38489896,0.27306128
4290567181,0.4641857,0.30310792,0.2327064
4290579575,0.3035375,0.45116794,0.24529459
4290849528,0.32253537,0.44179556,0.23566909
4291106174,0.3462876,0.36215362,0.29155874
4291367819,0.53877,0.2536287,0.20760123
4291445966,0.38991863,0.386519,0.22356233
4291999244,0.37489143,0.41941872,0.20568985
4292179357,0.2782206,0.41559136,0.30618805
4292218083,0.47521538,0.30644375,0.21834084
4292525395,0.33675548,0.33422476,0.32901973
4292914487,0.3759804,0.35498768,0.2690319
4293086442,0.5826849,0.2094946,0.20782049
4293767723,0.3273797,0.43891072,0.23370957
4294020084,0.33767152,0.31870234,0.34362614
4294144396,0.44288427,0.31638336,0.24073237
4294947231,0.38608924,0.23856348,0.37534732
