id,winner_model_a,winner_model_b,winner_tie
313413,0.46556202,0.2498833,0.28455472
497862,0.54624474,0.24174705,0.21200818
587904,0.41122687,0.2842455,0.3045276
604575,0.31119725,0.38858762,0.30021515
862324,0.25050744,0.32679904,0.42269358
1120158,0.39553508,0.3147386,0.28972626
1491225,0.043966044,0.12759389,0.82844
2802516,0.40233162,0.2720978,0.32557058
2912862,0.42021716,0.26492018,0.31486273
3254113,0.31382358,0.34666973,0.33950666
3259481,0.33788106,0.18008104,0.4820379
3445782,0.5830355,0.20100039,0.21596405
3499263,0.39333567,0.31915823,0.2875061
3643104,0.20704624,0.4961777,0.29677606
4961077,0.25790247,0.29547048,0.44662708
5069186,0.5602941,0.13779435,0.30191156
5187535,0.28367454,0.38508525,0.33124015
5188727,0.4203142,0.23191874,0.3477671
6287371,0.15460573,0.62034357,0.22505075
6817408,0.5500381,0.14812383,0.301838
7047857,0.8321145,0.0693622,0.098523326
7599930,0.29911754,0.363083,0.33779955
8322953,0.2801592,0.3766976,0.34314317
8785767,0.38338193,0.3642407,0.25237736
9534298,0.6280016,0.13942447,0.23257399
9740296,0.73800004,0.015405299,0.24659465
10798145,0.3426069,0.40115726,0.25623587
10974521,0.27812144,0.46515092,0.25672764
11036870,0.4248797,0.2866156,0.28850472
11288315,0.30778444,0.39059436,0.3016212
11462903,0.675342,0.097772226,0.22688581
11477748,0.42645985,0.28631496,0.28722525
11570555,0.09632135,0.08059162,0.8230871
11607871,0.31102115,0.45925453,0.22972433
11953413,0.360156,0.36486667,0.2749774
12749848,0.03417493,0.8215482,0.14427692
13347957,0.28431606,0.26935354,0.4463305
13678371,0.5599334,0.16195254,0.27811402
13709106,0.56813,0.20526162,0.22660841
13735973,0.3676456,0.14312148,0.48923287
15372768,0.41446957,0.27520692,0.31032348
16134621,0.33339542,0.1722355,0.49436906
16593225,0.48122543,0.259294,0.25948057
16956280,0.07907253,0.46324182,0.4576857
17452762,0.073878296,0.778854,0.14726774
17846323,0.8033759,0.019224877,0.1773992
18094964,0.37522957,0.2935283,0.33124214
18229379,0.16081882,0.14630885,0.69287235
18777426,0.27644223,0.36918244,0.3543754
18802659,0.29661527,0.4526912,0.2506936
19190525,0.3561943,0.35355267,0.29025304
20579712,0.6458581,0.09495509,0.2591868
20960602,0.22215058,0.5373254,0.24052408
21076858,0.4015154,0.29817542,0.30030924
21546978,0.3684385,0.27597216,0.3555894
21998657,0.3744015,0.32823464,0.29736385
22203562,0.34643394,0.3025562,0.3510098
22875501,0.33883628,0.25181252,0.4093512
23454698,0.4287351,0.27076265,0.30050233
23476865,0.350678,0.36578888,0.2835332
23886831,0.21837796,0.53040683,0.25121525
23949628,0.5509063,0.2474097,0.20168403
23974130,0.4652557,0.26711538,0.26762894
24079185,0.42015502,0.106846966,0.472998
24244682,0.5732698,0.20435044,0.22237983
24355595,0.3276646,0.36103395,0.31130144
25269381,0.3838795,0.29271945,0.32340106
25927022,0.36471385,0.35287905,0.28240713
26390985,0.08562668,0.45030767,0.46406564
26741574,0.3878377,0.26807836,0.344084
26880709,0.4436775,0.27050778,0.2858147
26910129,0.20112853,0.42055574,0.37831578
26928706,0.2633218,0.33467457,0.40200368
27640786,0.3746978,0.33227482,0.29302737
27672843,0.42648768,0.30277753,0.27073476
28502436,0.18900566,0.5453123,0.26568213
28694407,0.35100886,0.36254603,0.28644505
28810507,0.44385606,0.284226,0.27191797
29409951,0.46333233,0.244247,0.29242063
29500587,0.6525451,0.14687914,0.20057577
29890516,0.1908288,0.44841832,0.3607529
30299961,0.25493407,0.35705277,0.3880131
30632871,0.23379152,0.48180395,0.28440452
30633394,0.5325095,0.2783314,0.18915911
30651405,0.45053983,0.26896638,0.28049377
31919812,0.30637825,0.14398108,0.5496407
31981480,0.30138835,0.268271,0.43034068
32074050,0.30054694,0.38469058,0.31476256
32354026,0.26803613,0.46354914,0.2684147
32405882,0.5122669,0.24566974,0.24206343
33861741,0.23477209,0.42852655,0.33670136
34135285,0.23959517,0.49306622,0.2673386
34137502,0.57439363,0.1583376,0.26726878
34712778,0.62275183,0.12879741,0.24845068
34780911,0.45646027,0.27155218,0.2719876
34888646,0.19860865,0.5691798,0.23221159
34934612,0.053904306,0.053904306,0.8921915
34946957,0.27806196,0.3889171,0.33302087
35303250,0.34143734,0.3012808,0.35728186
36062822,0.2858055,0.45079443,0.26340005
36222911,0.15909837,0.6161499,0.22475177
36530527,0.20704836,0.27683705,0.5161146
37203239,0.36767688,0.2608104,0.37151274
37206390,0.16616918,0.45009398,0.38373685
37270092,0.59388363,0.18683015,0.2192862
37409670,0.7051079,0.12708297,0.16780917
37611174,0.521339,0.25225577,0.22640516
38760658,0.3639308,0.35061893,0.28545022
39691906,0.35167113,0.31731138,0.33101755
40014519,0.31477702,0.39245713,0.29276586
40059390,0.26387876,0.42637166,0.30974966
40172326,0.31960326,0.36207804,0.31831867
40469994,0.23693958,0.554006,0.2090544
40718039,0.4489952,0.2586978,0.29230702
42196315,0.080132894,0.80338645,0.11648073
42441079,0.12862517,0.3074537,0.56392103
44132997,0.1532061,0.49903253,0.3477614
44286334,0.31528115,0.38015318,0.3045656
44429455,0.5569667,0.20141979,0.24161348
45083686,0.46689832,0.26945454,0.26364717
45679685,0.27468118,0.34790733,0.3774114
45871743,0.30448806,0.41581863,0.27969328
46809189,0.6458165,0.07075197,0.28343147
46876466,0.12207705,0.08716481,0.7907582
48142269,0.47254795,0.29812756,0.22932453
48165008,0.40906563,0.3140275,0.2769069
48179205,0.45809123,0.318499,0.22340977
48264930,0.114900395,0.68700826,0.19809136
48300687,0.51995987,0.17130367,0.30873647
49148726,0.535564,0.257721,0.20671499
49213656,0.428524,0.23770542,0.33377063
49360504,0.07751943,0.14195105,0.7805295
49465636,0.02307314,0.81922334,0.15770361
49947138,0.069940075,0.49289793,0.43716198
50589143,0.51839167,0.07048888,0.41111943
50608374,0.3108192,0.4053057,0.2838751
50914747,0.33690804,0.41018072,0.25291118
51122739,0.35530877,0.21894063,0.4257506
51460330,0.78030014,0.08304172,0.13665803
51490527,0.42180368,0.3142707,0.26392567
51497349,0.32949364,0.3138129,0.35669345
51557426,0.23485705,0.5113792,0.25376382
51782523,0.45486262,0.2281724,0.31696495
51806745,0.55815256,0.19217439,0.249673
51857553,0.31774288,0.32832637,0.3539307
51908978,0.3272305,0.35667357,0.31609595
52088968,0.31685743,0.30515328,0.37798932
52353020,0.29421785,0.51587784,0.18990433
52356911,0.44558096,0.2748677,0.27955133
52388359,0.4302469,0.27556366,0.29418948
52893105,0.31125993,0.40314448,0.2855956
53058989,0.28694445,0.41265973,0.30039588
53527420,0.29357174,0.45603982,0.25038847
54081918,0.26643524,0.45282423,0.28074053
54230341,0.21216759,0.5332156,0.2546168
55076734,0.70602024,0.08546398,0.2085158
55301863,0.41224512,0.26300862,0.32474625
55414738,0.40663606,0.27081913,0.32254487
55695969,0.121324025,0.6693876,0.20928834
55698583,0.28567106,0.33184072,0.38248825
55873199,0.426544,0.34398234,0.22947359
55908596,0.08628677,0.6742432,0.23947008
56432908,0.12616922,0.13050126,0.7433295
56494128,0.38544464,0.22467126,0.38988414
56636147,0.5724769,0.20811795,0.2194052
56733980,0.086559825,0.788402,0.12503824
56973692,0.31160498,0.1532141,0.5351809
57056642,0.31025445,0.41077518,0.2789704
58129946,0.31370607,0.37549308,0.3108009
58207052,0.3557614,0.29590073,0.3483379
58430697,0.39148054,0.2882049,0.3203146
58586803,0.28485483,0.32591036,0.38923478
59036967,0.1466832,0.25230613,0.60101074
59247765,0.44284925,0.26446617,0.29268453
59404456,0.21894996,0.48757586,0.29347414
59408135,0.39947376,0.21655278,0.38397354
59727862,0.27510968,0.29331508,0.43157527
60121960,0.3080687,0.43252045,0.25941086
61343237,0.46511495,0.22797427,0.3069108
61501780,0.46474147,0.22361004,0.31164852
61558028,0.29934907,0.3651457,0.33550528
61609805,0.32431778,0.32529268,0.3503895
61619064,0.27549666,0.5100221,0.21448131
61864121,0.21554062,0.44129074,0.34316865
62069597,0.5822019,0.17333205,0.24446607
62220900,0.33159187,0.35909015,0.309318
63662467,0.21328765,0.21428007,0.5724322
64211461,0.20052834,0.29993182,0.49953982
64715260,0.3071803,0.4319062,0.2609136
65111410,0.36632085,0.34122714,0.29245198
65766556,0.68925345,0.13125348,0.17949308
66848153,0.5611444,0.20633416,0.23252137
67327709,0.21724597,0.5252397,0.25751427
67606846,0.34652168,0.32490772,0.3285706
68211145,0.23090202,0.5345876,0.23451036
68593198,0.44824716,0.23870595,0.31304693
68833317,0.28377688,0.43278578,0.28343737
69094828,0.2602876,0.32384577,0.41586655
70903723,0.46357974,0.21593772,0.32048252
71770169,0.33528623,0.30785698,0.35685673
72135386,0.14552818,0.14552818,0.70894367
72237387,0.10169682,0.6858705,0.21243261
73160920,0.26674697,0.45631757,0.2769354
73288796,0.2650435,0.35021022,0.38474625
73905810,0.426485,0.3252283,0.24828662
74274070,0.51007795,0.22829725,0.26162484
74458627,0.25845456,0.51485145,0.22669394
74771281,0.11576293,0.6794901,0.204747
75162689,0.27236718,0.3620744,0.36555848
75221603,0.405493,0.2486765,0.3458305
75510608,0.26385716,0.4577512,0.27839163
76546068,0.2678412,0.22907335,0.5030854
76929915,0.14246643,0.6356727,0.22186096
77620894,0.3618554,0.2519841,0.38616064
77862025,0.1472669,0.49631044,0.35642266
78048540,0.16702253,0.65379167,0.17918591
78276181,0.3360802,0.26498452,0.39893526
79629494,0.2857816,0.48683864,0.22737977
79890507,0.24205787,0.49536136,0.26258084
80082858,0.16783957,0.57900095,0.25315955
80657707,0.29092675,0.42240193,0.28667125
81185517,0.37265036,0.3580582,0.26929143
81235835,0.33520547,0.37514657,0.2896479
81653300,0.18586521,0.5640444,0.2500904
81655735,0.31370658,0.2041473,0.48214614
81731578,0.2358833,0.5068548,0.25726196
82241435,0.26723883,0.49044368,0.24231753
83377839,0.1799903,0.610394,0.20961566
83451493,0.2743731,0.43479106,0.2908358
84377416,0.23383753,0.34887528,0.41728708
84389393,0.43657538,0.18295152,0.38047308
85273352,0.47856444,0.2527927,0.2686429
85516503,0.3372691,0.32176507,0.34096587
85565223,0.14118417,0.5173416,0.3414742
86063424,0.5234641,0.20619006,0.27034572
86870228,0.32533285,0.38456503,0.29010212
87253114,0.12608513,0.3103376,0.5635773
87284463,0.09406154,0.7626126,0.14332598
87490807,0.38212204,0.33619052,0.2816875
87763287,0.41873357,0.35287538,0.22839108
88139056,0.2878073,0.29982787,0.41236484
88633480,0.3546729,0.28547916,0.35984796
88870528,0.66977316,0.15039098,0.17983581
88975668,0.5626007,0.27721864,0.16018076
90309616,0.53673863,0.14838198,0.3148794
90318969,0.26140738,0.3781013,0.3604914
90499918,0.6202896,0.17178242,0.207928
90530234,0.21829042,0.50611496,0.27559462
91010489,0.4520571,0.2692683,0.2786746
91036999,0.46200827,0.16295967,0.37503207
91072929,0.16680261,0.5981665,0.23503084
91200921,0.19040702,0.53473854,0.27485436
91890530,0.18640284,0.5750561,0.23854119
91910103,0.4278853,0.2362302,0.3358845
92214682,0.13310789,0.5612182,0.30567396
92657890,0.15116212,0.4714599,0.377378
94023215,0.20188345,0.5391201,0.25899637
94095678,0.4399119,0.2790762,0.2810119
94166335,0.048218526,0.59886116,0.3529203
94423307,0.07259605,0.19078703,0.73661697
94559008,0.52786696,0.21299273,0.2591403
95019533,0.2475549,0.2882272,0.46421793
95042730,0.41225496,0.30554014,0.2822049
95945153,0.27563578,0.48317114,0.24119312
96344904,0.4820694,0.23523611,0.28269446
96410999,0.25460693,0.5048463,0.24054684
96574725,0.4859408,0.01863368,0.49542552
96638380,0.3097761,0.49614143,0.19408248
97360777,0.17380874,0.18022269,0.64596856
97445496,0.6314394,0.16995157,0.19860905
97715567,0.5371786,0.21479736,0.24802408
98286543,0.31001517,0.3390601,0.35092467
98864387,0.4320888,0.33577803,0.2321332
99141574,0.24622037,0.44085845,0.31292117
99602950,0.45231244,0.29610765,0.25157988
99615539,0.18495049,0.4748074,0.34024215
100272253,0.32166964,0.37561974,0.30271062
100925297,0.1840361,0.52269375,0.29327014
101156092,0.35064247,0.2711922,0.37816533
101285917,0.55878717,0.20189755,0.23931533
101511137,0.3551475,0.36152008,0.28333244
101774346,0.27591255,0.40258735,0.32150012
102279008,0.3093262,0.326259,0.3644148
103982723,0.4453616,0.23950292,0.31513545
104426062,0.30571267,0.18252364,0.51176363
104444797,0.22597006,0.15240425,0.6216257
104646942,0.44274548,0.21081352,0.346441
104773595,0.41367364,0.30283123,0.28349513
105365883,0.27716675,0.4905926,0.23224059
106517636,0.2361879,0.48103994,0.28277215
107484016,0.1932438,0.37545744,0.4312987
107929474,0.34132114,0.35386163,0.30481723
108183829,0.32998452,0.41102284,0.25899255
108619841,0.37187085,0.31689715,0.31123212
109865867,0.35601002,0.35122734,0.2927626
110174608,0.3447577,0.40934727,0.24589501
110694476,0.25258714,0.4655195,0.28189334
111144115,0.16684043,0.5483515,0.284808
111591547,0.13735364,0.3215112,0.54113513
111800951,0.33807552,0.23638748,0.42553705
111979495,0.33482313,0.28315204,0.38202477
113322996,0.3062356,0.38603595,0.30772844
113533799,0.33024782,0.3632413,0.3065109
114099029,0.41080064,0.2622051,0.32699427
114912688,0.46706,0.25459185,0.2783482
114961673,0.38608322,0.25256434,0.36135247
116005242,0.12553301,0.15497541,0.7194916
116673066,0.62839454,0.1477011,0.22390443
117012844,0.16750127,0.63572836,0.19677041
117219507,0.73380965,0.07853376,0.18765655
117265612,0.62677777,0.23120059,0.14202164
117272656,0.3589208,0.18751232,0.45356688
117959541,0.352153,0.32744136,0.32040554
118159656,0.26388025,0.3352977,0.40082204
118655033,0.39870757,0.3069263,0.29436606
119195200,0.38378087,0.18296687,0.43325222
119246254,0.23280558,0.52221936,0.24497508
120279613,0.36680502,0.2507812,0.3824138
121182436,0.7202498,0.11732488,0.16242541
121733546,0.5479153,0.24071737,0.21136738
122013844,0.35441828,0.2589286,0.3866531
122134546,0.7904398,0.046561275,0.16299899
122160973,0.44811466,0.26233107,0.28955433
122577886,0.36080247,0.29777214,0.34142536
122775923,0.14679636,0.21058823,0.64261544
124255384,0.8649395,0.040567394,0.09449306
124932959,0.24758612,0.45912275,0.29329124
125468438,0.3941664,0.2208409,0.38499275
125493611,0.21373424,0.47192773,0.314338
125599328,0.036488615,0.10887804,0.8546334
126018958,0.37915027,0.31291494,0.30793482
126227049,0.50847775,0.24971347,0.24180874
126678421,0.38102,0.31300864,0.30597138
126736413,0.38477498,0.36151382,0.25371125
126977696,0.22070554,0.46197268,0.3173218
127640629,0.35963687,0.33697185,0.30339137
127870848,0.35670823,0.14168282,0.5016089
127952450,0.31400043,0.4053081,0.28069153
128621477,0.36551663,0.1078723,0.5266111
129151326,0.46906233,0.27387914,0.2570585
129439345,0.25574824,0.39854413,0.3457076
130773051,0.1268264,0.67938906,0.19378453
130853270,0.329415,0.4226014,0.24798366
131428961,0.6621859,0.1443839,0.19343017
131589513,0.16295539,0.5953208,0.24172384
131815904,0.6858067,0.09767162,0.2165216
131913663,0.23995085,0.47967145,0.2803777
131976127,0.2904971,0.46824262,0.24126026
132447208,0.1764582,0.5562803,0.26726156
132674740,0.537825,0.21724515,0.24492985
133547624,0.3463658,0.30449393,0.34914023
133806778,0.3402526,0.3773464,0.28240103
134134770,0.3243861,0.41504762,0.26056623
135712120,0.23706923,0.3811422,0.38178858
135748570,0.25856227,0.24809301,0.49334475
135821542,0.39522982,0.3115992,0.29317105
135936109,0.6188097,0.13724175,0.24394852
136170568,0.27748123,0.46912193,0.25339684
136663969,0.45019296,0.2682392,0.2815679
136676644,0.12273774,0.60972464,0.26753753
137517882,0.1716217,0.57005894,0.25831938
137927307,0.42296615,0.30319372,0.2738402
138084191,0.13172987,0.35548162,0.5127886
138088289,0.40826818,0.2653998,0.32633203
138150255,0.37704158,0.31671375,0.3062447
138208581,0.45222238,0.25485992,0.29291764
138790660,0.57181334,0.07114401,0.35704264
139583603,0.38100818,0.26410204,0.35488978
142046731,0.32665968,0.3648866,0.30845368
142359881,0.32962182,0.29356146,0.37681678
143068476,0.3430489,0.3701943,0.28675675
143401888,0.49941733,0.20492338,0.29565933
143411874,0.2342392,0.33481267,0.4309481
143558501,0.16847534,0.62396187,0.20756273
143789824,0.4240804,0.30694103,0.26897866
144095044,0.24603006,0.4715007,0.2824693
144276703,0.25262046,0.454292,0.2930876
144375426,0.25325397,0.32701212,0.4197339
144400163,0.3369856,0.3780786,0.28493583
145191896,0.20204523,0.476212,0.32174268
145405672,0.36858362,0.31664264,0.3147737
145561897,0.3247145,0.3402823,0.33500326
145827113,0.40607074,0.30318096,0.29074833
146344468,0.20879683,0.30679354,0.4844096
146980204,0.38484618,0.33701608,0.27813774
147014780,0.7940866,0.07524272,0.13067065
147063229,0.25347635,0.46388674,0.28263682
147092774,0.33026314,0.3975637,0.27217326
147291492,0.3072985,0.37675637,0.31594524
147468615,0.34090084,0.37839606,0.2807031
147919367,0.34496528,0.3446916,0.31034315
148229679,0.23272516,0.47528806,0.2919868
148258418,0.39078847,0.32386738,0.28534406
148312752,0.15697266,0.5876264,0.25540096
149100026,0.64092207,0.15843494,0.20064303
149151854,0.13511872,0.61979866,0.24508266
149264495,0.21286382,0.4906946,0.29644156
149284203,0.30885154,0.39454687,0.29660156
149413088,0.49420998,0.17688935,0.32890067
150129771,0.26803643,0.4216164,0.3103472
150838035,0.3261243,0.3027181,0.37115765
151398771,0.47215715,0.25412548,0.2737174
151584682,0.42159557,0.27778062,0.30062377
151787967,0.475788,0.26511696,0.259095
151937833,0.3229544,0.3069886,0.370057
151960085,0.26805818,0.47571003,0.25623184
152205405,0.3845088,0.27368796,0.34180334
152461046,0.21204996,0.31192246,0.47602755
153238616,0.37237284,0.37881756,0.24880965
154218566,0.21827613,0.5265236,0.25520033
154660688,0.30446577,0.2998631,0.39567113
156361177,0.23524089,0.28518027,0.4795789
157180273,0.3854669,0.25838727,0.3561459
157204357,0.32124373,0.24210846,0.43664783
157324307,0.25020787,0.3330766,0.4167155
157570376,0.097520374,0.6861902,0.21628942
157683879,0.34814087,0.22977526,0.4220839
159356777,0.1647821,0.6500966,0.18512121
159976261,0.41195422,0.21255381,0.37549195
160206260,0.23764867,0.44161925,0.320732
160574040,0.29463735,0.40371123,0.3016514
160922869,0.31719035,0.37537318,0.30743647
161260796,0.501854,0.23731408,0.26083195
161269431,0.35976407,0.35553664,0.28469935
161279088,0.30899483,0.37951633,0.3114888
162636691,0.28190193,0.45255536,0.26554275
162813583,0.19809586,0.4904274,0.3114767
163230945,0.30818313,0.3094526,0.3823643
163743238,0.24619548,0.4808458,0.2729588
163859185,0.13210799,0.38555276,0.48233926
164041116,0.20838326,0.51580185,0.27581495
164059111,0.4368576,0.3035927,0.25954968
164166763,0.34319997,0.34271207,0.31408796
164272932,0.87862283,0.022661477,0.09871575
164502756,0.51445204,0.23411784,0.2514302
164659921,0.29341644,0.42803812,0.2785454
164806500,0.42114466,0.32052004,0.25833526
164929177,0.25190005,0.23578557,0.5123144
165163307,0.19692506,0.6197975,0.18327741
165845444,0.22547816,0.16236939,0.6121524
165854494,0.0165897,0.8999295,0.083480686
167028495,0.2944178,0.370074,0.33550817
167266978,0.3317907,0.33212337,0.3360859
167278818,0.32735422,0.36956733,0.3030784
167419725,0.64632237,0.11692349,0.2367541
167592984,0.44074816,0.30526036,0.25399154
167876959,0.7487646,0.09940511,0.15183038
168503533,0.4146998,0.26720774,0.31809247
169526192,0.11314638,0.13037205,0.7564816
169784149,0.6639634,0.13092743,0.20510915
169954315,0.24907267,0.35556597,0.39536136
172104274,0.3543812,0.32690385,0.31871504
172489334,0.33462,0.37928337,0.28609663
173765586,0.15348306,0.6406565,0.20586045
174210323,0.43252295,0.19373795,0.37373912
174239985,0.16625786,0.63163334,0.20210883
174859383,0.20730151,0.5864178,0.20628065
174959811,0.21791895,0.2857406,0.49634045
175378791,0.35821804,0.38282096,0.25896102
175598127,0.29007939,0.3763736,0.33354703
175717836,0.4120418,0.27314946,0.3148088
175866822,0.39926627,0.29210007,0.30863371
176044840,0.28518146,0.41540524,0.29941335
176112915,0.22547962,0.38433322,0.39018717
176293155,0.48981926,0.1590146,0.3511661
176547811,0.22834702,0.36968243,0.40197057
176656350,0.41293335,0.27626243,0.31080425
176684487,0.5477177,0.22482361,0.22745866
176777033,0.3650589,0.2838035,0.35113764
177032456,0.17800477,0.2831088,0.5388865
178114498,0.26172477,0.4060719,0.33220333
178191127,0.2486366,0.44721526,0.30414814
178785698,0.58342785,0.16549458,0.25107756
178896809,0.2812997,0.36976582,0.34893444
179170564,0.4304704,0.26594603,0.30358365
179464373,0.16334097,0.62696666,0.20969231
179757471,0.39596534,0.27872312,0.32531148
179771641,0.36335582,0.3562936,0.28035063
179926491,0.50027466,0.17133975,0.32838565
179943906,0.30982143,0.123611934,0.56656665
180486224,0.33707044,0.3722805,0.2906491
180822212,0.2231116,0.34234145,0.43454692
180973025,0.45887434,0.2124448,0.32868087
181022960,0.35959885,0.27935913,0.36104202
181261423,0.5221684,0.21294636,0.26488525
182017603,0.37495473,0.15619475,0.46885055
182061143,0.14360261,0.2895298,0.5668676
182092577,0.6630241,0.13656344,0.20041245
182165985,0.5027155,0.20979913,0.2874854
182199878,0.22002104,0.5139572,0.26602173
183024850,0.31545413,0.41089448,0.27365136
183575714,0.17788775,0.5958518,0.2262605
184336585,0.45037422,0.272332,0.2772937
184476329,0.5191201,0.19914603,0.28173387
184894470,0.41778225,0.26604813,0.31616962
185307942,0.10073967,0.10607864,0.79318166
186788542,0.44680077,0.29659456,0.25660464
187082898,0.37714386,0.30748722,0.31536898
187273758,0.07095796,0.34827816,0.58076394
187507365,0.25488523,0.1644993,0.5806155
188707092,0.21310939,0.44960293,0.33728766
188737033,0.41177315,0.24687372,0.34135324
189071365,0.29141718,0.4366095,0.2719733
189859519,0.364607,0.29125553,0.34413752
190033685,0.38573167,0.22130679,0.39296153
190103384,0.37509722,0.30601543,0.31888735
190170879,0.67679477,0.12716739,0.1960379
190244866,0.24640216,0.35333616,0.40026173
190645928,0.36216795,0.31020683,0.32762516
191511600,0.40112782,0.39280018,0.20607197
191764079,0.4407194,0.26026598,0.29901457
192217120,0.38486758,0.32035443,0.29477802
193083004,0.3981916,0.2746146,0.32719377
193426836,0.44501317,0.2678427,0.28714412
194110594,0.41651314,0.30444878,0.279038
194801768,0.2666853,0.3005729,0.43274176
195713343,0.24690077,0.50803804,0.24506119
195945682,0.3557481,0.3218936,0.32235834
195978680,0.64424187,0.17755364,0.1782045
196490614,0.3686882,0.35280526,0.27850664
196506254,0.45343342,0.30010512,0.24646144
196695252,0.18910664,0.59911567,0.21177761
197246496,0.2108528,0.5365185,0.25262862
199754128,0.4793384,0.12046783,0.40019378
199948186,0.22657114,0.32336318,0.4500657
200298946,0.35836312,0.29305,0.34858695
200804332,0.31102553,0.21918797,0.46978658
201084034,0.36545676,0.3709098,0.26363343
201111181,0.7111448,0.11422398,0.1746312
201281309,0.25591123,0.42389116,0.32019758
201575932,0.094872855,0.095308594,0.8098185
201774160,0.17129831,0.22676378,0.60193795
201867950,0.2752744,0.2252284,0.49949723
202095880,0.3463966,0.36007547,0.29352796
202225427,0.4738385,0.19306195,0.33309954
202251838,0.3127831,0.46533385,0.22188303
203040806,0.14941722,0.5617563,0.28882653
203052489,0.022514747,0.65760785,0.31987742
203382756,0.4825481,0.28254586,0.23490606
203972521,0.39416176,0.31547216,0.2903661
204028301,0.58900964,0.15811102,0.25287938
204321763,0.2615862,0.47984317,0.2585706
204652862,0.19139467,0.33547378,0.47313154
204802559,0.56857556,0.16867481,0.2627496
204831595,0.24449953,0.44730592,0.30819464
205009630,0.44511086,0.25794005,0.29694918
206028031,0.28249228,0.4064895,0.31101826
206064665,0.26740375,0.45754105,0.27505517
206296451,0.36717126,0.32795605,0.3048727
206824285,0.37873176,0.20538895,0.41587928
207340122,0.286578,0.4070795,0.3063426
208705568,0.22792284,0.51029736,0.26177984
208877389,0.21110387,0.5364716,0.25242457
208898961,0.53117657,0.06978116,0.39904228
209076799,0.2197897,0.42466843,0.3555419
210167925,0.32490706,0.41301003,0.2620829
211283790,0.6079599,0.14250396,0.24953613
212049783,0.41223624,0.30612287,0.28164092
212498729,0.5474674,0.23055197,0.22198059
213955494,0.1391386,0.65437883,0.2064826
214377552,0.29034358,0.22128457,0.48837176
214957331,0.63126093,0.025192594,0.34354645
215012976,0.2091593,0.39423275,0.39660794
215113892,0.4798547,0.314903,0.2052423
215255198,0.43330738,0.2341183,0.33257434
215653632,0.30042148,0.38394478,0.31563377
216103711,0.56974196,0.22900487,0.20125318
216170421,0.36652482,0.38017198,0.25330323
216327796,0.6116473,0.18779723,0.20055552
216518798,0.7545696,0.0851522,0.16027826
217015316,0.2726685,0.37542707,0.35190433
217849742,0.59477913,0.12460551,0.2806153
217883089,0.5638362,0.14286858,0.2932952
218316951,0.6702414,0.12499258,0.204766
218643255,0.31536853,0.27446565,0.4101658
218717891,0.5532631,0.22319432,0.22354259
218833537,0.287831,0.34129032,0.3708786
218857235,0.49347863,0.253043,0.25347838
218967582,0.46510565,0.2529841,0.2819102
220011342,0.35051882,0.20545615,0.4440251
220615907,0.371054,0.2854662,0.34347975
220635484,0.18380295,0.27928996,0.5369071
220647257,0.48191208,0.20368868,0.31439924
220850022,0.4482975,0.27015093,0.2815516
221325833,0.23459098,0.43341064,0.33199838
221821151,0.34372002,0.19256365,0.46371636
222055124,0.41900647,0.25833815,0.32265544
222484271,0.31850228,0.36913115,0.31236655
222630273,0.28004384,0.21314983,0.5068064
223733793,0.3066538,0.39836028,0.29498586
223738749,0.3932305,0.3285382,0.27823132
224122379,0.46601394,0.18311188,0.3508742
224267964,0.5340558,0.21621124,0.24973297
224306792,0.2772302,0.3868301,0.33593974
224586690,0.4376127,0.1743008,0.38808656
224951848,0.28867826,0.39422297,0.3170988
224952350,0.29494488,0.30829534,0.39675978
225037489,0.24202374,0.39552668,0.3624496
225187558,0.35585362,0.3218979,0.32224846
225990924,0.2787743,0.350575,0.37065062
226587007,0.32008058,0.37950727,0.30041212
227175960,0.35315523,0.344493,0.30235174
227460405,0.084477134,0.6320154,0.28350744
227541901,0.24926533,0.43719342,0.31354123
227631126,0.30481035,0.41451797,0.28067172
228159243,0.34409133,0.33087012,0.32503855
228286132,0.33016992,0.33644894,0.33338118
228432526,0.12981263,0.622025,0.24816236
229368716,0.32029474,0.4062563,0.273449
229381391,0.2592724,0.41905966,0.32166794
229809467,0.31593123,0.38804784,0.29602093
230240980,0.583509,0.16220282,0.25428817
230360053,0.41975227,0.25402102,0.32622665
230612173,0.41057172,0.30257136,0.28685695
230754000,0.26838067,0.41786903,0.31375027
230791937,0.29995275,0.29851186,0.40153533
231838412,0.5134835,0.2404219,0.2460946
232427358,0.3756646,0.35227138,0.27206412
232453671,0.23873791,0.28921565,0.4720465
232653054,0.2853635,0.37337047,0.341266
232869183,0.43610406,0.20550308,0.35839283
233036963,0.07677639,0.6163136,0.30691004
233070801,0.45162436,0.26663876,0.28173694
233549717,0.15529774,0.632415,0.21228729
233780422,0.57039016,0.20822568,0.2213841
234709229,0.2787927,0.3507694,0.3704379
235264037,0.36638072,0.3128338,0.32078555
235480088,0.18943651,0.54638463,0.26417887
235606080,0.38517278,0.31042576,0.30440146
235663126,0.34969598,0.34224126,0.30806276
235803546,0.3850045,0.2809324,0.33406308
236420077,0.40789837,0.34282357,0.24927796
236581029,0.7153193,0.10743479,0.17724599
236626048,0.25313267,0.35915026,0.38771713
236942002,0.29378393,0.4240067,0.2822093
237316430,0.32776278,0.3666916,0.3055457
237469970,0.5540171,0.16130711,0.28467578
237500058,0.523725,0.15918593,0.31708905
237821338,0.31769058,0.27486265,0.40744668
238069683,0.46077496,0.25255126,0.28667384
238528190,0.43929043,0.27583247,0.28487706
238839962,0.49384516,0.21939854,0.28675637
239103331,0.26062953,0.46659428,0.27277625
239228090,0.3900244,0.09979664,0.510179
239540149,0.435624,0.23528427,0.32909173
240346295,0.37130252,0.41945678,0.20924072
240416433,0.3670078,0.2859361,0.3470562
241253403,0.34427693,0.39702788,0.25869524
241621358,0.22692661,0.3984467,0.3746267
242184981,0.16270013,0.41977862,0.41752127
243210622,0.36662766,0.36894205,0.26443037
244682535,0.24061435,0.4357511,0.3236346
245314231,0.2993819,0.39455217,0.30606592
245779613,0.18832041,0.4772727,0.33440688
246435261,0.493245,0.1302425,0.37651256
246714719,0.08495791,0.33275425,0.5822878
246894000,0.26344982,0.46075353,0.2757967
246911011,0.20434354,0.56941944,0.226237
247195175,0.12093416,0.6904699,0.18859592
247362372,0.5030136,0.19168992,0.30529648
247645009,0.30823356,0.31770608,0.37406042
247947110,0.5310846,0.2113834,0.25753203
248533914,0.28864032,0.4619746,0.24938504
248860573,0.32403323,0.37447935,0.3014874
249373640,0.36530355,0.33439028,0.30030617
249515665,0.72976255,0.10961651,0.16062094
249691536,0.2765594,0.31012195,0.41331863
249704950,0.6886502,0.121419616,0.18993011
250001920,0.35784426,0.36404458,0.2781111
250094311,0.34986377,0.33656338,0.31357288
250579666,0.25653055,0.22927527,0.5141942
250643963,0.016706122,0.7233427,0.25995117
251215059,0.14324099,0.52859914,0.32815984
251358291,0.26006132,0.47857878,0.26135987
251944703,0.30137688,0.3523316,0.3462915
252351077,0.10906656,0.50559384,0.38533962
252452296,0.43176663,0.3153966,0.25283673
252509369,0.46863946,0.1859802,0.3453803
252941917,0.3536829,0.36707842,0.2792387
253053970,0.3953823,0.31778327,0.28683445
253394721,0.47841337,0.10901894,0.41256768
253608122,0.46887565,0.21667802,0.31444633
253654369,0.48414695,0.23922156,0.27663156
255537795,0.23116271,0.42336407,0.3454732
256224697,0.39720967,0.2736204,0.32917
256392955,0.3796008,0.27599853,0.34440064
256501501,0.32368347,0.3790616,0.29725498
256570296,0.4772113,0.19139959,0.3313891
257842332,0.26199815,0.43632737,0.30167454
258114179,0.057754617,0.23400249,0.7082429
258642691,0.23327872,0.47581673,0.29090443
258876774,0.14735459,0.6487783,0.20386705
259075252,0.23406227,0.5099973,0.2559405
259143670,0.24444222,0.27294037,0.48261738
259341751,0.2529713,0.30752638,0.43950236
259571194,0.24116258,0.2866767,0.47216073
259597438,0.31992084,0.3841542,0.295925
259618506,0.32316682,0.32445398,0.3523791
260423005,0.09515965,0.38382125,0.52101916
260458670,0.5286447,0.14488743,0.3264679
260542859,0.32612517,0.3752478,0.298627
260630876,0.3567138,0.21550174,0.42778447
260683628,0.109672844,0.7083338,0.18199342
261349740,0.32215145,0.41742298,0.2604256
261572367,0.29864466,0.37638187,0.32497352
261650976,0.24571855,0.13035128,0.62393016
261795989,0.17255054,0.61169356,0.21575594
262266284,0.44162247,0.21974802,0.33862954
262564366,0.28728333,0.3668504,0.34586623
263472436,0.5033547,0.29005113,0.20659412
264267033,0.11729319,0.57234323,0.31036365
264490457,0.3225094,0.3774588,0.30003184
264659620,0.29427314,0.37841132,0.32731563
265294683,0.34988353,0.35726523,0.29285118
265960361,0.49051997,0.1323419,0.37713814
266401627,0.36059883,0.39694628,0.24245492
266436610,0.32768854,0.35848185,0.31382948
266742880,0.15105498,0.14955398,0.699391
266906277,0.43356287,0.26992565,0.29651153
267429172,0.5659413,0.20353925,0.23051944
267578693,0.5471892,0.18577284,0.26703793
267804199,0.35838684,0.32910928,0.31250393
268013902,0.21826003,0.5216619,0.26007804
268084334,0.3990658,0.33623168,0.2647026
268188750,0.38162357,0.23528102,0.3830955
268695623,0.40266046,0.2220845,0.37525508
268952808,0.21538074,0.4508804,0.33373883
269120791,0.7910131,0.06493651,0.1440504
269662720,0.28425267,0.3812837,0.3344636
270266697,0.35744986,0.3603782,0.282172
270417576,0.22081783,0.18797806,0.5912041
270992552,0.085146844,0.08477452,0.83007866
271269446,0.16057107,0.5867312,0.2526977
271733214,0.3017498,0.31832758,0.37992254
272017446,0.22570509,0.31149393,0.462801
272071617,0.38436624,0.3592475,0.25638637
272189053,0.121782444,0.2669002,0.6113174
272620576,0.2542757,0.42105818,0.32466608
272640586,0.21844654,0.30875602,0.47279742
273172492,0.32087946,0.3571358,0.32198477
273895404,0.21434475,0.5417791,0.24387619
273916532,0.2392509,0.4615412,0.2992079
274240474,0.35420027,0.32533148,0.32046828
274565870,0.31931886,0.36394957,0.31673166
274651139,0.28373644,0.4278602,0.28840336
274682742,0.35272583,0.30539256,0.34188163
274869885,0.36270472,0.28963304,0.34766224
275463984,0.021411639,0.90104336,0.07754509
275542883,0.19730586,0.5153421,0.28735197
277094923,0.3687362,0.35168502,0.27957886
277669107,0.32490575,0.24316548,0.4319288
277994811,0.2922211,0.40140432,0.30637455
278592691,0.44001603,0.26840124,0.29158267
278615168,0.2951267,0.4250879,0.2797854
279653888,0.1559063,0.69120884,0.15288489
279943637,0.20425567,0.32770607,0.4680383
280075315,0.26295722,0.27300426,0.46403852
280087386,0.6670237,0.13644971,0.19652666
280123012,0.48800865,0.25792155,0.2540698
280656713,0.44594848,0.28815913,0.26589245
280957118,0.21233109,0.32950342,0.4581656
281033896,0.37934542,0.20211779,0.41853684
281408943,0.35729435,0.3928061,0.24989954
281759096,0.47985595,0.24695644,0.27318767
281938456,0.1757831,0.6177929,0.20642407
282075392,0.4868866,0.14849834,0.36461508
282223844,0.154442,0.3140356,0.53152233
282344360,0.2225188,0.49888554,0.27859563
282694995,0.23137985,0.45409742,0.3145227
283124279,0.49313712,0.2473403,0.25952262
283887081,0.44844165,0.27960584,0.2719525
284281622,0.04988733,0.58762276,0.36248994
285054377,0.21320902,0.40562463,0.38116634
285280321,0.3055109,0.36587542,0.3286137
285382564,0.3769679,0.34944728,0.27358475
285705777,0.2922668,0.4511646,0.2565686
285811677,0.73304856,0.09499075,0.17196071
286156350,0.39850408,0.30382392,0.29767197
286562612,0.44636315,0.2596773,0.2939596
286726927,0.5888219,0.17835875,0.23281935
287242606,0.36354637,0.37596482,0.26048884
287465160,0.009676521,0.9194132,0.07091034
287789064,0.4366394,0.30265996,0.26070067
287904864,0.62565714,0.16380794,0.21053493
287914153,0.21131788,0.5211198,0.2675624
288438335,0.47020352,0.3093577,0.22043881
288462276,0.20410176,0.5749651,0.22093311
288782248,0.31424537,0.41008398,0.2756707
289171919,0.19225696,0.157045,0.65069807
289771997,0.36913133,0.27046266,0.36040598
290089605,0.12162068,0.52773803,0.35064128
290776422,0.26473263,0.31732106,0.41794625
291180460,0.37682417,0.3795095,0.24366632
291305953,0.30466214,0.36835712,0.3269808
291773837,0.18285687,0.4147984,0.40234476
293288942,0.63563424,0.10644043,0.25792533
293295489,0.63276935,0.17052074,0.19670998
293759956,0.21381137,0.55013216,0.2360565
294196556,0.2486931,0.49676833,0.25453866
294611003,0.17555425,0.6124546,0.2119911
295020214,0.2114754,0.42466757,0.36385706
295216864,0.29921275,0.35181975,0.3489674
295279884,0.5464777,0.23654513,0.21697722
295471308,0.42053136,0.26255414,0.31691444
296473153,0.19487983,0.5492303,0.25588983
296765651,0.57522345,0.18936816,0.23540848
296819776,0.40401688,0.23405132,0.36193186
297131293,0.18065432,0.5977352,0.22161047
297644918,0.46999544,0.25919628,0.27080834
298559192,0.24054398,0.15362112,0.6058349
298622540,0.7737944,0.09734049,0.12886508
299325743,0.31905755,0.30389503,0.37704742
299679430,0.4035175,0.2680056,0.32847685
300112413,0.114916235,0.58683807,0.29824576
300238212,0.5034976,0.3042331,0.1922693
300904336,0.59521186,0.17443615,0.23035209
300910446,0.2875122,0.3740071,0.33848065
301346955,0.24377239,0.53384894,0.22237866
302584116,0.5173022,0.1721894,0.31050828
303013041,0.5352724,0.15424566,0.31048194
303677512,0.2564351,0.37864938,0.36491552
304359790,0.46626204,0.13942854,0.39430937
304817133,0.38055402,0.36076114,0.25868484
304901128,0.12464449,0.6547337,0.22062187
305117323,0.45981875,0.29166937,0.24851185
305183840,0.11054646,0.25951138,0.6299422
305480516,0.06806241,0.18097362,0.750964
305719146,0.23292798,0.35066655,0.41640553
306162717,0.40460056,0.2988811,0.29651833
306165233,0.46330673,0.16494031,0.37175298
306320787,0.19610845,0.5524985,0.25139302
306541398,0.32016224,0.33470902,0.34512874
306670276,0.652882,0.15704088,0.19007714
306865727,0.27645275,0.191226,0.5323212
306937146,0.31443036,0.33066437,0.35490525
307200846,0.53224176,0.23529898,0.23245925
307364982,0.5368807,0.15047966,0.31263968
307590450,0.3934992,0.31377804,0.2927228
307614279,0.50482345,0.22336157,0.27181503
307710444,0.8611927,0.05056505,0.08824228
308056608,0.3315284,0.31790674,0.3505648
308181755,0.318427,0.41863263,0.26294035
308739814,0.41608155,0.30556485,0.27835354
309766103,0.28752998,0.44771323,0.26475683
310061424,0.37397835,0.32881865,0.29720303
310526207,0.3874248,0.34344158,0.26913366
310617538,0.40711513,0.3011068,0.2917781
311014708,0.250551,0.3001219,0.4493271
312644255,0.32228142,0.33218193,0.34553665
312870461,0.51717275,0.24562278,0.23720448
312924098,0.17883289,0.27644286,0.5447242
312944185,0.35876763,0.34010375,0.30112872
313059996,0.35802534,0.23096476,0.4110099
313104957,0.2377458,0.51764977,0.24460447
314258551,0.6183019,0.17220074,0.20949733
314325129,0.3314409,0.32865703,0.33990204
314894090,0.46598354,0.23456852,0.2994479
315088059,0.20223501,0.44211245,0.35565254
316167168,0.2549747,0.46510318,0.2799221
316248459,0.26930898,0.38518098,0.34551
316321144,0.7149181,0.08872071,0.19636117
316476665,0.46033263,0.28399232,0.2556751
316608986,0.295332,0.33440945,0.37025854
316711818,0.3895378,0.34274882,0.26771328
317262006,0.09329295,0.7847666,0.12194041
317978052,0.23100775,0.56326425,0.205728
318052276,0.3690169,0.31567132,0.31531173
318308749,0.33745593,0.35247833,0.31006578
318749846,0.33453378,0.42255238,0.24291386
319174472,0.26487625,0.4418673,0.2932565
319254933,0.16274785,0.3170143,0.5202378
319997892,0.46091977,0.3282988,0.21078141
320307655,0.5858536,0.19882484,0.21532159
320699178,0.32795733,0.42956233,0.24248041
320742609,0.2947695,0.37055996,0.3346706
320944123,0.38116243,0.34889975,0.26993775
321895316,0.409546,0.27403176,0.31642225
322063355,0.256103,0.50288194,0.24101506
322561474,0.35031164,0.34608927,0.30359906
322712026,0.3412805,0.39785653,0.26086292
322812778,0.42868412,0.25772712,0.31358877
325131642,0.37880474,0.42894962,0.19224563
325363421,0.50666124,0.2548212,0.23851755
325633748,0.14720799,0.66625303,0.18653898
325700165,0.23426226,0.46379423,0.30194345
326326801,0.46003467,0.2504202,0.28954515
326373741,0.46592447,0.21820927,0.31586626
327868680,0.48029703,0.2429896,0.27671334
327887834,0.34353682,0.3392457,0.31721744
328008876,0.10001473,0.7132624,0.18672292
328032481,0.853034,0.053362086,0.093603864
328148579,0.3429808,0.32001466,0.33700454
328331067,0.41936144,0.092516564,0.48812193
328745893,0.38499957,0.3078754,0.30712506
329093558,0.8397107,0.051394235,0.10889515
329396409,0.34542844,0.34220135,0.31237015
329627594,0.2671042,0.45548433,0.27741143
329652204,0.23079894,0.37865746,0.3905436
329694906,0.3237728,0.30929133,0.36693594
329737875,0.32875597,0.26977974,0.40146434
330388090,0.37425852,0.25376472,0.3719768
330596493,0.4839158,0.2712,0.24488416
330740707,0.16530627,0.7036803,0.13101351
330851562,0.1760946,0.15038376,0.6735217
330926758,0.29743722,0.43389568,0.26866713
332122217,0.2140701,0.43979287,0.34613705
332406430,0.7928045,0.073926255,0.1332693
332430450,0.2875944,0.31621617,0.39618945
332592208,0.24258256,0.41144013,0.34597728
333273642,0.478501,0.23143038,0.29006863
333333295,0.33976138,0.36518398,0.29505458
333700349,0.100425094,0.47092596,0.428649
334090719,0.42178425,0.31997693,0.25823885
334407838,0.36961797,0.35186985,0.27851215
334641209,0.14521478,0.59790146,0.25688377
335002360,0.099142715,0.6472094,0.25364786
335477427,0.38066918,0.13816926,0.4811616
335548859,0.544616,0.1285874,0.32679662
335916495,0.17344695,0.33864972,0.48790336
336306849,0.17832531,0.54344183,0.27823287
336367743,0.3677503,0.34533843,0.28691125
336446875,0.49817353,0.29586434,0.2059622
336997219,0.38077155,0.37880513,0.24042334
337388116,0.57591534,0.2029691,0.22111559
338133731,0.4639785,0.28309646,0.25292504
338574663,0.20620738,0.39874002,0.39505264
338885217,0.46093985,0.2555805,0.28347966
338957473,0.6753059,0.081328735,0.24336539
339186495,0.29225665,0.33058548,0.37715775
339648268,0.29695234,0.39601687,0.30703083
339827937,0.31227604,0.25269148,0.43503255
340346684,0.4005259,0.26222613,0.33724803
340358999,0.4056251,0.26420867,0.33016622
341144678,0.25159362,0.3974035,0.35100284
341407913,0.20138344,0.5194247,0.27919188
341420934,0.5006565,0.18759808,0.31174546
341877255,0.36299258,0.3463785,0.2906289
343522003,0.26719648,0.37361893,0.35918465
344291720,0.28249562,0.41688403,0.30062035
344333142,0.17782842,0.6144658,0.20770578
344571625,0.063896924,0.73189574,0.20420733
344968829,0.2687477,0.44297194,0.28828037
345233867,0.7103638,0.0994262,0.19020994
345289242,0.21756081,0.52356154,0.25887766
345493321,0.4513106,0.18357666,0.3651127
345596138,0.18723336,0.15028737,0.6624793
345736261,0.42697227,0.26816243,0.30486524
346169330,0.4782187,0.19488166,0.32689965
346233090,0.29995686,0.34621167,0.3538316
347145782,0.55887157,0.20964807,0.23148033
347214205,0.5615255,0.17455794,0.26391652
347596921,0.17854084,0.4704831,0.35097605
347668570,0.36004803,0.396891,0.24306099
348536552,0.35689124,0.45546174,0.18764704
349597310,0.26349634,0.19504172,0.54146194
350595578,0.15882184,0.61591685,0.22526136
351535422,0.44492057,0.25854957,0.29652992
351739050,0.4875278,0.10957125,0.40290102
352302899,0.34650555,0.2916889,0.36180553
352761049,0.36287832,0.36182636,0.27529535
353434171,0.08523434,0.02076578,0.8939999
353448897,0.31288555,0.36203724,0.32507718
353917106,0.48923844,0.24016535,0.27059618
354129498,0.55872613,0.13007274,0.3112011
354865926,0.31714785,0.39016968,0.29268238
355022097,0.3285504,0.37533414,0.29611546
355131624,0.31752202,0.43682548,0.24565256
355307560,0.3357111,0.39244327,0.2718457
355532444,0.28273213,0.31101164,0.40625626
356252430,0.538081,0.15032572,0.31159332
356501908,0.17392501,0.39736375,0.4287112
357247841,0.45316058,0.24540018,0.3014393
358491458,0.4412715,0.29077184,0.2679566
358536354,0.18805166,0.6210225,0.19092588
359531458,0.10576433,0.59001034,0.30422533
359796890,0.43172118,0.30750537,0.26077336
359805882,0.21667878,0.5934599,0.18986133
360274249,0.43738475,0.31205052,0.25056475
360307399,0.46589953,0.26178163,0.2723189
360377919,0.08648247,0.1472532,0.7662643
360614447,0.3671122,0.36844176,0.26444608
361367780,0.4452603,0.21867783,0.33606192
361469885,0.38242468,0.34652182,0.27105352
361470185,0.483562,0.26040247,0.25603557
361548961,0.27622038,0.23992383,0.4838557
361619247,0.36291987,0.36288062,0.2741995
361907358,0.4135366,0.248067,0.3383964
362388509,0.11880005,0.65756875,0.22363125
362590656,0.31775585,0.24577235,0.43647185
362984953,0.20645148,0.42706886,0.3664797
363512628,0.096435994,0.77314603,0.130418
363569431,0.3170706,0.27370417,0.40922523
363928312,0.19181699,0.49763018,0.31055287
363967944,0.2905717,0.4339052,0.2755231
364378208,0.3350942,0.330961,0.3339448
365086107,0.23593953,0.52498466,0.23907578
365203133,0.32882133,0.24247424,0.42870447
365908621,0.21022922,0.45521864,0.3345521
366107811,0.1742611,0.55701506,0.26872382
366712760,0.455063,0.23323862,0.31169838
367247406,0.4294653,0.29992136,0.27061328
367567137,0.16565593,0.49811754,0.33622655
367639205,0.3603767,0.33632332,0.30330005
368332279,0.276498,0.5485689,0.17493308
368749156,0.1994793,0.5763144,0.22420627
369122948,0.2956672,0.41788256,0.28645024
369402524,0.3142537,0.28451395,0.4012324
369558618,0.17188145,0.34495217,0.48316643
369714363,0.4997814,0.20293137,0.2972873
369819101,0.086141944,0.086713254,0.82714486
369961734,0.381051,0.34464312,0.27430597
370364212,0.32829547,0.38541183,0.28629267
370634357,0.35725588,0.3039352,0.33880892
371213138,0.47560498,0.11101433,0.4133807
371467379,0.6417468,0.13359572,0.22465743
371659679,0.18052685,0.58005774,0.2394154
371703807,0.2004382,0.5062547,0.2933071
372937937,0.22718212,0.50131816,0.27149972
373445237,0.59826905,0.17950782,0.22222304
373802084,0.29152888,0.3867036,0.32176754
373932124,0.24027802,0.4143043,0.34541768
374177621,0.42685917,0.30555972,0.26758108
374474041,0.37060648,0.23233786,0.39705563
375151575,0.45588312,0.27870798,0.26540902
375216728,0.3356627,0.35114762,0.31318974
375435125,0.35176325,0.2433434,0.4048934
375624347,0.37116235,0.35438392,0.27445373
375626951,0.2677608,0.43777087,0.2944683
376840359,0.34160823,0.3576175,0.30077434
377317026,0.2460569,0.42703006,0.32691297
377809453,0.21582453,0.35907903,0.42509645
378006218,0.58202493,0.115688376,0.30228662
378411011,0.39154872,0.29185978,0.31659153
378906378,0.22363202,0.4880357,0.2883323
379668138,0.35868764,0.35705253,0.2842599
379794683,0.12168803,0.24395613,0.6343558
379900054,0.061683904,0.86992836,0.06838783
380107118,0.23978388,0.5373592,0.22285683
382797234,0.29380915,0.33599848,0.37019232
383062526,0.46216837,0.21866542,0.31916618
383157249,0.059032504,0.6764635,0.26450402
385034757,0.2974877,0.09685682,0.6056555
385099460,0.3919033,0.33673233,0.27136442
385380545,0.3885928,0.3262088,0.2851984
385506050,0.3723693,0.3064774,0.32115325
385943193,0.42776757,0.2369044,0.33532807
386228139,0.5240764,0.2348899,0.24103367
386554435,0.24664088,0.5064117,0.2469475
387161759,0.3405744,0.33539957,0.32402602
387815971,0.047787655,0.040038336,0.91217405
388127968,0.42806596,0.21879286,0.35314122
389293329,0.3719403,0.33395976,0.29409993
389311850,0.70123816,0.13337594,0.16538598
390352506,0.4929511,0.19543944,0.3116095
390853024,0.28651908,0.42735893,0.28612202
391172021,0.44189674,0.27326924,0.28483403
392018328,0.47854882,0.23540932,0.28604186
392256871,0.30474517,0.28259423,0.41266057
393609592,0.35345948,0.36615258,0.28038794
393720165,0.42086697,0.22641973,0.35271332
393728201,0.3722703,0.21210046,0.41562924
393915995,0.17037638,0.38679963,0.44282395
395102853,0.30095804,0.3477541,0.35128796
395609933,0.37742233,0.33297223,0.2896054
395842258,0.28737333,0.2726242,0.44000247
396136015,0.20820923,0.53967154,0.2521192
396190951,0.024562607,0.75323915,0.22219828
396535557,0.36939162,0.11244988,0.5181585
396841347,0.43206948,0.28893444,0.27899602
397196050,0.34522793,0.3896273,0.2651448
398098020,0.4202424,0.2591266,0.32063097
398116981,0.12563752,0.2853759,0.58898664
398992172,0.8095884,0.067035355,0.12337622
399075540,0.44222498,0.3191194,0.23865561
399235339,0.3877694,0.2894639,0.3227667
399336192,0.6940678,0.13794737,0.16798484
399385708,0.28135687,0.36782816,0.35081497
399995957,0.31901586,0.3427635,0.3382205
400771695,0.13816297,0.60601884,0.2558182
400861570,0.038676016,0.75256914,0.20875485
400905922,0.2217877,0.41060436,0.36760792
403382636,0.44648638,0.23017526,0.32333845
403653290,0.50940585,0.18245213,0.30814198
404018157,0.22104338,0.14964013,0.6293165
404239074,0.32805634,0.24465531,0.4272883
404564233,0.31504232,0.4140017,0.27095604
404967990,0.5076963,0.23607396,0.2562298
405518545,0.6718269,0.11963229,0.20854084
405754666,0.3214632,0.41108295,0.26745382
405760108,0.35800928,0.25307244,0.3889183
405878913,0.2740527,0.3104248,0.41552252
406451990,0.2640027,0.44409886,0.29189843
406765126,0.548329,0.12311898,0.32855204
407100627,0.2766605,0.4389306,0.2844089
407695351,0.7027049,0.112671256,0.18462385
408451068,0.27208182,0.40110728,0.32681096
408672025,0.37467995,0.22443448,0.40088564
409028427,0.22784202,0.5227626,0.2493954
409631063,0.37395248,0.29139718,0.33465037
409723713,0.42040986,0.29231742,0.28727266
409760299,0.3391605,0.37611505,0.2847245
410172253,0.13678537,0.18162854,0.6815861
410330997,0.23475136,0.35632506,0.4089236
411158524,0.5443947,0.27082065,0.18478465
411476862,0.438751,0.17327206,0.3879769
411662039,0.55761606,0.17783637,0.26454756
411833117,0.5379243,0.26207116,0.2000046
412942917,0.35358703,0.31141984,0.33499312
413352901,0.56100833,0.22463444,0.21435724
413535368,0.33195674,0.16928221,0.49876103
413600682,0.10709926,0.3838355,0.5090653
414097483,0.6942317,0.06511966,0.24064869
414107947,0.2647929,0.45380864,0.28139848
414482593,0.41216597,0.3133408,0.27449328
414501535,0.45466906,0.27167782,0.27365312
414604938,0.7539952,0.07388266,0.17212217
414671247,0.13655216,0.5563839,0.307064
415143286,0.37251794,0.340077,0.287405
415376290,0.3434437,0.3560516,0.30050474
415769809,0.27632987,0.41910303,0.30456707
415787237,0.64508355,0.16928206,0.18563439
416597534,0.27536723,0.45177406,0.2728587
416701527,0.33544993,0.29497266,0.36957747
417719877,0.15513164,0.61614025,0.22872809
418047253,0.07382218,0.4577279,0.46844998
418706086,0.14253767,0.6802586,0.17720376
418820499,0.29755092,0.46964473,0.23280436
420058187,0.29792148,0.44158804,0.26049045
420523781,0.6291289,0.08633243,0.28453863
420824164,0.74844784,0.1060715,0.14548066
421856118,0.21010002,0.35160008,0.43829986
421869760,0.35466886,0.34816658,0.29716456
421929347,0.28735444,0.41962922,0.29301634
422190315,0.35983282,0.2968268,0.3433405
422776447,0.43668327,0.20170431,0.36161238
422941074,0.092013,0.67354727,0.23443973
423948356,0.40113655,0.2906434,0.30821997
425177305,0.297358,0.4291781,0.27346396
425637061,0.5188859,0.26285115,0.21826293
425748559,0.37312284,0.33543012,0.2914471
427349904,0.33587363,0.32715008,0.33697635
427490055,0.542431,0.12012337,0.33744562
427626440,0.38880786,0.29940385,0.3117883
427911324,0.5571784,0.18394767,0.25887394
429148338,0.56272984,0.23043728,0.20683286
429374584,0.7329724,0.09992974,0.167098
430502590,0.28817776,0.43610924,0.27571303
430896547,0.4225767,0.2588055,0.3186178
430938415,0.30075866,0.38191795,0.31732333
431018221,0.31461766,0.3813828,0.30399954
432439225,0.4401555,0.27556518,0.28427923
432870317,0.39926147,0.21889704,0.38184148
433282693,0.20350355,0.37367383,0.42282262
433388512,0.3840124,0.27569604,0.34029153
433486261,0.37165555,0.22851159,0.3998329
433807466,0.86447173,0.0113945315,0.124133736
434178549,0.63746953,0.16162674,0.20090373
434216323,0.4316344,0.28278026,0.28558534
434287156,0.21380156,0.45600954,0.33018896
434338353,0.23142852,0.24402113,0.5245504
435525274,0.4900388,0.20931745,0.30064377
435951302,0.37656945,0.3533605,0.27007005
436017636,0.034772113,0.89392275,0.07130512
436163606,0.5428768,0.14459653,0.31252673
436605823,0.36233217,0.3187885,0.31887943
436772617,0.26703212,0.21275975,0.5202081
437010000,0.36228028,0.33271006,0.30500966
437348309,0.44215932,0.2882058,0.26963484
437377763,0.3883176,0.26843813,0.34324425
437766510,0.17173553,0.513844,0.3144205
438802809,0.2160608,0.41859385,0.36534527
439108956,0.43532103,0.26077056,0.30390835
439346709,0.2370182,0.4883612,0.2746206
439367905,0.31012875,0.42447293,0.26539832
439381634,0.28814703,0.42093852,0.29091445
440966086,0.5174985,0.25161824,0.2308833
441160590,0.48763314,0.25942138,0.25294554
441487524,0.33909234,0.26385352,0.3970541
442421087,0.34789383,0.3678156,0.28429058
442608829,0.25600755,0.4206443,0.3233481
442983670,0.4175689,0.32229385,0.26013717
444233181,0.345025,0.37627888,0.27869612
444476777,0.5483053,0.2003375,0.25135732
444724607,0.3763737,0.30050144,0.32312486
445034386,0.5167098,0.2287307,0.25455952
445246150,0.5929786,0.16892096,0.23810038
445261014,0.22513165,0.4554966,0.3193718
445261023,0.5378066,0.21452396,0.24766949
445262572,0.37289214,0.31918913,0.30791873
445978651,0.27166188,0.14648764,0.58185047
446409438,0.3237519,0.25125656,0.42499146
446925210,0.46180433,0.20789385,0.33030182
447025138,0.36794233,0.28856853,0.34348917
447193208,0.14343132,0.43699652,0.41957217
447418702,0.21492094,0.499433,0.28564602
448043396,0.5172473,0.23499946,0.24775329
448051751,0.24800542,0.4492814,0.30271322
448806793,0.14027172,0.6047273,0.255001
448866172,0.603098,0.18410961,0.21279241
449275762,0.059851237,0.6109049,0.32924396
450752523,0.19225119,0.5408503,0.26689854
450827182,0.37431803,0.31986886,0.3058131
451102003,0.38513732,0.269636,0.34522676
451611547,0.4991854,0.19863193,0.30218267
451925326,0.08924815,0.68553793,0.22521389
451958825,0.51551574,0.27321818,0.21126606
452102089,0.21985804,0.41239116,0.36775082
452217280,0.7344779,0.09507578,0.17044637
452420965,0.9363206,0.0154231675,0.04825621
452577647,0.29291493,0.4328792,0.27420598
452741185,0.37118024,0.275028,0.35379168
454215963,0.2513935,0.44800767,0.30059883
454808903,0.29373696,0.41656062,0.28970236
454898660,0.17790094,0.21390384,0.60819525
455102952,0.31315494,0.3416769,0.34516826
455429087,0.20812799,0.55023813,0.24163383
455615423,0.17287911,0.6245782,0.20254278
456263252,0.38665864,0.34240463,0.2709368
456357337,0.36796758,0.25801724,0.37401527
456430428,0.31575182,0.44021592,0.2440323
458571160,0.16388327,0.61055034,0.2255664
458814427,0.2546089,0.32989252,0.41549858
459269314,0.31378826,0.40184292,0.2843689
459322889,0.19492401,0.46505842,0.34001756
459711522,0.31874698,0.21113855,0.4701145
459990441,0.28263062,0.4715984,0.24577105
460521330,0.34125072,0.3769131,0.28183618
460719099,0.14458655,0.36265287,0.49276057
462048691,0.2690273,0.45040157,0.2805711
463075529,0.4476289,0.30626553,0.24610563
463109444,0.38767695,0.26627243,0.34605065
463497863,0.31664094,0.35306364,0.33029547
463564812,0.31157988,0.43919995,0.2492201
464021358,0.23745322,0.25483283,0.5077139
464479208,0.15649822,0.6807888,0.16271293
464699811,0.71157324,0.12328115,0.16514559
465159498,0.4281872,0.27448264,0.2973301
465193496,0.6351522,0.03418025,0.33066756
465758777,0.40259215,0.11840894,0.47899893
465854275,0.32243505,0.3926478,0.28491724
465992488,0.17654338,0.6130611,0.21039551
466203870,0.19489478,0.15633519,0.64877003
466364312,0.34364447,0.281306,0.3750496
466377308,0.5558521,0.15184544,0.29230246
467157270,0.3349402,0.37695572,0.28810403
467302219,0.082826294,0.73434883,0.18282498
469282459,0.36729288,0.2125115,0.4201956
469572577,0.08286087,0.60676646,0.31037268
469839021,0.26867053,0.4336314,0.29769814
469926125,0.47053507,0.28757435,0.24189053
470480363,0.20086579,0.49526095,0.3038732
470485337,0.19692102,0.5859069,0.21717203
470596416,0.27697247,0.2505638,0.4724638
470859906,0.2903767,0.3829835,0.3266398
470955444,0.28449032,0.4516738,0.26383588
472944911,0.26170632,0.41389644,0.32439727
473078384,0.5492827,0.2383707,0.21234658
473265719,0.15189916,0.28677443,0.5613264
473445922,0.34387815,0.3302699,0.325852
474436151,0.33484748,0.33353913,0.33161333
474466873,0.46010938,0.20488285,0.33500773
474718767,0.37721032,0.39082807,0.23196165
475157163,0.28790408,0.4350546,0.27704135
475512340,0.2090732,0.3228191,0.4681077
476188273,0.38230693,0.2137417,0.40395138
476288155,0.39327696,0.32859835,0.27812472
476694272,0.6075736,0.089898184,0.30252823
477016236,0.40591732,0.1336753,0.46040747
477233195,0.10259466,0.737784,0.15962134
477265495,0.37636563,0.33298352,0.29065084
477786295,0.52637434,0.18430907,0.28931656
478396595,0.55189097,0.16829157,0.2798175
478731792,0.47577235,0.2631073,0.26112035
479308508,0.3314582,0.3803164,0.2882253
479450347,0.41217953,0.26561958,0.3222009
480445098,0.1398965,0.43520308,0.42490044
480857769,0.5544377,0.20045426,0.24510805
481899852,0.64787024,0.11506373,0.23706602
481964135,0.32417268,0.34465536,0.33117202
482338391,0.33653057,0.3422188,0.32125074
482485639,0.42934987,0.29422688,0.27642328
482812185,0.28607956,0.37268397,0.34123656
483405532,0.34542128,0.23132686,0.42325175
483531985,0.51537895,0.15606898,0.32855204
484427901,0.44672468,0.28069064,0.2725847
484687038,0.24615528,0.53746396,0.2163808
484858714,0.21002762,0.33963305,0.45033926
485143243,0.46091318,0.24078612,0.29830074
486338495,0.4121745,0.18907595,0.3987496
486355522,0.19128391,0.15105437,0.65766174
486393740,0.49158084,0.22812757,0.28029156
487542827,0.45554805,0.28585216,0.25859976
487660028,0.35701695,0.40247184,0.24051118
488965026,0.33250618,0.37263015,0.29486373
489709010,0.2708699,0.2708699,0.45826027
489731947,0.3691552,0.3811667,0.2496781
489880806,0.38258594,0.17152593,0.4458881
490037829,0.33544412,0.36814395,0.29641196
490082549,0.26558748,0.39859793,0.33581457
491085423,0.28777468,0.43554306,0.2766823
491580078,0.41922665,0.29890543,0.28186786
491901812,0.52308655,0.26727453,0.20963894
492142000,0.39022994,0.1790498,0.4307203
492802524,0.25608563,0.30402562,0.4398887
492878908,0.13594614,0.70470196,0.1593519
493244939,0.15323089,0.6016246,0.24514452
493526846,0.79646254,0.09526629,0.10827109
494377371,0.36633635,0.3711437,0.26252005
494761357,0.18630317,0.27458355,0.5391133
494768722,0.6303547,0.15580525,0.21384
494873522,0.2840969,0.46798643,0.24791667
495089530,0.21357079,0.4886939,0.29773533
495158752,0.23029943,0.50091517,0.26878533
495251589,0.4073358,0.16378565,0.42887855
495302741,0.34983298,0.35064965,0.2995173
495795387,0.09077028,0.4254736,0.48375612
498139977,0.38698593,0.3509801,0.262034
498815495,0.37291628,0.31193927,0.31514448
500346997,0.29319805,0.4326684,0.27413353
500710707,0.28018472,0.4466466,0.27316874
501036430,0.10393281,0.5273366,0.36873063
501402942,0.32119253,0.36072212,0.31808528
501589422,0.3110136,0.3706299,0.31835642
501754487,0.5934759,0.14369054,0.26283354
502316029,0.14890766,0.6184927,0.2325996
503710285,0.6834011,0.1349971,0.1816018
503904795,0.660466,0.15850146,0.1810326
504631902,0.23314695,0.25655252,0.51030046
504891950,0.45625764,0.27573583,0.26800662
505027458,0.4559677,0.2587999,0.28523242
505126666,0.34849393,0.36045587,0.29105017
505219931,0.2531948,0.30644706,0.44035816
505235598,0.39084697,0.29748198,0.31167102
505982586,0.34055966,0.28465426,0.37478605
506612995,0.38520536,0.29145813,0.32333657
507698035,0.2421779,0.31009436,0.4477278
508258945,0.46729445,0.199096,0.3336095
508391469,0.30884823,0.15466069,0.53649104
508733056,0.22364354,0.5080718,0.2682847
509016510,0.38243058,0.39803815,0.21953127
509043712,0.2492754,0.2677925,0.4829321
509680289,0.077024736,0.82231975,0.10065557
510698848,0.43455735,0.23384163,0.33160105
510910177,0.14013803,0.54953676,0.31032515
511319504,0.29538703,0.45776206,0.24685085
511469601,0.40525043,0.2755987,0.3191509
511674052,0.28776586,0.3760724,0.3361617
511790223,0.33161625,0.36629423,0.30208945
511952934,0.27558848,0.48765525,0.23675631
512611805,0.22787322,0.46548808,0.3066387
513033840,0.24782696,0.3923568,0.35981625
513243487,0.33914408,0.358437,0.30241895
514259065,0.094244786,0.5672367,0.33851847
515643408,0.5880355,0.14202148,0.26994297
515659531,0.64839506,0.09521405,0.2563908
516681525,0.32999358,0.37936002,0.2906465
517864869,0.29442585,0.34479067,0.36078346
517866176,0.29581657,0.38902384,0.31515965
518170843,0.18900035,0.4913678,0.31963193
518801162,0.1924794,0.1924794,0.61504126
519279498,0.35661528,0.32540578,0.31797892
519327124,0.58988523,0.21176751,0.19834721
519830034,0.20019756,0.44264206,0.35716036
520060609,0.25775817,0.4146957,0.32754612
520462242,0.4420453,0.31280455,0.24515018
521522358,0.23625836,0.5205693,0.2431723
521630998,0.23651698,0.44474387,0.31873918
522365298,0.33935094,0.4173977,0.24325128
523030646,0.36966574,0.31739292,0.31294125
523939858,0.4519928,0.2723313,0.27567598
523981390,0.26878232,0.3100667,0.42115095
524018311,0.43180603,0.29755852,0.2706355
524216288,0.19263314,0.2268839,0.58048296
524552335,0.15421164,0.23327035,0.612518
524713761,0.30899024,0.317885,0.37312472
525775655,0.19773068,0.40539598,0.39687333
526180222,0.4262147,0.08936896,0.48441634
526842019,0.16450484,0.53680545,0.29868972
527029193,0.3654183,0.3600818,0.27449992
527069207,0.8681335,0.047131054,0.08473541
527393534,0.42170686,0.2954696,0.28282353
527735151,0.4991113,0.26042235,0.2404664
527918715,0.60808355,0.13249275,0.2594236
528164964,0.20460744,0.4730436,0.3223489
528425001,0.32191825,0.38818944,0.28989232
528741093,0.3137588,0.30917504,0.3770662
528938967,0.31454185,0.26360333,0.42185485
528963359,0.21895543,0.28874576,0.4922988
528998104,0.43529472,0.24821989,0.31648543
531061530,0.26130363,0.45534706,0.28334936
531321232,0.17825416,0.59362304,0.22812279
531488578,0.68371195,0.15217486,0.16411324
532054872,0.24707717,0.36885458,0.38406825
532422922,0.2168299,0.35400513,0.42916504
532457514,0.59056956,0.16376804,0.24566244
532593356,0.39841285,0.2698476,0.3317395
532778683,0.67858654,0.13118206,0.19023138
532859878,0.3276926,0.3241737,0.34813368
533008937,0.76508737,0.01575165,0.21916096
533475351,0.54397696,0.2070251,0.248998
534007590,0.3115298,0.40928647,0.27918375
534421329,0.45331633,0.2894887,0.25719497
534862768,0.3470401,0.20349921,0.44946063
535041799,0.35346425,0.32058653,0.32594922
535755610,0.59042746,0.1927162,0.21685636
535890961,0.4119486,0.3122138,0.27583757
536896239,0.3889633,0.296315,0.3147216
536905807,0.36895764,0.32936066,0.3016817
537142417,0.46365756,0.2970063,0.23933607
537512161,0.44342357,0.26178885,0.2947876
537551893,0.32837155,0.25289035,0.41873813
537638373,0.4691343,0.28099352,0.2498722
537688813,0.14302829,0.44399413,0.4129776
537717334,0.1202563,0.56109756,0.31864613
537893941,0.423602,0.15648578,0.41991222
538134794,0.18647785,0.52935535,0.28416684
538323154,0.2817658,0.4075054,0.3107288
538585824,0.14169739,0.48489743,0.37340516
539605416,0.21804883,0.33519116,0.4467601
539832153,0.32427496,0.31255263,0.36317247
540176918,0.4377907,0.2562052,0.30600414
540250747,0.23203175,0.4088778,0.35909042
540255904,0.32188803,0.36031076,0.3178012
540276133,0.35309723,0.21099424,0.43590856
540459737,0.24721451,0.47473156,0.27805388
540796721,0.32700396,0.39609975,0.27689627
540831011,0.31422943,0.43218926,0.25358135
542386673,0.16723797,0.37792256,0.45483956
542590145,0.33726618,0.35628498,0.30644885
542968830,0.098067686,0.6637624,0.2381699
544696070,0.06369738,0.8219429,0.11435971
544955363,0.2367953,0.3216893,0.44151545
544981866,0.2736744,0.43701026,0.28931537
545091801,0.39432997,0.122988395,0.48268166
545154441,0.43177292,0.26278207,0.30544505
545195104,0.39390123,0.31787223,0.28822657
546498050,0.299491,0.42570886,0.27480012
547277158,0.575892,0.14468141,0.2794266
547698248,0.21932392,0.46019638,0.32047972
548020090,0.313652,0.37892655,0.30742148
548533707,0.16859913,0.61732715,0.21407379
548579761,0.22804277,0.42323294,0.34872428
548767914,0.29771817,0.3646813,0.33760047
548792251,0.22015294,0.40703115,0.3728159
548944210,0.22315608,0.50842667,0.2684173
549027861,0.46849662,0.26775002,0.26375332
549179441,0.29634142,0.385723,0.3179356
549216751,0.24484459,0.32812667,0.42702878
549362400,0.16158132,0.5942511,0.24416755
549514947,0.39856854,0.32046992,0.28096148
549546575,0.281891,0.45455176,0.26355726
549783000,0.3469177,0.34831902,0.30476323
549950185,0.282365,0.4440697,0.27356526
550012822,0.32171193,0.43148807,0.24680005
550044168,0.28825903,0.2848337,0.42690727
551741922,0.2869729,0.4164823,0.2965447
552847138,0.12176181,0.7067362,0.171502
552891227,0.3392381,0.24061869,0.42014322
552948542,0.39945373,0.2816222,0.318924
554350432,0.34173653,0.3343813,0.32388213
554439300,0.22413708,0.26196238,0.5139005
554685158,0.23819356,0.35088018,0.41092622
556138136,0.5223209,0.23072022,0.24695888
556169777,0.43057865,0.21105409,0.35836732
556199404,0.40634686,0.296012,0.29764113
556423204,0.3336407,0.4031614,0.26319787
556574131,0.18567929,0.27257,0.54175067
556734884,0.3459117,0.33613107,0.31795725
557435929,0.4285721,0.2607243,0.31070358
557617668,0.17627329,0.28671157,0.53701514
558398613,0.35186553,0.33635354,0.31178087
559247606,0.66965747,0.15431915,0.17602336
559358989,0.43928203,0.28959635,0.27112165
559488957,0.40609968,0.32186887,0.27203155
559733602,0.35156596,0.3454754,0.3029586
560260100,0.2580159,0.4770981,0.264886
560399427,0.45983398,0.2835899,0.2565761
560898981,0.31400865,0.42555505,0.2604363
560962274,0.46428004,0.20266876,0.3330512
561036778,0.38215634,0.33006832,0.28777537
561214980,0.26945698,0.4480606,0.28248242
561740970,0.3949999,0.2197553,0.38524485
562388801,0.32507956,0.13484308,0.5400773
562414146,0.2833656,0.51956916,0.19706528
562482473,0.20894682,0.2504879,0.5405653
562916604,0.5488688,0.25274312,0.1983881
563116231,0.17418702,0.18388805,0.6419249
563134039,0.22470629,0.4359819,0.3393118
563253912,0.19004793,0.3219972,0.48795488
565262864,0.42828345,0.30802324,0.2636934
565677946,0.90240705,0.0075891637,0.09000386
565895050,0.3819982,0.35469845,0.26330346
566165855,0.35570303,0.32525584,0.3190411
567237686,0.18879297,0.5508037,0.2604033
567818285,0.3040328,0.49000326,0.20596386
567830228,0.43925393,0.29260713,0.2681389
569027448,0.5663672,0.20377804,0.22985475
569911632,0.27121326,0.4458498,0.28293696
570059645,0.321353,0.3895389,0.2891081
570244605,0.35697788,0.30694526,0.33607695
570262146,0.43703198,0.27373138,0.28923672
570271683,0.21309868,0.52480245,0.26209885
570365466,0.17915347,0.57313555,0.247711
570673046,0.3414786,0.34683007,0.31169125
571090007,0.3181597,0.36610863,0.31573176
571273291,0.35538462,0.3570447,0.28757071
571751577,0.60824925,0.083458796,0.30829194
573318064,0.46599695,0.29764986,0.2363532
573629523,0.5629275,0.150915,0.28615755
573698555,0.43817243,0.30133438,0.2604932
573952509,0.41990215,0.35056457,0.22953327
574190338,0.33549735,0.39136642,0.27313626
574279657,0.41219077,0.30959788,0.2782113
574734685,0.18128096,0.6088247,0.20989434
574863547,0.3692425,0.3158705,0.31488702
575216919,0.4979193,0.25308856,0.2489921
575351357,0.27234745,0.35595056,0.371702
576530406,0.025492126,0.032790408,0.94171757
576725776,0.25143334,0.46253985,0.2860268
576860279,0.33176133,0.36906338,0.2991753
578281132,0.529489,0.2269176,0.2435934
578522976,0.5981514,0.17720923,0.22463946
578673415,0.032640323,0.8447039,0.12265566
578752092,0.18744908,0.3077857,0.5047653
579117501,0.5798945,0.192634,0.22747152
579244094,0.37612402,0.38689867,0.23697735
580469348,0.28665996,0.4713173,0.2420227
580554628,0.18382642,0.275241,0.54093266
581145977,0.32700256,0.33338615,0.33961126
582223233,0.35896805,0.36562964,0.27540234
583033788,0.12685803,0.6440397,0.22910237
583126002,0.27827147,0.41878644,0.30294216
583140982,0.36777115,0.22153205,0.4106969
583728201,0.3948263,0.32357162,0.28160208
584534382,0.42891654,0.3072744,0.26380908
585107354,0.41474873,0.29071912,0.29453218
585426518,0.3253246,0.3436867,0.33098865
585459041,0.28457043,0.45335913,0.26207048
585525447,0.4242026,0.28986084,0.28593656
585572765,0.25215015,0.4350154,0.3128345
585840249,0.3747955,0.30455145,0.32065314
585973772,0.14310674,0.2658971,0.5909962
586148566,0.31857473,0.12999654,0.55142874
586219795,0.109097846,0.22001596,0.6708862
586423696,0.47182748,0.2602595,0.267913
586949290,0.27551287,0.23291779,0.49156934
588053556,0.109069034,0.44806325,0.44286776
588751099,0.5689277,0.24487796,0.18619432
588968746,0.44656768,0.31395686,0.23947552
589293820,0.18155766,0.4928611,0.32558125
589632544,0.30453655,0.34477592,0.35068753
589869382,0.26933154,0.25258675,0.47808167
590191223,0.215268,0.5254791,0.25925282
590612896,0.254378,0.4729295,0.27269244
591000695,0.12747355,0.33736286,0.53516364
591666857,0.390495,0.2554006,0.3541044
592908805,0.45700747,0.23366392,0.30932865
593084767,0.4123924,0.36161274,0.22599488
593119214,0.25463793,0.50960135,0.2357607
593141432,0.31062979,0.3292095,0.3601607
593233622,0.43079022,0.24073003,0.32847977
593384133,0.29649442,0.16124299,0.54226255
593445868,0.4034933,0.22282992,0.37367693
593485103,0.22786444,0.5214242,0.2507114
593838648,0.500293,0.2737906,0.22591636
593919730,0.3089042,0.36992627,0.32116956
594370397,0.3324082,0.36000043,0.30759138
594666380,0.42238596,0.30371252,0.27390155
595190820,0.1828586,0.5289813,0.28816003
595382031,0.35502523,0.16831519,0.4766596
595587090,0.1264946,0.16807616,0.70542926
596761678,0.32976153,0.36456951,0.30566886
597165431,0.066201456,0.09137219,0.84242636
597464191,0.5563028,0.1991651,0.24453211
597979661,0.29162607,0.3911521,0.31722185
598028150,0.21225208,0.32443845,0.46330944
598311416,0.24827358,0.4652162,0.28651023
598721996,0.23180243,0.5166188,0.25157884
598855916,0.34507328,0.28242937,0.37249747
598984555,0.6319362,0.12207577,0.24598809
599159921,0.13953488,0.54054534,0.31991974
599227489,0.5686274,0.19582888,0.23554365
599620038,0.47421122,0.2767266,0.24906217
599762723,0.32531852,0.40905142,0.26563007
600421220,0.5106488,0.23670742,0.25264382
600466621,0.39317718,0.38156697,0.22525582
602400267,0.45708925,0.198662,0.34424874
602460603,0.33717993,0.3433658,0.3194543
602481325,0.24893339,0.40930676,0.3417599
603031593,0.13627364,0.60190797,0.26181844
604567051,0.30234915,0.6246108,0.073040046
605051920,0.3594652,0.2565866,0.38394818
606029465,0.34369653,0.29132712,0.36497635
606115644,0.49295765,0.23950484,0.2675375
606495668,0.43535995,0.17582077,0.3888193
606604980,0.38497314,0.31111917,0.3039077
606621642,0.3961301,0.35979554,0.24407436
606778838,0.37797287,0.3373577,0.2846694
607419673,0.37846622,0.36684576,0.254688
607698458,0.30707496,0.39059672,0.30232832
607823046,0.2816199,0.16043445,0.5579456
607879740,0.38438067,0.21667233,0.39894703
607962208,0.37441126,0.34102386,0.28456482
609192285,0.44515425,0.2732451,0.2816007
609371141,0.34646982,0.34606266,0.3074675
609449522,0.30937538,0.39704394,0.29358077
609528313,0.37970874,0.41728535,0.20300592
609559471,0.30578774,0.34930032,0.344912
610202547,0.45150718,0.32776362,0.22072926
610367092,0.31123254,0.33858207,0.3501854
610925909,0.36953887,0.32706958,0.30339152
611181297,0.23229662,0.5546749,0.21302845
612751829,0.33406815,0.37529713,0.2906346
613740113,0.2314654,0.52062947,0.24790514
614020774,0.26630807,0.13341577,0.60027623
615161339,0.28919348,0.3877054,0.32310104
615570702,0.42983523,0.27857637,0.29158834
615709333,0.41106415,0.28113675,0.3077992
615870213,0.57550627,0.18742242,0.23707128
616143540,0.3272285,0.233852,0.4389195
616252715,0.38788405,0.31696212,0.2951538
616296633,0.5234072,0.26815453,0.20843816
616873129,0.3053702,0.38223732,0.3123925
616935908,0.3246855,0.4084653,0.2668491
617479962,0.36372915,0.2511646,0.38510633
617708778,0.44438103,0.2290091,0.32660988
617879069,0.75335175,0.07619922,0.17044903
617926868,0.31407386,0.36231816,0.32360804
618339970,0.37284535,0.3688319,0.25832278
619545949,0.23334388,0.32448193,0.44217417
619671696,0.1778079,0.36969274,0.45249933
620236090,0.32705593,0.3149002,0.35804388
620524477,0.51233894,0.22489189,0.2627692
621891155,0.2576023,0.33027995,0.4121178
622087916,0.098890446,0.24124463,0.65986496
622236720,0.27083796,0.48001283,0.24914923
622331560,0.53779095,0.18890229,0.2733068
622475991,0.28450963,0.35176793,0.36372238
622799072,0.2660109,0.45226747,0.28172162
623124015,0.22620732,0.47775096,0.29604182
623492959,0.30882338,0.28226584,0.40891078
624725677,0.5199457,0.21313798,0.2669163
625075376,0.34598428,0.26054436,0.39347148
625470777,0.3284515,0.2946633,0.37688515
625548430,0.26870036,0.43634617,0.29495344
626138796,0.4323425,0.23923108,0.3284264
626798585,0.38518998,0.32813042,0.28667957
627141565,0.26426646,0.34487084,0.3908627
627508019,0.31341368,0.36777815,0.3188081
628674489,0.26860616,0.2026558,0.528738
629133597,0.33456248,0.2985035,0.36693412
629176467,0.35971346,0.34741077,0.2928758
629855468,0.33331823,0.3409464,0.32573536
630930104,0.33607012,0.35861558,0.30531442
631243486,0.4029777,0.29830676,0.2987155
631428573,0.24315323,0.10029828,0.65654856
631470496,0.5376934,0.19614103,0.2661656
631868076,0.29954123,0.4383073,0.26215145
632237904,0.2600314,0.2570679,0.4829007
632292444,0.34317806,0.32226807,0.33455387
632475973,0.31870538,0.38910192,0.29219273
633305274,0.29779536,0.39564884,0.30655587
634484724,0.2575208,0.49506423,0.24741499
634578782,0.2804969,0.36619395,0.3533091
634672728,0.2242253,0.5528989,0.22287577
635064748,0.013714582,0.92463773,0.061647676
635645615,0.14958635,0.37165973,0.47875395
636147262,0.40479344,0.24656251,0.34864402
636310430,0.24991454,0.4059686,0.34411696
636399858,0.22626306,0.45576864,0.31796828
636457468,0.38417432,0.33505568,0.28076994
636787315,0.67634755,0.138374,0.18527848
636874784,0.492326,0.27852362,0.22915044
636924454,0.22154197,0.58401036,0.19444762
637050045,0.34826097,0.3638121,0.28792694
637769173,0.33193526,0.3410416,0.32702318
637827483,0.23719901,0.47203964,0.29076135
637962207,0.27375785,0.46073684,0.26550534
638159432,0.3325214,0.35469666,0.31278193
638160857,0.3662688,0.37544823,0.25828293
638361597,0.3926504,0.30491987,0.3024297
639032622,0.4015752,0.2449585,0.35346633
639138071,0.60761786,0.13715129,0.25523084
639169386,0.23297657,0.21229023,0.55473316
639554124,0.21130002,0.5376557,0.25104427
639739318,0.3847105,0.27283022,0.34245932
640986118,0.5235024,0.16302487,0.31347278
641010519,0.35377523,0.34208363,0.30414096
641050967,0.23426321,0.44695622,0.31878054
641097936,0.29159936,0.4653168,0.24308383
641486662,0.3305815,0.16771415,0.50170434
641602032,0.5628487,0.21952936,0.21762198
641769771,0.3122793,0.38765213,0.30006856
642046230,0.6049929,0.13551433,0.25949275
642228012,0.17216875,0.6300029,0.19782834
642927726,0.32799456,0.36301067,0.30899486
643206791,0.15270957,0.70171714,0.14557326
644120854,0.30266714,0.4091207,0.2882122
644448986,0.3844256,0.33536023,0.2802142
644939934,0.3011226,0.4348041,0.26407328
644941988,0.42574522,0.31311926,0.2611356
645222783,0.46269432,0.25107968,0.28622603
645470456,0.27961293,0.49394855,0.22643855
645706137,0.28616858,0.31222028,0.40161115
646792714,0.4842652,0.13074586,0.384989
646993495,0.20817523,0.47957745,0.3122473
646997865,0.24505152,0.5513137,0.2036348
647337169,0.41766983,0.29676083,0.28556928
647559082,0.2011043,0.36036447,0.43853134
647571816,0.64548975,0.15546721,0.19904304
647771686,0.20524646,0.36478496,0.42996857
648215224,0.42013115,0.2811001,0.2987687
648924164,0.11408136,0.6883144,0.1976042
649919138,0.36413008,0.2935991,0.3422708
650917288,0.29266462,0.42677873,0.2805566
651013110,0.6754209,0.09506062,0.22951855
651752286,0.23926364,0.50397843,0.25675794
651831051,0.26467752,0.48194772,0.25337476
652166213,0.3587086,0.29924834,0.342043
652221308,0.4331147,0.19130735,0.37557796
652310313,0.21031095,0.45322445,0.33646455
652361745,0.3564655,0.37529516,0.26823938
652377101,0.41162714,0.23430161,0.35407123
652801738,0.5450099,0.13603213,0.31895792
653020124,0.36565697,0.34146565,0.29287744
653232295,0.23433305,0.4427269,0.32294005
653368453,0.32020015,0.4142749,0.26552504
653447366,0.2626081,0.4754085,0.2619834
653669810,0.3441265,0.35672483,0.29914868
654392744,0.37191105,0.35227296,0.275816
654430501,0.33418694,0.33459026,0.33122286
655276803,0.42080426,0.26237234,0.31682336
655839311,0.3513224,0.28543058,0.363247
655841003,0.38682604,0.31832764,0.2948463
655896897,0.27620384,0.39844507,0.32535118
656243391,0.48301637,0.2552976,0.26168606
656268525,0.22939502,0.5134917,0.2571132
656331069,0.30373368,0.38807252,0.30819383
656594842,0.37431294,0.33983237,0.2858547
656624179,0.40046775,0.27892858,0.32060367
656778692,0.22636142,0.45446104,0.31917754
657113700,0.11581005,0.09772333,0.7864666
657244915,0.22222318,0.46447212,0.31330472
657327858,0.39082238,0.2938537,0.31532392
658111043,0.23338836,0.47812513,0.28848654
658228685,0.5288795,0.1623671,0.30875334
658636063,0.24082917,0.42450294,0.33466786
658672491,0.10803631,0.34369746,0.54826623
660096190,0.34333655,0.31007847,0.34658504
660256478,0.053379543,0.83145934,0.115161166
660985827,0.30829614,0.26030576,0.43139815
661181887,0.44673657,0.25757396,0.29568952
661284190,0.4696461,0.26868287,0.261671
661722915,0.30013406,0.37102467,0.3288413
662351122,0.25436884,0.4554709,0.29016027
662443481,0.4747731,0.18380083,0.3414261
662451311,0.42133766,0.2722962,0.30636615
662680324,0.28231275,0.17098853,0.54669863
663171188,0.36176097,0.2888022,0.34943685
663541866,0.20160024,0.60293937,0.19546035
664005295,0.41046083,0.16518687,0.42435235
664244588,0.24280185,0.50478846,0.25240967
664460575,0.36738825,0.41688028,0.21573144
664992442,0.25192478,0.3208524,0.42722285
665715079,0.06782348,0.68200916,0.25016743
666274793,0.3208817,0.34963968,0.32947856
666426205,0.49174866,0.26014185,0.24810952
666439572,0.31480008,0.34136376,0.34383622
666911163,0.39409643,0.2634852,0.34241834
667189662,0.7826926,0.061957356,0.15534997
667498397,0.6454575,0.13357133,0.22097124
667938528,0.3029475,0.4616255,0.23542707
668152056,0.27925357,0.42794237,0.29280403
668865690,0.44870445,0.31469697,0.23659858
669688941,0.35052797,0.3551377,0.29433435
669713722,0.33433697,0.3865625,0.27910048
669859018,0.39119437,0.325189,0.2836166
670852744,0.27578324,0.46944365,0.25477308
671650745,0.16544776,0.26799992,0.5665524
671702775,0.25388065,0.37770712,0.3684122
671945114,0.25629097,0.5614322,0.18227686
672547997,0.23681085,0.499203,0.26398623
673099965,0.4045784,0.29101583,0.30440584
673505563,0.2996268,0.37273377,0.32763946
675368882,0.42741543,0.20642051,0.3661641
675510053,0.0131859705,0.91149116,0.07532282
675584932,0.3163872,0.4291712,0.25444156
675647301,0.15010129,0.6288453,0.2210535
675753294,0.33820385,0.31645843,0.34533766
675783932,0.39948133,0.25073618,0.34978253
676269321,0.50708944,0.22105844,0.27185214
676518591,0.41028753,0.2365422,0.35317028
676559658,0.35127965,0.2505336,0.3981867
677185671,0.4032446,0.26465473,0.33210066
677204717,0.36599728,0.3029154,0.33108732
677247738,0.15608391,0.6428461,0.20107001
677712561,0.16602105,0.4174044,0.41657454
678057384,0.25054637,0.43366352,0.31579012
678379408,0.28390396,0.4244809,0.29161522
678539014,0.19107565,0.37261954,0.43630487
678816181,0.48294798,0.25231308,0.26473898
678820576,0.20098655,0.52886367,0.27014986
678989388,0.24620682,0.43957773,0.3142155
679000313,0.73768187,0.09439532,0.16792284
679082430,0.32293016,0.3082106,0.3688592
679218353,0.44771647,0.2702408,0.28204277
679448612,0.4474938,0.25059956,0.30190668
679659418,0.25349855,0.38280118,0.36370024
680143524,0.31502998,0.3833579,0.30161214
680257148,0.35294724,0.32335633,0.32369643
680475797,0.27895167,0.38138163,0.3396667
680547101,0.28614816,0.4141576,0.2996943
680675949,0.32223612,0.35806188,0.31970203
681762547,0.10278621,0.69853675,0.198677
682094803,0.40230104,0.2810381,0.31666082
682259210,0.33336368,0.36745396,0.29918236
682337991,0.27123472,0.32999364,0.39877167
682432830,0.3785458,0.3495276,0.27192664
682473336,0.0763496,0.6214002,0.3022502
683114121,0.18677169,0.5107606,0.30246767
683799359,0.42664912,0.22434507,0.34900582
683946311,0.25422642,0.47804454,0.26772907
684256307,0.7800669,0.06670685,0.15322623
684274419,0.27455282,0.47520363,0.25024354
684921222,0.44074744,0.21392706,0.34532556
685329785,0.39807153,0.29580978,0.30611867
685958150,0.5349396,0.1060707,0.3589897
686380422,0.38622975,0.23671763,0.37705258
686557600,0.5198946,0.22432184,0.2557835
687152352,0.28414533,0.3534236,0.36243108
687233999,0.56891763,0.096785925,0.33429646
687390679,0.49483573,0.22822395,0.27694032
687507305,0.08601942,0.61567736,0.29830322
687934298,0.3741065,0.41719118,0.20870234
688128642,0.13484505,0.49472252,0.37043244
688178311,0.47866493,0.1910463,0.33028874
688228605,0.15421537,0.62186414,0.22392051
688414035,0.24075219,0.5130915,0.24615632
688643500,0.30110136,0.400004,0.29889467
688687915,0.2733293,0.34288117,0.38378954
689100268,0.38397095,0.27967027,0.33635876
689580590,0.3191728,0.4091642,0.27166298
689896699,0.27564985,0.38105768,0.34329247
689923377,0.35916463,0.21312873,0.42770663
690377638,0.27210236,0.42536324,0.30253434
691071369,0.29892316,0.22331324,0.47776356
691089561,0.34021047,0.33011055,0.32967898
691791320,0.46376196,0.2647182,0.27151987
691800945,0.35962993,0.31832847,0.32204157
692240074,0.45881137,0.28540102,0.2557876
692366712,0.5181726,0.25780988,0.22401752
692438400,0.30532613,0.30913985,0.385534
692846166,0.55393106,0.21115719,0.23491177
692883952,0.1884449,0.5731648,0.23839031
692907515,0.6238511,0.16372064,0.21242815
693299479,0.17042683,0.44377896,0.38579422
693683036,0.46848798,0.2690076,0.2625044
693760672,0.20378819,0.20229067,0.59392107
693823470,0.3566483,0.24104583,0.40230587
693954182,0.50857306,0.21440192,0.27702498
694162790,0.34609523,0.4042677,0.24963704
694447284,0.3655823,0.285281,0.3491366
694518353,0.45284152,0.25680432,0.2903541
694674328,0.16609195,0.16609195,0.6678161
695150553,0.35680208,0.3209926,0.32220533
696119734,0.27269223,0.40046746,0.32684025
696672649,0.299327,0.3870845,0.3135885
696846893,0.3609034,0.3609034,0.27819318
697209006,0.5156437,0.1989486,0.2854077
697680669,0.35773376,0.33559927,0.30666697
698136545,0.20428655,0.59779054,0.19792289
698401012,0.3500265,0.20055869,0.44941488
699057036,0.32800326,0.16993935,0.5020573
699889151,0.25146794,0.26262426,0.48590782
699931466,0.21225788,0.4369146,0.35082743
699978707,0.46035612,0.2171401,0.32250378
700257050,0.2287831,0.6233434,0.14787354
700262177,0.37331662,0.2752024,0.351481
700659402,0.27909568,0.42405367,0.29685065
700868555,0.31148902,0.29043916,0.39807186
701090837,0.33584794,0.3513021,0.3128499
701336975,0.14963143,0.57678574,0.27358282
701360301,0.4376573,0.26578075,0.29656202
701382794,0.45164832,0.23356578,0.314786
701495567,0.22750245,0.52780694,0.24469063
701588352,0.38880908,0.32193226,0.28925872
702041904,0.38514665,0.2892779,0.32557547
702067130,0.6803311,0.12597185,0.193697
702346209,0.29293993,0.20141377,0.5056462
702577995,0.20429221,0.56336313,0.23234463
703405849,0.48374724,0.26852155,0.24773124
705052390,0.47081947,0.3047778,0.22440277
705109550,0.23873977,0.5340041,0.2272561
705199188,0.3295976,0.32173946,0.3486629
705772162,0.2642758,0.46907783,0.26664644
706230222,0.5890449,0.17363966,0.2373154
706273423,0.276859,0.17923881,0.5439022
706849199,0.50423455,0.08231296,0.41345242
707414367,0.2396739,0.21668354,0.5436425
707480036,0.28427207,0.22999786,0.48573005
707509908,0.44120505,0.25688192,0.30191305
708515109,0.38910162,0.23647216,0.37442625
709136463,0.24857783,0.45797005,0.29345214
709156988,0.26683137,0.4528592,0.28030938
709952254,0.39190835,0.3061479,0.30194372
710093751,0.441249,0.2889493,0.2698017
710406237,0.2865857,0.44454265,0.2688717
710682796,0.3478733,0.30245286,0.3496738
710712289,0.42487317,0.25908518,0.31604174
710887433,0.3363007,0.41889104,0.24480821
711385118,0.25167382,0.4974081,0.2509181
711429368,0.22680117,0.5212001,0.25199875
711744841,0.46462938,0.2539212,0.2814495
711853969,0.4582729,0.25692633,0.28480083
711917575,0.1738996,0.58432424,0.2417762
712126362,0.3989716,0.31930315,0.2817253
712405210,0.32060993,0.36916658,0.31022355
712714519,0.44838494,0.2456933,0.3059218
712854371,0.3308316,0.42837787,0.24079055
712961569,0.2073888,0.4971534,0.29545778
713043559,0.26158413,0.47884732,0.25956854
713197204,0.24127217,0.2680558,0.49067214
713424065,0.6169802,0.35613054,0.026889235
714910021,0.3773906,0.14731357,0.47529584
715817672,0.54371816,0.16691896,0.2893629
715849604,0.08761805,0.6307368,0.28164512
715861427,0.49669966,0.21775012,0.2855503
716236262,0.2653901,0.4374128,0.29719713
716493758,0.16209045,0.5345454,0.3033641
716964962,0.14305787,0.19218114,0.664761
717070125,0.37076232,0.35263732,0.2766004
717097269,0.15157032,0.29657692,0.55185276
717252402,0.33438036,0.5274734,0.1381463
717843988,0.3614198,0.31213355,0.32644668
718053279,0.537726,0.24630557,0.21596843
718250232,0.30054182,0.4409543,0.25850397
719860290,0.39057633,0.3749321,0.23449153
719892604,0.26300985,0.45814353,0.27884662
720380278,0.23575436,0.42741242,0.3368332
720397764,0.26155695,0.25390515,0.48453787
720748211,0.6512213,0.14490928,0.20386937
720777997,0.38604888,0.37370083,0.2402504
720821291,0.44446585,0.29460204,0.2609321
721004517,0.30570605,0.40909982,0.2851941
721040925,0.36470717,0.4230244,0.21226843
721399219,0.29383138,0.24220966,0.46395892
721685338,0.27111343,0.4604026,0.26848397
721694637,0.1579111,0.4337789,0.40831003
721694950,0.2723582,0.3130979,0.41454387
722189900,0.75536406,0.09155004,0.15308581
722270458,0.16418163,0.54810107,0.28771725
722512324,0.4228897,0.21616676,0.36094353
723176820,0.31580922,0.44236812,0.24182267
723536266,0.41023874,0.27814263,0.31161857
724144595,0.3210486,0.38803244,0.29091898
725347968,0.11435663,0.52905977,0.3565836
725451636,0.19595441,0.58030146,0.22374417
725571642,0.17512688,0.16987216,0.655001
725712625,0.6658425,0.12324874,0.21090885
726090661,0.41991097,0.27530378,0.30478522
726174480,0.25568902,0.50582606,0.23848492
726790200,0.28787565,0.4526317,0.25949264
726921681,0.29275846,0.1678802,0.53936136
727383047,0.5447311,0.16034341,0.29492554
728357564,0.16509064,0.4735629,0.36134645
728572634,0.24224757,0.6383868,0.11936571
728760437,0.24683902,0.38186377,0.37129715
729458908,0.41093597,0.18438916,0.40467492
729848328,0.4935949,0.25136966,0.25503543
731346432,0.34342194,0.33086652,0.32571155
731359047,0.38829997,0.19222745,0.41947266
731608734,0.25313407,0.4381947,0.3086712
731814717,0.27732977,0.32775927,0.39491096
731831071,0.25417957,0.46179098,0.2840295
732145029,0.15996115,0.59441406,0.24562475
732408826,0.3089553,0.37742242,0.3136223
732622568,0.43971434,0.26065892,0.2996268
733223183,0.13048331,0.6900693,0.17944737
733735516,0.21168639,0.5739572,0.21435641
734178179,0.14650723,0.6623445,0.19114828
734321315,0.35225117,0.37570363,0.27204525
734797730,0.33055827,0.39933455,0.2701072
734856306,0.21705891,0.503371,0.27957
735068064,0.20285155,0.5557946,0.24135385
735145029,0.21688007,0.5006813,0.28243873
735415860,0.48992896,0.2704276,0.23964338
736680415,0.2319939,0.43457332,0.33343276
736741376,0.2451336,0.44790977,0.30695662
737200814,0.42453757,0.23157796,0.34388444
737201480,0.36102602,0.2918029,0.34717107
737415984,0.3596393,0.36058486,0.27977592
737612704,0.4258772,0.32622865,0.24789418
737684238,0.46411484,0.20580156,0.3300836
737684657,0.33391887,0.35357648,0.3125047
738065013,0.28754267,0.45630378,0.25615358
738186597,0.29808843,0.4201776,0.28173396
738306586,0.21489386,0.4661657,0.31894043
738692448,0.2207934,0.5124866,0.26672
740273517,0.35704488,0.4245455,0.21840975
740511279,0.54864585,0.19155782,0.25979623
741034949,0.3727173,0.2712602,0.35602257
741212665,0.23038521,0.5392872,0.23032753
741268693,0.42896378,0.29650575,0.2745305
742123728,0.3782677,0.3457011,0.27603117
742283559,0.41882238,0.30242646,0.27875113
742321836,0.27173436,0.25003844,0.47822723
742651238,0.36951876,0.33428302,0.29619825
742816020,0.2075471,0.3030255,0.48942742
743891198,0.42882144,0.12993284,0.4412457
744215630,0.295046,0.41558003,0.289374
744300599,0.21132796,0.60720724,0.18146487
744699408,0.39400902,0.17396717,0.4320238
744716337,0.25054437,0.54507667,0.20437902
745092654,0.2755378,0.29888007,0.42558217
746100043,0.2823129,0.33870026,0.3789868
746463647,0.6377504,0.10201166,0.2602379
746505061,0.22941796,0.46912122,0.3014608
746959201,0.24252777,0.4653924,0.2920798
747730333,0.2048667,0.6012811,0.19385214
747730850,0.6351732,0.11564855,0.24917834
747793868,0.264375,0.3618852,0.37373987
748464170,0.22736728,0.4882819,0.28435078
749497447,0.4821599,0.2698811,0.24795905
749758791,0.21165659,0.5214934,0.26685008
749820514,0.4501709,0.2855205,0.26430857
750489165,0.49929324,0.23565082,0.26505595
752598019,0.29357868,0.4544325,0.25198886
752651631,0.40517688,0.19616358,0.3986596
752952970,0.21521041,0.49386653,0.290923
753381490,0.67792726,0.08901072,0.23306204
753407464,0.5658989,0.16095655,0.27314457
753510591,0.29118997,0.33673018,0.37207988
753567285,0.37453094,0.37445858,0.25101054
754003796,0.15637887,0.6636862,0.17993493
754249136,0.07879279,0.52383536,0.3973719
755240221,0.250967,0.39641947,0.3526136
755351780,0.3711885,0.34766176,0.28114974
756298120,0.3205851,0.41231453,0.26710033
756564306,0.11545367,0.48035738,0.40418893
757455810,0.4301951,0.25599697,0.31380796
757543140,0.21816012,0.21570292,0.56613696
757910095,0.29506513,0.27659458,0.42834035
757945744,0.28535044,0.41380188,0.30084762
758094569,0.14253335,0.3580998,0.49936685
758487427,0.38102078,0.29043025,0.3285489
759201941,0.342871,0.3631854,0.2939436
759212152,0.32246363,0.33076382,0.34677252
759217380,0.2063196,0.21690226,0.5767781
759547905,0.45286736,0.19048943,0.35664326
759643364,0.2728751,0.34087676,0.38624814
759772839,0.37165973,0.34453243,0.28380778
759975102,0.1375672,0.2164883,0.6459445
760493513,0.4384889,0.24658638,0.3149247
760656782,0.26690874,0.38915193,0.3439394
760679584,0.3377327,0.32514083,0.3371265
760888943,0.122834146,0.3907051,0.48646078
760930069,0.7381211,0.06549194,0.196387
760945693,0.14092115,0.59271854,0.26636034
761553274,0.47914138,0.21791777,0.3029408
763017173,0.27730486,0.5135003,0.2091949
763096473,0.6556504,0.14665323,0.19769637
763129433,0.26923978,0.3444304,0.38632977
763947937,0.31559348,0.41031232,0.2740942
764162827,0.34917608,0.35377872,0.2970452
764303769,0.4458718,0.23266684,0.32146135
764702299,0.3558259,0.30357203,0.34060213
764812062,0.5309083,0.13366912,0.3354227
764833414,0.313638,0.331782,0.35458007
765296911,0.36351508,0.32863536,0.3078496
765455106,0.7503453,0.08344156,0.16621311
765549343,0.29596856,0.34275165,0.36127976
765599574,0.30019596,0.28606087,0.41374317
765630973,0.3328349,0.37279338,0.2943717
766200656,0.42501196,0.23081031,0.34417766
766269883,0.21763158,0.4637196,0.3186488
766335087,0.11703731,0.46241337,0.42054936
766496317,0.27670702,0.50073844,0.22255452
766523855,0.31526726,0.31526726,0.36946544
766594175,0.52577835,0.294712,0.17950965
767200328,0.23707658,0.48220375,0.2807197
767203356,0.31809065,0.36385393,0.31805533
767238440,0.32065743,0.29077584,0.3885667
767357313,0.22392535,0.23365492,0.5424198
767408860,0.30318263,0.35326594,0.34355146
767534972,0.23140259,0.53590447,0.23269297
767571489,0.32627302,0.37946612,0.29426083
767654808,0.12062164,0.49643114,0.38294727
767904106,0.47326708,0.2652922,0.26144075
768309987,0.119855404,0.256256,0.62388855
769028768,0.16802801,0.6215151,0.21045697
769578212,0.30478224,0.14520754,0.5500102
769892462,0.57405204,0.18887329,0.23707473
770147628,0.13957231,0.3630105,0.4974172
770406326,0.30736893,0.18969776,0.5029334
771515659,0.7131634,0.08441738,0.2024193
771705990,0.4461895,0.28126222,0.27254832
771758244,0.43357474,0.24598125,0.3204441
771961187,0.33244464,0.36084098,0.30671442
772072990,0.22086279,0.46576887,0.31336832
772311054,0.5543602,0.19268428,0.25295547
772757442,0.38955942,0.21488449,0.39555612
773929889,0.3153625,0.38142854,0.30320892
774062307,0.36617345,0.33367458,0.30015188
774105798,0.69526637,0.1436826,0.16105105
774348995,0.3182461,0.43899238,0.24276157
775297944,0.35424984,0.28170374,0.36404645
775718046,0.7412943,0.098374516,0.16033119
775911845,0.08682062,0.5603332,0.3528462
776116035,0.55145216,0.22691068,0.22163719
776262791,0.0037007306,0.9310628,0.06523651
776642746,0.27150494,0.52997416,0.19852091
777526089,0.20793152,0.55415934,0.23790914
777675806,0.10640894,0.25117415,0.64241695
777879572,0.26687095,0.33949915,0.39362985
777951094,0.34968323,0.35856375,0.29175305
778314985,0.30850253,0.2044716,0.4870259
779169401,0.36072344,0.35691354,0.282363
779424687,0.29139248,0.33119538,0.37741208
779653499,0.31138024,0.32699507,0.36162466
779858347,0.34622025,0.3046656,0.3491141
780075991,0.38104367,0.32437283,0.29458344
780506499,0.658481,0.08930174,0.25221723
780695685,0.3105211,0.16986671,0.51961225
780697259,0.015709337,0.0021897494,0.9821009
781120108,0.24700053,0.22514805,0.52785134
781440468,0.25898814,0.44681332,0.2941986
781756651,0.48359418,0.20458804,0.31181774
781950830,0.40368977,0.3384707,0.25783953
782183410,0.36388838,0.32941008,0.30670157
782294356,0.2492991,0.077233784,0.67346716
782376358,0.026020423,0.6764942,0.29748544
782742503,0.2626676,0.32396254,0.41336992
783046987,0.36737433,0.4696341,0.16299152
783387460,0.7815504,0.04516182,0.17328773
784118017,0.43575516,0.28664482,0.27760008
784209837,0.3670322,0.28845623,0.34451163
784610835,0.24621202,0.43156245,0.32222557
784797084,0.44814208,0.1906226,0.36123532
785048916,0.31908843,0.41203773,0.26887384
785332837,0.33138278,0.26767072,0.40094644
786559406,0.43544227,0.21525733,0.3493004
786641621,0.49471813,0.23219115,0.27309072
786770718,0.33776534,0.32791254,0.33432215
786783607,0.39637285,0.24633323,0.357294
787366357,0.37032822,0.3480418,0.28162998
787423042,0.30645064,0.27893072,0.4146186
788882093,0.250821,0.39044887,0.3587301
788895476,0.51722336,0.227238,0.25553867
788968082,0.13662049,0.6892875,0.17409205
789617929,0.28578877,0.3671164,0.34709483
790171568,0.23516513,0.43589863,0.32893628
791231294,0.33407474,0.36192638,0.30399895
791677890,0.41164276,0.30308217,0.28527513
791780597,0.20200384,0.50339115,0.29460508
792352598,0.42322096,0.20366675,0.37311235
793302270,0.29259044,0.3590423,0.34836727
793866593,0.274045,0.41274455,0.31321043
795269818,0.3470571,0.27253363,0.38040924
795662476,0.3853655,0.32880026,0.28583428
796048636,0.29431027,0.36801437,0.3376754
796430071,0.31669033,0.3891273,0.29418236
796582708,0.15075074,0.5273599,0.32188943
796691108,0.8220326,0.019069564,0.15889788
796950142,0.19225831,0.46397337,0.34376827
797786870,0.528547,0.23156933,0.23988365
797790532,0.33395666,0.2649286,0.40111473
798549665,0.2135763,0.5260124,0.26041135
798816810,0.34091046,0.3350224,0.32406706
798978630,0.46543363,0.24744329,0.2871231
799680491,0.28733492,0.31847525,0.3941899
799764192,0.51008976,0.0653039,0.42460632
800536650,0.45006582,0.26842275,0.28151143
800768941,0.50301963,0.28473464,0.2122458
800898722,0.4346003,0.21982038,0.3455794
801126386,0.30153915,0.36488408,0.33357677
802392842,0.21920504,0.24851184,0.5322831
803675165,0.19540133,0.42806426,0.3765344
804208116,0.29324788,0.35072967,0.3560225
804467499,0.25340548,0.26167044,0.48492402
804497184,0.32222462,0.3647536,0.31302178
804611218,0.42514187,0.17479742,0.40006068
804722742,0.25016344,0.3127465,0.43709
805484576,0.5830061,0.18332008,0.23367386
805942889,0.37187108,0.300533,0.3275959
806191985,0.21694775,0.5198439,0.26320842
806247660,0.3241389,0.17579167,0.5000694
806976200,0.22271274,0.52894753,0.24833971
808002815,0.5590542,0.21574971,0.22519605
808323861,0.30890936,0.38149694,0.30959374
808411944,0.27269775,0.2809448,0.44635743
808909771,0.3663119,0.16334742,0.47034064
809311656,0.19590014,0.45314562,0.35095426
809686481,0.25095993,0.55219173,0.19684833
809831413,0.26287055,0.40762565,0.32950392
809848307,0.34498724,0.31531206,0.33970073
810709019,0.1818073,0.36682191,0.45137084
810931083,0.26479858,0.4435762,0.2916253
811264514,0.36992526,0.30062023,0.3294545
811522991,0.34825546,0.34434098,0.3074036
812224393,0.31543428,0.404381,0.28018472
812518689,0.36106244,0.33851087,0.30042663
812801100,0.26681477,0.2041849,0.52900034
812881541,0.40897065,0.17622192,0.41480747
812944009,0.1957826,0.47080705,0.33341035
813338471,0.36478248,0.3420645,0.293153
813403967,0.098546304,0.73665845,0.16479522
813494037,0.32890874,0.36950862,0.30158266
813774582,0.17992166,0.46533057,0.35474783
813995981,0.21124846,0.4184459,0.37030572
814676121,0.40530306,0.29822123,0.2964757
814747273,0.4589703,0.21968298,0.32134673
815069445,0.43123865,0.28996655,0.27879477
815172120,0.20929559,0.42798844,0.36271593
815631071,0.19053838,0.5125126,0.29694903
815836742,0.30907688,0.3669035,0.3240196
816173320,0.31462777,0.4484162,0.23695605
816932544,0.38307062,0.47198144,0.14494796
818607766,0.315223,0.047702562,0.6370745
818894452,0.32559124,0.34967956,0.32472923
819370039,0.34247905,0.32359177,0.33392912
820386908,0.32689488,0.36872464,0.3043805
820571253,0.23206374,0.4599585,0.3079777
821623140,0.49680415,0.13407858,0.3691173
821863835,0.38660365,0.35955545,0.25384095
822184468,0.33300632,0.31039527,0.35659835
822275122,0.29692262,0.30905706,0.39402032
822730342,0.25154188,0.31799567,0.43046248
823212361,0.1628176,0.29058197,0.54660046
823310658,0.31157336,0.26787567,0.42055094
823366502,0.4735113,0.17486653,0.35162213
824067423,0.38570362,0.17761703,0.4366793
824482237,0.31160498,0.1532141,0.5351809
824538051,0.20604561,0.32249162,0.4714627
825163139,0.34338346,0.26916555,0.387451
825294402,0.38348237,0.28635916,0.33015853
825757307,0.38366783,0.38975495,0.22657725
825768209,0.24816081,0.49160567,0.26023352
825877654,0.18274876,0.6015051,0.21574615
826290158,0.24692959,0.32450897,0.42856145
826615908,0.3346699,0.32849824,0.3368319
826903770,0.31687993,0.3750274,0.30809268
827314675,0.23975237,0.5016824,0.25856516
828115427,0.30867186,0.14816612,0.5431621
828389765,0.27942488,0.33692926,0.38364598
828828289,0.48788,0.3622604,0.14985955
829247225,0.30445576,0.37819764,0.3173466
829339695,0.6038504,0.14702778,0.2491218
829670977,0.16186617,0.16186617,0.6762676
829993431,0.51998836,0.21317296,0.26683867
830083779,0.21114379,0.52003247,0.2688237
830414375,0.29126558,0.38973093,0.31900355
830442233,0.333674,0.35853708,0.3077889
830444762,0.23064797,0.3302224,0.43912965
830517797,0.09681121,0.7227572,0.18043168
830535934,0.23193556,0.40862674,0.35943773
831081753,0.3405861,0.379619,0.2797949
831417726,0.32400176,0.36098763,0.31501055
831856317,0.6893305,0.06965403,0.24101546
832538452,0.12573352,0.69501394,0.17925245
833019307,0.3844783,0.32204106,0.29348063
833190748,0.45392573,0.26242575,0.2836485
834336581,0.28966674,0.3088501,0.40148312
834960909,0.46022695,0.225394,0.31437913
835604446,0.43414438,0.27734628,0.2885094
835667352,0.328402,0.37323502,0.29836294
836223002,0.3498256,0.39924788,0.25092646
836267605,0.2465156,0.51211494,0.24136943
836671415,0.16655812,0.52419424,0.3092477
836802513,0.6568062,0.10112612,0.24206766
836898557,0.3200157,0.13677534,0.54320896
837300328,0.6123914,0.16431029,0.22329828
837814911,0.11677472,0.52175725,0.36146796
838719756,0.2074691,0.5398466,0.25268427
838740162,0.015175817,0.91013086,0.07469333
838750137,0.58888036,0.14102192,0.27009767
839888009,0.2512086,0.4596422,0.2891492
841595438,0.469658,0.2341216,0.29622045
841820089,0.17338224,0.55283946,0.27377817
842084708,0.36326247,0.3023248,0.3344127
842567347,0.4918396,0.2235948,0.2845656
843279115,0.23891056,0.42381164,0.33727783
843334337,0.24496159,0.4282701,0.3267683
843344596,0.2666115,0.34406832,0.38932022
843445922,0.48031607,0.263515,0.25616896
843690478,0.37839437,0.31368974,0.30791587
844970664,0.3647488,0.40125132,0.2339998
845136322,0.28299257,0.361913,0.35509443
845400567,0.30964112,0.20630991,0.48404893
846154185,0.3657426,0.40127966,0.23297784
846198631,0.42251453,0.354614,0.22287145
846202143,0.02753376,0.89167994,0.080786325
846586663,0.39376208,0.35830015,0.24793784
846600696,0.33646348,0.41144714,0.25208944
846742916,0.10173004,0.71436626,0.1839037
847097167,0.19227064,0.56526375,0.24246559
847259050,0.5392503,0.2473634,0.2133863
847351627,0.25992864,0.31320712,0.42686427
847639954,0.23011193,0.32796845,0.4419196
848182145,0.6459475,0.15584762,0.19820495
848222707,0.21610647,0.52295744,0.2609361
848425453,0.7115559,0.13086827,0.15757588
848491376,0.3456417,0.33510914,0.31924915
849450351,0.3907384,0.32003722,0.28922442
849503286,0.30645332,0.36175084,0.33179584
849755318,0.32492164,0.4457772,0.22930124
850221446,0.3061571,0.38936895,0.30447394
850237855,0.21819565,0.21819565,0.56360865
850583023,0.52333695,0.23782389,0.23883915
851437941,0.2890394,0.41447112,0.29648954
851741966,0.468414,0.2796669,0.2519191
851772271,0.039956115,0.8767405,0.08330326
851776254,0.30597028,0.2449811,0.44904858
852037517,0.34733623,0.28687295,0.3657908
852166977,0.24962996,0.2042456,0.5461245
852560879,0.2682281,0.39991108,0.33186078
852732787,0.43365517,0.22988248,0.33646232
852769619,0.2721138,0.39033645,0.33754975
852856601,0.62357545,0.05658582,0.31983873
853085026,0.1722634,0.49988487,0.32785162
853774565,0.41952375,0.2871896,0.29328668
854039698,0.19780102,0.5613068,0.24089219
854204789,0.34287286,0.40397927,0.25314787
854416810,0.6629797,0.14846341,0.1885569
854836814,0.31352115,0.36578688,0.32069194
856337886,0.27715817,0.39695662,0.3258852
856798972,0.32896224,0.30657592,0.36446187
857416908,0.343441,0.32255363,0.33400524
857693972,0.5572341,0.19283803,0.24992785
857703939,0.24729075,0.45464018,0.29806906
858386083,0.30281937,0.41089165,0.28628898
858741775,0.015472115,0.027133936,0.95739394
858936913,0.337173,0.34713125,0.31569582
859060354,0.4297639,0.2658849,0.30435112
859368732,0.3298151,0.23044789,0.43973702
859655510,0.31806788,0.3988983,0.28303376
860087617,0.5072982,0.23316342,0.25953844
860172464,0.48945507,0.2676986,0.24284635
860211596,0.3036249,0.49076176,0.20561332
860275990,0.7578902,0.036908742,0.205201
860437326,0.2070145,0.324591,0.46839446
860474888,0.51545465,0.22057636,0.26396897
861660085,0.2650031,0.4747501,0.26024687
861888886,0.3491917,0.41109002,0.23971829
862357408,0.24039167,0.5037538,0.25585452
862855891,0.293979,0.23945831,0.46656275
863373115,0.5166355,0.1247149,0.35864967
864780792,0.4200545,0.25751382,0.32243168
865568768,0.5010617,0.24566495,0.25327337
865805025,0.19925807,0.52374154,0.27700043
865873332,0.2941343,0.459873,0.2459927
866492806,0.32559264,0.41029426,0.26411313
866660783,0.26920354,0.25237104,0.47842544
866976145,0.24054053,0.26804242,0.49141702
867268041,0.33550304,0.2737785,0.39071852
867508149,0.16099332,0.62877506,0.2102317
867727601,0.28862634,0.44417763,0.26719603
869915555,0.23627833,0.27169618,0.4920254
870332680,0.42159534,0.29314232,0.28526238
870814389,0.60852236,0.18481995,0.20665765
871068023,0.3013326,0.4097543,0.28891304
871227844,0.10387387,0.75843793,0.13768826
871322412,0.28009823,0.50950384,0.21039787
871371197,0.35758838,0.3208046,0.32160702
871526026,0.33931658,0.39963168,0.26105174
872056967,0.24042119,0.5291051,0.23047365
872310352,0.21569473,0.49366936,0.2906359
872363636,0.45118862,0.27106085,0.2777505
872443680,0.33702335,0.41072428,0.25225243
872539516,0.65194476,0.1445607,0.20349456
872658612,0.5279526,0.18767373,0.2843737
872974028,0.32237735,0.35604024,0.3215824
873443158,0.67623645,0.08125543,0.24250817
873642239,0.38627353,0.2757789,0.3379476
874244917,0.7547756,0.10362829,0.14159612
874473627,0.20535214,0.53302306,0.26162478
874786880,0.33602637,0.31341907,0.35055453
875290371,0.35053337,0.38035923,0.2691074
875321721,0.5574771,0.20627065,0.23625216
875677285,0.21092609,0.51764107,0.27143285
876090188,0.18475565,0.58586097,0.22938332
876108953,0.16631033,0.46495575,0.36873394
877506055,0.19420932,0.30291197,0.5028788
877656123,0.34426174,0.33438292,0.3213553
878651111,0.34198114,0.3321093,0.32590953
878820046,0.6164061,0.12846226,0.2551317
878887272,0.33396393,0.36400005,0.302036
879471430,0.515543,0.21298617,0.27147093
879678321,0.23924513,0.45840898,0.30234593
879940450,0.17978443,0.60819495,0.21202058
880047507,0.31873283,0.4395242,0.24174306
880759896,0.10205701,0.05298569,0.8449573
880846619,0.20866431,0.27868938,0.5126462
881310427,0.34412706,0.3402816,0.31559134
882306536,0.3962798,0.32864952,0.27507064
883021672,0.3375594,0.4229922,0.23944849
883915954,0.33641216,0.39608544,0.26750243
884224318,0.17464212,0.5926206,0.23273735
884314563,0.3752566,0.3256495,0.29909384
884569108,0.41282472,0.1791068,0.40806848
884859770,0.104211606,0.70652723,0.18926115
884960593,0.089866415,0.03482113,0.8753125
885447879,0.41578206,0.2830753,0.30114263
885521162,0.41134515,0.28441027,0.30424458
885980870,0.5073649,0.23840086,0.2542342
886003210,0.23290537,0.30746397,0.4596307
886021604,0.33290666,0.37517557,0.29191774
886142254,0.24441998,0.449452,0.30612805
886445906,0.39441174,0.24471986,0.36086845
887507035,0.3385727,0.33759996,0.32382736
887874877,0.13166262,0.737991,0.13034643
888100345,0.28583235,0.36634088,0.34782672
888371073,0.09258071,0.47717518,0.43024412
889167096,0.36307743,0.34992942,0.28699315
889976989,0.446116,0.33627936,0.21760476
890319668,0.47409225,0.27811685,0.24779087
890527918,0.2953785,0.42731616,0.27730536
890646735,0.2958673,0.28996563,0.41416714
890895628,0.42430434,0.273294,0.30240157
890907911,0.18524192,0.56857836,0.24617964
891079772,0.2376502,0.45321733,0.30913246
891398729,0.43885076,0.29338112,0.26776806
892081991,0.10873736,0.36199826,0.5292644
892474828,0.28572676,0.37622494,0.3380483
892547876,0.4585575,0.27064437,0.27079815
893319568,0.3867112,0.34055224,0.27273643
893763519,0.4234249,0.23762816,0.33894694
894626352,0.2850395,0.41575757,0.29920283
895330493,0.18387237,0.40174237,0.41438526
895573330,0.2525376,0.35021892,0.3972435
895707454,0.74920577,0.12245288,0.12834135
895973701,0.2346185,0.5098121,0.25556946
896013147,0.4043014,0.2782683,0.31743038
896084903,0.530964,0.2166165,0.2524195
896128160,0.30940217,0.35792387,0.33267394
896241291,0.6158247,0.18277308,0.2014022
896381874,0.31364602,0.36448517,0.32186878
896829909,0.39873394,0.27354848,0.32771757
897125348,0.4106577,0.24042766,0.34891468
897775559,0.373919,0.40392622,0.22215478
898420807,0.27277783,0.45720723,0.270015
898873672,0.27234146,0.25682026,0.47083834
899168104,0.77751905,0.058580287,0.16390064
899558259,0.37467664,0.2983133,0.32701004
899801177,0.23921491,0.5042025,0.25658262
900238265,0.24904725,0.46342427,0.2875285
900664217,0.34495643,0.3531244,0.30191916
900722589,0.22787473,0.49525928,0.276866
900748846,0.57111615,0.18863365,0.24025019
901226641,0.28966388,0.3986644,0.31167167
902353824,0.19238225,0.518842,0.2887757
902717678,0.37087032,0.33418503,0.29494473
903080822,0.37839076,0.3295495,0.29205972
903644904,0.16362461,0.63866127,0.1977141
903779818,0.34569278,0.3420677,0.31223947
904324693,0.45564258,0.26969957,0.27465785
904351330,0.43386242,0.30749542,0.2586421
904435314,0.6963363,0.14341001,0.16025372
904712108,0.35529453,0.3720272,0.2726783
904858325,0.07175778,0.76767236,0.16056994
905497492,0.46551317,0.10035353,0.4341333
905913882,0.38606513,0.2749809,0.3389539
905952256,0.50871724,0.2769469,0.21433583
905954342,0.2605701,0.5108937,0.2285362
906881914,0.6774698,0.07314617,0.24938399
907180812,0.47733516,0.13813454,0.38453034
907200418,0.13270798,0.58074206,0.2865499
907404810,0.22284159,0.5417337,0.23542477
907973163,0.43263364,0.26147732,0.30588907
909019182,0.19187094,0.48585784,0.32227123
909034690,0.20554224,0.526482,0.26797575
910875951,0.3337666,0.34062377,0.32560965
911088869,0.28781664,0.40303668,0.3091466
911439918,0.20081432,0.5082936,0.29089198
911998102,0.1423189,0.21173371,0.64594746
912794313,0.23926967,0.5044225,0.25630784
913773752,0.18022336,0.5730439,0.24673274
913802335,0.3537114,0.320927,0.32536164
915091712,0.26935038,0.32787564,0.402774
915367723,0.2761108,0.2658936,0.4579957
915541582,0.33968437,0.30979797,0.3505177
915620190,0.39800256,0.3203458,0.28165168
915697009,0.19160415,0.447415,0.36098084
915824111,0.32212132,0.3758932,0.3019855
915937366,0.6203568,0.17242499,0.20721824
917457597,0.3650489,0.30015403,0.33479708
917548030,0.22057818,0.40432912,0.3750927
917549806,0.36671644,0.3064815,0.3268021
917614862,0.1762141,0.6239072,0.19987868
917615276,0.053692736,0.6253574,0.32094982
917967567,0.19723028,0.532174,0.27059576
918029306,0.5317202,0.18913567,0.2791441
918500838,0.18314986,0.57413286,0.24271725
918733683,0.30820844,0.26136658,0.43042505
918951647,0.37910357,0.3391649,0.2817315
919033853,0.2784324,0.2810863,0.4404814
919286981,0.30144456,0.17689167,0.5216638
919864891,0.2505879,0.469321,0.28009114
920144397,0.48595303,0.29265046,0.22139649
920800884,0.47093445,0.28860155,0.24046405
921097804,0.45402563,0.20393816,0.34203622
921485666,0.20752631,0.5174791,0.27499458
921506648,0.32437122,0.35876703,0.31686178
921579211,0.37716156,0.27697718,0.34586132
921761444,0.39769262,0.27495033,0.327357
922334196,0.48328292,0.24353436,0.27318272
922418850,0.21509905,0.4210137,0.36388725
922666394,0.36491492,0.3218084,0.31327674
922942781,0.34452152,0.3826547,0.27282384
923030065,0.19510128,0.33955798,0.46534076
923222155,0.43366686,0.26115528,0.30517793
923557423,0.1454492,0.15948822,0.6950625
924281297,0.20661938,0.55574405,0.2376365
924414353,0.3100811,0.3014228,0.38849616
924507948,0.3345325,0.34353548,0.32193208
924943883,0.30294228,0.3596185,0.33743924
925134983,0.42263833,0.27524638,0.30211526
925191545,0.26415884,0.4040229,0.33181828
925485264,0.19131456,0.317745,0.49094036
925576591,0.5690425,0.18875206,0.24220544
925695484,0.2349105,0.3346655,0.43042397
925861265,0.20134257,0.53622144,0.26243594
925963894,0.26266655,0.5287394,0.20859407
926065372,0.38464049,0.35267016,0.26268932
926101126,0.23657648,0.20278229,0.5606412
926649457,0.44246146,0.3375656,0.21997291
927057715,0.28668335,0.3388198,0.37449685
928284057,0.30717507,0.16277222,0.5300528
928510260,0.1897633,0.47756168,0.33267504
929245716,0.29058233,0.28008083,0.42933682
929505116,0.4398599,0.2814528,0.2786873
929736461,0.28996167,0.42941552,0.2806228
930647393,0.4049058,0.2937867,0.30130744
930708627,0.4702306,0.27679002,0.2529794
930812345,0.23237534,0.23430201,0.53332275
930818921,0.22701202,0.22588618,0.54710174
930847441,0.21532689,0.5843605,0.20031257
932082965,0.3087201,0.38485336,0.3064265
932453358,0.30491385,0.33289188,0.3621944
932690087,0.21413644,0.21413644,0.5717271
932788649,0.1548455,0.6047784,0.24037613
933340359,0.22666672,0.3605413,0.41279194
933393524,0.215444,0.34379342,0.44076258
933847536,0.6339436,0.11417107,0.2518853
933973597,0.49789,0.22764374,0.2744663
934281363,0.3867288,0.37817386,0.23509736
934551937,0.18994878,0.30778095,0.5022703
935182872,0.3755478,0.29650974,0.3279424
935260663,0.2606399,0.45749757,0.28186247
935325476,0.37687013,0.25518504,0.36794487
936080336,0.45567763,0.27988118,0.26444116
936383911,0.42350608,0.3033257,0.2731683
936726225,0.3299679,0.35977736,0.31025478
937078545,0.37777227,0.32004464,0.302183
937860125,0.35400152,0.36695927,0.2790392
938616798,0.33823273,0.3041738,0.3575935
939110797,0.6299708,0.15138783,0.2186414
939239926,0.35202047,0.35111833,0.2968611
939431975,0.15086278,0.15086278,0.69827443
939800989,0.43037033,0.26082766,0.308802
940268001,0.5083915,0.25431496,0.23729356
940876675,0.24510583,0.5268865,0.22800764
941832416,0.42705756,0.29430467,0.2786378
942014434,0.3702696,0.33798993,0.29174045
942448465,0.29324883,0.4173877,0.28936344
942492220,0.19023053,0.23272033,0.5770492
943261655,0.2704528,0.41693512,0.312612
943440380,0.56174755,0.23118393,0.20706846
943668861,0.25979418,0.33693177,0.40327412
943944171,0.21930952,0.5164774,0.2642131
944632808,0.34349516,0.31408316,0.34242168
944774454,0.58906835,0.115235925,0.29569572
945050683,0.86750466,0.027280373,0.10521494
945592869,0.3010377,0.38077536,0.31818694
945755614,0.35743448,0.36882222,0.2737433
946126879,0.3697967,0.30449864,0.32570472
946475791,0.43723863,0.17435656,0.38840488
946878255,0.44058934,0.22237964,0.33703107
947129728,0.32319725,0.19741409,0.47938862
947590678,0.2502262,0.47572976,0.2740441
947766919,0.4464769,0.27474618,0.27877697
948700648,0.35728708,0.33351448,0.3091984
949212778,0.33834997,0.3301518,0.33149827
949245136,0.39755556,0.23887132,0.36357316
949321212,0.54177415,0.229147,0.22907889
949940487,0.6428449,0.114018366,0.24313669
950057857,0.27793744,0.42795753,0.294105
950471324,0.24267508,0.3123054,0.44501957
950813663,0.4213062,0.28016406,0.29852977
952116483,0.395342,0.28557315,0.31908485
952119992,0.35761267,0.36978737,0.27259997
952497923,0.31186995,0.35345954,0.3346706
952785835,0.37087166,0.25742802,0.3717003
953238116,0.23900922,0.4125965,0.3483943
953490431,0.38089225,0.3598973,0.2592105
953760870,0.32940248,0.3767475,0.29385006
953949817,0.11392692,0.16776939,0.7183037
954241867,0.29741862,0.40574017,0.2968412
954410312,0.416874,0.3028807,0.28024527
955238091,0.18707089,0.36426362,0.4486655
956130768,0.3535303,0.3036886,0.3427811
956249108,0.23732463,0.49748397,0.2651914
956455246,0.31105918,0.36959895,0.31934184
957159094,0.21145141,0.6015662,0.18698238
957624109,0.46709886,0.22287261,0.31002855
957625735,0.39614445,0.13422224,0.46963337
957831114,0.21202719,0.24260688,0.545366
958181648,0.18979928,0.5899853,0.22021545
959558277,0.3357378,0.34114918,0.32311305
959829606,0.5807012,0.15009147,0.2692074
959861067,0.3713672,0.26981482,0.35881802
959896926,0.5138807,0.22093743,0.2651818
959904675,0.27126744,0.38321358,0.345519
960146700,0.21227466,0.23623846,0.5514869
960813185,0.16541453,0.5645901,0.26999536
961009421,0.6678454,0.14593838,0.18621624
962702112,0.35005784,0.33641282,0.31352925
962859444,0.4267233,0.27486873,0.29840803
962925391,0.46221572,0.25877818,0.2790061
963079512,0.39375135,0.3719942,0.23425445
963168221,0.1601769,0.5750005,0.26482254
963245131,0.31884253,0.1964415,0.48471597
963297065,0.46739587,0.24577071,0.28683344
963922807,0.16268082,0.61893016,0.21838906
964175194,0.6001505,0.17729208,0.2225574
964624604,0.6307872,0.1273222,0.24189064
964779872,0.45870236,0.1825527,0.35874504
964791589,0.49289036,0.24479337,0.26231632
965336812,0.3125227,0.28337234,0.40410486
965393251,0.3759707,0.23192385,0.39210543
965632179,0.4279719,0.2901818,0.28184637
966357208,0.24054416,0.52745134,0.23200455
966677815,0.3585981,0.29001686,0.35138506
967676591,0.34763193,0.43907377,0.21329431
968051836,0.1285318,0.5960872,0.275381
968436670,0.29744682,0.29726687,0.40528634
968511670,0.34729406,0.12580967,0.52689636
968613117,0.43567285,0.19633228,0.36799484
968827692,0.2915163,0.41865927,0.28982434
969389798,0.29860735,0.36625874,0.33513394
969553384,0.53160256,0.15213609,0.31626138
971674074,0.09505561,0.6516214,0.25332302
972663364,0.6929978,0.10373389,0.2032683
973014278,0.12150179,0.6318838,0.24661438
973230523,0.41458216,0.27319992,0.31221792
974692310,0.21503034,0.28631026,0.49865946
974713087,0.46377912,0.28422478,0.25199613
975160851,0.27845693,0.14985476,0.57168835
976503099,0.59832627,0.16084462,0.24082913
976597579,0.15689959,0.63487643,0.20822397
976978017,0.5734124,0.20007595,0.22651158
976990743,0.30389503,0.41173762,0.28436738
976993712,0.3185734,0.37354046,0.30788615
977119656,0.18941753,0.1793094,0.63127303
977375709,0.1231714,0.5299151,0.34691355
977470878,0.19225664,0.51724887,0.29049447
977533411,0.4689708,0.23044033,0.30058885
978005926,0.28693688,0.38396567,0.32909748
978511693,0.28445473,0.4318127,0.28373256
978709287,0.19239214,0.5190507,0.2885571
979358488,0.6410109,0.061394498,0.29759458
979401700,0.22605072,0.16298744,0.61096185
979496375,0.25152275,0.45207992,0.29639733
979979768,0.1452428,0.5911767,0.26358044
980244783,0.39624938,0.2708716,0.33287898
980854550,0.5910958,0.17391527,0.2349889
981410377,0.31216922,0.43394113,0.2538897
982551587,0.056211963,0.28261015,0.66117793
982612097,0.5391334,0.19605422,0.26481235
983201833,0.091591954,0.5867115,0.3216966
983286724,0.1993102,0.54979026,0.2508995
983741282,0.50888103,0.2446447,0.24647428
984165318,0.66918373,0.2310561,0.099760175
984857340,0.387934,0.33852613,0.27353978
984877708,0.25246373,0.534006,0.2135303
985392153,0.22299275,0.5308388,0.24616845
985616061,0.48871753,0.28164053,0.22964191
985822193,0.46726564,0.26339155,0.2693429
985876448,0.38460156,0.29793686,0.31746164
986644792,0.26899427,0.46949387,0.26151186
987355737,0.21482502,0.29941806,0.4857569
987569113,0.22103319,0.3819123,0.3970546
988140021,0.32819292,0.33484235,0.3369647
988237706,0.4268862,0.29910994,0.27400383
988273890,0.4824003,0.23660935,0.28099036
988350780,0.3297444,0.32335675,0.34689888
989339260,0.36816877,0.21551554,0.4163157
989358191,0.03901188,0.71258783,0.24840029
991144882,0.24142131,0.5198848,0.23869385
991590724,0.315615,0.40694284,0.27744222
991748622,0.36517328,0.40254128,0.23228543
992438897,0.22136886,0.49901673,0.27961436
992704586,0.5445612,0.20348036,0.25195843
992716746,0.46090168,0.24789067,0.29120767
993718349,0.41761982,0.2580248,0.32435536
994568384,0.22062567,0.4406788,0.33869547
994923800,0.46572277,0.26022148,0.27405575
995852331,0.32366428,0.3074498,0.3688859
996098848,0.21653222,0.4773556,0.3061122
996318034,0.48628384,0.2770281,0.23668805
997877761,0.5602406,0.20487787,0.23488149
999672705,0.31700948,0.30245402,0.38053656
999929110,0.18909815,0.59587246,0.21502927
999970825,0.3876216,0.35613945,0.25623897
1000959511,0.36399823,0.25510773,0.38089406
1001709180,0.304252,0.2048612,0.49088684
1001709538,0.16760778,0.6376321,0.19476019
1003466948,0.21548815,0.545396,0.23911591
1003948253,0.31514102,0.49764836,0.18721063
1004975157,0.30408505,0.23433873,0.46157622
1005246965,0.3694905,0.16278076,0.4677288
1005334175,0.44614154,0.268697,0.28516155
1005531631,0.28075424,0.3884017,0.33084407
1006540669,0.45676482,0.20403956,0.33919564
1006662732,0.3183367,0.41767225,0.26399112
1006671822,0.36018968,0.4007704,0.23903999
1007032744,0.30723312,0.44387674,0.24889013
1007660141,0.30812287,0.37652352,0.31535366
1007950182,0.06656368,0.83884406,0.09459226
1008888754,0.3574726,0.36493897,0.27758846
1009012353,0.41495267,0.3249338,0.2601135
1009112621,0.59444344,0.20819184,0.19736467
1009226340,0.2898173,0.2659299,0.44425285
1009354810,0.39379406,0.29198268,0.3142233
1009485171,0.1686068,0.54582113,0.28557214
1010884121,0.26862535,0.47912896,0.25224578
1011129469,0.31003824,0.32501033,0.36495146
1011138667,0.22853804,0.45203915,0.3194228
1011257347,0.39522976,0.33931398,0.2654563
1012302776,0.3109345,0.39985102,0.28921443
1012736847,0.7008378,0.03888172,0.26028043
1013047563,0.29696855,0.37751955,0.3255119
1014994649,0.71365964,0.10944933,0.17689109
1015541561,0.17802109,0.62531704,0.19666189
1015763468,0.31475157,0.45052606,0.23472244
1015800095,0.33059135,0.36654738,0.3028612
1016546382,0.35771108,0.43786892,0.20441996
1017308929,0.29781497,0.36722377,0.3349613
1017748045,0.2623089,0.35716167,0.38052946
1018140476,0.3291462,0.36022598,0.31062788
1018178352,0.40912476,0.36361104,0.22726426
1018249075,0.35495582,0.3610487,0.28399554
1018307815,0.1205481,0.60454816,0.27490377
1019284587,0.42947668,0.2931712,0.27735215
1019335160,0.16618519,0.5906732,0.2431416
1019909130,0.2730341,0.45485577,0.27211016
1021487702,0.26948348,0.29502916,0.43548733
1021638126,0.17928764,0.42049077,0.4002216
1021833650,0.22147064,0.47339895,0.30513036
1022075484,0.27153677,0.3868198,0.34164342
1022473512,0.13155442,0.32127804,0.54716754
1022798287,0.1612526,0.2447405,0.59400696
1023763530,0.33496132,0.3123929,0.35264578
1024748755,0.5267499,0.23365366,0.23959647
1025088953,0.4360315,0.2641884,0.2997801
1026974500,0.42652312,0.2625314,0.31094545
1027651895,0.32810748,0.3092207,0.36267188
1027917935,0.32501346,0.41995785,0.2550287
1027920306,0.20799108,0.61170685,0.18030205
1028922971,0.37251648,0.34662026,0.28086326
1028945485,0.21285564,0.3170628,0.47008154
1029176578,0.30239752,0.41217536,0.28542706
1029472639,0.4791267,0.19169481,0.32917845
1030543400,0.3028859,0.41609263,0.2810215
1030559904,0.147594,0.61896145,0.2334446
1030560277,0.4666185,0.21618073,0.31720084
1031507116,0.20929722,0.53507805,0.25562477
1032416672,0.3529588,0.36446407,0.28257716
1032817895,0.17407382,0.29224712,0.533679
1032963578,0.40635505,0.29058254,0.30306244
1033016986,0.28595695,0.44344378,0.27059928
1033027090,0.16599861,0.63493097,0.19907051
1034777449,0.24204192,0.5374402,0.22051795
1035024995,0.35244507,0.33195305,0.3156018
1036074595,0.34933856,0.33417308,0.31648842
1036228109,0.25655112,0.3480717,0.39537713
1036262220,0.46925336,0.27193883,0.25880787
1036629068,0.3282752,0.35699168,0.31473312
1036744892,0.17827863,0.38108957,0.44063184
1036783118,0.35178387,0.39445215,0.25376403
1037485963,0.15768206,0.5576195,0.28469846
1037983142,0.14668211,0.5216655,0.33165237
1038037654,0.5280165,0.1902236,0.2817599
1038833149,0.5681362,0.18001816,0.25184572
1038837107,0.5828375,0.17284992,0.24431257
1039145592,0.11884521,0.28986192,0.59129286
1039890316,0.42388356,0.30130664,0.2748098
1040016958,0.3823378,0.32325047,0.29441178
1040871669,0.31137848,0.3615633,0.3270582
1040921356,0.33246797,0.39993817,0.26759398
1041335069,0.24794279,0.34950796,0.4025492
1041982871,0.4228362,0.2944949,0.2826689
1041993740,0.46762913,0.21951725,0.31285366
1042158258,0.24760245,0.26686102,0.48553658
1043948147,0.3940868,0.29377022,0.31214294
1044093457,0.21210022,0.43409386,0.35380596
1044115322,0.5690471,0.1991189,0.23183402
1044133838,0.04731652,0.8658313,0.08685218
1044672426,0.30900952,0.34158215,0.3494083
1045182636,0.2569558,0.3539064,0.38913783
1046184722,0.5222967,0.24439754,0.2333057
1046282842,0.30888623,0.39384788,0.2972659
1047451741,0.53561276,0.22652693,0.23786026
1047617716,0.2992643,0.20747526,0.4932604
1048906649,0.67106974,0.08896464,0.2399656
1049033531,0.26737705,0.42018163,0.31244132
1049843584,0.35028452,0.29358125,0.3561342
1049955254,0.5988934,0.180394,0.22071254
1050470383,0.16611858,0.50373155,0.33014992
1050479160,0.45500138,0.27309802,0.27190065
1050963907,0.21965529,0.5617938,0.21855094
1051229262,0.2578847,0.43163687,0.31047842
1051435314,0.41437322,0.19895868,0.38666815
1051839803,0.3249537,0.24521232,0.42983398
1052109232,0.3372567,0.22334273,0.43940055
1052394269,0.4926548,0.24210703,0.2652382
1052669600,0.41475227,0.2680784,0.31716934
1053405939,0.31702793,0.3717326,0.3112395
1054203039,0.41868615,0.291576,0.28973788
1054423207,0.23085308,0.3930412,0.37610573
1054650154,0.24671456,0.51108384,0.24220158
1055200347,0.19199073,0.4419652,0.36604398
1055259015,0.3030597,0.37599742,0.3209429
1055440526,0.47376636,0.20063776,0.32559592
1056182908,0.31100804,0.31765056,0.37134135
1056620183,0.3439529,0.41856796,0.23747914
1056847475,0.6330755,0.18536586,0.18155865
1057245438,0.49307305,0.2682683,0.23865873
1057958288,0.40181997,0.21441282,0.38376728
1058046129,0.058670107,0.6832671,0.25806272
1058054751,0.009113642,0.0098871915,0.98099923
1058256907,0.45183104,0.2653055,0.28286347
1058290383,0.5858939,0.1751849,0.2389211
1058391177,0.37104133,0.3483622,0.2805965
1058443350,0.24835628,0.48364666,0.26799697
1059491544,0.26518175,0.3963832,0.3384351
1059702344,0.34672052,0.34028274,0.31299672
1060390996,0.5646163,0.20133938,0.23404425
1060422212,0.33711496,0.3262995,0.33658555
1060480766,0.2042943,0.56401783,0.23168787
1060577312,0.327889,0.3621254,0.3099857
1060595145,0.43563908,0.06977394,0.49458697
1061832747,0.23819527,0.48605013,0.27575466
1061844330,0.47578818,0.25574347,0.2684683
1062018626,0.35050315,0.34559447,0.3039024
1062046335,0.69428205,0.060202528,0.2455154
1063273133,0.20465589,0.33512044,0.46022367
1063297365,0.27561843,0.35460258,0.36977905
1063757177,0.6524914,0.1212442,0.22626446
1064184554,0.24543488,0.51804864,0.23651648
1064404353,0.4140818,0.31119138,0.2747268
1064408840,0.3626294,0.38721144,0.25015914
1064964076,0.27764153,0.5188918,0.20346667
1065001520,0.19807936,0.19565023,0.6062704
1066265973,0.2713972,0.4367137,0.29188904
1066652062,0.37719622,0.3392482,0.28355554
1067693407,0.41576597,0.3614163,0.2228177
1067779699,0.30302155,0.22163196,0.47534654
1067800616,0.36191678,0.36420345,0.27387983
1068429580,0.23106743,0.5422326,0.22670004
1068482775,0.4427443,0.26633286,0.29092273
1068944126,0.5342098,0.24167286,0.22411737
1069550066,0.4589791,0.21346484,0.32755607
1070051461,0.36501762,0.3646311,0.27035126
1070247583,0.36349425,0.29496616,0.3415396
1070290066,0.33376938,0.37343335,0.29279718
1070629383,0.43462327,0.26949143,0.2958853
1071059762,0.30426767,0.26574674,0.42998552
1071285020,0.17686115,0.53685004,0.2862888
1071740899,0.2874022,0.4108981,0.30169964
1071787154,0.43303525,0.362071,0.20489381
1072237788,0.3189549,0.3224418,0.35860333
1073317222,0.33799437,0.34625962,0.31574607
1073904482,0.20305647,0.5762925,0.22065105
1074152916,0.24825715,0.48187116,0.26987174
1074701889,0.56731457,0.21508092,0.21760453
1075250353,0.43659672,0.29164392,0.2717593
1075337531,0.5506182,0.22296432,0.2264175
1075598606,0.7211813,0.12410181,0.1547169
1076432568,0.57441866,0.20449454,0.22108676
1076778279,0.94727397,0.01643036,0.036295533
1076990734,0.27493042,0.42269602,0.30237356
1077102307,0.5849445,0.18459867,0.23045687
1077165674,0.39329395,0.3023806,0.3043255
1077402263,0.37064174,0.34367535,0.2856829
1078222070,0.3513698,0.3522114,0.29641888
1078435514,0.51050496,0.122976296,0.36651877
1078439285,0.69021755,0.10102842,0.20875396
1079140970,0.2322509,0.2322509,0.53549814
1079306348,0.29381958,0.31243098,0.39374942
1079974151,0.6149594,0.15239108,0.23264961
1081198286,0.27449045,0.26555124,0.4599584
1081293255,0.22318786,0.36038336,0.4164288
1081562108,0.31199044,0.16271561,0.5252939
1081678143,0.82810384,0.07370256,0.09819363
1081831225,0.62440366,0.15825522,0.21734113
1084486682,0.10670367,0.6006603,0.292636
1084541778,0.43236333,0.29491413,0.27272254
1084774628,0.38752612,0.29583138,0.3166425
1084797664,0.42430016,0.24251892,0.33318093
1084915776,0.39639378,0.30143273,0.30217344
1085288903,0.22525245,0.48359764,0.29114997
1085614294,0.37072748,0.26618022,0.3630923
1086097722,0.49193302,0.18764144,0.32042554
1086199503,0.3878631,0.32470852,0.28742835
1086350357,0.29709095,0.44593692,0.25697216
1086869207,0.22883126,0.5351845,0.23598427
1087054090,0.0747053,0.77738154,0.1479132
1087278538,0.48819265,0.27174544,0.24006191
1087360423,0.3070057,0.3424903,0.350504
1087730750,0.2171725,0.42203227,0.36079526
1088911661,0.29406512,0.45322624,0.25270864
1089324157,0.4177793,0.32370132,0.25851923
1089623382,0.39587316,0.2185199,0.38560697
1089844319,0.58963877,0.17179866,0.23856258
1091064572,0.060915634,0.8228556,0.11622886
1091261085,0.4396208,0.1726936,0.38768566
1091912366,0.25518999,0.56501985,0.17979018
1091983606,0.26297903,0.45248127,0.28453973
1092083027,0.41053474,0.29058915,0.2988761
1092127268,0.32192597,0.37535882,0.30271518
1092138215,0.30006745,0.4384136,0.26151899
1093652139,0.5555171,0.18470596,0.259777
1093749993,0.2774611,0.45392796,0.26861086
1094424725,0.3702369,0.2292816,0.40048152
1095494081,0.2701472,0.47203955,0.25781327
1095580012,0.31938946,0.34872973,0.3318808
1095922736,0.27921623,0.31495082,0.40583295
1096305551,0.24847877,0.222119,0.5294022
1096680952,0.38027072,0.098709136,0.52102023
1096922967,0.3799814,0.30950752,0.31051102
1097447608,0.4268181,0.34256953,0.23061234
1097898821,0.4375271,0.31407776,0.24839522
1098358052,0.47553563,0.2675526,0.25691172
1098834325,0.47174498,0.29927585,0.22897914
1099090198,0.27493122,0.15025088,0.5748179
1099577871,0.44038528,0.2803527,0.27926204
1099776691,0.30608904,0.39536113,0.29854983
1100595276,0.5268963,0.11406997,0.35903376
1100835996,0.5426643,0.20820607,0.24912965
1100982684,0.2903517,0.40075773,0.30889055
1101662613,0.33248326,0.37671292,0.29080385
1101720975,0.58870906,0.12645578,0.28483525
1101960228,0.282787,0.40606093,0.31115204
1102545808,0.22342403,0.3835522,0.39302376
1102892351,0.40624732,0.20762466,0.38612798
1103260605,0.44467047,0.28260866,0.2727209
1103266094,0.5782533,0.15416694,0.26757976
1103799908,0.23368174,0.46495688,0.3013614
1104061926,0.21967451,0.48767674,0.29264867
1104474252,0.705327,0.10720758,0.18746553
1104561404,0.44614497,0.2886693,0.26518583
1104985207,0.37655357,0.3015077,0.32193866
1105095339,0.29429185,0.37016588,0.33554232
1105980857,0.28143895,0.37800238,0.3405587
1106045066,0.17681246,0.60708195,0.2161056
1106093983,0.35218072,0.36100683,0.2868125
1106162802,0.28608,0.4131358,0.30078423
1106686892,0.33098835,0.38247627,0.2865354
1106775264,0.2935006,0.15321746,0.55328184
1107241575,0.2889851,0.41889513,0.2921198
1107416604,0.4562135,0.26025054,0.28353593
1108244912,0.3256598,0.41748258,0.2568576
1108527003,0.8095803,0.037466094,0.15295361
1108580243,0.51146126,0.19286467,0.29567406
1108862607,0.49399596,0.273241,0.232763
1110048206,0.2911141,0.35810733,0.3507785
1110058822,0.2638368,0.43790582,0.29825738
1110925647,0.124179654,0.6018566,0.27396375
1111423643,0.70866936,0.107180186,0.18415041
1111463510,0.31347933,0.4076969,0.27882382
1111784898,0.21561226,0.3778235,0.4065643
1112037310,0.30407825,0.4354271,0.26049468
1112077024,0.11738643,0.43460435,0.44800925
1112102849,0.5374647,0.2621053,0.2004301
1112147390,0.31048882,0.35012564,0.33938548
1112350870,0.18832031,0.5997742,0.21190551
1112365536,0.24201174,0.42485464,0.33313376
1112776268,0.1896236,0.58700573,0.22337069
1113548965,0.23643091,0.49812907,0.26544
1113682910,0.27886504,0.4374089,0.28372607
1113898468,0.7099155,0.06837868,0.22170582
1114583158,0.7274814,0.079628274,0.19289032
1115509763,0.24494734,0.25835103,0.49670166
1115775492,0.3455962,0.37115985,0.28324395
1116010684,0.19515377,0.18584226,0.619004
1116028233,0.20548663,0.5288186,0.26569474
1116492070,0.33396277,0.36482435,0.3012129
1116720410,0.24163616,0.4866123,0.27175155
1116784988,0.20254539,0.41204774,0.38540688
1116973655,0.37025672,0.28159696,0.34814632
1117066573,0.4708288,0.23817284,0.29099843
1117185709,0.2774629,0.17874299,0.5437941
1117260431,0.46076787,0.18864372,0.3505884
1117496788,0.7242494,0.071432434,0.20431815
1117700610,0.173163,0.37972075,0.44711632
1117773006,0.39123362,0.397499,0.21126737
1117869850,0.13895631,0.16455285,0.6964908
1118041627,0.5722352,0.15588826,0.2718765
1118207480,0.28838512,0.40695888,0.30465603
1118364534,0.3075666,0.40489674,0.28753656
1120014665,0.5158727,0.23298955,0.25113776
1120472083,0.19905946,0.48259968,0.31834087
1121610810,0.21646081,0.18147744,0.60206175
1121676141,0.53251463,0.2358062,0.2316792
1122114075,0.16693719,0.587508,0.24555475
1122136712,0.28258643,0.27569392,0.4417196
1122470256,0.44141716,0.2581906,0.30039215
1122515202,0.09906451,0.6555985,0.24533693
1122908935,0.1610863,0.57332623,0.26558748
1123764630,0.5202114,0.24651207,0.23327655
1123890004,0.46260762,0.1910573,0.34633502
1123932965,0.4233674,0.24392487,0.3327077
1125292564,0.1549511,0.6604376,0.18461132
1125898108,0.34914136,0.36216098,0.28869763
1126200537,0.42545995,0.2774119,0.29712808
1126419430,0.25867277,0.48644695,0.25488028
1126496904,0.63238364,0.1459343,0.22168207
1126620215,0.5290468,0.20472878,0.26622447
1126881108,0.30523643,0.3723225,0.32244107
1127147098,0.4334447,0.28228068,0.28427464
1127708840,0.21722987,0.45874548,0.32402465
1127947285,0.4170313,0.23913792,0.34383082
1128125112,0.055639114,0.7372072,0.2071537
1128698907,0.24978332,0.41684666,0.33337012
1128743062,0.15107043,0.43994346,0.40898612
1129007304,0.3892415,0.30072033,0.31003818
1129094985,0.03817098,0.75176454,0.21006455
1129531382,0.27542368,0.29123974,0.43333662
1129909224,0.2909071,0.39972067,0.30937225
1130410689,0.46734795,0.271371,0.2612811
1130499406,0.2930454,0.41516176,0.29179287
1130561892,0.27332386,0.45032185,0.27635428
1130748876,0.23999502,0.37349647,0.3865085
1131248224,0.057176434,0.719331,0.22349265
1131743361,0.25253803,0.19278856,0.55467343
1132020153,0.37870106,0.341052,0.28024685
1132072781,0.14107023,0.64206487,0.21686488
1132123893,0.3473032,0.3606317,0.29206505
1132246089,0.28680626,0.31818053,0.39501333
1132453114,0.7338296,0.07669392,0.18947648
1132646513,0.57559216,0.19211236,0.23229551
1132890375,0.19860335,0.20238836,0.5990083
1132892094,0.33148715,0.3401944,0.3283184
1133289519,0.28235537,0.36661363,0.351031
1134249299,0.2898915,0.39278552,0.31732303
1134293607,0.6066652,0.14726599,0.24606878
1134847497,0.41040108,0.28969777,0.29990116
1135563252,0.27035874,0.45892546,0.2707159
1135847660,0.7233307,0.1178309,0.15883845
1135976346,0.21369532,0.36228698,0.42401776
1136101797,0.38192746,0.34932476,0.26874766
1136308749,0.39666396,0.27199543,0.33134058
1136935930,0.32033947,0.35172307,0.32793742
1137496816,0.5481559,0.18741785,0.2644263
1137861510,0.30557176,0.36064422,0.333784
1137979314,0.31037837,0.35016936,0.33945227
1138129219,0.23168992,0.5051388,0.2631713
1138362975,0.12877975,0.71636325,0.15485695
1138388307,0.60067064,0.07408682,0.32524255
1138418371,0.28286284,0.2766135,0.44052362
1138437067,0.42050976,0.3319402,0.24755006
1139163988,0.3675576,0.35292768,0.27951467
1139434392,0.3878813,0.29642066,0.31569803
1140340840,0.17067964,0.67240787,0.1569125
1140392359,0.35890162,0.35835305,0.28274533
1140457370,0.31319854,0.35835564,0.3284458
1140849794,0.31184667,0.42047992,0.26767343
1140908549,0.10038028,0.6124593,0.28716046
1141390261,0.34493437,0.34232104,0.31274462
1141686357,0.19321841,0.4067197,0.4000619
1141889297,0.33015132,0.47360173,0.1962469
1141995661,0.13188745,0.33566204,0.5324505
1143183834,0.16501917,0.6357663,0.1992145
1143477729,0.3255787,0.08270481,0.59171647
1143572488,0.36853704,0.34750628,0.28395677
1145151929,0.29735464,0.43913484,0.26351058
1145537193,0.34070963,0.30793592,0.35135442
1145708232,0.64053965,0.15551259,0.20394774
1146627830,0.23839043,0.48885122,0.27275836
1146876633,0.32234994,0.29476368,0.38288644
1146938822,0.33117992,0.39509296,0.27372718
1147438345,0.31779832,0.1784381,0.5037636
1147484162,0.4037893,0.20214815,0.39406252
1147739666,0.038247634,0.85236186,0.1093905
1149446343,0.1664152,0.49370363,0.33988106
1149975172,0.35575897,0.35784647,0.2863946
1150088097,0.46912983,0.17886055,0.35200956
1150946191,0.1956292,0.5208072,0.2835636
1151018362,0.16848625,0.5866767,0.24483703
1151311864,0.8866147,0.026332267,0.08705306
1151532697,0.36580244,0.3843818,0.24981584
1152116208,0.10013878,0.5584792,0.34138206
1152598108,0.6212889,0.14992817,0.22878292
1152834149,0.34211025,0.26325834,0.39463142
1153079854,0.2883768,0.45516753,0.25645572
1153352168,0.32207817,0.36153895,0.31638288
1153822164,0.4559258,0.26734462,0.27672964
1155010828,0.34638694,0.3879647,0.26564837
1155815560,0.61921924,0.123088956,0.25769183
1156253662,0.35049018,0.3479797,0.3015301
1157940278,0.12747732,0.49642465,0.37609807
1158046087,0.40348843,0.27393186,0.32257965
1158313814,0.37130854,0.33308914,0.2956023
1158937172,0.34172034,0.25460735,0.4036723
1160293013,0.28697732,0.39798322,0.31503946
1160542447,0.3291579,0.27968594,0.39115614
1161166875,0.5438275,0.22626016,0.22991243
1161205031,0.33954823,0.30620575,0.35424602
1161696460,0.29596826,0.45840496,0.24562676
1162048574,0.15921047,0.61274266,0.22804691
1162079496,0.10261883,0.5795045,0.31787667
1162483298,0.5922401,0.1846393,0.22312061
1163177218,0.36446995,0.25086707,0.384663
1163461693,0.22853583,0.5784323,0.19303182
1164166335,0.400735,0.27614322,0.32312182
1165121135,0.57707787,0.16357662,0.2593455
1165123430,0.220403,0.4676637,0.3119333
1165230517,0.38905224,0.34741816,0.26352963
1165649174,0.22421093,0.45139924,0.3243898
1165891032,0.42342296,0.087541044,0.48903605
1166499585,0.63049436,0.16113114,0.20837446
1166888029,0.5081522,0.23931594,0.2525319
1166987490,0.34067076,0.38834724,0.270982
1168712147,0.64803463,0.1465562,0.20540912
1169236205,0.5822993,0.22130792,0.1963928
1169430677,0.23396306,0.49046776,0.2755691
1169625579,0.2762989,0.36059788,0.3631032
1170044487,0.5358573,0.23732385,0.22681883
1170255677,0.3570763,0.3570763,0.28584749
1170780635,0.42151237,0.332466,0.24602161
1171423806,0.3669714,0.3711612,0.26186752
1171895280,0.30771184,0.4051617,0.2871264
1171977803,0.3271441,0.22008967,0.45276627
1172261101,0.3038136,0.44864753,0.24753891
1172278023,0.7193835,0.10386402,0.1767525
1172305743,0.6212972,0.13966317,0.2390396
1172877730,0.41090554,0.2975728,0.29152167
1173172215,0.53202343,0.22791873,0.2400579
1174027016,0.39315248,0.22299308,0.38385448
1174447572,0.49479315,0.21942128,0.28578562
1174478604,0.20503822,0.34256393,0.45239788
1175354738,0.47884086,0.27671593,0.24444322
1176642525,0.35881138,0.27218106,0.3690076
1176821550,0.23183921,0.41672444,0.35143632
1176902080,0.17207804,0.25899026,0.56893164
1177166079,0.55455285,0.18911646,0.25633064
1177853691,0.1697515,0.63725424,0.1929943
1177930924,0.4635073,0.24151585,0.29497686
1178208595,0.32867566,0.3380398,0.3332845
1178706650,0.29829988,0.15349197,0.54820806
1178923234,0.44835016,0.23867778,0.3129721
1179347120,0.23772243,0.43724942,0.32502818
1179361765,0.5067683,0.21502851,0.27820322
1179393569,0.36481404,0.10570766,0.5294783
1179532255,0.30160436,0.3693004,0.32909518
1180071843,0.35446092,0.27410534,0.37143373
1180466249,0.30672127,0.4220047,0.27127406
1180713429,0.20644309,0.40029877,0.3932582
1180715321,0.34108415,0.35771507,0.30120084
1181697625,0.4063405,0.30365494,0.29000458
1182494967,0.6020983,0.11062147,0.28728023
1183523598,0.45406264,0.27842477,0.26751253
1183529856,0.48961562,0.16794814,0.34243622
1183623397,0.3077866,0.39600408,0.29620937
1184271153,0.13449492,0.7086998,0.15680526
1185046923,0.21572028,0.5156797,0.2686
1185506878,0.3760551,0.1916571,0.4322878
1186227131,0.35379407,0.41698697,0.22921896
1186945177,0.3397614,0.22541097,0.43482766
1187446450,0.37515178,0.315292,0.30955622
1187851052,0.24602379,0.44225508,0.31172112
1188360566,0.28383392,0.40210935,0.3140568
1188653516,0.20041505,0.5403241,0.25926086
1188680956,0.35615125,0.36435744,0.27949134
1188973188,0.2610356,0.37387505,0.3650894
1189120228,0.09146922,0.7314939,0.17703693
1189371503,0.30107403,0.3734846,0.3254413
1189512000,0.5074557,0.19492364,0.29762062
1189576478,0.22007681,0.27933347,0.5005897
1190420046,0.23979221,0.4402483,0.3199595
1190526022,0.09524994,0.2919712,0.6127789
1190693959,0.22612055,0.38842416,0.38545543
1190730907,0.22983605,0.48123574,0.28892818
1190738743,0.19825108,0.5559658,0.2457831
1191832801,0.33623624,0.37341368,0.29035002
1192123675,0.34106982,0.3282172,0.33071297
1192231238,0.14336051,0.50185525,0.35478428
1193627664,0.21475543,0.46969396,0.31555063
1194153567,0.35970896,0.34208596,0.2982051
1194296943,0.30100548,0.40432206,0.29467255
1194738124,0.47244444,0.23235476,0.2952008
1194831383,0.41726568,0.23123547,0.35149878
1195687963,0.82941806,0.035884254,0.13469769
1196357576,0.38520667,0.31807983,0.2967135
1196375667,0.27695203,0.34706858,0.37597936
1196785827,0.30475786,0.38934746,0.30589464
1197647732,0.29880562,0.22989744,0.47129694
1197924027,0.35227695,0.34380835,0.30391458
1198008923,0.34417394,0.2981852,0.35764086
1198125015,0.39337364,0.36715972,0.23946673
1198287912,0.34237483,0.2268581,0.430767
1198296007,0.13746884,0.6149934,0.2475378
1198654506,0.27457336,0.35997835,0.3654482
1198885547,0.40493935,0.26876777,0.326293
1201324105,0.80033284,0.063306816,0.13636032
1203478887,0.34892172,0.32851148,0.32256675
1203663576,0.14251243,0.68187326,0.17561437
1203769527,0.37768435,0.35767433,0.2646414
1204015959,0.575165,0.24582043,0.17901462
1204066469,0.50163007,0.220822,0.27754802
1204150073,0.63748866,0.14297557,0.2195358
1204285535,0.56669474,0.14405625,0.28924894
1204305712,0.3401145,0.14228587,0.5175996
1204384348,0.31179836,0.31787208,0.37032956
1204530623,0.038611755,0.77380234,0.18758595
1204648370,0.66755366,0.16011673,0.17232959
1204815021,0.22662771,0.356379,0.41699335
1204863484,0.28090245,0.41142243,0.3076751
1204907533,0.40722415,0.29795688,0.29481906
1205135410,0.3405583,0.34827635,0.31116542
1206362955,0.3281488,0.3113504,0.36050078
1207421756,0.20947787,0.5275682,0.26295397
1207784470,0.18033563,0.41789117,0.40177324
1207947686,0.2424615,0.45400023,0.3035383
1208688879,0.39936608,0.34713456,0.25349933
1208939754,0.36862314,0.3288048,0.30257207
1209562519,0.27106336,0.45336357,0.2755731
1209606363,0.17204216,0.65818655,0.16977125
1210389044,0.34740126,0.33866733,0.31393138
1210412512,0.15179127,0.55823976,0.2899689
1211392597,0.36691347,0.41163898,0.22144754
1212453872,0.33317992,0.33972475,0.32709527
1213298307,0.3891933,0.36220375,0.248603
1215333342,0.27977645,0.42727596,0.29294765
1215506162,0.2975168,0.3025456,0.39993757
1215906422,0.22095755,0.22095755,0.55808485
1216175230,0.4709262,0.24484831,0.28422552
1216519211,0.43750906,0.27576017,0.2867308
1217019677,0.5964506,0.16703908,0.23651023
1217258236,0.566589,0.18733768,0.24607329
1217398397,0.38070711,0.3139056,0.30538732
1217615011,0.47360873,0.23169641,0.29469484
1217645506,0.4203223,0.3371117,0.24256602
1217886931,0.037882134,0.8363631,0.12575479
1217991702,0.021956738,0.89690024,0.08114309
1218146338,0.25721684,0.3468946,0.3958886
1218386548,0.35539344,0.36813876,0.27646786
1219052724,0.28536642,0.39853555,0.31609803
1219635778,0.35520175,0.35674587,0.2880524
1219681261,0.13904832,0.5577399,0.30321175
1219704164,0.46762165,0.31773788,0.2146405
1220373859,0.40584856,0.2552844,0.33886707
1220560557,0.17776728,0.62192756,0.20030512
1220582849,0.24026673,0.3166689,0.44306445
1220759070,0.29918963,0.30922338,0.3915869
1220774187,0.32424837,0.3066776,0.369074
1221059187,0.3854515,0.2450952,0.36945322
1221778360,0.34494916,0.37365985,0.28139096
1221995124,0.4033134,0.28808755,0.30859914
1222870224,0.24669503,0.32826993,0.42503503
1222927148,0.2158907,0.5683144,0.21579494
1223153915,0.5621449,0.18357418,0.25428095
1224923489,0.07441088,0.7480602,0.17752887
1225149870,0.25264093,0.22094405,0.52641505
1225668602,0.18787952,0.6029178,0.20920268
1225912294,0.28548715,0.31499815,0.39951473
1225989603,0.19482414,0.53668565,0.26849023
1226688534,0.23280619,0.48438287,0.28281096
1227012056,0.24715707,0.45716912,0.29567385
1227120195,0.25612584,0.5027613,0.24111289
1227567691,0.32131594,0.4142864,0.26439762
1227730837,0.10108013,0.31075245,0.58816737
1228667853,0.18901555,0.37395763,0.43702683
1228776830,0.29983732,0.4456739,0.25448883
1228890838,0.49510208,0.23520927,0.2696887
1230006691,0.14475843,0.5446507,0.31059083
1230977785,0.32849035,0.24879535,0.42271432
1231016355,0.48154983,0.2538849,0.26456532
1232856621,0.37979192,0.3637272,0.25648084
1233172583,0.2607163,0.2908307,0.44845295
1233499180,0.37887338,0.34126982,0.27985677
1233652579,0.27021703,0.16145283,0.5683302
1233913138,0.44799548,0.26395115,0.2880534
1234846677,0.5331631,0.2047083,0.26212856
1234913681,0.28900465,0.34371153,0.3672838
1235146444,0.08352297,0.29809415,0.6183828
1235307529,0.26085132,0.27139217,0.4677565
1235506859,0.29005966,0.46211806,0.24782224
1235588008,0.27482313,0.44080147,0.2843754
1235782726,0.4828757,0.26982385,0.24730043
1235842551,0.5078134,0.24348438,0.2487023
1237648611,0.36127648,0.31743163,0.32129186
1237704368,0.2850659,0.4479021,0.267032
1238078781,0.39200953,0.310874,0.29711646
1238529878,0.26739088,0.3614235,0.37118563
1239874865,0.17582683,0.50875276,0.31542042
1241705901,0.35701543,0.37689582,0.26608887
1242250915,0.3652958,0.3292666,0.30543765
1242742373,0.015661744,0.8706907,0.11364758
1244072133,0.24537858,0.4360733,0.31854817
1244193203,0.6028793,0.1687388,0.22838196
1245574824,0.26515952,0.4461547,0.2886859
1245999135,0.33368203,0.43527722,0.23104075
1246927102,0.29508755,0.49617356,0.20873888
1247276303,0.322141,0.26445946,0.41339964
1247357677,0.46954006,0.3058878,0.22457214
1247383355,0.41197944,0.30451468,0.2835059
1247461883,0.3083788,0.38277224,0.30884898
1247658745,0.2012141,0.44529268,0.35349318
1247943737,0.54963285,0.16647056,0.2838966
1248346203,0.381979,0.31426525,0.30375573
1248443988,0.22844845,0.4496898,0.32186177
1249092992,0.22633551,0.30888292,0.46478155
1249372251,0.43264848,0.3014855,0.265866
1249564525,0.30505335,0.35538214,0.33956453
1249752784,0.10864409,0.73157775,0.15977818
1250656488,0.3223252,0.3185375,0.35913733
1251076662,0.18364562,0.6264311,0.18992321
1251176637,0.25404912,0.46749854,0.27845225
1251462405,0.15911628,0.27104822,0.5698355
1251607363,0.27342013,0.4092607,0.31731924
1251834478,0.5115151,0.20593676,0.28254816
1251834699,0.42509294,0.2704048,0.30450228
1252110090,0.50210893,0.20893115,0.28895995
1252121704,0.26475966,0.35286596,0.38237438
1252147554,0.23053733,0.4398041,0.32965863
1252215008,0.31182808,0.32568955,0.3624824
1252216185,0.15708804,0.58224267,0.26066938
1252317063,0.26387182,0.33033207,0.40579617
1253148191,0.38220313,0.32258594,0.29521096
1253484190,0.47860482,0.25201508,0.26938012
1254331328,0.30636197,0.28814554,0.40549254
1254354571,0.53118235,0.21620739,0.2526103
1254561371,0.3309246,0.2184752,0.45060027
1255060282,0.3877642,0.2933469,0.3188889
1255281985,0.2843153,0.36832565,0.3473591
1255681810,0.21420322,0.50054926,0.2852475
1255817578,0.2867922,0.44490898,0.26829886
1256010557,0.21083595,0.27498052,0.5141835
1256082741,0.43329057,0.32994738,0.236762
1256822527,0.47252637,0.26562253,0.26185107
1257340875,0.44229785,0.17479356,0.38290858
1257448119,0.2542537,0.47833943,0.26740685
1257523660,0.3040567,0.34092787,0.35501546
1258271360,0.42435983,0.2852306,0.29040956
1258716212,0.7889877,0.053859964,0.15715237
1259815077,0.26792082,0.33111808,0.40096107
1260301831,0.35943225,0.3476833,0.29288432
1261267036,0.42397422,0.29944816,0.27657762
1261357377,0.5523064,0.20274629,0.24494728
1261653595,0.24170315,0.5408946,0.21740226
1261910680,0.29620305,0.4551754,0.24862155
1262532663,0.8270075,0.036502875,0.1364897
1262920235,0.37347168,0.25898948,0.36753878
1263031014,0.49193984,0.25276443,0.25529572
1264348639,0.2965796,0.3682456,0.33517477
1264652944,0.37472615,0.33002213,0.29525176
1264780406,0.27250648,0.47322294,0.25427052
1265196889,0.4761143,0.25893545,0.26495025
1265446114,0.23424882,0.51056415,0.255187
1265513074,0.24452254,0.497451,0.25802645
1265715249,0.3873014,0.2610824,0.35161626
1266061587,0.17797777,0.5687867,0.25323552
1266573182,0.51047313,0.21005155,0.27947527
1266765061,0.39224416,0.38346553,0.22429028
1267220605,0.2172018,0.26156673,0.5212314
1267874053,0.56134915,0.18322505,0.2554258
1267945293,0.30520636,0.37881285,0.31598073
1268195153,0.70212215,0.042348083,0.25552973
1268612930,0.34406218,0.40311852,0.25281933
1269271228,0.2395555,0.4343697,0.3260748
1269586258,0.21178816,0.5281606,0.2600513
1269759334,0.31644848,0.38603723,0.29751432
1269910859,0.16041908,0.55352634,0.2860546
1270257758,0.34207693,0.13679658,0.5211265
1270853808,0.0596637,0.2963253,0.6440111
1271054732,0.48042125,0.20975277,0.309826
1271158252,0.6052155,0.16873936,0.22604516
1271166081,0.25174412,0.35709354,0.39116237
1272000471,0.5269113,0.22295731,0.25013134
1272609166,0.26249576,0.45215586,0.28534836
1272774900,0.41863385,0.27966595,0.30170023
1273182550,0.14541811,0.3761253,0.47845656
1274390419,0.5120742,0.22508264,0.26284322
1275545993,0.19463831,0.34337246,0.46198916
1276809544,0.3539351,0.31963643,0.32642844
1277138876,0.2729534,0.27143863,0.45560798
1277189324,0.3627616,0.33883706,0.29840136
1277986837,0.5773178,0.13931854,0.28336364
1279568722,0.24286534,0.48590156,0.2712331
1279910303,0.31279793,0.36286122,0.32434076
1280239011,0.3335031,0.37895665,0.2875403
1280418844,0.22920181,0.5274939,0.24330433
1280688310,0.4692292,0.2734755,0.2572953
1280948199,0.2198965,0.351234,0.42886958
1281365236,0.38208905,0.2711225,0.34678847
1281486553,0.4189166,0.31311437,0.26796898
1281498954,0.402654,0.36963868,0.22770736
1281939268,0.68085116,0.13354416,0.18560472
1282349181,0.40801406,0.32757685,0.26440907
1283599873,0.36991048,0.21932599,0.41076362
1283883706,0.3422905,0.37130785,0.2864016
1284264753,0.46842372,0.2848974,0.24667892
1285168063,0.3664191,0.33511865,0.29846233
1285416221,0.5111544,0.21979475,0.26905084
1286111169,0.16964695,0.152091,0.678262
1286125262,0.12567283,0.6502248,0.22410229
1286289627,0.25573716,0.42208964,0.32217324
1286563222,0.25705045,0.36334658,0.37960297
1287016099,0.07721828,0.54110754,0.38167417
1287849600,0.2715795,0.2912577,0.43716285
1287944417,0.136311,0.57054,0.29314896
1289043550,0.5685152,0.20580932,0.22567543
1291421681,0.13392842,0.29174373,0.5743278
1291798458,0.21512505,0.5387795,0.24609548
1292641739,0.4281524,0.27903932,0.29280823
1292717253,0.050697196,0.045435894,0.90386695
1292928789,0.34857267,0.37932613,0.2721012
1293059465,0.49216506,0.23103806,0.27679688
1293287447,0.63154435,0.16962199,0.19883372
1293582059,0.4006422,0.29455248,0.3048053
1293634133,0.31111133,0.23705246,0.45183626
1293716862,0.28764012,0.398762,0.31359795
1294356589,0.18936987,0.47686824,0.3337619
1294580761,0.20371088,0.10704335,0.68924576
1294882022,0.2954821,0.39613634,0.3083815
1295090946,0.22145614,0.5091463,0.26939762
1295489214,0.31184858,0.32211643,0.366035
1295580333,0.17835642,0.34309018,0.47855338
1295676971,0.26684284,0.4625157,0.27064148
1295775858,0.33411154,0.28555903,0.38032946
1296688433,0.38670388,0.11180772,0.5014884
1297021671,0.23718855,0.21800464,0.5448068
1297380165,0.41245422,0.19498174,0.39256397
1297492026,0.2424726,0.3801222,0.37740526
1297809468,0.44587067,0.2998368,0.25429252
1297973918,0.6179982,0.17866315,0.2033387
1299039192,0.46689752,0.22362033,0.30948222
1299986849,0.41611233,0.27939966,0.30448794
1301065642,0.30865964,0.42389786,0.2674425
1301272811,0.73946446,0.086327024,0.1742085
1301726244,0.308385,0.34941712,0.34219784
1301811061,0.2767667,0.3505746,0.3726587
1301814443,0.468303,0.24507111,0.2866259
1301932961,0.3504429,0.24609284,0.40346426
1302123860,0.3049136,0.425404,0.26968235
1302677701,0.27345416,0.2896458,0.43690008
1302912700,0.6696425,0.11403731,0.21632025
1303165439,0.29171208,0.40488368,0.30340436
1305114484,0.26768243,0.3638582,0.36845934
1305270452,0.3108871,0.35860714,0.33050582
1305324808,0.39522824,0.38482124,0.21995056
1305471566,0.25177503,0.37197787,0.37624714
1305986452,0.287306,0.3182604,0.39443362
1305986765,0.41504943,0.27356395,0.31138664
1307484785,0.710529,0.11111847,0.17835255
1307838420,0.33877078,0.3752812,0.285948
1308389893,0.29363048,0.08433796,0.62203157
1308624053,0.26676586,0.39719057,0.33604363
1308742485,0.22584945,0.4872471,0.28690353
1308832976,0.35776418,0.25572285,0.386513
1308854870,0.62024444,0.12307068,0.2566849
1309809729,0.48399162,0.2840269,0.2319815
1309904801,0.24897172,0.4907022,0.26032612
1310048173,0.53505147,0.22144064,0.24350782
1310186047,0.25161326,0.3253289,0.42305785
1310203577,0.113965474,0.7345505,0.15148412
1310424184,0.5109332,0.24507357,0.2439932
1310543343,0.34665197,0.37366942,0.27967858
1310711971,0.17048073,0.61034125,0.21917799
1310978638,0.5081317,0.23521045,0.25665787
1311009592,0.20399825,0.55917394,0.23682773
1311164015,0.39637563,0.24857858,0.35504577
1311565211,0.23775181,0.35091636,0.41133177
1311825674,0.24914001,0.38641897,0.364441
1311989487,0.26120377,0.18205456,0.55674165
1312060193,0.57105297,0.18706277,0.24188428
1312090506,0.3453142,0.3500105,0.30467525
1312699153,0.25891536,0.44545457,0.29563004
1312772663,0.25691074,0.40895885,0.33413035
1312841087,0.36615166,0.29851887,0.33532944
1313995845,0.04002116,0.7123555,0.24762328
1314151988,0.29917803,0.33168158,0.36914036
1314313349,0.3916945,0.31975907,0.28854644
1314805560,0.29960164,0.3446328,0.35576552
1314902939,0.24031538,0.3892225,0.37046212
1315260438,0.4994625,0.23769128,0.2628462
1316540826,0.41437453,0.2879272,0.2976983
1316686486,0.35239586,0.34428114,0.30332297
1317973127,0.38268012,0.24686342,0.37045637
1318067012,0.47222644,0.26369372,0.2640798
1318238153,0.58586526,0.1707211,0.24341358
1319020493,0.41157117,0.28813884,0.30029002
1319028473,0.2320756,0.53089225,0.23703222
1319374373,0.3885031,0.37461686,0.23687997
1319458764,0.37391147,0.34325337,0.28283522
1319500789,0.7128129,0.08243221,0.20475492
1320580770,0.21254982,0.36059856,0.42685166
1320899063,0.36106288,0.21671055,0.42222655
1321016043,0.30510867,0.35660565,0.3382858
1321465393,0.69071186,0.12192439,0.1873637
1322568446,0.6566435,0.13815995,0.20519662
1322591284,0.4729782,0.24081093,0.2862109
1322731127,0.4355913,0.23017745,0.33423123
1323072711,0.25530884,0.2435059,0.50118524
1323458647,0.16168748,0.3732331,0.46507937
1323524192,0.1307127,0.6699518,0.19933553
1324356896,0.5297181,0.19827063,0.27201125
1324683190,0.23414165,0.4731426,0.29271573
1324990554,0.21541849,0.5393593,0.24522221
1325224897,0.32029417,0.4210371,0.25866875
1325585389,0.17456579,0.49059135,0.33484286
1325622084,0.42424712,0.27209276,0.30366015
1325668840,0.56428295,0.16636673,0.26935038
1326872997,0.22052951,0.5904136,0.18905693
1327331313,0.20658955,0.48254314,0.31086728
1327354173,0.4782136,0.2546204,0.26716602
1327419676,0.64204204,0.17543991,0.18251804
1327467649,0.6114368,0.1896327,0.19893055
1327489924,0.40453973,0.23771542,0.3577449
1327772321,0.2703443,0.44859806,0.2810577
1328268614,0.2753308,0.30485013,0.419819
1328666900,0.43164706,0.23834392,0.33000904
1328850459,0.4433137,0.27802348,0.27866286
1329163472,0.25684938,0.4806006,0.26255006
1329379463,0.33849078,0.36324453,0.29826468
1330109513,0.4106676,0.3515325,0.23779991
1331202384,0.330466,0.3661088,0.30342525
1331539701,0.3218575,0.37118456,0.3069579
1331833424,0.18926537,0.5749272,0.23580746
1331959561,0.12615754,0.64306927,0.23077329
1332028408,0.41678748,0.21480326,0.36840925
1332220814,0.4228681,0.31329265,0.2638393
1332466932,0.38436174,0.26365513,0.35198313
1332730184,0.25265536,0.42696258,0.32038206
1333876351,0.13457459,0.5508723,0.3145531
1334418656,0.21426119,0.5495136,0.23622516
1334687471,0.3278195,0.3197831,0.35239735
1335023623,0.24120785,0.46760172,0.29119042
1335189066,0.2113138,0.5274731,0.26121312
1335241884,0.36114305,0.36086732,0.27798966
1335565904,0.21349685,0.5638022,0.2227009
1336084245,0.27937657,0.43386638,0.28675708
1336227165,0.37471732,0.34588748,0.27939516
1336829757,0.16686793,0.574452,0.25868008
1337165208,0.2378322,0.5001258,0.262042
1337241925,0.35984245,0.3089276,0.33122998
1337279634,0.23624519,0.43214825,0.3316066
1337331354,0.20230745,0.5931241,0.20456842
1337892384,0.235614,0.22326288,0.5411232
1337961561,0.15088207,0.3456678,0.50345016
1338180278,0.83247626,0.062036585,0.10548714
1338917733,0.320415,0.0655551,0.61402994
1339500018,0.7731963,0.04650644,0.18029724
1339997291,0.051711913,0.8238439,0.12444417
1340267224,0.38405547,0.3160814,0.2998632
1340521071,0.17887892,0.2790098,0.54211134
1340983824,0.40948322,0.31249136,0.27802545
1341748326,0.25444663,0.4964969,0.24905658
1342015913,0.15704046,0.4918576,0.35110205
1342280978,0.5465383,0.17870916,0.2747525
1343381083,0.3857253,0.20036654,0.41390818
1344236679,0.082801215,0.070436895,0.84676194
1345011097,0.5320791,0.18353459,0.28438637
1345309379,0.3466538,0.32191396,0.33143222
1345695215,0.40530932,0.27695847,0.31773227
1346095060,0.29999152,0.40170234,0.29830614
1346241706,0.5495735,0.16393588,0.28649056
1346809321,0.20829405,0.53233075,0.25937524
1346950169,0.398249,0.3018242,0.29992673
1348327628,0.31756043,0.38487855,0.29756093
1348637760,0.20833968,0.57663065,0.21502972
1349056050,0.4481809,0.26186618,0.2899529
1349693992,0.42466292,0.27566803,0.29966903
1349758249,0.24264432,0.52401525,0.23334053
1350718674,0.38674736,0.3694625,0.24379008
1351167515,0.35007253,0.2987334,0.35119417
1351788433,0.26899618,0.3989033,0.33210057
1351892848,0.29581222,0.29868764,0.40550017
1352242357,0.44408023,0.25949097,0.29642877
1352336011,0.16429663,0.55350655,0.28219676
1352349749,0.2812264,0.38857368,0.33019996
1353407978,0.2698376,0.40466085,0.32550156
1353753111,0.2160485,0.5190709,0.2648806
1354983657,0.35294673,0.30473894,0.3423142
1355079867,0.32195464,0.37003958,0.3080059
1355470508,0.23440738,0.5593141,0.20627855
1355575375,0.49805844,0.22147696,0.28046465
1355859961,0.26697677,0.40672037,0.32630286
1357442109,0.3256899,0.42416894,0.2501411
1357712980,0.81665885,0.06473492,0.11860619
1358248949,0.24813244,0.4667097,0.28515786
1358442968,0.35293156,0.35842267,0.28864583
1359351860,0.24215019,0.31341326,0.44443655
1359364905,0.20601551,0.5771561,0.21682838
1359499132,0.48560515,0.20284536,0.31154957
1359824581,0.33267477,0.2880278,0.37929735
1359866642,0.49599624,0.11848556,0.38551816
1360124666,0.45289195,0.28913718,0.2579709
1361199736,0.47125834,0.2633665,0.26537508
1361351669,0.31240976,0.33371383,0.3538764
1361523952,0.4135995,0.21520734,0.37119308
1362019707,0.358343,0.34327805,0.29837894
1362342387,0.18352568,0.56817937,0.24829495
1363099225,0.28529528,0.42318547,0.29151925
1363809692,0.28951934,0.41781995,0.29266074
1363826289,0.56709397,0.21599357,0.21691252
1364027594,0.17226394,0.58923346,0.23850259
1364209609,0.4709106,0.31502217,0.21406727
1364710980,0.3335108,0.28258273,0.38390648
1364968667,0.47188073,0.26552612,0.26259315
1365193563,0.21394062,0.5317663,0.25429314
1365214630,0.28302643,0.29354113,0.4234324
1365261702,0.24611032,0.4748852,0.27900442
1365538370,0.32970154,0.4260131,0.24428535
1365807678,0.20383571,0.41885558,0.37730873
1365946748,0.43327978,0.26468766,0.3020326
1366051891,0.2668662,0.46120512,0.27192873
1366940833,0.3430706,0.2435425,0.41338688
1367063253,0.27052477,0.49909776,0.23037753
1367439814,0.42309985,0.28821066,0.28868946
1367803584,0.383117,0.40209246,0.21479061
1368014618,0.27213228,0.4477147,0.28015307
1368203903,0.18269666,0.27757204,0.5397313
1368358577,0.42294475,0.29877412,0.2782811
1368727418,0.24775568,0.47869185,0.27355248
1369102574,0.17996426,0.36135313,0.4586827
1369322842,0.11701011,0.7032906,0.17969933
1369624179,0.42914522,0.32832065,0.2425341
1369736016,0.22983225,0.45534936,0.31481838
1369876600,0.39210707,0.35161686,0.25627613
1370215186,0.38820893,0.27400264,0.3377885
1370823547,0.56054276,0.1779778,0.26147935
1371311784,0.037321478,0.02861267,0.9340659
1371526703,0.24391001,0.28339455,0.4726954
1371759082,0.3104054,0.22252113,0.4670734
1371799927,0.37770218,0.21159925,0.41069856
1372172054,0.19745678,0.48702884,0.31551436
1372343019,0.39247164,0.30255938,0.30496886
1372506436,0.5783781,0.18140829,0.24021366
1372713518,0.31786212,0.37484276,0.30729505
1372784611,0.28861973,0.43077293,0.28060734
1373118365,0.3299846,0.35255986,0.31745556
1373596537,0.21926218,0.49800137,0.28273642
1373761899,0.2978107,0.39801484,0.30417442
1373882971,0.3340071,0.37686056,0.28913227
1374765523,0.20552486,0.4567393,0.33773586
1375712417,0.37805852,0.36453578,0.25740567
1375833661,0.29904163,0.3414698,0.35948867
1375957715,0.284047,0.33154872,0.38440427
1376081398,0.35629544,0.31103852,0.33266607
1376138468,0.34670687,0.12190581,0.5313873
1376181302,0.1947184,0.54918504,0.2560966
1376450688,0.36904532,0.3358996,0.29505506
1376541121,0.35389695,0.2925276,0.3535754
1376628358,0.26424396,0.5225931,0.213163
1376866371,0.1908633,0.4837826,0.3253541
1378221074,0.14076355,0.6409724,0.21826407
1378553375,0.4512823,0.21923992,0.32947785
1378806288,0.356059,0.2756547,0.36828634
1379345026,0.3120761,0.40017095,0.28775293
1379923589,0.5375692,0.19916579,0.26326492
1380125976,0.5461555,0.15151757,0.30232686
1380212712,0.20335147,0.27724564,0.5194029
1380969369,0.262046,0.47942513,0.25852886
1381596507,0.43077716,0.29637995,0.2728428
1381852384,0.37174916,0.4557916,0.17245926
1381854934,0.17892498,0.2241258,0.5969492
1382191981,0.5197813,0.2106634,0.2695552
1383342697,0.6286612,0.096299335,0.27503946
1383612884,0.34659737,0.30852962,0.3448731
1383698196,0.45916563,0.2549883,0.2858461
1383733319,0.27360204,0.3901086,0.33628938
1384154033,0.35948995,0.3417461,0.29876402
1384446962,0.05684074,0.7843929,0.15876639
1385062961,0.37911445,0.25269827,0.3681873
1385151673,0.24041848,0.50169307,0.25788844
1385305704,0.28647828,0.38823518,0.32528648
1385456715,0.27085984,0.45524517,0.27389497
1386174053,0.24985537,0.4456132,0.30453146
1387802015,0.32076782,0.3337043,0.34552795
1388215929,0.28778538,0.39245126,0.31976333
1388763840,0.56490123,0.21009424,0.22500445
1388852853,0.34060252,0.2937828,0.36561468
1389526596,0.24806441,0.50212437,0.24981125
1389982916,0.4165926,0.276621,0.30678645
1389993673,0.26374653,0.41431034,0.3219432
1390021705,0.28271216,0.30487928,0.41240853
1390371900,0.4225696,0.30229273,0.27513763
1390675075,0.23719011,0.5451954,0.21761453
1390682325,0.35635677,0.31928003,0.3243632
1392137684,0.5550101,0.10716768,0.3378223
1392697382,0.3140703,0.3045341,0.38139552
1393216869,0.46098047,0.35363767,0.18538187
1393332166,0.31160498,0.1532141,0.5351809
1393369450,0.38984615,0.32026562,0.28988826
1394197657,0.1998913,0.09513826,0.70497054
1394332158,0.19836417,0.5415477,0.26008815
1394372116,0.28918695,0.38179255,0.32902047
1395914424,0.49648443,0.2519138,0.25160187
1396471416,0.71993494,0.08087673,0.19918829
1397033328,0.44050354,0.2227414,0.3367551
1397633716,0.18164776,0.43996945,0.37838277
1397713062,0.39289668,0.18011616,0.42698714
1397801236,0.22613272,0.27547413,0.49839315
1397820372,0.30447587,0.437207,0.25831708
1398425146,0.40414655,0.29053843,0.30531508
1398516675,0.40168208,0.32677573,0.27154228
1398963070,0.2414907,0.20915452,0.5493548
1399548407,0.3071893,0.5167029,0.17610781
1399797650,0.4412935,0.2097212,0.34898525
1399825434,0.15699905,0.44690987,0.39609113
1400006593,0.5166475,0.23401381,0.24933867
1400019759,0.3700488,0.2802643,0.34968683
1400261150,0.33127,0.32715544,0.34157452
1400587533,0.12043371,0.11783928,0.76172704
1400695722,0.26926023,0.09121908,0.6395207
1400768435,0.41416553,0.24860641,0.33722812
1400997982,0.6542944,0.10361007,0.24209557
1401159866,0.42540026,0.2525261,0.32207367
1401307085,0.36193913,0.37456793,0.263493
1401683129,0.10971022,0.7263164,0.16397335
1402064056,0.34352487,0.29657507,0.3599001
1402271150,0.29295626,0.32351264,0.38353106
1403380941,0.32937434,0.2929625,0.37766314
1403427253,0.29747143,0.3153721,0.38715643
1403595657,0.3986349,0.23803541,0.36332974
1404258661,0.22738595,0.39897415,0.37363985
1405347775,0.31189498,0.38356572,0.30453932
1406691554,0.51766104,0.084787145,0.39755177
1406827873,0.3730275,0.15017122,0.4768013
1406829456,0.32343766,0.27953967,0.3970226
1407513357,0.31712556,0.40542808,0.2774464
1407659950,0.2030154,0.5556899,0.24129483
1408173802,0.56566805,0.21791564,0.21641625
1408279353,0.34057984,0.27843627,0.38098395
1408343105,0.2811802,0.43882558,0.2799941
1408700611,0.5396068,0.2170018,0.24339138
1409775840,0.47256476,0.2637162,0.26371908
1410097361,0.21438104,0.4676693,0.31794962
1410106325,0.24679708,0.42850965,0.3246932
1410555104,0.36599675,0.37597933,0.25802392
1411188531,0.47160617,0.14734316,0.38105074
1411251756,0.16609281,0.30704084,0.5268663
1411597873,0.13201602,0.40940428,0.45857975
1411768221,0.27012292,0.4105414,0.31933567
1412403014,0.41036004,0.2929198,0.29672015
1412779511,0.35528663,0.3638266,0.28088674
1413744772,0.27846202,0.29370156,0.42783648
1414036390,0.44191003,0.061867345,0.49622265
1414215305,0.405314,0.29362053,0.30106547
1414257811,0.3161728,0.40118355,0.28264365
1414611051,0.40963218,0.33818546,0.25218236
1414828450,0.37739006,0.35086456,0.2717454
1415251431,0.20361355,0.5595923,0.2367941
1415561991,0.298963,0.36273408,0.3383028
1415806400,0.22252832,0.4797648,0.2977069
1415841234,0.47186074,0.1261257,0.4020136
1416531481,0.38668862,0.20396116,0.40935016
1417775022,0.20549902,0.49342537,0.30107564
1417963978,0.44736323,0.27465758,0.27797922
1418637553,0.442736,0.27633187,0.2809321
1419701384,0.15832902,0.4411171,0.40055385
1419862961,0.36837256,0.3121439,0.31948352
1419931148,0.115237154,0.671165,0.21359792
1420282552,0.48910275,0.21760873,0.29328856
1420284504,0.18864228,0.34517637,0.46618134
1421069299,0.18805264,0.48665512,0.3252923
1421092665,0.47844177,0.21921253,0.30234572
1421801469,0.45522323,0.26398906,0.2807877
1421805369,0.19941963,0.5563571,0.24422331
1421832505,0.29597798,0.46704966,0.23697238
1421864021,0.33111754,0.34312,0.32576242
1422466746,0.31877515,0.25465822,0.42656648
1422932421,0.20717607,0.36524197,0.427582
1423057514,0.35732388,0.29243183,0.35024434
1423240450,0.28928718,0.25919,0.4515228
1423356515,0.42309564,0.09925842,0.47764596
1423697164,0.4007927,0.23424964,0.3649577
1424053608,0.38491553,0.436088,0.17899653
1424318370,0.6257203,0.1665517,0.20772795
1424386744,0.23531695,0.15485014,0.60983294
1424404514,0.087188944,0.27463645,0.6381746
1424741644,0.08093172,0.724462,0.19460621
1425100014,0.10759487,0.52773446,0.36467072
1425296441,0.31458387,0.43265024,0.25276592
1425474739,0.3448079,0.3404081,0.31478396
1425824350,0.48488808,0.17204438,0.3430676
1425853503,0.46070644,0.1783926,0.36090088
1426087157,0.20173684,0.48916465,0.3090985
1426776603,0.36914974,0.20586707,0.42498314
1426865377,0.57784754,0.12599067,0.29616183
1427188231,0.4720593,0.11108216,0.4168586
1427489505,0.21915674,0.50853246,0.27231076
1427573411,0.16978328,0.59647655,0.23374017
1427813073,0.3117603,0.33793142,0.3503082
1428044543,0.2359582,0.50646704,0.25757477
1428096975,0.3120199,0.3899338,0.29804623
1428323133,0.26735127,0.49087977,0.24176897
1428763053,0.19815548,0.534544,0.26730046
1429170227,0.32526824,0.09752456,0.5772072
1429298084,0.27077475,0.4050686,0.3241567
1429343475,0.68034136,0.06865385,0.25100473
1429905856,0.2720591,0.23439021,0.49355072
1430393993,0.42625454,0.35631472,0.2174308
1430720762,0.33214968,0.3751359,0.29271442
1430759000,0.25281188,0.44606483,0.30112332
1430961175,0.36155716,0.36689755,0.27154544
1431194633,0.5633396,0.06710792,0.3695525
1431426828,0.28453407,0.3686837,0.34678233
1431613453,0.3437887,0.3042654,0.35194588
1431888365,0.44452855,0.23943207,0.31603944
1431937265,0.31681487,0.20036867,0.48281643
1432509592,0.30604923,0.37541246,0.31853828
1432525514,0.23890768,0.44041553,0.32067677
1432791243,0.39461777,0.2986151,0.30676705
1434703282,0.61582965,0.11236243,0.2718079
1434791306,0.5634458,0.17652528,0.26002902
1434990173,0.1835086,0.5112972,0.3051942
1434992319,0.21405332,0.2769829,0.50896376
1435074108,0.40419242,0.32327637,0.27253118
1435650370,0.34488627,0.2988493,0.35626447
1435713681,0.6691081,0.16654325,0.1643487
1436610218,0.37004897,0.35003346,0.2799176
1436887470,0.35913926,0.3802175,0.26064327
1437259090,0.45068336,0.28785068,0.26146603
1437321354,0.44564658,0.16275379,0.39159966
1437425186,0.33283803,0.40348452,0.26367742
1438347181,0.27441671,0.36234054,0.36324275
1438613970,0.36143255,0.1564498,0.48211765
1439152664,0.20704144,0.5375851,0.25537354
1440362807,0.32975423,0.3848025,0.2854433
1440554360,0.25699976,0.50064015,0.24236012
1441148538,0.40041158,0.27493322,0.32465526
1441391609,0.6171942,0.103465356,0.27934048
1442253796,0.2880165,0.33965498,0.37232852
1443024288,0.1674467,0.607756,0.22479732
1443285141,0.3108842,0.3887924,0.30032343
1443654087,0.31678134,0.42544454,0.25777414
1443768734,0.22902165,0.50546384,0.26551455
1443818593,0.31553233,0.31679788,0.36766982
1444188270,0.7075326,0.03444755,0.2580199
1444315865,0.3228924,0.27733868,0.39976895
1444706883,0.27035192,0.4644292,0.26521885
1445183180,0.44114783,0.23127969,0.32757246
1445274516,0.330978,0.34781265,0.32120928
1445382271,0.46247235,0.26703736,0.2704903
1446000452,0.3376766,0.40776813,0.25455528
1446006553,0.33431944,0.3644838,0.30119678
1446059185,0.36161998,0.32539842,0.3129816
1446129524,0.29748848,0.41088486,0.29162672
1446277750,0.559485,0.18727913,0.25323582
1447522962,0.40311947,0.14122953,0.4556511
1447732913,0.50699866,0.20636411,0.28663722
1447998484,0.6168542,0.1085027,0.2746431
1448396868,0.6277499,0.11794898,0.2543011
1448401925,0.42824814,0.268799,0.30295286
1448944105,0.29843566,0.2919388,0.40962553
1449026692,0.4003331,0.2985724,0.30109453
1449631259,0.58779114,0.18667059,0.22553828
1450521040,0.3049126,0.42966747,0.26541993
1451648057,0.325017,0.35250366,0.32247934
1451922783,0.062762514,0.31536192,0.62187564
1451930406,0.32169688,0.280442,0.3978611
1452140874,0.35072806,0.35584897,0.29342294
1452941756,0.27227738,0.46490213,0.26282045
1453500703,0.18771826,0.21991736,0.59236443
1453945940,0.27467924,0.46000746,0.26531327
1454155465,0.14882591,0.45164955,0.39952454
1454674653,0.35854673,0.3655931,0.27586013
1454675642,0.47031918,0.29183835,0.23784246
1455276491,0.4154168,0.23119201,0.3533912
1455473686,0.35371616,0.31090134,0.3353825
1455479887,0.5725022,0.15389949,0.2735983
1455597957,0.28849152,0.47399107,0.23751743
1455766910,0.39662144,0.38948756,0.21389097
1456229078,0.23686364,0.48221645,0.28091997
1456804775,0.43547988,0.3262958,0.2382244
1456993998,0.28156516,0.4258507,0.29258415
1457231314,0.6589161,0.16020127,0.18088266
1457237917,0.37618172,0.26962736,0.35419092
1457428626,0.2622652,0.28599808,0.45173675
1457562864,0.4763571,0.29311168,0.23053123
1457575965,0.31113794,0.43519858,0.25366345
1457576449,0.32952976,0.3054992,0.36497107
1457808206,0.3344578,0.3123126,0.35322952
1458215415,0.3895926,0.11829679,0.49211064
1458284684,0.31101537,0.39016423,0.29882038
1458360622,0.061597373,0.8117098,0.12669286
1459114057,0.44066247,0.28207695,0.27726057
1459600663,0.38012785,0.3495346,0.27033758
1461607431,0.3443757,0.35349786,0.30212647
1461725677,0.39337724,0.30170825,0.30491444
1461982918,0.2520695,0.4782852,0.26964536
1462400563,0.37093672,0.3114356,0.3176276
1462856338,0.32748556,0.3948438,0.27767062
1463241444,0.3472622,0.33730283,0.31543493
1463691562,0.41607857,0.30055857,0.2833628
1464173919,0.50425124,0.23313677,0.26261202
1464698232,0.16567178,0.4691783,0.36514995
1464839546,0.37369287,0.3831221,0.24318512
1464889236,0.42056823,0.30718637,0.27224538
1464989400,0.41289663,0.27413335,0.31296998
1465145020,0.17844483,0.57563055,0.24592462
1465598380,0.3309769,0.40268856,0.26633453
1466835436,0.5121936,0.19906263,0.2887438
1466995205,0.20466606,0.4493349,0.345999
1467194255,0.10940125,0.63491744,0.25568134
1467428834,0.37184215,0.30117705,0.3269808
1468530338,0.01135263,0.012690503,0.975957
1469579917,0.42775023,0.24216336,0.33008644
1470179272,0.12579454,0.69007534,0.18413015
1470358638,0.5034049,0.17656918,0.32002595
1470536757,0.26879117,0.31100595,0.42020288
1470573700,0.31277046,0.28579092,0.40143868
1471268624,0.38260242,0.2560712,0.3613265
1472454750,0.40622887,0.31613225,0.27763885
1473218627,0.23587294,0.20921536,0.55491173
1473352218,0.2251261,0.45667306,0.3182009
1473441771,0.33031175,0.3259597,0.34372857
1473497966,0.34916565,0.22342923,0.42740506
1474329832,0.11649897,0.68058723,0.20291376
1474622758,0.55874926,0.17846812,0.26278257
1475428984,0.6405747,0.117790766,0.24163456
1476558039,0.5202151,0.15870641,0.3210785
1476697387,0.6885543,0.13731888,0.17412679
1476805311,0.063893214,0.7120965,0.22401036
1477204544,0.18481806,0.5538862,0.26129577
1477685182,0.2992709,0.21193467,0.4887944
1478432692,0.34840563,0.37059942,0.28099498
1478645220,0.61305773,0.17218041,0.2147619
1478735511,0.51286745,0.26181486,0.22531767
1478990035,0.48328146,0.26631296,0.25040564
1479017887,0.18168189,0.5368137,0.28150436
1479037571,0.40601137,0.32517394,0.26881468
1479532136,0.2758958,0.46164653,0.2624577
1479781022,0.40468243,0.36091262,0.234405
1480096307,0.4290063,0.26056138,0.31043229
1480304353,0.44103712,0.26149535,0.2974675
1480338630,0.26628965,0.4076688,0.3260415
1481183805,0.14771499,0.65003026,0.20225474
1481469002,0.32261512,0.43344983,0.2439351
1481497817,0.253814,0.45593077,0.29025522
1481747470,0.39689004,0.2877157,0.31539425
1481991751,0.22279984,0.5061813,0.2710189
1482454909,0.37213454,0.29259083,0.33527455
1483468960,0.2947647,0.40446123,0.30077404
1483926406,0.28072196,0.34175462,0.37752342
1484371658,0.32628015,0.35841158,0.31530824
1484716703,0.22983597,0.5298955,0.24026851
1484786749,0.25327405,0.46095085,0.28577507
1485254315,0.3578469,0.3661897,0.27596354
1485530943,0.2928458,0.36660844,0.3405457
1485734716,0.28862867,0.35128233,0.36008903
1485802424,0.23875253,0.49795315,0.26329434
1485942194,0.115691245,0.62021375,0.26409513
1485953556,0.39336848,0.14724717,0.4593844
1487512474,0.28507087,0.37161955,0.3433097
1487518907,0.2964769,0.34653655,0.35698652
1487887141,0.16756393,0.5223456,0.3100905
1487962819,0.43020326,0.3035263,0.26627043
1488065958,0.34783322,0.25819585,0.39397094
1488642470,0.5722374,0.20131122,0.22645143
1489327802,0.62840134,0.15136558,0.22023311
1489492767,0.17861387,0.61491704,0.20646909
1489581310,0.08918446,0.44281906,0.4679965
1490025464,0.24799266,0.51556385,0.23644352
1490064998,0.38512385,0.32769167,0.28718448
1490351249,0.21771634,0.44922867,0.33305496
1490417928,0.26086327,0.29214412,0.44699255
1490566130,0.34140208,0.31996885,0.33862907
1490956006,0.44251344,0.29783824,0.2596483
1490963250,0.25068954,0.42638895,0.3229215
1491597335,0.25856796,0.4861066,0.25532544
1491884203,0.24764988,0.28452647,0.46782362
1492537097,0.31053638,0.35887912,0.33058447
1494368966,0.32834217,0.2969215,0.37473634
1494983903,0.40327856,0.31790155,0.2788199
1495016174,0.4741522,0.22663681,0.29921097
1495104052,0.14370795,0.47414193,0.38215014
1495361948,0.19288969,0.5704252,0.23668511
1495882774,0.40025732,0.18304299,0.41669965
1496266833,0.36184272,0.3530855,0.28507182
1498077061,0.16201724,0.16201724,0.67596555
1498112150,0.3423364,0.28691497,0.37074864
1498358216,0.2171203,0.52430344,0.25857627
1498847178,0.24535795,0.45974013,0.2949019
1498988581,0.2478155,0.3122906,0.43989396
1499064875,0.5205798,0.1264104,0.35300982
1499071926,0.50311023,0.24845675,0.24843307
1499571531,0.26666844,0.4492232,0.28410843
1499643754,0.17017964,0.1992328,0.6305875
1499844766,0.2892914,0.2521801,0.45852852
1499855572,0.43339345,0.2794151,0.28719145
1500023508,0.3952615,0.3435902,0.26114836
1500294489,0.5220731,0.21619824,0.2617288
1500447919,0.37245882,0.3353733,0.29216787
1500503650,0.6699299,0.1070025,0.2230676
1500533698,0.5403605,0.08685729,0.37278217
1500653616,0.019926885,0.016243448,0.9638297
1500811409,0.15783915,0.15859121,0.68356967
1501125676,0.37316582,0.36313248,0.2637017
1501766500,0.38567248,0.23851255,0.37581494
1502201584,0.28546065,0.45838436,0.25615507
1502356861,0.36396614,0.2997035,0.33633032
1502714461,0.42051274,0.15129544,0.4281918
1502965203,0.15965208,0.63083845,0.20950942
1503005007,0.32723916,0.39806977,0.27469102
1503270270,0.1475722,0.44471914,0.40770876
1503328582,0.36955065,0.38149452,0.24895482
1503372133,0.85580015,0.043468557,0.10073129
1504473621,0.37524965,0.27226093,0.3524894
1505775208,0.28969747,0.34572333,0.3645792
1506289747,0.815263,0.07036468,0.11437236
1506607259,0.4213478,0.2946293,0.28402287
1507182811,0.32844085,0.34501407,0.32654515
1507198566,0.17244934,0.4145798,0.41297087
1507743299,0.2143218,0.5208831,0.2647951
1508106085,0.36594442,0.32724848,0.30680704
1508226331,0.43930522,0.29727942,0.2634154
1508667545,0.23642746,0.23296158,0.53061104
1508736364,0.46696988,0.23425165,0.29877853
1509190229,0.38183466,0.2972085,0.32095692
1509527944,0.3553919,0.37353382,0.2710743
1509947650,0.18112747,0.258677,0.5601955
1510216646,0.46906006,0.23002231,0.30091766
1510223473,0.3862459,0.2949351,0.318819
1510232772,0.23167592,0.27486202,0.4934621
1510355450,0.36734474,0.3583732,0.27428204
1510739996,0.25666285,0.4178461,0.32549104
1510827012,0.24080192,0.52386796,0.23533021
1510844234,0.5005464,0.23973367,0.25972
1511441860,0.22635663,0.26243564,0.5112077
1511499236,0.21996781,0.4972392,0.282793
1511752227,0.5133641,0.21635999,0.2702759
1511986847,0.19075903,0.593898,0.21534304
1511987356,0.21412018,0.44837177,0.33750805
1512036033,0.14110254,0.50206214,0.35683534
1512135050,0.19487521,0.5346698,0.2704549
1512247569,0.21103616,0.45575505,0.33320883
1512249460,0.16855119,0.6196065,0.21184239
1512512102,0.47001782,0.27981284,0.25016934
1512655073,0.5770103,0.1978622,0.22512755
1514570986,0.30268908,0.43723616,0.26007473
1515085544,0.46059018,0.2922428,0.24716699
1515194969,0.32036144,0.45752656,0.222112
1515640780,0.23703076,0.4568789,0.30609035
1515673229,0.32461855,0.30079427,0.37458715
1516727875,0.2755769,0.46641943,0.25800368
1516766796,0.34404114,0.38008383,0.27587506
1516928323,0.37023258,0.31530154,0.31446588
1517001334,0.3843817,0.31574395,0.29987434
1517005915,0.4063326,0.33950996,0.25415745
1518305208,0.6909618,0.13189688,0.17714134
1518434714,0.40995467,0.2842518,0.30579355
1518560675,0.40025017,0.2741424,0.32560745
1518964750,0.20803855,0.52812964,0.26383182
1519693368,0.37103897,0.22946279,0.39949828
1519883784,0.50271076,0.18363538,0.31365395
1520902388,0.4146633,0.28579846,0.29953817
1520990598,0.25111416,0.33528882,0.41359705
1521341084,0.30893084,0.15248844,0.5385807
1522076707,0.25660646,0.30255237,0.44084126
1522836970,0.4512447,0.19821392,0.35054147
1522997425,0.29353586,0.41150695,0.2949572
1523100513,0.29730093,0.4034631,0.29923597
1523353410,0.35309035,0.34770587,0.29920378
1524349988,0.52948755,0.052407783,0.41810468
1524374288,0.5919539,0.20253108,0.20551504
1524389910,0.25092065,0.4039306,0.34514874
1524888173,0.2351842,0.43755543,0.32726038
1526233914,0.36023405,0.3385934,0.30117252
1526255942,0.3280755,0.30457643,0.3673481
1526294126,0.060311843,0.7654063,0.17428184
1526631137,0.23513232,0.4020047,0.36286297
1526827441,0.42713973,0.31240717,0.26045308
1527002556,0.2620674,0.32890552,0.40902707
1527266017,0.23999019,0.47251078,0.28749904
1527439633,0.32666513,0.39428094,0.27905396
1527545731,0.15596448,0.6510337,0.19300179
1528217841,0.3145233,0.21633825,0.46913844
1528854515,0.2353186,0.46651244,0.2981689
1528866551,0.46301797,0.272165,0.26481712
1530641411,0.32005653,0.38171437,0.29822904
1530924498,0.27702427,0.32211617,0.4008596
1531462308,0.42613322,0.2858088,0.28805795
1531480435,0.4932217,0.18036115,0.32641712
1531686659,0.33333853,0.32914934,0.33751217
1531858557,0.30629253,0.3728407,0.32086676
1531984200,0.46540326,0.25244644,0.28215033
1532499430,0.006046196,0.96239585,0.031558048
1533009688,0.16080792,0.4956015,0.34359056
1534342263,0.106768124,0.44492364,0.44830817
1534510456,0.4240571,0.21556826,0.3603746
1535765243,0.2464458,0.456425,0.29712918
1536182259,0.38867375,0.259745,0.35158128
1537002164,0.30994624,0.3043699,0.3856839
1537117262,0.2799358,0.4219653,0.29809892
1537182322,0.29212722,0.22834994,0.47952288
1537221859,0.23068829,0.36535865,0.4039531
1537593405,0.25076365,0.45024335,0.29899302
1537599213,0.23169048,0.44431198,0.32399753
1537624706,0.231374,0.5336393,0.23498672
1537627166,0.49555185,0.2803387,0.22410946
1538019213,0.2189115,0.38210955,0.398979
1538179462,0.44721493,0.2727604,0.28002468
1538444137,0.26765624,0.5101979,0.22214589
1538799156,0.3844858,0.3322395,0.2832747
1538869052,0.24275835,0.30677515,0.45046642
1539377535,0.21966845,0.45575917,0.32457244
1539498625,0.106407925,0.51487446,0.37871763
1539590958,0.23288642,0.27695566,0.4901579
1540323056,0.24051978,0.3480197,0.41146055
1540400885,0.3092795,0.15175027,0.5389702
1540588713,0.18574022,0.4510263,0.36323342
1541487598,0.24562384,0.2192394,0.53513676
1541642647,0.29242945,0.2557996,0.45177096
1541685390,0.27431372,0.40716898,0.3185172
1541902405,0.2473526,0.13081564,0.6218318
1542150850,0.34671348,0.37903428,0.2742523
1542254114,0.33728898,0.19690281,0.46580812
1543004491,0.40068874,0.31546134,0.28384995
1543117139,0.15928692,0.2627023,0.5780108
1543216802,0.35049644,0.26429507,0.3852085
1543923915,0.33418122,0.34896493,0.31685385
1544083540,0.16943032,0.58597,0.24459976
1544576407,0.37016124,0.3169127,0.31292605
1544795350,0.32004613,0.4258599,0.25409395
1545365707,0.30580267,0.39490888,0.29928842
1545388639,0.37478536,0.30131033,0.32390422
1545488398,0.32248986,0.4039415,0.2735686
1545776787,0.19609477,0.14258175,0.6613235
1545802492,0.33693334,0.28373492,0.3793317
1546878008,0.36558887,0.33428198,0.30012906
1547263065,0.25611278,0.41749206,0.32639515
1547596992,0.6223807,0.058779962,0.31883937
1548000079,0.23637158,0.31125876,0.45236972
1548201497,0.83109885,0.06293563,0.10596555
1548556538,0.3892789,0.249536,0.36118513
1548807188,0.21654843,0.5272881,0.25616357
1549039617,0.45023814,0.29512963,0.2546322
1549118230,0.396971,0.27156904,0.33146
1549570847,0.19000271,0.53044677,0.2795505
1549887134,0.29604468,0.41391814,0.29003716
1549924721,0.54097193,0.19242287,0.2666052
1550330610,0.5144814,0.22229773,0.2632208
1550750614,0.25702304,0.42136276,0.32161427
1550807865,0.35255036,0.38570583,0.26174378
1550858787,0.2636004,0.37497577,0.36142382
1551390040,0.3356966,0.3495376,0.31476587
1551665202,0.37924385,0.34327558,0.27748063
1551706273,0.13556762,0.4147515,0.4496809
1551761603,0.4931465,0.24807194,0.25878152
1552024088,0.51137614,0.24764825,0.24097563
1552398744,0.35690674,0.21288875,0.43020454
1553319303,0.3144417,0.40163842,0.28391978
1553364331,0.31984735,0.36244968,0.317703
1553398156,0.88104415,0.013226739,0.10572906
1553584105,0.39650235,0.2769569,0.32654074
1554034790,0.22364014,0.51686543,0.2594944
1554069666,0.48914382,0.2688086,0.24204756
1554102919,0.14053713,0.4374008,0.42206207
1554476853,0.27933055,0.41733453,0.30333483
1554798788,0.3163554,0.36844105,0.31520355
1555077172,0.5754604,0.18197434,0.24256532
1555416303,0.6106873,0.13375491,0.2555578
1555915481,0.48842108,0.17742133,0.3341576
1556148778,0.33982167,0.33704168,0.3231367
1557079066,0.4801166,0.29331192,0.22657153
1557212012,0.44246438,0.2864586,0.27107692
1557518374,0.29346782,0.43029192,0.2762402
1558232164,0.15423971,0.6367608,0.20899947
1558499019,0.34286186,0.35770482,0.29943335
1558568018,0.16046172,0.4721417,0.36739668
1558571254,0.20149091,0.52660173,0.2719074
1558597395,0.21784978,0.5576062,0.22454406
1558920207,0.37480396,0.3345188,0.2906772
1558936179,0.34932473,0.39116526,0.25950998
1559655202,0.2899629,0.42733076,0.28270635
1559682009,0.118805885,0.67112625,0.21006785
1559706200,0.31576803,0.32448256,0.35974938
1560169397,0.318303,0.4449261,0.23677093
1560835496,0.4840797,0.114313364,0.4016069
1560969594,0.26935053,0.39060006,0.34004945
1561122774,0.22980453,0.44312614,0.32706937
1561600123,0.34790248,0.392715,0.2593825
1561920988,0.18579738,0.49665394,0.3175487
1562046644,0.31342503,0.3288906,0.35768434
1562168146,0.20838533,0.55658454,0.23503007
1563013826,0.22960047,0.5291233,0.24127625
1563096379,0.11867968,0.42856315,0.45275715
1563380516,0.4640392,0.23817994,0.29778084
1563464106,0.23446855,0.4226572,0.3428742
1563979586,0.38614467,0.40434024,0.209515
1564267187,0.33932963,0.27104926,0.38962117
1564309273,0.39228377,0.3204959,0.28722036
1564711501,0.55475557,0.19923435,0.24601007
1564984305,0.35519025,0.32564372,0.31916595
1565547006,0.8880429,0.015897961,0.09605911
1565624242,0.1639219,0.3901189,0.4459592
1565932246,0.74561286,0.08554051,0.16884671
1566007232,0.40860707,0.2665359,0.32485694
1567424993,0.20521274,0.54825115,0.2465361
1568062166,0.3452496,0.34910765,0.3056427
1568335656,0.25395358,0.18437982,0.56166667
1568735071,0.36440268,0.31957573,0.31602156
1569194084,0.4389631,0.22327206,0.33776492
1569527028,0.32953283,0.37987727,0.29058993
1569819771,0.5467839,0.10772064,0.34549552
1569856595,0.2871398,0.43404332,0.27881685
1570005821,0.33462405,0.30961925,0.35575664
1570523015,0.25001782,0.52159214,0.2283901
1571039670,0.2255535,0.531429,0.24301755
1571333066,0.4665581,0.22288905,0.31055284
1571552797,0.29656285,0.44374505,0.2596921
1572470569,0.3519303,0.31935593,0.32871377
1572553183,0.20747809,0.5357825,0.25673938
1572914742,0.17204045,0.49648792,0.33147165
1573161678,0.2647406,0.4715116,0.26374784
1573520031,0.22302343,0.44029817,0.33667842
1573875860,0.33483285,0.34949186,0.31567526
1574037377,0.48266217,0.27897575,0.23836212
1574177759,0.271199,0.3914297,0.3373713
1574360470,0.25725827,0.40609425,0.33664754
1574464447,0.35011274,0.39669037,0.2531969
1575244496,0.3277546,0.3627814,0.30946407
1575539869,0.36654398,0.37508568,0.25837037
1575598780,0.4696347,0.2388695,0.29149574
1575868665,0.3850293,0.37138686,0.24358383
1576478815,0.32425702,0.46452254,0.21122032
1576739802,0.30172223,0.38417456,0.31410325
1577508368,0.27938533,0.44589248,0.27472216
1577605262,0.37440196,0.35539824,0.27019975
1577839236,0.52964854,0.22844052,0.24191095
1577844014,0.19918145,0.6302594,0.17055918
1578075430,0.4414354,0.19269685,0.36586776
1578708985,0.31539282,0.42769787,0.2569093
1578953865,0.2496787,0.42909378,0.32122746
1579308266,0.17275725,0.7468496,0.08039319
1579535336,0.23958111,0.49031106,0.27010775
1579784333,0.23602758,0.53189516,0.23207736
1579920550,0.13800299,0.59707856,0.26491848
1579923608,0.3425864,0.38544172,0.27197185
1580232758,0.3863236,0.32633016,0.28734624
1580267370,0.3153128,0.37615475,0.30853242
1581317758,0.1958149,0.5962233,0.20796178
1581630968,0.5154977,0.2562845,0.2282179
1581766713,0.28727457,0.47300428,0.23972115
1582285515,0.26726598,0.45126536,0.2814687
1582968476,0.39912078,0.41801357,0.18286566
1583233073,0.38466635,0.25324005,0.3620936
1583331605,0.16690211,0.55823064,0.27486724
1583336579,0.3901925,0.27795306,0.3318544
1583808444,0.31820557,0.3493912,0.33240318
1583962668,0.24430345,0.450059,0.30563757
1584353583,0.22443017,0.17306948,0.6025004
1584614778,0.35274604,0.51266354,0.13459043
1584755738,0.3277712,0.36970174,0.30252707
1584769560,0.7245131,0.12576918,0.14971773
1584828913,0.24608615,0.26318595,0.49072784
1585442353,0.4861871,0.28637192,0.22744094
1585563968,0.4013319,0.4405333,0.15813482
1585646412,0.3264493,0.23153469,0.44201607
1585788708,0.3558782,0.31456596,0.32955593
1585993730,0.43373415,0.26762182,0.298644
1586598952,0.4984295,0.2738803,0.22769018
1586863487,0.42274767,0.3119563,0.265296
1586944136,0.16872221,0.36501968,0.4662581
1587034462,0.7129771,0.11639492,0.170628
1587512829,0.29377332,0.11140955,0.5948171
1587855609,0.4367908,0.26891,0.29429927
1587940698,0.3334905,0.40944162,0.25706795
1589379263,0.5016139,0.14515519,0.35323092
1589543088,0.56565887,0.1261877,0.30815345
1589767457,0.35143808,0.3669481,0.28161386
1590633590,0.13334861,0.3919938,0.47465757
1591210425,0.3580291,0.31543064,0.32654026
1591251663,0.53409123,0.16358997,0.30231875
1591483485,0.11127749,0.6061546,0.2825679
1592574381,0.4734115,0.3056046,0.2209839
1592720903,0.30608433,0.24065457,0.4532612
1594144248,0.2493964,0.29832006,0.45228362
1594519552,0.3471095,0.16264994,0.49024048
1595280977,0.37962964,0.33652112,0.28384927
1595552836,0.5834809,0.1733544,0.24316469
1596027900,0.18621428,0.16724966,0.6465361
1596032728,0.09555368,0.7183336,0.18611275
1596604971,0.30914032,0.27922824,0.41163138
1596671229,0.26501995,0.35690576,0.37807444
1596862780,0.5674855,0.21663783,0.21587667
1597775889,0.500383,0.2159115,0.28370544
1599096814,0.21045403,0.57280177,0.21674427
1599297569,0.484342,0.24185467,0.27380335
1599568522,0.3376203,0.37601614,0.28636363
1599722393,0.268242,0.3978897,0.33386827
1599794379,0.35446334,0.25847065,0.38706607
1601400546,0.39850926,0.30455634,0.29693437
1602454146,0.24468736,0.45418277,0.30112985
1602570873,0.31013727,0.39454052,0.2953222
1602580450,0.670339,0.14524506,0.18441594
1602883850,0.30376506,0.27254722,0.42368773
1603000115,0.06363375,0.8250052,0.111361146
1603211318,0.41041967,0.16270652,0.42687377
1603477366,0.07376301,0.07376301,0.8524739
1603729573,0.60404074,0.17611974,0.2198395
1604031501,0.61961526,0.15066907,0.22971573
1604084168,0.17677218,0.3238825,0.49934533
1604197781,0.29711542,0.3401927,0.36269182
1605752317,0.12383925,0.027678825,0.84848195
1605822431,0.73351943,0.12059498,0.14588562
1605992008,0.36915597,0.39619187,0.23465218
1606066599,0.4568153,0.29924312,0.24394156
1606353997,0.515446,0.21288699,0.27166697
1606390545,0.41413984,0.30873317,0.277127
1607078665,0.63923204,0.14414594,0.21662202
1607649966,0.62684435,0.15200432,0.22115138
1609080132,0.3149429,0.23902538,0.44603172
1609217775,0.4588115,0.20452295,0.33666557
1609369409,0.35913005,0.34589767,0.2949723
1609425811,0.14976382,0.21761611,0.6326201
1609629198,0.2842086,0.24507105,0.47072035
1609686987,0.28000498,0.44612414,0.2738709
1609837491,0.27598912,0.33861685,0.38539404
1609990742,0.2050269,0.06969929,0.7252738
1610201143,0.20056523,0.54220307,0.25723174
1610359276,0.30078867,0.19522174,0.5039896
1610415921,0.30882683,0.41683453,0.2743386
1611328179,0.23145983,0.44408083,0.3244593
1612280218,0.17666622,0.34427398,0.47905976
1612768800,0.258851,0.41643563,0.32471347
1612816978,0.27190927,0.42865744,0.29943335
1612820294,0.34302,0.34989187,0.30708808
1613232805,0.36489198,0.19978586,0.4353221
1613824045,0.381778,0.27635285,0.3418692
1614539656,0.24687752,0.41761822,0.3355043
1615309005,0.36691496,0.32666567,0.3064193
1615483187,0.4013026,0.2990571,0.2996404
1615572819,0.17325683,0.5945939,0.23214932
1615635284,0.5445027,0.1947984,0.26069888
1615807992,0.421551,0.28678095,0.2916681
1616011673,0.226349,0.40010744,0.37354353
1616103241,0.21018292,0.5100686,0.27974844
1616461896,0.28567642,0.4141125,0.30021122
1618305495,0.38890424,0.27243385,0.3386619
1618617837,0.5208009,0.105910555,0.37328863
1619884496,0.3230462,0.3933633,0.2835905
1620267727,0.37030384,0.35485172,0.27484447
1620500632,0.23671277,0.5847346,0.17855254
1621407819,0.4245,0.26619235,0.3093076
1621688419,0.43288594,0.28364488,0.2834692
1621753560,0.31956688,0.4112337,0.2691995
1621949448,0.58448607,0.14067045,0.27484348
1622389763,0.019027635,0.9293216,0.051650673
1622395515,0.223598,0.44148812,0.33491388
1622775803,0.27101186,0.3477171,0.38127103
1623146152,0.1305865,0.16340676,0.70600677
1623170855,0.21577862,0.4398358,0.3443856
1623318114,0.30370942,0.3482764,0.34801415
1623339523,0.45997435,0.26425403,0.27577162
1624288723,0.44845316,0.26681173,0.28473517
1625903001,0.47422582,0.35842064,0.1673536
1626070850,0.35340104,0.36785918,0.27873972
1626679827,0.47508624,0.27311698,0.2517968
1626710019,0.80321026,0.066297606,0.13049214
1626939895,0.24651107,0.5139384,0.23955056
1627926960,0.29352954,0.3505106,0.35595998
1628729911,0.24422432,0.30456764,0.45120803
1629764690,0.20689398,0.4684328,0.3246732
1630527862,0.06813122,0.44769514,0.48417372
1630831872,0.4476704,0.26720518,0.2851244
1631138575,0.3322998,0.33740538,0.3302948
1631382474,0.23075572,0.55266374,0.21658045
1631567249,0.6213599,0.14426441,0.23437572
1631677815,0.3018226,0.43934083,0.2588365
1632014183,0.36618784,0.35146907,0.2823431
1632122545,0.37037864,0.35358188,0.27603945
1632858316,0.35781488,0.34626818,0.29591694
1633800504,0.23119724,0.36689728,0.40190548
1633807580,0.20048419,0.50812125,0.29139453
1633946324,0.1802093,0.47997534,0.33981535
1634078036,0.14068742,0.20759992,0.6517127
1634139642,0.25399297,0.5442985,0.20170847
1634185276,0.009603497,0.06982833,0.9205681
1634434573,0.11368221,0.6971344,0.18918343
1635306903,0.3677213,0.3845597,0.24771905
1636596824,0.09906926,0.6993881,0.20154266
1636653458,0.17909627,0.15105635,0.66984737
1637024745,0.4905434,0.23456141,0.27489522
1637776970,0.28559542,0.34392217,0.37048247
1637879229,0.2542979,0.33182383,0.4138783
1637952709,0.560507,0.1982501,0.24124295
1638422111,0.54859,0.19988059,0.25152937
1638477743,0.28818002,0.41526395,0.2965561
1639085082,0.2701502,0.44687796,0.28297183
1639237901,0.047074612,0.8345356,0.11838981
1640758507,0.3687074,0.231456,0.39983672
1642014759,0.2431632,0.49594733,0.2608894
1642035848,0.13177828,0.3429975,0.5252242
1642263146,0.3168692,0.34025425,0.3428765
1642395421,0.28033948,0.46726975,0.25239077
1642467783,0.23833229,0.21274564,0.54892206
1642681147,0.1520102,0.5169288,0.331061
1643405176,0.35099375,0.23027867,0.41872758
1643907626,0.16212131,0.6144403,0.22343841
1644699788,0.24201031,0.40952864,0.34846115
1644781606,0.26750797,0.4243169,0.30817512
1644817605,0.3402817,0.32717994,0.33253834
1645052117,0.2981667,0.3711953,0.330638
1645209852,0.20582518,0.5180643,0.2761105
1645560299,0.31579214,0.33357581,0.35063204
1646020069,0.1898538,0.3499208,0.4602253
1646822472,0.33172312,0.2848777,0.38339913
1647117594,0.57556415,0.14027084,0.284165
1647424465,0.11807306,0.64146775,0.24045925
1647708791,0.331513,0.4071705,0.26131654
1647757809,0.51500255,0.1319104,0.35308704
1648239182,0.2876671,0.4405271,0.2718058
1648422833,0.4304869,0.08386297,0.48565012
1648642740,0.17770213,0.60033566,0.22196218
1648720857,0.31006238,0.40171298,0.28822464
1649490436,0.2366548,0.50338304,0.25996208
1649703342,0.25672913,0.38318726,0.3600836
1649862792,0.31994727,0.40644097,0.27361178
1650300505,0.44094878,0.31373873,0.2453125
1650471177,0.47157624,0.270258,0.25816578
1650613449,0.19612844,0.2617106,0.5421609
1650745342,0.20421293,0.3271953,0.46859175
1650901619,0.28017735,0.2850169,0.4348057
1650902560,0.4415148,0.2643506,0.29413462
1650914041,0.2012705,0.57428133,0.22444808
1651217316,0.14624678,0.57389563,0.2798576
1651561506,0.17497902,0.6134507,0.2115703
1651690251,0.35771966,0.39411858,0.24816173
1653616188,0.5128461,0.25240326,0.23475066
1653684786,0.26944342,0.48520142,0.2453551
1653876340,0.23668411,0.4462094,0.3171065
1654427558,0.32020345,0.2784509,0.40134567
1654684700,0.26128668,0.39968163,0.3390317
1655073338,0.60822827,0.17472425,0.21704751
1655143326,0.2800229,0.23380512,0.48617196
1655790883,0.31620386,0.4061838,0.2776123
1657016881,0.4416095,0.33296564,0.2254249
1657467200,0.28708985,0.4313653,0.28154477
1657539739,0.51665485,0.2131922,0.27015293
1658504900,0.29224807,0.37749657,0.33025536
1658832957,0.61087734,0.15837838,0.23074433
1658939627,0.24368949,0.17112829,0.5851822
1658958070,0.27727142,0.27727142,0.44545722
1658967966,0.15176848,0.63994974,0.20828184
1659114265,0.1401403,0.14607264,0.713787
1659438468,0.42006737,0.3070729,0.27285966
1660208850,0.19208091,0.6847085,0.12321061
1660857258,0.43582672,0.26574343,0.29842985
1661116563,0.5626532,0.1994171,0.23792975
1661813809,0.38304073,0.32947743,0.28748187
1661843591,0.22365478,0.5174106,0.25893462
1662151765,0.17685929,0.3478564,0.47528428
1662484259,0.30980527,0.2282595,0.46193528
1662512832,0.28788048,0.17568326,0.5364362
1662521699,0.5232633,0.21220016,0.26453656
1663299496,0.35124654,0.32949317,0.31926033
1663468816,0.25302026,0.51580024,0.23117958
1663491346,0.40347522,0.3201457,0.27637908
1663538895,0.2791717,0.40331784,0.3175104
1663637561,0.25619322,0.47584084,0.26796597
1663717781,0.44403005,0.2608053,0.2951647
1664201201,0.28643316,0.32053655,0.3930303
1664322673,0.30259794,0.31205273,0.38534927
1664732760,0.5851473,0.1568826,0.25797006
1664994046,0.2948191,0.46217218,0.2430087
1665065234,0.52793735,0.23772766,0.23433495
1666139437,0.35668412,0.2825267,0.3607892
1666402895,0.6588854,0.17234574,0.16876888
1666992104,0.19975396,0.57454705,0.22569895
1667614373,0.57003504,0.047002837,0.3829622
1668507734,0.19903895,0.41148794,0.3894731
1668858113,0.25096223,0.47319603,0.2758418
1669416968,0.3758604,0.31636328,0.30777642
1669538948,0.43312818,0.2650686,0.3018033
1670070169,0.34503567,0.23115833,0.423806
1670334570,0.36049953,0.33243164,0.3070688
1670792860,0.23125726,0.4809612,0.2877816
1671246071,0.15025342,0.68481445,0.16493212
1671546542,0.22090907,0.3356297,0.44346124
1671576059,0.36237895,0.32172737,0.31589362
1671873354,0.17171255,0.5837152,0.24457228
1672347710,0.31474206,0.3854864,0.29977155
1672371508,0.12249562,0.7622255,0.11527892
1673836625,0.36471835,0.33784813,0.29743347
1673930835,0.36089417,0.36533302,0.2737728
1674271218,0.4142504,0.3879073,0.19784231
1674290386,0.18158147,0.25561658,0.56280196
1674303347,0.39889637,0.31038654,0.29071707
1674613483,0.24957699,0.2483637,0.5020594
1674870575,0.44641384,0.2202953,0.33329087
1674981451,0.30088216,0.40838405,0.29073378
1675239770,0.375344,0.32827565,0.29638037
1676497076,0.27797472,0.45244667,0.26957858
1676810362,0.24565277,0.49760813,0.2567391
1677729180,0.719865,0.12816924,0.1519658
1678266395,0.30814502,0.41176286,0.28009212
1678431547,0.42389357,0.31362724,0.26247928
1678514311,0.13987882,0.64151967,0.21860154
1678626069,0.3149359,0.4001534,0.28491077
1678905990,0.25822362,0.40719938,0.334577
1679999721,0.18194354,0.56578606,0.25227034
1680192080,0.45328224,0.23599523,0.3107225
1680516333,0.09258067,0.37772945,0.5296899
1680611137,0.2969532,0.3997985,0.3032483
1680969361,0.31424564,0.45553568,0.23021872
1681735086,0.37473643,0.38786048,0.23740315
1681814692,0.3735086,0.3130648,0.31342658
1682074721,0.3436109,0.25348634,0.40290275
1682308532,0.24667986,0.41413146,0.33918875
1682386993,0.3739007,0.3467725,0.27932683
1682833625,0.4243573,0.24942705,0.32621565
1682953571,0.28296277,0.19115171,0.5258855
1683783813,0.42090183,0.3103363,0.26876187
1683889396,0.5050542,0.21847008,0.27647576
1683947411,0.42969352,0.30594215,0.26436427
1684319103,0.7605098,0.06979677,0.16969347
1684715833,0.73108476,0.13038044,0.1385347
1684845933,0.3592849,0.25700116,0.3837139
1685030974,0.34931856,0.41129076,0.23939067
1685777887,0.40935877,0.3149827,0.2756585
1686878421,0.40270388,0.24095026,0.3563459
1687006641,0.2822584,0.19358073,0.52416086
1688657687,0.6802974,0.09305004,0.2266526
1690043841,0.33458865,0.31709617,0.3483152
1690297634,0.3333148,0.39889035,0.2677949
1690337718,0.38038364,0.27797592,0.3416404
1690844113,0.20498459,0.53365976,0.26135567
1691088739,0.26573414,0.4253076,0.30895835
1691227636,0.682436,0.09451264,0.22305146
1691229265,0.5699095,0.18233271,0.24775775
1691407828,0.3355913,0.36999848,0.29441023
1691438113,0.29071906,0.4311219,0.27815902
1692031084,0.45670044,0.23188846,0.31141105
1692058788,0.32397103,0.40863767,0.2673913
1692128230,0.38562846,0.34023562,0.27413604
1692292133,0.6437493,0.09056076,0.26569
1692439240,0.47797397,0.22248612,0.29953995
1692442552,0.39607635,0.19902855,0.4048951
1692550667,0.29019967,0.19071181,0.51908845
1692935898,0.37784928,0.36102316,0.2611276
1693898511,0.34823474,0.3184214,0.3333438
1694382325,0.46558025,0.25637597,0.27804375
1694483196,0.29873225,0.23135997,0.4699078
1694489471,0.3551914,0.29960594,0.3452026
1694665554,0.26751655,0.37923312,0.35325032
1695071938,0.23151293,0.40352777,0.36495924
1696678573,0.120874085,0.6393379,0.23978797
1697384419,0.6500182,0.103802085,0.24617968
1697607616,0.09684991,0.36972496,0.5334252
1697947520,0.30398178,0.34630144,0.34971675
1698432274,0.52718115,0.23995984,0.23285902
1698527753,0.08066217,0.7836556,0.13568221
1698763891,0.6301182,0.17685574,0.19302605
1699260348,0.6409125,0.16364338,0.19544418
1699517623,0.26516145,0.44128168,0.2935569
1699705099,0.31374434,0.35807338,0.32818222
1699833007,0.42199895,0.31236562,0.2656354
1700496488,0.46176255,0.23714568,0.30109176
1701006666,0.3552043,0.32376888,0.3210269
1701693802,0.17990075,0.59221786,0.22788143
1702012397,0.35661313,0.32570016,0.31768674
1702134344,0.20096734,0.42048603,0.37854666
1702390481,0.26542825,0.4170339,0.31753784
1702398362,0.15858221,0.38939175,0.45202604
1702505390,0.46056822,0.24323945,0.29619232
1702698069,0.19307545,0.49022242,0.31670216
1702709833,0.14971648,0.66097283,0.18931073
1702965667,0.08850492,0.02957828,0.8819168
1705236839,0.27089077,0.423278,0.30583122
1705405987,0.24134405,0.3969046,0.36175144
1705660092,0.25982207,0.34637243,0.39380553
1706168551,0.25754493,0.15120104,0.591254
1706433544,0.20078743,0.54585344,0.25335908
1708045889,0.55912733,0.15297952,0.2878931
1708191432,0.3605983,0.28494874,0.35445294
1708417335,0.07318497,0.768139,0.15867607
1708596348,0.2885331,0.4846253,0.2268416
1708728114,0.22703987,0.5530485,0.2199116
1708759667,0.23155351,0.24058332,0.52786314
1708799770,0.24786995,0.29048643,0.46164358
1709570513,0.52648973,0.2202537,0.2532566
1709609302,0.6903087,0.07719381,0.23249753
1710270763,0.6328761,0.20470878,0.16241512
1710383653,0.37833524,0.30932745,0.31233734
1710539629,0.09884898,0.7074178,0.19373326
1710773731,0.37926358,0.33619854,0.28453797
1711501045,0.28765413,0.35537198,0.3569739
1711804964,0.35778335,0.30423415,0.3379826
1712620059,0.30093768,0.41404876,0.28501356
1712648614,0.1461397,0.6309065,0.22295383
1713029428,0.3699016,0.2721418,0.3579566
1713146408,0.12621139,0.72237664,0.15141201
1713689606,0.5764764,0.16463524,0.2588883
1714033303,0.16881879,0.5997757,0.2314056
1714135789,0.19146845,0.58105814,0.22747345
1714143351,0.17984132,0.5044252,0.3157335
1714210749,0.32380968,0.3232375,0.3529529
1715351046,0.43817577,0.24304044,0.3187838
1715514321,0.6667651,0.16146763,0.17176723
1716588874,0.28942877,0.33864802,0.37192315
1716610171,0.37381557,0.29367784,0.33250654
1716765550,0.4358135,0.3315192,0.23266728
1717147012,0.43952623,0.21545132,0.34502244
1717646550,0.31061566,0.35056263,0.33882177
1717692915,0.066293925,0.16202079,0.7716854
1718495528,0.28786474,0.2911683,0.42096695
1718737773,0.3242909,0.2618219,0.41388717
1719075252,0.27588838,0.30286983,0.42124173
1720552419,0.23527376,0.22027905,0.5444471
1720693294,0.2215586,0.44903943,0.32940197
1721453938,0.18922102,0.49763414,0.31314486
1721717050,0.38701874,0.35208955,0.2608917
1721718420,0.28569773,0.33690247,0.3773998
1721981634,0.29728502,0.27557212,0.4271428
1722534903,0.2610032,0.3192844,0.41971242
1722614692,0.32986653,0.32498655,0.34514692
1723276070,0.56227267,0.19309524,0.24463212
1723518433,0.31685895,0.31688252,0.36625862
1723723756,0.1453596,0.65214723,0.20249319
1723966098,0.29711702,0.39344382,0.30943918
1724589264,0.25807115,0.35216257,0.3897663
1724700984,0.36846673,0.37780306,0.25373018
1724948921,0.6050634,0.14329478,0.2516419
1726735156,0.3177828,0.40069726,0.28151998
1727320611,0.22045344,0.49052587,0.28902072
1727642542,0.3153309,0.18378502,0.50088406
1727844644,0.31435227,0.46156213,0.22408566
1728623670,0.43603566,0.24686526,0.31709912
1728768467,0.41089702,0.3062912,0.28281173
1729373744,0.25152066,0.47430632,0.2741731
1729696277,0.20150836,0.53452945,0.26396215
1729885130,0.2938083,0.37339622,0.3327954
1729885436,0.40979126,0.16656728,0.42364147
1730050025,0.2655026,0.4018616,0.33263588
1730974193,0.056851584,0.06274086,0.88040763
1731109166,0.39448112,0.26654124,0.3389776
1731382787,0.2507848,0.448381,0.3008342
1731499471,0.33474886,0.35782072,0.30743045
1731523613,0.61890215,0.12793164,0.2531663
1731550578,0.21703468,0.42153642,0.36142895
1731576286,0.18600903,0.3007042,0.5132867
1732060126,0.29396302,0.29862693,0.40741006
1732575572,0.15513566,0.567954,0.27691036
1734324267,0.13483645,0.42172942,0.44343412
1734649525,0.48792514,0.23187567,0.2801992
1734739733,0.33385873,0.32743856,0.33870262
1735270029,0.6040595,0.097483136,0.29845738
1735436560,0.43803397,0.1484468,0.41351923
1735439387,0.29996955,0.31689736,0.38313305
1735759001,0.630794,0.21865547,0.15055059
1735934847,0.67250377,0.123081826,0.20441432
1736410915,0.7201396,0.08235872,0.19750175
1738448173,0.34398854,0.3121062,0.3439052
1738924789,0.29159296,0.44432294,0.26408413
1739189842,0.41046372,0.32541046,0.2641258
1739541010,0.20751022,0.23772866,0.5547611
1739942735,0.4105004,0.31061098,0.2788886
1739956661,0.13858934,0.55178565,0.30962503
1740237192,0.32801244,0.41271034,0.2592772
1740433539,0.31315914,0.13952206,0.54731876
1740504509,0.21050525,0.37729722,0.4121975
1740735801,0.33337477,0.38283244,0.28379276
1741120464,0.25593933,0.5077012,0.23635943
1741489359,0.2708891,0.41317242,0.31593844
1741804669,0.49778718,0.13271601,0.3694968
1742362315,0.4746672,0.2317087,0.29362407
1742701127,0.17971186,0.6079198,0.21236831
1743448511,0.36333543,0.21883902,0.41782558
1743589577,0.10231829,0.6576183,0.24006338
1744227513,0.620748,0.14304854,0.23620355
1744259434,0.2936161,0.27006826,0.43631572
1744905996,0.42643464,0.3637415,0.20982388
1745439660,0.32802403,0.24997656,0.42199942
1745457284,0.31837976,0.2802759,0.40134427
1746241766,0.25756338,0.3341811,0.4082556
1746428053,0.15319611,0.19764668,0.64915717
1746687827,0.4142567,0.32175002,0.2639933
1746812348,0.31004408,0.41832235,0.27163357
1747120057,0.13546109,0.6817442,0.18279463
1747295803,0.50668555,0.22111714,0.2721973
1747857534,0.5316737,0.20167823,0.26664802
1747959696,0.22125639,0.44993907,0.32880446
1748468456,0.74473816,0.093504585,0.16175729
1748516683,0.42694497,0.19668706,0.37636796
1748561071,0.19145896,0.3342447,0.47429642
1748620648,0.49583775,0.269913,0.23424931
1748833888,0.17545122,0.621019,0.20352976
1749573236,0.57283324,0.19802831,0.22913848
1750537063,0.33429927,0.3650668,0.30063394
1751348068,0.07315313,0.8149711,0.111875825
1751566519,0.36100048,0.3692605,0.26973915
1751569927,0.26212785,0.18891919,0.54895294
1751916943,0.26982075,0.35756645,0.3726128
1752529936,0.44484186,0.2882647,0.26689342
1753141802,0.15804769,0.34074104,0.5012113
1753297962,0.37830225,0.28064007,0.3410577
1753403727,0.35693243,0.39162982,0.2514378
1753917941,0.14759181,0.30450636,0.5479018
1754183888,0.5470704,0.25331676,0.19961289
1754210271,0.13124529,0.44318444,0.42557025
1754933836,0.30096424,0.36497104,0.33406472
1755011036,0.33821177,0.34093916,0.32084912
1755147195,0.5054094,0.2702489,0.22434168
1755918975,0.56296414,0.19679889,0.24023695
1756390721,0.31815535,0.3981637,0.283681
1756604914,0.09017273,0.55424035,0.355587
1756778091,0.37514293,0.40183863,0.22301842
1757111307,0.41440123,0.31235978,0.27323902
1757407802,0.19622995,0.28263953,0.52113056
1758459469,0.3027623,0.4043845,0.29285324
1758650147,0.40723178,0.29124752,0.30152068
1759724196,0.4307811,0.2883207,0.28089827
1759750393,0.3647981,0.27838016,0.35682175
1759940412,0.37406564,0.34381816,0.2821161
1760222829,0.3637279,0.3420528,0.2942193
1761047446,0.4827818,0.20451428,0.31270394
1761076283,0.41681346,0.30420682,0.27897975
1761306249,0.23295169,0.4653102,0.30173814
1761325511,0.2580374,0.4864386,0.2555241
1761841445,0.38547876,0.29602528,0.31849584
1761988485,0.22243859,0.2903554,0.48720595
1762750447,0.30777383,0.33424014,0.35798606
1762791831,0.3167825,0.38589373,0.2973238
1763145514,0.39162266,0.11556928,0.49280804
1763273725,0.3949944,0.28717268,0.3178328
1763984560,0.12970309,0.6751909,0.19510597
1764626265,0.22547558,0.5501422,0.22438222
1764925675,0.4214233,0.3350992,0.24347751
1764959940,0.27517,0.3678028,0.35702717
1765178402,0.39210153,0.2456704,0.36222804
1765541774,0.2758084,0.41556838,0.3086232
1765676415,0.3138924,0.40178627,0.28432137
1765816286,0.2618145,0.47976682,0.25841868
1766329459,0.22426361,0.28765208,0.48808435
1766622653,0.40698865,0.33366036,0.259351
1766747709,0.30711415,0.39576203,0.29712382
1767691323,0.24367075,0.4896929,0.2666364
1768121582,0.15505683,0.46632734,0.3786158
1768498319,0.46085107,0.19331448,0.34583443
1768781611,0.36051178,0.26295716,0.3765311
1769890857,0.2791656,0.42307383,0.29776058
1770394150,0.18763193,0.2120382,0.6003299
1770599782,0.25320905,0.42499834,0.32179263
1770686376,0.47689736,0.25689143,0.26621118
1770732040,0.44780478,0.236847,0.31534815
1770830248,0.47393975,0.2573304,0.2687298
1772054066,0.7919733,0.036066037,0.17196071
1772141099,0.5117384,0.24908009,0.23918146
1772649140,0.23487513,0.5080112,0.25711367
1773696782,0.29796433,0.41263318,0.2894025
1774865901,0.22725482,0.44876227,0.32398292
1775093196,0.43390688,0.25205114,0.31404203
1775176720,0.3262871,0.3590774,0.31463546
1775324218,0.17663193,0.5681751,0.25519305
1775632894,0.50165635,0.22482996,0.27351367
1776034380,0.558058,0.19439828,0.24754372
1776038744,0.3520578,0.34017974,0.30776238
1776998452,0.63407046,0.09957561,0.2663539
1777452724,0.2226129,0.37090012,0.40648702
1777466675,0.04132449,0.73724604,0.22142954
1778090574,0.3198671,0.3726811,0.3074518
1778202741,0.3150877,0.28847715,0.39643517
1778290929,0.22529389,0.5357182,0.23898785
1778696047,0.37677854,0.24893083,0.3742906
1779042082,0.11673286,0.72754043,0.15572667
1779382445,0.110845454,0.566164,0.32299057
1779485822,0.3613147,0.35247576,0.28620952
1779502048,0.42410663,0.28116044,0.29473293
1779735910,0.4571083,0.29580134,0.24709037
1780000603,0.18086123,0.27580693,0.5433318
1780336094,0.41588545,0.32536557,0.25874898
1780546093,0.058878325,0.8303332,0.11078859
1781742865,0.3332097,0.39785615,0.26893413
1781762949,0.39082962,0.34335116,0.26581925
1781785953,0.2384236,0.52315986,0.23841648
1781948936,0.1331174,0.36316893,0.50371367
1782320050,0.19486365,0.5764235,0.22871284
1782528878,0.14857456,0.2166102,0.6348152
1782794369,0.17630987,0.47610995,0.34758016
1783367579,0.31558642,0.40831557,0.276098
1784536927,0.29970512,0.42242372,0.27787116
1785015198,0.42255583,0.28582093,0.29162326
1785134603,0.3469641,0.22685215,0.4261837
1785715127,0.4567411,0.22339973,0.31985927
1786826925,0.4814584,0.235674,0.28286764
1786903872,0.8131423,0.06343194,0.12342583
1787030325,0.404164,0.3575137,0.23832233
1787529666,0.42065957,0.2944322,0.2849082
1787896345,0.7383094,0.08484522,0.17684545
1788543444,0.30740622,0.31176624,0.38082758
1788856010,0.18217008,0.22136962,0.59646034
1788985330,0.17432821,0.18327692,0.64239484
1789417039,0.32856968,0.21414332,0.457287
1789739929,0.34489614,0.37907013,0.2760337
1789937313,0.35612795,0.28572536,0.35814667
1790581941,0.28671905,0.3307185,0.38256246
1790585521,0.22229257,0.5050438,0.27266365
1790656233,0.2754552,0.40057656,0.3239684
1790753051,0.28038463,0.22761501,0.4920004
1790952639,0.14388885,0.6871964,0.1689148
1791430266,0.2866675,0.42653063,0.28680187
1791581065,0.09061559,0.6231881,0.28619635
1791629751,0.20876683,0.2676485,0.52358466
1792205628,0.4289231,0.29527608,0.27580094
1792362496,0.115853384,0.725022,0.1591246
1792566723,0.46351165,0.27627635,0.260212
1792892946,0.2813553,0.20917276,0.5094719
1793470403,0.22086677,0.23440996,0.54472333
1794190781,0.34787542,0.30995125,0.34217337
1794512480,0.72455007,0.12785959,0.14759041
1794840909,0.24625604,0.22984241,0.5239016
1795139469,0.3843859,0.33899134,0.2766227
1795379566,0.16505256,0.5679429,0.26700443
1795760643,0.69662195,0.12516318,0.17821483
1796055199,0.48590022,0.15024081,0.36385897
1796071606,0.7950047,0.060597014,0.14439826
1796087940,0.34392273,0.3310569,0.32502034
1796305712,0.31345925,0.41126359,0.2752771
1796352365,0.40585282,0.33325362,0.26089364
1796435372,0.43053412,0.32902718,0.24043868
1796728916,0.28408247,0.30613708,0.40978047
1796899195,0.2773187,0.2653374,0.4573439
1797178188,0.22795078,0.4132552,0.35879397
1797297309,0.33554682,0.3937463,0.27070692
1798067323,0.43501598,0.28489226,0.28009176
1799456013,0.37811875,0.32995552,0.29192576
1800240206,0.15439425,0.33948335,0.5061224
1800297641,0.1855608,0.3216936,0.4927456
1800720725,0.33290982,0.2586708,0.40841937
1800833974,0.2549552,0.40083838,0.3442064
1800841843,0.6444537,0.07356639,0.28197992
1801284664,0.282697,0.4986068,0.21869618
1801580711,0.5242896,0.2669683,0.20874213
1801663771,0.20271076,0.30245474,0.49483448
1801721906,0.22373784,0.23345809,0.54280406
1801840402,0.2793222,0.22648562,0.494192
1802076456,0.58168495,0.15824743,0.2600676
1802409890,0.43572557,0.28399935,0.28027505
1802855908,0.2463244,0.40655327,0.34712234
1802997966,0.07848851,0.72116935,0.20034215
1803065593,0.14402476,0.6837222,0.17225304
1803290940,0.5407271,0.17714182,0.28213114
1804828115,0.19613752,0.2299199,0.57394266
1804860296,0.39766726,0.25681913,0.34551364
1805042728,0.20343472,0.57367337,0.22289194
1805131958,0.22028813,0.5442617,0.2354502
1805833364,0.30491474,0.33730817,0.3577771
1806083326,0.23471138,0.49078223,0.27450636
1806237233,0.37058765,0.34975785,0.27965447
1806862610,0.15764378,0.4603415,0.3820147
1806971820,0.31100023,0.3717493,0.3172505
1807130483,0.14711373,0.51023704,0.34264922
1807215640,0.51429623,0.21989675,0.26580703
1807813287,0.523509,0.21552914,0.26096183
1807968496,0.3762288,0.3468383,0.2769328
1808485242,0.396567,0.2574263,0.3460067
1808797234,0.30089274,0.42202652,0.27708068
1809270813,0.63393927,0.17537707,0.19068368
1809662805,0.3450438,0.33369663,0.32125953
1810473971,0.26432768,0.375898,0.35977432
1810703122,0.52436864,0.21119809,0.26443326
1811071982,0.3784957,0.16365403,0.45785034
1811388293,0.29552707,0.335984,0.36848903
1811474229,0.276141,0.44762215,0.27623692
1811936123,0.43166077,0.19864374,0.36969548
1811947290,0.3509556,0.37137738,0.277667
1812398186,0.4813857,0.24989079,0.26872352
1813115352,0.047811884,0.8139576,0.13823059
1813582710,0.46191037,0.29345334,0.24463633
1813718061,0.24607207,0.4553511,0.29857683
1813809654,0.35133225,0.3189163,0.3297515
1813816869,0.6264614,0.19761586,0.17592269
1813836497,0.19384602,0.5200452,0.28610876
1815451789,0.20599051,0.40171283,0.3922966
1816584649,0.4784733,0.27475062,0.24677609
1816643488,0.39762622,0.33491626,0.2674576
1817013612,0.30279598,0.3317291,0.36547488
1817539108,0.55415004,0.1960745,0.24977545
1818825106,0.3560362,0.35269186,0.29127198
1819567564,0.34663817,0.42612934,0.22723247
1819851832,0.30475613,0.1607952,0.5344486
1820739925,0.5478721,0.24312599,0.20900187
1821281539,0.119226076,0.6757012,0.20507278
1821700297,0.4018584,0.34760252,0.25053918
1822211120,0.25841415,0.44263723,0.29894856
1822850619,0.5926413,0.18887506,0.21848361
1822864735,0.28857565,0.32865927,0.38276505
1822983353,0.3605143,0.29960546,0.33988017
1823014755,0.26065433,0.45842114,0.28092447
1823667954,0.5126941,0.23963013,0.24767575
1823873064,0.28845492,0.413412,0.29813316
1823914891,0.31661564,0.32482815,0.3585562
1825057336,0.27891856,0.36068732,0.3603942
1825573723,0.34633926,0.4019458,0.25171494
1825687496,0.31847268,0.36760002,0.31392732
1826732985,0.619866,0.042555265,0.3375787
1827251317,0.47347033,0.26847008,0.25805956
1827285897,0.55841625,0.019983368,0.4216003
1827360732,0.33255696,0.2657726,0.4016705
1827665332,0.56126505,0.17673185,0.2620031
1827845182,0.34085822,0.21917367,0.43996817
1827943181,0.095851816,0.28484857,0.6192996
1828507348,0.30804077,0.41996798,0.27199122
1828581507,0.3218596,0.2750701,0.40307027
1828585893,0.33689904,0.40305778,0.26004317
1828694169,0.39552042,0.32865787,0.27582178
1829054007,0.48106116,0.30379713,0.21514179
1829808842,0.45009437,0.286098,0.26380762
1829822741,0.579949,0.21110347,0.20894752
1829840565,0.10318513,0.7442048,0.1526101
1829988438,0.7078366,0.13503808,0.15712531
1830146880,0.28213573,0.4391522,0.27871203
1830477180,0.53390396,0.23228192,0.23381409
1830864824,0.32407615,0.3995741,0.2763498
1831796549,0.1653732,0.5366126,0.29801422
1831907244,0.34416145,0.29678237,0.35905617
1832023830,0.3809488,0.38770276,0.23134844
1832492483,0.48177597,0.18718189,0.33104217
1832804844,0.36679754,0.33254218,0.30066025
1832824111,0.3874854,0.3638124,0.24870224
1832846757,0.49448726,0.24552605,0.25998667
1833564551,0.39104816,0.3921553,0.21679662
1833829202,0.2894201,0.40128595,0.309294
1833960999,0.34714025,0.2905302,0.36232948
1834096075,0.2461592,0.22369884,0.530142
1834796822,0.26310128,0.4801746,0.25672415
1834807649,0.2944348,0.40897334,0.29659185
1835715112,0.35574675,0.3584719,0.28578138
1835741436,0.2741343,0.26694646,0.4589192
1836201341,0.2994999,0.4734311,0.22706899
1836363755,0.36295304,0.34738797,0.289659
1836596070,0.60428023,0.22678836,0.16893138
1837092571,0.3238915,0.28833058,0.38777792
1837141587,0.53475785,0.22383294,0.24140917
1837584553,0.3110941,0.4024829,0.28642306
1837620295,0.26459852,0.37818053,0.35722095
1839047520,0.168458,0.57614994,0.2553921
1839338508,0.5980451,0.1108381,0.2911168
1839422469,0.8065764,0.06966692,0.12375674
1839449269,0.72824013,0.10797672,0.16378324
1839615695,0.36856407,0.317449,0.31398684
1840493005,0.20070566,0.5648955,0.23439887
1841199008,0.7298001,0.08022377,0.18997608
1841518517,0.2626547,0.50719786,0.23014744
1841723997,0.34391972,0.32851833,0.327562
1841875995,0.7457982,0.09096236,0.16323948
1842156771,0.4284332,0.2701541,0.30141273
1842984376,0.29029956,0.2916958,0.41800457
1843261156,0.4782398,0.20398687,0.31777334
1843583855,0.35871902,0.2619102,0.37937084
1843691306,0.31534475,0.3847342,0.29992104
1844291078,0.64390373,0.10634758,0.24974875
1845135893,0.46840504,0.16794473,0.36365023
1845335325,0.4556906,0.21153213,0.33277726
1845345903,0.31559682,0.3230776,0.36132562
1845683110,0.23781066,0.36526382,0.39692554
1845725696,0.3991157,0.32327068,0.27761373
1846989780,0.48213243,0.23261456,0.28525305
1847034527,0.17224593,0.3974887,0.4302654
1847516760,0.30417606,0.31892812,0.3768959
1848264509,0.18089616,0.6124513,0.20665249
1849427356,0.42700684,0.27766666,0.29532653
1849837736,0.3816678,0.22705033,0.39128184
1849952474,0.36550078,0.41865078,0.21584842
1851024124,0.08723149,0.7456594,0.16710909
1851049254,0.2227883,0.31266105,0.46455064
1851496710,0.4272027,0.2683227,0.3044746
1851643301,0.18104279,0.60314405,0.21581319
1852121395,0.350093,0.64875245,0.001154596
1852162355,0.4331626,0.30972078,0.25711665
1852413391,0.41214445,0.25875252,0.3291031
1853206553,0.37682876,0.3366723,0.2864989
1853346918,0.30253795,0.47468838,0.22277372
1853362225,0.2816819,0.4109871,0.307331
1853404473,0.2155762,0.48608834,0.29833543
1853630375,0.18815652,0.57678866,0.23505476
1854086934,0.30481866,0.23887597,0.45630535
1854220883,0.46184173,0.27191466,0.2662436
1854519594,0.30986533,0.4416475,0.24848713
1855117526,0.5854933,0.09841439,0.31609222
1855494156,0.23716272,0.52205855,0.24077871
1855624316,0.42950732,0.23801962,0.332473
1855678949,0.2726304,0.4534667,0.27390286
1855896814,0.2867576,0.35486388,0.3583786
1856123730,0.22373962,0.18322161,0.59303886
1856505296,0.39584157,0.119282804,0.48487565
1857059153,0.36143926,0.35693613,0.28162462
1857328541,0.45879236,0.24552478,0.2956829
1857331373,0.3366105,0.37636557,0.287024
1857590949,0.25632793,0.4669749,0.2766972
1858007505,0.085738495,0.735965,0.17829655
1858426600,0.40601963,0.28842777,0.30555257
1858656320,0.16734283,0.54434365,0.28831354
1858965249,0.3257498,0.4217324,0.25251776
1859328894,0.24844234,0.336317,0.4152408
1859975804,0.31216818,0.47419032,0.21364152
1860381578,0.40467545,0.2883389,0.30698568
1860415021,0.22157265,0.22157265,0.55685467
1860675301,0.37801334,0.33069453,0.29129213
1860831060,0.3642602,0.35028508,0.28545472
1861032798,0.091143124,0.091143124,0.81771374
1861223819,0.38177204,0.32939893,0.28882903
1862110732,0.48455596,0.30383644,0.21160755
1862173971,0.25261515,0.34538826,0.40199655
1862219676,0.4202792,0.3061548,0.27356598
1862730226,0.3157289,0.46329874,0.2209723
1863118818,0.061545495,0.6998515,0.23860298
1864098639,0.293784,0.43292344,0.27329257
1864169962,0.37222892,0.29876778,0.32900333
1864355532,0.1641426,0.6675422,0.16831529
1864590426,0.44176635,0.26509425,0.29313934
1865383897,0.28827018,0.3929992,0.3187306
1865782479,0.20203945,0.5168416,0.281119
1866319154,0.33357602,0.38191408,0.28451
1866609926,0.7346362,0.10421048,0.16115335
1866987081,0.38560694,0.36279088,0.25160217
1867262281,0.2831813,0.30475992,0.4120588
1867473365,0.27789077,0.4374992,0.28461
1867732683,0.26010767,0.45639244,0.28349987
1868011795,0.19199985,0.61370367,0.19429639
1868266979,0.09933849,0.7396029,0.1610586
1868322237,0.4213931,0.28922912,0.2893778
1869847477,0.35691416,0.33282745,0.31025836
1871774147,0.16958982,0.5605983,0.26981184
1872039285,0.28288874,0.5011368,0.21597447
1872391170,0.25243285,0.3180017,0.4295655
1872821386,0.48157263,0.19622116,0.3222062
1873432245,0.5492822,0.16808884,0.28262892
1873716888,0.15246266,0.19727154,0.65026575
1873738179,0.3531139,0.34192112,0.30496493
1874266091,0.24751046,0.38209686,0.37039268
1875715082,0.25112128,0.43634894,0.31252974
1875767721,0.12987857,0.35198796,0.5181334
1876061811,0.84961045,0.033995878,0.11639364
1876260647,0.4116021,0.18975909,0.39863887
1877207884,0.35273913,0.3136253,0.33363554
1877790521,0.28662983,0.35380194,0.3595683
1878814595,0.46214315,0.28421244,0.25364432
1880246459,0.22078526,0.53093404,0.24828067
1880340213,0.35247138,0.27454093,0.37298763
1881200007,0.4657189,0.25146028,0.28282085
1881792593,0.24900392,0.5062366,0.24475949
1882508709,0.22388068,0.37700215,0.3991172
1882999466,0.26858,0.45646635,0.27495366
1883072453,0.44587797,0.20433034,0.34979165
1883162937,0.25893092,0.42139965,0.3196694
1883873185,0.41098946,0.27595413,0.31305638
1884208805,0.20739633,0.46636412,0.32623962
1884555756,0.18208912,0.65880644,0.1591045
1885142871,0.14053093,0.65617514,0.20329392
1886010380,0.36738864,0.344891,0.28772038
1886605007,0.35152623,0.2932506,0.35522315
1886833793,0.6466391,0.1513033,0.20205764
1887499173,0.2965409,0.43251175,0.27094743
1887809448,0.4627489,0.24983361,0.28741753
1888166782,0.46239266,0.1434674,0.39414
1888375478,0.33361834,0.36048618,0.30589545
1888644453,0.16811876,0.57603973,0.2558415
1889326009,0.40813845,0.15992823,0.43193337
1889659827,0.37909746,0.29754683,0.3233557
1889699298,0.44202915,0.28856215,0.26940873
1889730829,0.79249966,0.08813909,0.11936131
1890127572,0.5442764,0.20841362,0.24730991
1890535693,0.5718376,0.16256931,0.26559305
1891093934,0.30855545,0.23283264,0.458612
1891461456,0.4743551,0.29571515,0.22992973
1891702442,0.055696107,0.8591493,0.085154615
1891807875,0.28912908,0.40165198,0.30921903
1892321714,0.71068203,0.12560964,0.16370831
1892449409,0.48963326,0.22306316,0.28730354
1892739887,0.18314978,0.38599408,0.4308561
1893704725,0.23049487,0.40113482,0.36837035
1893906195,0.15211865,0.23853931,0.60934204
1894547992,0.20160303,0.4665743,0.33182263
1894587819,0.0343963,0.04189633,0.9237074
1894800271,0.30438846,0.39778784,0.29782376
1894858590,0.34167325,0.37724012,0.28108662
1896050177,0.3665813,0.30248034,0.33093834
1896832005,0.2776914,0.40703416,0.3152744
1897082135,0.24275972,0.5145205,0.24271972
1897700982,0.32703146,0.30932355,0.36364502
1898559280,0.5048106,0.25641382,0.23877561
1899073583,0.5078968,0.23769365,0.25440955
1899128543,0.35515666,0.34081262,0.3040307
1899471176,0.44585118,0.28301415,0.2711347
1899757089,0.10708312,0.6145073,0.2784096
1899823463,0.34404024,0.34732026,0.30863947
1899922296,0.5973559,0.03145865,0.37118554
1900115977,0.27422678,0.30193236,0.4238408
1900423745,0.30664816,0.43889114,0.25446075
1901023205,0.28659943,0.47953334,0.23386726
1901252551,0.17664553,0.40312746,0.420227
1901377630,0.26972166,0.46626973,0.2640086
1901996237,0.36378625,0.22014162,0.41607222
1902098227,0.35691297,0.3448591,0.2982279
1902104199,0.6497336,0.16450725,0.18575916
1902712371,0.4695301,0.2780148,0.2524551
1903638916,0.4149806,0.3324107,0.25260878
1903781583,0.3278546,0.40642336,0.26572204
1904079396,0.21470387,0.21470387,0.5705923
1904467349,0.23678707,0.54467356,0.21853933
1905699048,0.37750483,0.35218275,0.2703124
1905888865,0.19262272,0.22018927,0.58718795
1906324450,0.34192407,0.3266537,0.3314223
1906780683,0.15449949,0.26072118,0.5847793
1906887234,0.21655548,0.34230065,0.4411439
1907564520,0.3731774,0.3054369,0.32138574
1908362872,0.15016696,0.47012123,0.37971184
1908902888,0.13638063,0.69801366,0.16560575
1908935400,0.26654154,0.39163142,0.34182706
1909150615,0.1532141,0.31160498,0.5351809
1909190325,0.26877126,0.4735171,0.2577117
1909297628,0.48288015,0.24919805,0.26792186
1909535068,0.25848603,0.17496786,0.56654614
1909882241,0.3832916,0.28913406,0.32757437
1910666481,0.4539078,0.29342884,0.2526634
1911823527,0.28622246,0.364359,0.34941855
1911933902,0.21872048,0.46467635,0.31660318
1912221484,0.35387877,0.2813821,0.36473912
1912275586,0.26055297,0.3596207,0.3798263
1913369636,0.26842076,0.45025513,0.28132412
1913458756,0.1415682,0.6378528,0.22057903
1914504972,0.4128999,0.24258369,0.3445164
1914746569,0.15903081,0.6402227,0.20074646
1915265286,0.16982584,0.17656088,0.6536133
1915329322,0.2747067,0.44964468,0.27564868
1915874676,0.4931161,0.20550649,0.30137736
1916164838,0.44073993,0.24374719,0.31551293
1916529111,0.2049437,0.5014361,0.2936202
1917616706,0.23409483,0.4609304,0.30497476
1917620047,0.2996039,0.41592458,0.28447148
1918079053,0.38196048,0.2392672,0.37877232
1918438745,0.24952231,0.4788254,0.2716523
1918511171,0.63452005,0.15796076,0.2075193
1919020478,0.9083356,0.008751972,0.08291238
1919860036,0.38245085,0.2497302,0.36781898
1919884998,0.14891021,0.7233331,0.12775669
1920228588,0.2836364,0.46111664,0.25524694
1921012689,0.34664425,0.33929718,0.31405854
1921416746,0.23737969,0.23737969,0.52524054
1921923157,0.4222095,0.3356288,0.24216168
1921987772,0.22693111,0.38581395,0.38725492
1922102849,0.32842776,0.40786394,0.26370832
1922271299,0.37737668,0.2760212,0.34660205
1923454666,0.26296902,0.16600469,0.57102627
1924343155,0.38244894,0.3018333,0.31571776
1924572705,0.29365176,0.4281141,0.27823412
1924619920,0.22516762,0.5204428,0.2543896
1925350258,0.5190769,0.2273963,0.2535268
1925463520,0.38254228,0.24330944,0.3741483
1925888214,0.28476223,0.38690844,0.32832932
1925960747,0.37103269,0.28411487,0.3448524
1926438109,0.20532286,0.2565804,0.5380967
1926504166,0.72192305,0.058333486,0.21974355
1926966126,0.38945112,0.2773176,0.3332313
1927358770,0.1834338,0.47439647,0.34216976
1927468545,0.3259858,0.32409912,0.34991506
1927600529,0.4773085,0.21545759,0.30723396
1927672278,0.35949352,0.3418278,0.29867864
1928551624,0.41062307,0.51644236,0.07293452
1928907430,0.2559213,0.18407571,0.5600029
1928963087,0.43126813,0.31718862,0.2515433
1929359410,0.45592636,0.24622436,0.29784933
1929832872,0.49658123,0.26319763,0.2402212
1929848629,0.38354325,0.35927555,0.25718114
1929901663,0.29267547,0.39819485,0.30912971
1929909317,0.33735102,0.3218393,0.3408096
1930675773,0.47450128,0.20162494,0.3238738
1931305930,0.42777425,0.25175837,0.32046738
1931371645,0.37386042,0.32728848,0.2988511
1931642465,0.42900664,0.2967688,0.27422452
1931845641,0.22046873,0.5542926,0.2252387
1933261490,0.23094729,0.4989949,0.27005777
1933305475,0.4879183,0.24360183,0.26847985
1933492350,0.3456308,0.3394094,0.31495982
1933708856,0.20717798,0.5570561,0.23576589
1933865603,0.34007102,0.3202618,0.33966714
1934002630,0.37239572,0.2731516,0.3544526
1934182076,0.1905398,0.6548488,0.1546114
1934266460,0.2793543,0.3969016,0.32374412
1934725709,0.25238854,0.43703547,0.31057593
1935774515,0.22281644,0.52374256,0.25344098
1935871825,0.5595574,0.16025206,0.28019065
1936486922,0.73053324,0.09015437,0.17931244
1937006257,0.3584771,0.35218728,0.28933558
1937094363,0.2770925,0.31558436,0.4073231
1937209721,0.3454758,0.31537232,0.33915186
1937785831,0.33820876,0.3581756,0.30361572
1939324211,0.18275881,0.38412288,0.43311834
1939462930,0.32546017,0.36788714,0.30665267
1939767009,0.15116236,0.6456092,0.2032286
1939850026,0.1862893,0.5386059,0.2751048
1940479063,0.54104835,0.20301554,0.25593612
1940815712,0.50066113,0.26479653,0.23454233
1940976797,0.3438141,0.40068325,0.25550267
1941301348,0.33188894,0.2772705,0.39084047
1941942822,0.30036852,0.44145522,0.25817627
1942386136,0.32458788,0.24075414,0.43465802
1943447306,0.27056056,0.2969979,0.43244156
1943852121,0.5362913,0.20380382,0.25990483
1944827397,0.346821,0.3957355,0.25744343
1945127333,0.3465943,0.35547748,0.2979282
1945216570,0.53739804,0.20197812,0.26062384
1945297482,0.3198199,0.17862093,0.50155914
1945305751,0.45577207,0.21376705,0.33046085
1945707768,0.15863845,0.546213,0.29514858
1946593026,0.41203892,0.31254768,0.27541336
1946865603,0.36604673,0.2776404,0.35631293
1947404406,0.31601122,0.33447465,0.3495142
1947607959,0.23827103,0.4493545,0.31237453
1947670186,0.29884857,0.25029385,0.45085755
1947689771,0.24184732,0.4734285,0.28472424
1947824752,0.38224712,0.34041744,0.27733546
1948070459,0.23842508,0.48242342,0.27915156
1948255326,0.22067203,0.5323188,0.24700923
1949028697,0.47680405,0.25599635,0.2671996
1949195065,0.2303647,0.32524624,0.44438905
1949310222,0.608461,0.1705927,0.22094633
1949718491,0.35668528,0.37257499,0.27073976
1950588393,0.18670788,0.33455375,0.47873843
1950759538,0.52426773,0.21278241,0.26294985
1950837105,0.3062111,0.33541435,0.35837454
1953292467,0.35428733,0.38386127,0.26185143
1953559498,0.11581041,0.70914966,0.1750399
1953561355,0.11633066,0.65470785,0.22896147
1953633987,0.41068345,0.33796477,0.25135177
1954121554,0.17289218,0.6689952,0.1581126
1954210594,0.36890352,0.32192215,0.30917433
1954462532,0.36837953,0.40007827,0.23154223
1954599413,0.19092244,0.5460372,0.26304036
1954734350,0.33404982,0.095472,0.57047814
1955413169,0.15538923,0.36582777,0.47878307
1955907406,0.20004457,0.33471423,0.46524113
1956128667,0.29694784,0.21759795,0.48545432
1956419338,0.4222825,0.26076612,0.3169514
1957000742,0.3012098,0.26728076,0.43150946
1957077076,0.23364072,0.4427996,0.3235597
1957162227,0.29257417,0.3392682,0.36815768
1957493761,0.56604135,0.24330871,0.19064991
1959549447,0.17745751,0.58680195,0.23574048
1959878363,0.64263934,0.12824075,0.22911997
1960230502,0.20878866,0.10772411,0.68348724
1960260006,0.26473254,0.44136813,0.2938992
1960390821,0.2598257,0.49500644,0.24516776
1960849386,0.2891927,0.4117898,0.2990175
1961450503,0.43620715,0.24970412,0.3140888
1961591045,0.3607759,0.30666512,0.33255896
1961657825,0.33051577,0.32829273,0.34119156
1962727587,0.31845286,0.28677794,0.39476916
1963127892,0.38954386,0.35284182,0.2576143
1963365257,0.447503,0.29451567,0.2579814
1964215541,0.31940684,0.3248949,0.35569823
1965577387,0.28665718,0.22877412,0.48456874
1965950816,0.021527492,0.8931572,0.085315384
1966055446,0.5217556,0.20436625,0.2738782
1966205635,0.31593573,0.35422313,0.3298411
1966611026,0.2980761,0.09854195,0.603382
1966831742,0.30498642,0.3355409,0.35947278
1967008886,0.42496088,0.24082999,0.33420917
1967122077,0.35290918,0.31490457,0.3321862
1967385089,0.29196882,0.4463675,0.26166365
1967460318,0.3678123,0.35776687,0.27442095
1967801244,0.46400374,0.24754499,0.28845125
1968425889,0.4843312,0.17915411,0.33651468
1968860668,0.30901852,0.42135936,0.26962215
1969163012,0.27470067,0.33643737,0.38886198
1969196102,0.31265968,0.41072384,0.27661654
1969744622,0.41541907,0.2981831,0.2863979
1970027403,0.3315231,0.39082393,0.27765304
1970457647,0.4053798,0.3215339,0.27308622
1970504429,0.2765338,0.3634092,0.3600571
1971025509,0.29843852,0.44871268,0.25284883
1971670453,0.15467423,0.6220624,0.22326335
1972167622,0.3127514,0.3150433,0.37220532
1972223096,0.4433221,0.24813919,0.30853876
1973153879,0.31203833,0.3511752,0.33678657
1973238065,0.17819253,0.5201459,0.30166155
1973551416,0.12957676,0.6837474,0.18667588
1974196122,0.449755,0.31323168,0.23701322
1974240102,0.5030732,0.14217013,0.3547567
1975083187,0.36747435,0.364689,0.26783672
1975433988,0.36003494,0.3624571,0.27750796
1975468963,0.19698463,0.5365674,0.266448
1975639013,0.2573804,0.47494885,0.26767072
1976543150,0.49553603,0.24311306,0.26135093
1977069580,0.27519777,0.43867138,0.28613085
1977400117,0.15208957,0.6057415,0.24216892
1977496836,0.051524185,0.75235724,0.19611856
1978501254,0.5479948,0.20277676,0.24922845
1978569140,0.3587539,0.28120938,0.36003676
1979643324,0.35943475,0.32371184,0.3168534
1979720137,0.2155252,0.27767375,0.50680107
1980052267,0.7193759,0.12300421,0.15761988
1980433876,0.3220863,0.3559826,0.32193112
1980468450,0.4200557,0.3341732,0.24577108
1980982031,0.32612336,0.43858472,0.23529194
1981522422,0.26616448,0.30023307,0.43360245
1981553122,0.22759098,0.47142413,0.30098486
1981636538,0.16456339,0.5780658,0.25737086
1982561311,0.20418411,0.54631054,0.24950543
1982818485,0.38248757,0.332622,0.2848904
1982951658,0.23432706,0.50902116,0.2566518
1983045885,0.26203942,0.13017496,0.6077856
1983367696,0.42325175,0.33881485,0.2379334
1983384701,0.57336074,0.092018135,0.3346212
1983628927,0.40377086,0.34482047,0.25140873
1984234280,0.15610641,0.6115466,0.23234695
1984627040,0.34308967,0.24427527,0.41263506
1984828935,0.296453,0.44169015,0.26185688
1984939791,0.38137186,0.29475027,0.32387793
1985390889,0.2217905,0.28490213,0.49330735
1985800342,0.30091992,0.24105161,0.45802858
1986619761,0.44412857,0.34196207,0.21390936
1986918436,0.3197125,0.45831054,0.22197698
1986986318,0.26153335,0.30359453,0.43487215
1987650741,0.821675,0.07077919,0.10754584
1987973500,0.2465018,0.45369703,0.29980123
1988222234,0.29285416,0.43019864,0.2769472
1988441187,0.45648238,0.13819678,0.4053209
1989040254,0.76992595,0.08099961,0.14907454
1989183758,0.20668943,0.18507609,0.60823447
1989325522,0.5910069,0.18891674,0.22007634
1989326123,0.13551968,0.68877596,0.17570437
1989333144,0.28492168,0.45866835,0.25641006
1989983690,0.060763773,0.7393767,0.1998595
1991641887,0.5171076,0.18453522,0.29835713
1991707666,0.17248626,0.26659808,0.5609157
1991776671,0.25321767,0.47570908,0.27107325
1991868649,0.3579335,0.35008436,0.2919822
1992103532,0.10745961,0.414189,0.4783514
1992881385,0.5169812,0.23368943,0.2493294
1992893755,0.42506468,0.08848892,0.48644638
1993240930,0.18055777,0.6346762,0.184766
1993364677,0.27788857,0.40745547,0.31465596
1993985814,0.21314918,0.46634224,0.3205085
1994290511,0.48271355,0.2559447,0.26134175
1994311035,0.46440598,0.29001436,0.24557963
1995076849,0.39565092,0.25354832,0.35080078
1995374640,0.2571613,0.44302884,0.29980984
1996016764,0.36037022,0.36129576,0.27833405
1996511383,0.37971276,0.34155613,0.27873108
1996844545,0.2575866,0.4817416,0.26067176
1997016599,0.46201316,0.22360772,0.31437916
1997069435,0.27360943,0.4281735,0.2982171
1998234756,0.5041028,0.2716557,0.22424145
1998986023,0.28199893,0.4573734,0.2606277
1999878908,0.6825134,0.11704867,0.20043792
2000675971,0.2956112,0.34947824,0.3549105
2000906946,0.41851336,0.29149082,0.28999582
2001031114,0.43243182,0.3228166,0.2447516
2001395405,0.12836291,0.4709951,0.40064207
2001582756,0.30493492,0.32321694,0.3718481
2001625501,0.5781687,0.10970111,0.31213018
2001789554,0.27175346,0.48409143,0.24415514
2002330049,0.52569944,0.24960205,0.22469851
2002349787,0.30174863,0.41130328,0.28694806
2002798719,0.369792,0.33051032,0.29969776
2003229420,0.2813356,0.26192158,0.45674282
2003234083,0.8249149,0.04470525,0.13037981
2003438451,0.50042117,0.2632211,0.23635776
2003618030,0.21783394,0.3281819,0.45398417
2004107214,0.12785402,0.53272843,0.33941755
2004598889,0.5184207,0.17456676,0.30701253
2004824754,0.3321845,0.34240684,0.32540858
2006149797,0.22810087,0.46957296,0.30232617
2006264958,0.42311153,0.33231056,0.24457793
2006600665,0.4454174,0.32561725,0.22896539
2007385774,0.22808842,0.32658377,0.44532782
2007745930,0.29085705,0.41670606,0.2924369
2008905081,0.3969522,0.31238693,0.29066092
2009005763,0.35348955,0.37037635,0.2761342
2009006679,0.39193118,0.3504198,0.25764897
2009443908,0.5060279,0.27452198,0.21945006
2009615307,0.3943715,0.27111202,0.33451647
2009766910,0.20326838,0.40284774,0.3938839
2010038162,0.3193587,0.3799335,0.3007078
2010082041,0.22655827,0.39469087,0.37875083
2010395394,0.46165538,0.23905556,0.29928908
2010420309,0.40390858,0.3140416,0.2820498
2010536086,0.3324027,0.35788953,0.30970773
2011267686,0.49486616,0.27076283,0.23437105
2011509086,0.26952696,0.45569944,0.27477366
2011791573,0.20626944,0.45411858,0.33961198
2012568120,0.34666657,0.34359795,0.30973542
2012741083,0.24143778,0.43084997,0.32771224
2012901422,0.16238886,0.1408607,0.69675034
2013334601,0.18456914,0.60858697,0.2068439
2013653507,0.32869515,0.39346895,0.27783585
2013679260,0.28167397,0.44324923,0.2750768
2013958883,0.14419489,0.17215145,0.68365365
2014957584,0.2653172,0.25390837,0.4807745
2015093375,0.3292509,0.354154,0.3165951
2015355824,0.24506302,0.23469615,0.52024084
2015357481,0.7678407,0.057195902,0.17496347
2015508638,0.30485162,0.32279047,0.37235788
2016142964,0.38179728,0.30996072,0.30824202
2016180794,0.4668844,0.14845318,0.3846625
2016616419,0.29332983,0.4302911,0.27637908
2016879128,0.4819798,0.15642793,0.36159223
2017743748,0.28424808,0.18668465,0.5290673
2017790601,0.40454802,0.27823347,0.31721854
2019463228,0.40611762,0.31558093,0.27830154
2020010623,0.4565999,0.24931014,0.29408994
2020426195,0.3044099,0.36751235,0.3280778
2020614042,0.31088206,0.37647766,0.31264034
2020655674,0.24202092,0.17195262,0.58602643
2020860095,0.39089748,0.41396186,0.19514064
2021120992,0.33171082,0.37573755,0.29255158
2021291768,0.4473953,0.25211376,0.30049095
2021673257,0.34484875,0.42633438,0.22881685
2021953804,0.5066335,0.28894562,0.2044208
2022368912,0.2889786,0.3151135,0.395908
2022911993,0.33973017,0.362739,0.2975308
2023111211,0.44566438,0.29769477,0.2566409
2023159103,0.4717553,0.2734658,0.2547789
2023677478,0.5338751,0.21019039,0.25593445
2024308268,0.484595,0.23102982,0.2843752
2024320022,0.21524492,0.18719162,0.5975634
2024507596,0.5430078,0.14043905,0.31655315
2025808592,0.13413459,0.5652864,0.30057898
2025871361,0.2791158,0.4124537,0.30843052
2026262418,0.4259181,0.31319764,0.26088434
2026561247,0.54418296,0.23055252,0.22526452
2026795544,0.23916078,0.39820412,0.36263508
2026935252,0.4441855,0.27236056,0.28345394
2027203300,0.35098362,0.22440618,0.42461023
2027346970,0.26557013,0.1107853,0.6236446
2028053374,0.06571585,0.29945096,0.6348332
2028215884,0.32794008,0.3827869,0.28927293
2028871902,0.08755439,0.02168152,0.8907642
2029152141,0.45216987,0.26919505,0.27863503
2030179258,0.16674578,0.2857112,0.547543
2031293798,0.34901607,0.35430527,0.29667866
2031447538,0.1885246,0.22486745,0.5866079
2031568051,0.5421435,0.26507348,0.19278303
2031931391,0.44553038,0.064280145,0.49018946
2032176673,0.60785913,0.07457577,0.31756505
2032593737,0.36876047,0.20316823,0.42807135
2032978315,0.25358924,0.20749459,0.5389161
2033280305,0.5946234,0.06274003,0.34263656
2033487953,0.32328257,0.36606348,0.31065398
2033562043,0.32527027,0.40180942,0.27292028
2033852652,0.43520004,0.20510411,0.3596958
2034007454,0.37694916,0.3652741,0.2577767
2034284843,0.20474781,0.4569368,0.3383154
2034625513,0.26881436,0.40529567,0.32589
2034728186,0.6914563,0.13434815,0.17419551
2035397330,0.30749536,0.40925813,0.28324652
2036193113,0.4789267,0.328829,0.19224438
2036277459,0.15176305,0.6610842,0.18715276
2036443660,0.32046333,0.2796812,0.39985546
2036585943,0.44204292,0.27820995,0.2797471
2036806849,0.298236,0.44089714,0.2608669
2036914119,0.65855765,0.10195297,0.23948936
2036956013,0.48576078,0.26297596,0.25126323
2037110108,0.3722104,0.43825385,0.18953583
2038038270,0.46539864,0.21510495,0.31949642
2038518686,0.79099786,0.06162935,0.14737281
2038638847,0.3294861,0.4093807,0.26113322
2040426478,0.24006395,0.32044947,0.43948665
2040440700,0.38089946,0.2971777,0.32192287
2041084212,0.35947567,0.19085574,0.44966862
2041572258,0.5699166,0.12602846,0.30405492
2042363832,0.3926757,0.3118145,0.29550987
2043614323,0.29021713,0.43210015,0.2776827
2044127167,0.26579595,0.3815519,0.35265222
2044783052,0.6388296,0.10610626,0.2550641
2044880521,0.3273681,0.47716895,0.19546297
2044888694,0.5626447,0.17129397,0.26606128
2044934250,0.15458703,0.29028076,0.55513215
2044995128,0.47227904,0.27504,0.25268096
2045374258,0.38953593,0.27844003,0.3320241
2045838531,0.013035109,0.7328225,0.25414246
2045900242,0.29999363,0.2628334,0.437173
2046072545,0.77090806,0.06893781,0.16015409
2046389166,0.4171286,0.31076133,0.27211004
2046843534,0.3536839,0.32928237,0.31703383
2046930754,0.25432804,0.46272686,0.28294513
2047102532,0.49690908,0.1866533,0.31643757
2047379906,0.33183026,0.2234095,0.44476026
2047428779,0.27445358,0.45421997,0.27132645
2047579569,0.36966473,0.32137874,0.30895653
2047988109,0.3989265,0.31374988,0.2873237
2048184040,0.38895503,0.3094845,0.3015605
2048500498,0.19501121,0.37302408,0.43196476
2049112430,0.37194592,0.32103458,0.3070194
2049384464,0.40200856,0.30044514,0.29754633
2049484830,0.10026669,0.04024791,0.85948545
2049645541,0.42000976,0.28977054,0.29021972
2050136071,0.413227,0.23235618,0.35441685
2050265878,0.2850405,0.53308004,0.18187952
2050377917,0.15270196,0.6308449,0.21645312
2051238205,0.20514607,0.5902762,0.20457768
2051777202,0.38665706,0.31649864,0.29684433
2052020036,0.33396664,0.1707062,0.49532717
2052050594,0.41560137,0.29681924,0.28757936
2052218032,0.22017883,0.56601703,0.21380417
2052824400,0.18022764,0.38499102,0.43478134
2052994074,0.16993068,0.08692588,0.74314344
2053889727,0.15330018,0.40946075,0.43723905
2054130724,0.48848188,0.124119945,0.38739824
2054182870,0.30673623,0.27253848,0.42072532
2054234432,0.39248154,0.17330359,0.43421495
2054389663,0.41605666,0.18709823,0.39684516
2054947892,0.22492889,0.5341653,0.24090576
2055031233,0.30388102,0.2957913,0.40032774
2055100785,0.5215805,0.15633906,0.3220804
2055520293,0.15060815,0.5320149,0.31737697
2056432444,0.43345094,0.27131453,0.29523444
2056857853,0.37847757,0.3166097,0.3049127
2057094525,0.34389257,0.26265803,0.3934494
2057097866,0.28263628,0.4517876,0.26557612
2057208360,0.4819773,0.29726928,0.22075343
2057222617,0.3644434,0.33044833,0.30510825
2057365513,0.22137648,0.47556147,0.30306208
2057434995,0.18505421,0.40458792,0.4103578
2058358489,0.227279,0.2587283,0.5139927
2058733250,0.48739347,0.2285808,0.28402576
2058740544,0.20805028,0.54407084,0.24787892
2058885236,0.36371726,0.30972758,0.32655525
2059685460,0.18628854,0.58729184,0.22641957
2060443395,0.20479237,0.52686024,0.2683474
2060909779,0.38651767,0.27080315,0.34267905
2061724674,0.12959287,0.6976033,0.1728038
2061780499,0.5859773,0.18968661,0.22433606
2061845207,0.0432884,0.81400037,0.14271127
2062610750,0.12007506,0.71393675,0.16598819
2063000478,0.54406935,0.21863157,0.23729911
2063092557,0.22367577,0.51547253,0.26085174
2064389224,0.45052183,0.24150583,0.3079723
2064560023,0.6883823,0.10006325,0.21155444
2064792774,0.41830084,0.27990428,0.3017949
2065022932,0.16936754,0.58266443,0.24796803
2065800836,0.3764341,0.26768884,0.35587716
2067680611,0.40789238,0.36214915,0.22995846
2067859800,0.3156994,0.38632637,0.29797417
2068043137,0.13765898,0.60193896,0.26040208
2068779106,0.424931,0.29208025,0.28298873
2068818744,0.2927092,0.34824842,0.35904238
2069473632,0.312726,0.31059986,0.37667418
2069608827,0.24148548,0.47253063,0.28598386
2069849101,0.57340854,0.20023422,0.2263572
2070046352,0.47147793,0.25336218,0.27515993
2070252376,0.36766288,0.3615493,0.27078778
2070417057,0.37816635,0.2789891,0.3428446
2070844052,0.26763746,0.4779716,0.25439087
2072165557,0.8387426,0.07165705,0.089600384
2073446197,0.4071221,0.23552515,0.35735282
2073732903,0.33074877,0.39616048,0.27309078
2073971002,0.74484223,0.10206822,0.15308954
2073995764,0.2327253,0.5380724,0.2292023
2074907566,0.24579844,0.13586001,0.6183415
2075123756,0.07346484,0.44168368,0.48485148
2075288928,0.28039545,0.35094067,0.36866385
2075522086,0.30491802,0.3931016,0.30198038
2075790142,0.4489167,0.26778007,0.2833032
2076275906,0.5316061,0.11360597,0.35478806
2076430770,0.35933107,0.20389913,0.43676984
2076737017,0.28385484,0.2921155,0.42402974
2077274914,0.42334005,0.18682732,0.38983268
2077588865,0.5347538,0.20670927,0.2585369
2077801436,0.37239954,0.27704442,0.35055602
2078732029,0.25401375,0.49778652,0.24819978
2078811322,0.3643991,0.3150067,0.3205942
2078867342,0.35933834,0.35535038,0.28531128
2078873336,0.25360888,0.4488401,0.29755107
2078986687,0.39031327,0.34445274,0.26523405
2079272098,0.3848538,0.2586175,0.35652867
2079884536,0.2024728,0.4989064,0.2986208
2080517570,0.33089405,0.34728086,0.32182512
2080520502,0.33866155,0.41210064,0.24923782
2081021688,0.45901775,0.24474116,0.2962411
2081074809,0.5034663,0.22013842,0.2763953
2081662142,0.37333828,0.23792978,0.38873196
2082627633,0.47976726,0.29313058,0.22710216
2082819753,0.33152133,0.36870617,0.2997724
2083495095,0.30792606,0.43723124,0.25484264
2083592807,0.3958506,0.3112261,0.29292327
2084682204,0.47954547,0.2597384,0.26071623
2084708866,0.2691457,0.47038716,0.2604671
2085446324,0.60777,0.14715904,0.24507093
2086527610,0.43760917,0.273329,0.2890619
2086618353,0.21845646,0.20659006,0.5749535
2086680459,0.38628918,0.27707228,0.33663857
2087306648,0.5254409,0.1584133,0.31614584
2087957533,0.47145808,0.21824881,0.31029308
2088182009,0.5776637,0.20710075,0.21523562
2088648267,0.2507278,0.506193,0.24307927
2089855027,0.4023198,0.2715523,0.32612786
2090210501,0.25501508,0.40666935,0.3383156
2090312577,0.31296104,0.3884485,0.2985904
2090602867,0.10079853,0.6891046,0.21009685
2091178653,0.26511732,0.34912324,0.3857594
2091581141,0.4707548,0.19167767,0.3375675
2091682069,0.458197,0.25331587,0.2884871
2092193048,0.32521874,0.3100748,0.3647065
2092344019,0.39225364,0.30631298,0.3014334
2092628403,0.055999625,0.7339927,0.2100077
2092967842,0.41032052,0.26525483,0.3244247
2093253743,0.36023006,0.31746787,0.32230207
2093317457,0.17722914,0.2881018,0.53466904
2093470875,0.29838222,0.42855164,0.27306616
2093695830,0.42133954,0.33217525,0.24648514
2094058551,0.23411846,0.5568673,0.20901425
2094588499,0.30298272,0.36577204,0.33124518
2094589713,0.2038129,0.2564943,0.53969276
2094796323,0.37940013,0.31322002,0.3073799
2094837437,0.5894797,0.25461003,0.15591033
2094888241,0.37920997,0.16584739,0.4549426
2095033554,0.22831565,0.27683246,0.49485198
2095258757,0.2221147,0.45947993,0.31840542
2095526493,0.19456,0.6196317,0.18580833
2095751400,0.28633097,0.4453945,0.26827455
2095932584,0.2044528,0.5051113,0.29043588
2096579881,0.4406081,0.15384328,0.40554863
2096853916,0.31715876,0.28287682,0.39996445
2097155731,0.36263773,0.32425213,0.31311017
2097307529,0.49823734,0.27478865,0.22697406
2097584469,0.37488884,0.22705457,0.39805663
2097611791,0.40259957,0.3145953,0.28280511
2098492616,0.28459033,0.4352234,0.28018633
2098587659,0.47336528,0.096150026,0.43048468
2099273467,0.30800316,0.29510376,0.39689308
2099871418,0.43288618,0.13734646,0.4297674
2099874638,0.40682265,0.30817446,0.28500298
2100446973,0.34173942,0.4610671,0.19719344
2100462042,0.22670512,0.369639,0.40365583
2100787710,0.44786733,0.22243401,0.32969865
2101154796,0.19068004,0.3131497,0.49617025
2101751297,0.40805024,0.31624985,0.27569982
2101839739,0.18894115,0.58340204,0.22765686
2102222790,0.56917375,0.11926605,0.31156018
2102316019,0.71517384,0.071262866,0.21356335
2102898283,0.33560416,0.33042216,0.3339737
2102982207,0.4456329,0.28600255,0.2683645
2103324373,0.16334647,0.30655333,0.53010017
2104116336,0.43612525,0.07572705,0.4881477
2104161126,0.19929671,0.54141766,0.25928563
2104732620,0.72316885,0.06908615,0.20774499
2104972927,0.25569674,0.30182737,0.4424759
2104974142,0.3823643,0.2722635,0.34537217
2104983081,0.52656484,0.23065495,0.24278024
2105521679,0.46164832,0.26464432,0.27370742
2105984817,0.3563794,0.34054956,0.3030711
2106310582,0.37768582,0.3301629,0.2921513
2106920056,0.51271886,0.20704883,0.2802323
2107601446,0.2831069,0.34284556,0.3740475
2107741644,0.48399127,0.2282345,0.28777424
2108005840,0.25765687,0.19374767,0.5485955
2108165987,0.39278832,0.32257742,0.28463426
2108216061,0.18268202,0.5666442,0.2506738
2108273608,0.5198634,0.22168058,0.25845602
2109107899,0.335681,0.3071743,0.35714474
2109434388,0.145421,0.6220543,0.23252475
2109684784,0.3551718,0.24846473,0.3963634
2110328874,0.35227782,0.43999526,0.20772694
2110413895,0.13857189,0.688299,0.1731291
2110464869,0.48022777,0.2638938,0.25587842
2111224349,0.15050776,0.36775112,0.48174116
2111400508,0.19044255,0.5561858,0.25337166
2111846834,0.33037803,0.30411646,0.3655055
2112089240,0.3625708,0.3035966,0.3338326
2112616497,0.4586781,0.28338304,0.25793895
2112979135,0.43722543,0.2636672,0.2991074
2113467123,0.3611229,0.33621633,0.30266073
2113779647,0.36110634,0.35044557,0.2884481
2113923549,0.32703373,0.35755432,0.315412
2113949784,0.34415388,0.36938533,0.28646082
2114853919,0.1542405,0.37697786,0.46878162
2114934258,0.32307667,0.26421338,0.41270998
2115035759,0.22266714,0.55205405,0.2252788
2115139264,0.17260961,0.42532897,0.40206137
2116142512,0.07578723,0.7645745,0.15963829
2116248840,0.37037703,0.30137584,0.3282471
2116651931,0.40231395,0.26508737,0.33259863
2116814139,0.32213476,0.365913,0.3119522
2117066093,0.4099428,0.1990566,0.39100063
2117763695,0.62286973,0.12585478,0.25127545
2117856847,0.23113738,0.4738084,0.2950542
2117987427,0.3606781,0.2657563,0.3735656
2120023937,0.1558517,0.4222022,0.42194608
2120161598,0.5134566,0.23626201,0.2502814
2120476261,0.38623512,0.3348318,0.27893305
2120498893,0.34456226,0.396846,0.25859168
2120623173,0.32488245,0.3457691,0.32934847
2120861410,0.34696072,0.34187433,0.3111649
2121152127,0.41049364,0.29541862,0.29408777
2121290752,0.17862736,0.3308403,0.49053237
2121387230,0.331068,0.37292418,0.2960078
2121394367,0.3496723,0.3731952,0.27713254
2121429147,0.35725757,0.37313843,0.2696039
2121863348,0.28579777,0.29520023,0.41900197
2122057499,0.23454596,0.4394413,0.32601282
2122284002,0.8082429,0.053663827,0.13809325
2122385024,0.34402803,0.24924497,0.40672696
2122598664,0.3171251,0.36641687,0.31645808
2122719862,0.25001612,0.40026665,0.34971723
2123359792,0.25666338,0.47802037,0.26531628
2123513898,0.22956985,0.4067612,0.36366895
2123557632,0.49486837,0.20645703,0.2986746
2123622109,0.45187223,0.23187786,0.3162499
2123747483,0.3834623,0.1404283,0.47610942
2124321851,0.072184086,0.79317963,0.1346363
2124354613,0.2674443,0.48248678,0.25006884
2124680829,0.56583464,0.19687416,0.23729125
2124871972,0.24493295,0.4844781,0.27058893
2125669148,0.26216865,0.32163957,0.41619176
2126625982,0.24263203,0.27374762,0.48362035
2126795629,0.16199213,0.6389144,0.19909343
2127112198,0.33420908,0.21294741,0.4528435
2127385542,0.26614663,0.39435145,0.33950198
2127994961,0.14687991,0.61425924,0.23886083
2128561286,0.22336261,0.43754292,0.33909452
2129033940,0.35752216,0.34527785,0.29720002
2129540840,0.45843402,0.2642783,0.27728766
2129919954,0.4172835,0.2868116,0.2959049
2130366503,0.1522102,0.5265192,0.32127067
2130495925,0.06315659,0.7600473,0.17679608
2130544337,0.19288738,0.4851066,0.32200593
2130753431,0.256621,0.5139546,0.22942439
2130880509,0.34707555,0.26375312,0.38917136
2132502282,0.5126074,0.22100474,0.26638788
2132931739,0.26877826,0.46889007,0.26233163
2133339598,0.15271787,0.5586418,0.28864023
2134384877,0.77836204,0.13184072,0.08979726
2134424933,0.40403113,0.33095402,0.26501486
2134961827,0.61112607,0.10709709,0.28177685
2134971002,0.19551508,0.5424561,0.26202875
2135357266,0.34100574,0.09893122,0.560063
2135599804,0.29875112,0.37298495,0.3282639
2135881043,0.44639108,0.2593314,0.29427752
2136065231,0.3440333,0.3778071,0.27815956
2136661291,0.15701751,0.12018702,0.7227955
2136931687,0.20532095,0.32178834,0.4728907
2137050823,0.3651487,0.2440769,0.3907744
2137141665,0.34644282,0.42512688,0.22843032
2137202001,0.91643065,0.018390143,0.065179266
2138116871,0.415391,0.32696724,0.25764176
2138751611,0.39587313,0.33201268,0.27211416
2139230311,0.14530912,0.3150837,0.5396072
2141798217,0.5199506,0.21857356,0.2614759
2142171033,0.46592894,0.2874534,0.24661776
2143747095,0.3178498,0.2938004,0.38834974
2146147893,0.56444216,0.22005257,0.21550526
2146424298,0.35063618,0.346677,0.3026868
2146444710,0.11958075,0.7500044,0.13041478
2146509257,0.370333,0.22995402,0.39971304
2147000643,0.28796345,0.46209562,0.24994096
2147003276,0.36060944,0.18366699,0.4557236
2147119279,0.22003736,0.48022512,0.29973754
2147245864,0.17348582,0.5860036,0.24051055
2147374695,0.35454047,0.35047096,0.29498857
2147587070,0.34119835,0.2887949,0.37000668
2148187042,0.20713533,0.47702855,0.31583613
2148211672,0.37508073,0.33748147,0.2874379
2148351368,0.21275021,0.4723213,0.3149285
2148542644,0.5028941,0.18339558,0.3137103
2148564974,0.83745563,0.077386364,0.085158005
2148573269,0.47359577,0.15905128,0.36735293
2148736883,0.26874223,0.4552331,0.27602473
2148751174,0.2189998,0.54556584,0.2354343
2149066326,0.39680502,0.2946194,0.3085756
2149766159,0.40230483,0.24565795,0.3520373
2150960812,0.33325422,0.3838993,0.28284645
2151549168,0.1910438,0.3665153,0.4424409
2152083412,0.17174791,0.3226717,0.50558037
2153284044,0.36799067,0.13738567,0.49462363
2153377515,0.34339908,0.3725992,0.28400168
2153434858,0.18622065,0.17776255,0.6360168
2153726005,0.41067517,0.2656055,0.32371932
2154206532,0.11693741,0.63276684,0.2502957
2154265137,0.38923207,0.31180498,0.29896298
2155493782,0.3480833,0.33106923,0.3208474
2155752666,0.28579915,0.428131,0.2860698
2155878726,0.2683264,0.36819193,0.36348164
2155899997,0.27299008,0.43755585,0.28945398
2155961175,0.5055212,0.20103966,0.29343912
2156451291,0.35747257,0.34694064,0.29558676
2156681417,0.2532454,0.3622323,0.38452226
2156687860,0.2671189,0.41028473,0.32259628
2157221841,0.46012908,0.27407494,0.26579604
2157450175,0.239931,0.28992563,0.47014335
2157635699,0.37104416,0.22299571,0.40596014
2157767944,0.36570114,0.4082801,0.22601883
2158426505,0.25780705,0.5188821,0.22331089
2158495825,0.31886324,0.3430056,0.33813113
2158693353,0.3647219,0.31746906,0.317809
2159408200,0.23358598,0.2844153,0.48199865
2159434272,0.41310167,0.31663108,0.27026728
2160631588,0.32962716,0.25883415,0.41153875
2160766017,0.41515055,0.34540525,0.23944418
2160960469,0.5177913,0.23301242,0.24919628
2161381046,0.20212352,0.5190984,0.27877814
2161407935,0.24290262,0.4204136,0.3366838
2161623416,0.21116807,0.47538066,0.3134513
2161693751,0.40836707,0.35370636,0.23792657
2161695712,0.4467111,0.24449924,0.3087897
2162154196,0.31438902,0.37486458,0.3107464
2162379049,0.47758147,0.14319888,0.3792197
2162774322,0.015851883,0.6891135,0.29503462
2163041061,0.14710054,0.6520659,0.2008336
2163153718,0.5418092,0.21178429,0.24640654
2163323544,0.21228969,0.4876766,0.3000337
2163535296,0.027750498,0.72156554,0.250684
2163806104,0.26055583,0.45632386,0.28312033
2164068360,0.27692673,0.42694846,0.29612482
2164161501,0.78077537,0.0832302,0.13599442
2164380389,0.3444219,0.3427454,0.31283262
2164610527,0.40892377,0.26778373,0.3232925
2164717971,0.26620638,0.41679075,0.31700286
2164785122,0.11987761,0.64803046,0.23209198
2165491159,0.48564297,0.15394934,0.36040777
2166547924,0.27413675,0.41273957,0.3131236
2166643978,0.27161196,0.44653568,0.28185242
2167113703,0.32891557,0.26758397,0.4035005
2167186281,0.25662982,0.28782094,0.45554918
2168402547,0.4195497,0.33505434,0.2453959
2168635886,0.5671498,0.19088502,0.24196513
2168860861,0.33602723,0.40788445,0.25608826
2168990125,0.17789452,0.14564231,0.67646325
2168990417,0.28348333,0.26286212,0.45365453
2169186049,0.29969132,0.36518833,0.3351203
2169507256,0.28675553,0.36332193,0.34992242
2169827235,0.24690993,0.47633925,0.27675083
2170079397,0.100248925,0.61507875,0.28467232
2170245455,0.24512492,0.48908105,0.265794
2172902073,0.3826237,0.5633481,0.054028228
2172965443,0.5831682,0.18751279,0.22931902
2173044583,0.42038947,0.23056534,0.3490452
2173573785,0.27218214,0.31311673,0.4147012
2174334713,0.87951535,0.01129951,0.109185144
2175375181,0.28170294,0.4855504,0.23274662
2175375762,0.41924602,0.27138248,0.30937156
2175379345,0.17186706,0.50469214,0.32344082
2175708246,0.4422152,0.09649335,0.4612914
2176380779,0.6463243,0.16110505,0.1925707
2177317908,0.117420755,0.09762149,0.7849577
2177762036,0.16873215,0.67847383,0.15279406
2177809918,0.47979128,0.25702634,0.2631824
2178431864,0.56947213,0.19764873,0.23287916
2178485799,0.28831384,0.40044978,0.31123632
2178565224,0.08629007,0.76652795,0.14718203
2179924052,0.86607677,0.048031982,0.08589129
2182051823,0.272049,0.5372076,0.1907434
2182078263,0.7455594,0.07968848,0.17475218
2182110236,0.2408212,0.24464224,0.51453656
2182429336,0.2663959,0.2949037,0.43870038
2183263550,0.13565646,0.24567126,0.6186724
2185127442,0.43161324,0.2754343,0.29295242
2185542123,0.1314437,0.44937378,0.4191825
2185584067,0.28920174,0.623996,0.08680232
2186053015,0.2747868,0.42640516,0.29880804
2186149237,0.41572222,0.30618915,0.27808875
2188341121,0.19562256,0.56917953,0.23519799
2188450245,0.46611726,0.2748164,0.25906634
2189914806,0.3614901,0.18379651,0.45471346
2190064907,0.39245647,0.26295206,0.34459144
2190111601,0.35950735,0.32448006,0.31601265
2191399937,0.16918314,0.63508314,0.19573373
2191429188,0.38348383,0.20827538,0.40824082
2191491585,0.38898006,0.34348935,0.2675306
2191894314,0.27072677,0.15981635,0.5694569
2191957212,0.4652483,0.26344857,0.27130312
2192049636,0.27411544,0.21753462,0.50834996
2192401569,0.59947544,0.18156116,0.2189634
2192631617,0.29872704,0.42062017,0.28065285
2192854784,0.4078204,0.22818588,0.3639938
2193134213,0.21519864,0.42337462,0.36142674
2193186555,0.40396765,0.32015902,0.2758733
2194273168,0.29115084,0.449023,0.25982618
2194989287,0.2865878,0.45988196,0.25353014
2195309341,0.43381324,0.25607893,0.31010783
2195549176,0.42011246,0.2724969,0.3073906
2195908317,0.4229467,0.29025865,0.2867947
2196533346,0.24747515,0.47667316,0.27585173
2196534261,0.25228143,0.44876385,0.2989547
2197350417,0.43044826,0.2436637,0.32588804
2197806429,0.3696509,0.31591964,0.31442952
2198041181,0.14420716,0.6098139,0.24597886
2198060696,0.5791091,0.13125761,0.28963333
2198300335,0.5637935,0.20413083,0.23207569
2199418965,0.44678593,0.28220966,0.2710045
2199753353,0.33953235,0.34467146,0.3157962
2200109639,0.370534,0.39706656,0.2323995
2200129080,0.13177948,0.2960312,0.57218933
2200367117,0.56929266,0.18825208,0.24245521
2200760287,0.3632032,0.37019077,0.26660603
2200762727,0.3310338,0.14938243,0.51958376
2201194221,0.2465334,0.43667206,0.31679463
2201250092,0.23162022,0.51459336,0.25378639
2201316187,0.32192636,0.36053255,0.3175412
2201893143,0.35222325,0.2501603,0.39761645
2201956014,0.18417482,0.4605527,0.35527244
2202060353,0.27010018,0.38602003,0.34387985
2202204229,0.39400864,0.29060167,0.3153897
2202718964,0.4726763,0.2295314,0.29779232
2203090053,0.3734707,0.18886496,0.43766436
2203583853,0.20272005,0.20778714,0.5894928
2203608675,0.47902492,0.21090132,0.31007373
2203646211,0.12958911,0.24385494,0.626556
2204018165,0.23455854,0.58669853,0.17874295
2204101284,0.24039724,0.47026607,0.28933674
2204420123,0.3421603,0.36934328,0.28849652
2204538178,0.2569186,0.24929097,0.4937904
2204581489,0.33592656,0.37281385,0.29125953
2204675804,0.25900474,0.443194,0.29780132
2205344811,0.5176858,0.25146383,0.23085043
2205594062,0.43276292,0.29253468,0.2747023
2205960906,0.3311883,0.3379012,0.33091053
2206016293,0.5306662,0.27043965,0.19889417
2206060258,0.261543,0.39103743,0.34741956
2206179541,0.40967056,0.31359938,0.27673003
2206848073,0.37116474,0.28896058,0.33987466
2207290725,0.17414227,0.4421874,0.38367033
2207937288,0.2725149,0.48969832,0.23778681
2208707505,0.4041524,0.30251276,0.29333484
2208914287,0.2961342,0.38855958,0.31530622
2209719060,0.11459631,0.6923157,0.19308805
2210574810,0.29790878,0.45088542,0.25120583
2210608891,0.2951417,0.25724682,0.44761142
2211652723,0.65564156,0.13831088,0.2060475
2211796773,0.2940337,0.39461064,0.31135562
2212009414,0.6104131,0.16410238,0.22548456
2212097877,0.44207978,0.21085039,0.3470698
2212461482,0.44520414,0.30561718,0.2491787
2212658035,0.42881498,0.27064958,0.3005355
2212661087,0.6361102,0.09705758,0.26683223
2212872210,0.3674394,0.21754827,0.41501242
2212973568,0.36776334,0.32682654,0.3054101
2213074554,0.09902026,0.46066996,0.44030973
2213880157,0.2723355,0.46751267,0.2601518
2214006330,0.2767406,0.3318567,0.39140272
2214604939,0.18604532,0.1816129,0.63234186
2215107396,0.48998094,0.19315375,0.31686535
2215238716,0.3499585,0.37217963,0.27786183
2215623769,0.46710178,0.27587312,0.25702518
2215995886,0.30858272,0.31386045,0.37755677
2216199211,0.41541448,0.31358957,0.27099594
2216317974,0.2342241,0.22339174,0.5423842
2216971698,0.3553218,0.32916793,0.3155102
2217545993,0.36832055,0.36855286,0.2631266
2217612204,0.27231848,0.4178838,0.30979764
2217838490,0.6820245,0.12817565,0.18979989
2218509531,0.3498716,0.4208457,0.22928274
2219251002,0.33563584,0.3728874,0.29147676
2219444654,0.14248605,0.66118467,0.19632936
2219551261,0.21482566,0.18984345,0.59533083
2219972472,0.29305488,0.42930093,0.27764416
2221060427,0.33850917,0.26088533,0.4006055
2221105889,0.1734125,0.17663343,0.6499541
2221454885,0.5135017,0.17785284,0.30864552
2222389267,0.48689407,0.2003725,0.31273347
2222466737,0.10384663,0.686397,0.20975637
2222739893,0.32041112,0.40363747,0.27595142
2222782509,0.3999884,0.3567751,0.24323653
2223112778,0.24318025,0.47808722,0.27873254
2223303260,0.2775728,0.38286,0.3395672
2223354909,0.2598418,0.4314428,0.30871543
2223844577,0.3481792,0.3442511,0.30756977
2224874719,0.07031451,0.7200775,0.20960805
2225148928,0.3163522,0.44346002,0.24018781
2225227814,0.20541146,0.40956873,0.3850198
2225865785,0.37575185,0.32759044,0.29665765
2227154808,0.1866724,0.5335485,0.27977914
2227466042,0.5049843,0.15093642,0.34407923
2228027394,0.31693542,0.41251805,0.27054653
2228486960,0.31875595,0.34330085,0.3379432
2228868747,0.23679797,0.43304482,0.33015722
2229524639,0.43870634,0.21486782,0.34642583
2229767665,0.08641652,0.64409417,0.2694893
2229856446,0.2830009,0.5051774,0.21182169
2230769990,0.23675886,0.4854596,0.2777816
2231026419,0.4921932,0.15763424,0.35017252
2231208872,0.1074663,0.7347604,0.15777336
2231950417,0.30337134,0.29022917,0.40639955
2231988758,0.40800422,0.31429234,0.27770343
2232557865,0.21032004,0.5623059,0.22737408
2232800183,0.48281285,0.2773691,0.23981799
2232963307,0.3992966,0.13053359,0.47016984
2233375801,0.24515851,0.5236958,0.23114564
2233450339,0.2850068,0.40188226,0.31311098
2233457260,0.17293638,0.52048427,0.3065794
2233691314,0.123251095,0.5820834,0.29466558
2233860446,0.25988302,0.31579897,0.42431796
2235176510,0.4023911,0.3238798,0.27372915
2235325730,0.6772628,0.09527824,0.227459
2235511720,0.1802628,0.42350814,0.39622906
2236397330,0.22613904,0.27115116,0.5027098
2236497842,0.38298017,0.28318086,0.333839
2236775275,0.6369747,0.17937039,0.18365496
2237200309,0.017494973,0.92137116,0.06113387
2237388584,0.41997078,0.2601009,0.31992835
2237519634,0.7257871,0.117734894,0.15647805
2237563625,0.15356763,0.5062281,0.34020427
2237694013,0.4803279,0.2632599,0.25641218
2237923086,0.41306967,0.27276888,0.31416142
2238159024,0.56587094,0.08527077,0.34885824
2238501337,0.21058014,0.5289078,0.26051214
2238671025,0.22409855,0.24028896,0.53561246
2238781862,0.28681314,0.3371831,0.37600377
2238801046,0.33753374,0.23011032,0.43235597
2239199732,0.396623,0.28708208,0.3162949
2239516792,0.30904806,0.26891115,0.4220408
2240081835,0.2992399,0.31673458,0.38402554
2240530224,0.31815886,0.37474227,0.30709887
2241653935,0.5239355,0.21385927,0.26220515
2242878159,0.39813203,0.27912778,0.3227402
2243324832,0.3081799,0.42844436,0.2633757
2243778670,0.4716538,0.23544405,0.29290214
2243867576,0.26440573,0.14310214,0.59249204
2244141058,0.4335316,0.26376483,0.3027036
2244383597,0.66633606,0.11575173,0.21791221
2244486422,0.46442437,0.20509325,0.33048233
2244984752,0.4001156,0.25120088,0.34868345
2246159672,0.32018328,0.34705418,0.33276248
2246364871,0.31886056,0.35957497,0.32156444
2246786388,0.12614991,0.3577272,0.5161229
2246980479,0.23917659,0.47382945,0.286994
2247568694,0.5146106,0.23524633,0.25014308
2248244003,0.20086637,0.28698862,0.512145
2248960113,0.3200256,0.29010603,0.38986835
2249496683,0.43913788,0.2646031,0.296259
2249689098,0.16226892,0.4040549,0.4336762
2250241937,0.29954392,0.35885736,0.3415988
2250706444,0.2691519,0.396521,0.3343271
2251207767,0.24337497,0.41556063,0.34106442
2252205916,0.42289048,0.2222616,0.354848
2252552345,0.35927537,0.35472617,0.28599846
2252748527,0.30102405,0.40999106,0.28898486
2252854331,0.33954468,0.2698166,0.3906387
2253958290,0.50072795,0.20609914,0.2931729
2254882058,0.31892574,0.43639833,0.24467601
2254978168,0.4270453,0.31055945,0.26239526
2255585265,0.53211665,0.23543522,0.23244818
2255872499,0.35978395,0.2509543,0.38926178
2257024613,0.24872243,0.48903808,0.2622395
2257481314,0.37131158,0.34142756,0.2872608
2259600644,0.5004458,0.18082695,0.31872725
2259712863,0.29212874,0.4466377,0.26123354
2259716100,0.4026254,0.3387319,0.25864255
2259848046,0.32939678,0.36761862,0.30298463
2260692717,0.29953298,0.45264703,0.24781996
2260772856,0.34415093,0.4070519,0.2487972
2260966330,0.1981674,0.5190941,0.28273848
2261059826,0.30977905,0.4112374,0.27898353
2261572826,0.24855094,0.5181792,0.23326993
2263558046,0.5257394,0.22410083,0.25015983
2263635780,0.21215928,0.53635377,0.25148702
2264085641,0.5234513,0.24996762,0.22658107
2264309340,0.34459808,0.40182287,0.2535791
2264324380,0.1858052,0.06457099,0.7496238
2264799790,0.44770056,0.09481424,0.45748526
2264812206,0.645222,0.16040117,0.19437687
2264884209,0.32516673,0.36255172,0.3122815
2264954161,0.106734075,0.7619185,0.13134746
2265414849,0.37155214,0.33175254,0.29669526
2265508914,0.13136788,0.7281326,0.14049953
2265517269,0.20315467,0.2922416,0.50460374
2265574956,0.18674359,0.58568805,0.2275683
2265588796,0.37483174,0.33403462,0.29113367
2265618045,0.1584466,0.64364547,0.19790801
2265643097,0.31544146,0.43531913,0.24923943
2265928003,0.183146,0.4940048,0.32284915
2266147269,0.095260024,0.8316934,0.073046476
2266475027,0.23846824,0.48633096,0.2752008
2266656671,0.4954048,0.21944463,0.28515056
2266753828,0.3662106,0.370864,0.26292536
2266894397,0.13410091,0.39754438,0.46835467
2267008040,0.32395878,0.27908167,0.39695954
2267564218,0.34010375,0.41042772,0.24946854
2269257130,0.26413995,0.46143228,0.27442774
2269453381,0.20690818,0.25063947,0.54245234
2269628778,0.51890445,0.19821595,0.2828796
2269653850,0.3936921,0.36536202,0.24094589
2270043430,0.2004819,0.32910174,0.47041637
2270064571,0.21997395,0.36807984,0.4119463
2270386999,0.74075514,0.054282196,0.20496267
2270390577,0.4057979,0.20591061,0.3882915
2270429608,0.3645141,0.30026776,0.3352182
2270442609,0.17775835,0.53494555,0.2872961
2270661201,0.34231174,0.15750627,0.50018203
2271076399,0.3295069,0.3921076,0.27838546
2271127424,0.35827225,0.3295632,0.31216457
2272060827,0.45689318,0.25274208,0.29036477
2272077931,0.1447323,0.63544333,0.21982437
2272586163,0.78533155,0.08985718,0.124811225
2274115797,0.51781505,0.20401897,0.27816594
2274445939,0.4490576,0.3052294,0.24571295
2274482428,0.36094442,0.36539546,0.27366018
2275782433,0.32266724,0.44505215,0.23228066
2275923141,0.19289163,0.44479203,0.36231643
2276015837,0.3527488,0.32782912,0.31942207
2277115789,0.3505327,0.40065464,0.24881262
2277766580,0.4650982,0.18724667,0.3476552
2278026371,0.07062912,0.75007355,0.17929727
2278441843,0.38824365,0.3727018,0.23905453
2278962965,0.16440757,0.4449595,0.39063296
2279564075,0.22965324,0.5266129,0.24373387
2280084958,0.50790703,0.3179333,0.17415951
2280607702,0.3388051,0.39799574,0.26319915
2280727770,0.39496073,0.31973222,0.285307
2280903008,0.29108217,0.44781488,0.26110297
2280923570,0.20608637,0.4673972,0.32651633
2280996576,0.16410989,0.35122463,0.48466542
2281322765,0.3237223,0.35647592,0.31980184
2281684733,0.33545884,0.4125154,0.25202578
2282402116,0.0526793,0.83814317,0.10917755
2282668367,0.75906867,0.07685044,0.16408095
2282828794,0.34017158,0.30035326,0.3594752
2283561937,0.36630496,0.30221254,0.33148247
2283798031,0.43564016,0.29260075,0.27175918
2283824827,0.19959876,0.303269,0.49713218
2284037550,0.39472404,0.33129415,0.27398187
2285484652,0.38068876,0.33795506,0.2813562
2285489000,0.2659782,0.40058807,0.3334337
2285938283,0.46666467,0.26801506,0.26532027
2286028439,0.42714882,0.30545285,0.26739827
2286331466,0.097786,0.53225064,0.3699634
2286455330,0.18091698,0.5409279,0.2781552
2286757589,0.20804192,0.25527585,0.53668225
2286804523,0.38399792,0.16536346,0.45063865
2287118931,0.51775306,0.15799887,0.32424814
2287673992,0.4632443,0.22011839,0.31663737
2287813656,0.4544078,0.25135478,0.29423743
2288779440,0.11273015,0.74121505,0.14605483
2288890578,0.28030345,0.46177486,0.25792173
2289550715,0.10040639,0.75820476,0.14138885
2289654769,0.014634021,0.79920965,0.18615632
2289789422,0.40322116,0.27786115,0.31891766
2289825170,0.51147836,0.20275396,0.2857676
2290826077,0.39006293,0.30535197,0.30458504
2290881881,0.77662444,0.093525656,0.1298499
2290901122,0.17127532,0.6336367,0.19508794
2291429260,0.2525283,0.42094433,0.3265273
2291462825,0.2572737,0.48023796,0.2624883
2291725464,0.3510079,0.2861972,0.36279488
2292448302,0.4421827,0.21841343,0.33940387
2292854923,0.10733514,0.6921127,0.20055227
2293019559,0.33740845,0.38876608,0.27382547
2293141056,0.3770687,0.286993,0.33593833
2293309997,0.47551444,0.32846308,0.19602253
2293658561,0.19554672,0.57915163,0.22530171
2294261869,0.061052628,0.7368316,0.20211579
2294325725,0.30632102,0.38648775,0.30719122
2294580927,0.51355207,0.18894975,0.2974982
2294906143,0.25723532,0.34812886,0.39463586
2295030552,0.26852465,0.41546628,0.3160092
2297042236,0.23107564,0.36213362,0.4067907
2297144274,0.4413537,0.28190064,0.27674568
2297652508,0.30886623,0.2875163,0.4036174
2298019128,0.2458916,0.47624815,0.2778603
2298295700,0.2957202,0.43945777,0.26482204
2298445627,0.28586546,0.39639932,0.3177353
2299398363,0.50849485,0.26324654,0.22825861
2299545643,0.357664,0.34157208,0.300764
2299571106,0.4001145,0.29534733,0.3045382
2299953415,0.4697834,0.34040487,0.18981166
2299960641,0.055042844,0.5056852,0.43927196
2300337430,0.2200544,0.57209295,0.20785262
2300494681,0.4024019,0.29042152,0.30717668
2301149672,0.34747946,0.1727824,0.4797381
2301270245,0.47404236,0.16421427,0.36174348
2302104537,0.27580744,0.32762223,0.39657038
2302143258,0.4809792,0.26529628,0.25372458
2302660434,0.27199057,0.45083815,0.27717125
2302854508,0.37965766,0.32549664,0.29484573
2302932761,0.67971325,0.049515784,0.270771
2303233398,0.40509686,0.26586246,0.32904068
2303332065,0.33150095,0.2803123,0.38818675
2304970766,0.41193682,0.25993687,0.32812628
2305491448,0.14939143,0.45702606,0.39358255
2305747543,0.3563815,0.37935024,0.26426825
2305897230,0.31473562,0.39437068,0.2908937
2306586623,0.2361926,0.51475126,0.24905628
2306736718,0.13288845,0.6415423,0.22556931
2307071880,0.37509695,0.34501773,0.27988538
2307431331,0.30157164,0.2901701,0.4082582
2307553504,0.29093048,0.43353295,0.2755366
2307685527,0.37080353,0.44137183,0.18782458
2308001675,0.39341375,0.34059727,0.26598898
2308005271,0.40988886,0.102265164,0.48784596
2308433016,0.24695562,0.4814231,0.2716213
2308660247,0.41033652,0.19845745,0.39120606
2308817020,0.2562173,0.32221687,0.42156583
2309205013,0.14395536,0.6069092,0.24913542
2309411941,0.35125062,0.35349944,0.2952499
2309514010,0.24815053,0.4709693,0.28088018
2309835132,0.10747452,0.7329409,0.15958455
2309993373,0.15340272,0.6534035,0.19319381
2310212180,0.33887354,0.43439803,0.22672836
2310346933,0.2630432,0.5609436,0.1760132
2310509476,0.28426224,0.35153452,0.36420327
2311023245,0.4449311,0.28857628,0.2664927
2311150746,0.445782,0.20746106,0.34675694
2311381303,0.24363169,0.43622094,0.3201474
2311923069,0.44733998,0.28180462,0.27085543
2312266354,0.6395721,0.14432526,0.21610272
2312536595,0.30094284,0.40645584,0.29260132
2312778779,0.34869865,0.33436275,0.31693864
2313851407,0.20962963,0.52984905,0.2605213
2314064361,0.23857833,0.40094632,0.3604754
2314376870,0.34923276,0.3053644,0.34540287
2314779443,0.20164244,0.59961593,0.19874156
2315782719,0.3998464,0.23526782,0.36488584
2316333993,0.49714437,0.27467126,0.22818433
2316876120,0.6730274,0.13510017,0.19187249
2317050092,0.5561993,0.24353975,0.20026095
2317568770,0.26408198,0.37054124,0.36537677
2317866019,0.3054806,0.181514,0.5130054
2318149804,0.45023006,0.30437815,0.2453918
2320209861,0.4168136,0.31094268,0.27224368
2320391340,0.19722533,0.5907889,0.21198574
2320685559,0.35876665,0.3853483,0.2558851
2322550638,0.1347512,0.3009561,0.5642926
2323014873,0.4531717,0.22574541,0.3210829
2323052683,0.11759092,0.11759092,0.76481813
2323198756,0.17328456,0.42432198,0.40239346
2325020862,0.29039147,0.18219107,0.5274175
2325335680,0.48101002,0.13218777,0.38680226
2325459638,0.2989015,0.33126664,0.36983174
2325940661,0.3395151,0.42005613,0.24042879
2326099741,0.2647362,0.395646,0.33961788
2326189991,0.31291333,0.42623353,0.26085323
2326344674,0.411557,0.24518724,0.34325576
2326497165,0.13438039,0.6825128,0.1831068
2326721123,0.36870927,0.36824077,0.26305002
2326784089,0.26431024,0.24155344,0.49413636
2327078382,0.38790345,0.21530892,0.39678764
2327305921,0.3174919,0.29284167,0.38966644
2327597869,0.2337684,0.27906242,0.4871692
2327796879,0.3533086,0.39776495,0.24892646
2327938918,0.3795649,0.28824276,0.3321923
2328204251,0.272149,0.45074046,0.27711055
2328300515,0.33164158,0.43847385,0.22988455
2328367053,0.60884213,0.3715155,0.01964238
2328645779,0.40942833,0.26105848,0.3295132
2328761260,0.37699786,0.33740002,0.28560215
2328880756,0.37639692,0.35289666,0.27070647
2329189047,0.37962225,0.25340584,0.3669719
2330236203,0.40375653,0.28291088,0.31333268
2330362941,0.3082505,0.21998197,0.47176757
2330516007,0.4088929,0.25384796,0.3372592
2330760512,0.22525668,0.3610525,0.41369078
2331397871,0.31708005,0.3340923,0.34882772
2332173051,0.4686046,0.28371578,0.24767959
2332330630,0.15576577,0.67490613,0.16932805
2332444599,0.17172274,0.62562275,0.20265451
2332522636,0.4306769,0.277909,0.29141408
2332535856,0.27613893,0.11713183,0.6067293
2332635252,0.50407225,0.20456567,0.2913621
2332979289,0.45028007,0.28820142,0.26151845
2333475881,0.045432493,0.82112557,0.1334419
2333500495,0.49145702,0.24555315,0.26298985
2333960032,0.35889295,0.3592102,0.28189686
2334038004,0.23462053,0.22654253,0.53883696
2334090377,0.55761397,0.21508363,0.22730237
2334467839,0.33934262,0.3903228,0.27033457
2334517994,0.32307094,0.40812132,0.26880774
2334661405,0.7477261,0.0692269,0.18304695
2335040909,0.5395415,0.24941763,0.21104082
2335650268,0.48507702,0.2637708,0.2511522
2335716454,0.27991584,0.24247082,0.47761336
2335722686,0.7601873,0.09278423,0.14702849
2336352176,0.4598375,0.28360114,0.2565614
2336473321,0.39041743,0.29346174,0.3161208
2336911967,0.23533773,0.4936083,0.2710539
2337187596,0.3426126,0.39071733,0.26667017
2337407550,0.44958872,0.32412276,0.22628847
2337525604,0.16762102,0.65213096,0.18024808
2337667630,0.41470718,0.33240604,0.25288677
2337901201,0.287167,0.49405307,0.2187799
2338139466,0.25860235,0.45912948,0.2822682
2338979911,0.25100964,0.47288716,0.27610323
2339033004,0.4645126,0.29904994,0.23643751
2339190473,0.339805,0.39492345,0.26527157
2339595471,0.26558983,0.19365986,0.5407503
2341311802,0.37853923,0.40289253,0.21856827
2341435993,0.4410762,0.27293503,0.28598884
2341556534,0.38419044,0.33794597,0.27786365
2341829247,0.30609486,0.38421333,0.30969188
2342093990,0.31280375,0.3327018,0.35449448
2342237109,0.60197437,0.18010065,0.21792504
2342493428,0.3593374,0.30760267,0.33305997
2342845006,0.33912933,0.38873336,0.27213728
2343207324,0.36973056,0.32811317,0.30215618
2343706252,0.30334324,0.3371546,0.3595023
2343907043,0.343134,0.3662768,0.29058918
2344031820,0.25126204,0.4567583,0.2919797
2344190505,0.55133426,0.20801598,0.24064985
2344421343,0.44843367,0.25672317,0.2948433
2344428509,0.24421208,0.4997038,0.25608417
2345686484,0.4837015,0.2095746,0.30672392
2346911690,0.4312275,0.283028,0.28574452
2347008507,0.24037096,0.4720489,0.28758022
2347096476,0.3209299,0.38696927,0.29210085
2347878591,0.373612,0.11789398,0.508494
2348123952,0.40878054,0.2280941,0.36312535
2348290637,0.27621648,0.43902385,0.28475967
2348625342,0.3544558,0.34046015,0.30508408
2348763312,0.16052043,0.18896098,0.65051854
2349469716,0.1881099,0.59170884,0.22018126
2349764227,0.411698,0.31047577,0.27782613
2350248343,0.41809976,0.25597945,0.3259209
2350380761,0.28512245,0.3879713,0.32690617
2350603154,0.31017578,0.3672896,0.32253462
2350873385,0.3379228,0.27066013,0.39141703
2351286251,0.3949693,0.27478623,0.33024442
2351358404,0.42065972,0.32157233,0.25776795
2351776690,0.42739803,0.26456183,0.30804017
2352398385,0.2249188,0.43977982,0.33530137
2352681898,0.20539467,0.51254207,0.28206328
2352704207,0.7417312,0.08735007,0.17091869
2352844026,0.2932382,0.3080009,0.3987609
2353584803,0.19415395,0.29456854,0.51127756
2353654035,0.24318889,0.5659891,0.19082206
2354215536,0.2502017,0.38756326,0.36223507
2354374789,0.60458803,0.20443828,0.19097361
2354506498,0.13080928,0.3668261,0.5023647
2354625460,0.3213122,0.35405797,0.3246299
2354756865,0.35438544,0.35920712,0.28640756
2355030457,0.27081105,0.12848823,0.60070074
2355169628,0.32930553,0.30624098,0.36445352
2355418424,0.2101366,0.2233462,0.5665172
2355583857,0.45179746,0.16596287,0.38223967
2355706862,0.27800918,0.4284345,0.29355636
2356575515,0.67320716,0.1442261,0.18256678
2356739124,0.28776452,0.3795601,0.33267537
2356771500,0.30981827,0.27108568,0.41909605
2357599741,0.12573121,0.702476,0.17179279
2357737580,0.38023818,0.3461702,0.27359167
2357791484,0.45083952,0.30544427,0.24371621
2358195774,0.29598194,0.4132394,0.2907787
2358634803,0.48648223,0.25750792,0.2560098
2358717867,0.24644883,0.36082304,0.3927281
2359335886,0.35912564,0.45117882,0.18969554
2360482981,0.3212287,0.31075847,0.36801285
2361521688,0.26821694,0.37629113,0.35549188
2361699569,0.2520932,0.47520036,0.2727064
2361815379,0.6989957,0.0684241,0.23258016
2361928106,0.1796255,0.26176432,0.5586102
2362128910,0.1350375,0.64365,0.22131258
2362490082,0.065039635,0.8369948,0.09796561
2362663489,0.2830968,0.37998006,0.33692318
2363080554,0.30864152,0.2614367,0.42992175
2363352336,0.012102406,0.9266796,0.06121796
2363555670,0.5487695,0.20255694,0.24867357
2363798470,0.38948488,0.323614,0.28690115
2363893974,0.30446637,0.4224014,0.27313223
2365411092,0.24376951,0.353209,0.4030215
2366314012,0.37837896,0.31021544,0.31140557
2367319254,0.2720007,0.4210511,0.30694816
2367356740,0.25170368,0.34701276,0.40128356
2367652950,0.16826224,0.21185662,0.61988115
2367807325,0.36197662,0.3689122,0.26911128
2368019101,0.35992518,0.15134616,0.4887287
2368072546,0.05998957,0.84882534,0.09118514
2368143100,0.31406757,0.41985202,0.26608047
2368404284,0.37982777,0.37885076,0.24132149
2368708761,0.15380527,0.55941075,0.28678405
2369990317,0.5973841,0.17800656,0.22460939
2370138958,0.3736869,0.30694345,0.31936958
2370571116,0.2574449,0.26414895,0.47840628
2370708927,0.2723121,0.26775753,0.4599303
2370935031,0.38116178,0.27616566,0.34267256
2371123789,0.25321996,0.22579184,0.5209881
2371949020,0.5987796,0.1921681,0.20905228
2372756227,0.42595875,0.311533,0.26250815
2373255633,0.3274728,0.3259433,0.34658396
2373489043,0.24452469,0.38090593,0.37456936
2373623039,0.6587381,0.12967692,0.21158494
2373683578,0.84015894,0.0671079,0.09273321
2373807787,0.38014123,0.27378917,0.3460696
2374234736,0.1466201,0.69984746,0.15353248
2374394823,0.56930727,0.16840261,0.26229018
2375014325,0.32770354,0.15148985,0.5208066
2375231394,0.49398205,0.184631,0.32138696
2375666595,0.3921851,0.29459706,0.31321785
2375678695,0.20280747,0.20280747,0.59438497
2376330895,0.41464433,0.2880605,0.29729518
2377136122,0.30822045,0.12170335,0.5700762
2377348343,0.36026904,0.41435927,0.22537175
2377641217,0.39199415,0.28462046,0.3233854
2377850269,0.3727456,0.31389263,0.31336167
2377876619,0.7439005,0.11018059,0.1459189
2378212848,0.3728111,0.34545198,0.28173694
2378364467,0.4915739,0.21087445,0.29755157
2378677533,0.020020947,0.7973002,0.18267894
2379054860,0.15801376,0.503219,0.33876732
2379703317,0.29756156,0.21494271,0.48749578
2380375771,0.09101076,0.577527,0.33146232
2381574561,0.29524985,0.36006346,0.34468666
2382032158,0.302805,0.36701357,0.33018142
2382185909,0.33419687,0.37611234,0.28969076
2382654072,0.40602884,0.25308588,0.34088528
2382863523,0.18679786,0.4981513,0.31505084
2382940875,0.3416416,0.31325755,0.3451008
2383513506,0.38292238,0.21587223,0.40120542
2383873244,0.03975565,0.82795346,0.13229086
2384379902,0.39493206,0.320095,0.28497294
2384671767,0.3130726,0.40917948,0.2777479
2384682745,0.3882941,0.36833984,0.24336614
2384761024,0.22475465,0.5219197,0.25332567
2384982339,0.34269667,0.3623376,0.29496583
2384992241,0.45271993,0.3117463,0.23553373
2386410756,0.21309404,0.49669838,0.29020756
2386668404,0.2790388,0.36364383,0.35731754
2386929099,0.40104038,0.28119767,0.31776196
2387108998,0.4079328,0.306294,0.28577328
2387971177,0.3969747,0.26052114,0.34250414
2388415553,0.32094178,0.32349437,0.35556376
2388678054,0.26810503,0.47055173,0.26134327
2388976982,0.25023523,0.31475183,0.43501297
2390308396,0.32249326,0.44174984,0.23575683
2390862443,0.29395065,0.2714873,0.4345621
2391330262,0.41491112,0.2091178,0.3759711
2391373827,0.40553617,0.34093103,0.2535328
2391390362,0.33065134,0.36084214,0.30850652
2391408886,0.30079854,0.40868726,0.2905142
2391478038,0.43736944,0.2539511,0.30867952
2392462593,0.40280384,0.31853068,0.27866542
2393178412,0.31560367,0.40164387,0.28275248
2393393669,0.3868202,0.17083198,0.44234788
2393831142,0.64380896,0.17152657,0.18466453
2394171440,0.31292117,0.3379568,0.349122
2395849495,0.48551968,0.2564348,0.25804552
2396394771,0.39102829,0.22725882,0.3817129
2397132847,0.26302904,0.27407783,0.46289313
2397981990,0.35126626,0.3455909,0.30314285
2398179995,0.33829075,0.3979966,0.26371258
2398948853,0.38696054,0.31815568,0.2948838
2400249065,0.5267984,0.2477868,0.22541478
2400938469,0.36850578,0.18700418,0.44449005
2401140785,0.28773803,0.41988847,0.29237354
2401388152,0.21083258,0.41869846,0.37046888
2401849134,0.51756585,0.21543184,0.2670023
2403924470,0.4337865,0.2969154,0.26929808
2403936578,0.36625722,0.348537,0.2852058
2404160501,0.28427956,0.41061202,0.30510843
2404181731,0.54771733,0.21685104,0.23543167
2404595899,0.2862111,0.43792167,0.27586728
2404714208,0.53016907,0.23296891,0.23686205
2405018339,0.2761013,0.42377692,0.30012178
2405303438,0.31406832,0.21498166,0.47095007
2405390964,0.2640029,0.37133646,0.36466065
2405783378,0.29158017,0.29158017,0.4168395
2406095337,0.28942886,0.46554798,0.24502315
2406417055,0.34962183,0.3182531,0.33212507
2406497761,0.14795642,0.1722613,0.6797823
2406735545,0.432283,0.3227924,0.24492459
2407166331,0.24809031,0.3203819,0.43152773
2407906294,0.27488804,0.340219,0.38489303
2408063570,0.16287214,0.29257727,0.5445505
2408496114,0.46217823,0.20910068,0.32872105
2408624818,0.53764856,0.2213734,0.24097805
2408730410,0.31930795,0.33152974,0.34916234
2409177022,0.58842707,0.11161518,0.2999578
2409419165,0.34621915,0.2171841,0.43659672
2409665161,0.2971473,0.48031783,0.22253487
2410841381,0.44532746,0.24979693,0.30487558
2411319262,0.3092496,0.3822558,0.30849457
2411330142,0.6008008,0.17715499,0.2220442
2412001218,0.27067223,0.38867718,0.34065065
2412168388,0.30367145,0.3673509,0.32897767
2412642150,0.4481275,0.25071856,0.3011539
2412917395,0.36644727,0.30189544,0.33165723
2412959373,0.24396515,0.55136275,0.20467211
2413079563,0.23890774,0.5315338,0.22955857
2413281285,0.4959142,0.25108773,0.25299805
2413523513,0.39063495,0.31337503,0.29599002
2414659625,0.4341599,0.24149655,0.32434356
2414772179,0.27583322,0.44129798,0.28286883
2414827503,0.4831081,0.22301702,0.29387492
2414954859,0.28489658,0.31851393,0.39658958
2416363478,0.2948941,0.3555777,0.3495282
2416525355,0.5966659,0.1622665,0.24106753
2417707376,0.6019173,0.14727111,0.2508117
2417871799,0.2903339,0.4186409,0.2910252
2418008970,0.6035139,0.1839189,0.2125672
2418544984,0.27619135,0.39977863,0.32402998
2418634566,0.31546983,0.37097275,0.31355745
2419159371,0.22516537,0.43617404,0.33866054
2419195021,0.20888276,0.5137708,0.27734637
2419716314,0.28830567,0.28958866,0.42210573
2419955818,0.2008123,0.49535787,0.30382982
2420967852,0.8019493,0.011741806,0.18630888
2421240663,0.2944435,0.43158567,0.27397078
2421586052,0.29568633,0.38199493,0.32231876
2421754705,0.06323141,0.80499053,0.13177806
2422103073,0.17015782,0.27243286,0.5574093
2422240531,0.371636,0.3849936,0.2433704
2422792364,0.3525329,0.37393707,0.27353004
2423486779,0.55510443,0.20699352,0.23790206
2423586354,0.261765,0.38133323,0.35690188
2424279451,0.23353817,0.1623031,0.60415876
2425259744,0.25095877,0.3709265,0.3781147
2425766485,0.16696703,0.63885665,0.19417638
2425802151,0.2716788,0.24816614,0.48015508
2426008237,0.380965,0.3640257,0.2550094
2426325419,0.34666437,0.26962832,0.3837073
2426496514,0.4210083,0.25777936,0.3212123
2427304409,0.24844547,0.43695384,0.31460068
2427879676,0.3357734,0.32097104,0.3432556
2427936012,0.24604455,0.3524803,0.4014752
2428068655,0.4320811,0.23460352,0.33331537
2428337168,0.17389554,0.44859198,0.37751245
2428936863,0.5366316,0.20400435,0.25936413
2429125415,0.5532803,0.18132415,0.26539558
2429617115,0.5336262,0.15801488,0.30835885
2430186291,0.4356134,0.30816644,0.25622016
2430198866,0.32244635,0.40281293,0.27474073
2430403973,0.3724791,0.3131728,0.31434822
2430432077,0.37171522,0.34994352,0.2783413
2430567866,0.20134968,0.57115376,0.22749655
2430626258,0.21470623,0.40134087,0.38395292
2430759588,0.44571915,0.25149956,0.30278128
2430807942,0.6691843,0.11902102,0.21179463
2431252404,0.38251632,0.28940794,0.32807577
2431289604,0.22363429,0.566102,0.21026367
2431341625,0.28630704,0.2737801,0.43991286
2431616167,0.46184644,0.23638755,0.30176598
2431782043,0.3284189,0.36150536,0.3100758
2432112541,0.30402258,0.4597374,0.23623998
2432187439,0.36085674,0.33781847,0.30132484
2432245928,0.20875058,0.5473185,0.24393092
2432748148,0.35139972,0.19212826,0.456472
2432806786,0.13079165,0.70209557,0.16711283
2433242856,0.5371808,0.21366127,0.24915797
2433361590,0.23014387,0.50647694,0.26337916
2433894510,0.2775177,0.4499925,0.27248973
2433904084,0.33251756,0.33469084,0.33279166
2434722483,0.31964386,0.4116518,0.26870432
2434961033,0.55556476,0.20796666,0.23646858
2435734869,0.45090398,0.25526136,0.29383466
2435974741,0.40777835,0.06627083,0.52595085
2436221927,0.3437578,0.22263584,0.43360636
2436515837,0.14575762,0.6597543,0.19448814
2436834646,0.14488553,0.28647268,0.5686418
2436993971,0.20980608,0.31963712,0.47055686
2437107328,0.34341556,0.30216274,0.35442168
2437703317,0.16382265,0.28937095,0.5468064
2437784793,0.4039254,0.3096008,0.2864738
2437998750,0.4655976,0.23712462,0.29727787
2438044041,0.26286557,0.4504642,0.2866702
2438623609,0.4879713,0.2615656,0.250463
2439547216,0.22476979,0.3444353,0.43079492
2439673505,0.2719217,0.28246856,0.4456097
2439760408,0.2771993,0.48572606,0.23707467
2440448425,0.2189474,0.53966504,0.24138762
2440995161,0.40367454,0.27537274,0.3209528
2441094493,0.6347622,0.17439103,0.19084677
2441413613,0.40430227,0.22948273,0.3662151
2441968149,0.08947388,0.56230825,0.34821787
2442021212,0.2396324,0.4511982,0.30916944
2442047779,0.23657477,0.4990013,0.264424
2442282746,0.45994303,0.2538077,0.2862492
2442489337,0.26506454,0.27201,0.46292552
2443366857,0.23359358,0.51308,0.2533264
2443704511,0.5099902,0.25355214,0.23645765
2444074745,0.26379123,0.48173937,0.25446936
2444458276,0.37174863,0.1150318,0.51321954
2444497987,0.35369015,0.30630642,0.34000355
2444668937,0.41241428,0.29102573,0.29655993
2444694729,0.323987,0.28616682,0.38984615
2444821766,0.15638927,0.43586394,0.40774682
2445519250,0.43154398,0.312883,0.2555731
2446144743,0.2872635,0.48412886,0.2286077
2446610938,0.30495238,0.34527683,0.34977075
2447058530,0.6477251,0.15999885,0.19227603
2447158251,0.5296419,0.25891247,0.21144554
2447204930,0.3273629,0.3213366,0.3513005
2447209675,0.2724402,0.39753002,0.33002982
2447432973,0.24675462,0.35103127,0.4022141
2447568370,0.2935715,0.33189917,0.37452927
2447781898,0.34265724,0.37171057,0.2856322
2448300711,0.32461083,0.30612594,0.36926326
2448357631,0.29737532,0.21928823,0.48333648
2448420659,0.29918522,0.4209379,0.27987692
2448947158,0.27524248,0.45802593,0.26673156
2449467011,0.41362575,0.3014531,0.28492108
2450093855,0.68711865,0.1097961,0.2030852
2450458803,0.29270512,0.39261782,0.314677
2450566040,0.24820119,0.4802513,0.27154744
2451008480,0.21433139,0.3958374,0.38983122
2451083516,0.021647425,0.76509106,0.21326157
2451189102,0.22193353,0.48022905,0.29783747
2451355586,0.31891516,0.34599054,0.3350943
2451457374,0.34399134,0.3633862,0.29262245
2452072426,0.20594603,0.40627357,0.38778043
2452398043,0.535758,0.2277537,0.23648834
2452557676,0.16973686,0.5734473,0.25681585
2453129928,0.22532463,0.5315605,0.24311489
2453418895,0.36079192,0.2519314,0.38727662
2453471601,0.004494523,0.0036133865,0.99189216
2453609108,0.34981596,0.29789335,0.3522907
2453824972,0.23423178,0.48442486,0.28134337
2454034820,0.16558938,0.400544,0.4338666
2454401327,0.26230368,0.3650588,0.37263748
2454511476,0.3018008,0.31253412,0.38566503
2454942398,0.23940445,0.51804304,0.24255252
2455468028,0.28314474,0.18888707,0.5279681
2455727232,0.39411485,0.29110578,0.31477943
2455883286,0.30701956,0.3249458,0.36803466
2456392589,0.297843,0.30850312,0.3936539
2456920510,0.53013074,0.22118904,0.2486802
2457452543,0.35556057,0.32084674,0.32359278
2457671933,0.3736226,0.35544792,0.27092955
2457881414,0.18370251,0.55539197,0.26090547
2458658233,0.25793493,0.4177513,0.32431376
2458660710,0.29214776,0.41658896,0.29126328
2458713035,0.38292742,0.35986912,0.2572035
2458772192,0.5825157,0.17215902,0.24532524
2458886222,0.20201844,0.3826296,0.41535202
2459603675,0.44597757,0.32981658,0.2242058
2459981483,0.4212797,0.2882838,0.29043663
2460900031,0.11978847,0.299179,0.5810326
2461016018,0.44693527,0.23844966,0.31461507
2461629126,0.3448167,0.34016255,0.31502068
2461883419,0.41362873,0.28922096,0.29715037
2461927407,0.3263329,0.37470272,0.29896444
2462867324,0.25072446,0.43536735,0.3139082
2463737172,0.40942797,0.2048081,0.38576397
2464211407,0.56738865,0.20854993,0.22406146
2464336018,0.40333104,0.34921557,0.24745335
2464592984,0.4570502,0.21072453,0.33222526
2465206890,0.3244897,0.37499106,0.30051917
2465220042,0.4868446,0.25140393,0.2617515
2465490704,0.31303453,0.29641178,0.3905537
2465792856,0.4534918,0.24047442,0.30603376
2465814750,0.24765795,0.5254394,0.22690257
2465966724,0.4085271,0.31745327,0.27401954
2466655646,0.15991443,0.18074642,0.65933913
2467071709,0.19725023,0.5625004,0.24024932
2467238490,0.12500396,0.6842268,0.19076921
2467530728,0.2501031,0.5156063,0.23429058
2467588460,0.24731793,0.48252502,0.27015713
2467969604,0.30551136,0.3529239,0.3415647
2468081308,0.33652472,0.23436269,0.42911255
2468170713,0.37116486,0.33966312,0.289172
2468190018,0.31908274,0.3681728,0.31274444
2468405674,0.27038878,0.41675648,0.3128548
2468890453,0.40200925,0.23130319,0.3666876
2469293151,0.38576183,0.34771833,0.26651984
2469305947,0.14628555,0.6712981,0.18241632
2469579126,0.3213058,0.39565843,0.28303578
2469591874,0.8018085,0.03874523,0.15944631
2469725633,0.105534956,0.44385016,0.45061493
2470042662,0.74337536,0.10604988,0.15057479
2470119949,0.63420963,0.12781116,0.23797914
2470177839,0.2815255,0.43174225,0.28673235
2470282796,0.2936493,0.45690387,0.24944685
2470307986,0.5608982,0.24182211,0.19727972
2470596087,0.31663156,0.26275918,0.42060918
2470638612,0.5414558,0.23579796,0.2227463
2470748075,0.13564146,0.515646,0.34871262
2471004700,0.19798057,0.5396274,0.262392
2471695127,0.27785185,0.439144,0.28300416
2471775420,0.30859208,0.35993454,0.33147347
2471942980,0.42969146,0.29426557,0.27604288
2472489880,0.18341142,0.5316828,0.28490573
2472518267,0.44452864,0.29906797,0.2564034
2472771406,0.4450873,0.31678906,0.23812364
2472974049,0.09642666,0.7229633,0.18061005
2473119347,0.21951409,0.44476807,0.33571783
2473787038,0.3928268,0.3053539,0.30181924
2474139639,0.19349414,0.5981242,0.20838162
2474328540,0.36791655,0.32844085,0.30364263
2475173671,0.6509884,0.1468205,0.20219113
2475708332,0.2629154,0.46314594,0.27393872
2476772123,0.35952663,0.31027603,0.33019742
2476953648,0.09066324,0.4023063,0.5070305
2477369802,0.34886613,0.35023868,0.30089518
2477483875,0.20029521,0.5263139,0.2733909
2478330169,0.23494668,0.50858295,0.25647032
2479226582,0.71047646,0.12251949,0.1670041
2479318589,0.20527568,0.23182014,0.5629042
2479439123,0.31926495,0.1976098,0.48312527
2480075689,0.5845209,0.091173135,0.32430604
2480368495,0.55842036,0.21096706,0.23061256
2480759274,0.36552733,0.30807588,0.32639685
2480820625,0.46843004,0.27305153,0.2585184
2481710606,0.20477015,0.4754891,0.31974083
2481776715,0.07887112,0.17642333,0.74470556
2483794408,0.24807498,0.24807498,0.50385004
2485459494,0.5054962,0.2019494,0.29255444
2485478378,0.31141692,0.3000251,0.3885579
2487974136,0.39341173,0.30466327,0.30192494
2488542393,0.81561065,0.045252338,0.13913697
2488576159,0.49341643,0.24912517,0.25745842
2488989957,0.48224506,0.26752093,0.250234
2489288099,0.33325553,0.40823,0.25851446
2490322800,0.7235425,0.097933315,0.17852418
2490863497,0.23975843,0.51742315,0.24281839
2491207133,0.5000717,0.35591796,0.14401034
2492125163,0.33576423,0.30691046,0.35732532
2492178290,0.40985146,0.22178793,0.36836058
2492662884,0.26325762,0.45643723,0.28030518
2492974066,0.3741995,0.32090935,0.30489117
2493172424,0.5577315,0.20721498,0.23505348
2493372744,0.3863878,0.22485995,0.38875225
2493417559,0.35898274,0.39929917,0.24171814
2493681018,0.55501443,0.19951577,0.24546982
2494279944,0.6216762,0.10045685,0.27786696
2494876971,0.53474325,0.21954015,0.24571657
2494964792,0.7986332,0.053887963,0.14747883
2495010206,0.32412854,0.42734104,0.24853037
2495023974,0.3112632,0.27730072,0.41143608
2495580780,0.1596202,0.66364926,0.17673045
2495610333,0.4098265,0.27338237,0.3167912
2496208941,0.34695572,0.37277597,0.28026822
2496852501,0.379841,0.31163642,0.30852255
2496941193,0.22557217,0.52328783,0.25113997
2497070280,0.31136978,0.3390653,0.34956488
2497460494,0.4945139,0.23541489,0.2700712
2497468695,0.5215761,0.22985844,0.2485655
2497751063,0.49829367,0.30738583,0.19432053
2497767958,0.5411146,0.21820255,0.24068287
2498126191,0.50065595,0.2606813,0.2386627
2498233657,0.3398182,0.38606822,0.27411348
2498453035,0.23134683,0.39640197,0.37225124
2498761687,0.31573355,0.36054203,0.32372442
2499919306,0.30628917,0.37715718,0.31655362
2500384015,0.27571177,0.47714224,0.2471459
2500718548,0.5962389,0.17469531,0.22906579
2501102898,0.36949334,0.31928948,0.3112172
2502126281,0.33105332,0.12761398,0.5413327
2502696673,0.3016585,0.41597986,0.28236163
2502999916,0.7594349,0.07956429,0.16100092
2504083793,0.3968623,0.3277827,0.275355
2504392365,0.32931492,0.21315335,0.45753172
2504436321,0.5773876,0.22122903,0.20138338
2504561965,0.40550572,0.34301028,0.251484
2504871027,0.3583619,0.3385071,0.30313104
2505481397,0.14230925,0.5455293,0.31216148
2505871181,0.22893032,0.29911146,0.47195822
2506122550,0.4172742,0.31089953,0.27182624
2506574965,0.22573301,0.43898332,0.33528364
2506916593,0.2500186,0.16102172,0.5889597
2507580210,0.29703638,0.2413316,0.46163207
2507673643,0.12834916,0.61577547,0.25587535
2508372196,0.33597243,0.36475995,0.29926762
2508537719,0.28038523,0.41225603,0.30735868
2509369154,0.3053573,0.38077652,0.31386608
2510292036,0.31616497,0.3847884,0.29904664
2510553282,0.46176955,0.27142045,0.26680994
2511092656,0.46845195,0.23452854,0.29701957
2511311346,0.6977731,0.032127287,0.27009964
2511439517,0.68912953,0.12595244,0.18491808
2511532572,0.35185942,0.34090945,0.30723116
2511641171,0.32293183,0.327286,0.3497821
2512132305,0.04789318,0.19966495,0.7524419
2512417438,0.28183627,0.3150326,0.40313116
2512472692,0.19179198,0.33839363,0.46981433
2512615931,0.63502043,0.185999,0.17898053
2512657202,0.44145086,0.31196254,0.2465866
2512830155,0.29834712,0.16162579,0.5400271
2512914559,0.20815313,0.318489,0.47335795
2513069424,0.3525677,0.37509397,0.2723383
2513236214,0.28942588,0.23158842,0.47898582
2514118807,0.35558522,0.35814047,0.2862744
2514363484,0.1800686,0.44855812,0.37137333
2514504678,0.5108911,0.21106322,0.2780456
2514638751,0.35764396,0.3332055,0.30915055
2514794811,0.35020107,0.392969,0.2568299
2515091963,0.24946712,0.43057796,0.31995487
2515341591,0.37399498,0.38972417,0.23628089
2515544167,0.1880994,0.58561176,0.22628883
2515669796,0.0820725,0.5569436,0.36098397
2517272002,0.26406997,0.4547421,0.28118792
2517366980,0.28581747,0.47495976,0.23922272
2517451398,0.41137907,0.29929712,0.2893238
2517612196,0.48722106,0.2440898,0.26868922
2517627810,0.11944054,0.27627292,0.60428655
2518464884,0.39215517,0.26114237,0.3467024
2518697961,0.6528014,0.06500005,0.28219858
2518809253,0.43443516,0.22875802,0.3368068
2519288905,0.35665035,0.36159208,0.28175765
2520074729,0.38412696,0.24739097,0.36848217
2520326886,0.33895102,0.37523443,0.2858146
2521021826,0.6045235,0.1302628,0.26521376
2521725093,0.47293678,0.23676154,0.29030165
2523112917,0.31587544,0.34916905,0.3349555
2523477586,0.3096957,0.38663238,0.30367196
2523524195,0.3545311,0.3757421,0.2697268
2523592578,0.3528729,0.34140489,0.30572218
2523611816,0.26942036,0.36112002,0.3694596
2524217705,0.19485141,0.48842764,0.31672108
2524408048,0.30531234,0.3287786,0.36590907
2524454714,0.4126536,0.26574844,0.32159796
2524882044,0.24058558,0.45405605,0.30535835
2524934324,0.5137553,0.16453478,0.3217099
2524956962,0.08639258,0.41338095,0.5002265
2525486711,0.5080809,0.22326188,0.2686572
2525501102,0.41167134,0.3254354,0.26289326
2526077724,0.20667107,0.50139636,0.29193258
2526203863,0.30491966,0.38095117,0.31412917
2526849270,0.28062803,0.39933568,0.3200363
2527331808,0.40957233,0.2660121,0.32441553
2527603336,0.2709725,0.3986978,0.33032966
2527797831,0.35266107,0.31940857,0.3279303
2527880106,0.36069196,0.14408654,0.4952215
2528235943,0.1691604,0.4461932,0.38464645
2528806748,0.2508294,0.31782305,0.4313475
2529065148,0.4198325,0.23297958,0.34718794
2529217095,0.054249518,0.7927258,0.15302484
2529390630,0.53211117,0.21143205,0.25645682
2529705424,0.22116281,0.4687178,0.31011936
2530239452,0.30264696,0.35158843,0.34576458
2530267480,0.23209968,0.56940067,0.19849968
2530571652,0.40696955,0.18214926,0.4108812
2530686271,0.6140251,0.17759188,0.208383
2531056885,0.43910906,0.3057918,0.2550991
2531201386,0.27841857,0.28562495,0.43595654
2531238679,0.36080742,0.17371307,0.46547946
2531917315,0.3617307,0.338719,0.29955035
2532083520,0.34312725,0.35903648,0.29783627
2532226348,0.6032455,0.17979005,0.21696445
2532600282,0.518289,0.26202157,0.2196894
2532887023,0.287469,0.4808307,0.23170035
2533349449,0.35538357,0.17958914,0.4650273
2533379659,0.29348525,0.24330105,0.46321368
2533398421,0.20536457,0.5644102,0.23022528
2533606834,0.36373278,0.29960257,0.33666465
2533671634,0.31292915,0.3437417,0.34332913
2534562341,0.63648987,0.15408826,0.20942192
2534759797,0.42111447,0.2788435,0.300042
2534780681,0.46495914,0.2428675,0.29217336
2535359913,0.15280072,0.39988735,0.44731206
2536090702,0.17364004,0.41324788,0.4131121
2536163506,0.42439798,0.2585273,0.31707475
2536552812,0.29189175,0.3948223,0.313286
2537627621,0.26980168,0.37270594,0.3574924
2537964234,0.27253985,0.3942086,0.33325157
2538206956,0.4019457,0.3162001,0.28185427
2539024396,0.22841184,0.51896805,0.2526201
2539745227,0.21659635,0.5974668,0.18593673
2539966737,0.4159443,0.28467423,0.29938158
2540336691,0.40335134,0.3398864,0.25676224
2540588007,0.23172042,0.4272884,0.3409912
2541894458,0.33873504,0.37603113,0.28523386
2542379515,0.2585021,0.37116838,0.37032953
2542474454,0.26571035,0.26571035,0.46857932
2543876793,0.5088247,0.23812315,0.25305212
2544636024,0.33529106,0.27872786,0.385981
2544755588,0.47148752,0.26354983,0.2649627
2544872838,0.24886528,0.42488205,0.32625273
2545385705,0.1750664,0.63235635,0.19257727
2545610661,0.31321076,0.39779752,0.28899178
2546874277,0.2737159,0.36436343,0.3619206
2547778419,0.2077604,0.5538689,0.23837063
2548083658,0.29431087,0.43492645,0.27076268
2548581543,0.40646514,0.1925686,0.40096632
2549046710,0.22587582,0.21328978,0.56083447
2549369550,0.28634635,0.37403622,0.3396174
2549582305,0.27212307,0.49118915,0.2366878
2549735995,0.2952104,0.3991555,0.3056342
2550229052,0.2888742,0.40179667,0.30932918
2550472559,0.29770938,0.43166164,0.270629
2551001579,0.16215491,0.1311766,0.7066685
2551240501,0.37999874,0.29213548,0.32786572
2552928229,0.304529,0.4462209,0.24925005
2553257540,0.13878581,0.5549557,0.30625847
2553719036,0.25105447,0.48212227,0.2668233
2553802827,0.67892456,0.14165191,0.1794235
2554061210,0.3390172,0.38195243,0.27903035
2554400146,0.3264118,0.24014685,0.4334413
2554874025,0.3334233,0.30771035,0.35886645
2555325947,0.18020436,0.56880677,0.2509889
2555636348,0.27131596,0.43701252,0.29167148
2555775197,0.35202837,0.31267682,0.3352949
2556072908,0.46753374,0.26928166,0.26318467
2556436239,0.15890732,0.4130501,0.42804262
2556450717,0.22782412,0.47481018,0.2973657
2556565231,0.51347405,0.2352575,0.25126845
2556642620,0.16787528,0.6241954,0.20792936
2556920032,0.29658777,0.49061725,0.21279494
2557301104,0.11582248,0.38759112,0.49658638
2557338624,0.3600552,0.35839045,0.28155446
2557740500,0.26781213,0.2933994,0.4387884
2557974138,0.16837269,0.25221074,0.57941663
2558121315,0.27416125,0.42507127,0.30076745
2558423442,0.24951509,0.36883202,0.38165292
2559108447,0.58804876,0.1684116,0.24353963
2559400590,0.25573516,0.47022,0.27404487
2561087050,0.325277,0.40682763,0.26789537
2561133650,0.40466195,0.16387951,0.4314585
2561552090,0.48292443,0.24880926,0.26826635
2561818642,0.5301889,0.20314169,0.2666694
2562036017,0.3219181,0.15448359,0.5235983
2562574375,0.17540999,0.5260131,0.29857698
2563012885,0.2822125,0.3126866,0.40510094
2563987132,0.33225733,0.27537864,0.39236408
2564019412,0.22399896,0.43484908,0.34115198
2564086996,0.35998067,0.42528048,0.21473885
2564119629,0.30214062,0.41313994,0.28471944
2564273742,0.21917665,0.50942916,0.2713942
2564856045,0.65320015,0.114710115,0.23208973
2565884287,0.16965465,0.36110598,0.4692394
2565968934,0.34319857,0.39634845,0.26045296
2566230853,0.32759535,0.3299289,0.34247574
2566379970,0.2860143,0.385906,0.32807964
2566433277,0.20524608,0.51653653,0.2782174
2566647668,0.2700774,0.4491823,0.28074032
2566707734,0.29985553,0.40549183,0.29465264
2566761654,0.5772306,0.20858043,0.21418902
2567123158,0.36871293,0.3376159,0.29367113
2567235842,0.27016854,0.47671616,0.25311527
2567935459,0.050906513,0.74543786,0.20365566
2568043737,0.5502757,0.19861862,0.2511057
2568184198,0.38452566,0.29813978,0.31733447
2568778935,0.4609051,0.14814717,0.3909477
2568983817,0.5656469,0.16358384,0.27076927
2569323393,0.30481362,0.37814653,0.31703976
2569668506,0.33484313,0.3410847,0.32407224
2569934360,0.34939146,0.34370533,0.30690312
2570348395,0.8683499,0.015401296,0.11624882
2570521324,0.28799808,0.2345785,0.47742337
2570827944,0.4720624,0.24834947,0.2795881
2570989261,0.5276203,0.24730787,0.22507173
2571010448,0.5008122,0.24654594,0.25264183
2571039743,0.3496279,0.3399562,0.31041592
2571054258,0.37616888,0.36930448,0.2545267
2571215086,0.26852524,0.4591619,0.27231285
2571257997,0.31238666,0.38261956,0.30499384
2571507315,0.42960754,0.26548812,0.3049043
2571758532,0.5703933,0.19549206,0.23411463
2572028806,0.3131966,0.3214874,0.36531588
2572094248,0.33107412,0.3383196,0.33060637
2572771455,0.38705912,0.28641626,0.3265246
2573077211,0.520952,0.20522207,0.27382597
2573674096,0.68083274,0.12240279,0.1967645
2573951046,0.28501487,0.35051224,0.3644729
2574093650,0.44771144,0.27144113,0.28084746
2574535356,0.5464162,0.20283462,0.25074917
2574801605,0.46393776,0.33587897,0.20018323
2575293652,0.37692904,0.2870185,0.33605257
2575568547,0.5252115,0.1642346,0.31055385
2576615080,0.01938963,0.6360168,0.34459358
2576720866,0.26000488,0.40953276,0.3304623
2576834936,0.30567527,0.32427615,0.3700485
2578017480,0.33159155,0.41524568,0.25316265
2578050231,0.35941422,0.36677146,0.27381426
2578973768,0.20661147,0.55190456,0.241484
2579928047,0.35725036,0.30912015,0.33362955
2580582213,0.36626747,0.31138974,0.3223428
2580602883,0.22772612,0.4705124,0.30176154
2580761437,0.33133143,0.36501172,0.30365694
2580971983,0.22490866,0.16299258,0.61209875
2581593185,0.20985766,0.4544203,0.33572206
2582290857,0.42381698,0.26111704,0.315066
2582594509,0.48718345,0.25472468,0.2580919
2582798362,0.33815232,0.36624992,0.2955978
2582837528,0.26332566,0.4122728,0.3244015
2582999789,0.17605938,0.54885507,0.27508557
2583045447,0.34764576,0.383993,0.26836127
2583285536,0.2804122,0.39378488,0.32580286
2583487988,0.4401452,0.2882505,0.27160424
2583808297,0.44567823,0.24378368,0.3105381
2584542106,0.24337995,0.55478823,0.2018318
2584719288,0.4228516,0.1579096,0.41923887
2584761902,0.5452932,0.1800104,0.27469647
2584862376,0.2879575,0.40679428,0.3052482
2585054606,0.2482663,0.48702696,0.2647067
2585429922,0.28679416,0.42626143,0.2869444
2585648510,0.20197508,0.58640337,0.21162157
2585805226,0.27004075,0.41055378,0.31940553
2586355212,0.43314,0.15764639,0.40921357
2587808407,0.18269923,0.33816314,0.47913766
2588305194,0.31937253,0.37317988,0.30744755
2588502745,0.08706846,0.3076846,0.6052469
2589015863,0.30942598,0.3256855,0.36488843
2589323167,0.29280588,0.45052972,0.25666443
2589811980,0.09658832,0.7496148,0.15379691
2590087594,0.42344618,0.32136565,0.25518814
2590974056,0.27067843,0.29947153,0.42984995
2591193336,0.18450706,0.5731065,0.24238643
2591403764,0.44914666,0.30551827,0.2453351
2591644924,0.5209437,0.20506309,0.2739932
2592121848,0.57145214,0.20794308,0.22060476
2592734188,0.1668952,0.17736033,0.6557445
2593086553,0.5245819,0.24388918,0.2315289
2593094754,0.1820077,0.3981601,0.41983214
2593753482,0.3673392,0.3949263,0.23773453
2593852974,0.5284619,0.2293067,0.24223138
2594134551,0.206231,0.3445342,0.44923478
2594222710,0.16477875,0.5848591,0.25036216
2594706143,0.23703478,0.31169474,0.45127055
2594726433,0.3310045,0.35220218,0.31679323
2595153086,0.45907757,0.29438397,0.24653849
2595319192,0.397743,0.32326508,0.27899194
2595503808,0.8136201,0.051650945,0.13472894
2595853721,0.31694406,0.33790493,0.345151
2595972295,0.3113934,0.36739373,0.32121283
2596061350,0.2621061,0.40931687,0.32857713
2596347042,0.32319546,0.3633327,0.31347188
2597189802,0.30329758,0.39100647,0.30569592
2597764849,0.14058028,0.6159446,0.24347508
2597881937,0.38676387,0.3341397,0.27909636
2597934654,0.38771072,0.34111944,0.27116984
2598110821,0.22604053,0.46846235,0.30549714
2598230187,0.34228498,0.40128294,0.25643203
2598279392,0.30019015,0.37991184,0.319898
2599346419,0.6566109,0.16517219,0.17821692
2599352368,0.61372584,0.15723898,0.2290352
2599992608,0.37392387,0.41112962,0.21494646
2600864658,0.24326792,0.23675117,0.5199808
2601638768,0.14042531,0.22286323,0.63671154
2601845218,0.29796708,0.2960787,0.40595424
2602039914,0.23307014,0.394558,0.37237182
2602066044,0.16072612,0.48640275,0.3528711
2602429483,0.48673326,0.23196165,0.28130507
2602431378,0.35727647,0.3529729,0.28975064
2602704975,0.39952606,0.31602418,0.2844498
2603433194,0.5680533,0.21633102,0.2156157
2603803629,0.30531704,0.20684789,0.48783508
2604429089,0.18468621,0.59649336,0.21882047
2605911828,0.25205958,0.2513356,0.4966049
2606303827,0.49756372,0.19488215,0.30755416
2606728078,0.41762906,0.29218686,0.2901841
2606888198,0.13599879,0.07332103,0.7906802
2607055986,0.5449211,0.20199192,0.25308698
2607873188,0.30246517,0.26174018,0.43579462
2607888141,0.28606072,0.46492046,0.24901874
2608141997,0.33530927,0.21867631,0.44601455
2608352781,0.3026825,0.3127659,0.38455167
2608415841,0.34148535,0.23046832,0.42804635
2608535673,0.45438007,0.22128151,0.32433844
2608609958,0.56945544,0.090366036,0.34017855
2608648188,0.33700818,0.35917294,0.30381894
2608995777,0.08546035,0.7619101,0.15262952
2609001297,0.31715545,0.36402613,0.3188184
2609048349,0.26313105,0.38841814,0.34845078
2609416849,0.3245774,0.3445469,0.3308757
2609874119,0.27797082,0.34792814,0.37410098
2610700572,0.395956,0.27854022,0.32550383
2611068508,0.26840523,0.39741832,0.33417648
2611895081,0.32718614,0.23886195,0.4339519
2612150223,0.40707025,0.24553424,0.34739554
2612756380,0.3759704,0.2701227,0.35390693
2612979481,0.33939123,0.36466524,0.2959435
2613208513,0.26367605,0.26121938,0.47510457
2613891102,0.41975203,0.3127944,0.2674536
2614337905,0.32482865,0.27378827,0.40138307
2615973671,0.13964805,0.66827476,0.19207714
2616199518,0.36773205,0.37148365,0.2607844
2616886634,0.3420339,0.3127597,0.34520635
2617090861,0.24094243,0.5490261,0.21003151
2617253124,0.48893628,0.24759427,0.26346946
2617756200,0.20542331,0.20542331,0.5891533
2617798404,0.04451833,0.3510188,0.6044628
2617818504,0.18278633,0.5612623,0.2559514
2617895974,0.15654048,0.6331907,0.21026884
2618024144,0.41757512,0.26321572,0.3192091
2618119711,0.2650369,0.5025759,0.23238729
2619458467,0.30222395,0.28439432,0.41338176
2619481326,0.32221663,0.4126364,0.26514706
2619962365,0.2609448,0.44692215,0.29213306
2620977004,0.46178252,0.1988032,0.33941424
2621572296,0.17362958,0.44212198,0.3842484
2621828002,0.41032264,0.33397096,0.25570643
2621836487,0.3206925,0.30902526,0.3702822
2621893458,0.4831677,0.26054066,0.25629172
2622217029,0.28100145,0.30652323,0.41247535
2622282220,0.30480745,0.22267315,0.47251943
2622740530,0.22676513,0.4993106,0.27392432
2622857528,0.46134233,0.24977024,0.28888738
2622921180,0.36472377,0.31741306,0.31786326
2623248017,0.47889867,0.24484731,0.276254
2623612810,0.37979004,0.38626006,0.2339499
2623950929,0.34648496,0.43126634,0.22224866
2624830842,0.33223435,0.3697076,0.29805797
2624936581,0.44435304,0.27915248,0.27649447
2627779921,0.22278777,0.48036152,0.29685074
2628003473,0.20401198,0.513705,0.282283
2628613398,0.37854984,0.31392765,0.3075225
2628967643,0.17967646,0.59847367,0.2218499
2629341501,0.58661157,0.19259828,0.22079012
2629428022,0.2515155,0.43861803,0.30986652
2629681970,0.34915972,0.34877515,0.30206507
2629696096,0.5333583,0.18546088,0.28118086
2629723689,0.334636,0.38760537,0.27775863
2630820815,0.281788,0.4377031,0.28050888
2630970152,0.40833178,0.29151627,0.30015197
2631883040,0.117660835,0.64876604,0.23357312
2632064731,0.27875823,0.3063293,0.41491243
2632072416,0.2868904,0.43403146,0.27907822
2633440745,0.29372248,0.33863318,0.36764434
2633746211,0.16995531,0.33542964,0.49461514
2633901613,0.19598234,0.11526411,0.68875355
2634392700,0.19446404,0.41790178,0.38763416
2634440461,0.3142176,0.38921952,0.29656285
2634799403,0.3244628,0.3396273,0.33590984
2634977401,0.1665527,0.22601911,0.6074282
2635027724,0.21163863,0.13188125,0.6564802
2635309103,0.33534136,0.29100162,0.37365705
2635379509,0.23110539,0.24243996,0.52645457
2635496029,0.28666848,0.41213593,0.30119556
2635635384,0.37291253,0.32595816,0.30112928
2635875000,0.36466032,0.32014483,0.31519482
2636068965,0.28855664,0.37241194,0.33903152
2636395090,0.24004927,0.448709,0.31124175
2638033757,0.23524362,0.56657046,0.1981859
2638432372,0.17269197,0.62777424,0.1995338
2638685387,0.36258164,0.3153846,0.3220337
2638726111,0.39102802,0.29710367,0.31186828
2639354745,0.2009898,0.49392194,0.30508828
2639867292,0.5948551,0.2008256,0.20431931
2640243361,0.27784166,0.31364182,0.40851656
2640389885,0.17468713,0.56590664,0.25940624
2640755610,0.42808163,0.30287263,0.2690457
2641624401,0.3382669,0.34758314,0.31414995
2642011920,0.27979714,0.3364922,0.38371068
2642158926,0.2718066,0.28677508,0.4414184
2642571972,0.31156796,0.47026688,0.21816511
2642677217,0.29817334,0.39876476,0.30306193
2642986580,0.27505097,0.36857867,0.3563704
2643113459,0.19232337,0.53364813,0.2740285
2643276500,0.18718965,0.5550236,0.25778675
2644243063,0.3002366,0.41025257,0.2895108
2644764592,0.1757399,0.6003042,0.22395594
2644861445,0.19934377,0.57163656,0.22901969
2644963929,0.6585465,0.14782192,0.19363157
2645197780,0.345517,0.23796493,0.4165181
2646632718,0.7458613,0.088523,0.16561571
2646826750,0.22482798,0.38099983,0.39417216
2646896377,0.51988953,0.18485694,0.29525352
2647100346,0.5226646,0.21429624,0.26303917
2647450560,0.34430408,0.27965096,0.37604496
2647987455,0.38915876,0.3407285,0.27011275
2648576746,0.3500699,0.29627025,0.35365978
2648901215,0.14349434,0.62526053,0.23124518
2649330271,0.38294592,0.35221225,0.26484182
2650349351,0.2891761,0.3177923,0.39303163
2650897506,0.25284725,0.42554122,0.32161155
2650952821,0.49352425,0.2569311,0.24954468
2651103187,0.295472,0.41228703,0.29224092
2651203910,0.31769782,0.37263492,0.30966717
2651257164,0.2573527,0.33034548,0.4123018
2651647015,0.23183769,0.5288475,0.23931485
2652104271,0.24159957,0.5092951,0.24910526
2652710124,0.48326975,0.20355019,0.3131801
2652799790,0.43122533,0.32223937,0.24653535
2652908037,0.28057465,0.2389016,0.4805238
2653226885,0.32852095,0.17846711,0.49301204
2653414665,0.46335384,0.32623842,0.21040773
2653607257,0.1279013,0.2763586,0.5957401
2654501657,0.27336556,0.4407113,0.28592312
2654904133,0.4210027,0.17960124,0.39939606
2655077283,0.18756074,0.4674205,0.34501877
2655827681,0.3242434,0.4331276,0.242629
2656210749,0.4325074,0.37363946,0.19385317
2657053037,0.8236617,0.0554613,0.12087703
2657584956,0.39924887,0.28168932,0.3190618
2657678836,0.30636498,0.36489075,0.32874432
2658983741,0.2896735,0.3588736,0.35145292
2659504036,0.26956576,0.45766625,0.272768
2661107082,0.31396145,0.42607912,0.25995946
2661393260,0.3154308,0.361859,0.32271025
2661480980,0.3959053,0.2950034,0.30909136
2662129718,0.21109186,0.22112858,0.56777954
2662252662,0.2712106,0.4750483,0.253741
2662265300,0.28340647,0.3354087,0.38118485
2662488090,0.35971212,0.31975368,0.3205342
2662847150,0.5005233,0.26302907,0.2364476
2663572265,0.3404459,0.3509552,0.3085989
2664162178,0.3589202,0.25309297,0.38798687
2664750251,0.22471975,0.28010714,0.49517316
2664910327,0.5303477,0.22120157,0.24845082
2665450916,0.45143837,0.28680244,0.26175922
2665472656,0.33089066,0.37552682,0.29358247
2666069335,0.3234213,0.2971579,0.37942085
2666134370,0.22341128,0.5836692,0.19291958
2666339653,0.19963978,0.63543755,0.16492264
2666390099,0.34094504,0.40389827,0.25515684
2666686179,0.28796855,0.37430435,0.33772707
2666778854,0.30453107,0.4240448,0.2714242
2667508985,0.28213218,0.3683471,0.34952077
2668358741,0.022485318,0.91218865,0.06532594
2668484946,0.3483261,0.197479,0.45419487
2668650461,0.12616388,0.5810168,0.29281932
2668877030,0.3834653,0.28546894,0.33106574
2669445059,0.3475565,0.30030578,0.3521377
2669930085,0.35180542,0.31339595,0.3347986
2669962988,0.56407714,0.19010675,0.24581611
2670766855,0.32579902,0.157042,0.5171589
2670893679,0.22859965,0.4107744,0.360626
2671496667,0.32225743,0.33565927,0.34208325
2671595889,0.08843065,0.54796857,0.36360076
2672342011,0.19942792,0.19942792,0.60114413
2672368276,0.1986803,0.5705749,0.23074482
2672615984,0.37641636,0.24872394,0.37485972
2672885410,0.3581204,0.20954108,0.4323385
2673866549,0.13934818,0.39092508,0.4697267
2674392516,0.3666345,0.30884358,0.32452196
2674807619,0.2942399,0.4183284,0.28743166
2674816424,0.4033935,0.34030077,0.25630584
2675049769,0.33031338,0.3137915,0.35589513
2675379826,0.20444459,0.44004637,0.355509
2675480778,0.6424392,0.14699884,0.21056202
2676134237,0.59205705,0.18481511,0.22312783
2676167923,0.21170913,0.523221,0.2650699
2676334503,0.02465448,0.45262757,0.5227179
2677011922,0.3621615,0.3685052,0.26933333
2677844288,0.3144158,0.3779136,0.30767053
2677909284,0.09308677,0.68463093,0.2222823
2678216391,0.2782525,0.39327466,0.3284728
2678500577,0.47629344,0.087924935,0.4357816
2678612407,0.7607995,0.08312218,0.15607828
2678725365,0.452941,0.28254357,0.26451537
2679962858,0.42717272,0.39425862,0.17856869
2680472424,0.36773425,0.2837006,0.34856513
2680948461,0.33987182,0.27256268,0.38756546
2681441511,0.13939625,0.18925305,0.6713507
2682330164,0.4569371,0.3035744,0.23948848
2682844079,0.45327654,0.23000288,0.31672058
2683340662,0.18913104,0.5662291,0.24463983
2683926022,0.8545445,0.027051657,0.11840381
2683936592,0.18808258,0.47714806,0.33476934
2684724272,0.21326411,0.598123,0.18861277
2684867316,0.2009626,0.500594,0.29844338
2685180242,0.21618655,0.5527067,0.23110667
2686114681,0.38668972,0.27484867,0.33846158
2686128981,0.38283423,0.29104304,0.32612273
2686642955,0.34770912,0.31631047,0.3359804
2686759658,0.44919258,0.2023779,0.34842956
2687304956,0.38592583,0.45986247,0.15421177
2687333181,0.13775827,0.19186002,0.67038167
2687359433,0.39297757,0.048377838,0.55864465
2687574757,0.13287883,0.27309313,0.59402806
2688330130,0.47814128,0.21040858,0.31145015
2690914878,0.20966788,0.54025286,0.2500793
2690922537,0.59476835,0.17218669,0.23304503
2690995749,0.25747544,0.43549272,0.3070318
2692669486,0.19537108,0.5388372,0.26579168
2692848299,0.21439157,0.4013335,0.38427496
2693376890,0.46376872,0.18121734,0.35501394
2693552564,0.3503015,0.30496806,0.34473038
2693693916,0.2690283,0.4871573,0.24381435
2694213371,0.38860092,0.32014745,0.29125166
2694437500,0.23411052,0.24238995,0.52349955
2694477619,0.57738656,0.17662555,0.24598795
2695478636,0.3138456,0.30209336,0.38406104
2696789568,0.548268,0.21978632,0.23194571
2697942771,0.40184385,0.33496836,0.26318786
2699761810,0.3360564,0.3907689,0.27317473
2700017812,0.41131836,0.31674317,0.27193844
2700135547,0.21206754,0.22617711,0.5617554
2700975081,0.23077121,0.52279764,0.24643116
2701246063,0.33487004,0.342928,0.32220188
2701654752,0.34928054,0.37967002,0.27104947
2702185230,0.7835258,0.05736511,0.15910909
2702234935,0.77087235,0.06671948,0.16240811
2702504080,0.4173859,0.26271394,0.31990016
2703530876,0.5638068,0.12994541,0.30624777
2703781385,0.2892342,0.41230893,0.29845688
2703877418,0.37077084,0.28653714,0.34269205
2704737495,0.1756217,0.36881685,0.4555614
2704846034,0.26923198,0.2480801,0.48268798
2705198884,0.26590422,0.468375,0.26572084
2705328844,0.120797426,0.648395,0.23080765
2705741579,0.62827957,0.24198751,0.12973289
2705821389,0.48773798,0.24633536,0.26592666
2706292703,0.3372069,0.3731999,0.2895932
2706321160,0.44380924,0.24422148,0.31196925
2706400748,0.33219352,0.21810125,0.4497052
2707073425,0.3110205,0.14797121,0.54100823
2707254833,0.32014713,0.3649952,0.31485772
2707664180,0.20312664,0.52668947,0.27018392
2707849630,0.3326937,0.25893208,0.40837425
2707980323,0.33882636,0.47277808,0.18839562
2708013421,0.29451314,0.27479258,0.43069422
2708933044,0.14804116,0.6821117,0.16984712
2709069268,0.07699066,0.6037549,0.31925446
2710155416,0.36444798,0.28412497,0.35142705
2710482080,0.2928368,0.44659594,0.26056734
2710613300,0.15110305,0.6290233,0.21987365
2711066616,0.38642386,0.35683033,0.25674585
2711216727,0.31398147,0.3879205,0.29809803
2711282766,0.25240135,0.4459396,0.30165902
2712182566,0.18964346,0.48986474,0.32049182
2712744950,0.11708847,0.6717729,0.2111386
2713575292,0.18021335,0.37027818,0.44950843
2713680330,0.46281648,0.2172359,0.3199477
2713827048,0.40438458,0.24084081,0.35477462
2714022550,0.30915418,0.13251872,0.558327
2714127952,0.26461604,0.3832999,0.35208404
2714642802,0.40701222,0.25558192,0.33740592
2714742796,0.38638157,0.29149303,0.32212546
2714790055,0.36468464,0.36167756,0.27363777
2715228831,0.3266213,0.3674085,0.30597028
2715420547,0.45745286,0.27655086,0.26599625
2716058961,0.30134818,0.29264316,0.4060086
2716162331,0.38428375,0.33666134,0.2790549
2716725342,0.65546346,0.052597772,0.29193878
2716744120,0.20941138,0.22644581,0.5641428
2717626700,0.39682952,0.2671189,0.33605167
2717921085,0.33889097,0.35622427,0.30488476
2718023528,0.23504603,0.48745838,0.27749565
2718162660,0.25630412,0.40927097,0.33442485
2718286919,0.40765983,0.3323399,0.26000026
2718289975,0.16960566,0.6263351,0.20405932
2718637009,0.45473638,0.22819316,0.3170705
2719420096,0.22685301,0.3144179,0.458729
2719435582,0.25106144,0.23254584,0.51639277
2719726957,0.26350108,0.4564591,0.28003985
2720130337,0.5346568,0.20370023,0.2616429
2720379139,0.7697584,0.06951569,0.16072589
2720504046,0.4095047,0.29880273,0.29169253
2721158228,0.73111176,0.107184604,0.16170363
2721207957,0.5487254,0.19960752,0.25166708
2721522965,0.13020356,0.12446939,0.74532706
2721733356,0.26887807,0.472089,0.25903293
2722812133,0.47192937,0.25702575,0.2710448
2723062279,0.15973584,0.5462371,0.294027
2723697820,0.26977852,0.36344177,0.36677974
2723714271,0.38511333,0.29797786,0.31690878
2723890219,0.23947112,0.53574485,0.224784
2724090607,0.41829184,0.27033934,0.31136882
2724572869,0.12159841,0.5936938,0.28470778
2724775035,0.16186951,0.6062453,0.2318852
2725493801,0.5118771,0.20984314,0.27827978
2725573137,0.28914222,0.38614738,0.32471043
2725709667,0.88586324,0.040142376,0.07399441
2725796544,0.296301,0.45923388,0.24446505
2726252555,0.15502822,0.28176084,0.56321096
2727166939,0.4689613,0.28481907,0.2462196
2727956232,0.22631118,0.51265466,0.26103422
2728068647,0.36505008,0.33592936,0.29902056
2728647949,0.34269872,0.3438938,0.3134075
2728862762,0.41660583,0.3496732,0.23372091
2728881717,0.31622195,0.48253644,0.20124164
2728909100,0.24306056,0.5160447,0.24089481
2728931315,0.23747253,0.50248283,0.26004466
2729209698,0.44969088,0.24791576,0.30239335
2730084196,0.22311826,0.48547345,0.29140824
2730393018,0.4338673,0.1603091,0.40582362
2730588217,0.35983095,0.32122362,0.3189454
2731356564,0.39384866,0.34609258,0.2600588
2731602574,0.60432994,0.176608,0.21906206
2731865870,0.3746491,0.35477194,0.270579
2731992446,0.21840796,0.21307507,0.56851697
2732058171,0.4378545,0.25928107,0.30286446
2732379633,0.5219376,0.24674065,0.23132178
2733107849,0.14983699,0.6121255,0.23803748
2734329574,0.36220127,0.29323685,0.34456187
2734598424,0.28195313,0.49533957,0.22270727
2734641236,0.37735322,0.28423533,0.33841145
2734925182,0.3535171,0.38752684,0.25895602
2735414637,0.58931947,0.19620831,0.21447222
2736188469,0.599519,0.14761172,0.2528692
2736885169,0.38773075,0.3170766,0.29519278
2736894157,0.30313292,0.21246944,0.48439765
2736921080,0.04468613,0.73137367,0.22394025
2737232807,0.5062732,0.2377745,0.25595224
2737635645,0.43185273,0.28037745,0.28776988
2739780223,0.3466998,0.31740063,0.3358995
2739955735,0.2510123,0.41033483,0.3386529
2740659120,0.57136756,0.17537549,0.2532569
2740957851,0.18599106,0.59101564,0.22299331
2741103551,0.35065854,0.2907035,0.35863808
2741215371,0.26626465,0.25513646,0.47859886
2741241990,0.4493471,0.18766892,0.36298394
2741728095,0.17628515,0.16486867,0.65884626
2741866300,0.35154894,0.33598772,0.31246343
2742924145,0.33032367,0.3436841,0.3259922
2743593824,0.27218422,0.35103163,0.37678412
2743974999,0.46896273,0.24433015,0.2867072
2744250595,0.422183,0.28515562,0.29266143
2745390556,0.36403546,0.31959516,0.31636938
2745462603,0.33101776,0.35633025,0.31265196
2745527641,0.281594,0.3823351,0.33607087
2745951671,0.45159465,0.23175003,0.31665534
2746534792,0.16958205,0.59529996,0.23511806
2746667690,0.1367272,0.21269503,0.6505778
2746824011,0.690595,0.06538713,0.24401791
2747563094,0.1713081,0.42797717,0.4007147
2748368162,0.6126946,0.1586301,0.2286753
2749182844,0.42277673,0.24939546,0.32782787
2749420160,0.40648898,0.3193568,0.27415422
2749825048,0.46432316,0.27253497,0.26314187
2749839990,0.082270876,0.35553136,0.5621977
2749929225,0.2637634,0.46143198,0.27480462
2750813415,0.20200104,0.5102469,0.2877521
2751123149,0.18670231,0.6123882,0.20090945
2751315653,0.24015182,0.3858887,0.37395948
2751348587,0.28573745,0.45432308,0.25993946
2751416705,0.25515684,0.49631098,0.24853218
2751635032,0.31909037,0.35637036,0.32453918
2752207920,0.20305794,0.50059307,0.29634905
2753346926,0.31286618,0.3080366,0.37909722
2753526163,0.32532874,0.41026714,0.26440415
2753534867,0.2583647,0.30150253,0.44013283
2753714405,0.4520481,0.287542,0.26040995
2753725083,0.29291302,0.36554968,0.3415374
2753768528,0.30123448,0.44065216,0.25811332
2754005966,0.06773802,0.636925,0.29533693
2754931297,0.35755014,0.3144405,0.32800943
2755112385,0.3050896,0.30838922,0.38652113
2755247207,0.4520235,0.16919863,0.37877786
2755304273,0.005783754,0.96289927,0.031317007
2755377523,0.14406349,0.6109485,0.24498802
2756597162,0.45909858,0.25164378,0.2892577
2756673974,0.38062787,0.29611146,0.32326066
2756716266,0.27313176,0.44539002,0.28147823
2756784802,0.14132538,0.5299283,0.3287463
2757124837,0.39809343,0.21249415,0.38941246
2757190820,0.24164793,0.4340203,0.3243318
2757435768,0.15782416,0.70180935,0.14036651
2757600754,0.122111075,0.113596976,0.76429194
2758529185,0.04957293,0.84443784,0.10598932
2758696734,0.6852166,0.17747031,0.13731307
2759793150,0.45058158,0.2514842,0.29793423
2759870317,0.20291726,0.4459732,0.35110962
2759926673,0.15160602,0.6353542,0.2130397
2760219462,0.296858,0.28489158,0.4182504
2760529844,0.3097445,0.29566893,0.3945866
2760992138,0.30502743,0.25243345,0.44253916
2761300684,0.19758482,0.52634674,0.27606842
2762173547,0.34437877,0.16727605,0.48834515
2762401645,0.568792,0.19206509,0.23914294
2763028169,0.23409829,0.33732313,0.42857862
2763636528,0.50406843,0.23841184,0.25751978
2764021959,0.4247058,0.27917963,0.29611453
2764263485,0.504583,0.25660196,0.2388151
2764278004,0.43168795,0.27219284,0.29611924
2764504636,0.35722175,0.30775785,0.33502042
2764612994,0.19102815,0.56655186,0.24241996
2765103228,0.33520764,0.40456033,0.26023203
2766168632,0.30365166,0.43499276,0.26135567
2766339586,0.24697766,0.52860016,0.2244222
2766968692,0.32261834,0.37876737,0.2986143
2767042503,0.6052357,0.2091752,0.18558903
2767264540,0.40396404,0.3072515,0.28878444
2769088569,0.3457738,0.1375318,0.5166943
2770813912,0.33392063,0.37274644,0.2933329
2770814325,0.16495325,0.6111267,0.22392008
2771180417,0.26735422,0.319492,0.41315383
2771259701,0.6849277,0.11137432,0.20369796
2771373282,0.10081326,0.08546127,0.81372553
2771381309,0.38944992,0.24601552,0.36453456
2771449166,0.19641714,0.30406222,0.49952063
2771615169,0.30506277,0.36079347,0.33414376
2771890367,0.2831539,0.32037246,0.39647365
2772153318,0.2251197,0.6855869,0.089293316
2772581618,0.18831792,0.62769526,0.18398686
2773132203,0.58701116,0.13497207,0.2780168
2773154274,0.41511342,0.3011657,0.28372088
2773420012,0.6016885,0.14280853,0.2555029
2773628404,0.19147845,0.4700796,0.33844197
2774241860,0.46650058,0.23260514,0.30089432
2775679427,0.40644255,0.31559274,0.2779647
2776109837,0.42819983,0.30424255,0.2675576
2776778299,0.14119233,0.2852289,0.5735787
2776945684,0.14501545,0.6635308,0.19145378
2777207840,0.08446681,0.71608895,0.19944419
2777317098,0.37721717,0.26252294,0.36025983
2778002131,0.23671313,0.22868578,0.5346011
2778253253,0.056952707,0.8365537,0.10649366
2778646456,0.52236056,0.17070137,0.30693808
2778713977,0.38045987,0.33431092,0.2852292
2778959003,0.28304005,0.4120182,0.30494177
2779130886,0.16307423,0.6327726,0.20415324
2779393190,0.27559736,0.4491417,0.27526087
2779508183,0.14642772,0.63926077,0.21431157
2780068290,0.20180854,0.552755,0.2454364
2780326017,0.3350709,0.35457957,0.31034955
2781200254,0.12456864,0.38391307,0.4915183
2781311376,0.3576668,0.354893,0.28744024
2781821215,0.7155136,0.054208208,0.23027824
2783192710,0.35037556,0.3853904,0.26423404
2784000806,0.39654335,0.3177855,0.28567114
2784333446,0.3553119,0.3318722,0.31281593
2784465461,0.38421634,0.32470527,0.29107842
2785630003,0.2568573,0.4909119,0.25223076
2785952577,0.27654058,0.18562655,0.5378329
2786303931,0.33651912,0.40230578,0.26117513
2786693365,0.59753406,0.15251741,0.24994852
2786800215,0.28226325,0.45862234,0.2591144
2787635297,0.031273507,0.88265073,0.086075634
2787646127,0.47468364,0.2138032,0.31151316
2787790533,0.2794351,0.30795214,0.41261277
2788172325,0.0727378,0.6176385,0.30962363
2788847259,0.1441748,0.648704,0.20712125
2789396693,0.37471437,0.3332014,0.2920842
2789978964,0.21153818,0.3238049,0.46465692
2790242798,0.4822265,0.24432701,0.2734466
2790435881,0.18586844,0.30982324,0.50430834
2790755472,0.34422347,0.27321133,0.38256523
2790853470,0.5164289,0.2211391,0.26243213
2791387744,0.18119216,0.4883056,0.33050227
2791416222,0.29233488,0.3819763,0.32568884
2792024976,0.031109085,0.86335,0.10554102
2792078474,0.42499915,0.26102373,0.31397715
2792555497,0.28377983,0.28896958,0.4272506
2793211603,0.2763434,0.40584588,0.31781065
2793242896,0.29852533,0.35742012,0.34405452
2794708942,0.24366412,0.35065183,0.40568405
2795126419,0.4362247,0.26850924,0.29526606
2795320378,0.684433,0.12197531,0.19359177
2795688029,0.200936,0.53981173,0.2592523
2796926471,0.43168578,0.28598613,0.2823281
2797073575,0.11616224,0.73285794,0.15097986
2797223203,0.32908982,0.32876754,0.3421427
2798293291,0.055212278,0.48029503,0.46449268
2799078195,0.5039289,0.21144181,0.28462923
2799199657,0.33377308,0.34011063,0.32611626
2799544266,0.49111432,0.18022974,0.32865602
2800239334,0.15370817,0.5783061,0.2679857
2800330269,0.35186842,0.33690313,0.31122845
2800634345,0.7240423,0.079443656,0.19651406
2802998739,0.53630596,0.12389643,0.33979753
2803032973,0.27509746,0.4356411,0.2892615
2803059866,0.22144231,0.37436038,0.4041973
2803170535,0.284177,0.3662233,0.34959963
2803234785,0.26851246,0.44547334,0.28601414
2803435874,0.20782065,0.26617974,0.52599955
2804243435,0.30880198,0.39714694,0.29405096
2804396007,0.35415906,0.23342219,0.4124187
2804535775,0.4060614,0.2788019,0.31513667
2804778603,0.57594264,0.18528119,0.23877618
2805079799,0.31490868,0.35706604,0.32802522
2805094259,0.22449161,0.49012834,0.28538007
2805385670,0.41790095,0.24412476,0.33797434
2805403363,0.33515134,0.38396195,0.28088668
2805575230,0.40987998,0.27922693,0.31089303
2805619957,0.3254852,0.3807858,0.29372904
2805679734,0.46902004,0.23553035,0.29544964
2805777351,0.3719073,0.37719765,0.25089505
2806144810,0.28857836,0.3255753,0.38584638
2806161176,0.6396245,0.12949766,0.23087789
2807405489,0.31231216,0.36859146,0.3190964
2807635913,0.5100902,0.24938458,0.24052534
2807688160,0.41682371,0.31770808,0.26546827
2808883199,0.046790496,0.8697706,0.083438955
2808927023,0.57481223,0.2016746,0.22351316
2809039997,0.43761793,0.29416093,0.26822114
2809350427,0.15514961,0.55871403,0.28613636
2809467975,0.31911498,0.3674404,0.31344464
2809770127,0.45156616,0.22376397,0.32466993
2809813883,0.91906506,0.0035645692,0.07737043
2809840561,0.43708748,0.27105424,0.29185823
2809861578,0.2830112,0.33450466,0.38248417
2810385599,0.1362625,0.5428702,0.32086733
2811743750,0.5554199,0.18700777,0.25757232
2811758924,0.8850014,0.01488801,0.10011052
2812145239,0.36240092,0.2557887,0.38181043
2812146448,0.2405748,0.49639165,0.26303348
2812774151,0.5986002,0.18658166,0.21481812
2813058116,0.23569785,0.37649307,0.38780907
2813925833,0.42592227,0.33168203,0.24239568
2814396157,0.41451678,0.30781135,0.27767193
2814468842,0.37301868,0.3099732,0.31700805
2814752190,0.3054148,0.34832317,0.346262
2814892168,0.45691854,0.212388,0.33069345
2815103786,0.34979713,0.43407243,0.21613038
2815876878,0.3068228,0.3573702,0.335807
2816463400,0.48217365,0.23189202,0.2859344
2816483935,0.26068762,0.43950978,0.29980263
2816509802,0.16761872,0.55840963,0.27397165
2816633360,0.3222638,0.26331377,0.41442242
2817050671,0.31955025,0.40929928,0.2711504
2817290321,0.41479638,0.23929998,0.34590358
2817432065,0.4198264,0.3058161,0.2743575
2817620105,0.27716973,0.39365405,0.3291762
2817652318,0.2293102,0.5257171,0.24497272
2817880590,0.32150885,0.27592564,0.4025655
2817903895,0.3311515,0.39968598,0.2691626
2818295728,0.15621994,0.6786497,0.16513033
2818664369,0.21200436,0.30754566,0.48045
2818833637,0.34332588,0.17156781,0.48510635
2819066147,0.5561848,0.23428954,0.20952564
2820082238,0.28709185,0.38608357,0.32682458
2820392319,0.16894135,0.5157808,0.31527784
2820671762,0.25080642,0.26482168,0.4843719
2821310563,0.28154218,0.3548315,0.36362633
2821382044,0.52280796,0.21911332,0.2580787
2822721417,0.28887233,0.43143147,0.27969614
2822863556,0.28708553,0.34459135,0.36832306
2823067067,0.27916655,0.4280392,0.29279426
2823428184,0.2148658,0.3575023,0.42763194
2823553577,0.7388088,0.10102088,0.16017027
2823558795,0.32859877,0.38061368,0.2907876
2824049260,0.3566508,0.40752852,0.2358207
2824394469,0.10405606,0.3078087,0.5881353
2824404254,0.15397644,0.023907943,0.8221157
2824768312,0.33498508,0.39476573,0.27024925
2825340484,0.4658068,0.20924537,0.32494774
2825490815,0.42728868,0.29521972,0.2774915
2825655607,0.2780267,0.3329252,0.38904807
2825955695,0.08106616,0.6378544,0.2810794
2826004812,0.22820011,0.22530523,0.54649466
2826079559,0.4358197,0.36646554,0.19771476
2826142569,0.294534,0.43767983,0.26778618
2827150900,0.27935153,0.12796402,0.59268445
2827398860,0.31255174,0.32069284,0.36675543
2827587516,0.2898427,0.35987112,0.35028616
2827775402,0.87620324,0.025413534,0.098383285
2827878326,0.19043942,0.4438489,0.36571172
2828369376,0.2970515,0.33463585,0.3683127
2828751327,0.50356084,0.24463817,0.25180098
2829164316,0.36935538,0.386524,0.24412069
2829701372,0.24276409,0.24895611,0.50827974
2831290183,0.26063782,0.5049664,0.23439582
2831395128,0.121815465,0.44436952,0.43381506
2832186289,0.3216683,0.34509858,0.33323312
2832858443,0.46928853,0.2455989,0.28511256
2833387397,0.330765,0.35000852,0.31922647
2833765683,0.551114,0.24286279,0.20602317
2834061002,0.17532593,0.61026824,0.21440585
2834064621,0.5639176,0.19510758,0.24097484
2834754050,0.24256368,0.33138126,0.42605507
2834793060,0.3163291,0.33049503,0.35317588
2834794782,0.39441484,0.3361574,0.2694278
2835640764,0.23575568,0.47985062,0.28439364
2836095321,0.4187464,0.2213558,0.3598978
2836371217,0.40198916,0.26879415,0.3292167
2836577732,0.3075496,0.43673953,0.25571087
2837840934,0.3375247,0.32207352,0.3404018
2838231383,0.3495976,0.28143418,0.36896822
2838460255,0.29031432,0.3856476,0.3240381
2839278622,0.261004,0.40455422,0.3344418
2839840273,0.298273,0.39903513,0.3026918
2840080051,0.18691333,0.5817703,0.23131631
2841324356,0.204789,0.204789,0.59042203
2842017661,0.29877827,0.41168407,0.28953767
2842136305,0.5011118,0.21554282,0.2833454
2842154104,0.15613349,0.65168744,0.19217901
2842441506,0.1472704,0.43885416,0.41387552
2842657578,0.17062688,0.17945749,0.64991564
2842691985,0.68416333,0.12255134,0.19328538
2843583011,0.36374673,0.30911064,0.3271426
2843631700,0.38753513,0.35145572,0.26100916
2843784232,0.55093074,0.18332353,0.26574573
2844626206,0.38779342,0.28967252,0.32253408
2846246533,0.54229087,0.20050326,0.25720587
2846914287,0.35808304,0.36420086,0.2777161
2847064284,0.29182485,0.29182485,0.4163503
2847381835,0.20741324,0.37170675,0.42088008
2847730349,0.42568046,0.27003887,0.30428064
2848213239,0.1980348,0.35086,0.4511052
2848416370,0.21592858,0.50474304,0.27932835
2848783119,0.4594231,0.2761405,0.26443636
2849005549,0.57217073,0.1977778,0.2300515
2850438319,0.34549642,0.259768,0.39473557
2851103942,0.21505107,0.50583565,0.27911323
2851894235,0.43774775,0.30860355,0.25364864
2851985500,0.37965983,0.35943475,0.26090547
2852115275,0.29104698,0.38886812,0.3200849
2852722193,0.26311526,0.37710822,0.3597766
2852733359,0.58617073,0.21112329,0.20270601
2853353246,0.38392407,0.3083899,0.307686
2854290863,0.24211279,0.5139772,0.24390996
2854362530,0.31274936,0.40243292,0.28481773
2855242136,0.29223034,0.4018264,0.30594325
2855370238,0.25668484,0.2276106,0.5157045
2856863316,0.18586698,0.47863737,0.33549562
2857409042,0.30568317,0.40038276,0.2939341
2858234291,0.24602067,0.46753234,0.28644702
2858386456,0.4439934,0.2723137,0.28369293
2858718275,0.5145008,0.24347107,0.24202824
2859359425,0.50530463,0.25457418,0.24012123
2859524252,0.29500028,0.42448825,0.2805115
2859623587,0.34031773,0.2811574,0.37852493
2859651764,0.3562047,0.41955826,0.22423704
2859962860,0.4343044,0.2142738,0.35142177
2861218922,0.31632006,0.40313947,0.2805405
2861328535,0.13416241,0.22095215,0.6448855
2861379309,0.48780715,0.02594074,0.48625207
2862292070,0.375413,0.31865555,0.30593145
2862525906,0.24414344,0.5237471,0.23210955
2862551520,0.4624045,0.25537112,0.28222442
2864065334,0.1856726,0.5292163,0.28511116
2865339945,0.14044352,0.42220557,0.43735093
2865724375,0.2896788,0.40953264,0.30078858
2866073172,0.35653135,0.30660108,0.33686757
2866211930,0.42864254,0.2043834,0.36697406
2866250187,0.29062927,0.4255273,0.2838434
2866305078,0.2629286,0.52072245,0.21634905
2868528031,0.24818948,0.4654254,0.28638512
2868951493,0.5342334,0.18443751,0.28132915
2869494117,0.40936777,0.33062768,0.26000455
2869838446,0.23079889,0.3104863,0.45871484
2870393259,0.23764187,0.3077118,0.45464635
2870413416,0.27988222,0.36288732,0.35723048
2870616858,0.34634686,0.37195244,0.2817007
2870631181,0.3735436,0.38715968,0.2392967
2870693566,0.42847106,0.2542024,0.31732655
2871042933,0.23281206,0.53092307,0.23626484
2871363581,0.33666223,0.34432957,0.31900814
2871375313,0.182779,0.36557963,0.45164126
2871847175,0.33949572,0.2592383,0.40126598
2871887394,0.2892363,0.3655005,0.3452632
2872094130,0.09107179,0.7700977,0.13883062
2872159432,0.41298187,0.30689955,0.28011858
2872360446,0.28542927,0.50760925,0.20696145
2872610676,0.3946899,0.21253742,0.3927727
2872853308,0.34497917,0.3446448,0.3103761
2874532534,0.52154034,0.2161039,0.26235574
2874696715,0.30488572,0.3668412,0.3282731
2875101326,0.3947991,0.25379395,0.3514069
2875779732,0.52811056,0.19434647,0.27754295
2876549151,0.36043477,0.3493563,0.29020885
2876601925,0.13030921,0.6922747,0.17741607
2876888697,0.35137957,0.35068104,0.29793945
2877027748,0.3749476,0.313532,0.31152037
2877694709,0.10141956,0.7365103,0.1620702
2878563788,0.31531364,0.37903136,0.30565497
2879188531,0.093408935,0.3059896,0.60060143
2880489315,0.26995215,0.4526672,0.27738068
2880726120,0.2800828,0.4374484,0.28246877
2880844070,0.11628536,0.58521646,0.29849818
2881108296,0.41781417,0.32452872,0.2576571
2881538229,0.37802008,0.3251606,0.29681936
2882249696,0.45256847,0.30247512,0.24495639
2882369097,0.5294594,0.20435385,0.26618677
2882804645,0.20614022,0.20614022,0.5877195
2883848090,0.20376603,0.5719401,0.22429377
2884190408,0.63666725,0.15357955,0.20975319
2884683490,0.24981672,0.44601294,0.30417025
2884907082,0.4287812,0.3157187,0.2555001
2885594417,0.24742217,0.42060396,0.33197385
2885801828,0.37330064,0.3196291,0.30707034
2886021248,0.2277851,0.17283872,0.59937626
2886381771,0.27078786,0.469285,0.25992718
2887762530,0.4701913,0.27245072,0.25735795
2887838027,0.5748154,0.23858492,0.18659973
2888187358,0.34210485,0.37340298,0.28449214
2888282747,0.35773233,0.34877512,0.29349262
2888592332,0.572675,0.23212092,0.19520411
2889569546,0.23789021,0.45595303,0.30615672
2890079351,0.27876344,0.48529273,0.23594384
2890094824,0.25402805,0.34283698,0.40313488
2890163462,0.3535935,0.31509307,0.3313133
2890494674,0.38506502,0.34376872,0.27116627
2891377218,0.21483558,0.4712043,0.31396022
2891642659,0.15932338,0.17125165,0.66942495
2892283778,0.3787772,0.3209575,0.30026525
2892498124,0.28142273,0.2667881,0.45178923
2893618881,0.3750526,0.32104543,0.303902
2894074712,0.50437385,0.23507242,0.26055375
2894133650,0.17681113,0.61194575,0.21124317
2894220969,0.41141596,0.27063063,0.3179534
2894812106,0.31414375,0.31414375,0.3717125
2894855686,0.50102794,0.20841318,0.29055887
2895783239,0.2367663,0.47118697,0.29204676
2896267586,0.13381286,0.6323458,0.23384136
2897016304,0.24767259,0.40312585,0.34920153
2897860859,0.3816975,0.26535302,0.3529495
2898028521,0.39742798,0.33498025,0.26759177
2898127291,0.28891322,0.14474867,0.56633806
2898498916,0.32807434,0.4081425,0.26378313
2898667822,0.25922334,0.47554353,0.26523316
2898754250,0.42535168,0.25857946,0.3160688
2898979678,0.13486823,0.57733446,0.28779724
2899799867,0.41699907,0.28628814,0.29671273
2900295010,0.37315428,0.32258898,0.3042567
2901113179,0.17446668,0.21801604,0.6075173
2901559074,0.44967812,0.2903479,0.259974
2901774444,0.27641916,0.19154137,0.53203946
2902343638,0.4309026,0.2930691,0.2760283
2902520468,0.39502904,0.28268427,0.32228673
2902770888,0.51697886,0.12903762,0.35398355
2903408427,0.5372739,0.23724084,0.22548537
2903534900,0.52206075,0.23820373,0.23973554
2904015990,0.24812628,0.198118,0.55375564
2904105681,0.28401694,0.35168862,0.3642945
2904138986,0.36653924,0.32420444,0.3092563
2904931604,0.022356058,0.030278618,0.9473653
2904940035,0.68155307,0.13725697,0.18118997
2905024860,0.29202315,0.44630554,0.26167133
2905360923,0.22419997,0.5811153,0.19468474
2905377249,0.16321582,0.66737753,0.16940661
2905462605,0.6957526,0.1352282,0.16901918
2905988126,0.25648397,0.39987364,0.3436425
2906494588,0.6644734,0.13277987,0.20274672
2906604755,0.20480731,0.20480731,0.59038544
2908305514,0.22103333,0.46544152,0.31352517
2908888488,0.26086062,0.49872893,0.24041043
2908933313,0.31349486,0.4297703,0.2567348
2909153744,0.5845109,0.20554668,0.20994234
2909474515,0.3176769,0.105981536,0.5763416
2910723263,0.46983612,0.14017488,0.38998905
2911123037,0.090728216,0.7630738,0.14619797
2911621969,0.3459555,0.3923026,0.26174182
2911877073,0.34717682,0.26026553,0.39255765
2912009485,0.6232398,0.19642934,0.18033087
2912015016,0.18800396,0.39658868,0.41540736
2912784922,0.2617185,0.40865743,0.32962403
2912884861,0.15490593,0.40120193,0.44389215
2913006932,0.24617681,0.30106425,0.45275897
2913540976,0.4713137,0.2711167,0.25756964
2913654161,0.4774997,0.22993477,0.29256555
2914099937,0.304577,0.4089057,0.28651732
2914204499,0.4328704,0.12249054,0.4446391
2915225023,0.28660938,0.25684598,0.45654467
2915562490,0.28303328,0.4091138,0.30785298
2916245186,0.3924733,0.27831826,0.32920843
2916763720,0.41003078,0.3064349,0.2835343
2916923980,0.44421327,0.2832049,0.27258188
2917566896,0.23004134,0.5531359,0.21682277
2917794714,0.4299175,0.16359249,0.40649003
2918187920,0.5211238,0.18939094,0.28948525
2918309889,0.20874707,0.41923675,0.3720162
2918970126,0.3864315,0.3452047,0.26836374
2919184321,0.2502145,0.4237248,0.32606068
2920712981,0.13994114,0.65878123,0.20127761
2920869359,0.28128073,0.3908653,0.32785392
2921731625,0.6536269,0.17264639,0.17372674
2921943125,0.18025173,0.57211655,0.24763171
2921990726,0.3287479,0.39175886,0.27949324
2922109087,0.45365384,0.23483302,0.31151313
2922633363,0.42498362,0.28930625,0.28571013
2922704676,0.47576252,0.26247022,0.2617673
2922777772,0.5276994,0.15937874,0.31292185
2924260562,0.4273096,0.26034325,0.3123472
2924334777,0.5730576,0.20313506,0.22380735
2924417779,0.4083908,0.22385089,0.36775836
2924893592,0.21260975,0.54887664,0.23851363
2925088295,0.21310104,0.37003353,0.41686538
2925091139,0.5556569,0.16945854,0.27488458
2925436873,0.2433164,0.27538604,0.48129758
2925714657,0.41856647,0.23986886,0.34156474
2925833047,0.37124553,0.3518978,0.2768567
2925848424,0.019823376,0.6704536,0.309723
2925917851,0.34402293,0.3921434,0.2638337
2926019716,0.40038013,0.2909496,0.3086703
2926801714,0.32635248,0.14485206,0.5287955
2926937595,0.37336344,0.38298795,0.2436487
2926958393,0.60448843,0.1770731,0.21843852
2927644719,0.38576862,0.29321402,0.32101738
2928981411,0.20778859,0.28834328,0.50386816
2929123195,0.27070677,0.4210463,0.30824688
2929491265,0.54847914,0.18117598,0.27034482
2929837567,0.47825027,0.25705555,0.2646942
2930512189,0.42002454,0.15159094,0.42838445
2931423018,0.16373283,0.6443943,0.19187291
2931496266,0.29004076,0.3143183,0.39564103
2933175188,0.27143562,0.3478469,0.38071755
2933538002,0.24668299,0.39498043,0.3583366
2933745274,0.35825443,0.3311568,0.31058884
2934358428,0.2755994,0.25681323,0.46758735
2934804039,0.5205688,0.16889128,0.31053996
2935653962,0.48978508,0.26877308,0.24144186
2936297509,0.38439345,0.33173776,0.2838688
2936555363,0.42858627,0.24899246,0.32242128
2936783161,0.19638757,0.52483195,0.2787805
2936831378,0.44993013,0.27112895,0.2789409
2936858232,0.5944654,0.20149007,0.20404461
2936907583,0.5078609,0.17901032,0.3131287
2936930476,0.3620352,0.27818254,0.3597823
2937318351,0.39050156,0.3264235,0.28307495
2937445913,0.46482453,0.2599195,0.27525592
2937799219,0.2481278,0.50704867,0.24482356
2938052543,0.40059945,0.33310235,0.26629817
2939269082,0.44229534,0.2873117,0.27039298
2939388327,0.3249711,0.4049805,0.27004847
2939450035,0.31597573,0.28617996,0.39784434
2939457083,0.41945633,0.20265548,0.37788823
2939462402,0.32775804,0.32004043,0.35220155
2939519902,0.2831951,0.35605535,0.36074966
2939582159,0.18208034,0.30624458,0.51167506
2939701736,0.37152752,0.2481923,0.38028014
2939763561,0.35441247,0.33802095,0.30756655
2940007914,0.32475555,0.42618677,0.24905764
2940056819,0.54368186,0.13177335,0.32454488
2940279021,0.23623674,0.45045766,0.31330556
2940420251,0.36936074,0.2683899,0.36224934
2940851760,0.52804995,0.22029781,0.25165218
2941101281,0.35896444,0.32006264,0.32097298
2941250115,0.3252024,0.3492087,0.32558885
2941296319,0.2329045,0.4579269,0.3091686
2941426946,0.24429995,0.41394895,0.3417511
2941429181,0.3624251,0.38739496,0.25018
2941686384,0.51899445,0.22177349,0.25923213
2942019181,0.153166,0.30951586,0.5373182
2942089011,0.56229055,0.16239163,0.2753178
2942355202,0.26893964,0.44650987,0.28455055
2942701228,0.44666728,0.29200074,0.26133198
2943139478,0.27011645,0.064325705,0.66555786
2943896698,0.30911645,0.37251163,0.31837192
2945001916,0.28042263,0.36390305,0.35567442
2945331702,0.23789388,0.38183174,0.3802743
2945763328,0.1183564,0.68417716,0.19746648
2946125549,0.3802359,0.3086599,0.31110412
2946646616,0.3843377,0.31666407,0.29899827
2946766120,0.67608786,0.06746451,0.25644758
2947549128,0.43393865,0.3193193,0.24674204
2947803007,0.14820834,0.29410413,0.5576875
2948228493,0.3370045,0.3801612,0.2828343
2948468163,0.19288114,0.5640593,0.24305956
2948955956,0.21688093,0.23937151,0.5437476
2949364649,0.36646843,0.36491,0.2686217
2949467866,0.42310292,0.26518455,0.3117125
2950173317,0.38491353,0.34838444,0.26670197
2950723246,0.27263495,0.4529373,0.2744278
2950741121,0.24023996,0.44181678,0.31794325
2951128766,0.18561222,0.26642776,0.54796
2951592512,0.2846943,0.38605714,0.32924855
2951709096,0.06028555,0.8357881,0.103926435
2951829189,0.3068313,0.25489157,0.4382772
2952032084,0.21514434,0.54964644,0.23520927
2952394971,0.627766,0.20375536,0.16847864
2952477813,0.48908216,0.2757825,0.2351353
2952492182,0.21015978,0.5745811,0.21525918
2952897270,0.6056482,0.13599198,0.2583598
2953628172,0.2956499,0.22348689,0.4808633
2953785634,0.33979237,0.31681162,0.34339598
2953946256,0.29867765,0.40156853,0.29975384
2954064081,0.24767302,0.3325772,0.4197498
2954306426,0.12572199,0.12572199,0.748556
2954364895,0.39738113,0.18336126,0.4192576
2955763989,0.18776533,0.588666,0.22356866
2958820056,0.9167246,0.008742112,0.07453323
2959341412,0.44657657,0.16525847,0.38816503
2960866929,0.23618324,0.34840274,0.415414
2961402376,0.42771828,0.25784153,0.31444025
2961512398,0.3592508,0.38588324,0.25486597
2962028821,0.47358087,0.28799722,0.23842192
2962106615,0.050177366,0.91641754,0.03340509
2962673754,0.24485987,0.34463704,0.41050306
2962835750,0.38720885,0.36199605,0.25079507
2963194190,0.4560059,0.24280688,0.30118728
2963430035,0.085458785,0.677903,0.2366382
2963625502,0.4566524,0.23860261,0.30474493
2963876834,0.3710346,0.31043574,0.31852964
2963951776,0.39767307,0.15724091,0.44508603
2964416493,0.34273618,0.30788946,0.34937435
2964960933,0.4253317,0.26019436,0.31447393
2966207841,0.19266707,0.5554538,0.25187922
2967883707,0.2949709,0.49408934,0.21093981
2968393875,0.40694565,0.11698685,0.47606754
2968403084,0.40581256,0.30247113,0.2917164
2968792081,0.62448704,0.14889725,0.22661564
2968838327,0.45151335,0.29971075,0.24877588
2969388291,0.33142725,0.32995215,0.33862057
2969547578,0.44292176,0.26217178,0.29490653
2969650158,0.24950054,0.33705428,0.41344517
2969960669,0.43166462,0.2928374,0.27549788
2970746192,0.24231276,0.33658457,0.42110267
2970807200,0.4002689,0.29257154,0.30715954
2970861380,0.38920572,0.30975342,0.30104092
2971085788,0.19828008,0.54619247,0.25552747
2971406735,0.30711874,0.38402835,0.30885288
2972402684,0.46956804,0.25135112,0.27908093
2972781156,0.3629465,0.34545648,0.2915971
2972783772,0.39566833,0.2786611,0.3256706
2972945353,0.26438883,0.42080465,0.3148066
2973345333,0.32826653,0.348012,0.32372144
2973693197,0.2487929,0.47202578,0.2791813
2973836195,0.47211912,0.2623556,0.26552528
2974059007,0.2782678,0.44355235,0.27817985
2974064631,0.2313312,0.17269455,0.5959743
2974358037,0.50637805,0.18688674,0.30673525
2974388099,0.2875493,0.40030697,0.3121437
2974560835,0.2699496,0.49406266,0.23598781
2974583708,0.2029636,0.3236661,0.47337028
2974661002,0.44659814,0.3189348,0.23446706
2974770254,0.25046375,0.5078306,0.24170563
2975228955,0.3649132,0.14397916,0.49110758
2976977441,0.16755511,0.42802355,0.40442136
2977426181,0.28801963,0.37146768,0.3405127
2978577876,0.15700513,0.4336189,0.40937597
2978808448,0.4239762,0.26562956,0.31039426
2979130087,0.2270036,0.4444549,0.32854155
2979499817,0.24102575,0.55270755,0.20626667
2979854448,0.36306727,0.15908106,0.47785157
2979964428,0.4347145,0.25749278,0.30779275
2980452396,0.37566063,0.3181791,0.3061603
2980508547,0.32516384,0.4210918,0.25374433
2980643862,0.2230362,0.46199906,0.3149647
2980726796,0.32996303,0.17932926,0.49070767
2980993870,0.28205767,0.42900354,0.2889388
2982049823,0.5008739,0.23492207,0.26420406
2982121620,0.35835856,0.3797333,0.26190814
2982126224,0.19532433,0.46975976,0.3349159
2982937676,0.39478904,0.31414947,0.2910615
2983074876,0.5344585,0.2235163,0.24202517
2983076417,0.71990204,0.097715355,0.18238263
2983474940,0.39326295,0.3090207,0.2977164
2983704495,0.34443966,0.39352274,0.26203766
2984325781,0.57985854,0.16760553,0.2525359
2984502857,0.24383153,0.49268502,0.26348343
2985141475,0.33919847,0.38083932,0.2799622
2985205569,0.43308458,0.32492647,0.24198899
2985779709,0.11646454,0.33181158,0.5517239
2985965233,0.29474738,0.43906218,0.26619047
2985978683,0.3012152,0.45350724,0.24527751
2986026561,0.593701,0.1702425,0.23605657
2986059033,0.34962597,0.17944545,0.47092852
2986360546,0.23344545,0.4792356,0.28731903
2986558050,0.06963212,0.7552181,0.17514972
2987564556,0.33297673,0.37538433,0.291639
2987849252,0.55666006,0.14449182,0.29884806
2988821944,0.23917796,0.2842965,0.47652552
2988900727,0.31577882,0.35910127,0.3251199
2988918851,0.21260342,0.48296425,0.30443233
2989448739,0.20659219,0.5621848,0.2312229
2990154073,0.3862766,0.30663398,0.3070894
2990272224,0.18607771,0.5572891,0.25663307
2990306620,0.2822619,0.44031003,0.27742803
2990785786,0.5472249,0.21986762,0.23290749
2990848240,0.4602408,0.24242188,0.2973373
2991366599,0.3548315,0.33605424,0.30911425
2992143926,0.44302103,0.25842714,0.29855183
2992737410,0.17296301,0.33568758,0.4913494
2993465606,0.2727806,0.33824545,0.38897398
2993629400,0.33733317,0.37756953,0.28509733
2993686823,0.26035735,0.4892494,0.25039336
2993841982,0.68946576,0.124325246,0.18620901
2994032790,0.16544513,0.33424622,0.50030863
2994133796,0.37212577,0.35213643,0.27573782
2994570959,0.32100245,0.3743521,0.30464548
2994824401,0.3910057,0.25562024,0.3533741
2994832745,0.38155383,0.3577635,0.26068267
2995564529,0.31497294,0.20399557,0.48103148
2996257587,0.31181613,0.3425236,0.3456602
2996687371,0.33011532,0.3398728,0.33001187
2997002337,0.43736136,0.31443542,0.2482032
2997785061,0.34411722,0.34463346,0.31124932
2998730144,0.3732717,0.3485895,0.27813873
2999091578,0.31109673,0.38508904,0.30381426
2999099378,0.17532316,0.59945565,0.22522123
2999228297,0.26051995,0.20299529,0.5364847
2999270358,0.39720684,0.37028924,0.2325039
2999294809,0.5632438,0.22597975,0.21077648
2999433879,0.18889603,0.18889603,0.622208
2999496681,0.18512744,0.4154019,0.39947063
2999646223,0.32367226,0.3464153,0.32991245
3001372484,0.49755332,0.25979078,0.24265587
3001632276,0.19757877,0.23637654,0.5660446
3003291429,0.5589232,0.17256857,0.26850823
3003704683,0.31798145,0.42892656,0.253092
3004238712,0.01852723,0.80710256,0.1743702
3004466845,0.5093926,0.17810658,0.31250075
3004713202,0.32076186,0.3204937,0.35874453
3004739653,0.4348332,0.27812314,0.28704372
3004769244,0.65834963,0.1479316,0.19371876
3005495848,0.2474002,0.46231845,0.2902813
3005512817,0.32846308,0.37718233,0.29435453
3005689511,0.36140355,0.3662804,0.2723161
3005982573,0.35467774,0.36688977,0.27843246
3007156924,0.37732506,0.32155052,0.30112442
3007277850,0.28683275,0.28371227,0.42945498
3007316153,0.34159046,0.24389702,0.41451246
3008111640,0.53471154,0.1806578,0.2846307
3008259768,0.3293181,0.42646742,0.2442145
3009244751,0.0754931,0.11979092,0.804716
3009431214,0.38778874,0.27559122,0.33662006
3010631909,0.33273593,0.3830669,0.28419727
3011718015,0.43077105,0.25670528,0.31252363
3011882725,0.5281277,0.23852341,0.23334895
3012201214,0.3442076,0.21338572,0.44240668
3012670085,0.38202846,0.28941327,0.32855824
3012730735,0.46959352,0.25610718,0.27429932
3012738730,0.45595255,0.27720967,0.2668378
3012948378,0.65875334,0.16079547,0.18045123
3013074383,0.19913986,0.29686806,0.5039921
3013495976,0.30705935,0.38909477,0.3038459
3013967628,0.43049124,0.20421696,0.36529174
3014635804,0.18588045,0.58431745,0.22980212
3015616195,0.21925686,0.53395873,0.24678439
3015782275,0.34481376,0.4199341,0.23525213
3016638213,0.35571715,0.32316518,0.32111767
3016899035,0.37408018,0.28168422,0.34423563
3017021928,0.28004482,0.409534,0.31042117
3017405697,0.5496315,0.20248294,0.24788558
3017697505,0.22298817,0.5407594,0.23625244
3018866390,0.4614509,0.25992808,0.278621
3019403328,0.41969484,0.2806774,0.29962775
3019519726,0.123966195,0.20367946,0.6723544
3019787220,0.39731944,0.28959286,0.3130878
3019955026,0.37397403,0.2641113,0.36191472
3020470354,0.36440495,0.35415992,0.2814351
3021209140,0.45421216,0.29855117,0.24723668
3021564132,0.41200864,0.21877745,0.36921385
3021684210,0.54192257,0.16694349,0.29113397
3021767666,0.22855023,0.37204397,0.39940584
3022048415,0.2857167,0.47094265,0.24334064
3022212860,0.28172746,0.27907175,0.43920076
3022615070,0.63591546,0.19170815,0.1723764
3022727678,0.33338907,0.28789893,0.37871203
3023470369,0.24836412,0.39002034,0.36161548
3024269005,0.505083,0.24628977,0.24862728
3024301895,0.48080188,0.20213446,0.31706372
3024371024,0.2698755,0.45596114,0.27416337
3024381761,0.27071297,0.10485275,0.6244343
3024438145,0.22553155,0.42895797,0.3455105
3024863803,0.49416018,0.21756274,0.2882771
3025186974,0.27726346,0.44967103,0.27306548
3025943376,0.3029387,0.28841045,0.40865088
3026213138,0.38201123,0.31949723,0.2984915
3026354303,0.59320176,0.18815927,0.21863897
3027672252,0.72195184,0.08648796,0.19156018
3027880254,0.057768676,0.5059129,0.43631846
3028199149,0.36499196,0.34396002,0.29104805
3028510994,0.20763089,0.282516,0.5098531
3028831304,0.5698688,0.13563631,0.29449487
3029556623,0.24452452,0.3925092,0.36296633
3030042738,0.17008324,0.59461355,0.23530327
3030251450,0.28395048,0.4531525,0.26289704
3031141279,0.41348204,0.21255237,0.3739656
3031475846,0.25787887,0.45824826,0.2838729
3031675568,0.28280634,0.42900407,0.28818956
3031721589,0.51358396,0.22339799,0.26301807
3031926978,0.29783458,0.29783458,0.40433082
3031972318,0.21423876,0.51814216,0.26761907
3032485493,0.28849387,0.4222391,0.28926706
3032710241,0.29151776,0.41012433,0.2983579
3033073587,0.4190736,0.32622945,0.25469685
3034022267,0.37908775,0.33327433,0.28763792
3034050421,0.6687128,0.14100297,0.19028422
3034128351,0.23180228,0.5072018,0.26099592
3034493712,0.25026524,0.49484912,0.25488558
3034773165,0.3640685,0.36166847,0.274263
3034901605,0.32775378,0.44937822,0.22286804
3035770921,0.46819523,0.06699011,0.4648147
3035782789,0.39760053,0.2270136,0.37538585
3036791451,0.029996702,0.17959435,0.7904089
3037010389,0.4522895,0.2788589,0.2688516
3037175729,0.33078158,0.3832837,0.2859347
3037463089,0.52416027,0.21129456,0.26454514
3037656552,0.47302687,0.24432133,0.28265184
3038485396,0.31092128,0.4177526,0.27132618
3038755818,0.4861133,0.28014666,0.23374014
3039022186,0.2385333,0.2385333,0.5229334
3039776585,0.23269945,0.33551168,0.43178886
3039876984,0.14326303,0.6097855,0.24695145
3040154257,0.41138265,0.31109515,0.27752212
3040222643,0.2423706,0.48785233,0.26977715
3040284628,0.5224711,0.16166888,0.3158601
3040400743,0.29189438,0.41038758,0.29771802
3041253351,0.71586597,0.21373232,0.07040171
3041301838,0.21931604,0.43588853,0.34479547
3041426979,0.43572867,0.30161214,0.2626592
3042006924,0.1581997,0.64786,0.19394034
3042177518,0.69610107,0.09702394,0.20687492
3042410554,0.39309612,0.28410447,0.3227995
3042465489,0.22714889,0.5309746,0.2418765
3042705460,0.5494196,0.20522441,0.24535596
3042907823,0.2890958,0.3948116,0.3160926
3042926800,0.46648246,0.26709226,0.26642525
3042968611,0.42186633,0.29153827,0.28659534
3043260840,0.4205632,0.22446062,0.35497627
3043332295,0.36680827,0.20516749,0.4280243
3043981444,0.34022903,0.27748212,0.38228875
3044341921,0.324115,0.32863432,0.3472507
3044473686,0.34679055,0.37836698,0.27484247
3044939714,0.40625018,0.24732311,0.34642676
3045259677,0.39466205,0.30886617,0.2964718
3045282713,0.28356007,0.48660424,0.22983567
3045982362,0.42970663,0.34003228,0.2302611
3046029059,0.42296532,0.28428712,0.2927475
3046334622,0.2796554,0.46257812,0.2577665
3047191182,0.20088938,0.34115344,0.45795718
3047237023,0.4270686,0.073044606,0.49988687
3047793453,0.727936,0.11589637,0.15616761
3048652115,0.014516912,0.8873141,0.09816896
3049254359,0.56743336,0.15252674,0.28003994
3049254528,0.2585447,0.39652795,0.34492728
3049276549,0.4084736,0.29873404,0.29279235
3049296420,0.40607792,0.31863096,0.27529106
3049806251,0.460171,0.27131635,0.26851267
3050019781,0.4296245,0.3341214,0.23625419
3050554828,0.55678165,0.19867091,0.24454744
3050636532,0.2501355,0.4029409,0.34692356
3050923793,0.31760913,0.39616913,0.2862218
3050997460,0.41986158,0.2660969,0.31404153
3051182575,0.48668933,0.3022865,0.21102418
3051564687,0.028161973,0.07341807,0.89841986
3052088691,0.6168275,0.1742366,0.20893592
3052837949,0.4870941,0.21706568,0.2958403
3053077321,0.6025971,0.17779121,0.21961169
3053231371,0.6083042,0.16545603,0.2262398
3053303904,0.32923865,0.3749226,0.2958388
3053426885,0.47521326,0.2519923,0.2727945
3053514563,0.26194665,0.45463574,0.28341758
3054098418,0.23449172,0.52592796,0.23958032
3054164951,0.33401948,0.36656854,0.29941195
3055612351,0.33358324,0.42176366,0.24465314
3055929755,0.27084965,0.46616083,0.26298955
3056027325,0.38697857,0.31631652,0.29670495
3056033715,0.29171577,0.45792985,0.25035438
3056400365,0.85663253,0.035680383,0.1076871
3056472429,0.15263122,0.6278383,0.2195305
3057207253,0.21977526,0.21977526,0.56044954
3057232885,0.037784014,0.81773025,0.14448577
3057288658,0.36633036,0.29225615,0.3414135
3057381848,0.2874636,0.3975654,0.314971
3057404546,0.22803365,0.57687336,0.19509298
3057406791,0.20710628,0.34522212,0.44767168
3057467671,0.1982342,0.14090005,0.6608659
3057525759,0.24162567,0.45331722,0.30505705
3057718805,0.33255303,0.2801815,0.38726556
3057783940,0.27419978,0.4314212,0.29437903
3057829970,0.44063753,0.1420802,0.41728225
3058314878,0.6445056,0.16286318,0.19263121
3058432036,0.23610224,0.48179674,0.282101
3059130038,0.3253168,0.37701473,0.2976685
3059157659,0.14369728,0.5511534,0.3051493
3059485477,0.4203147,0.3440292,0.2356561
3059827613,0.09350253,0.75963676,0.14686078
3059836865,0.24102175,0.12082865,0.6381497
3059838172,0.3618325,0.33876687,0.2994006
3060910009,0.3072382,0.22659099,0.4661707
3061706145,0.31418216,0.3858697,0.29994807
3062172626,0.1362373,0.49655765,0.36720508
3063836130,0.17232823,0.54361624,0.2840555
3065131647,0.49864674,0.2247616,0.27659166
3065223566,0.31988618,0.29051468,0.38959914
3065385172,0.20933747,0.2257845,0.5648779
3065471345,0.26961878,0.38837865,0.34200257
3066131308,0.43841004,0.29997545,0.2616145
3066137082,0.3931879,0.24253389,0.36427817
3066392647,0.4955447,0.24186002,0.2625952
3066400927,0.38315478,0.29960665,0.3172387
3066820553,0.19205448,0.5865629,0.22138266
3068323347,0.33560964,0.2637718,0.40061867
3069015996,0.09490305,0.7292142,0.17588276
3069038008,0.36063743,0.34722763,0.2921349
3069047261,0.32274932,0.3279613,0.34928933
3069132706,0.3689323,0.22607262,0.40499514
3069199607,0.2834021,0.41765174,0.2989462
3069346156,0.60854405,0.1783269,0.2131291
3069429382,0.49906424,0.19871035,0.3022254
3069556025,0.17225899,0.40894008,0.41880092
3069605698,0.20807089,0.53522784,0.25670126
3070141443,0.3289658,0.34437418,0.32665992
3071325689,0.2695229,0.39134887,0.3391283
3071492286,0.14682287,0.655193,0.19798413
3072111739,0.21065094,0.18400986,0.6053392
3072262089,0.65589416,0.07582568,0.26828012
3072780016,0.018807465,0.8324446,0.1487479
3072917778,0.39513776,0.3126342,0.29222804
3073553293,0.20184623,0.14745523,0.65069854
3074102769,0.39172772,0.2826893,0.32558298
3074290132,0.14613329,0.68089557,0.17297122
3075528018,0.28239724,0.46272284,0.25487995
3075981215,0.5226336,0.23227316,0.24509323
3076016350,0.3175912,0.3080153,0.37439358
3076457139,0.51728815,0.21300659,0.2697053
3076506847,0.10844208,0.6738885,0.2176694
3076642707,0.93436503,0.0072517483,0.058383256
3076989601,0.36776993,0.112350374,0.5198797
3077668002,0.015999068,0.88899434,0.0950067
3077801951,0.3210398,0.3596589,0.31930137
3077951288,0.110406935,0.65203094,0.2375621
3078003671,0.18423963,0.62307954,0.19268091
3078427450,0.57190096,0.20199727,0.22610179
3078467509,0.592116,0.22858088,0.17930317
3078501533,0.4077488,0.2789314,0.31331983
3078762842,0.49583727,0.2615571,0.24260567
3079049956,0.52331895,0.2007882,0.27589288
3079269963,0.28416222,0.25659803,0.45923972
3079354016,0.22966072,0.53523076,0.2351086
3079662753,0.1728059,0.42992416,0.39726993
3079886314,0.15016796,0.5852069,0.26462513
3079904429,0.14331098,0.50660396,0.350085
3079979828,0.33065394,0.4028365,0.2665096
3080379058,0.6018717,0.17417198,0.22395629
3080557921,0.26474068,0.43067157,0.3045878
3081025101,0.30519238,0.4127403,0.28206724
3081201866,0.59311336,0.20272683,0.20415981
3081374345,0.3377027,0.34005338,0.32224387
3081419484,0.17476392,0.45726004,0.36797598
3082116103,0.022069393,0.9048552,0.073075406
3082350811,0.3472258,0.3741394,0.27863482
3084008496,0.16100548,0.30803245,0.5309621
3084033288,0.21134035,0.45398414,0.33467546
3084220056,0.41293058,0.29556406,0.2915054
3084944646,0.26631013,0.47129455,0.26239532
3085202157,0.32176363,0.44442865,0.23380774
3085637723,0.6376101,0.16081282,0.20157717
3085653498,0.33928105,0.41786227,0.24285662
3085841476,0.48779532,0.2502872,0.26191738
3085870352,0.3741279,0.38071156,0.24516053
3086558033,0.5148076,0.24729669,0.2378958
3086862647,0.42394665,0.21712238,0.35893095
3087143348,0.3198323,0.3783028,0.30186486
3087222095,0.41459835,0.24989218,0.3355095
3087319746,0.3194938,0.3471,0.33340627
3088163376,0.3100436,0.3067022,0.3832543
3088253543,0.16993606,0.5469345,0.28312942
3088300828,0.43778244,0.22394603,0.3382716
3088459130,0.25208652,0.37213865,0.3757748
3088947202,0.1329492,0.59883285,0.26821798
3088947385,0.31962377,0.39039296,0.2899833
3089214893,0.42325032,0.29160982,0.28513983
3090076144,0.40388465,0.30642954,0.2896859
3090112966,0.12924123,0.41359225,0.45716658
3091015415,0.22223108,0.24089704,0.5368719
3091068934,0.10428395,0.264443,0.63127303
3091314310,0.20086083,0.58140236,0.21773681
3091718630,0.3008461,0.45108497,0.24806894
3092606564,0.9082034,0.022059109,0.06973746
3092901819,0.27260837,0.41961238,0.30777928
3093584317,0.32019204,0.36166096,0.31814706
3093926643,0.23490088,0.025692726,0.73940647
3094002205,0.16443446,0.5838204,0.25174507
3094328503,0.05925903,0.80016744,0.14057352
3095239484,0.33725595,0.18113069,0.48161334
3096214989,0.452334,0.27481264,0.27285337
3096219054,0.35346064,0.23088273,0.4156566
3097064175,0.24594636,0.4754601,0.27859348
3097391026,0.2202604,0.48402727,0.29571244
3097857965,0.29556477,0.42370802,0.28072724
3098410193,0.38805613,0.20889735,0.40304652
3098862311,0.42415154,0.2917168,0.28413165
3099031139,0.38302764,0.32450396,0.29246843
3099174131,0.48428,0.18259378,0.33312628
3099631123,0.42919716,0.2931008,0.27770203
3099689885,0.5396314,0.19952421,0.26084438
3099794645,0.17429984,0.26173583,0.56396437
3099855586,0.3690264,0.35267904,0.2782946
3099966493,0.36231542,0.14932817,0.48835653
3100352663,0.29996252,0.29670742,0.40333012
3100379264,0.17424466,0.59220386,0.23355146
3100684830,0.12116816,0.31382066,0.5650111
3100899104,0.14136109,0.6202116,0.2384274
3101809545,0.53623384,0.24664442,0.2171217
3102676998,0.3107125,0.38397205,0.30531546
3103253909,0.5989192,0.18180946,0.21927132
3103478821,0.68762875,0.1366039,0.17576733
3103818916,0.28374732,0.4463247,0.26992795
3103916330,0.38788188,0.1250971,0.48702103
3105504803,0.28764895,0.22465229,0.48769876
3105866995,0.4075268,0.20890829,0.3835649
3106107126,0.23113401,0.38883623,0.38002983
3106229026,0.29608434,0.3194632,0.38445255
3106313560,0.23498484,0.50159496,0.26342022
3106420063,0.38247898,0.31302878,0.3044923
3106586309,0.25664482,0.51038724,0.23296791
3106678392,0.5905882,0.22324269,0.18616913
3106791978,0.44537365,0.2604384,0.29418793
3107720472,0.34194192,0.36482927,0.29322878
3108513784,0.3303702,0.3304352,0.3391946
3108517699,0.45921373,0.28635788,0.25442836
3109422004,0.38861808,0.32080096,0.2905809
3109509752,0.22280066,0.247781,0.52941835
3109719287,0.64992726,0.066331625,0.2837411
3110144979,0.5391629,0.19735582,0.2634813
3111259906,0.36182517,0.28896973,0.34920508
3111856940,0.55873644,0.16904683,0.2722167
3111979393,0.36448115,0.43628573,0.19923319
3112490835,0.44264176,0.24608576,0.3112724
3113137370,0.14246938,0.68089086,0.17663975
3114922513,0.14323306,0.36567077,0.49109617
3115055016,0.5580321,0.1915293,0.25043863
3115218807,0.55327713,0.21674275,0.2299801
3115520364,0.49950126,0.27362135,0.22687745
3115807241,0.282911,0.46996668,0.24712229
3115834412,0.2299061,0.55834943,0.21174441
3116547749,0.08400231,0.39314494,0.5228529
3117122035,0.23398493,0.50004715,0.26596785
3117190919,0.85406595,0.036791682,0.10914239
3118065757,0.34602848,0.1256117,0.52835983
3118254456,0.6105826,0.18042906,0.20898835
3118470191,0.48266852,0.2616044,0.25572705
3119265615,0.28040567,0.25543746,0.46415687
3119297099,0.4268388,0.3041002,0.26906094
3119298581,0.37568474,0.37553787,0.24877736
3119934809,0.33142012,0.24740179,0.4211781
3119963331,0.027809592,0.15224326,0.8199471
3120263175,0.24892072,0.37119493,0.37988436
3120525292,0.4279665,0.18759045,0.384443
3120555866,0.060267225,0.5255515,0.41418135
3120880553,0.2653768,0.39062983,0.34399337
3121062050,0.7520306,0.010236103,0.23773335
3121170710,0.5448587,0.10229408,0.35284722
3121212272,0.36207187,0.3263544,0.31157368
3121223262,0.2687211,0.47480646,0.25647244
3121230925,0.013741315,0.9428449,0.04341381
3121980389,0.42322028,0.33198416,0.2447956
3122156389,0.49528158,0.25875342,0.24596502
3122601877,0.41158888,0.18018572,0.4082254
3122654430,0.3341919,0.40650168,0.25930643
3123202315,0.31714234,0.4342562,0.24860144
3123980230,0.37311316,0.34388572,0.28300118
3124492090,0.14987817,0.66422933,0.18589248
3125557184,0.42624182,0.35150683,0.22225136
3125558595,0.30334008,0.4342282,0.26243162
3125938197,0.14573571,0.67210084,0.18216342
3126038295,0.27778807,0.4520363,0.27017567
3126050522,0.39779922,0.28522524,0.31697553
3126130166,0.40009922,0.24011742,0.35978344
3126161786,0.3742019,0.38625455,0.23954357
3126626033,0.21674232,0.43256474,0.35069296
3127136283,0.40524662,0.2640101,0.33074328
3127277799,0.13954303,0.32933456,0.53112245
3127462025,0.09721516,0.44373155,0.45905325
3127902019,0.21105742,0.56984556,0.2190971
3127975893,0.506292,0.22151448,0.27219355
3128001044,0.24625489,0.29841837,0.45532677
3128179535,0.2898668,0.5081764,0.20195673
3128690995,0.24451475,0.45731565,0.2981696
3128854159,0.38974875,0.34686568,0.2633856
3128979269,0.3296084,0.13355584,0.53683573
3129051494,0.23606141,0.25652996,0.5074086
3130028850,0.30712387,0.4279507,0.26492542
3130380509,0.21788232,0.5830436,0.19907412
3130434492,0.2978368,0.46949932,0.23266381
3130496322,0.23250861,0.48839727,0.2790941
3130731450,0.29098108,0.2902379,0.41878104
3131280903,0.1689939,0.5985585,0.2324477
3133235971,0.22190239,0.37835583,0.39974186
3133288267,0.38870913,0.28348342,0.3278074
3133539954,0.5092408,0.26709625,0.22366297
3133692258,0.16275862,0.44900665,0.38823473
3134896213,0.41865692,0.3070152,0.27432784
3134984933,0.28018147,0.35189193,0.3679266
3135158524,0.5332208,0.18439823,0.28238094
3135235841,0.57850605,0.20134042,0.22015359
3135597227,0.17100447,0.6287468,0.20024872
3135601918,0.16905493,0.48189843,0.34904662
3135773592,0.45140645,0.34368178,0.20491178
3135960956,0.16230704,0.5908948,0.2467981
3136102386,0.28637826,0.35442019,0.35920155
3136495870,0.33804205,0.40572062,0.25623733
3136741155,0.4058932,0.24493904,0.3491678
3137240487,0.331781,0.35891494,0.3093041
3137305744,0.36013407,0.2987909,0.34107506
3138617629,0.4943965,0.28509575,0.22050774
3139227583,0.27796718,0.45220295,0.26982993
3139716818,0.24870409,0.44374248,0.3075534
3140639297,0.38919586,0.19587123,0.41493297
3140763219,0.32574305,0.085779876,0.588477
3140793515,0.20119697,0.27032027,0.5284828
3140863691,0.3724862,0.32714579,0.30036804
3140989039,0.26817432,0.29207104,0.4397546
3141155728,0.35995165,0.25865906,0.38138935
3142392955,0.50504684,0.23055007,0.2644031
3142658674,0.6240829,0.18292901,0.19298804
3143017271,0.2522006,0.46116206,0.28663734
3143072315,0.28006625,0.4730939,0.24683979
3143483897,0.17953126,0.34704256,0.47342613
3143872499,0.2568514,0.49150783,0.25164074
3144321884,0.23424082,0.40293902,0.36282015
3144700298,0.28076246,0.2555351,0.46370247
3144941870,0.42567962,0.19524144,0.37907895
3145752512,0.3288781,0.32624766,0.34487423
3145755583,0.08611664,0.6763988,0.23748462
3145755720,0.40315115,0.32457817,0.27227065
3146721997,0.40666652,0.29669577,0.29663777
3147025128,0.54239184,0.20130965,0.2562985
3147131053,0.37351844,0.31415814,0.31232348
3147395021,0.30668783,0.3606377,0.3326745
3148136760,0.335393,0.42121485,0.24339214
3148992817,0.4418325,0.17372386,0.38444364
3149266846,0.23558083,0.4325063,0.331913
3150049068,0.14616139,0.6060333,0.24780528
3150496179,0.2513562,0.47033918,0.27830473
3150511487,0.32314608,0.42472753,0.25212646
3150956596,0.29393676,0.28980413,0.41625908
3151283626,0.20712356,0.3051287,0.48774773
3152538603,0.3618979,0.2812779,0.35682428
3152580090,0.5882958,0.18439406,0.2273101
3153612856,0.21259862,0.46152148,0.32587993
3154036691,0.26801658,0.51464677,0.2173367
3154099170,0.2564952,0.45873526,0.28476954
3154146096,0.46219036,0.27833676,0.25947285
3154746136,0.24630685,0.19200014,0.561693
3155998954,0.3149952,0.25304124,0.43196365
3156145621,0.5223129,0.2175467,0.26014048
3156337698,0.5580673,0.10673615,0.33519652
3156959575,0.21977971,0.5070514,0.27316886
3158363630,0.38719472,0.2896441,0.32316124
3158694360,0.46063212,0.20360984,0.335758
3160183299,0.27476564,0.41842237,0.30681205
3160724499,0.36223328,0.31437117,0.3233955
3160759258,0.5389336,0.2339404,0.22712605
3160808280,0.13833502,0.6942468,0.16741814
3160811124,0.18842271,0.48295808,0.32861927
3162681519,0.4406797,0.27150992,0.28781042
3162753262,0.2763226,0.25759017,0.46608722
3163032616,0.38967285,0.3997182,0.21060902
3163273199,0.44883043,0.2760546,0.275115
3163971951,0.3609569,0.27085242,0.36819074
3164227135,0.34939387,0.2080794,0.44252676
3164417504,0.27885547,0.39782378,0.32332078
3164692104,0.4366018,0.25738347,0.30601478
3165242937,0.83067876,0.043182317,0.12613896
3165546521,0.37476236,0.341991,0.2832467
3165645434,0.44819462,0.16833225,0.3834732
3165686690,0.31236148,0.36177403,0.32586446
3166352819,0.44347593,0.2658624,0.2906617
3167438898,0.30239052,0.39867687,0.29893258
3167602651,0.28015766,0.233714,0.48612836
3167764273,0.58160055,0.15767734,0.26072213
3168909592,0.68003964,0.10260522,0.21735515
3169747055,0.5729987,0.21033241,0.21666892
3169882560,0.4603963,0.11276236,0.42684138
3170056450,0.13716133,0.24122353,0.6216151
3170113432,0.21950875,0.41367313,0.36681813
3170666515,0.4472758,0.2620072,0.29071707
3170792586,0.3078351,0.27487838,0.41728646
3171249488,0.30365276,0.3381307,0.35821658
3171287727,0.29722288,0.40426257,0.2985146
3171391168,0.34134063,0.50997037,0.14868903
3171427398,0.4132189,0.21988182,0.36689934
3171869129,0.3454953,0.3905569,0.26394784
3171952596,0.3066509,0.43327853,0.26007056
3172535541,0.59221405,0.14579694,0.261989
3172609814,0.28231108,0.34160092,0.376088
3172838105,0.21254762,0.59106374,0.1963886
3173153347,0.37553802,0.30550864,0.3189534
3173492657,0.66526157,0.14570792,0.18903053
3174516022,0.4340908,0.26799718,0.29791206
3174679785,0.28941262,0.31683695,0.3937505
3174968596,0.5493669,0.23117745,0.21945569
3175417030,0.40361014,0.27488014,0.32150966
3175449578,0.39581275,0.29465422,0.30953306
3175524743,0.38268074,0.3217685,0.29555076
3175827825,0.3244235,0.35568655,0.31989
3176184202,0.24007681,0.47003227,0.2898909
3176488905,0.29506662,0.2950236,0.40990975
3176863829,0.6212291,0.13286641,0.2459045
3177270435,0.39195058,0.32506055,0.2829888
3177815736,0.22654992,0.56652004,0.20693007
3178784528,0.2833606,0.4149499,0.30168945
3178827444,0.5725862,0.21530129,0.21211256
3179143317,0.33702543,0.33355778,0.3294168
3179160017,0.41843674,0.31896392,0.26259926
3179716452,0.12959719,0.6483956,0.22200717
3179894829,0.39493978,0.29598612,0.30907413
3179907374,0.1516485,0.40471846,0.44363305
3180091687,0.3706912,0.3106231,0.3186857
3180182003,0.32257578,0.22636594,0.45105833
3180341401,0.26980713,0.41227323,0.31791967
3180457611,0.15313995,0.52513397,0.32172605
3181078671,0.3609002,0.32420024,0.3148995
3181486886,0.23756759,0.42801985,0.33441246
3181506989,0.332698,0.36657405,0.30072808
3181830253,0.22765964,0.5069303,0.26541004
3182644921,0.50356865,0.25521326,0.24121822
3182707949,0.24687931,0.39596993,0.35715076
3183049041,0.37724987,0.34281436,0.27993572
3183255576,0.3828374,0.08314826,0.53401434
3183615639,0.4463233,0.08842673,0.46524996
3183848856,0.29544955,0.15552369,0.5490268
3184249168,0.24262564,0.33821642,0.41915786
3184275676,0.12160905,0.12160905,0.7567819
3185240930,0.31506276,0.37510574,0.3098315
3185272344,0.28769216,0.35103133,0.36127648
3185859574,0.3191878,0.30783907,0.3729731
3185907136,0.18298496,0.41172475,0.4052904
3185987883,0.49334192,0.21442896,0.29222918
3186190604,0.23661721,0.48972455,0.27365828
3187223864,0.1873491,0.382421,0.43022993
3187543836,0.35944802,0.34521288,0.29533908
3188273938,0.4423752,0.27504742,0.2825774
3190280299,0.29574582,0.44125786,0.26299632
3190326540,0.34054178,0.38257724,0.276881
3190786680,0.23734227,0.5063532,0.25630453
3191376017,0.4495072,0.19156374,0.3589291
3191771919,0.2112156,0.5585539,0.2302305
3191991150,0.25811237,0.25136572,0.49052194
3192235215,0.44371003,0.35774878,0.19854121
3192413671,0.5023372,0.23724556,0.2604172
3192483949,0.5386371,0.29881182,0.16255099
3192735463,0.42952055,0.21340315,0.3570763
3193539818,0.23194997,0.56409883,0.2039512
3193596494,0.16778432,0.30238545,0.52983034
3193706182,0.3551637,0.32242236,0.32241392
3194662020,0.3921175,0.33196548,0.27591708
3195202868,0.29787537,0.29166344,0.41046113
3196030165,0.31142512,0.1611678,0.5274071
3196403254,0.54735,0.22287476,0.22977526
3196761939,0.27231395,0.42691195,0.3007741
3197582372,0.6451808,0.16635332,0.18846591
3197645139,0.5737343,0.14568467,0.28058103
3197820589,0.4833166,0.2525604,0.26412302
3197890822,0.27618548,0.30967006,0.41414446
3197905145,0.18964024,0.5132813,0.2970785
3198150454,0.21375805,0.50433433,0.28190762
3198365599,0.28251213,0.34888408,0.36860383
3199070557,0.22113454,0.14576139,0.633104
3199603539,0.724133,0.101706505,0.17416056
3199803753,0.574355,0.22079131,0.20485364
3200158581,0.28932565,0.38599178,0.32468253
3200349991,0.51258665,0.18933284,0.29808047
3201026969,0.3114268,0.42246357,0.26610962
3202474235,0.3348009,0.3565275,0.3086717
3203083679,0.7055227,0.11778742,0.17668986
3203094003,0.15896128,0.24986163,0.59117705
3203443621,0.28726485,0.2850223,0.42771286
3204104040,0.17735606,0.6342678,0.18837614
3204966185,0.50583386,0.22855349,0.26561266
3205166270,0.1335815,0.4193707,0.44704777
3205313254,0.40576413,0.31723872,0.27699718
3205755852,0.30181232,0.32307732,0.37511033
3206209297,0.22222614,0.49804425,0.27972963
3206576532,0.13363305,0.5695696,0.2967973
3207248594,0.4337907,0.20370787,0.36250144
3207539124,0.31397894,0.41717303,0.26884806
3207729174,0.2390246,0.16825607,0.5927193
3207964447,0.30869547,0.3224448,0.36885974
3208029922,0.41393942,0.28706557,0.29899502
3208077793,0.28516915,0.25780842,0.45702246
3208163720,0.7194015,0.09578801,0.18481053
3208391076,0.19301358,0.37662122,0.4303652
3209017341,0.2994561,0.2556152,0.44492874
3209027091,0.15231195,0.63532907,0.21235894
3209205960,0.15485252,0.34959826,0.49554917
3209325351,0.4339859,0.24226193,0.32375216
3209595533,0.39639676,0.31982797,0.2837753
3209878472,0.33144477,0.3919898,0.2765654
3209977557,0.2805618,0.42272845,0.29670975
3210612222,0.2855298,0.3783852,0.336085
3211448297,0.20504494,0.11622757,0.6787275
3211553280,0.25692597,0.24994208,0.49313194
3212133013,0.3142087,0.35492557,0.3308657
3212554418,0.31841335,0.3485321,0.33305448
3212712104,0.16011494,0.64202255,0.19786255
3213229438,0.51891774,0.22164084,0.25944144
3213600440,0.03498318,0.74926597,0.21575084
3214289871,0.1941658,0.42054075,0.3852935
3214520850,0.18484522,0.55671746,0.25843728
3214642620,0.32375082,0.39304602,0.2832031
3214761921,0.35774347,0.27553475,0.36672187
3215065458,0.6460304,0.12325444,0.23071514
3215202887,0.49352148,0.24087751,0.26560104
3215561540,0.5050449,0.27476567,0.2201895
3215579753,0.17898747,0.3337923,0.48722026
3215813153,0.33626896,0.25740618,0.40632486
3216323916,0.39806366,0.30205742,0.29987887
3216405681,0.19786242,0.5550858,0.24705179
3216524305,0.3329708,0.38670105,0.2803281
3216637998,0.08778805,0.74939746,0.16281456
3216786217,0.18834986,0.55468994,0.2569602
3217318611,0.29580468,0.3869267,0.3172686
3217669574,0.3026707,0.4695691,0.22776021
3217911451,0.48146233,0.23558706,0.2829506
3218522083,0.58823395,0.17922959,0.23253651
3218565975,0.3946608,0.32954982,0.2757895
3218632163,0.38742667,0.27623963,0.3363336
3219459915,0.71726424,0.080258556,0.20247728
3219815633,0.112031326,0.27275223,0.61521643
3220143595,0.24524525,0.45675385,0.29800093
3220882710,0.22913526,0.15344308,0.6174216
3220927820,0.18737957,0.36688572,0.44573477
3221294162,0.26216823,0.22284363,0.5149882
3221656509,0.43983072,0.28473157,0.2754377
3222457608,0.27583957,0.3382345,0.38592598
3222840531,0.41189414,0.353739,0.23436686
3222961707,0.25241095,0.49064693,0.25694215
3223146507,0.09473822,0.16774155,0.7375202
3224184752,0.20050524,0.5536841,0.24581067
3224729268,0.37845334,0.27834132,0.34320518
3225281478,0.26553318,0.4468924,0.28757444
3225896807,0.313648,0.43099827,0.25535378
3226047585,0.36929578,0.19487862,0.43582562
3226196897,0.14050345,0.6086223,0.2508743
3226497479,0.33498353,0.36801162,0.29700488
3227293788,0.093501575,0.7617235,0.14477499
3227546034,0.2438971,0.47457966,0.28152326
3228289558,0.33749133,0.2997355,0.36277312
3228367042,0.6220817,0.19711247,0.18080586
3228492213,0.47202042,0.24855126,0.2794283
3228707635,0.22995755,0.32121673,0.4488257
3229098304,0.33262318,0.3243392,0.34303755
3229526020,0.42403236,0.30957282,0.26639485
3229890518,0.54110044,0.1367884,0.32211113
3230168129,0.21825899,0.07701585,0.7047252
3230724584,0.28974763,0.4153462,0.2949062
3230803801,0.14511445,0.67033476,0.18455073
3231108357,0.31957448,0.268207,0.41221857
3231184947,0.4892696,0.24019818,0.2705322
3233008629,0.40290058,0.19302213,0.40407732
3233301919,0.5473039,0.14195167,0.31074435
3233732829,0.3010484,0.30218148,0.3967701
3234044851,0.64143914,0.15328851,0.20527229
3234232822,0.28142476,0.38836408,0.33021125
3234599529,0.31069088,0.37380183,0.3155073
3235517195,0.3590435,0.32252383,0.31843272
3235535186,0.051560856,0.7789085,0.16953067
3236132614,0.18172522,0.5540302,0.26424462
3236205139,0.39401743,0.27050698,0.33547553
3236308720,0.4345372,0.2865481,0.2789147
3236357066,0.35318193,0.38407844,0.26273963
3236502968,0.16627306,0.6005439,0.23318301
3236818080,0.21774516,0.52383345,0.25842136
3237211691,0.5869046,0.16300046,0.25009498
3237255706,0.4932126,0.25402623,0.2527612
3237459849,0.33493128,0.37066188,0.2944068
3237985386,0.25998548,0.48643398,0.2535805
3238255027,0.42920938,0.07453606,0.49625453
3238371443,0.3210969,0.38985634,0.2890468
3238609753,0.56775105,0.21350563,0.2187434
3239338165,0.37623638,0.30677423,0.31698933
3239481736,0.28985742,0.2279366,0.48220593
3239818601,0.28551736,0.42027846,0.29420418
3240228137,0.39680892,0.2632837,0.3399074
3241170090,0.17286767,0.19437052,0.6327619
3242245958,0.23378785,0.402608,0.3636041
3242250523,0.2794337,0.34520724,0.3753591
3242519277,0.22963393,0.49815768,0.27220842
3242583762,0.5552161,0.19885157,0.24593233
3242764247,0.3475007,0.3024765,0.3500226
3243674249,0.28756595,0.2949029,0.4175312
3243702615,0.27668887,0.45962495,0.26368615
3244003758,0.2778211,0.17367205,0.54850686
3244413826,0.23697159,0.29068565,0.4723428
3244496562,0.28512156,0.40626392,0.30861452
3244836422,0.30478948,0.39978802,0.29542252
3245029970,0.19386074,0.41661382,0.38952547
3245102816,0.4380753,0.22975163,0.33217314
3245223190,0.23158135,0.12725823,0.6411605
3245280495,0.3847102,0.2833383,0.33195144
3245666806,0.28112453,0.413076,0.3057995
3245892825,0.46773368,0.28094345,0.2513229
3246134570,0.61297303,0.1552683,0.23175868
3247270831,0.5770014,0.19484958,0.22814907
3247518210,0.26271626,0.50559855,0.23168512
3247984180,0.48448977,0.26837605,0.24713413
3248232329,0.6837802,0.1450335,0.17118636
3248751408,0.30091542,0.3251679,0.37391672
3248952555,0.32842767,0.23464689,0.43692544
3249267715,0.2948439,0.4117309,0.29342523
3249638689,0.31160414,0.3618895,0.32650632
3249775826,0.3551622,0.3021512,0.34268653
3249784736,0.45188218,0.29168403,0.25643376
3250867070,0.33850935,0.41320163,0.2482891
3251344548,0.20375714,0.07236857,0.72387433
3251639036,0.17643796,0.6146616,0.20890056
3252038542,0.32844764,0.37255394,0.29899842
3252349014,0.47387132,0.16389032,0.36223835
3252350997,0.43753177,0.27532983,0.28713837
3252557419,0.46770078,0.23533863,0.2969606
3252986488,0.54087716,0.21203107,0.24709184
3253567357,0.34997648,0.3888472,0.26117638
3253817798,0.5694114,0.11965608,0.3109325
3254599821,0.2680449,0.21476345,0.51719165
3254808463,0.3280825,0.3930426,0.27887487
3254813127,0.3001676,0.19957325,0.50025916
3255513722,0.6901844,0.11894042,0.19087519
3256319504,0.39795002,0.2998778,0.30217218
3256347588,0.2577257,0.27267292,0.46960145
3256569372,0.21110474,0.56058353,0.22831173
3256999028,0.2493498,0.50199276,0.24865748
3257016178,0.34219676,0.25173843,0.4060649
3257986836,0.30084977,0.39671654,0.30243373
3258256669,0.2765573,0.335728,0.38771465
3258865589,0.26593855,0.34791017,0.38615125
3259050885,0.41082737,0.19553451,0.39363816
3259494929,0.67459685,0.124895975,0.20050716
3259602679,0.34230644,0.3854665,0.2722271
3260434421,0.45144746,0.30479312,0.2437594
3260822772,0.36948198,0.24683696,0.38368103
3260899233,0.31121674,0.40691867,0.28186458
3261765552,0.3319767,0.32378554,0.34423774
3261846187,0.30119964,0.28195262,0.41684777
3262222868,0.27033168,0.46172583,0.2679424
3262569578,0.36535633,0.3031262,0.33151746
3262683126,0.31636208,0.24280444,0.44083348
3263291347,0.036873944,0.8045847,0.15854138
3263758499,0.48178416,0.24989507,0.26832074
3264022270,0.45654815,0.0957308,0.44772106
3265151767,0.27380243,0.17247696,0.5537206
3266543774,0.594176,0.16145879,0.2443652
3266874440,0.49736157,0.21996821,0.2826702
3267074500,0.5148662,0.19025786,0.2948759
3267158320,0.4552876,0.28879595,0.25591654
3267314991,0.6070954,0.18103938,0.2118652
3267956368,0.4112462,0.2519555,0.33679834
3267958313,0.14792974,0.62647605,0.22559421
3268342810,0.5314181,0.24918826,0.2193937
3268521320,0.33591816,0.32485184,0.33923003
3268671125,0.32741097,0.3347835,0.33780557
3268872972,0.33446944,0.3627133,0.30281723
3268975371,0.16479516,0.55450827,0.2806965
3269015080,0.32323617,0.39613894,0.2806249
3269066699,0.5328557,0.22883533,0.23830904
3269752467,0.35448906,0.31386882,0.33164212
3270127721,0.33101216,0.4181428,0.25084502
3270134951,0.36157984,0.33939925,0.2990209
3270224778,0.4214631,0.31238773,0.26614913
3270321281,0.3087202,0.4494763,0.24180353
3270690790,0.48844925,0.21753936,0.29401138
3270894889,0.35837924,0.3365361,0.3050846
3271060713,0.41473696,0.24474353,0.34051958
3271285325,0.20476116,0.5061641,0.2890747
3271354584,0.22331516,0.30618858,0.47049624
3271603491,0.26872894,0.38456306,0.3467081
3271661908,0.3866415,0.108335875,0.5050227
3273190481,0.4560035,0.30077368,0.2432228
3273609427,0.1731934,0.34565437,0.48115227
3273804347,0.515016,0.16175857,0.32322538
3274457708,0.3572013,0.374215,0.26858371
3274748008,0.34016278,0.23928367,0.42055365
3274776692,0.25403085,0.4335498,0.31241933
3274948662,0.35301083,0.3289972,0.3179919
3275656206,0.60205966,0.17335452,0.22458582
3275944646,0.54011714,0.19990413,0.2599787
3277123263,0.3227633,0.38815114,0.28908563
3277657186,0.07282551,0.6114058,0.3157687
3278001033,0.18935075,0.36657804,0.44407126
3278226162,0.3320498,0.36601615,0.30193403
3278313636,0.4008535,0.34338441,0.25576207
3278362175,0.4764294,0.21763423,0.3059364
3279005401,0.25338477,0.1583747,0.5882405
3280120357,0.07010168,0.4691852,0.46071312
3280382230,0.3612857,0.3170396,0.3216748
3280561209,0.49524325,0.21199001,0.29276675
3280751006,0.58618695,0.20380819,0.21000487
3280923918,0.51352996,0.21210542,0.27436462
3281525264,0.3270279,0.27831426,0.3946579
3281752915,0.17237164,0.45310366,0.3745247
3281845060,0.33214954,0.16576734,0.5020831
3283281523,0.04305293,0.7177832,0.23916386
3283457260,0.41651964,0.29069737,0.292783
3283994191,0.35306445,0.33180237,0.31513315
3284100956,0.44966197,0.30553046,0.2448076
3284336668,0.16333435,0.5508754,0.28579023
3284890211,0.42084083,0.33831233,0.24084684
3286728102,0.4257076,0.268738,0.30555448
3286998179,0.22474387,0.41824514,0.35701108
3287193140,0.1763301,0.56842965,0.25524023
3287575370,0.3258455,0.37109494,0.3030596
3287580759,0.27233014,0.40046623,0.32720357
3287702252,0.41853267,0.35280505,0.22866227
3288518549,0.67123765,0.15051584,0.17824648
3288742304,0.24189395,0.3313307,0.4267753
3289151948,0.3496066,0.37222108,0.27817228
3289521440,0.12399111,0.3818053,0.4942036
3290026807,0.32015827,0.33497393,0.3448679
3290111065,0.4292211,0.34225273,0.22852618
3291293483,0.13986938,0.50667274,0.35345778
3291373769,0.57695365,0.16201553,0.26103085
3291698934,0.4454998,0.3094401,0.24506004
3291742686,0.3920488,0.29139757,0.31655362
3292204465,0.24062008,0.31881768,0.44056225
3292507728,0.2935074,0.4106288,0.29586387
3292629492,0.36031222,0.348943,0.29074472
3292920304,0.2542428,0.45904192,0.28671527
3293395157,0.20248136,0.2601056,0.537413
3293489896,0.3793727,0.24224563,0.3783817
3293653976,0.5136683,0.19764099,0.28869078
3293715271,0.35584766,0.3547001,0.28945225
3293958169,0.23798755,0.46986195,0.29215047
3293987159,0.22820011,0.22530523,0.54649466
3294013478,0.4255489,0.30703133,0.2674198
3294721822,0.4998818,0.23277406,0.26734418
3294917894,0.47062385,0.15261391,0.37676227
3295277774,0.24315383,0.37282956,0.3840166
3295369321,0.17422754,0.4230933,0.40267915
3296706639,0.13914624,0.48628694,0.37456682
3296910100,0.1935776,0.6538219,0.15260051
3297083927,0.2601139,0.4135399,0.3263462
3297403463,0.33296978,0.3746238,0.29240644
3297721104,0.3195055,0.32886946,0.35162503
3297882697,0.5492111,0.19472528,0.25606364
3298189994,0.22981434,0.44223472,0.32795095
3298196865,0.39106256,0.19937707,0.40956035
3298641848,0.46758172,0.2942447,0.23817359
3299011441,0.34358266,0.1429116,0.51350576
3299019188,0.3180052,0.4054915,0.27650324
3299390114,0.2729316,0.4423043,0.28476408
3299412065,0.33037445,0.3641285,0.30549705
3299515384,0.32808426,0.33165482,0.34026092
3299910975,0.17743142,0.5904967,0.23207182
3300592873,0.3459586,0.29818377,0.3558577
3300948167,0.23228666,0.5065774,0.2611359
3301666776,0.46678725,0.26442438,0.2687884
3302502339,0.5607982,0.19107065,0.24813111
3302511153,0.20083101,0.53605384,0.2631151
3302653880,0.5160914,0.17927231,0.30463627
3303644806,0.36033088,0.33298287,0.30668625
3303888854,0.16151538,0.33817235,0.50031227
3304307811,0.44184148,0.2951324,0.26302612
3304733983,0.47008088,0.29680386,0.23311526
3304762781,0.3611323,0.27552366,0.36334404
3305054203,0.13084143,0.30654114,0.5626174
3305171806,0.3282885,0.23296955,0.43874198
3305207639,0.23402347,0.40990794,0.3560686
3305250684,0.38171607,0.26446265,0.3538213
3305695783,0.4129477,0.26621875,0.3208335
3305917307,0.41195524,0.28012562,0.3079192
3306042505,0.5011546,0.19946127,0.29938415
3306062810,0.14251237,0.33765092,0.51983666
3306147077,0.45605797,0.25261977,0.2913223
3306209769,0.29941893,0.37272507,0.32785603
3306210148,0.3415978,0.38890842,0.26949373
3306437096,0.53421426,0.18598138,0.27980438
3306559483,0.42141625,0.22513257,0.35345116
3306644637,0.2035372,0.5497833,0.24667953
3307035577,0.31623676,0.356053,0.3277103
3307564458,0.38496858,0.32394075,0.2910907
3307824359,0.4021599,0.3193926,0.27844748
3308744823,0.216151,0.59234524,0.19150387
3309146754,0.64656466,0.039568778,0.31386656
3309609508,0.13680275,0.47638902,0.38680825
3310524799,0.47124362,0.27321973,0.25553668
3311048973,0.4237709,0.32733747,0.24889168
3312099502,0.34135616,0.3239884,0.33465534
3312604468,0.24657187,0.48847175,0.26495644
3313584509,0.27013484,0.43941724,0.290448
3314559249,0.4079171,0.2617006,0.33038223
3314634622,0.30663303,0.28725255,0.40611446
3314790744,0.78173804,0.045550533,0.17271139
3315453513,0.1589503,0.4620533,0.37899634
3315962805,0.3094239,0.3503073,0.34026882
3317726558,0.4540552,0.28206283,0.26388195
3317735614,0.40655977,0.26405385,0.3293864
3317812926,0.2909974,0.20626716,0.5027355
3317883186,0.24255298,0.3847081,0.3727389
3317940016,0.13127463,0.69271857,0.17600684
3318312231,0.41592953,0.25663373,0.32743677
3318364966,0.2864241,0.38227192,0.33130392
3318754154,0.54521555,0.12203557,0.33274877
3319841519,0.3662746,0.45503825,0.17868713
3320541419,0.4394491,0.27289614,0.28765482
3320694998,0.08199924,0.7129744,0.20502637
3321255371,0.28298724,0.32279578,0.39421698
3321322551,0.29884383,0.4293903,0.27176583
3321478656,0.49455622,0.21932623,0.2861175
3321738454,0.3079685,0.32767543,0.36435604
3321751503,0.5786628,0.15070719,0.2706299
3321963219,0.2749158,0.27053463,0.45454958
3322519412,0.32712975,0.3799119,0.29295835
3323630373,0.21394654,0.28763086,0.49842262
3323922010,0.15486829,0.6412904,0.20384133
3324159932,0.45047596,0.26357833,0.28594574
3324569088,0.18535691,0.23417337,0.5804697
3324958742,0.45540696,0.17938721,0.36520582
3325164096,0.49918047,0.1924457,0.30837387
3325196092,0.3811433,0.35118434,0.26767233
3325563903,0.5061788,0.20319048,0.2906307
3325662184,0.47413892,0.2811102,0.24475086
3325712100,0.32349798,0.35125214,0.32524985
3325759871,0.3240559,0.26401502,0.41192904
3325805365,0.56240165,0.15122494,0.28637332
3325902481,0.2858307,0.5036203,0.21054901
3325969030,0.20671587,0.13322243,0.6600617
3326682243,0.39567518,0.2836289,0.3206959
3326776675,0.38023752,0.33342585,0.28633675
3326831922,0.43952313,0.24293171,0.31754518
3326952163,0.36097386,0.42159668,0.21742946
3326968081,0.21135549,0.3504591,0.43818545
3327270847,0.24622114,0.5011512,0.25262773
3327471657,0.27869502,0.4315348,0.2897701
3327735141,0.27163416,0.47223616,0.25612968
3328905138,0.3842517,0.2599354,0.35581288
3329166915,0.26968184,0.42292795,0.30739024
3331167497,0.48253334,0.24285173,0.274615
3331395358,0.37565252,0.18450046,0.43984705
3331724896,0.3113452,0.533263,0.15539175
3331843047,0.54774565,0.20905851,0.24319586
3332346656,0.51551485,0.22420368,0.26028144
3332560614,0.36139065,0.3628566,0.27575275
3332834449,0.40297526,0.2751482,0.3218765
3333023434,0.32413995,0.3316967,0.34416333
3333527129,0.25516018,0.5251813,0.21965852
3333832652,0.25357863,0.29424116,0.4521803
3334110885,0.43259934,0.25725248,0.31014827
3334253249,0.3644096,0.3590587,0.27653173
3334900644,0.38929078,0.35396567,0.2567436
3336135497,0.18425389,0.5786925,0.23705363
3336914618,0.3605579,0.3029201,0.336522
3337156492,0.079532675,0.4639591,0.45650834
3337211244,0.4237061,0.29484186,0.28145212
3337660936,0.36670962,0.2913315,0.34195885
3338241821,0.3119887,0.37647,0.3115413
3339131316,0.31726432,0.15504454,0.5276911
3339151318,0.27439263,0.16393392,0.5616734
3339163977,0.29011822,0.3499814,0.35990041
3339186641,0.29560345,0.30813426,0.39626223
3340307193,0.3079862,0.3586515,0.3333623
3340399864,0.14422278,0.7039048,0.1518724
3340454218,0.38549006,0.31902322,0.2954867
3341417520,0.36684367,0.31179738,0.321359
3341673204,0.3417284,0.37596124,0.2823104
3342579396,0.46922776,0.178894,0.3518783
3342640401,0.18351454,0.58249766,0.23398781
3342731961,0.5754289,0.2152716,0.20929952
3342756760,0.45831537,0.28030166,0.26138297
3342810117,0.32754174,0.41405556,0.2584027
3342858023,0.36557728,0.307835,0.3265877
3342936817,0.35452765,0.34962144,0.29585087
3343726871,0.72168314,0.1138329,0.16448401
3343962246,0.17678615,0.5485329,0.27468094
3344240922,0.33962774,0.40067482,0.25969744
3344417112,0.24261008,0.5535058,0.20388415
3344672540,0.4520192,0.26947805,0.27850264
3345324631,0.45129192,0.2859245,0.26278362
3345511718,0.48543957,0.2595026,0.25505775
3345530202,0.3900915,0.2615685,0.34834003
3345856759,0.13371848,0.38015515,0.48612636
3345913114,0.23169771,0.5208335,0.24746883
3346633389,0.38354376,0.32679093,0.2896654
3346823869,0.4247989,0.27798942,0.29721168
3347048526,0.7511423,0.03872832,0.21012942
3347701717,0.33059323,0.28032923,0.38907757
3348104573,0.303114,0.3521577,0.34472826
3348763355,0.25438467,0.4567608,0.28885454
3348968882,0.18993841,0.38242212,0.42763945
3348981704,0.27743316,0.33051193,0.3920549
3349139885,0.49050978,0.28234044,0.22714977
3349531260,0.29838514,0.40786517,0.2937497
3349746928,0.42836332,0.1404659,0.4311707
3350112753,0.4233688,0.30543518,0.27119607
3350362997,0.3562537,0.33617154,0.3075747
3350539547,0.486582,0.24714115,0.2662769
3351137227,0.38497993,0.15091333,0.4641067
3352597968,0.2772713,0.3357576,0.38697112
3352842759,0.47265562,0.2452858,0.28205866
3353297853,0.39080653,0.32357,0.2856235
3353515893,0.17744781,0.511273,0.31127912
3353931486,0.18251173,0.35384485,0.4636434
3354263541,0.47430775,0.28920114,0.23649116
3354891298,0.18582742,0.44127408,0.37289843
3354945592,0.3039522,0.27378565,0.42226207
3355240483,0.21691711,0.37749484,0.40558815
3355723506,0.24827959,0.5168199,0.2349005
3356194781,0.22635046,0.46123618,0.31241333
3356378969,0.39756453,0.2617483,0.3406872
3356789229,0.3219044,0.45844725,0.21964844
3356895881,0.24286841,0.5366996,0.22043195
3357052138,0.21031398,0.3913611,0.39832494
3357325244,0.69396335,0.13404003,0.17199655
3357523576,0.39646307,0.20982242,0.39371458
3357898241,0.39128977,0.34179342,0.26691678
3358313939,0.51068443,0.20246021,0.28685537
3358325567,0.2865326,0.4442471,0.26922032
3358334023,0.25227425,0.1992144,0.54851127
3358379083,0.27751425,0.3649541,0.35753167
3358806989,0.3525216,0.32792428,0.31955406
3359225860,0.34818235,0.37311214,0.27870545
3360097400,0.25382277,0.5045556,0.24162164
3360163610,0.6396591,0.12708315,0.2332578
3360830901,0.23082773,0.55871606,0.21045618
3361465544,0.53438145,0.2296922,0.23592632
3361583865,0.6329369,0.09363664,0.27342653
3361629340,0.43800643,0.21910542,0.34288812
3362855847,0.19630107,0.48149365,0.32220525
3363181503,0.050204024,0.67074996,0.27904603
3365354730,0.28278095,0.30480418,0.4124149
3365476766,0.25913572,0.1194946,0.62136966
3365711891,0.3130764,0.34250194,0.34442165
3366163371,0.34398866,0.3966068,0.2594045
3366181088,0.37440535,0.27403605,0.35155857
3366376584,0.20559071,0.51184005,0.28256926
3366683187,0.3735796,0.21986866,0.40655178
3366813487,0.47905996,0.25136855,0.26957154
3367109552,0.30126417,0.46488976,0.23384604
3367575341,0.28849652,0.4375253,0.27397823
3368110345,0.3674448,0.3241773,0.30837792
3368124299,0.38196453,0.31040308,0.30763248
3368445201,0.11746063,0.65117157,0.23136789
3368645814,0.29872572,0.37502593,0.32624832
3369010659,0.3318198,0.3507724,0.3174077
3369018162,0.37458926,0.3751645,0.25024614
3369616109,0.2275436,0.48782614,0.28463033
3369618589,0.2894473,0.44213352,0.26841924
3371348751,0.29940554,0.37944248,0.32115194
3371633618,0.13642386,0.60252035,0.2610558
3371724050,0.324808,0.3367435,0.33844844
3371883954,0.2673537,0.46069646,0.2719498
3371888110,0.36536843,0.17224707,0.46238446
3371936115,0.24659713,0.39478555,0.3586174
3372381699,0.3463616,0.3650895,0.28854886
3373171974,0.1343212,0.38526264,0.48041618
3373221864,0.30767563,0.3514904,0.3408339
3373268140,0.20851769,0.47590792,0.31557447
3373326228,0.376238,0.31431365,0.3094484
3373498301,0.32635614,0.38602093,0.28762287
3374774695,0.26620713,0.47130007,0.2624928
3375322673,0.19808042,0.56218433,0.23973528
3375507219,0.6107413,0.17572336,0.21353541
3375540761,0.6166474,0.16624156,0.21711099
3376477795,0.86768144,0.014406042,0.117912486
3376557821,0.29788575,0.16554049,0.53657377
3376989552,0.30196247,0.20027623,0.49776128
3376996698,0.50583035,0.2376271,0.25654247
3378237486,0.321577,0.27794564,0.40047738
3378359442,0.12709042,0.17143187,0.70147777
3379059735,0.4340686,0.3010394,0.26489198
3379179148,0.34798786,0.35741007,0.29460213
3379315192,0.35561472,0.26141816,0.3829671
3379336526,0.5654481,0.110571556,0.3239803
3380343163,0.36365697,0.3505036,0.2858394
3382591600,0.2360985,0.5463244,0.21757717
3382785612,0.23317268,0.38689855,0.37992883
3383431105,0.23660949,0.20678261,0.5566079
3384195968,0.26743877,0.40898395,0.32357723
3384237724,0.3190839,0.332174,0.34874207
3384534387,0.20302965,0.3471325,0.44983792
3384615924,0.48019868,0.25237098,0.26743037
3384716399,0.36031222,0.4103141,0.2293737
3384992078,0.7434533,0.08785045,0.16869624
3385391372,0.25615487,0.4044126,0.3394326
3385566106,0.31746936,0.37389955,0.30863106
3386037691,0.19878453,0.5548698,0.24634562
3386105197,0.16835727,0.4503506,0.38129225
3386190753,0.53508586,0.24505213,0.21986198
3387129846,0.27651617,0.44291705,0.28056672
3387715623,0.36648497,0.33491537,0.29859966
3388037815,0.26594588,0.4848601,0.24919401
3388260012,0.41476429,0.28030118,0.30493456
3388996618,0.50190985,0.14741582,0.35067433
3389373637,0.27938485,0.33279786,0.38781726
3389472844,0.23935664,0.43751884,0.32312453
3389660594,0.30274045,0.38903394,0.3082256
3389868636,0.19177388,0.36435813,0.443868
3390326049,0.7896713,0.06959248,0.14073619
3390582814,0.05846615,0.8555384,0.08599551
3391341927,0.3524597,0.36911443,0.2784259
3392150848,0.3823437,0.25719723,0.36045912
3392342136,0.295238,0.4191804,0.28558168
3392937019,0.49939635,0.23588014,0.26472354
3393696372,0.06675637,0.5870285,0.34621513
3393850365,0.49466214,0.24069986,0.264638
3393863373,0.2828438,0.4163079,0.30084828
3395206447,0.2981364,0.43886146,0.26300213
3395295545,0.29196185,0.22306831,0.48496982
3395591375,0.25224346,0.48611075,0.26164576
3395663881,0.2641069,0.4314944,0.30439872
3396348730,0.5956158,0.18701015,0.21737401
3396415317,0.9015345,0.0074207415,0.09104478
3397170130,0.13327199,0.035007425,0.8317206
3397418243,0.28459713,0.43495023,0.28045273
3397688786,0.42954284,0.27015576,0.3003014
3398736564,0.63486594,0.17991316,0.18522085
3399573825,0.29657516,0.3279192,0.37550566
3399849034,0.28995726,0.26771328,0.44232953
3400086605,0.33774263,0.27349162,0.38876578
3400353802,0.022708347,0.85554993,0.12174177
3400520415,0.34874272,0.41576746,0.23548982
3401292830,0.15538953,0.625574,0.21903653
3401697158,0.6696777,0.14229956,0.18802272
3401715928,0.3288852,0.37072033,0.30039456
3402267903,0.38304994,0.11885598,0.49809408
3402283190,0.45892802,0.24883963,0.29223233
3402894547,0.42986044,0.28582102,0.28431854
3402923473,0.44532105,0.3429204,0.21175857
3402951497,0.30148005,0.26499447,0.43352544
3403140276,0.37541482,0.2657838,0.35880142
3404240597,0.039183427,0.05841716,0.9023994
3404249791,0.46939334,0.2719143,0.25869232
3404463465,0.34226063,0.3445391,0.31320024
3404553100,0.35921076,0.32256266,0.31822664
3405408487,0.22745931,0.47939888,0.29314184
3405420000,0.4295921,0.28120276,0.28920516
3405760066,0.281211,0.3538391,0.36495003
3405995956,0.3494384,0.35669526,0.29386646
3406499470,0.22419155,0.54317576,0.23263274
3407659353,0.43072447,0.27343452,0.29584107
3408290907,0.27115905,0.35879284,0.37004814
3408515440,0.60265476,0.16544235,0.2319029
3408518865,0.30024728,0.4431287,0.25662395
3408590007,0.3866878,0.32178465,0.29152748
3408733958,0.34178168,0.40216216,0.2560561
3410330813,0.50409245,0.18483451,0.311073
3410442533,0.11572506,0.62357485,0.26070008
3410486103,0.89168555,0.0073730694,0.10094137
3410635162,0.42320278,0.22826427,0.3485329
3410719105,0.38664958,0.281039,0.33231136
3410755057,0.07526924,0.74379367,0.18093717
3411383796,0.39585105,0.29965442,0.3044946
3411667210,0.28449544,0.4099595,0.3055451
3412123024,0.4403988,0.27145055,0.28815067
3412228193,0.48118111,0.25771233,0.26110658
3412803488,0.28809065,0.38035735,0.33155203
3412825385,0.37626266,0.34105334,0.282684
3413737966,0.34017074,0.30305585,0.35677344
3413824338,0.41180053,0.16787943,0.42032
3413904087,0.37669998,0.40613708,0.2171629
3413932109,0.10541828,0.7477444,0.14683737
3414023952,0.8430792,0.035727832,0.121192984
3414354474,0.4779985,0.2575223,0.2644792
3414382457,0.3211838,0.3871933,0.29162294
3414728816,0.57616115,0.21903649,0.20480236
3414779440,0.2567033,0.45695683,0.28633994
3415138007,0.04379903,0.7785873,0.17761366
3415621432,0.4220721,0.22128077,0.35664722
3415882908,0.2967472,0.4403656,0.26288712
3415943718,0.29978698,0.2898593,0.41035366
3416092628,0.5586059,0.23092838,0.2104657
3417035058,0.11128097,0.70525074,0.18346833
3417801032,0.33766767,0.3423703,0.31996208
3419450216,0.29286334,0.27019495,0.4369417
3420034613,0.33198646,0.37085834,0.29715523
3420967430,0.24095318,0.36143556,0.39761135
3421105798,0.23067695,0.48384908,0.28547394
3421208163,0.50671387,0.122400396,0.37088567
3421248584,0.4433898,0.28412747,0.27248275
3421517650,0.23926443,0.49452692,0.26620868
3421759496,0.18655838,0.17224714,0.6411945
3421922659,0.6501803,0.087367184,0.26245245
3422200799,0.36044043,0.29499564,0.344564
3422203237,0.12100895,0.103840195,0.77515084
3422810050,0.35017228,0.34584147,0.30398628
3423252114,0.25357422,0.4259151,0.32051066
3423254003,0.4233392,0.22098692,0.3556739
3423337050,0.23574054,0.4594768,0.30478272
3423477752,0.31238344,0.46595433,0.22166221
3424316104,0.42315406,0.27153704,0.30530894
3424611127,0.58335066,0.18672538,0.22992389
3424720859,0.4658255,0.24273862,0.2914359
3425879718,0.23207852,0.57304513,0.1948763
3426332398,0.3150549,0.23383929,0.45110577
3426469730,0.39495197,0.39065385,0.21439414
3426525911,0.39632392,0.3314017,0.27227432
3426809799,0.57111704,0.19072579,0.23815711
3426934073,0.31397888,0.38745153,0.29856956
3427521018,0.5722963,0.15643498,0.27126867
3428376922,0.04595663,0.8293243,0.12471904
3428397904,0.36280847,0.32006195,0.3171296
3428831629,0.5664604,0.19860378,0.23493582
3429355434,0.19381475,0.40066308,0.40552217
3431083751,0.3255699,0.22085083,0.45357925
3431337714,0.4248441,0.29722095,0.27793497
3431610196,0.3585991,0.36074793,0.280653
3432955243,0.27793556,0.33749834,0.38456607
3433126215,0.39141572,0.34279263,0.26579168
3433649207,0.108578734,0.5614276,0.3299936
3433839701,0.55383766,0.23291653,0.21324575
3433871708,0.079550706,0.39484373,0.52560556
3434345178,0.3010216,0.17306902,0.52590936
3434518611,0.364033,0.3189414,0.31702554
3434525226,0.49894008,0.21447018,0.2865897
3436315577,0.5950953,0.17765674,0.22724803
3437322600,0.5528089,0.08369344,0.36349767
3438826433,0.47696495,0.24482712,0.27820793
3438873122,0.35191298,0.3522463,0.2958407
3439115906,0.7552181,0.06963212,0.17514972
3439424550,0.34075138,0.331056,0.32819265
3440359218,0.331118,0.3723857,0.29649633
3440445973,0.43904713,0.2044819,0.35647097
3440494496,0.008206461,0.86790395,0.12388967
3440549694,0.5267297,0.14178994,0.3314803
3440589343,0.60650355,0.10039368,0.2931028
3440596988,0.19451298,0.18031755,0.62516946
3440643411,0.11325572,0.6775874,0.2091569
3440663146,0.22265886,0.55795485,0.21938632
3441126122,0.15470214,0.60670644,0.23859149
3441283326,0.34217718,0.3832189,0.27460387
3441407499,0.3772845,0.2994272,0.32328832
3441640966,0.31624895,0.12703131,0.5567197
3442811366,0.2655246,0.45942637,0.27504903
3443254881,0.18316849,0.5214509,0.2953806
3443365547,0.22029404,0.44888446,0.33082154
3443577456,0.18438809,0.10764947,0.7079624
3443784754,0.23390464,0.5285595,0.23753585
3444666728,0.3277411,0.3883514,0.2839076
3444708943,0.40958527,0.37562445,0.21479036
3444841263,0.33548418,0.30397958,0.36053625
3445134906,0.4695618,0.17810966,0.35232854
3445253305,0.25193188,0.39161316,0.356455
3445416051,0.18778616,0.42364895,0.38856483
3445778553,0.16072266,0.6083221,0.2309553
3445884899,0.13572744,0.333682,0.5305906
3445998918,0.36260957,0.328354,0.30903643
3446170358,0.5297346,0.25851923,0.21174613
3446826943,0.34658617,0.37156254,0.28185132
3446899736,0.15016674,0.6049077,0.24492565
3447339840,0.34354514,0.34852576,0.307929
3448196423,0.11265761,0.6142434,0.27309904
3448727812,0.5696386,0.21695004,0.21341136
3449890656,0.6437972,0.06294667,0.29325616
3450084609,0.26702526,0.29914263,0.43383208
3450128588,0.46866578,0.26236254,0.26897165
3450666336,0.3209395,0.41367614,0.26538432
3451156068,0.33036575,0.35516506,0.3144692
3451187425,0.13816479,0.542914,0.31892127
3451690618,0.28950042,0.48596463,0.224535
3451825888,0.2935003,0.43054074,0.27595887
3452087643,0.38278028,0.292968,0.32425168
3452306533,0.42910558,0.2626229,0.3082715
3452641074,0.13165809,0.084758446,0.78358346
3452656835,0.10597734,0.25699234,0.63703024
3452897588,0.58918077,0.19324583,0.21757342
3452971349,0.4551105,0.23548724,0.30940223
3453172904,0.23620936,0.4959355,0.26785517
3453323161,0.26061425,0.45973533,0.27965033
3453433776,0.42378882,0.305647,0.27056417
3453930188,0.3666483,0.3374617,0.29588997
3453977971,0.075811215,0.6265374,0.29765132
3455312331,0.39842147,0.30512264,0.29645598
3455356618,0.2938918,0.4109739,0.2951343
3456274869,0.57630336,0.1508858,0.27281082
3456475814,0.49247637,0.18689707,0.3206266
3458137169,0.22938883,0.4172856,0.3533256
3458223543,0.3081949,0.38839126,0.3034138
3458659881,0.2795295,0.29936504,0.42110544
3460853413,0.29588166,0.413504,0.29061437
3461481268,0.16976231,0.64465475,0.18558292
3461633607,0.44511673,0.23308596,0.3217973
3462074745,0.44460765,0.27297932,0.28241307
3462598796,0.46340108,0.27007928,0.2665196
3462638601,0.2377326,0.4848193,0.27744818
3463439858,0.59069574,0.20388371,0.20542045
3463795208,0.24227068,0.46934837,0.28838092
3464025743,0.12840101,0.62186164,0.24973732
3464809226,0.31472802,0.35191202,0.33335996
3465024857,0.3499239,0.33137572,0.31870037
3465379477,0.32970613,0.28615496,0.3841389
3465744552,0.28754258,0.42252874,0.28992867
3466329886,0.34880674,0.31082064,0.34037256
3466613761,0.3347891,0.37254044,0.29267043
3466737646,0.14745072,0.6792238,0.17332557
3466807448,0.25812995,0.42648664,0.3153834
3466935492,0.3772302,0.32622507,0.2965447
3466959564,0.15663594,0.62593114,0.21743295
3467393478,0.14488336,0.59874314,0.25637355
3468600605,0.41586685,0.23704237,0.34709078
3469095406,0.28399226,0.326131,0.3898767
3469217485,0.47933182,0.25887486,0.26179332
3469861150,0.2823388,0.47230718,0.24535397
3470791593,0.3935023,0.20544204,0.40105572
3470837322,0.31799328,0.36865973,0.31334692
3470923669,0.1967881,0.29063663,0.5125753
3472211036,0.34286502,0.36902362,0.28811136
3472890763,0.33438307,0.32059366,0.34502336
3473119337,0.6116501,0.1846965,0.20365341
3473409126,0.08673453,0.73755103,0.17571443
3473695606,0.31446087,0.20815423,0.47738487
3473697466,0.32127318,0.13743638,0.54129046
3473745944,0.2710772,0.4238679,0.30505484
3474186879,0.37161678,0.41225407,0.21612917
3475006113,0.26840588,0.27953455,0.4520596
3475067443,0.17347465,0.61386865,0.21265665
3475087792,0.3733097,0.20389527,0.42279506
3475565233,0.27024654,0.22469603,0.5050574
3476251911,0.2643133,0.47906098,0.25662574
3476299508,0.15770344,0.51651406,0.32578242
3476523721,0.43136874,0.23072985,0.33790138
3477476741,0.3022315,0.28083003,0.41693842
3477955748,0.2944758,0.3266096,0.37891462
3479108101,0.51246077,0.26017842,0.22736083
3479233189,0.20984235,0.47272205,0.31743568
3480782243,0.56344795,0.19676338,0.23978873
3480799188,0.31143188,0.290023,0.3985451
3480929448,0.23419307,0.3697424,0.39606455
3481489584,0.45795226,0.2960149,0.24603288
3481757191,0.21924971,0.4103302,0.37042013
3482285235,0.29958314,0.26411885,0.43629798
3482509484,0.29809994,0.42201144,0.27988872
3482979953,0.44104898,0.2965823,0.26236874
3483039076,0.61964464,0.1223302,0.25802517
3483298920,0.21015127,0.3980333,0.39181536
3483324683,0.3593424,0.34512874,0.29552886
3484192854,0.078060396,0.18149693,0.74044263
3484538696,0.5014835,0.22542417,0.27309236
3484782485,0.32382694,0.33840647,0.33776662
3484816269,0.53429735,0.20541193,0.26029077
3485102930,0.3728663,0.30220917,0.32492456
3485136199,0.10162317,0.23050234,0.6678745
3485189050,0.3146521,0.3926399,0.29270807
3485214578,0.61859083,0.17538291,0.20602629
3485554277,0.52790636,0.22003587,0.25205782
3486249428,0.32396525,0.3075071,0.36852762
3486406707,0.36278042,0.28671524,0.3505044
3487154554,0.14482798,0.6312472,0.22392488
3487456227,0.39141217,0.30178043,0.30680743
3487874062,0.32979333,0.21560025,0.45460644
3487875757,0.45923138,0.28392375,0.25684488
3487974056,0.17814611,0.562777,0.2590768
3488894653,0.20749034,0.5545323,0.2379773
3489662208,0.38610435,0.31368664,0.30020908
3489896053,0.28177783,0.412306,0.30591613
3489905765,0.35480693,0.2637152,0.38147786
3490170770,0.271299,0.4311679,0.29753312
3493103994,0.4597935,0.22460812,0.3155983
3493294821,0.3470666,0.33342534,0.31950796
3493856765,0.45839626,0.25879848,0.28280523
3494754040,0.42371508,0.24025391,0.33603108
3494833946,0.2666245,0.45084056,0.2825349
3495084034,0.45204344,0.1855387,0.36241782
3496246343,0.48075524,0.21622469,0.30302018
3497361239,0.25615755,0.48393,0.2599125
3497560987,0.38590026,0.30594623,0.3081535
3498168100,0.33697286,0.3187685,0.3442587
3498586141,0.3889919,0.20752285,0.40348518
3498720760,0.2921685,0.30638707,0.40144444
3499666330,0.4842612,0.23309587,0.28264287
3499862924,0.5515042,0.19014643,0.2583493
3500018067,0.20764981,0.45397466,0.33837548
3500103921,0.5917266,0.076412156,0.3318613
3500925701,0.17080745,0.4522276,0.37696505
3501010324,0.3208075,0.38602298,0.2931695
3501245320,0.3333764,0.36788726,0.29873633
3501323858,0.3869404,0.36898294,0.24407671
3501962113,0.27629557,0.4954359,0.22826852
3502384960,0.4227333,0.27340674,0.30385986
3502899496,0.018064264,0.71093005,0.2710057
3502956208,0.38654125,0.23574063,0.37771818
3502984345,0.28416198,0.39031115,0.3255269
3503305722,0.32782206,0.35238978,0.3197882
3503486846,0.58892196,0.1299654,0.28111267
3503595707,0.5282463,0.24202754,0.2297262
3503617822,0.3288542,0.324306,0.3468398
3503886678,0.47875422,0.2714515,0.24979429
3504132550,0.28844514,0.38544357,0.32611126
3504492251,0.4833644,0.18929683,0.32733873
3505322204,0.31095842,0.38256565,0.30647597
3506629837,0.47596747,0.22353908,0.30049342
3506980293,0.27901292,0.44093543,0.28005165
3507304933,0.386694,0.34687924,0.26642677
3507419812,0.43612933,0.29391086,0.26995978
3508046419,0.30264297,0.38793766,0.30941936
3508513599,0.32113627,0.22827561,0.45058808
3509072838,0.1846018,0.56244326,0.25295493
3509921530,0.57552874,0.19395505,0.23051621
3510172782,0.443516,0.2787612,0.27772275
3510487589,0.31020972,0.4193788,0.2704115
3510831895,0.22231433,0.4853991,0.29228657
3511269980,0.50605536,0.09271903,0.40122566
3512230107,0.18576106,0.4052013,0.40903765
3512287306,0.17081344,0.33455908,0.49462742
3512291490,0.25270468,0.24915712,0.49813822
3512962045,0.37201652,0.391551,0.23643248
3513028582,0.31991616,0.41322944,0.26685438
3513085321,0.4558579,0.30104038,0.2431017
3514338215,0.3023013,0.4423346,0.2553641
3515027556,0.46659636,0.22720906,0.30619463
3515105781,0.12442996,0.5838037,0.2917663
3515265397,0.41030765,0.2910959,0.2985965
3515994772,0.13140246,0.64787626,0.22072127
3516268032,0.29465574,0.37073413,0.3346101
3516389130,0.38568583,0.31097126,0.3033429
3517380544,0.24813963,0.26358446,0.48827586
3517550177,0.3457762,0.34267136,0.31155238
3517791161,0.20197335,0.46902668,0.32899988
3518967317,0.20107289,0.49757555,0.3013516
3519001366,0.34929183,0.35991105,0.29079705
3519047429,0.5370513,0.22757652,0.2353721
3519080768,0.33409038,0.1966592,0.4692504
3519190404,0.30328846,0.51834863,0.17836288
3519242780,0.290265,0.3366892,0.3730458
3519949464,0.30541438,0.3550278,0.3395578
3520082507,0.29902926,0.38016474,0.32080597
3520520698,0.3448641,0.3397154,0.3154205
3522096824,0.231685,0.4827988,0.2855162
3522252737,0.32474434,0.23945062,0.43580508
3522623057,0.23557264,0.23062873,0.5337986
3523636974,0.27430466,0.4455703,0.28012508
3523712443,0.5221413,0.2111934,0.26666543
3523835560,0.48189998,0.10021531,0.41788474
3524057715,0.2596959,0.4206806,0.31962347
3524996493,0.31816545,0.46759173,0.2142429
3525090061,0.46895736,0.2971612,0.23388146
3525456887,0.32450315,0.34561324,0.32988358
3525563032,0.29794708,0.1787225,0.52333045
3525634167,0.14714499,0.66350245,0.18935253
3526405689,0.2531116,0.36276537,0.38412306
3527437008,0.18965532,0.37085944,0.43948525
3528124976,0.49614024,0.24899803,0.2548617
3528263093,0.17233747,0.6287481,0.19891442
3528824471,0.26274174,0.45543882,0.28181943
3528831494,0.23743941,0.47478512,0.2877755
3529592704,0.3182724,0.27097335,0.4107543
3529621483,0.45595065,0.10148661,0.44256273
3530220139,0.36805722,0.31470522,0.31723756
3530427771,0.25852123,0.46325335,0.2782255
3531063814,0.25884125,0.42092383,0.32023492
3531128301,0.45604244,0.23297426,0.3109833
3531153677,0.30538043,0.1872859,0.5073336
3531271341,0.44519112,0.30049482,0.2543141
3531533455,0.29418984,0.43769145,0.2681187
3531900778,0.33134308,0.36771506,0.30094197
3532126063,0.14678536,0.61634606,0.23686858
3532503706,0.32223248,0.36764318,0.3101244
3532841250,0.503371,0.2240758,0.27255324
3533083695,0.32045525,0.35990503,0.31963968
3533430383,0.17442779,0.6353307,0.19024159
3534180451,0.33818692,0.3742499,0.2875632
3535041409,0.26678783,0.42823535,0.3049769
3535051383,0.5232451,0.1634187,0.31333622
3535448304,0.4013445,0.15814671,0.44050887
3535452356,0.23734264,0.5113333,0.2513241
3535617794,0.3015055,0.4440672,0.25442737
3535822471,0.11076377,0.19239274,0.6968434
3536006301,0.4928238,0.23252483,0.27465138
3536589467,0.4008984,0.31119013,0.28791153
3537552908,0.4334576,0.20611002,0.36043245
3537813346,0.24010637,0.5014652,0.2584284
3537846651,0.54425675,0.20089959,0.25484365
3538626431,0.26436183,0.38630566,0.34933257
3539832942,0.1701069,0.7019765,0.12791657
3539857135,0.5971255,0.061709322,0.3411652
3540864998,0.5521382,0.119083636,0.3287782
3540897218,0.5846548,0.21539296,0.19995219
3541274100,0.33941665,0.2843217,0.37626162
3541744963,0.62419367,0.17035693,0.2054494
3542033755,0.29128024,0.4456627,0.2630571
3542155583,0.23027389,0.3618593,0.4078668
3542233866,0.32125708,0.2970846,0.38165835
3542612284,0.2950678,0.40117112,0.3037611
3543653746,0.43210164,0.2822112,0.2856871
3543788562,0.3228492,0.28407776,0.39307296
3544030483,0.32535022,0.38393268,0.29071707
3544110209,0.4966751,0.24535142,0.25797343
3544593490,0.37453046,0.32943904,0.2960305
3545050685,0.54891646,0.18274502,0.26833853
3545298842,0.14007677,0.26850703,0.59141624
3545374361,0.33679634,0.36879262,0.29441106
3545555202,0.337744,0.4103293,0.25192672
3545828003,0.36708304,0.33413315,0.2987838
3545840669,0.43667236,0.25160855,0.31171912
3545935378,0.34523186,0.31794384,0.3368243
3546448098,0.22101325,0.37610018,0.4028866
3546601688,0.5576747,0.2247624,0.21756288
3546637174,0.2957773,0.37760943,0.32661325
3546756859,0.15256423,0.21139517,0.63604057
3546896065,0.25172356,0.16092728,0.5873491
3546902123,0.44286436,0.26520136,0.29193437
3547127693,0.19884148,0.4653013,0.33585718
3547141716,0.80019546,0.030577002,0.16922759
3547929942,0.16546397,0.5660857,0.26845035
3548136364,0.46271375,0.31480524,0.22248104
3548295169,0.28596622,0.34148383,0.37254995
3549757728,0.12760162,0.60593927,0.2664591
3550058200,0.24223864,0.33471832,0.4230431
3550808545,0.41040742,0.31975296,0.2698396
3551023037,0.4945017,0.20423795,0.30126038
3551058175,0.40987328,0.3329811,0.25714558
3551477478,0.3259922,0.37951928,0.29448855
3551505051,0.12598166,0.31308728,0.56093115
3551545990,0.5417749,0.06644938,0.3917757
3552109324,0.15955675,0.51396835,0.32647496
3552195410,0.3412549,0.3733297,0.28541538
3552202212,0.5140375,0.2146019,0.27136058
3552520616,0.42663944,0.29893294,0.27442756
3552907282,0.27000612,0.47595042,0.25404343
3553648616,0.20092048,0.42310384,0.3759757
3554330500,0.42762858,0.29357332,0.27879807
3554503683,0.45909613,0.22345707,0.31744674
3554528113,0.32013327,0.3890943,0.2907724
3554798061,0.34958363,0.28795576,0.36246064
3554813157,0.39777282,0.34246877,0.25975844
3555197494,0.38918093,0.30704284,0.30377626
3555559879,0.34769323,0.35604188,0.2962649
3556602351,0.20952629,0.5082374,0.28223622
3558176917,0.3165894,0.39789867,0.28551194
3558393920,0.44973218,0.28442878,0.26583904
3558476042,0.41774532,0.26573542,0.3165193
3558505594,0.3735547,0.36471543,0.26172984
3559369723,0.195299,0.56636643,0.23833458
3559423938,0.21857248,0.5182585,0.26316896
3560603336,0.267595,0.48589826,0.24650675
3561249031,0.46494484,0.26820844,0.26684663
3561338756,0.19896308,0.32912564,0.4719113
3561506337,0.21261086,0.48996395,0.29742518
3561546594,0.3451643,0.34951138,0.3053243
3561571043,0.60636866,0.119503975,0.27412733
3561863418,0.47983593,0.26233158,0.2578325
3562277674,0.28330427,0.39860544,0.31809035
3562831745,0.2080682,0.5120806,0.2798512
3563020197,0.26401374,0.22794327,0.508043
3563157231,0.19181807,0.5647242,0.24345772
3563580556,0.28168553,0.418119,0.3001955
3564310960,0.82435244,0.05209349,0.123554096
3564406950,0.22683476,0.5327734,0.24039194
3564420926,0.6442199,0.09561002,0.2601701
3565179748,0.46434703,0.28649148,0.24916154
3565252363,0.313395,0.4408539,0.2457511
3565314061,0.33914486,0.20165661,0.45919853
3565317149,0.6017836,0.087680474,0.31053603
3565433979,0.36021668,0.24483629,0.394947
3565751739,0.070189096,0.39494258,0.53486836
3566154899,0.38253742,0.3212565,0.29620612
3566563957,0.34229353,0.22742914,0.43027735
3566617510,0.33379588,0.25406042,0.41214377
3566636449,0.38147062,0.27404276,0.34448662
3567210401,0.45796064,0.30879304,0.23324636
3568039267,0.27633402,0.41998404,0.30368194
3569307669,0.19870526,0.47932208,0.32197267
3570801941,0.24248338,0.47004747,0.28746912
3571179882,0.30636963,0.20688778,0.48674262
3571217611,0.3533353,0.38021234,0.26645243
3572446349,0.5557917,0.21202104,0.23218727
3572990107,0.2468171,0.41594973,0.3372331
3573328748,0.4075799,0.22513899,0.36728114
3573445457,0.7286409,0.10069765,0.17066148
3573516689,0.388674,0.3026425,0.30868354
3574286692,0.323667,0.4445362,0.23179673
3575022517,0.24771176,0.42041278,0.3318754
3575579978,0.2805921,0.43185228,0.28755563
3575812488,0.27291083,0.45588642,0.27120277
3576231689,0.66064876,0.13748842,0.2018629
3576392436,0.2750234,0.43287247,0.29210415
3576544880,0.37346995,0.30877566,0.31775433
3576660886,0.5253292,0.2433271,0.23134375
3576894648,0.27399302,0.1620984,0.5639086
3578278075,0.38898635,0.33354923,0.27746442
3578552320,0.4573431,0.28819403,0.2544628
3578593489,0.5306685,0.187773,0.28155848
3578637616,0.22499083,0.5288702,0.24613903
3579155152,0.3463474,0.3446515,0.30900106
3579662898,0.30111277,0.33033842,0.36854878
3580714575,0.35566574,0.344887,0.29944718
3580979781,0.28691548,0.38249674,0.3305878
3581594347,0.46032572,0.18924662,0.3504276
3581811864,0.22752586,0.48332417,0.28915003
3581899190,0.6083336,0.20081526,0.1908511
3582293437,0.34819686,0.35481304,0.29699007
3582464636,0.17573395,0.416912,0.4073541
3582506900,0.30898404,0.39316672,0.29784927
3582766601,0.3085726,0.40176567,0.2896618
3583570866,0.42988434,0.31298915,0.25712654
3583886974,0.23778373,0.48844817,0.2737681
3583927480,0.28922468,0.44728327,0.2634921
3583999779,0.3162595,0.30090842,0.38283202
3584576347,0.39149427,0.33921713,0.2692886
3584702927,0.2751108,0.41742617,0.307463
3585979491,0.20993285,0.49772903,0.2923382
3585995655,0.3749728,0.27972722,0.3453
3587126359,0.3100687,0.38501698,0.30491436
3587136464,0.43802255,0.25104257,0.3109349
3587202373,0.34792104,0.3906307,0.2614482
3587830837,0.21495476,0.28050998,0.50453526
3588886352,0.48418948,0.2958529,0.21995768
3589039142,0.3178682,0.33767563,0.34445617
3589138297,0.33793476,0.30657437,0.35549086
3589145199,0.5551589,0.18358563,0.26125544
3589343975,0.37934852,0.3096509,0.31100065
3589720584,0.31471214,0.3036853,0.3816026
3589837896,0.41637865,0.31731036,0.266311
3589919211,0.37247583,0.33183867,0.29568556
3590177515,0.506039,0.20897122,0.28498977
3590327782,0.314257,0.3345189,0.35122406
3590475961,0.20514038,0.50490344,0.28995612
3591191022,0.2413929,0.44849035,0.3101168
3591502688,0.6516578,0.15560952,0.19273268
3591617543,0.22252226,0.4525536,0.3249241
3592578325,0.18940073,0.23980233,0.57079697
3592610606,0.3503189,0.36084428,0.28883678
3592779218,0.35333985,0.30524656,0.34141353
3593603924,0.33164302,0.23686673,0.43149024
3595182704,0.953032,0.0152213145,0.031746633
3595558273,0.38363922,0.31453645,0.30182436
3595845136,0.30720147,0.34575012,0.34704846
3596234761,0.28437287,0.34511903,0.37050813
3596445145,0.5213037,0.23283215,0.24586418
3596860644,0.079952195,0.10865104,0.8113968
3597146723,0.15677613,0.21824709,0.6249768
3597151984,0.6033275,0.13835377,0.2583187
3597915091,0.373074,0.32294548,0.30398053
3598371822,0.26734996,0.47989053,0.2527595
3598399803,0.45475814,0.26543194,0.27980995
3598608451,0.26949176,0.42420506,0.30630314
3599057519,0.6339904,0.080543116,0.28546643
3599383115,0.21338971,0.52754116,0.25906906
3599952651,0.11242186,0.5831497,0.3044284
3600096178,0.37183222,0.32079205,0.3073758
3600438629,0.61958116,0.09765477,0.28276414
3600984724,0.3593816,0.30822626,0.3323922
3601052269,0.26861686,0.40354592,0.32783717
3601715789,0.48013952,0.25386027,0.26600024
3602178131,0.341636,0.36517283,0.2931911
3602246322,0.24758583,0.5093623,0.24305186
3602357500,0.35251677,0.3206383,0.32684493
3602600687,0.2584064,0.25697154,0.48462194
3602630627,0.41932002,0.2729429,0.30773705
3602713522,0.38670573,0.16268303,0.45061126
3603149326,0.5729051,0.17599465,0.25110027
3603154507,0.30750445,0.36885518,0.32364038
3603439384,0.4278847,0.27701566,0.29509956
3603886789,0.3387101,0.3174341,0.3438558
3604250287,0.41044384,0.3940873,0.19546884
3604442758,0.34358892,0.4059534,0.2504577
3604754589,0.33000186,0.4112598,0.25873837
3604999265,0.4694214,0.26778933,0.2627893
3605566747,0.26711503,0.4555367,0.27734825
3605598975,0.11152168,0.23543422,0.65304416
3605734628,0.22824405,0.52774143,0.24401455
3606104732,0.30725318,0.44767144,0.24507533
3606471663,0.365737,0.3331864,0.30107668
3606579136,0.33496106,0.37039194,0.2946469
3606780073,0.16853496,0.64414257,0.18732245
3606806970,0.1320577,0.2235827,0.64435965
3607558102,0.40328342,0.3174658,0.27925077
3608074206,0.38802022,0.29854107,0.3134387
3608160808,0.3702402,0.3074497,0.3223101
3608362491,0.4280606,0.21209109,0.3598483
3609685574,0.26551148,0.3785318,0.35595673
3609919186,0.48511457,0.24986546,0.26502
3609953696,0.6163501,0.14864251,0.23500738
3609980369,0.37417728,0.2759558,0.34986693
3610013302,0.15141898,0.5412645,0.30731648
3610149658,0.17742349,0.30887917,0.5136974
3610472025,0.41803542,0.27812427,0.3038403
3610998410,0.36813554,0.26242164,0.36944282
3611170910,0.09745411,0.6938585,0.20868744
3611427909,0.35992423,0.3189256,0.32115018
3611484413,0.48672202,0.2446154,0.26866257
3611929103,0.35221952,0.33239672,0.31538373
3612320829,0.20225401,0.4928917,0.30485415
3612379466,0.23614089,0.45689127,0.30696788
3613121792,0.28877598,0.4036146,0.30760938
3615516406,0.4832178,0.29480195,0.22198026
3615624694,0.1671734,0.1430097,0.68981695
3615763409,0.21306671,0.5466743,0.24025902
3615807787,0.2664593,0.41540214,0.3181385
3616079165,0.34285617,0.31084025,0.34630358
3616112393,0.3618362,0.30128595,0.33687782
3616200030,0.21660815,0.5691703,0.21422155
3616333863,0.27963653,0.40619668,0.31416672
3616430296,0.22301716,0.4338668,0.34311607
3617199858,0.24170709,0.43166623,0.32662675
3617790338,0.30249244,0.41218042,0.28532717
3617902736,0.69357073,0.13827454,0.16815469
3618089237,0.39957199,0.3007002,0.2997278
3618784346,0.4862672,0.2608995,0.25283325
3619595654,0.34574765,0.36756834,0.28668395
3619999607,0.2574586,0.24329251,0.4992489
3620127087,0.19344352,0.57165766,0.2348988
3620375943,0.40777758,0.31849688,0.27372557
3620640448,0.31271112,0.42453077,0.26275817
3620710928,0.4715545,0.30604535,0.22240017
3621075138,0.36619866,0.34903318,0.28476807
3621700778,0.29121968,0.46182287,0.24695744
3621794020,0.3908936,0.31369093,0.29541543
3621872275,0.27299497,0.39382097,0.33318403
3622641401,0.3932114,0.25741923,0.34936938
3622748520,0.16210105,0.6126133,0.22528559
3623216600,0.49708325,0.27149236,0.23142436
3624213171,0.42292586,0.30730626,0.26976797
3624247400,0.36170253,0.39530754,0.24298999
3624400242,0.20455451,0.2988972,0.49654824
3624812830,0.33285373,0.3579493,0.309197
3624835943,0.34350178,0.44386426,0.21263394
3625399303,0.2165205,0.1928585,0.590621
3625463758,0.16821837,0.28830564,0.5434759
3626462383,0.18312648,0.12499275,0.6918808
3626588827,0.2670053,0.4584578,0.2745369
3626795242,0.29454952,0.40271872,0.3027318
3627211183,0.45997775,0.17638609,0.3636362
3628550994,0.5426437,0.22987622,0.22748008
3629342334,0.45831355,0.28301525,0.25867122
3629946350,0.470223,0.19803089,0.33174607
3630156710,0.1766979,0.5321153,0.29118687
3630518008,0.18452843,0.598212,0.2172596
3630619101,0.20843294,0.5015396,0.29002747
3630783766,0.16220684,0.17567469,0.6621185
3630988963,0.27458265,0.45185876,0.27355862
3631724351,0.18100421,0.1662318,0.65276396
3631932205,0.34963295,0.276779,0.373588
3632086367,0.5847112,0.25056592,0.16472283
3633028664,0.30747798,0.41168943,0.28083262
3633314542,0.17937991,0.59549344,0.22512667
3633396701,0.5459637,0.20831344,0.24572287
3634874035,0.42875218,0.30133572,0.26991206
3635263387,0.3199782,0.25131541,0.42870638
3635268641,0.2766134,0.38461438,0.33877215
3635278547,0.47125846,0.25978175,0.26895973
3635484820,0.2188769,0.4503596,0.33076352
3636713338,0.30191264,0.39724356,0.30084375
3636884986,0.29145035,0.43204066,0.27650905
3637261020,0.301009,0.36587596,0.33311504
3637470410,0.36599833,0.3350733,0.29892847
3637576663,0.17056563,0.6004266,0.22900775
3637896335,0.023703713,0.8363836,0.13991272
3638139002,0.21452053,0.43249756,0.35298193
3638165563,0.39148897,0.22689903,0.38161194
3638674163,0.35977203,0.36412033,0.27610767
3639568002,0.18694173,0.58670527,0.22635302
3639604948,0.44934693,0.18356474,0.3670884
3639635571,0.4252311,0.30131975,0.2734491
3639701142,0.28891683,0.3828101,0.3282731
3639825057,0.6776096,0.18232019,0.1400701
3639970298,0.48778337,0.21243908,0.29977763
3640906103,0.5842506,0.08059193,0.33515754
3641625011,0.3132139,0.28448632,0.40229976
3641703696,0.464789,0.16273755,0.37247345
3642278103,0.18319996,0.5691644,0.24763572
3642351306,0.28365672,0.4473021,0.26904115
3642614799,0.2617494,0.43589827,0.3023523
3642966515,0.24176788,0.45559645,0.30263567
3643326806,0.41718203,0.0865008,0.49631715
3643364753,0.3212594,0.3770305,0.30171016
3643579286,0.45640942,0.23848385,0.3051067
3644514481,0.42014015,0.33126464,0.24859527
3644645477,0.19305667,0.5132284,0.29371485
3645897735,0.16852099,0.6188934,0.21258567
3647674946,0.2783502,0.26737097,0.45427886
3648723080,0.2500366,0.44357532,0.30638814
3649316778,0.20955332,0.3619709,0.4284758
3649574415,0.6433998,0.13742276,0.21917747
3650367041,0.19493653,0.4178766,0.38718694
3650375014,0.47844362,0.1876334,0.33392298
3650511805,0.21021791,0.23231514,0.557467
3650758625,0.48892185,0.2603675,0.2507106
3650867192,0.45662823,0.3102349,0.23313685
3651363537,0.6654762,0.12685968,0.20766407
3651614122,0.4840778,0.1709606,0.34496158
3652288451,0.16968043,0.21891671,0.61140287
3653316916,0.2067715,0.55717814,0.23605037
3653428406,0.45378026,0.26317552,0.2830442
3653461116,0.119855545,0.046047762,0.8340967
3653689283,0.22466832,0.44131768,0.33401406
3653845774,0.48826376,0.24500468,0.2667315
3653967389,0.18924579,0.6017022,0.20905192
3654914308,0.3296725,0.34375486,0.3265727
3654937416,0.47543716,0.17294803,0.35161483
3655193347,0.10488763,0.24567616,0.6494362
3656714533,0.34945393,0.33550817,0.3150378
3656855322,0.31112254,0.2772803,0.41159713
3657565753,0.20418288,0.26795205,0.5278651
3657767355,0.5043586,0.23402493,0.2616165
3658318160,0.23461452,0.4590864,0.30629912
3658392229,0.3441915,0.29508626,0.3607222
3658566676,0.52670366,0.24015498,0.23314136
3658795654,0.81217104,0.069756076,0.11807291
3658991985,0.4743658,0.28576243,0.23987177
3659307331,0.37990054,0.3263031,0.29379636
3659988358,0.23555154,0.34341073,0.42103773
3660466495,0.34017763,0.36225188,0.29757047
3660887021,0.23451963,0.15090752,0.61457294
3661566590,0.1762116,0.5927269,0.23106161
3661602776,0.07723702,0.6875868,0.23517613
3662294764,0.15281644,0.5828791,0.26430446
3662487043,0.33523825,0.35646138,0.3083005
3663268034,0.36372218,0.3356039,0.30067396
3665168096,0.2436328,0.4711793,0.2851879
3666735176,0.4747626,0.23667307,0.28856432
3668083338,0.36888573,0.3076327,0.32348156
3668991488,0.4315995,0.18220907,0.3861915
3669005667,0.1882409,0.48895615,0.32280293
3669007133,0.32045564,0.35447645,0.32506788
3669120722,0.34457648,0.33377787,0.32164562
3669201990,0.3489265,0.32554653,0.3255269
3669442778,0.4274098,0.24981253,0.32277772
3669577586,0.37446597,0.29844663,0.32708743
3669717422,0.19789022,0.4712807,0.33082905
3670596186,0.41346118,0.2169368,0.3696021
3671397778,0.34821326,0.35871044,0.29307634
3672177816,0.25106806,0.490052,0.25887993
3672331595,0.26806504,0.35644785,0.37548706
3672710194,0.42407948,0.27814364,0.29777688
3672885031,0.3923297,0.26907527,0.33859497
3672949798,0.5366855,0.19876462,0.2645498
3672962834,0.009468482,0.8687102,0.12182121
3673046513,0.5703836,0.16216199,0.2674544
3673550570,0.40366018,0.27171543,0.3246244
3673631257,0.032698147,0.86225486,0.10504703
3673915424,0.3731307,0.28695455,0.33991468
3674056820,0.3097148,0.36662027,0.3236649
3674991978,0.35413334,0.34099728,0.30486932
3675264140,0.044077232,0.6987332,0.25718948
3675573142,0.5577396,0.17610356,0.2661568
3675985723,0.32390407,0.14973563,0.52636033
3676254828,0.50477153,0.24690151,0.24832705
3676852925,0.1372516,0.59395415,0.2687943
3676864924,0.32615745,0.30180347,0.37203905
3676944211,0.46935672,0.19862549,0.33201784
3677542270,0.23332898,0.29234558,0.4743254
3678344046,0.32635388,0.26773706,0.40590906
3678354771,0.30499056,0.39733815,0.29767126
3678494888,0.20332766,0.57273597,0.22393636
3678918256,0.28932875,0.36955172,0.3411195
3679132468,0.13393323,0.485431,0.3806358
3679752016,0.05405728,0.53744847,0.40849426
3679861908,0.4221121,0.30999675,0.26789117
3680268090,0.4135753,0.299541,0.28688368
3680515046,0.3444786,0.34625128,0.30927008
3680992180,0.49777967,0.24402694,0.2581934
3682119430,0.22003941,0.52358496,0.2563756
3682613026,0.3005122,0.43899456,0.2604933
3682672488,0.33221504,0.32072964,0.34705523
3683184042,0.28650552,0.37128887,0.3422057
3683480096,0.24738646,0.49333167,0.25928193
3683773966,0.38946977,0.3530607,0.25746956
3683810074,0.37362507,0.30996534,0.31640956
3684237310,0.27700558,0.38621482,0.33677956
3684328848,0.39990577,0.33231035,0.26778385
3684769709,0.34182635,0.3632322,0.29494154
3685054900,0.8123513,0.09271037,0.09493833
3685382479,0.50051993,0.24627313,0.2532069
3686232527,0.28598908,0.35345405,0.3605569
3686384627,0.45302927,0.15333614,0.3936346
3686617184,0.55134046,0.21205452,0.23660497
3686746532,0.22795519,0.33907032,0.43297452
3686910324,0.49888828,0.19197021,0.30914155
3687297983,0.32675236,0.37647045,0.2967772
3687510342,0.2933354,0.25835553,0.448309
3687736476,0.17416084,0.5478183,0.27802083
3687746974,0.3340891,0.25163156,0.41427934
3687946915,0.2060337,0.539078,0.25488827
3688261984,0.30614507,0.39351365,0.30034134
3688955192,0.32688785,0.2455023,0.42760986
3688994942,0.17063268,0.42679518,0.40257218
3689417023,0.07690949,0.77899605,0.1440945
3689937226,0.40973505,0.2824805,0.30778447
3690002338,0.40588325,0.2836923,0.31042442
3690449146,0.41045526,0.2066757,0.38286904
3690826391,0.3207901,0.3714675,0.30774242
3691060514,0.5107963,0.23503661,0.25416702
3691514083,0.44509107,0.25927126,0.2956377
3691720622,0.19869022,0.3046783,0.49663156
3691980282,0.36610743,0.36076295,0.2731296
3692700791,0.35336074,0.35916927,0.28746998
3693213509,0.40088415,0.26989216,0.3292237
3693653598,0.25277779,0.49283755,0.2543847
3693805077,0.35746202,0.37404722,0.2684908
3694856400,0.4030427,0.1943345,0.40262276
3694917168,0.15780133,0.20149772,0.640701
3695032801,0.16091435,0.6505936,0.18849209
3695632667,0.3968906,0.30782622,0.29528317
3695669672,0.39319724,0.38136917,0.22543354
3695730529,0.31448817,0.3621726,0.32333928
3696515701,0.43709254,0.2694775,0.29342997
3697012880,0.40325567,0.32265908,0.27408525
3697176208,0.3675162,0.17294998,0.45953384
3697449017,0.26792714,0.34178627,0.39028654
3698450240,0.2150061,0.19622022,0.58877367
3699863168,0.20644236,0.44954127,0.3440164
3699865854,0.23370846,0.4897938,0.2764977
3700474814,0.09730295,0.6671912,0.23550586
3700842000,0.29551452,0.44735578,0.2571298
3701455325,0.0053515984,0.87983763,0.114810795
3701961104,0.16779613,0.2306726,0.6015313
3701965308,0.3767304,0.32329327,0.2999764
3702096459,0.31717423,0.34870008,0.3341257
3702225864,0.6095622,0.16380137,0.22663644
3703039733,0.032679006,0.70404536,0.26327565
3703216286,0.20219837,0.48629174,0.31150985
3703268540,0.28633168,0.4156135,0.2980549
3703807426,0.20645541,0.32791933,0.46562526
3704471220,0.7117938,0.12405891,0.16414732
3705269362,0.27632532,0.38287133,0.34080335
3705612429,0.44863155,0.27799383,0.27337462
3706672788,0.5156902,0.2188984,0.26541135
3706968151,0.1728927,0.5092451,0.31786215
3707317712,0.36299092,0.3573928,0.27961633
3707378093,0.28003818,0.42669725,0.29326457
3707441872,0.46263617,0.27748653,0.25987726
3707479007,0.3586195,0.35291004,0.28847045
3707703587,0.46607617,0.26169744,0.27222642
3707708741,0.30149654,0.40461433,0.29388908
3708697020,0.16458812,0.39368898,0.44172284
3708797485,0.2587695,0.36698005,0.37425038
3708848178,0.014542095,0.009674352,0.9757836
3709151547,0.47198957,0.23904084,0.2889696
3709416269,0.39480308,0.30934522,0.29585168
3709586737,0.35220584,0.34047276,0.30732134
3709962686,0.44586667,0.28344333,0.27069
3710945249,0.32485083,0.40362644,0.2715228
3711196880,0.6037534,0.1800654,0.21618125
3711336122,0.4104681,0.33966917,0.2498628
3711572426,0.36258975,0.3598814,0.27752894
3711651074,0.33558363,0.32582453,0.33859184
3711914323,0.27916065,0.279965,0.44087428
3712004428,0.2745098,0.4613248,0.2641654
3712026570,0.2767475,0.36358693,0.3596656
3712076237,0.3581997,0.14128435,0.500516
3713326809,0.1483671,0.43945596,0.41217694
3713918030,0.20911369,0.5371212,0.2537651
3714255796,0.19768764,0.4652481,0.33706427
3714387334,0.36785796,0.36387834,0.26826373
3715165360,0.23536421,0.51865005,0.24598572
3715268410,0.16315416,0.4349871,0.40185878
3715463573,0.20443533,0.2636468,0.53191787
3715608168,0.17672102,0.25238803,0.57089096
3715814867,0.39889202,0.34794155,0.25316635
3717583549,0.054967396,0.8163273,0.12870538
3717686644,0.5564751,0.19428833,0.24923657
3717781886,0.09859735,0.66751236,0.23389025
3718021905,0.31260014,0.40707976,0.28032014
3719588178,0.22579703,0.40128946,0.37291354
3719661386,0.18808301,0.42245597,0.38946104
3719892018,0.26443967,0.35188538,0.38367495
3720005219,0.30613056,0.42291963,0.27094984
3720006109,0.28446496,0.44821724,0.26731777
3720182490,0.42076373,0.2570112,0.3222251
3720346735,0.24638656,0.4517413,0.3018721
3721399115,0.10948111,0.11886562,0.77165323
3721874821,0.25463957,0.2874743,0.45788616
3722250556,0.2966925,0.3629383,0.34036925
3722383489,0.4820093,0.2243435,0.29364717
3722478645,0.35348353,0.30296484,0.3435516
3722663595,0.50228065,0.2385465,0.2591729
3723689058,0.33062008,0.3398189,0.32956102
3723766284,0.45398173,0.19974706,0.34627128
3724205743,0.45574126,0.24259777,0.30166095
3724547812,0.14239332,0.5611798,0.29642686
3724976446,0.62480545,0.1426072,0.23258737
3725027931,0.38630486,0.18156025,0.43213493
3725406667,0.60532135,0.12194434,0.27273428
3725460559,0.35243943,0.43223003,0.21533056
3725635014,0.44621888,0.29019246,0.26358867
3726023799,0.430175,0.32617298,0.24365196
3726415651,0.20968296,0.46260315,0.3277139
3726666602,0.26061097,0.47439626,0.26499283
3726833862,0.31017458,0.37584543,0.31398004
3727170884,0.249441,0.45990196,0.29065698
3727923887,0.13815756,0.6783859,0.18345653
3728804995,0.3364367,0.19685966,0.46670365
3729162934,0.40453264,0.15831503,0.4371524
3729393639,0.36608398,0.2661203,0.3677958
3729395661,0.07815436,0.18409407,0.73775154
3729428194,0.66847825,0.14260155,0.18892021
3730270867,0.31700814,0.3872678,0.2957241
3731768466,0.28758636,0.40518764,0.30722612
3731799708,0.39905486,0.34495747,0.2559877
3731824435,0.3379017,0.40440726,0.2576911
3732225241,0.1688482,0.68402845,0.1471234
3732293659,0.48023653,0.2566508,0.2631127
3732336716,0.16402781,0.26780325,0.56816894
3732848011,0.17037426,0.6430778,0.18654796
3733056755,0.3823613,0.35990605,0.25773272
3733319312,0.42800185,0.17721601,0.39478213
3733614450,0.6266083,0.09934469,0.27404696
3734218942,0.52126515,0.1569477,0.32178718
3734529356,0.26445392,0.4479111,0.287635
3734944021,0.26834908,0.46754664,0.26410434
3735006993,0.5064268,0.21922292,0.27435023
3735408811,0.4225028,0.32534128,0.252156
3735558078,0.28181323,0.45546022,0.26272655
3735639810,0.284719,0.42143077,0.29385018
3735766114,0.5074631,0.22097977,0.2715571
3737188175,0.31424075,0.43473634,0.25102288
3737543136,0.32083893,0.42388973,0.25527135
3737851192,0.46724346,0.28206792,0.2506886
3738010876,0.2877346,0.408317,0.30394846
3738387519,0.25599748,0.17917313,0.5648294
3738559037,0.32682374,0.37632105,0.2968553
3738749806,0.15023324,0.5377025,0.31206423
3739346291,0.5142882,0.23424128,0.2514706
3739486994,0.024623264,0.036484383,0.9388923
3739654860,0.24625365,0.45663998,0.29710636
3739993851,0.24294525,0.30945554,0.4475992
3740018414,0.52108955,0.31425986,0.16465059
3740057771,0.22614063,0.47912592,0.2947335
3740071849,0.23468725,0.46003672,0.30527595
3741801190,0.16238283,0.50954187,0.32807526
3743187888,0.3856776,0.34585473,0.2684676
3743743457,0.37546223,0.30502158,0.31951618
3743874734,0.18841209,0.5460198,0.26556814
3744155147,0.25864372,0.46045002,0.28090623
3744303549,0.8343929,0.01097762,0.1546295
3744656253,0.23509453,0.48669901,0.2782064
3746035738,0.29231852,0.43092415,0.27675736
3746686033,0.29773036,0.37803844,0.3242312
3746708399,0.0999083,0.7309934,0.16909832
3746910970,0.3355077,0.35451707,0.30997524
3747496222,0.53745466,0.22990432,0.23264101
3747712799,0.17187056,0.25729057,0.57083887
3747795109,0.5011558,0.25307608,0.24576819
3748396828,0.3364984,0.390433,0.27306852
3748678930,0.36204898,0.29421985,0.34373108
3749050241,0.37633052,0.2934917,0.33017772
3749118402,0.35292402,0.41129148,0.23578456
3749781750,0.3287352,0.34413913,0.32712567
3750035884,0.30194747,0.32277495,0.37527752
3750514510,0.41671783,0.34175643,0.24152575
3751314777,0.54308337,0.22307868,0.23383796
3751351081,0.72811055,0.1135275,0.15836197
3751492229,0.21776767,0.5377009,0.24453144
3752160578,0.36096454,0.32113886,0.31789657
3753004450,0.14913742,0.56199217,0.2888704
3754049619,0.3264468,0.37980884,0.29374436
3755127319,0.08172479,0.52479,0.39348525
3755451447,0.33230194,0.14409499,0.523603
3755586917,0.33385864,0.24600603,0.42013538
3756445148,0.16126049,0.6440371,0.19470242
3756588315,0.3624262,0.16812174,0.46945208
3756628684,0.53927445,0.105000906,0.35572466
3757908827,0.378486,0.29047018,0.33104378
3758049327,0.1876253,0.20575868,0.6066161
3758207435,0.3051703,0.3989682,0.29586154
3758274822,0.22527319,0.15867077,0.6160561
3759278098,0.3549622,0.3297934,0.31524432
3759332697,0.2531946,0.46843368,0.27837172
3759767372,0.27320415,0.24804482,0.47875106
3760439929,0.22932874,0.5357234,0.23494793
3760802936,0.6460178,0.16411197,0.18987027
3761339886,0.482924,0.21866336,0.29841262
3761409737,0.42280498,0.31833965,0.25885537
3761520487,0.5146965,0.19418126,0.2911222
3761547405,0.3371482,0.30707073,0.3557812
3761926843,0.3025847,0.30666387,0.39075142
3762631344,0.629271,0.15460886,0.21612018
3762682310,0.56064314,0.1399891,0.29936782
3763191966,0.28118008,0.43003517,0.2887847
3764248509,0.11554416,0.5772376,0.30721825
3764843303,0.38423538,0.39260778,0.22315688
3765170654,0.099905156,0.71934867,0.18074629
3765279485,0.40830365,0.32740846,0.26428786
3765305495,0.3186348,0.4138704,0.26749483
3765599159,0.31564662,0.39583796,0.2885153
3766341025,0.23081642,0.36794332,0.40124026
3766372654,0.67195755,0.031194305,0.29684827
3766411270,0.3663679,0.37115508,0.26247704
3766482247,0.24727881,0.46968538,0.2830358
3766699109,0.3861054,0.3458059,0.26808876
3766904979,0.5794093,0.20720175,0.21338901
3767267212,0.22500035,0.36879554,0.40620416
3767642004,0.6292036,0.16592014,0.20487623
3767716538,0.35236886,0.32795843,0.3196728
3767793899,0.17058249,0.46532157,0.36409596
3768037628,0.3124694,0.32978946,0.35774115
3768343103,0.21648501,0.56905293,0.21446212
3768406353,0.22396684,0.25081792,0.52521515
3768753421,0.25014362,0.3123214,0.43753487
3769114854,0.34470433,0.20665371,0.44864196
3770507351,0.5436824,0.20313677,0.25318083
3771002520,0.41342512,0.34686568,0.2397092
3771098618,0.36614594,0.20778044,0.4260736
3771172165,0.21930298,0.545953,0.23474412
3771453361,0.39553583,0.33043426,0.2740299
3771704468,0.459366,0.18489939,0.35573462
3772684797,0.37166107,0.32194388,0.30639502
3772870721,0.31155032,0.05450141,0.6339483
3772975709,0.5072905,0.24297848,0.24973099
3773015095,0.3936833,0.29292804,0.31338868
3773401058,0.38614872,0.3203903,0.29346102
3775090664,0.26690182,0.465594,0.26750422
3775489739,0.632385,0.12596159,0.24165343
3775935329,0.3258417,0.32003888,0.35411936
3776250968,0.3205332,0.2430392,0.4364276
3776828648,0.49762827,0.2641785,0.23819323
3777889204,0.39247167,0.15100703,0.4565213
3778089808,0.53278625,0.090442985,0.3767708
3778561201,0.40503743,0.31711385,0.27784884
3778770107,0.30630648,0.43508902,0.2586045
3778890574,0.05791849,0.8486029,0.09347869
3779022849,0.5827489,0.1601868,0.2570643
3779548151,0.29518062,0.43497932,0.26984018
3779580886,0.20804372,0.30726707,0.48468918
3780323554,0.38816065,0.2970164,0.31482294
3780547297,0.28219175,0.4157117,0.30209646
3780592340,0.26597074,0.4997418,0.23428747
3781518781,0.46641555,0.27536073,0.25822374
3781786293,0.39786345,0.31597033,0.28616625
3781879787,0.1434414,0.10969,0.74686855
3782216229,0.40656486,0.2676588,0.3257764
3783104098,0.45481482,0.24725045,0.29793477
3783280405,0.60261273,0.16933814,0.22804913
3783314182,0.36776966,0.31780872,0.31442165
3783510835,0.34088472,0.35617876,0.30293658
3783542263,0.35989863,0.34566104,0.2944404
3784249362,0.20428845,0.1903202,0.6053914
3784867911,0.2345454,0.4013782,0.36407635
3784921473,0.17101744,0.5863342,0.24264836
3785290243,0.40415967,0.26835412,0.32748622
3785991689,0.7063089,0.07774965,0.21594146
3786022677,0.2598849,0.39935252,0.3407626
3786796333,0.21527733,0.54219,0.24253273
3786878206,0.29164517,0.31361002,0.3947448
3786899937,0.48306495,0.20575048,0.31118459
3787173535,0.31939757,0.27265984,0.40794265
3787377213,0.38260594,0.26484522,0.35254884
3788175356,0.33301884,0.36326206,0.30371907
3789357612,0.50413555,0.20742479,0.2884397
3789359717,0.33417857,0.40376747,0.26205403
3789552914,0.3221676,0.36198485,0.31584755
3789588494,0.7684247,0.07125052,0.16032489
3790917395,0.32907543,0.4042363,0.26668826
3791146524,0.15256637,0.6103054,0.2371282
3791323566,0.26681474,0.3298113,0.403374
3791537345,0.4583676,0.14693192,0.39470047
3791805312,0.53129584,0.2436017,0.2251025
3792771939,0.2331202,0.23931976,0.52756006
3792825533,0.27922487,0.42526686,0.29550827
3793342621,0.27385,0.4892324,0.23691769
3793680728,0.6086011,0.18443485,0.206964
3794220164,0.26448402,0.3517284,0.38378757
3794524165,0.33370486,0.3486669,0.3176283
3794945679,0.122469224,0.46997255,0.40755826
3795342015,0.45275465,0.28567582,0.26156956
3795777210,0.75310385,0.10469164,0.14220451
3795934580,0.5851504,0.18005109,0.23479845
3796401115,0.38270757,0.32304448,0.29424798
3796696510,0.23619758,0.38219455,0.3816079
3796720818,0.29775792,0.41112882,0.2911134
3796900745,0.35688186,0.2790342,0.36408398
3797060152,0.20724145,0.36676443,0.42599416
3797338484,0.30700877,0.19659042,0.49640074
3797430759,0.44740525,0.24580178,0.306793
3797650279,0.48947823,0.24653663,0.26398516
3798481978,0.3135763,0.39377847,0.29264528
3798494249,0.27616006,0.26227656,0.46156335
3798771668,0.29416203,0.41041002,0.29542795
3798998187,0.16767493,0.52304345,0.30928165
3799380960,0.23609525,0.345102,0.4188028
3799619258,0.29298624,0.43058136,0.2764324
3799764371,0.75679696,0.09355969,0.14964336
3800930942,0.3749241,0.29910624,0.32596964
3801226297,0.24305105,0.35885668,0.3980923
3802073634,0.28412375,0.37966105,0.33621523
3802154869,0.29616964,0.38322523,0.3206052
3803393913,0.37218255,0.311533,0.3162844
3803462748,0.12413886,0.18558832,0.6902728
3804048258,0.15118116,0.68536735,0.16345145
3804583935,0.32026914,0.3325916,0.3471393
3805051264,0.23118217,0.45754194,0.31127593
3805356928,0.43814924,0.3043765,0.25747436
3805707321,0.30644628,0.3038331,0.38972068
3805755931,0.32174262,0.43067974,0.24757761
3806073990,0.12550923,0.7490169,0.12547387
3806674157,0.20246768,0.369071,0.4284613
3806746755,0.6963234,0.09791529,0.20576137
3807495100,0.42098966,0.294331,0.28467935
3807825433,0.56014824,0.17184289,0.26800892
3808276122,0.3548369,0.32018888,0.32497433
3808412708,0.7074184,0.098215014,0.19436659
3809351157,0.30304956,0.3425191,0.35443124
3809501871,0.43086627,0.29735395,0.27177978
3809885138,0.3842933,0.36569655,0.25001013
3809936468,0.4446467,0.15136817,0.40398508
3810284703,0.52205545,0.24900718,0.22893736
3811015098,0.38509822,0.24252045,0.37238136
3811521828,0.58825976,0.19118632,0.22055392
3812461967,0.5814833,0.18186758,0.23664904
3812477461,0.40712646,0.32028157,0.27259198
3812614080,0.39901635,0.34510738,0.25587627
3812833914,0.24389176,0.47815135,0.2779569
3813807352,0.3836503,0.121673934,0.49467582
3814029685,0.36813107,0.35524932,0.2766196
3814190234,0.41060826,0.097876616,0.49151513
3814469033,0.33394343,0.4393859,0.2266707
3815027373,0.18537469,0.347939,0.46668622
3815132424,0.37268475,0.3123064,0.31500882
3815893321,0.3206344,0.36632773,0.3130379
3816031664,0.44113082,0.22063638,0.33823282
3816428447,0.43032706,0.29307482,0.27659813
3816449000,0.3634786,0.2727818,0.3637396
3817015984,0.27156627,0.40737933,0.32105446
3817146812,0.46312782,0.28743547,0.24943672
3818083228,0.39622334,0.28699878,0.316778
3818242307,0.14095601,0.63927567,0.21976842
3818266273,0.56226325,0.18286072,0.25487608
3818411187,0.17801207,0.54338956,0.2785983
3818578649,0.30569926,0.36279005,0.33151078
3819989882,0.34691414,0.33709592,0.3159899
3820036357,0.5331173,0.24830005,0.2185827
3820448030,0.32109967,0.3704401,0.30846027
3820900711,0.31336144,0.35173887,0.33489966
3820949211,0.4560772,0.31630474,0.22761805
3821289167,0.4768721,0.09203479,0.4310931
3821325702,0.05696149,0.82333,0.11970852
3821365645,0.37955454,0.17617656,0.44426897
3821693345,0.30414784,0.2977504,0.39810172
3822111075,0.38779882,0.2762573,0.33594394
3822395807,0.48167124,0.24530542,0.27302328
3822532431,0.48494065,0.26396605,0.25109327
3822623829,0.24911425,0.25365704,0.49722868
3823365416,0.29681978,0.47725242,0.22592783
3823693468,0.29801655,0.3731708,0.3288127
3823716256,0.2612775,0.42334136,0.3153812
3824150472,0.2065098,0.54934245,0.24414772
3824337683,0.20396306,0.5859455,0.21009141
3824934279,0.28523237,0.44454062,0.2702271
3825044092,0.06491458,0.59558725,0.33949825
3825558361,0.3953479,0.28957605,0.31507617
3826552146,0.31200227,0.40517655,0.28282118
3826820548,0.22498433,0.16429369,0.61072195
3827038074,0.41371888,0.22634216,0.35993898
3827045844,0.262463,0.43994203,0.297595
3827797064,0.47914907,0.16819707,0.35265386
3827890090,0.47006103,0.37373948,0.1561995
3828121231,0.39824638,0.14420024,0.45755345
3828212517,0.25022823,0.41477075,0.33500108
3828921671,0.24727705,0.48487028,0.26785266
3829866691,0.5984154,0.22469032,0.17689432
3830131619,0.31186697,0.3754289,0.31270415
3830223863,0.2616435,0.19252013,0.5458363
3831383332,0.3370141,0.20660357,0.4563824
3832354658,0.26552066,0.41598877,0.3184905
3834125727,0.5852123,0.16121536,0.25357231
3835353848,0.50578123,0.22816484,0.26605397
3835486831,0.7405242,0.08627199,0.17320395
3835568388,0.523946,0.22298107,0.253073
3835786125,0.37127614,0.3033153,0.3254085
3836071757,0.7181448,0.12062918,0.16122605
3836220109,0.2584999,0.4883113,0.25318882
3836377706,0.42137405,0.24472295,0.33390298
3836519593,0.2219653,0.48050448,0.29753023
3836599079,0.11044743,0.088498354,0.8010542
3836654181,0.39076045,0.34484765,0.2643919
3836763001,0.21778372,0.38865715,0.39355922
3836822282,0.25659174,0.21567145,0.52773684
3836839628,0.30663574,0.4089088,0.28445554
3837095728,0.33675417,0.39539355,0.26785237
3837211640,0.27967998,0.44133133,0.27898866
3837298640,0.3270113,0.37571827,0.29727042
3837445208,0.37332264,0.36679286,0.2598845
3837639201,0.4189965,0.3327355,0.24826798
3838354362,0.11292432,0.7144117,0.17266405
3839359874,0.26390308,0.41091785,0.32517916
3839662153,0.38093618,0.3396978,0.279366
3840813644,0.37360966,0.3379623,0.28842807
3841106815,0.45804062,0.2347402,0.3072192
3841177293,0.3928807,0.28241608,0.3247032
3841187348,0.32656518,0.31405404,0.35938084
3841539628,0.7789866,0.07607477,0.1449387
3842001935,0.40376645,0.3205285,0.27570495
3842344338,0.38226175,0.3435038,0.27423435
3842853961,0.5183734,0.24746495,0.23416151
3842957645,0.32018727,0.13100307,0.5488097
3843579862,0.3732124,0.3299919,0.29679576
3843665534,0.47270992,0.27431068,0.25297943
3843977915,0.26920995,0.35045192,0.38033813
3844079470,0.23736808,0.4218599,0.340772
3844154198,0.250917,0.19558923,0.55349374
3844817751,0.2183926,0.5887559,0.1928515
3845534361,0.23759764,0.25638542,0.50601697
3846730715,0.25827318,0.42972544,0.31200135
3847527196,0.35107145,0.33438274,0.3145457
3847540567,0.18397488,0.61391354,0.20211163
3847715872,0.20382078,0.57610756,0.22007172
3847915434,0.461399,0.25779772,0.2808033
3848289028,0.4961705,0.2758252,0.22800432
3849390818,0.29661372,0.43501285,0.26837343
3849443204,0.40479916,0.29530284,0.299898
3849580813,0.4915585,0.25944242,0.24899907
3850775612,0.24234147,0.5000004,0.25765815
3850777357,0.25689033,0.42753595,0.3155737
3852621599,0.3236535,0.15412392,0.52222264
3852673685,0.5585484,0.16077441,0.28067717
3853131435,0.30736965,0.35098264,0.34164774
3853345163,0.37174696,0.23168473,0.39656836
3853407805,0.43965587,0.18099876,0.37934545
3853541860,0.36422813,0.3381088,0.29766303
3853841389,0.42826757,0.22483817,0.34689423
3853934293,0.31829986,0.4602618,0.22143824
3854665600,0.4076006,0.27324164,0.31915775
3854924602,0.30502707,0.21299487,0.48197803
3855528899,0.2539395,0.47515842,0.2709021
3856023780,0.18874833,0.48812672,0.32312497
3856146345,0.18977787,0.5982936,0.21192853
3856312997,0.4283386,0.13956244,0.43209898
3857070217,0.34148103,0.3058878,0.35263115
3857225911,0.2822172,0.4305684,0.28721434
3857542864,0.40210605,0.28034845,0.31754553
3857701272,0.5480829,0.23226365,0.21965352
3857960705,0.24044068,0.3310282,0.42853117
3858385097,0.35277143,0.28938964,0.35783896
3858425137,0.616329,0.16699931,0.21667166
3858596139,0.7174927,0.07647598,0.20603134
3859201381,0.30044845,0.3388278,0.36072373
3859259114,0.50016326,0.21656068,0.2832761
3859416473,0.36924872,0.35094118,0.27981013
3859752125,0.38852972,0.2574713,0.35399893
3860506026,0.18158472,0.18730462,0.63111067
3860837001,0.3659459,0.3138853,0.32016888
3860964123,0.3561413,0.2730667,0.37079203
3861791517,0.1861197,0.29743865,0.51644164
3862589167,0.29921743,0.31642315,0.38435942
3862889791,0.3327068,0.35812488,0.3091685
3863288150,0.36123335,0.4042912,0.23447539
3863384899,0.4406045,0.29260126,0.2667942
3864301388,0.5816219,0.19820687,0.22017117
3865307973,0.38058925,0.2983446,0.32106608
3865660213,0.3527188,0.3542322,0.29304904
3865915001,0.26742902,0.45781845,0.27475256
3866095506,0.36640722,0.34821564,0.28537712
3867011965,0.048933655,0.7244942,0.22657213
3867366441,0.31572115,0.29877928,0.38549954
3867909372,0.3434357,0.29537964,0.36118457
3868484486,0.036752928,0.011117948,0.9521291
3868973998,0.18643463,0.088849306,0.72471607
3868993576,0.2813661,0.11249126,0.60614264
3869265692,0.5382346,0.19989654,0.26186886
3869284113,0.016507035,0.047376215,0.9361167
3869434592,0.39337492,0.31050324,0.2961219
3870510885,0.3898197,0.3835965,0.22658378
3870588405,0.2518629,0.32037216,0.4277649
3870613604,0.24849658,0.45866725,0.29283622
3871606957,0.31617898,0.14151163,0.5423094
3871762337,0.24946094,0.40693563,0.34360343
3871874983,0.41505542,0.17422393,0.41072065
3871948964,0.221032,0.38506272,0.39390528
3872042871,0.13957994,0.60454214,0.2558779
3872132261,0.4742679,0.26965782,0.25607425
3872599526,0.7033212,0.047339093,0.24933966
3872942736,0.5057103,0.24782093,0.24646874
3873367761,0.3610602,0.28710237,0.35183746
3873721817,0.0434104,0.5640316,0.39255804
3873909199,0.31414118,0.29433504,0.3915238
3875191004,0.2879803,0.40223214,0.3097876
3876177323,0.30929714,0.38737634,0.30332652
3876353636,0.40994623,0.3083802,0.2816736
3876416489,0.2685802,0.41988984,0.31152996
3876509665,0.37919268,0.36054975,0.26025757
3876575346,0.41691604,0.13307926,0.45000476
3877321824,0.22863251,0.45765913,0.31370836
3878023242,0.31922418,0.20605698,0.47471887
3878119954,0.429757,0.28339723,0.28684574
3878958681,0.3347953,0.34301305,0.3221917
3880280939,0.5539072,0.088642776,0.35745007
3880761571,0.463359,0.2783199,0.25832105
3881187809,0.68258494,0.13804545,0.17936961
3881571249,0.41363984,0.117857955,0.46850213
3881638188,0.5379487,0.12638026,0.33567095
3881943687,0.35956508,0.3534191,0.28701586
3882233111,0.61005485,0.17881112,0.21113409
3882818874,0.5972216,0.18618174,0.2165966
3882835528,0.2121455,0.49879158,0.28906292
3883052874,0.42514643,0.32152334,0.2533302
3883053766,0.55935746,0.11766689,0.32297567
3883188992,0.07916428,0.76001495,0.16082077
3883259074,0.41776913,0.27847835,0.3037525
3883382593,0.37329525,0.30253866,0.32416612
3884577125,0.30828667,0.44209936,0.24961402
3884819726,0.13610463,0.18634126,0.677554
3884823978,0.5553796,0.20615399,0.23846637
3885119210,0.18832532,0.6227031,0.18897158
3885487475,0.3097717,0.3968944,0.2933339
3885774247,0.26112142,0.44043642,0.29844218
3885863135,0.2349189,0.48415232,0.28092885
3885882058,0.4632708,0.2774031,0.25932613
3885946251,0.17512113,0.6273331,0.19754584
3886354982,0.20120429,0.41863713,0.38015857
3886884537,0.39913616,0.31544366,0.28542015
3887096605,0.43755743,0.32851237,0.23393019
3887350507,0.27751052,0.45181504,0.2706745
3887546380,0.2907681,0.42916945,0.2800624
3887814278,0.05806088,0.47667867,0.46526048
3887913599,0.12566672,0.6119529,0.2623804
3888028201,0.45068878,0.25601414,0.29329708
3888262946,0.29516163,0.40030554,0.30453283
3888482940,0.399564,0.20292716,0.39750886
3888687409,0.14625902,0.45909655,0.39464444
3889003744,0.20698474,0.40273485,0.39028037
3889985409,0.35201317,0.37218857,0.27579832
3890210883,0.6773585,0.12605733,0.19658414
3890819192,0.4817494,0.27389935,0.24435125
3890849941,0.30101287,0.1319222,0.56706494
3891030629,0.43872157,0.30995503,0.2513234
3891485973,0.52303815,0.1982412,0.27872065
3891661292,0.24859782,0.35308522,0.398317
3891740571,0.2948988,0.35968745,0.34541374
3891869887,0.43060595,0.29744467,0.2719493
3892418715,0.53742176,0.21107958,0.2514986
3892615639,0.44459388,0.2561502,0.2992559
3893524764,0.091842994,0.62536144,0.28279552
3893859286,0.41435754,0.36294,0.22270246
3894118103,0.4582293,0.2389618,0.30280885
3894235760,0.21770744,0.5056514,0.27664113
3894284346,0.058939856,0.7985122,0.14254794
3894424828,0.16100939,0.6541878,0.18480282
3894551747,0.3157886,0.35459152,0.32961994
3894820669,0.16766666,0.4953208,0.33701256
3895392234,0.24314703,0.29005936,0.46679363
3895805384,0.2497251,0.51819104,0.2320838
3897310077,0.3832418,0.29869506,0.3180631
3897330887,0.33095977,0.33813488,0.33090532
3897819959,0.29076377,0.43966782,0.26956847
3898216812,0.08132301,0.7158049,0.20287213
3898362763,0.30321693,0.36617592,0.3306071
3898485984,0.32984954,0.3315038,0.33864665
3899561426,0.38929293,0.2853051,0.32540196
3900096085,0.36774686,0.32527488,0.3069782
3900142093,0.38039324,0.33770496,0.28190184
3900285961,0.14587882,0.6245048,0.22961637
3900515764,0.40355465,0.20371997,0.39272535
3900716878,0.29962942,0.39442706,0.30594352
3901215894,0.29120705,0.39357924,0.3152137
3901350971,0.41901955,0.23996796,0.3410125
3901488791,0.31431895,0.30430228,0.38137865
3902095360,0.22865252,0.4464798,0.3248677
3902727014,0.33199695,0.38930574,0.27869725
3902816683,0.35180435,0.3403897,0.30780593
3903388603,0.22057773,0.14183182,0.6375904
3904372114,0.37497374,0.3576264,0.26739982
3904405473,0.41262025,0.32275116,0.26462865
3904536460,0.3112695,0.44529426,0.24343619
3906126657,0.3114515,0.40143365,0.2871149
3906796998,0.24992098,0.2732071,0.4768719
3906854254,0.37601206,0.3046789,0.31930906
3907386510,0.44460282,0.3359582,0.21943901
3907646440,0.26450056,0.4490542,0.28644517
3907771450,0.3193291,0.23540539,0.4452655
3908121630,0.3200347,0.32441592,0.35554937
3908570488,0.36096483,0.35152686,0.2875083
3908777473,0.2108984,0.529483,0.25961852
3908800157,0.6545422,0.15061356,0.1948442
3909152857,0.4728869,0.2698525,0.25726065
3909680262,0.50988424,0.24583891,0.24427688
3910440746,0.2508558,0.3928111,0.35633308
3910640262,0.2637717,0.50675195,0.2294763
3912001245,0.60132813,0.21079832,0.18787356
3912535883,0.1667916,0.3888616,0.4443468
3913231784,0.39030844,0.37393597,0.23575561
3913344217,0.398127,0.24363817,0.35823488
3913455269,0.3944711,0.25884792,0.346681
3914209865,0.3027844,0.41414627,0.28306934
3914908508,0.31557348,0.4056689,0.27875766
3915776807,0.37717688,0.3658222,0.25700098
3916142598,0.2930112,0.39089918,0.31608966
3916269510,0.14583531,0.6514128,0.20275189
3916432991,0.30564424,0.3423042,0.35205153
3916502192,0.23907892,0.49667916,0.26424187
3916534349,0.3236288,0.24205548,0.4343157
3916782400,0.23008484,0.35144475,0.41847035
3917021224,0.36309463,0.3336752,0.3032302
3917041522,0.10136106,0.73262286,0.16601606
3917170154,0.24963695,0.538774,0.21158904
3917282680,0.4068334,0.32369208,0.2694745
3917378893,0.18161313,0.27051243,0.5478744
3917860080,0.3062496,0.44716656,0.2465839
3918334383,0.5013222,0.24141403,0.2572638
3918406813,0.19539754,0.5672467,0.23735572
3918567518,0.40418425,0.35995522,0.23586051
3919297529,0.2723703,0.4269874,0.3006423
3919349165,0.3459374,0.2902926,0.36376998
3919434968,0.5619526,0.18060021,0.25744724
3919950208,0.49223867,0.2322119,0.2755494
3920312398,0.30772844,0.38777694,0.30449465
3920738399,0.3667854,0.3380673,0.2951473
3921800141,0.31510502,0.4730062,0.21188882
3922037349,0.30462813,0.36803982,0.32733214
3922241646,0.51042444,0.22818188,0.2613936
3923390938,0.25471538,0.21803975,0.52724487
3923596825,0.41654822,0.29307342,0.29037842
3924046251,0.31909013,0.24658112,0.43432873
3924525925,0.43710604,0.30709833,0.2557956
3924800120,0.46660364,0.26625356,0.26714283
3924930331,0.30367106,0.35564733,0.34068158
3926397598,0.36742407,0.18200232,0.45057362
3927117189,0.15511794,0.40547845,0.4394037
3927372634,0.4123658,0.24822031,0.33941397
3927825495,0.5459018,0.2584555,0.19564272
3927888923,0.5167282,0.22781435,0.25545743
3928046501,0.7071182,0.14823143,0.14465047
3928255529,0.2554171,0.37049994,0.37408298
3928280292,0.3079243,0.37957272,0.31250292
3928528946,0.34676942,0.3718169,0.28141367
3928977997,0.22862221,0.54094386,0.23043393
3929410933,0.69297516,0.12550007,0.18152478
3929748901,0.30150068,0.34890485,0.34959435
3929812193,0.29472172,0.27677757,0.4285007
3930126732,0.13110167,0.5730491,0.29584923
3930226372,0.14585039,0.34998217,0.50416744
3930236098,0.47528893,0.06818812,0.4565229
3932711533,0.48861948,0.12486081,0.3865197
3933558703,0.30114168,0.43788162,0.26097667
3933629971,0.3307145,0.27049315,0.39879233
3933953474,0.293411,0.24365406,0.46293497
3934394978,0.439698,0.14624225,0.41405982
3934794677,0.20977677,0.18104516,0.6091781
3935224870,0.17544505,0.40041026,0.42414474
3936073824,0.5294769,0.22425608,0.24626707
3937016305,0.2547959,0.091450036,0.6537541
3937535800,0.14210239,0.6832778,0.17461982
3937692421,0.4693373,0.2469136,0.28374916
3938299948,0.05941714,0.776011,0.1645718
3938967638,0.39453766,0.30386797,0.30159444
3939214100,0.5629173,0.1305588,0.3065239
3939606262,0.5997172,0.15191033,0.24837248
3940122589,0.42050618,0.30885652,0.27063733
3940315190,0.26197317,0.38323653,0.3547903
3940568534,0.34205335,0.4268093,0.23113737
3940812560,0.15970448,0.48921856,0.3510769
3941111497,0.1799173,0.548142,0.2719407
3941241582,0.35996398,0.38123366,0.2588023
3941275832,0.29483134,0.4001432,0.30502546
3941460572,0.24495177,0.36797988,0.38706836
3941799206,0.41205874,0.32565588,0.26228538
3941938532,0.21302077,0.31498522,0.47199407
3942607831,0.30287066,0.43058044,0.26654887
3942840482,0.36623222,0.33183867,0.3019291
3942939861,0.31160498,0.1532141,0.5351809
3942974796,0.43914255,0.26881954,0.29203787
3943042243,0.36479107,0.3685873,0.26662168
3943195465,0.25053626,0.48071432,0.26874942
3943789733,0.5886675,0.20796609,0.20336643
3944154373,0.1887418,0.3080657,0.5031925
3944832712,0.6881187,0.12367202,0.18820927
3945398117,0.19803813,0.46863163,0.33333024
3945500605,0.2921351,0.37235045,0.3355145
3946319490,0.52272475,0.18772021,0.2895552
3946830896,0.31468105,0.19836146,0.4869575
3947240179,0.3689014,0.3314398,0.29965878
3947259040,0.29447326,0.1121035,0.5934232
3947919892,0.15287468,0.2469339,0.6001915
3948000494,0.2925248,0.41029626,0.29717886
3948503567,0.3445379,0.36341083,0.2920512
3948545558,0.30308858,0.40396374,0.29294765
3948691925,0.20508502,0.3985711,0.39634386
3948941816,0.43516415,0.29939386,0.26544204
3948949196,0.671692,0.1075133,0.22079466
3949123717,0.23923421,0.5274074,0.23335838
3949585138,0.41924757,0.30676216,0.2739903
3950138677,0.66193044,0.11582044,0.22224914
3950226447,0.274756,0.22663839,0.4986056
3950955237,0.49698186,0.24431963,0.25869852
3952124164,0.44638073,0.20084222,0.35277706
3952240738,0.40250596,0.34519213,0.2523019
3952354040,0.3862688,0.3458211,0.26791
3953158032,0.33201385,0.40589267,0.26209354
3953247050,0.48518997,0.260131,0.254679
3953721667,0.17097113,0.62205607,0.20697278
3953766494,0.3517209,0.352571,0.29570806
3953779070,0.25424466,0.3080376,0.43771768
3954360710,0.13754286,0.6025156,0.25994164
3954418472,0.4364242,0.26762435,0.29595146
3954698594,0.3319175,0.32649195,0.34159046
3954711672,0.51475745,0.22632569,0.2589169
3954760489,0.36942363,0.1516786,0.47889778
3954924495,0.31847525,0.39470735,0.2868174
3954958187,0.29826686,0.27511394,0.42661917
3956010793,0.31451315,0.24527588,0.44021103
3956269050,0.37702894,0.3090631,0.31390798
3956682559,0.52022016,0.21133439,0.2684454
3956706439,0.25672263,0.29833457,0.4449428
3956717277,0.27519867,0.37393466,0.35086662
3957169234,0.39820054,0.30100766,0.30079183
3957277267,0.24200991,0.48157313,0.27641702
3957622915,0.21505499,0.539584,0.2453611
3957817208,0.405926,0.35222328,0.2418507
3957983061,0.49734616,0.14601566,0.3566381
3958217879,0.26823822,0.5072909,0.22447088
3958615315,0.3119389,0.37237808,0.315683
3959986697,0.27364156,0.3491977,0.37716073
3960317906,0.27009952,0.46327448,0.26662597
3961508779,0.298321,0.4376418,0.2640372
3961913384,0.33825666,0.3855366,0.27620667
3962114279,0.22649379,0.5132736,0.26023263
3962196384,0.55480283,0.17267677,0.2725204
3962425556,0.15995714,0.56655085,0.27349195
3962565378,0.4657734,0.26851273,0.26571384
3962572625,0.32626715,0.32870713,0.34502578
3962644044,0.2953604,0.34449506,0.36014453
3962813769,0.23512332,0.46027464,0.30460206
3963469655,0.6720417,0.16151096,0.16644737
3964352885,0.2956019,0.46263343,0.24176472
3964881490,0.4972061,0.27194166,0.23085223
3965150353,0.30720565,0.40368313,0.28911126
3965176753,0.60001993,0.10094259,0.2990374
3965609605,0.22009198,0.30250925,0.47739875
3965915335,0.38541174,0.27703708,0.3375512
3966885037,0.26336265,0.4487345,0.2879029
3967460464,0.2568787,0.33783832,0.40528288
3968193810,0.25864825,0.37691694,0.36443475
3968468141,0.34458905,0.32166323,0.33374774
3968874653,0.28184092,0.36175084,0.35640827
3969249987,0.4141809,0.2698312,0.3159879
3969771484,0.22346424,0.40962243,0.36691332
3969830490,0.29650784,0.4532541,0.25023806
3970158706,0.35971382,0.40619865,0.23408751
3970273165,0.20139684,0.26989844,0.52870464
3970672226,0.27068472,0.35277545,0.37653983
3970753705,0.53536046,0.2163205,0.24831904
3970867491,0.23422654,0.11670322,0.64907026
3970890226,0.2991494,0.21658383,0.4842668
3971708696,0.14163393,0.2890911,0.56927496
3971816073,0.27258098,0.3061739,0.4212451
3972518736,0.6386715,0.16028056,0.20104794
3973475428,0.3612305,0.29904908,0.3397204
3973711672,0.038745657,0.7581183,0.20313607
3974402543,0.16612542,0.29517996,0.5386946
3975012757,0.570794,0.16448112,0.26472494
3975378322,0.22676751,0.32755223,0.44568026
3976290904,0.32049656,0.40315744,0.276346
3976467948,0.25135863,0.46014437,0.288497
3977640207,0.4340155,0.30305773,0.2629267
3979205518,0.33067262,0.4011451,0.26818228
3979856543,0.20853539,0.3551632,0.4363015
3979861431,0.6858901,0.029895797,0.28421402
3980080434,0.39893922,0.33167583,0.26938492
3980251555,0.38388476,0.28235045,0.33376482
3982044934,0.3132586,0.3950658,0.29167566
3982103788,0.4353273,0.20264266,0.36203003
3982116212,0.71976817,0.043653183,0.23657867
3982289121,0.31461334,0.36614913,0.31923756
3982413471,0.21648164,0.2770219,0.5064964
3983085875,0.2562151,0.5042564,0.23952857
3983719476,0.49929598,0.24233119,0.2583728
3983797143,0.8115089,0.06285399,0.12563711
3984914850,0.3379345,0.33516,0.3269055
3985702195,0.3477612,0.3039775,0.3482612
3986041636,0.33184776,0.21708691,0.45106527
3986205078,0.59781075,0.17654125,0.22564794
3986481169,0.048122156,0.07910528,0.8727726
3986750648,0.32565895,0.38096505,0.293376
3987211678,0.3509593,0.19183211,0.45720863
3987433631,0.2362155,0.2102094,0.55357504
3988123282,0.41763186,0.28240478,0.29996338
3988238793,0.38026795,0.28807285,0.33165923
3988445421,0.3695817,0.28968844,0.34072992
3988619764,0.40572152,0.2787965,0.315482
3989316956,0.40104184,0.34375426,0.25520387
3989664774,0.029760057,0.86899066,0.101249374
3989744628,0.4500114,0.27014032,0.27984834
3990261261,0.34069717,0.41442674,0.2448761
3990414177,0.31161922,0.17265289,0.5157279
3990669092,0.37924865,0.22847442,0.3922769
3990672084,0.2626027,0.44450745,0.29288992
3991857184,0.40775812,0.28242058,0.3098213
3992225746,0.39609662,0.3388956,0.26500782
3993360637,0.2156809,0.32249287,0.46182624
3993419737,0.14545102,0.6115326,0.24301633
3994338332,0.38514394,0.32216865,0.29268736
3994457159,0.29491562,0.30072945,0.40435496
3995600877,0.21956225,0.45973885,0.320699
3995697623,0.19743939,0.5011743,0.30138636
3995841927,0.4807971,0.2838427,0.23536018
3996185937,0.102013335,0.64291376,0.2550729
3996745675,0.16279742,0.6882795,0.14892314
3997125594,0.26645094,0.31544787,0.4181012
3997818216,0.3364096,0.23162472,0.43196565
3997948945,0.16589566,0.6024772,0.23162721
3999503462,0.30621523,0.31532317,0.3784616
3999563883,0.25595608,0.38654184,0.35750213
3999999343,0.695707,0.07509458,0.22919841
4000225240,0.30192566,0.38733152,0.31074283
4000236844,0.25445637,0.49745467,0.24808903
4000625619,0.22277872,0.53845555,0.23876579
4000813413,0.46634257,0.24484922,0.2888082
4000879154,0.42325807,0.29843062,0.2783112
4001468334,0.26458853,0.49855274,0.2368587
4002367608,0.40177822,0.24221215,0.35600963
4002975472,0.27709758,0.38121918,0.34168327
4003870179,0.24764472,0.51870763,0.23364758
4004090640,0.56660515,0.21003236,0.2233625
4004987712,0.40393144,0.3076019,0.2884666
4005773718,0.75320214,0.084975675,0.16182218
4005807981,0.24862222,0.50311124,0.24826649
4006346066,0.22385222,0.5428081,0.23333968
4007023518,0.5390733,0.21679242,0.2441343
4007492024,0.23504053,0.3326342,0.43232527
4007719626,0.08997172,0.6904026,0.21962564
4007735149,0.44445443,0.27596074,0.27958483
4008175429,0.22346568,0.45965,0.3168843
4008679042,0.21705715,0.18611585,0.59682703
4008893503,0.17772114,0.41443846,0.40784043
4009024859,0.39405143,0.33193555,0.2740131
4009085793,0.24178915,0.4172413,0.34096956
4009262990,0.40319216,0.35468185,0.24212596
4009594178,0.35394198,0.32592374,0.32013428
4009800075,0.42732245,0.31719232,0.2554852
4010663177,0.56357586,0.20703484,0.22938932
4010946242,0.28689578,0.402043,0.3110612
4011111059,0.34744084,0.37853208,0.27402705
4011168801,0.46805695,0.26967093,0.2622721
4011773200,0.24719504,0.3716718,0.38113323
4012398100,0.22937554,0.5011912,0.26943317
4012446560,0.30493534,0.38153493,0.31352976
4012591092,0.29619423,0.3910829,0.3127229
4013209546,0.44114444,0.25675625,0.30209935
4013887601,0.19610311,0.24637534,0.5575215
4014316347,0.2796925,0.3715716,0.34873593
4014391119,0.5193947,0.23062544,0.24997987
4014875999,0.5104745,0.22863948,0.260886
4015003223,0.18142726,0.5966897,0.22188298
4015141681,0.5255566,0.19720447,0.27723885
4015725594,0.36807925,0.3013295,0.33059135
4016159538,0.3253444,0.3110333,0.36362222
4016670916,0.34430808,0.29701313,0.35867882
4016693631,0.43797645,0.33173183,0.23029168
4016851112,0.4445535,0.20421997,0.35122657
4017018701,0.4322817,0.22973937,0.33797887
4017085499,0.64113575,0.16905485,0.18980946
4017092489,0.29285103,0.33381677,0.3733321
4017232365,0.41657248,0.33486587,0.24856171
4017248815,0.31029648,0.445339,0.24436454
4017634675,0.35228938,0.35223785,0.29547277
4017723252,0.14228573,0.13682409,0.7208902
4017971385,0.28894782,0.2074114,0.5036408
4018342662,0.29217267,0.44196147,0.2658659
4018690722,0.49836266,0.25868657,0.24295074
4018977601,0.22823547,0.21728528,0.55447924
4019101855,0.33936626,0.37429607,0.28633767
4019531249,0.2982649,0.23699363,0.4647415
4019633666,0.41957077,0.21963528,0.36079395
4020450965,0.50504756,0.25368294,0.24126941
4020622060,0.36484084,0.3372194,0.29793975
4020733595,0.18840572,0.57527363,0.23632066
4021307945,0.36355445,0.26178396,0.37466154
4021320326,0.29600868,0.45055997,0.25343132
4022943638,0.16081521,0.61072016,0.2284647
4023242890,0.31289652,0.41280782,0.27429563
4023251369,0.26294443,0.3053174,0.43173814
4023763904,0.25135452,0.49883184,0.24981363
4023937558,0.4398841,0.26436684,0.2957491
4024154027,0.32641155,0.32003233,0.3535562
4024341376,0.27325496,0.49036345,0.23638156
4024372711,0.5452065,0.22317588,0.23161757
4024490030,0.18156193,0.4831215,0.33531657
4024613330,0.23840506,0.49216676,0.26942813
4025386765,0.3477861,0.34006742,0.31214646
4025550374,0.21429941,0.35719028,0.42851028
4025690192,0.1898142,0.39267403,0.4175118
4026215365,0.34650344,0.36088,0.29261658
4026306087,0.27235886,0.23997602,0.48766518
4026357172,0.29322025,0.34927127,0.3575085
4026361783,0.6978889,0.13251622,0.16959482
4026531671,0.3515112,0.34396207,0.30452663
4027053701,0.2729572,0.46893838,0.2581044
4027719926,0.1690665,0.58602005,0.24491346
4027810214,0.37314877,0.24982463,0.37702662
4028248955,0.51812685,0.20726165,0.27461147
4028748234,0.26183888,0.41343638,0.32472467
4028959811,0.2940371,0.39828753,0.30767533
4029017906,0.30064633,0.41540912,0.28394452
4029024774,0.3317102,0.28341553,0.3848743
4029961621,0.37749285,0.37703764,0.24546957
4030058169,0.45390308,0.25545308,0.29064384
4030361188,0.27556613,0.40574726,0.31868654
4030388553,0.32602376,0.41718507,0.25679106
4030396756,0.56061906,0.22129051,0.21809043
4030579381,0.4789147,0.24828774,0.2727976
4031124548,0.26752254,0.4582533,0.27422416
4031956754,0.49094304,0.2728487,0.23620826
4032443830,0.53881264,0.20752096,0.2536664
4032881709,0.15250102,0.10816657,0.73933244
4033334160,0.75238955,0.09828402,0.1493264
4033773005,0.36701548,0.27077055,0.362214
4035218664,0.30619526,0.3042242,0.38958058
4035465604,0.2618002,0.42882404,0.30937582
4035494350,0.43887648,0.19363558,0.36748797
4035872072,0.29188135,0.4000492,0.3080695
4036073207,0.1065729,0.33791697,0.5555101
4036770933,0.33083275,0.40450886,0.2646583
4037165975,0.1560331,0.58681154,0.2571553
4037512865,0.3902305,0.18390861,0.4258609
4037854465,0.27167508,0.4702386,0.25808638
4038232582,0.42433935,0.2713022,0.30435848
4039037544,0.832628,0.044253483,0.12311854
4039352019,0.13875772,0.638109,0.2231333
4039622179,0.49780157,0.15904032,0.34315804
4039797566,0.3474827,0.20844291,0.44407445
4040232529,0.3203497,0.38052383,0.29912645
4040887697,0.38721275,0.3938128,0.21897446
4041185419,0.40025356,0.30922487,0.29052162
4041395609,0.35032707,0.31943128,0.33024165
4041430665,0.41461,0.30094287,0.284447
4041523237,0.21438988,0.31651026,0.4690999
4041814344,0.34586853,0.2936035,0.360528
4041828630,0.1326416,0.5395645,0.32779396
4042048905,0.2771359,0.38338006,0.33948407
4042303215,0.55964756,0.21537584,0.22497663
4043553788,0.068180256,0.7422261,0.18959372
4043811582,0.15971804,0.68977815,0.15050377
4044358946,0.04014096,0.884607,0.07525203
4044433720,0.29531118,0.38384593,0.32084292
4044549037,0.09493777,0.61673903,0.28832316
4044854606,0.4084318,0.35345975,0.23810838
4045273718,0.35403684,0.37076694,0.27519625
4046303274,0.33580908,0.40809143,0.2560995
4046343687,0.3240499,0.3292103,0.34673977
4046356889,0.2790831,0.38325575,0.33766124
4046527902,0.7244897,0.09548425,0.18002605
4047203188,0.3442757,0.12026281,0.5354615
4047417165,0.4234181,0.34299618,0.23358572
4047558886,0.37684068,0.29558802,0.32757127
4048240841,0.2640314,0.31809914,0.41786948
4048461804,0.1730962,0.55372155,0.2731822
4048519243,0.5526109,0.19506904,0.2523201
4050061319,0.44855168,0.3314882,0.21996015
4050433326,0.70139325,0.0619824,0.23662439
4050521717,0.38468948,0.26103204,0.35427848
4050666589,0.50425357,0.2507418,0.24500462
4050835697,0.5195135,0.19583349,0.28465307
4051143214,0.44375142,0.31786886,0.23837969
4051224269,0.19494185,0.30795965,0.49709848
4051336090,0.391054,0.32836983,0.2805761
4051351230,0.4161766,0.29519635,0.28862703
4051863306,0.32732648,0.36421326,0.30846024
4051914203,0.57380474,0.20015465,0.22604065
4052060304,0.32854778,0.3673653,0.3040869
4053213331,0.19265449,0.57584435,0.23150119
4053718229,0.3907148,0.3133878,0.29589733
4054067019,0.21142653,0.5506069,0.23796652
4054598029,0.21078877,0.22767678,0.56153446
4055019143,0.4946855,0.26551706,0.23979752
4055024634,0.39806113,0.21951118,0.38242763
4055034459,0.26852676,0.4350647,0.2964085
4055046483,0.28882554,0.38515005,0.32602447
4055153883,0.3037684,0.4170219,0.2792096
4057101709,0.6196374,0.15019768,0.23016492
4057316162,0.40157112,0.3334808,0.26494807
4057464953,0.33337593,0.41138417,0.25523987
4057799304,0.43165267,0.2885258,0.27982154
4057872650,0.49651408,0.16425884,0.33922705
4058368941,0.10700877,0.74615467,0.14683662
4058593594,0.35866615,0.37168333,0.26965067
4059079489,0.42675564,0.2629717,0.31027266
4059145203,0.81433874,0.03751555,0.14814569
4059162348,0.56514066,0.10912732,0.32573202
4059421911,0.35372847,0.3357967,0.31047478
4059485874,0.32319656,0.45601743,0.22078602
4059719747,0.33190066,0.41278327,0.25531608
4060437195,0.34169155,0.35574755,0.30256093
4061196990,0.29184934,0.34327352,0.3648771
4061254967,0.266412,0.33249125,0.40109676
4061955800,0.26574445,0.3330591,0.4011965
4062341948,0.33975258,0.39457318,0.2656743
4062867867,0.18606776,0.5231906,0.29074153
4063955308,0.44670263,0.22847922,0.3248181
4064333383,0.20582533,0.3027055,0.49146914
4064381909,0.19987738,0.5070958,0.29302678
4064809354,0.086112045,0.5933243,0.3205636
4064861548,0.39573544,0.20466043,0.39960408
4065135259,0.27930784,0.2797007,0.44099143
4065933547,0.2916859,0.2581467,0.4501674
4066623788,0.48036993,0.22355324,0.2960768
4066966573,0.14917505,0.4683353,0.3824897
4066970778,0.35853055,0.34821182,0.2932576
4067497396,0.33998603,0.27780905,0.38220495
4067980952,0.18748914,0.57338876,0.23912211
4068048209,0.24584447,0.3959999,0.3581556
4068113258,0.2036058,0.4133889,0.38300532
4068318584,0.34321728,0.2613388,0.39544395
4068382780,0.10659451,0.67091197,0.22249356
4068621652,0.13850743,0.54776794,0.31372458
4070148345,0.29036513,0.29030153,0.41933337
4070317979,0.25035346,0.47249225,0.27715436
4070389371,0.27134895,0.37464896,0.35400203
4071399303,0.52916044,0.17907685,0.29176277
4071412508,0.38096413,0.3526172,0.26641864
4072436549,0.29300186,0.3497457,0.35725242
4073321243,0.39053097,0.39022243,0.21924664
4073612080,0.20014463,0.4743307,0.3255247
4074153625,0.45467046,0.31957838,0.22575119
4074946800,0.34741706,0.28731576,0.36526722
4074949495,0.26017797,0.30714783,0.43267423
4075426844,0.5471054,0.21735227,0.23554239
4075625241,0.31354225,0.28825828,0.3981995
4075783992,0.42668626,0.24581845,0.3274953
4075842465,0.10116333,0.39681265,0.50202405
4076196775,0.26221073,0.52766407,0.21012525
4076256883,0.40259808,0.28911728,0.3082846
4076577978,0.2800244,0.35940853,0.36056712
4077065687,0.34015545,0.38970166,0.27014288
4077100781,0.36697182,0.3489163,0.2841119
4077714913,0.4307645,0.31895524,0.25028026
4077739421,0.41540825,0.21309344,0.37149826
4077898943,0.34079543,0.31011713,0.34908745
4078309963,0.35985097,0.31673506,0.32341406
4078350528,0.02890712,0.73903596,0.23205698
4078380089,0.30659,0.3860103,0.30739972
4078984638,0.28238866,0.3687609,0.34885043
4079124970,0.28477475,0.34590247,0.36932278
4079157109,0.72675407,0.07949474,0.1937512
4079746714,0.5370265,0.26282194,0.20015156
4080538406,0.20278211,0.4790523,0.31816557
4080562510,0.15144834,0.085491024,0.7630606
4080672836,0.3237185,0.4281059,0.24817564
4080725843,0.30913338,0.31012422,0.3807425
4080966544,0.33093634,0.37701675,0.2920469
4081003227,0.13071851,0.12287937,0.74640214
4082533476,0.4868303,0.28536698,0.22780265
4082559011,0.11191053,0.53887415,0.34921527
4082560358,0.1598021,0.3727495,0.46744835
4083114455,0.11842166,0.67985445,0.2017239
4083236962,0.23199113,0.2640575,0.5039514
4083764040,0.43880063,0.28586587,0.27533352
4084068108,0.34494027,0.2650701,0.38998958
4084265915,0.36779726,0.33131513,0.30088764
4084487286,0.5406924,0.20787637,0.25143123
4084628546,0.3162059,0.30276626,0.38102788
4084942674,0.9020692,0.022431629,0.07549916
4085125900,0.3880726,0.31979066,0.2921368
4087098854,0.4583962,0.2933247,0.24827908
4087693311,0.33460438,0.34641495,0.31898072
4087986740,0.36924028,0.15060058,0.48015922
4088072943,0.17043018,0.61329675,0.21627313
4088780445,0.62233216,0.090477966,0.28718987
4089120875,0.46484143,0.23189825,0.30326027
4090260143,0.3872281,0.24283381,0.36993802
4090473547,0.34675935,0.32451835,0.3287223
4090632724,0.68385077,0.13003089,0.1861184
4091041232,0.29582915,0.39158556,0.31258538
4091196013,0.46892047,0.2614942,0.26958534
4091209556,0.30928373,0.43727326,0.25344306
4091717985,0.43611282,0.22541517,0.33847207
4091912992,0.38819817,0.18332289,0.42847896
4091932308,0.34604466,0.26890513,0.38505027
4092412559,0.22822736,0.57915646,0.19261621
4092672341,0.19243301,0.5517641,0.25580284
4092788359,0.38418174,0.29742727,0.31839097
4093103379,0.56187636,0.13959631,0.2985273
4093729393,0.36726174,0.21076146,0.42197686
4093808630,0.5851571,0.18955831,0.22528455
4094548618,0.4086848,0.30163607,0.28967908
4094552948,0.5196972,0.22400358,0.25629923
4094654247,0.40116015,0.31910655,0.2797333
4095335222,0.23823224,0.21789864,0.54386914
4095811089,0.15462683,0.46494523,0.38042793
4095813678,0.22258529,0.5499829,0.22743182
4096699897,0.42221653,0.31664807,0.26113546
4097384790,0.7090595,0.123037174,0.16790332
4097497577,0.69189495,0.08796394,0.22014113
4098139581,0.33179244,0.38135132,0.28685626
4098148081,0.16533421,0.6327092,0.20195657
4098483367,0.25298098,0.45202526,0.29499373
4099367257,0.023195023,0.030813178,0.9459918
4099374315,0.20384979,0.14994535,0.6462049
4099772054,0.36044496,0.31624728,0.32330775
4100759070,0.41006404,0.3149101,0.27502578
4100873686,0.24244714,0.46180126,0.29575157
4102128365,0.41601858,0.26179737,0.3221841
4102192667,0.2840303,0.44431874,0.27165097
4102378551,0.62547415,0.18035792,0.194168
4102693162,0.26069796,0.42675468,0.31254733
4102812675,0.10369744,0.610525,0.28577754
4102945508,0.27482468,0.27482468,0.45035064
4102995253,0.2636975,0.46010977,0.27619272
4103012153,0.35961258,0.3950657,0.24532177
4103967893,0.15035692,0.6357223,0.21392083
4104012231,0.33741665,0.374443,0.28814045
4104260430,0.3274418,0.24778575,0.42477247
4104671898,0.40613702,0.1967647,0.39709836
4104842016,0.37017706,0.32950482,0.30031812
4105424726,0.7832443,0.055216655,0.16153899
4106386335,0.21332511,0.5087578,0.27791706
4106757710,0.36713597,0.2963294,0.33653462
4107619765,0.2694955,0.2525533,0.47795126
4107801829,0.29785648,0.39895582,0.3031877
4107915054,0.16849492,0.61118567,0.22031945
4108171981,0.28649652,0.40352306,0.30998045
4108698624,0.29745865,0.38732085,0.3152205
4108843698,0.3872911,0.2437858,0.36892316
4109711883,0.6351197,0.12020175,0.24467859
4109967894,0.24754724,0.44333553,0.30911726
4110616793,0.43385342,0.22618358,0.33996305
4110680169,0.35199815,0.4098464,0.2381555
4110788775,0.34269187,0.37269902,0.28460914
4111031334,0.2868722,0.43483606,0.27829167
4111510164,0.7051546,0.07240329,0.22244212
4112996790,0.59385836,0.17353283,0.23260884
4113098387,0.2916985,0.35547933,0.35282218
4113151185,0.21801196,0.4544848,0.32750326
4113534165,0.7026864,0.08619499,0.21111847
4113618432,0.6612879,0.14746477,0.19124728
4113646048,0.29875922,0.42188913,0.27935168
4113979630,0.47910476,0.1921998,0.32869545
4114870092,0.0048625492,0.9564117,0.03872578
4115127058,0.47532457,0.23180531,0.29287004
4115361724,0.48900542,0.16780129,0.34319332
4116134745,0.3418085,0.33320674,0.32498476
4116856726,0.32768604,0.2887445,0.38356948
4117063982,0.27223378,0.412694,0.31507218
4117226385,0.32124025,0.44069314,0.23806657
4117283513,0.22869118,0.4476749,0.32363397
4117427035,0.66245955,0.14636354,0.19117686
4117476760,0.22212958,0.5164829,0.26138756
4117670614,0.03678805,0.8498706,0.11334137
4117754350,0.47346056,0.3393098,0.18722963
4117758636,0.13955875,0.3029195,0.55752176
4118665458,0.25532594,0.23297982,0.51169425
4118954991,0.8257066,0.041320156,0.13297327
4120631279,0.2664414,0.3319703,0.40158835
4120702809,0.47166365,0.22968744,0.29864892
4120734066,0.17809421,0.36653087,0.45537496
4120802048,0.4348978,0.23084733,0.3342548
4121163290,0.32127944,0.35365054,0.32506996
4121315843,0.20981099,0.48079357,0.3093955
4121373088,0.19974945,0.5958356,0.20441489
4121651943,0.3965927,0.21175769,0.39164954
4121719051,0.27857497,0.4494135,0.27201146
4121969664,0.38737208,0.31775606,0.2948718
4122162081,0.17389593,0.6041773,0.22192684
4122708799,0.26929924,0.47919488,0.25150588
4123077977,0.21450454,0.5185294,0.26696604
4123179092,0.29014596,0.3542361,0.35561794
4123746080,0.13706304,0.6208269,0.24211007
4124641753,0.30686727,0.38171744,0.31141526
4124644292,0.20196845,0.5260145,0.27201697
4125998331,0.5031944,0.19604246,0.30076316
4126612761,0.2934969,0.3510111,0.35549203
4127035740,0.3961139,0.3451806,0.25870553
4127980058,0.28535652,0.41565302,0.29899043
4128721971,0.8856636,0.00824775,0.1060885
4128769631,0.7446991,0.08964463,0.1656562
4129500606,0.41113713,0.2921873,0.2966756
4129600660,0.29424953,0.42896467,0.2767858
4129765973,0.34312704,0.3522526,0.3046203
4130164025,0.26387593,0.40345833,0.3326658
4130620953,0.3517852,0.3639886,0.28422606
4131135985,0.40849736,0.31369472,0.27780786
4131751766,0.3145651,0.34448522,0.34094965
4132714818,0.492122,0.21682213,0.29105583
4132779342,0.3290422,0.32033563,0.35062218
4132997135,0.718867,0.12247851,0.15865451
4134035947,0.26808324,0.43636563,0.29555115
4134427534,0.5416659,0.20559621,0.25273788
4134667226,0.28993207,0.43097347,0.2790945
4134720014,0.30710477,0.42692417,0.2659711
4135761275,0.3706307,0.26424837,0.3651209
4135871705,0.25829566,0.44329214,0.2984122
4136025247,0.23175898,0.50547355,0.26276743
4136163860,0.0727102,0.68284786,0.24444194
4136587469,0.38566226,0.33044374,0.28389397
4137293684,0.06441305,0.82761323,0.10797371
4137915882,0.43643406,0.29072946,0.2728364
4138368225,0.02110446,0.88304,0.09585554
4138405412,0.30288005,0.39301282,0.30410704
4138739624,0.56922936,0.22906797,0.20170262
4139612279,0.50585663,0.22548977,0.26865354
4139906326,0.5044479,0.26007456,0.23547758
4139960622,0.62047553,0.18383864,0.19568583
4140079955,0.27242547,0.4110971,0.3164775
4140393062,0.3269766,0.33309388,0.33992946
4140412752,0.4311515,0.21053024,0.35831833
4140547518,0.26631963,0.41229185,0.32138854
4140956092,0.25353262,0.512609,0.23385836
4141357125,0.2686071,0.34459594,0.38679695
4141607749,0.31974617,0.40326318,0.27699065
4142653457,0.3381453,0.25650597,0.4053488
4143081279,0.7586237,0.069703594,0.17167269
4143194920,0.10513143,0.7465969,0.14827175
4143543088,0.26875597,0.38640013,0.34484392
4143673319,0.5879981,0.1790729,0.23292898
4143998942,0.14214844,0.20384763,0.6540039
4144590311,0.3243912,0.3694151,0.30619374
4144624674,0.27785814,0.2544897,0.4676522
4145652418,0.50713587,0.2054111,0.28745311
4147384765,0.44657055,0.32596558,0.22746396
4147521786,0.35419258,0.2109491,0.43485835
4147987911,0.40878925,0.28497884,0.30623192
4148235796,0.39318377,0.315781,0.29103535
4148246014,0.34751803,0.3342913,0.3181907
4148311732,0.6534484,0.15520966,0.1913419
4148660315,0.48889935,0.22824498,0.28285566
4148827122,0.33016723,0.37464273,0.29519013
4149235469,0.34698495,0.33656338,0.3164517
4149503140,0.29275796,0.3554991,0.35174286
4150125228,0.3534321,0.26516405,0.38140386
4150178952,0.46401486,0.2662405,0.2697446
4150317813,0.3474956,0.38090068,0.2716037
4150994705,0.0076260995,0.00475932,0.9876146
4151396289,0.38395903,0.2702757,0.34576532
4151554296,0.37379232,0.2648659,0.3613417
4151780367,0.49216518,0.23092744,0.2769074
4152599050,0.31782517,0.31782517,0.3643497
4152708184,0.3734452,0.37957174,0.24698308
4153644606,0.24401931,0.41059312,0.34538752
4153796147,0.502233,0.24453999,0.25322694
4153850017,0.58753276,0.108449176,0.30401805
4154720652,0.8364915,0.06807232,0.095436186
4154789780,0.35311103,0.29467583,0.35221314
4155081458,0.37295595,0.3766533,0.2503907
4155322269,0.48906067,0.24089037,0.27004907
4155815570,0.33870682,0.3647008,0.2965923
4156200449,0.7383324,0.07418051,0.18748708
4156246813,0.12849319,0.507579,0.36392775
4156903170,0.5511665,0.21797664,0.2308569
4157065930,0.11098209,0.6981664,0.19085158
4157468989,0.19615395,0.5687071,0.23513897
4157553702,0.5070017,0.24934612,0.24365218
4157596697,0.58368576,0.21943377,0.19688046
4158162820,0.48304722,0.29444787,0.22250496
4158216844,0.48473582,0.20342611,0.31183812
4158871941,0.26026678,0.4640659,0.27566722
4159212573,0.019894449,0.8498356,0.13026997
4159252230,0.47196755,0.11365864,0.41437376
4160207478,0.40411025,0.28963158,0.3062582
4160326571,0.35246995,0.26084822,0.38668194
4160558878,0.02348204,0.018704547,0.95781344
4160779326,0.15464193,0.64280164,0.20255642
4161257562,0.529394,0.12047403,0.35013205
4161333523,0.5094768,0.19311039,0.29741284
4161345695,0.29437673,0.39661986,0.30900338
4162252188,0.579897,0.19547382,0.22462921
4162445817,0.44436285,0.2848485,0.27078864
4163446392,0.44817302,0.21202803,0.33979896
4163549039,0.2272834,0.21580394,0.55691266
4164639546,0.27052104,0.44583294,0.28364602
4164946281,0.2984246,0.4195985,0.28197694
4165192940,0.6455483,0.15626729,0.19818442
4166166911,0.5962248,0.15177347,0.25200176
4166206527,0.25458908,0.4273615,0.3180494
4166271996,0.28196713,0.43206105,0.28597182
4166443743,0.37635008,0.32185492,0.30179498
4167068924,0.22804888,0.1523933,0.61955786
4168436541,0.3515927,0.38353807,0.26486933
4168905424,0.26689452,0.40965128,0.32345417
4168973736,0.4429586,0.31963563,0.23740578
4169282752,0.23358761,0.41668248,0.3497299
4169352682,0.4290953,0.31986314,0.25104156
4169521484,0.46763358,0.25858417,0.27378225
4170134628,0.5462144,0.15686013,0.29692554
4170283219,0.21787836,0.55582404,0.22629766
4170768954,0.3412759,0.42907786,0.22964624
4170903915,0.15623137,0.63680774,0.2069609
4171201817,0.5085263,0.19213004,0.29934368
4171729273,0.23611617,0.36961168,0.39427218
4171998584,0.31415874,0.39924824,0.28659302
4172303561,0.22096245,0.4157535,0.36328408
4172499314,0.33256108,0.36242098,0.305018
4172674866,0.24564587,0.5881142,0.16623996
4172864939,0.24563494,0.5173847,0.23698035
4172915139,0.4522449,0.1991489,0.34860617
4172989254,0.16871259,0.5414831,0.28980437
4173785422,0.2525842,0.2578395,0.48957637
4174058512,0.6217294,0.15669167,0.221579
4174180886,0.08429275,0.76107806,0.15462929
4174718145,0.6088393,0.079530835,0.31162986
4174835967,0.26887357,0.35263994,0.37848648
4175245801,0.25005895,0.2659905,0.48395056
4175305822,0.39290482,0.2511807,0.35591456
4175436066,0.5145047,0.20267023,0.28282505
4175546451,0.60338736,0.17275357,0.22385909
4176288077,0.6107321,0.17450188,0.21476601
4177758178,0.3849111,0.31190878,0.3031801
4178090534,0.25387377,0.2642485,0.48187777
4178113438,0.36403963,0.35507292,0.2808874
4178202274,0.4446208,0.23940548,0.3159737
4178221700,0.36783296,0.3416832,0.29048386
4179193113,0.6442439,0.11847271,0.23728348
4179516353,0.40479076,0.24296455,0.35224462
4180217850,0.6431434,0.23921266,0.11764386
4181032576,0.48789677,0.12522079,0.3868824
4181784550,0.3068284,0.40729254,0.2858791
4182333701,0.7001359,0.13845268,0.1614114
4183084229,0.25434354,0.38703105,0.3586254
4183561471,0.3783432,0.25605303,0.36560386
4183954545,0.26558253,0.42166626,0.31275123
4184269064,0.42581272,0.30354613,0.2706412
4185132007,0.37745884,0.39457324,0.22796784
4185135579,0.19088788,0.5892862,0.21982594
4185273438,0.3462001,0.4486298,0.2051701
4185499146,0.23842606,0.4554791,0.3060949
4185585688,0.5209375,0.2363111,0.24275143
4185724417,0.47198144,0.25465837,0.27336022
4187060144,0.3618319,0.300148,0.33802006
4187659488,0.20004956,0.37764657,0.42230386
4187818011,0.314746,0.45259586,0.23265818
4188572588,0.49130744,0.21080312,0.29788947
4188720589,0.2003894,0.55332357,0.246287
4188882777,0.2591613,0.43469486,0.3061439
4189199849,0.2526211,0.4474951,0.29988384
4189373812,0.6948312,0.13514633,0.17002246
4190355019,0.17304926,0.4939129,0.33303788
4190607147,0.23902306,0.44249925,0.31847775
4190774693,0.2768168,0.42556366,0.29761955
4191809121,0.5013374,0.2496022,0.24906036
4192140404,0.5598307,0.21889302,0.22127625
4192445564,0.51853687,0.23531197,0.2461511
4192994643,0.29312316,0.41816425,0.28871262
4193685101,0.46343702,0.25535235,0.2812107
4193688494,0.32518023,0.4227925,0.2520272
4194150310,0.4240805,0.26381215,0.3121074
4194578980,0.38930434,0.34614408,0.26455164
4194973013,0.1585629,0.5392101,0.30222696
4195348438,0.42496923,0.32957423,0.24545659
4195835698,0.23289046,0.4258765,0.34123307
4196302229,0.35236502,0.2668516,0.38078338
4196464969,0.3098457,0.37501767,0.3151367
4196492906,0.65027064,0.1018655,0.24786395
4196634256,0.31123927,0.3117259,0.37703484
4197094854,0.21049926,0.32922438,0.46027634
4197483593,0.33765665,0.35838768,0.30395567
4198384283,0.45062986,0.25266144,0.2967087
4198453021,0.31668785,0.19922568,0.48408645
4198665000,0.62104326,0.17971434,0.19924237
4198823489,0.15480772,0.28394112,0.5612512
4199341465,0.21711317,0.53882694,0.24405995
4200088116,0.19739065,0.27220476,0.5304046
4200178121,0.36978868,0.28873527,0.34147605
4201029752,0.2580966,0.4916564,0.250247
4201572470,0.034739982,0.9092713,0.055988666
4201597732,0.20374022,0.5928121,0.2034476
4201858738,0.3321089,0.23366243,0.43422866
4202253676,0.43283945,0.31200582,0.2551547
4202272395,0.5132527,0.23334391,0.25340343
4202369684,0.3451909,0.3672637,0.28754547
4202588088,0.13148119,0.23759559,0.63092315
4202774026,0.2458358,0.32997045,0.42419365
4202808023,0.14611183,0.66400975,0.18987834
4203159050,0.052782465,0.49177048,0.455447
4203472375,0.5201148,0.24449128,0.23539402
4203708763,0.34629914,0.3335673,0.32013354
4203735144,0.3359759,0.3999154,0.2641087
4204395194,0.2685104,0.45386344,0.27762616
4205207896,0.5240087,0.21760231,0.25838903
4205926084,0.25533822,0.4123934,0.33226842
4206644455,0.20716687,0.3605873,0.43224576
4206692298,0.20459223,0.64079565,0.15461218
4206856770,0.21637048,0.5686472,0.21498238
4207145444,0.6656062,0.08332729,0.25106657
4207230250,0.29036993,0.31179783,0.39783224
4207608715,0.46449837,0.2521441,0.28335753
4207858001,0.5398908,0.21669155,0.24341756
4208033247,0.2656125,0.45354137,0.2808461
4208070973,0.4473664,0.18651478,0.36611882
4208337852,0.6755056,0.12429366,0.20020084
4208856820,0.29243985,0.42128953,0.28627068
4209241314,0.31150088,0.1557076,0.53279155
4210188715,0.23386478,0.47787997,0.28825527
4210339544,0.36980784,0.32155997,0.30863217
4210751808,0.16675813,0.66221994,0.17102192
4210995470,0.2593978,0.50934726,0.23125492
4211106202,0.24790473,0.31011602,0.44197923
4213015875,0.32575843,0.39848033,0.27576134
4213057466,0.29805428,0.36264712,0.33929864
4213118986,0.24858175,0.35832584,0.39309242
4213159674,0.2268243,0.51071066,0.2624651
4213202148,0.25800148,0.2807648,0.46123374
4213413316,0.55931735,0.20110756,0.23957515
4213513434,0.4536477,0.30290622,0.24344616
4213638078,0.40814707,0.3105103,0.28134257
4214265819,0.34469166,0.35520977,0.3000986
4214450583,0.2626251,0.17510557,0.56226933
4214811844,0.35963798,0.33904785,0.30131415
4215105062,0.30360606,0.29476663,0.40162733
4215140113,0.39847502,0.3252517,0.27627325
4215775875,0.3125854,0.43466717,0.25274742
4215855431,0.22200312,0.5667449,0.2112519
4215922658,0.36280286,0.3962625,0.2409347
4215941661,0.5026274,0.22458127,0.2727914
4216093509,0.15475768,0.52271044,0.3225319
4216097527,0.24408786,0.47429836,0.28161377
4216398877,0.6892845,0.10882155,0.2018939
4216460780,0.59061646,0.12966938,0.27971414
4216769264,0.3494936,0.27765685,0.37284955
4216888231,0.3135044,0.38526562,0.30122995
4217163582,0.35806495,0.3806604,0.26127467
4217499598,0.31736267,0.4181183,0.26451895
4218709426,0.48386627,0.23189047,0.2842433
4219086767,0.18186976,0.5789684,0.23916186
4219126037,0.39685383,0.13205792,0.4710883
4219126153,0.46822208,0.23248704,0.2992909
4219516491,0.20200588,0.31713414,0.48085997
4220149347,0.30580422,0.40787616,0.28631958
4220311356,0.40534216,0.2841937,0.3104642
4220721936,0.472862,0.23162216,0.2955159
4221656851,0.54220235,0.17613411,0.28166354
4222577204,0.35159972,0.29066876,0.35773146
4222847658,0.2613246,0.2531141,0.4855612
4223340612,0.087420486,0.80156845,0.11101104
4223387653,0.3092397,0.28428057,0.40647975
4223410220,0.2989022,0.39627615,0.30482164
4223764049,0.32583416,0.24487875,0.42928708
4224115839,0.6428864,0.12742147,0.22969213
4224487971,0.23812056,0.26830968,0.4935698
4224860363,0.17586666,0.5148946,0.30923873
4224929567,0.22936924,0.54861194,0.22201876
4225429292,0.45728627,0.23660687,0.3061069
4227115802,0.25381956,0.49655002,0.2496304
4227388144,0.3978207,0.31987175,0.28230754
4227490224,0.60445327,0.1725043,0.22304232
4228053482,0.50834304,0.24657993,0.24507701
4228111213,0.1531674,0.3897375,0.45709512
4228864129,0.17085798,0.5324284,0.29671374
4228881315,0.3860824,0.28497452,0.3289431
4229021901,0.3218695,0.20931251,0.46881798
4229026270,0.4178745,0.34647653,0.23564899
4229267872,0.18740354,0.4860017,0.32659468
4229518975,0.23326942,0.07984489,0.6868857
4229941807,0.6171239,0.17322396,0.20965214
4230143796,0.5643997,0.1819952,0.25360498
4230389296,0.3409768,0.3447547,0.3142685
4230597810,0.29669434,0.486152,0.21715373
4230647450,0.42457622,0.2716399,0.30378392
4230691533,0.4859037,0.16048475,0.35361156
4231074056,0.26334897,0.41443607,0.32221496
4231121122,0.4321607,0.3186212,0.24921821
4231390741,0.39711058,0.32888567,0.27400368
4231644896,0.41116413,0.2945285,0.29430732
4232732728,0.40404066,0.38761032,0.20834897
4233902611,0.60557425,0.1928828,0.20154284
4234264844,0.32065833,0.3180216,0.36132008
4234651840,0.22068036,0.34804773,0.4312719
4235485065,0.049930513,0.695457,0.25461245
4235738750,0.21947926,0.5315654,0.2489553
4236095246,0.23801506,0.4368117,0.32517326
4236414699,0.22466129,0.23527506,0.5400637
4236728758,0.4920192,0.24617274,0.2618081
4237549667,0.28619334,0.3450302,0.36877647
4238139643,0.2927644,0.3363105,0.37092507
4238511728,0.29435003,0.45804977,0.24760018
4238728244,0.08996445,0.62451255,0.285523
4238735928,0.41785786,0.33116192,0.2509802
4239396447,0.3770816,0.25323716,0.36968124
4240644936,0.73936963,0.10368988,0.15694046
4241437587,0.600552,0.115024805,0.28442326
4241948896,0.502538,0.23080051,0.26666152
4243204289,0.12754843,0.7026883,0.16976333
4243326482,0.4722964,0.22867557,0.29902804
4244101139,0.41869405,0.35877043,0.22253555
4244975385,0.31501374,0.25335115,0.43163505
4245482056,0.31232274,0.31799972,0.36967745
4245482950,0.4218998,0.26536778,0.31273246
4245546857,0.5767374,0.20220374,0.22105886
4246075787,0.25150713,0.2910708,0.45742208
4246304840,0.53306353,0.24317597,0.22376056
4246854744,0.35973725,0.33680743,0.3034554
4247287548,0.26368743,0.4716471,0.26466548
4247811575,0.3450025,0.34964785,0.30534968
4248269209,0.42968106,0.28135034,0.28896862
4248420073,0.28625035,0.23738047,0.47636917
4248667785,0.49957895,0.22807714,0.27234393
4249085989,0.56833893,0.20213647,0.22952457
4249231691,0.3139688,0.45362952,0.23240173
4249381288,0.42727414,0.26415697,0.30856887
4249759461,0.37727636,0.3119597,0.31076387
4249877240,0.32035187,0.22891401,0.45073414
4250342551,0.2027943,0.3359195,0.46128628
4250439150,0.28550962,0.38226172,0.33222866
4250710791,0.6743114,0.14705452,0.1786341
4251266470,0.30274346,0.41034666,0.2869099
4251917489,0.21983352,0.51298404,0.2671824
4252161142,0.33297858,0.33290976,0.33411172
4252787969,0.3701538,0.32003906,0.30980712
4253030125,0.26213205,0.42654574,0.31132224
4253105766,0.17634834,0.16167703,0.6619746
4254044254,0.61753607,0.11507723,0.2673867
4254193206,0.41974068,0.29232097,0.2879384
4256179369,0.27164406,0.4755788,0.25277716
4256363743,0.32391897,0.32391897,0.3521621
4256557356,0.34697306,0.3825596,0.27046737
4256622843,0.25742325,0.3884441,0.3541327
4257247464,0.29175577,0.39391094,0.3143333
4258041419,0.5283908,0.1898851,0.2817241
4258041814,0.33872524,0.40765986,0.2536149
4258369845,0.6539845,0.08483064,0.2611849
4258428039,0.4884924,0.17581595,0.33569163
4258667494,0.37667993,0.30839363,0.31492642
4258765705,0.35795286,0.35104448,0.29100272
4258925590,0.5904583,0.18659566,0.22294602
4258988790,0.33658546,0.37325162,0.29016298
4260589581,0.25548404,0.40616983,0.33834612
4261216431,0.16050804,0.16568331,0.67380863
4261420325,0.06679674,0.037533276,0.8956699
4261742467,0.4979135,0.18821104,0.3138755
4262860715,0.40038776,0.32410634,0.27550584
4263591872,0.27383697,0.4363296,0.2898335
4263618688,0.5209055,0.26593074,0.21316378
4263631006,0.16467299,0.5953608,0.23996624
4263727916,0.5459003,0.08264174,0.37145793
4263738907,0.38295582,0.25641605,0.3606282
4263811653,0.3501954,0.3501954,0.29960924
4263966547,0.4732279,0.2960129,0.23075922
4264293918,0.3590015,0.29760045,0.34339815
4264651374,0.287543,0.24083011,0.47162694
4265154113,0.6664636,0.11960106,0.21393535
4266065748,0.33822632,0.17883246,0.4829413
4266189146,0.15781389,0.113262065,0.7289241
4267199301,0.24543522,0.35848948,0.39607537
4269177005,0.32473177,0.306405,0.3688632
4269403387,0.17149776,0.17149776,0.6570045
4269934547,0.49048206,0.25991786,0.2496001
4270483798,0.48965728,0.10640535,0.40393746
4270909995,0.40578642,0.28157124,0.31264237
4271180206,0.49489,0.16946466,0.33564535
4272956219,0.4276184,0.35159168,0.22078988
4273695866,0.28528312,0.32775912,0.38695776
4274073514,0.22019109,0.48878056,0.29102832
4274076811,0.31120682,0.39519563,0.29359758
4274137569,0.5999144,0.13147329,0.26861238
4274761773,0.30175304,0.40657094,0.291676
4275184152,0.28792542,0.4020484,0.31002614
4275275519,0.4457975,0.25641125,0.2977912
4275389524,0.20706457,0.4109513,0.38198417
4275723868,0.5581126,0.19631816,0.24556921
4276132444,0.46413323,0.28804448,0.2478223
4276171493,0.27125365,0.4479228,0.2808236
4278306836,0.031702943,0.84943956,0.11885754
4278511339,0.57868195,0.20439701,0.21692106
4278928586,0.24142408,0.23621774,0.52235824
4278983238,0.18861054,0.6109106,0.20047884
4279209684,0.43109548,0.27580813,0.2930964
4279221131,0.55707175,0.25357753,0.18935072
4279394335,0.5143652,0.14188406,0.34375075
4279569985,0.43830204,0.24906258,0.31263542
4280287624,0.3049392,0.40547356,0.28958735
4280501571,0.49337208,0.24058524,0.26604274
4281062380,0.35582694,0.34377143,0.30040163
4281325245,0.1939083,0.61955225,0.18653943
4281792270,0.31775433,0.40184692,0.28039873
4282315288,0.20700179,0.5816559,0.21134223
4282482144,0.745143,0.09037461,0.16448241
4282977306,0.33997834,0.3676975,0.29232413
4283312699,0.26270738,0.43404603,0.30324653
4283365726,0.30310914,0.15750372,0.53938717
4284498087,0.3711394,0.29037154,0.33848903
4284845904,0.5532545,0.20361465,0.24313086
4284911720,0.2712891,0.38815022,0.34056064
4284924803,0.40335035,0.3283845,0.26826522
4284969072,0.29810613,0.3808624,0.32103148
4285002084,0.24461618,0.5169993,0.23838452
4285850813,0.6288673,0.14380747,0.22732522
4286061858,0.6085722,0.15981892,0.2316089
4286450466,0.28711265,0.31018585,0.40270147
4286463056,0.37637147,0.33401805,0.28961048
4287650976,0.3021444,0.32269827,0.37515736
4287905957,0.33176148,0.34840232,0.31983623
4288036962,0.12114092,0.45564404,0.4232151
4288290528,0.1532141,0.31160495,0.5351809
4289607724,0.21305712,0.17072256,0.6162203
4290218189,0.37694564,0.3316396,0.29141486
4290226288,0.3349321,0.37821507,0.286853
4290323631,0.37742698,0.32352343,0.29904965
4290387078,0.28824738,0.34287462,0.368878
4291750124,0.33797953,0.34244204,0.3195784
4292154969,0.1646966,0.17006208,0.6652413
4292612499,0.37955964,0.31348512,0.30695522
4293540065,0.34549642,0.2823079,0.37219572
4293543403,0.65451646,0.15694134,0.18854223
4293965487,0.5622594,0.17880484,0.25893572
4294254797,0.19557257,0.5844008,0.2200267
4294452769,0.18490347,0.19180167,0.6232949
4294602932,0.20811202,0.55361986,0.23826815
4294633312,0.2967457,0.35997435,0.3432799
313413,0.2498833,0.46556202,0.28455472
497862,0.24174705,0.54624474,0.21200818
587904,0.2842455,0.41122687,0.3045276
604575,0.38858762,0.31119725,0.30021515
862324,0.32679904,0.25050744,0.42269358
1120158,0.3147386,0.39553508,0.28972626
1491225,0.12759389,0.043966044,0.82844
2802516,0.2720978,0.40233162,0.32557058
2912862,0.26492018,0.42021716,0.31486273
3254113,0.34666973,0.31382358,0.33950666
3259481,0.18008104,0.33788106,0.4820379
3445782,0.20100039,0.5830355,0.21596405
3499263,0.31915823,0.39333567,0.2875061
3643104,0.4961777,0.20704624,0.29677606
4961077,0.29547048,0.25790247,0.44662708
5069186,0.13779435,0.5602941,0.30191156
5187535,0.38508525,0.28367454,0.33124015
5188727,0.23191874,0.4203142,0.3477671
6287371,0.62034357,0.15460573,0.22505075
6817408,0.14812383,0.5500381,0.301838
7047857,0.0693622,0.8321145,0.098523326
7599930,0.363083,0.29911754,0.33779955
8322953,0.3766976,0.2801592,0.34314317
8785767,0.3642407,0.38338193,0.25237736
9534298,0.13942447,0.6280016,0.23257399
9740296,0.015405299,0.73800004,0.24659465
10798145,0.40115726,0.3426069,0.25623587
10974521,0.46515092,0.27812144,0.25672764
11036870,0.2866156,0.4248797,0.28850472
11288315,0.39059436,0.30778444,0.3016212
11462903,0.097772226,0.675342,0.22688581
11477748,0.28631496,0.42645985,0.28722525
11570555,0.08059162,0.09632135,0.8230871
11607871,0.45925453,0.31102115,0.22972433
11953413,0.36486667,0.360156,0.2749774
12749848,0.8215482,0.03417493,0.14427692
13347957,0.26935354,0.28431606,0.4463305
13678371,0.16195254,0.5599334,0.27811402
13709106,0.20526162,0.56813,0.22660841
13735973,0.14312148,0.3676456,0.48923287
15372768,0.27520692,0.41446957,0.31032348
16134621,0.1722355,0.33339542,0.49436906
16593225,0.259294,0.48122543,0.25948057
16956280,0.46324182,0.07907253,0.4576857
17452762,0.778854,0.073878296,0.14726774
17846323,0.019224877,0.8033759,0.1773992
18094964,0.2935283,0.37522957,0.33124214
18229379,0.14630885,0.16081882,0.69287235
18777426,0.36918244,0.27644223,0.3543754
18802659,0.4526912,0.29661527,0.2506936
19190525,0.35355267,0.3561943,0.29025304
20579712,0.09495509,0.6458581,0.2591868
20960602,0.5373254,0.22215058,0.24052408
21076858,0.29817542,0.4015154,0.30030924
21546978,0.27597216,0.3684385,0.3555894
21998657,0.32823464,0.3744015,0.29736385
22203562,0.3025562,0.34643394,0.3510098
22875501,0.25181252,0.33883628,0.4093512
23454698,0.27076265,0.4287351,0.30050233
23476865,0.36578888,0.350678,0.2835332
23886831,0.53040683,0.21837796,0.25121525
23949628,0.2474097,0.5509063,0.20168403
23974130,0.26711538,0.4652557,0.26762894
24079185,0.106846966,0.42015502,0.472998
24244682,0.20435044,0.5732698,0.22237983
24355595,0.36103395,0.3276646,0.31130144
25269381,0.29271945,0.3838795,0.32340106
25927022,0.35287905,0.36471385,0.28240713
26390985,0.45030767,0.08562668,0.46406564
26741574,0.26807836,0.3878377,0.344084
26880709,0.27050778,0.4436775,0.2858147
26910129,0.42055574,0.20112853,0.37831578
26928706,0.33467457,0.2633218,0.40200368
27640786,0.33227482,0.3746978,0.29302737
27672843,0.30277753,0.42648768,0.27073476
28502436,0.5453123,0.18900566,0.26568213
28694407,0.36254603,0.35100886,0.28644505
28810507,0.284226,0.44385606,0.27191797
29409951,0.244247,0.46333233,0.29242063
29500587,0.14687914,0.6525451,0.20057577
29890516,0.44841832,0.1908288,0.3607529
30299961,0.35705277,0.25493407,0.3880131
30632871,0.48180395,0.23379152,0.28440452
30633394,0.2783314,0.5325095,0.18915911
30651405,0.26896638,0.45053983,0.28049377
31919812,0.14398108,0.30637825,0.5496407
31981480,0.268271,0.30138835,0.43034068
32074050,0.38469058,0.30054694,0.31476256
32354026,0.46354914,0.26803613,0.2684147
32405882,0.24566974,0.5122669,0.24206343
33861741,0.42852655,0.23477209,0.33670136
34135285,0.49306622,0.23959517,0.2673386
34137502,0.1583376,0.57439363,0.26726878
34712778,0.12879741,0.62275183,0.24845068
34780911,0.27155218,0.45646027,0.2719876
34888646,0.5691798,0.19860865,0.23221159
34934612,0.053904306,0.053904306,0.8921915
34946957,0.3889171,0.27806196,0.33302087
35303250,0.3012808,0.34143734,0.35728186
36062822,0.45079443,0.2858055,0.26340005
36222911,0.6161499,0.15909837,0.22475177
36530527,0.27683705,0.20704836,0.5161146
37203239,0.2608104,0.36767688,0.37151274
37206390,0.45009398,0.16616918,0.38373685
37270092,0.18683015,0.59388363,0.2192862
37409670,0.12708297,0.7051079,0.16780917
37611174,0.25225577,0.521339,0.22640516
38760658,0.35061893,0.3639308,0.28545022
39691906,0.31731138,0.35167113,0.33101755
40014519,0.39245713,0.31477702,0.29276586
40059390,0.42637166,0.26387876,0.30974966
40172326,0.36207804,0.31960326,0.31831867
40469994,0.554006,0.23693958,0.2090544
40718039,0.2586978,0.4489952,0.29230702
42196315,0.80338645,0.080132894,0.11648073
42441079,0.3074537,0.12862517,0.56392103
44132997,0.49903253,0.1532061,0.3477614
44286334,0.38015318,0.31528115,0.3045656
44429455,0.20141979,0.5569667,0.24161348
45083686,0.26945454,0.46689832,0.26364717
45679685,0.34790733,0.27468118,0.3774114
45871743,0.41581863,0.30448806,0.27969328
46809189,0.07075197,0.6458165,0.28343147
46876466,0.08716481,0.12207705,0.7907582
48142269,0.29812756,0.47254795,0.22932453
48165008,0.3140275,0.40906563,0.2769069
48179205,0.318499,0.45809123,0.22340977
48264930,0.68700826,0.114900395,0.19809136
48300687,0.17130367,0.51995987,0.30873647
49148726,0.257721,0.535564,0.20671499
49213656,0.23770542,0.428524,0.33377063
49360504,0.14195105,0.07751943,0.7805295
49465636,0.81922334,0.02307314,0.15770361
49947138,0.49289793,0.069940075,0.43716198
50589143,0.07048888,0.51839167,0.41111943
50608374,0.4053057,0.3108192,0.2838751
50914747,0.41018072,0.33690804,0.25291118
51122739,0.21894063,0.35530877,0.4257506
51460330,0.08304172,0.78030014,0.13665803
51490527,0.3142707,0.42180368,0.26392567
51497349,0.3138129,0.32949364,0.35669345
51557426,0.5113792,0.23485705,0.25376382
51782523,0.2281724,0.45486262,0.31696495
51806745,0.19217439,0.55815256,0.249673
51857553,0.32832637,0.31774288,0.3539307
51908978,0.35667357,0.3272305,0.31609595
52088968,0.30515328,0.31685743,0.37798932
52353020,0.51587784,0.29421785,0.18990433
52356911,0.2748677,0.44558096,0.27955133
52388359,0.27556366,0.4302469,0.29418948
52893105,0.40314448,0.31125993,0.2855956
53058989,0.41265973,0.28694445,0.30039588
53527420,0.45603982,0.29357174,0.25038847
54081918,0.45282423,0.26643524,0.28074053
54230341,0.5332156,0.21216759,0.2546168
55076734,0.08546398,0.70602024,0.2085158
55301863,0.26300862,0.41224512,0.32474625
55414738,0.27081913,0.40663606,0.32254487
55695969,0.6693876,0.121324025,0.20928834
55698583,0.33184072,0.28567106,0.38248825
55873199,0.34398234,0.426544,0.22947359
55908596,0.6742432,0.08628677,0.23947008
56432908,0.13050126,0.12616922,0.7433295
56494128,0.22467126,0.38544464,0.38988414
56636147,0.20811795,0.5724769,0.2194052
56733980,0.788402,0.086559825,0.12503824
56973692,0.1532141,0.31160498,0.5351809
57056642,0.41077518,0.31025445,0.2789704
58129946,0.37549308,0.31370607,0.3108009
58207052,0.29590073,0.3557614,0.3483379
58430697,0.2882049,0.39148054,0.3203146
58586803,0.32591036,0.28485483,0.38923478
59036967,0.25230613,0.1466832,0.60101074
59247765,0.26446617,0.44284925,0.29268453
59404456,0.48757586,0.21894996,0.29347414
59408135,0.21655278,0.39947376,0.38397354
59727862,0.29331508,0.27510968,0.43157527
60121960,0.43252045,0.3080687,0.25941086
61343237,0.22797427,0.46511495,0.3069108
61501780,0.22361004,0.46474147,0.31164852
61558028,0.3651457,0.29934907,0.33550528
61609805,0.32529268,0.32431778,0.3503895
61619064,0.5100221,0.27549666,0.21448131
61864121,0.44129074,0.21554062,0.34316865
62069597,0.17333205,0.5822019,0.24446607
62220900,0.35909015,0.33159187,0.309318
63662467,0.21428007,0.21328765,0.5724322
64211461,0.29993182,0.20052834,0.49953982
64715260,0.4319062,0.3071803,0.2609136
65111410,0.34122714,0.36632085,0.29245198
65766556,0.13125348,0.68925345,0.17949308
66848153,0.20633416,0.5611444,0.23252137
67327709,0.5252397,0.21724597,0.25751427
67606846,0.32490772,0.34652168,0.3285706
68211145,0.5345876,0.23090202,0.23451036
68593198,0.23870595,0.44824716,0.31304693
68833317,0.43278578,0.28377688,0.28343737
69094828,0.32384577,0.2602876,0.41586655
70903723,0.21593772,0.46357974,0.32048252
71770169,0.30785698,0.33528623,0.35685673
72135386,0.14552818,0.14552818,0.70894367
72237387,0.6858705,0.10169682,0.21243261
73160920,0.45631757,0.26674697,0.2769354
73288796,0.35021022,0.2650435,0.38474625
73905810,0.3252283,0.426485,0.24828662
74274070,0.22829725,0.51007795,0.26162484
74458627,0.51485145,0.25845456,0.22669394
74771281,0.6794901,0.11576293,0.204747
75162689,0.3620744,0.27236718,0.36555848
75221603,0.2486765,0.405493,0.3458305
75510608,0.4577512,0.26385716,0.27839163
76546068,0.22907335,0.2678412,0.5030854
76929915,0.6356727,0.14246643,0.22186096
77620894,0.2519841,0.3618554,0.38616064
77862025,0.49631044,0.1472669,0.35642266
78048540,0.65379167,0.16702253,0.17918591
78276181,0.26498452,0.3360802,0.39893526
79629494,0.48683864,0.2857816,0.22737977
79890507,0.49536136,0.24205787,0.26258084
80082858,0.57900095,0.16783957,0.25315955
80657707,0.42240193,0.29092675,0.28667125
81185517,0.3580582,0.37265036,0.26929143
81235835,0.37514657,0.33520547,0.2896479
81653300,0.5640444,0.18586521,0.2500904
81655735,0.2041473,0.31370658,0.48214614
81731578,0.5068548,0.2358833,0.25726196
82241435,0.49044368,0.26723883,0.24231753
83377839,0.610394,0.1799903,0.20961566
83451493,0.43479106,0.2743731,0.2908358
84377416,0.34887528,0.23383753,0.41728708
84389393,0.18295152,0.43657538,0.38047308
85273352,0.2527927,0.47856444,0.2686429
85516503,0.32176507,0.3372691,0.34096587
85565223,0.5173416,0.14118417,0.3414742
86063424,0.20619006,0.5234641,0.27034572
86870228,0.38456503,0.32533285,0.29010212
87253114,0.3103376,0.12608513,0.5635773
87284463,0.7626126,0.09406154,0.14332598
87490807,0.33619052,0.38212204,0.2816875
87763287,0.35287538,0.41873357,0.22839108
88139056,0.29982787,0.2878073,0.41236484
88633480,0.28547916,0.3546729,0.35984796
88870528,0.15039098,0.66977316,0.17983581
88975668,0.27721864,0.5626007,0.16018076
90309616,0.14838198,0.53673863,0.3148794
90318969,0.3781013,0.26140738,0.3604914
90499918,0.17178242,0.6202896,0.207928
90530234,0.50611496,0.21829042,0.27559462
91010489,0.2692683,0.4520571,0.2786746
91036999,0.16295967,0.46200827,0.37503207
91072929,0.5981665,0.16680261,0.23503084
91200921,0.53473854,0.19040702,0.27485436
91890530,0.5750561,0.18640284,0.23854119
91910103,0.2362302,0.4278853,0.3358845
92214682,0.5612182,0.13310789,0.30567396
92657890,0.4714599,0.15116212,0.377378
94023215,0.5391201,0.20188345,0.25899637
94095678,0.2790762,0.4399119,0.2810119
94166335,0.59886116,0.048218526,0.3529203
94423307,0.19078703,0.07259605,0.73661697
94559008,0.21299273,0.52786696,0.2591403
95019533,0.2882272,0.2475549,0.46421793
95042730,0.30554014,0.41225496,0.2822049
95945153,0.48317114,0.27563578,0.24119312
96344904,0.23523611,0.4820694,0.28269446
96410999,0.5048463,0.25460693,0.24054684
96574725,0.01863368,0.4859408,0.49542552
96638380,0.49614143,0.3097761,0.19408248
97360777,0.18022269,0.17380874,0.64596856
97445496,0.16995157,0.6314394,0.19860905
97715567,0.21479736,0.5371786,0.24802408
98286543,0.3390601,0.31001517,0.35092467
98864387,0.33577803,0.4320888,0.2321332
99141574,0.44085845,0.24622037,0.31292117
99602950,0.29610765,0.45231244,0.25157988
99615539,0.4748074,0.18495049,0.34024215
100272253,0.37561974,0.32166964,0.30271062
100925297,0.52269375,0.1840361,0.29327014
101156092,0.2711922,0.35064247,0.37816533
101285917,0.20189755,0.55878717,0.23931533
101511137,0.36152008,0.3551475,0.28333244
101774346,0.40258735,0.27591255,0.32150012
102279008,0.326259,0.3093262,0.3644148
103982723,0.23950292,0.4453616,0.31513545
104426062,0.18252364,0.30571267,0.51176363
104444797,0.15240425,0.22597006,0.6216257
104646942,0.21081352,0.44274548,0.346441
104773595,0.30283123,0.41367364,0.28349513
105365883,0.4905926,0.27716675,0.23224059
106517636,0.48103994,0.2361879,0.28277215
107484016,0.37545744,0.1932438,0.4312987
107929474,0.35386163,0.34132114,0.30481723
108183829,0.41102284,0.32998452,0.25899255
108619841,0.31689715,0.37187085,0.31123212
109865867,0.35122734,0.35601002,0.2927626
110174608,0.40934727,0.3447577,0.24589501
110694476,0.4655195,0.25258714,0.28189334
111144115,0.5483515,0.16684043,0.284808
111591547,0.3215112,0.13735364,0.54113513
111800951,0.23638748,0.33807552,0.42553705
111979495,0.28315204,0.33482313,0.38202477
113322996,0.38603595,0.3062356,0.30772844
113533799,0.3632413,0.33024782,0.3065109
114099029,0.2622051,0.41080064,0.32699427
114912688,0.25459185,0.46706,0.2783482
114961673,0.25256434,0.38608322,0.36135247
116005242,0.15497541,0.12553301,0.7194916
116673066,0.1477011,0.62839454,0.22390443
117012844,0.63572836,0.16750127,0.19677041
117219507,0.07853376,0.73380965,0.18765655
117265612,0.23120059,0.62677777,0.14202164
117272656,0.18751232,0.3589208,0.45356688
117959541,0.32744136,0.352153,0.32040554
118159656,0.3352977,0.26388025,0.40082204
118655033,0.3069263,0.39870757,0.29436606
119195200,0.18296687,0.38378087,0.43325222
119246254,0.52221936,0.23280558,0.24497508
120279613,0.2507812,0.36680502,0.3824138
121182436,0.11732488,0.7202498,0.16242541
121733546,0.24071737,0.5479153,0.21136738
122013844,0.2589286,0.35441828,0.3866531
122134546,0.046561275,0.7904398,0.16299899
122160973,0.26233107,0.44811466,0.28955433
122577886,0.29777214,0.36080247,0.34142536
122775923,0.21058823,0.14679636,0.64261544
124255384,0.040567394,0.8649395,0.09449306
124932959,0.45912275,0.24758612,0.29329124
125468438,0.2208409,0.3941664,0.38499275
125493611,0.47192773,0.21373424,0.314338
125599328,0.10887804,0.036488615,0.8546334
126018958,0.31291494,0.37915027,0.30793482
126227049,0.24971347,0.50847775,0.24180874
126678421,0.31300864,0.38102,0.30597138
126736413,0.36151382,0.38477498,0.25371125
126977696,0.46197268,0.22070554,0.3173218
127640629,0.33697185,0.35963687,0.30339137
127870848,0.14168282,0.35670823,0.5016089
127952450,0.4053081,0.31400043,0.28069153
128621477,0.1078723,0.36551663,0.5266111
129151326,0.27387914,0.46906233,0.2570585
129439345,0.39854413,0.25574824,0.3457076
130773051,0.67938906,0.1268264,0.19378453
130853270,0.4226014,0.329415,0.24798366
131428961,0.1443839,0.6621859,0.19343017
131589513,0.5953208,0.16295539,0.24172384
131815904,0.09767162,0.6858067,0.2165216
131913663,0.47967145,0.23995085,0.2803777
131976127,0.46824262,0.2904971,0.24126026
132447208,0.5562803,0.1764582,0.26726156
132674740,0.21724515,0.537825,0.24492985
133547624,0.30449393,0.3463658,0.34914023
133806778,0.3773464,0.3402526,0.28240103
134134770,0.41504762,0.3243861,0.26056623
135712120,0.3811422,0.23706923,0.38178858
135748570,0.24809301,0.25856227,0.49334475
135821542,0.3115992,0.39522982,0.29317105
135936109,0.13724175,0.6188097,0.24394852
136170568,0.46912193,0.27748123,0.25339684
136663969,0.2682392,0.45019296,0.2815679
136676644,0.60972464,0.12273774,0.26753753
137517882,0.57005894,0.1716217,0.25831938
137927307,0.30319372,0.42296615,0.2738402
138084191,0.35548162,0.13172987,0.5127886
138088289,0.2653998,0.40826818,0.32633203
138150255,0.31671375,0.37704158,0.3062447
138208581,0.25485992,0.45222238,0.29291764
138790660,0.07114401,0.57181334,0.35704264
139583603,0.26410204,0.38100818,0.35488978
142046731,0.3648866,0.32665968,0.30845368
142359881,0.29356146,0.32962182,0.37681678
143068476,0.3701943,0.3430489,0.28675675
143401888,0.20492338,0.49941733,0.29565933
143411874,0.33481267,0.2342392,0.4309481
143558501,0.62396187,0.16847534,0.20756273
143789824,0.30694103,0.4240804,0.26897866
144095044,0.4715007,0.24603006,0.2824693
144276703,0.454292,0.25262046,0.2930876
144375426,0.32701212,0.25325397,0.4197339
144400163,0.3780786,0.3369856,0.28493583
145191896,0.476212,0.20204523,0.32174268
145405672,0.31664264,0.36858362,0.3147737
145561897,0.3402823,0.3247145,0.33500326
145827113,0.30318096,0.40607074,0.29074833
146344468,0.30679354,0.20879683,0.4844096
146980204,0.33701608,0.38484618,0.27813774
147014780,0.07524272,0.7940866,0.13067065
147063229,0.46388674,0.25347635,0.28263682
147092774,0.3975637,0.33026314,0.27217326
147291492,0.37675637,0.3072985,0.31594524
147468615,0.37839606,0.34090084,0.2807031
147919367,0.3446916,0.34496528,0.31034315
148229679,0.47528806,0.23272516,0.2919868
148258418,0.32386738,0.39078847,0.28534406
148312752,0.5876264,0.15697266,0.25540096
149100026,0.15843494,0.64092207,0.20064303
149151854,0.61979866,0.13511872,0.24508266
149264495,0.4906946,0.21286382,0.29644156
149284203,0.39454687,0.30885154,0.29660156
149413088,0.17688935,0.49420998,0.32890067
150129771,0.4216164,0.26803643,0.3103472
150838035,0.3027181,0.3261243,0.37115765
151398771,0.25412548,0.47215715,0.2737174
151584682,0.27778062,0.42159557,0.30062377
151787967,0.26511696,0.475788,0.259095
151937833,0.3069886,0.3229544,0.370057
151960085,0.47571003,0.26805818,0.25623184
152205405,0.27368796,0.3845088,0.34180334
152461046,0.31192246,0.21204996,0.47602755
153238616,0.37881756,0.37237284,0.24880965
154218566,0.5265236,0.21827613,0.25520033
154660688,0.2998631,0.30446577,0.39567113
156361177,0.28518027,0.23524089,0.4795789
157180273,0.25838727,0.3854669,0.3561459
157204357,0.24210846,0.32124373,0.43664783
157324307,0.3330766,0.25020787,0.4167155
157570376,0.6861902,0.097520374,0.21628942
157683879,0.22977526,0.34814087,0.4220839
159356777,0.6500966,0.1647821,0.18512121
159976261,0.21255381,0.41195422,0.37549195
160206260,0.44161925,0.23764867,0.320732
160574040,0.40371123,0.29463735,0.3016514
160922869,0.37537318,0.31719035,0.30743647
161260796,0.23731408,0.501854,0.26083195
161269431,0.35553664,0.35976407,0.28469935
161279088,0.37951633,0.30899483,0.3114888
162636691,0.45255536,0.28190193,0.26554275
162813583,0.4904274,0.19809586,0.3114767
163230945,0.3094526,0.30818313,0.3823643
163743238,0.4808458,0.24619548,0.2729588
163859185,0.38555276,0.13210799,0.48233926
164041116,0.51580185,0.20838326,0.27581495
164059111,0.3035927,0.4368576,0.25954968
164166763,0.34271207,0.34319997,0.31408796
164272932,0.022661477,0.87862283,0.09871575
164502756,0.23411784,0.51445204,0.2514302
164659921,0.42803812,0.29341644,0.2785454
164806500,0.32052004,0.42114466,0.25833526
164929177,0.23578557,0.25190005,0.5123144
165163307,0.6197975,0.19692506,0.18327741
165845444,0.16236939,0.22547816,0.6121524
165854494,0.8999295,0.0165897,0.083480686
167028495,0.370074,0.2944178,0.33550817
167266978,0.33212337,0.3317907,0.3360859
167278818,0.36956733,0.32735422,0.3030784
167419725,0.11692349,0.64632237,0.2367541
167592984,0.30526036,0.44074816,0.25399154
167876959,0.09940511,0.7487646,0.15183038
168503533,0.26720774,0.4146998,0.31809247
169526192,0.13037205,0.11314638,0.7564816
169784149,0.13092743,0.6639634,0.20510915
169954315,0.35556597,0.24907267,0.39536136
172104274,0.32690385,0.3543812,0.31871504
172489334,0.37928337,0.33462,0.28609663
173765586,0.6406565,0.15348306,0.20586045
174210323,0.19373795,0.43252295,0.37373912
174239985,0.63163334,0.16625786,0.20210883
174859383,0.5864178,0.20730151,0.20628065
174959811,0.2857406,0.21791895,0.49634045
175378791,0.38282096,0.35821804,0.25896102
175598127,0.3763736,0.29007939,0.33354703
175717836,0.27314946,0.4120418,0.3148088
175866822,0.29210007,0.39926627,0.30863371
176044840,0.41540524,0.28518146,0.29941335
176112915,0.38433322,0.22547962,0.39018717
176293155,0.1590146,0.48981926,0.3511661
176547811,0.36968243,0.22834702,0.40197057
176656350,0.27626243,0.41293335,0.31080425
176684487,0.22482361,0.5477177,0.22745866
176777033,0.2838035,0.3650589,0.35113764
177032456,0.2831088,0.17800477,0.5388865
178114498,0.4060719,0.26172477,0.33220333
178191127,0.44721526,0.2486366,0.30414814
178785698,0.16549458,0.58342785,0.25107756
178896809,0.36976582,0.2812997,0.34893444
179170564,0.26594603,0.4304704,0.30358365
179464373,0.62696666,0.16334097,0.20969231
179757471,0.27872312,0.39596534,0.32531148
179771641,0.3562936,0.36335582,0.28035063
179926491,0.17133975,0.50027466,0.32838565
179943906,0.123611934,0.30982143,0.56656665
180486224,0.3722805,0.33707044,0.2906491
180822212,0.34234145,0.2231116,0.43454692
180973025,0.2124448,0.45887434,0.32868087
181022960,0.27935913,0.35959885,0.36104202
181261423,0.21294636,0.5221684,0.26488525
182017603,0.15619475,0.37495473,0.46885055
182061143,0.2895298,0.14360261,0.5668676
182092577,0.13656344,0.6630241,0.20041245
182165985,0.20979913,0.5027155,0.2874854
182199878,0.5139572,0.22002104,0.26602173
183024850,0.41089448,0.31545413,0.27365136
183575714,0.5958518,0.17788775,0.2262605
184336585,0.272332,0.45037422,0.2772937
184476329,0.19914603,0.5191201,0.28173387
184894470,0.26604813,0.41778225,0.31616962
185307942,0.10607864,0.10073967,0.79318166
186788542,0.29659456,0.44680077,0.25660464
187082898,0.30748722,0.37714386,0.31536898
187273758,0.34827816,0.07095796,0.58076394
187507365,0.1644993,0.25488523,0.5806155
188707092,0.44960293,0.21310939,0.33728766
188737033,0.24687372,0.41177315,0.34135324
189071365,0.4366095,0.29141718,0.2719733
189859519,0.29125553,0.364607,0.34413752
190033685,0.22130679,0.38573167,0.39296153
190103384,0.30601543,0.37509722,0.31888735
190170879,0.12716739,0.67679477,0.1960379
190244866,0.35333616,0.24640216,0.40026173
190645928,0.31020683,0.36216795,0.32762516
191511600,0.39280018,0.40112782,0.20607197
191764079,0.26026598,0.4407194,0.29901457
192217120,0.32035443,0.38486758,0.29477802
193083004,0.2746146,0.3981916,0.32719377
193426836,0.2678427,0.44501317,0.28714412
194110594,0.30444878,0.41651314,0.279038
194801768,0.3005729,0.2666853,0.43274176
195713343,0.50803804,0.24690077,0.24506119
195945682,0.3218936,0.3557481,0.32235834
195978680,0.17755364,0.64424187,0.1782045
196490614,0.35280526,0.3686882,0.27850664
196506254,0.30010512,0.45343342,0.24646144
196695252,0.59911567,0.18910664,0.21177761
197246496,0.5365185,0.2108528,0.25262862
199754128,0.12046783,0.4793384,0.40019378
199948186,0.32336318,0.22657114,0.4500657
200298946,0.29305,0.35836312,0.34858695
200804332,0.21918797,0.31102553,0.46978658
201084034,0.3709098,0.36545676,0.26363343
201111181,0.11422398,0.7111448,0.1746312
201281309,0.42389116,0.25591123,0.32019758
201575932,0.095308594,0.094872855,0.8098185
201774160,0.22676378,0.17129831,0.60193795
201867950,0.2252284,0.2752744,0.49949723
202095880,0.36007547,0.3463966,0.29352796
202225427,0.19306195,0.4738385,0.33309954
202251838,0.46533385,0.3127831,0.22188303
203040806,0.5617563,0.14941722,0.28882653
203052489,0.65760785,0.022514747,0.31987742
203382756,0.28254586,0.4825481,0.23490606
203972521,0.31547216,0.39416176,0.2903661
204028301,0.15811102,0.58900964,0.25287938
204321763,0.47984317,0.2615862,0.2585706
204652862,0.33547378,0.19139467,0.47313154
204802559,0.16867481,0.56857556,0.2627496
204831595,0.44730592,0.24449953,0.30819464
205009630,0.25794005,0.44511086,0.29694918
206028031,0.4064895,0.28249228,0.31101826
206064665,0.45754105,0.26740375,0.27505517
206296451,0.32795605,0.36717126,0.3048727
206824285,0.20538895,0.37873176,0.41587928
207340122,0.4070795,0.286578,0.3063426
208705568,0.51029736,0.22792284,0.26177984
208877389,0.5364716,0.21110387,0.25242457
208898961,0.06978116,0.53117657,0.39904228
209076799,0.42466843,0.2197897,0.3555419
210167925,0.41301003,0.32490706,0.2620829
211283790,0.14250396,0.6079599,0.24953613
212049783,0.30612287,0.41223624,0.28164092
212498729,0.23055197,0.5474674,0.22198059
213955494,0.65437883,0.1391386,0.2064826
214377552,0.22128457,0.29034358,0.48837176
214957331,0.025192594,0.63126093,0.34354645
215012976,0.39423275,0.2091593,0.39660794
215113892,0.314903,0.4798547,0.2052423
215255198,0.2341183,0.43330738,0.33257434
215653632,0.38394478,0.30042148,0.31563377
216103711,0.22900487,0.56974196,0.20125318
216170421,0.38017198,0.36652482,0.25330323
216327796,0.18779723,0.6116473,0.20055552
216518798,0.0851522,0.7545696,0.16027826
217015316,0.37542707,0.2726685,0.35190433
217849742,0.12460551,0.59477913,0.2806153
217883089,0.14286858,0.5638362,0.2932952
218316951,0.12499258,0.6702414,0.204766
218643255,0.27446565,0.31536853,0.4101658
218717891,0.22319432,0.5532631,0.22354259
218833537,0.34129032,0.287831,0.3708786
218857235,0.253043,0.49347863,0.25347838
218967582,0.2529841,0.46510565,0.2819102
220011342,0.20545615,0.35051882,0.4440251
220615907,0.2854662,0.371054,0.34347975
220635484,0.27928996,0.18380295,0.5369071
220647257,0.20368868,0.48191208,0.31439924
220850022,0.27015093,0.4482975,0.2815516
221325833,0.43341064,0.23459098,0.33199838
221821151,0.19256365,0.34372002,0.46371636
222055124,0.25833815,0.41900647,0.32265544
222484271,0.36913115,0.31850228,0.31236655
222630273,0.21314983,0.28004384,0.5068064
223733793,0.39836028,0.3066538,0.29498586
223738749,0.3285382,0.3932305,0.27823132
224122379,0.18311188,0.46601394,0.3508742
224267964,0.21621124,0.5340558,0.24973297
224306792,0.3868301,0.2772302,0.33593974
224586690,0.1743008,0.4376127,0.38808656
224951848,0.39422297,0.28867826,0.3170988
224952350,0.30829534,0.29494488,0.39675978
225037489,0.39552668,0.24202374,0.3624496
225187558,0.3218979,0.35585362,0.32224846
225990924,0.350575,0.2787743,0.37065062
226587007,0.37950727,0.32008058,0.30041212
227175960,0.344493,0.35315523,0.30235174
227460405,0.6320154,0.084477134,0.28350744
227541901,0.43719342,0.24926533,0.31354123
227631126,0.41451797,0.30481035,0.28067172
228159243,0.33087012,0.34409133,0.32503855
228286132,0.33644894,0.33016992,0.33338118
228432526,0.622025,0.12981263,0.24816236
229368716,0.4062563,0.32029474,0.273449
229381391,0.41905966,0.2592724,0.32166794
229809467,0.38804784,0.31593123,0.29602093
230240980,0.16220282,0.583509,0.25428817
230360053,0.25402102,0.41975227,0.32622665
230612173,0.30257136,0.41057172,0.28685695
230754000,0.41786903,0.26838067,0.31375027
230791937,0.29851186,0.29995275,0.40153533
231838412,0.2404219,0.5134835,0.2460946
232427358,0.35227138,0.3756646,0.27206412
232453671,0.28921565,0.23873791,0.4720465
232653054,0.37337047,0.2853635,0.341266
232869183,0.20550308,0.43610406,0.35839283
233036963,0.6163136,0.07677639,0.30691004
233070801,0.26663876,0.45162436,0.28173694
233549717,0.632415,0.15529774,0.21228729
233780422,0.20822568,0.57039016,0.2213841
234709229,0.3507694,0.2787927,0.3704379
235264037,0.3128338,0.36638072,0.32078555
235480088,0.54638463,0.18943651,0.26417887
235606080,0.31042576,0.38517278,0.30440146
235663126,0.34224126,0.34969598,0.30806276
235803546,0.2809324,0.3850045,0.33406308
236420077,0.34282357,0.40789837,0.24927796
236581029,0.10743479,0.7153193,0.17724599
236626048,0.35915026,0.25313267,0.38771713
236942002,0.4240067,0.29378393,0.2822093
237316430,0.3666916,0.32776278,0.3055457
237469970,0.16130711,0.5540171,0.28467578
237500058,0.15918593,0.523725,0.31708905
237821338,0.27486265,0.31769058,0.40744668
238069683,0.25255126,0.46077496,0.28667384
238528190,0.27583247,0.43929043,0.28487706
238839962,0.21939854,0.49384516,0.28675637
239103331,0.46659428,0.26062953,0.27277625
239228090,0.09979664,0.3900244,0.510179
239540149,0.23528427,0.435624,0.32909173
240346295,0.41945678,0.37130252,0.20924072
240416433,0.2859361,0.3670078,0.3470562
241253403,0.39702788,0.34427693,0.25869524
241621358,0.3984467,0.22692661,0.3746267
242184981,0.41977862,0.16270013,0.41752127
243210622,0.36894205,0.36662766,0.26443037
244682535,0.4357511,0.24061435,0.3236346
245314231,0.39455217,0.2993819,0.30606592
245779613,0.4772727,0.18832041,0.33440688
246435261,0.1302425,0.493245,0.37651256
246714719,0.33275425,0.08495791,0.5822878
246894000,0.46075353,0.26344982,0.2757967
246911011,0.56941944,0.20434354,0.226237
247195175,0.6904699,0.12093416,0.18859592
247362372,0.19168992,0.5030136,0.30529648
247645009,0.31770608,0.30823356,0.37406042
247947110,0.2113834,0.5310846,0.25753203
248533914,0.4619746,0.28864032,0.24938504
248860573,0.37447935,0.32403323,0.3014874
249373640,0.33439028,0.36530355,0.30030617
249515665,0.10961651,0.72976255,0.16062094
249691536,0.31012195,0.2765594,0.41331863
249704950,0.121419616,0.6886502,0.18993011
250001920,0.36404458,0.35784426,0.2781111
250094311,0.33656338,0.34986377,0.31357288
250579666,0.22927527,0.25653055,0.5141942
250643963,0.7233427,0.016706122,0.25995117
251215059,0.52859914,0.14324099,0.32815984
251358291,0.47857878,0.26006132,0.26135987
251944703,0.3523316,0.30137688,0.3462915
252351077,0.50559384,0.10906656,0.38533962
252452296,0.3153966,0.43176663,0.25283673
252509369,0.1859802,0.46863946,0.3453803
252941917,0.36707842,0.3536829,0.2792387
253053970,0.31778327,0.3953823,0.28683445
253394721,0.10901894,0.47841337,0.41256768
253608122,0.21667802,0.46887565,0.31444633
253654369,0.23922156,0.48414695,0.27663156
255537795,0.42336407,0.23116271,0.3454732
256224697,0.2736204,0.39720967,0.32917
256392955,0.27599853,0.3796008,0.34440064
256501501,0.3790616,0.32368347,0.29725498
256570296,0.19139959,0.4772113,0.3313891
257842332,0.43632737,0.26199815,0.30167454
258114179,0.23400249,0.057754617,0.7082429
258642691,0.47581673,0.23327872,0.29090443
258876774,0.6487783,0.14735459,0.20386705
259075252,0.5099973,0.23406227,0.2559405
259143670,0.27294037,0.24444222,0.48261738
259341751,0.30752638,0.2529713,0.43950236
259571194,0.2866767,0.24116258,0.47216073
259597438,0.3841542,0.31992084,0.295925
259618506,0.32445398,0.32316682,0.3523791
260423005,0.38382125,0.09515965,0.52101916
260458670,0.14488743,0.5286447,0.3264679
260542859,0.3752478,0.32612517,0.298627
260630876,0.21550174,0.3567138,0.42778447
260683628,0.7083338,0.109672844,0.18199342
261349740,0.41742298,0.32215145,0.2604256
261572367,0.37638187,0.29864466,0.32497352
261650976,0.13035128,0.24571855,0.62393016
261795989,0.61169356,0.17255054,0.21575594
262266284,0.21974802,0.44162247,0.33862954
262564366,0.3668504,0.28728333,0.34586623
263472436,0.29005113,0.5033547,0.20659412
264267033,0.57234323,0.11729319,0.31036365
264490457,0.3774588,0.3225094,0.30003184
264659620,0.37841132,0.29427314,0.32731563
265294683,0.35726523,0.34988353,0.29285118
265960361,0.1323419,0.49051997,0.37713814
266401627,0.39694628,0.36059883,0.24245492
266436610,0.35848185,0.32768854,0.31382948
266742880,0.14955398,0.15105498,0.699391
266906277,0.26992565,0.43356287,0.29651153
267429172,0.20353925,0.5659413,0.23051944
267578693,0.18577284,0.5471892,0.26703793
267804199,0.32910928,0.35838684,0.31250393
268013902,0.5216619,0.21826003,0.26007804
268084334,0.33623168,0.3990658,0.2647026
268188750,0.23528102,0.38162357,0.3830955
268695623,0.2220845,0.40266046,0.37525508
268952808,0.4508804,0.21538074,0.33373883
269120791,0.06493651,0.7910131,0.1440504
269662720,0.3812837,0.28425267,0.3344636
270266697,0.3603782,0.35744986,0.282172
270417576,0.18797806,0.22081783,0.5912041
270992552,0.08477452,0.085146844,0.83007866
271269446,0.5867312,0.16057107,0.2526977
271733214,0.31832758,0.3017498,0.37992254
272017446,0.31149393,0.22570509,0.462801
272071617,0.3592475,0.38436624,0.25638637
272189053,0.2669002,0.121782444,0.6113174
272620576,0.42105818,0.2542757,0.32466608
272640586,0.30875602,0.21844654,0.47279742
273172492,0.3571358,0.32087946,0.32198477
273895404,0.5417791,0.21434475,0.24387619
273916532,0.4615412,0.2392509,0.2992079
274240474,0.32533148,0.35420027,0.32046828
274565870,0.36394957,0.31931886,0.31673166
274651139,0.4278602,0.28373644,0.28840336
274682742,0.30539256,0.35272583,0.34188163
274869885,0.28963304,0.36270472,0.34766224
275463984,0.90104336,0.021411639,0.07754509
275542883,0.5153421,0.19730586,0.28735197
277094923,0.35168502,0.3687362,0.27957886
277669107,0.24316548,0.32490575,0.4319288
277994811,0.40140432,0.2922211,0.30637455
278592691,0.26840124,0.44001603,0.29158267
278615168,0.4250879,0.2951267,0.2797854
279653888,0.69120884,0.1559063,0.15288489
279943637,0.32770607,0.20425567,0.4680383
280075315,0.27300426,0.26295722,0.46403852
280087386,0.13644971,0.6670237,0.19652666
280123012,0.25792155,0.48800865,0.2540698
280656713,0.28815913,0.44594848,0.26589245
280957118,0.32950342,0.21233109,0.4581656
281033896,0.20211779,0.37934542,0.41853684
281408943,0.3928061,0.35729435,0.24989954
281759096,0.24695644,0.47985595,0.27318767
281938456,0.6177929,0.1757831,0.20642407
282075392,0.14849834,0.4868866,0.36461508
282223844,0.3140356,0.154442,0.53152233
282344360,0.49888554,0.2225188,0.27859563
282694995,0.45409742,0.23137985,0.3145227
283124279,0.2473403,0.49313712,0.25952262
283887081,0.27960584,0.44844165,0.2719525
284281622,0.58762276,0.04988733,0.36248994
285054377,0.40562463,0.21320902,0.38116634
285280321,0.36587542,0.3055109,0.3286137
285382564,0.34944728,0.3769679,0.27358475
285705777,0.4511646,0.2922668,0.2565686
285811677,0.09499075,0.73304856,0.17196071
286156350,0.30382392,0.39850408,0.29767197
286562612,0.2596773,0.44636315,0.2939596
286726927,0.17835875,0.5888219,0.23281935
287242606,0.37596482,0.36354637,0.26048884
287465160,0.9194132,0.009676521,0.07091034
287789064,0.30265996,0.4366394,0.26070067
287904864,0.16380794,0.62565714,0.21053493
287914153,0.5211198,0.21131788,0.2675624
288438335,0.3093577,0.47020352,0.22043881
288462276,0.5749651,0.20410176,0.22093311
288782248,0.41008398,0.31424537,0.2756707
289171919,0.157045,0.19225696,0.65069807
289771997,0.27046266,0.36913133,0.36040598
290089605,0.52773803,0.12162068,0.35064128
290776422,0.31732106,0.26473263,0.41794625
291180460,0.3795095,0.37682417,0.24366632
291305953,0.36835712,0.30466214,0.3269808
291773837,0.4147984,0.18285687,0.40234476
293288942,0.10644043,0.63563424,0.25792533
293295489,0.17052074,0.63276935,0.19670998
293759956,0.55013216,0.21381137,0.2360565
294196556,0.49676833,0.2486931,0.25453866
294611003,0.6124546,0.17555425,0.2119911
295020214,0.42466757,0.2114754,0.36385706
295216864,0.35181975,0.29921275,0.3489674
295279884,0.23654513,0.5464777,0.21697722
295471308,0.26255414,0.42053136,0.31691444
296473153,0.5492303,0.19487983,0.25588983
296765651,0.18936816,0.57522345,0.23540848
296819776,0.23405132,0.40401688,0.36193186
297131293,0.5977352,0.18065432,0.22161047
297644918,0.25919628,0.46999544,0.27080834
298559192,0.15362112,0.24054398,0.6058349
298622540,0.09734049,0.7737944,0.12886508
299325743,0.30389503,0.31905755,0.37704742
299679430,0.2680056,0.4035175,0.32847685
300112413,0.58683807,0.114916235,0.29824576
300238212,0.3042331,0.5034976,0.1922693
300904336,0.17443615,0.59521186,0.23035209
300910446,0.3740071,0.2875122,0.33848065
301346955,0.53384894,0.24377239,0.22237866
302584116,0.1721894,0.5173022,0.31050828
303013041,0.15424566,0.5352724,0.31048194
303677512,0.37864938,0.2564351,0.36491552
304359790,0.13942854,0.46626204,0.39430937
304817133,0.36076114,0.38055402,0.25868484
304901128,0.6547337,0.12464449,0.22062187
305117323,0.29166937,0.45981875,0.24851185
305183840,0.25951138,0.11054646,0.6299422
305480516,0.18097362,0.06806241,0.750964
305719146,0.35066655,0.23292798,0.41640553
306162717,0.2988811,0.40460056,0.29651833
306165233,0.16494031,0.46330673,0.37175298
306320787,0.5524985,0.19610845,0.25139302
306541398,0.33470902,0.32016224,0.34512874
306670276,0.15704088,0.652882,0.19007714
306865727,0.191226,0.27645275,0.5323212
306937146,0.33066437,0.31443036,0.35490525
307200846,0.23529898,0.53224176,0.23245925
307364982,0.15047966,0.5368807,0.31263968
307590450,0.31377804,0.3934992,0.2927228
307614279,0.22336157,0.50482345,0.27181503
307710444,0.05056505,0.8611927,0.08824228
308056608,0.31790674,0.3315284,0.3505648
308181755,0.41863263,0.318427,0.26294035
308739814,0.30556485,0.41608155,0.27835354
309766103,0.44771323,0.28752998,0.26475683
310061424,0.32881865,0.37397835,0.29720303
310526207,0.34344158,0.3874248,0.26913366
310617538,0.3011068,0.40711513,0.2917781
311014708,0.3001219,0.250551,0.4493271
312644255,0.33218193,0.32228142,0.34553665
312870461,0.24562278,0.51717275,0.23720448
312924098,0.27644286,0.17883289,0.5447242
312944185,0.34010375,0.35876763,0.30112872
313059996,0.23096476,0.35802534,0.4110099
313104957,0.51764977,0.2377458,0.24460447
314258551,0.17220074,0.6183019,0.20949733
314325129,0.32865703,0.3314409,0.33990204
314894090,0.23456852,0.46598354,0.2994479
315088059,0.44211245,0.20223501,0.35565254
316167168,0.46510318,0.2549747,0.2799221
316248459,0.38518098,0.26930898,0.34551
316321144,0.08872071,0.7149181,0.19636117
316476665,0.28399232,0.46033263,0.2556751
316608986,0.33440945,0.295332,0.37025854
316711818,0.34274882,0.3895378,0.26771328
317262006,0.7847666,0.09329295,0.12194041
317978052,0.56326425,0.23100775,0.205728
318052276,0.31567132,0.3690169,0.31531173
318308749,0.35247833,0.33745593,0.31006578
318749846,0.42255238,0.33453378,0.24291386
319174472,0.4418673,0.26487625,0.2932565
319254933,0.3170143,0.16274785,0.5202378
319997892,0.3282988,0.46091977,0.21078141
320307655,0.19882484,0.5858536,0.21532159
320699178,0.42956233,0.32795733,0.24248041
320742609,0.37055996,0.2947695,0.3346706
320944123,0.34889975,0.38116243,0.26993775
321895316,0.27403176,0.409546,0.31642225
322063355,0.50288194,0.256103,0.24101506
322561474,0.34608927,0.35031164,0.30359906
322712026,0.39785653,0.3412805,0.26086292
322812778,0.25772712,0.42868412,0.31358877
325131642,0.42894962,0.37880474,0.19224563
325363421,0.2548212,0.50666124,0.23851755
325633748,0.66625303,0.14720799,0.18653898
325700165,0.46379423,0.23426226,0.30194345
326326801,0.2504202,0.46003467,0.28954515
326373741,0.21820927,0.46592447,0.31586626
327868680,0.2429896,0.48029703,0.27671334
327887834,0.3392457,0.34353682,0.31721744
328008876,0.7132624,0.10001473,0.18672292
328032481,0.053362086,0.853034,0.093603864
328148579,0.32001466,0.3429808,0.33700454
328331067,0.092516564,0.41936144,0.48812193
328745893,0.3078754,0.38499957,0.30712506
329093558,0.051394235,0.8397107,0.10889515
329396409,0.34220135,0.34542844,0.31237015
329627594,0.45548433,0.2671042,0.27741143
329652204,0.37865746,0.23079894,0.3905436
329694906,0.30929133,0.3237728,0.36693594
329737875,0.26977974,0.32875597,0.40146434
330388090,0.25376472,0.37425852,0.3719768
330596493,0.2712,0.4839158,0.24488416
330740707,0.7036803,0.16530627,0.13101351
330851562,0.15038376,0.1760946,0.6735217
330926758,0.43389568,0.29743722,0.26866713
332122217,0.43979287,0.2140701,0.34613705
332406430,0.073926255,0.7928045,0.1332693
332430450,0.31621617,0.2875944,0.39618945
332592208,0.41144013,0.24258256,0.34597728
333273642,0.23143038,0.478501,0.29006863
333333295,0.36518398,0.33976138,0.29505458
333700349,0.47092596,0.100425094,0.428649
334090719,0.31997693,0.42178425,0.25823885
334407838,0.35186985,0.36961797,0.27851215
334641209,0.59790146,0.14521478,0.25688377
335002360,0.6472094,0.099142715,0.25364786
335477427,0.13816926,0.38066918,0.4811616
335548859,0.1285874,0.544616,0.32679662
335916495,0.33864972,0.17344695,0.48790336
336306849,0.54344183,0.17832531,0.27823287
336367743,0.34533843,0.3677503,0.28691125
336446875,0.29586434,0.49817353,0.2059622
336997219,0.37880513,0.38077155,0.24042334
337388116,0.2029691,0.57591534,0.22111559
338133731,0.28309646,0.4639785,0.25292504
338574663,0.39874002,0.20620738,0.39505264
338885217,0.2555805,0.46093985,0.28347966
338957473,0.081328735,0.6753059,0.24336539
339186495,0.33058548,0.29225665,0.37715775
339648268,0.39601687,0.29695234,0.30703083
339827937,0.25269148,0.31227604,0.43503255
340346684,0.26222613,0.4005259,0.33724803
340358999,0.26420867,0.4056251,0.33016622
341144678,0.3974035,0.25159362,0.35100284
341407913,0.5194247,0.20138344,0.27919188
341420934,0.18759808,0.5006565,0.31174546
341877255,0.3463785,0.36299258,0.2906289
343522003,0.37361893,0.26719648,0.35918465
344291720,0.41688403,0.28249562,0.30062035
344333142,0.6144658,0.17782842,0.20770578
344571625,0.73189574,0.063896924,0.20420733
344968829,0.44297194,0.2687477,0.28828037
345233867,0.0994262,0.7103638,0.19020994
345289242,0.52356154,0.21756081,0.25887766
345493321,0.18357666,0.4513106,0.3651127
345596138,0.15028737,0.18723336,0.6624793
345736261,0.26816243,0.42697227,0.30486524
346169330,0.19488166,0.4782187,0.32689965
346233090,0.34621167,0.29995686,0.3538316
347145782,0.20964807,0.55887157,0.23148033
347214205,0.17455794,0.5615255,0.26391652
347596921,0.4704831,0.17854084,0.35097605
347668570,0.396891,0.36004803,0.24306099
348536552,0.45546174,0.35689124,0.18764704
349597310,0.19504172,0.26349634,0.54146194
350595578,0.61591685,0.15882184,0.22526136
351535422,0.25854957,0.44492057,0.29652992
351739050,0.10957125,0.4875278,0.40290102
352302899,0.2916889,0.34650555,0.36180553
352761049,0.36182636,0.36287832,0.27529535
353434171,0.02076578,0.08523434,0.8939999
353448897,0.36203724,0.31288555,0.32507718
353917106,0.24016535,0.48923844,0.27059618
354129498,0.13007274,0.55872613,0.3112011
354865926,0.39016968,0.31714785,0.29268238
355022097,0.37533414,0.3285504,0.29611546
355131624,0.43682548,0.31752202,0.24565256
355307560,0.39244327,0.3357111,0.2718457
355532444,0.31101164,0.28273213,0.40625626
356252430,0.15032572,0.538081,0.31159332
356501908,0.39736375,0.17392501,0.4287112
357247841,0.24540018,0.45316058,0.3014393
358491458,0.29077184,0.4412715,0.2679566
358536354,0.6210225,0.18805166,0.19092588
359531458,0.59001034,0.10576433,0.30422533
359796890,0.30750537,0.43172118,0.26077336
359805882,0.5934599,0.21667878,0.18986133
360274249,0.31205052,0.43738475,0.25056475
360307399,0.26178163,0.46589953,0.2723189
360377919,0.1472532,0.08648247,0.7662643
360614447,0.36844176,0.3671122,0.26444608
361367780,0.21867783,0.4452603,0.33606192
361469885,0.34652182,0.38242468,0.27105352
361470185,0.26040247,0.483562,0.25603557
361548961,0.23992383,0.27622038,0.4838557
361619247,0.36288062,0.36291987,0.2741995
361907358,0.248067,0.4135366,0.3383964
362388509,0.65756875,0.11880005,0.22363125
362590656,0.24577235,0.31775585,0.43647185
362984953,0.42706886,0.20645148,0.3664797
363512628,0.77314603,0.096435994,0.130418
363569431,0.27370417,0.3170706,0.40922523
363928312,0.49763018,0.19181699,0.31055287
363967944,0.4339052,0.2905717,0.2755231
364378208,0.330961,0.3350942,0.3339448
365086107,0.52498466,0.23593953,0.23907578
365203133,0.24247424,0.32882133,0.42870447
365908621,0.45521864,0.21022922,0.3345521
366107811,0.55701506,0.1742611,0.26872382
366712760,0.23323862,0.455063,0.31169838
367247406,0.29992136,0.4294653,0.27061328
367567137,0.49811754,0.16565593,0.33622655
367639205,0.33632332,0.3603767,0.30330005
368332279,0.5485689,0.276498,0.17493308
368749156,0.5763144,0.1994793,0.22420627
369122948,0.41788256,0.2956672,0.28645024
369402524,0.28451395,0.3142537,0.4012324
369558618,0.34495217,0.17188145,0.48316643
369714363,0.20293137,0.4997814,0.2972873
369819101,0.086713254,0.086141944,0.82714486
369961734,0.34464312,0.381051,0.27430597
370364212,0.38541183,0.32829547,0.28629267
370634357,0.3039352,0.35725588,0.33880892
371213138,0.11101433,0.47560498,0.4133807
371467379,0.13359572,0.6417468,0.22465743
371659679,0.58005774,0.18052685,0.2394154
371703807,0.5062547,0.2004382,0.2933071
372937937,0.50131816,0.22718212,0.27149972
373445237,0.17950782,0.59826905,0.22222304
373802084,0.3867036,0.29152888,0.32176754
373932124,0.4143043,0.24027802,0.34541768
374177621,0.30555972,0.42685917,0.26758108
374474041,0.23233786,0.37060648,0.39705563
375151575,0.27870798,0.45588312,0.26540902
375216728,0.35114762,0.3356627,0.31318974
375435125,0.2433434,0.35176325,0.4048934
375624347,0.35438392,0.37116235,0.27445373
375626951,0.43777087,0.2677608,0.2944683
376840359,0.3576175,0.34160823,0.30077434
377317026,0.42703006,0.2460569,0.32691297
377809453,0.35907903,0.21582453,0.42509645
378006218,0.115688376,0.58202493,0.30228662
378411011,0.29185978,0.39154872,0.31659153
378906378,0.4880357,0.22363202,0.2883323
379668138,0.35705253,0.35868764,0.2842599
379794683,0.24395613,0.12168803,0.6343558
379900054,0.86992836,0.061683904,0.06838783
380107118,0.5373592,0.23978388,0.22285683
382797234,0.33599848,0.29380915,0.37019232
383062526,0.21866542,0.46216837,0.31916618
383157249,0.6764635,0.059032504,0.26450402
385034757,0.09685682,0.2974877,0.6056555
385099460,0.33673233,0.3919033,0.27136442
385380545,0.3262088,0.3885928,0.2851984
385506050,0.3064774,0.3723693,0.32115325
385943193,0.2369044,0.42776757,0.33532807
386228139,0.2348899,0.5240764,0.24103367
386554435,0.5064117,0.24664088,0.2469475
387161759,0.33539957,0.3405744,0.32402602
387815971,0.040038336,0.047787655,0.91217405
388127968,0.21879286,0.42806596,0.35314122
389293329,0.33395976,0.3719403,0.29409993
389311850,0.13337594,0.70123816,0.16538598
390352506,0.19543944,0.4929511,0.3116095
390853024,0.42735893,0.28651908,0.28612202
391172021,0.27326924,0.44189674,0.28483403
392018328,0.23540932,0.47854882,0.28604186
392256871,0.28259423,0.30474517,0.41266057
393609592,0.36615258,0.35345948,0.28038794
393720165,0.22641973,0.42086697,0.35271332
393728201,0.21210046,0.3722703,0.41562924
393915995,0.38679963,0.17037638,0.44282395
395102853,0.3477541,0.30095804,0.35128796
395609933,0.33297223,0.37742233,0.2896054
395842258,0.2726242,0.28737333,0.44000247
396136015,0.53967154,0.20820923,0.2521192
396190951,0.75323915,0.024562607,0.22219828
396535557,0.11244988,0.36939162,0.5181585
396841347,0.28893444,0.43206948,0.27899602
397196050,0.3896273,0.34522793,0.2651448
398098020,0.2591266,0.4202424,0.32063097
398116981,0.2853759,0.12563752,0.58898664
398992172,0.067035355,0.8095884,0.12337622
399075540,0.3191194,0.44222498,0.23865561
399235339,0.2894639,0.3877694,0.3227667
399336192,0.13794737,0.6940678,0.16798484
399385708,0.36782816,0.28135687,0.35081497
399995957,0.3427635,0.31901586,0.3382205
400771695,0.60601884,0.13816297,0.2558182
400861570,0.75256914,0.038676016,0.20875485
400905922,0.41060436,0.2217877,0.36760792
403382636,0.23017526,0.44648638,0.32333845
403653290,0.18245213,0.50940585,0.30814198
404018157,0.14964013,0.22104338,0.6293165
404239074,0.24465531,0.32805634,0.4272883
404564233,0.4140017,0.31504232,0.27095604
404967990,0.23607396,0.5076963,0.2562298
405518545,0.11963229,0.6718269,0.20854084
405754666,0.41108295,0.3214632,0.26745382
405760108,0.25307244,0.35800928,0.3889183
405878913,0.3104248,0.2740527,0.41552252
406451990,0.44409886,0.2640027,0.29189843
406765126,0.12311898,0.548329,0.32855204
407100627,0.4389306,0.2766605,0.2844089
407695351,0.112671256,0.7027049,0.18462385
408451068,0.40110728,0.27208182,0.32681096
408672025,0.22443448,0.37467995,0.40088564
409028427,0.5227626,0.22784202,0.2493954
409631063,0.29139718,0.37395248,0.33465037
409723713,0.29231742,0.42040986,0.28727266
409760299,0.37611505,0.3391605,0.2847245
410172253,0.18162854,0.13678537,0.6815861
410330997,0.35632506,0.23475136,0.4089236
411158524,0.27082065,0.5443947,0.18478465
411476862,0.17327206,0.438751,0.3879769
411662039,0.17783637,0.55761606,0.26454756
411833117,0.26207116,0.5379243,0.2000046
412942917,0.31141984,0.35358703,0.33499312
413352901,0.22463444,0.56100833,0.21435724
413535368,0.16928221,0.33195674,0.49876103
413600682,0.3838355,0.10709926,0.5090653
414097483,0.06511966,0.6942317,0.24064869
414107947,0.45380864,0.2647929,0.28139848
414482593,0.3133408,0.41216597,0.27449328
414501535,0.27167782,0.45466906,0.27365312
414604938,0.07388266,0.7539952,0.17212217
414671247,0.5563839,0.13655216,0.307064
415143286,0.340077,0.37251794,0.287405
415376290,0.3560516,0.3434437,0.30050474
415769809,0.41910303,0.27632987,0.30456707
415787237,0.16928206,0.64508355,0.18563439
416597534,0.45177406,0.27536723,0.2728587
416701527,0.29497266,0.33544993,0.36957747
417719877,0.61614025,0.15513164,0.22872809
418047253,0.4577279,0.07382218,0.46844998
418706086,0.6802586,0.14253767,0.17720376
418820499,0.46964473,0.29755092,0.23280436
420058187,0.44158804,0.29792148,0.26049045
420523781,0.08633243,0.6291289,0.28453863
420824164,0.1060715,0.74844784,0.14548066
421856118,0.35160008,0.21010002,0.43829986
421869760,0.34816658,0.35466886,0.29716456
421929347,0.41962922,0.28735444,0.29301634
422190315,0.2968268,0.35983282,0.3433405
422776447,0.20170431,0.43668327,0.36161238
422941074,0.67354727,0.092013,0.23443973
423948356,0.2906434,0.40113655,0.30821997
425177305,0.4291781,0.297358,0.27346396
425637061,0.26285115,0.5188859,0.21826293
425748559,0.33543012,0.37312284,0.2914471
427349904,0.32715008,0.33587363,0.33697635
427490055,0.12012337,0.542431,0.33744562
427626440,0.29940385,0.38880786,0.3117883
427911324,0.18394767,0.5571784,0.25887394
429148338,0.23043728,0.56272984,0.20683286
429374584,0.09992974,0.7329724,0.167098
430502590,0.43610924,0.28817776,0.27571303
430896547,0.2588055,0.4225767,0.3186178
430938415,0.38191795,0.30075866,0.31732333
431018221,0.3813828,0.31461766,0.30399954
432439225,0.27556518,0.4401555,0.28427923
432870317,0.21889704,0.39926147,0.38184148
433282693,0.37367383,0.20350355,0.42282262
433388512,0.27569604,0.3840124,0.34029153
433486261,0.22851159,0.37165555,0.3998329
433807466,0.0113945315,0.86447173,0.124133736
434178549,0.16162674,0.63746953,0.20090373
434216323,0.28278026,0.4316344,0.28558534
434287156,0.45600954,0.21380156,0.33018896
434338353,0.24402113,0.23142852,0.5245504
435525274,0.20931745,0.4900388,0.30064377
435951302,0.3533605,0.37656945,0.27007005
436017636,0.89392275,0.034772113,0.07130512
436163606,0.14459653,0.5428768,0.31252673
436605823,0.3187885,0.36233217,0.31887943
436772617,0.21275975,0.26703212,0.5202081
437010000,0.33271006,0.36228028,0.30500966
437348309,0.2882058,0.44215932,0.26963484
437377763,0.26843813,0.3883176,0.34324425
437766510,0.513844,0.17173553,0.3144205
438802809,0.41859385,0.2160608,0.36534527
439108956,0.26077056,0.43532103,0.30390835
439346709,0.4883612,0.2370182,0.2746206
439367905,0.42447293,0.31012875,0.26539832
439381634,0.42093852,0.28814703,0.29091445
440966086,0.25161824,0.5174985,0.2308833
441160590,0.25942138,0.48763314,0.25294554
441487524,0.26385352,0.33909234,0.3970541
442421087,0.3678156,0.34789383,0.28429058
442608829,0.4206443,0.25600755,0.3233481
442983670,0.32229385,0.4175689,0.26013717
444233181,0.37627888,0.345025,0.27869612
444476777,0.2003375,0.5483053,0.25135732
444724607,0.30050144,0.3763737,0.32312486
445034386,0.2287307,0.5167098,0.25455952
445246150,0.16892096,0.5929786,0.23810038
445261014,0.4554966,0.22513165,0.3193718
445261023,0.21452396,0.5378066,0.24766949
445262572,0.31918913,0.37289214,0.30791873
445978651,0.14648764,0.27166188,0.58185047
446409438,0.25125656,0.3237519,0.42499146
446925210,0.20789385,0.46180433,0.33030182
447025138,0.28856853,0.36794233,0.34348917
447193208,0.43699652,0.14343132,0.41957217
447418702,0.499433,0.21492094,0.28564602
448043396,0.23499946,0.5172473,0.24775329
448051751,0.4492814,0.24800542,0.30271322
448806793,0.6047273,0.14027172,0.255001
448866172,0.18410961,0.603098,0.21279241
449275762,0.6109049,0.059851237,0.32924396
450752523,0.5408503,0.19225119,0.26689854
450827182,0.31986886,0.37431803,0.3058131
451102003,0.269636,0.38513732,0.34522676
451611547,0.19863193,0.4991854,0.30218267
451925326,0.68553793,0.08924815,0.22521389
451958825,0.27321818,0.51551574,0.21126606
452102089,0.41239116,0.21985804,0.36775082
452217280,0.09507578,0.7344779,0.17044637
452420965,0.0154231675,0.9363206,0.04825621
452577647,0.4328792,0.29291493,0.27420598
452741185,0.275028,0.37118024,0.35379168
454215963,0.44800767,0.2513935,0.30059883
454808903,0.41656062,0.29373696,0.28970236
454898660,0.21390384,0.17790094,0.60819525
455102952,0.3416769,0.31315494,0.34516826
455429087,0.55023813,0.20812799,0.24163383
455615423,0.6245782,0.17287911,0.20254278
456263252,0.34240463,0.38665864,0.2709368
456357337,0.25801724,0.36796758,0.37401527
456430428,0.44021592,0.31575182,0.2440323
458571160,0.61055034,0.16388327,0.2255664
458814427,0.32989252,0.2546089,0.41549858
459269314,0.40184292,0.31378826,0.2843689
459322889,0.46505842,0.19492401,0.34001756
459711522,0.21113855,0.31874698,0.4701145
459990441,0.4715984,0.28263062,0.24577105
460521330,0.3769131,0.34125072,0.28183618
460719099,0.36265287,0.14458655,0.49276057
462048691,0.45040157,0.2690273,0.2805711
463075529,0.30626553,0.4476289,0.24610563
463109444,0.26627243,0.38767695,0.34605065
463497863,0.35306364,0.31664094,0.33029547
463564812,0.43919995,0.31157988,0.2492201
464021358,0.25483283,0.23745322,0.5077139
464479208,0.6807888,0.15649822,0.16271293
464699811,0.12328115,0.71157324,0.16514559
465159498,0.27448264,0.4281872,0.2973301
465193496,0.03418025,0.6351522,0.33066756
465758777,0.11840894,0.40259215,0.47899893
465854275,0.3926478,0.32243505,0.28491724
465992488,0.6130611,0.17654338,0.21039551
466203870,0.15633519,0.19489478,0.64877003
466364312,0.281306,0.34364447,0.3750496
466377308,0.15184544,0.5558521,0.29230246
467157270,0.37695572,0.3349402,0.28810403
467302219,0.73434883,0.082826294,0.18282498
469282459,0.2125115,0.36729288,0.4201956
469572577,0.60676646,0.08286087,0.31037268
469839021,0.4336314,0.26867053,0.29769814
469926125,0.28757435,0.47053507,0.24189053
470480363,0.49526095,0.20086579,0.3038732
470485337,0.5859069,0.19692102,0.21717203
470596416,0.2505638,0.27697247,0.4724638
470859906,0.3829835,0.2903767,0.3266398
470955444,0.4516738,0.28449032,0.26383588
472944911,0.41389644,0.26170632,0.32439727
473078384,0.2383707,0.5492827,0.21234658
473265719,0.28677443,0.15189916,0.5613264
473445922,0.3302699,0.34387815,0.325852
474436151,0.33353913,0.33484748,0.33161333
474466873,0.20488285,0.46010938,0.33500773
474718767,0.39082807,0.37721032,0.23196165
475157163,0.4350546,0.28790408,0.27704135
475512340,0.3228191,0.2090732,0.4681077
476188273,0.2137417,0.38230693,0.40395138
476288155,0.32859835,0.39327696,0.27812472
476694272,0.089898184,0.6075736,0.30252823
477016236,0.1336753,0.40591732,0.46040747
477233195,0.737784,0.10259466,0.15962134
477265495,0.33298352,0.37636563,0.29065084
477786295,0.18430907,0.52637434,0.28931656
478396595,0.16829157,0.55189097,0.2798175
478731792,0.2631073,0.47577235,0.26112035
479308508,0.3803164,0.3314582,0.2882253
479450347,0.26561958,0.41217953,0.3222009
480445098,0.43520308,0.1398965,0.42490044
480857769,0.20045426,0.5544377,0.24510805
481899852,0.11506373,0.64787024,0.23706602
481964135,0.34465536,0.32417268,0.33117202
482338391,0.3422188,0.33653057,0.32125074
482485639,0.29422688,0.42934987,0.27642328
482812185,0.37268397,0.28607956,0.34123656
483405532,0.23132686,0.34542128,0.42325175
483531985,0.15606898,0.51537895,0.32855204
484427901,0.28069064,0.44672468,0.2725847
484687038,0.53746396,0.24615528,0.2163808
484858714,0.33963305,0.21002762,0.45033926
485143243,0.24078612,0.46091318,0.29830074
486338495,0.18907595,0.4121745,0.3987496
486355522,0.15105437,0.19128391,0.65766174
486393740,0.22812757,0.49158084,0.28029156
487542827,0.28585216,0.45554805,0.25859976
487660028,0.40247184,0.35701695,0.24051118
488965026,0.37263015,0.33250618,0.29486373
489709010,0.2708699,0.2708699,0.45826027
489731947,0.3811667,0.3691552,0.2496781
489880806,0.17152593,0.38258594,0.4458881
490037829,0.36814395,0.33544412,0.29641196
490082549,0.39859793,0.26558748,0.33581457
491085423,0.43554306,0.28777468,0.2766823
491580078,0.29890543,0.41922665,0.28186786
491901812,0.26727453,0.52308655,0.20963894
492142000,0.1790498,0.39022994,0.4307203
492802524,0.30402562,0.25608563,0.4398887
492878908,0.70470196,0.13594614,0.1593519
493244939,0.6016246,0.15323089,0.24514452
493526846,0.09526629,0.79646254,0.10827109
494377371,0.3711437,0.36633635,0.26252005
494761357,0.27458355,0.18630317,0.5391133
494768722,0.15580525,0.6303547,0.21384
494873522,0.46798643,0.2840969,0.24791667
495089530,0.4886939,0.21357079,0.29773533
495158752,0.50091517,0.23029943,0.26878533
495251589,0.16378565,0.4073358,0.42887855
495302741,0.35064965,0.34983298,0.2995173
495795387,0.4254736,0.09077028,0.48375612
498139977,0.3509801,0.38698593,0.262034
498815495,0.31193927,0.37291628,0.31514448
500346997,0.4326684,0.29319805,0.27413353
500710707,0.4466466,0.28018472,0.27316874
501036430,0.5273366,0.10393281,0.36873063
501402942,0.36072212,0.32119253,0.31808528
501589422,0.3706299,0.3110136,0.31835642
501754487,0.14369054,0.5934759,0.26283354
502316029,0.6184927,0.14890766,0.2325996
503710285,0.1349971,0.6834011,0.1816018
503904795,0.15850146,0.660466,0.1810326
504631902,0.25655252,0.23314695,0.51030046
504891950,0.27573583,0.45625764,0.26800662
505027458,0.2587999,0.4559677,0.28523242
505126666,0.36045587,0.34849393,0.29105017
505219931,0.30644706,0.2531948,0.44035816
505235598,0.29748198,0.39084697,0.31167102
505982586,0.28465426,0.34055966,0.37478605
506612995,0.29145813,0.38520536,0.32333657
507698035,0.31009436,0.2421779,0.4477278
508258945,0.199096,0.46729445,0.3336095
508391469,0.15466069,0.30884823,0.53649104
508733056,0.5080718,0.22364354,0.2682847
509016510,0.39803815,0.38243058,0.21953127
509043712,0.2677925,0.2492754,0.4829321
509680289,0.82231975,0.077024736,0.10065557
510698848,0.23384163,0.43455735,0.33160105
510910177,0.54953676,0.14013803,0.31032515
511319504,0.45776206,0.29538703,0.24685085
511469601,0.2755987,0.40525043,0.3191509
511674052,0.3760724,0.28776586,0.3361617
511790223,0.36629423,0.33161625,0.30208945
511952934,0.48765525,0.27558848,0.23675631
512611805,0.46548808,0.22787322,0.3066387
513033840,0.3923568,0.24782696,0.35981625
513243487,0.358437,0.33914408,0.30241895
514259065,0.5672367,0.094244786,0.33851847
515643408,0.14202148,0.5880355,0.26994297
515659531,0.09521405,0.64839506,0.2563908
516681525,0.37936002,0.32999358,0.2906465
517864869,0.34479067,0.29442585,0.36078346
517866176,0.38902384,0.29581657,0.31515965
518170843,0.4913678,0.18900035,0.31963193
518801162,0.1924794,0.1924794,0.61504126
519279498,0.32540578,0.35661528,0.31797892
519327124,0.21176751,0.58988523,0.19834721
519830034,0.44264206,0.20019756,0.35716036
520060609,0.4146957,0.25775817,0.32754612
520462242,0.31280455,0.4420453,0.24515018
521522358,0.5205693,0.23625836,0.2431723
521630998,0.44474387,0.23651698,0.31873918
522365298,0.4173977,0.33935094,0.24325128
523030646,0.31739292,0.36966574,0.31294125
523939858,0.2723313,0.4519928,0.27567598
523981390,0.3100667,0.26878232,0.42115095
524018311,0.29755852,0.43180603,0.2706355
524216288,0.2268839,0.19263314,0.58048296
524552335,0.23327035,0.15421164,0.612518
524713761,0.317885,0.30899024,0.37312472
525775655,0.40539598,0.19773068,0.39687333
526180222,0.08936896,0.4262147,0.48441634
526842019,0.53680545,0.16450484,0.29868972
527029193,0.3600818,0.3654183,0.27449992
527069207,0.047131054,0.8681335,0.08473541
527393534,0.2954696,0.42170686,0.28282353
527735151,0.26042235,0.4991113,0.2404664
527918715,0.13249275,0.60808355,0.2594236
528164964,0.4730436,0.20460744,0.3223489
528425001,0.38818944,0.32191825,0.28989232
528741093,0.30917504,0.3137588,0.3770662
528938967,0.26360333,0.31454185,0.42185485
528963359,0.28874576,0.21895543,0.4922988
528998104,0.24821989,0.43529472,0.31648543
531061530,0.45534706,0.26130363,0.28334936
531321232,0.59362304,0.17825416,0.22812279
531488578,0.15217486,0.68371195,0.16411324
532054872,0.36885458,0.24707717,0.38406825
532422922,0.35400513,0.2168299,0.42916504
532457514,0.16376804,0.59056956,0.24566244
532593356,0.2698476,0.39841285,0.3317395
532778683,0.13118206,0.67858654,0.19023138
532859878,0.3241737,0.3276926,0.34813368
533008937,0.01575165,0.76508737,0.21916096
533475351,0.2070251,0.54397696,0.248998
534007590,0.40928647,0.3115298,0.27918375
534421329,0.2894887,0.45331633,0.25719497
534862768,0.20349921,0.3470401,0.44946063
535041799,0.32058653,0.35346425,0.32594922
535755610,0.1927162,0.59042746,0.21685636
535890961,0.3122138,0.4119486,0.27583757
536896239,0.296315,0.3889633,0.3147216
536905807,0.32936066,0.36895764,0.3016817
537142417,0.2970063,0.46365756,0.23933607
537512161,0.26178885,0.44342357,0.2947876
537551893,0.25289035,0.32837155,0.41873813
537638373,0.28099352,0.4691343,0.2498722
537688813,0.44399413,0.14302829,0.4129776
537717334,0.56109756,0.1202563,0.31864613
537893941,0.15648578,0.423602,0.41991222
538134794,0.52935535,0.18647785,0.28416684
538323154,0.4075054,0.2817658,0.3107288
538585824,0.48489743,0.14169739,0.37340516
539605416,0.33519116,0.21804883,0.4467601
539832153,0.31255263,0.32427496,0.36317247
540176918,0.2562052,0.4377907,0.30600414
540250747,0.4088778,0.23203175,0.35909042
540255904,0.36031076,0.32188803,0.3178012
540276133,0.21099424,0.35309723,0.43590856
540459737,0.47473156,0.24721451,0.27805388
540796721,0.39609975,0.32700396,0.27689627
540831011,0.43218926,0.31422943,0.25358135
542386673,0.37792256,0.16723797,0.45483956
542590145,0.35628498,0.33726618,0.30644885
542968830,0.6637624,0.098067686,0.2381699
544696070,0.8219429,0.06369738,0.11435971
544955363,0.3216893,0.2367953,0.44151545
544981866,0.43701026,0.2736744,0.28931537
545091801,0.122988395,0.39432997,0.48268166
545154441,0.26278207,0.43177292,0.30544505
545195104,0.31787223,0.39390123,0.28822657
546498050,0.42570886,0.299491,0.27480012
547277158,0.14468141,0.575892,0.2794266
547698248,0.46019638,0.21932392,0.32047972
548020090,0.37892655,0.313652,0.30742148
548533707,0.61732715,0.16859913,0.21407379
548579761,0.42323294,0.22804277,0.34872428
548767914,0.3646813,0.29771817,0.33760047
548792251,0.40703115,0.22015294,0.3728159
548944210,0.50842667,0.22315608,0.2684173
549027861,0.26775002,0.46849662,0.26375332
549179441,0.385723,0.29634142,0.3179356
549216751,0.32812667,0.24484459,0.42702878
549362400,0.5942511,0.16158132,0.24416755
549514947,0.32046992,0.39856854,0.28096148
549546575,0.45455176,0.281891,0.26355726
549783000,0.34831902,0.3469177,0.30476323
549950185,0.4440697,0.282365,0.27356526
550012822,0.43148807,0.32171193,0.24680005
550044168,0.2848337,0.28825903,0.42690727
551741922,0.4164823,0.2869729,0.2965447
552847138,0.7067362,0.12176181,0.171502
552891227,0.24061869,0.3392381,0.42014322
552948542,0.2816222,0.39945373,0.318924
554350432,0.3343813,0.34173653,0.32388213
554439300,0.26196238,0.22413708,0.5139005
554685158,0.35088018,0.23819356,0.41092622
556138136,0.23072022,0.5223209,0.24695888
556169777,0.21105409,0.43057865,0.35836732
556199404,0.296012,0.40634686,0.29764113
556423204,0.4031614,0.3336407,0.26319787
556574131,0.27257,0.18567929,0.54175067
556734884,0.33613107,0.3459117,0.31795725
557435929,0.2607243,0.4285721,0.31070358
557617668,0.28671157,0.17627329,0.53701514
558398613,0.33635354,0.35186553,0.31178087
559247606,0.15431915,0.66965747,0.17602336
559358989,0.28959635,0.43928203,0.27112165
559488957,0.32186887,0.40609968,0.27203155
559733602,0.3454754,0.35156596,0.3029586
560260100,0.4770981,0.2580159,0.264886
560399427,0.2835899,0.45983398,0.2565761
560898981,0.42555505,0.31400865,0.2604363
560962274,0.20266876,0.46428004,0.3330512
561036778,0.33006832,0.38215634,0.28777537
561214980,0.4480606,0.26945698,0.28248242
561740970,0.2197553,0.3949999,0.38524485
562388801,0.13484308,0.32507956,0.5400773
562414146,0.51956916,0.2833656,0.19706528
562482473,0.2504879,0.20894682,0.5405653
562916604,0.25274312,0.5488688,0.1983881
563116231,0.18388805,0.17418702,0.6419249
563134039,0.4359819,0.22470629,0.3393118
563253912,0.3219972,0.19004793,0.48795488
565262864,0.30802324,0.42828345,0.2636934
565677946,0.0075891637,0.90240705,0.09000386
565895050,0.35469845,0.3819982,0.26330346
566165855,0.32525584,0.35570303,0.3190411
567237686,0.5508037,0.18879297,0.2604033
567818285,0.49000326,0.3040328,0.20596386
567830228,0.29260713,0.43925393,0.2681389
569027448,0.20377804,0.5663672,0.22985475
569911632,0.4458498,0.27121326,0.28293696
570059645,0.3895389,0.321353,0.2891081
570244605,0.30694526,0.35697788,0.33607695
570262146,0.27373138,0.43703198,0.28923672
570271683,0.52480245,0.21309868,0.26209885
570365466,0.57313555,0.17915347,0.247711
570673046,0.34683007,0.3414786,0.31169125
571090007,0.36610863,0.3181597,0.31573176
571273291,0.3570447,0.35538462,0.28757071
571751577,0.083458796,0.60824925,0.30829194
573318064,0.29764986,0.46599695,0.2363532
573629523,0.150915,0.5629275,0.28615755
573698555,0.30133438,0.43817243,0.2604932
573952509,0.35056457,0.41990215,0.22953327
574190338,0.39136642,0.33549735,0.27313626
574279657,0.30959788,0.41219077,0.2782113
574734685,0.6088247,0.18128096,0.20989434
574863547,0.3158705,0.3692425,0.31488702
575216919,0.25308856,0.4979193,0.2489921
575351357,0.35595056,0.27234745,0.371702
576530406,0.032790408,0.025492126,0.94171757
576725776,0.46253985,0.25143334,0.2860268
576860279,0.36906338,0.33176133,0.2991753
578281132,0.2269176,0.529489,0.2435934
578522976,0.17720923,0.5981514,0.22463946
578673415,0.8447039,0.032640323,0.12265566
578752092,0.3077857,0.18744908,0.5047653
579117501,0.192634,0.5798945,0.22747152
579244094,0.38689867,0.37612402,0.23697735
580469348,0.4713173,0.28665996,0.2420227
580554628,0.275241,0.18382642,0.54093266
581145977,0.33338615,0.32700256,0.33961126
582223233,0.36562964,0.35896805,0.27540234
583033788,0.6440397,0.12685803,0.22910237
583126002,0.41878644,0.27827147,0.30294216
583140982,0.22153205,0.36777115,0.4106969
583728201,0.32357162,0.3948263,0.28160208
584534382,0.3072744,0.42891654,0.26380908
585107354,0.29071912,0.41474873,0.29453218
585426518,0.3436867,0.3253246,0.33098865
585459041,0.45335913,0.28457043,0.26207048
585525447,0.28986084,0.4242026,0.28593656
585572765,0.4350154,0.25215015,0.3128345
585840249,0.30455145,0.3747955,0.32065314
585973772,0.2658971,0.14310674,0.5909962
586148566,0.12999654,0.31857473,0.55142874
586219795,0.22001596,0.109097846,0.6708862
586423696,0.2602595,0.47182748,0.267913
586949290,0.23291779,0.27551287,0.49156934
588053556,0.44806325,0.109069034,0.44286776
588751099,0.24487796,0.5689277,0.18619432
588968746,0.31395686,0.44656768,0.23947552
589293820,0.4928611,0.18155766,0.32558125
589632544,0.34477592,0.30453655,0.35068753
589869382,0.25258675,0.26933154,0.47808167
590191223,0.5254791,0.215268,0.25925282
590612896,0.4729295,0.254378,0.27269244
591000695,0.33736286,0.12747355,0.53516364
591666857,0.2554006,0.390495,0.3541044
592908805,0.23366392,0.45700747,0.30932865
593084767,0.36161274,0.4123924,0.22599488
593119214,0.50960135,0.25463793,0.2357607
593141432,0.3292095,0.31062979,0.3601607
593233622,0.24073003,0.43079022,0.32847977
593384133,0.16124299,0.29649442,0.54226255
593445868,0.22282992,0.4034933,0.37367693
593485103,0.5214242,0.22786444,0.2507114
593838648,0.2737906,0.500293,0.22591636
593919730,0.36992627,0.3089042,0.32116956
594370397,0.36000043,0.3324082,0.30759138
594666380,0.30371252,0.42238596,0.27390155
595190820,0.5289813,0.1828586,0.28816003
595382031,0.16831519,0.35502523,0.4766596
595587090,0.16807616,0.1264946,0.70542926
596761678,0.36456951,0.32976153,0.30566886
597165431,0.09137219,0.066201456,0.84242636
597464191,0.1991651,0.5563028,0.24453211
597979661,0.3911521,0.29162607,0.31722185
598028150,0.32443845,0.21225208,0.46330944
598311416,0.4652162,0.24827358,0.28651023
598721996,0.5166188,0.23180243,0.25157884
598855916,0.28242937,0.34507328,0.37249747
598984555,0.12207577,0.6319362,0.24598809
599159921,0.54054534,0.13953488,0.31991974
599227489,0.19582888,0.5686274,0.23554365
599620038,0.2767266,0.47421122,0.24906217
599762723,0.40905142,0.32531852,0.26563007
600421220,0.23670742,0.5106488,0.25264382
600466621,0.38156697,0.39317718,0.22525582
602400267,0.198662,0.45708925,0.34424874
602460603,0.3433658,0.33717993,0.3194543
602481325,0.40930676,0.24893339,0.3417599
603031593,0.60190797,0.13627364,0.26181844
604567051,0.6246108,0.30234915,0.073040046
605051920,0.2565866,0.3594652,0.38394818
606029465,0.29132712,0.34369653,0.36497635
606115644,0.23950484,0.49295765,0.2675375
606495668,0.17582077,0.43535995,0.3888193
606604980,0.31111917,0.38497314,0.3039077
606621642,0.35979554,0.3961301,0.24407436
606778838,0.3373577,0.37797287,0.2846694
607419673,0.36684576,0.37846622,0.254688
607698458,0.39059672,0.30707496,0.30232832
607823046,0.16043445,0.2816199,0.5579456
607879740,0.21667233,0.38438067,0.39894703
607962208,0.34102386,0.37441126,0.28456482
609192285,0.2732451,0.44515425,0.2816007
609371141,0.34606266,0.34646982,0.3074675
609449522,0.39704394,0.30937538,0.29358077
609528313,0.41728535,0.37970874,0.20300592
609559471,0.34930032,0.30578774,0.344912
610202547,0.32776362,0.45150718,0.22072926
610367092,0.33858207,0.31123254,0.3501854
610925909,0.32706958,0.36953887,0.30339152
611181297,0.5546749,0.23229662,0.21302845
612751829,0.37529713,0.33406815,0.2906346
613740113,0.52062947,0.2314654,0.24790514
614020774,0.13341577,0.26630807,0.60027623
615161339,0.3877054,0.28919348,0.32310104
615570702,0.27857637,0.42983523,0.29158834
615709333,0.28113675,0.41106415,0.3077992
615870213,0.18742242,0.57550627,0.23707128
616143540,0.233852,0.3272285,0.4389195
616252715,0.31696212,0.38788405,0.2951538
616296633,0.26815453,0.5234072,0.20843816
616873129,0.38223732,0.3053702,0.3123925
616935908,0.4084653,0.3246855,0.2668491
617479962,0.2511646,0.36372915,0.38510633
617708778,0.2290091,0.44438103,0.32660988
617879069,0.07619922,0.75335175,0.17044903
617926868,0.36231816,0.31407386,0.32360804
618339970,0.3688319,0.37284535,0.25832278
619545949,0.32448193,0.23334388,0.44217417
619671696,0.36969274,0.1778079,0.45249933
620236090,0.3149002,0.32705593,0.35804388
620524477,0.22489189,0.51233894,0.2627692
621891155,0.33027995,0.2576023,0.4121178
622087916,0.24124463,0.098890446,0.65986496
622236720,0.48001283,0.27083796,0.24914923
622331560,0.18890229,0.53779095,0.2733068
622475991,0.35176793,0.28450963,0.36372238
622799072,0.45226747,0.2660109,0.28172162
623124015,0.47775096,0.22620732,0.29604182
623492959,0.28226584,0.30882338,0.40891078
624725677,0.21313798,0.5199457,0.2669163
625075376,0.26054436,0.34598428,0.39347148
625470777,0.2946633,0.3284515,0.37688515
625548430,0.43634617,0.26870036,0.29495344
626138796,0.23923108,0.4323425,0.3284264
626798585,0.32813042,0.38518998,0.28667957
627141565,0.34487084,0.26426646,0.3908627
627508019,0.36777815,0.31341368,0.3188081
628674489,0.2026558,0.26860616,0.528738
629133597,0.2985035,0.33456248,0.36693412
629176467,0.34741077,0.35971346,0.2928758
629855468,0.3409464,0.33331823,0.32573536
630930104,0.35861558,0.33607012,0.30531442
631243486,0.29830676,0.4029777,0.2987155
631428573,0.10029828,0.24315323,0.65654856
631470496,0.19614103,0.5376934,0.2661656
631868076,0.4383073,0.29954123,0.26215145
632237904,0.2570679,0.2600314,0.4829007
632292444,0.32226807,0.34317806,0.33455387
632475973,0.38910192,0.31870538,0.29219273
633305274,0.39564884,0.29779536,0.30655587
634484724,0.49506423,0.2575208,0.24741499
634578782,0.36619395,0.2804969,0.3533091
634672728,0.5528989,0.2242253,0.22287577
635064748,0.92463773,0.013714582,0.061647676
635645615,0.37165973,0.14958635,0.47875395
636147262,0.24656251,0.40479344,0.34864402
636310430,0.4059686,0.24991454,0.34411696
636399858,0.45576864,0.22626306,0.31796828
636457468,0.33505568,0.38417432,0.28076994
636787315,0.138374,0.67634755,0.18527848
636874784,0.27852362,0.492326,0.22915044
636924454,0.58401036,0.22154197,0.19444762
637050045,0.3638121,0.34826097,0.28792694
637769173,0.3410416,0.33193526,0.32702318
637827483,0.47203964,0.23719901,0.29076135
637962207,0.46073684,0.27375785,0.26550534
638159432,0.35469666,0.3325214,0.31278193
638160857,0.37544823,0.3662688,0.25828293
638361597,0.30491987,0.3926504,0.3024297
639032622,0.2449585,0.4015752,0.35346633
639138071,0.13715129,0.60761786,0.25523084
639169386,0.21229023,0.23297657,0.55473316
639554124,0.5376557,0.21130002,0.25104427
639739318,0.27283022,0.3847105,0.34245932
640986118,0.16302487,0.5235024,0.31347278
641010519,0.34208363,0.35377523,0.30414096
641050967,0.44695622,0.23426321,0.31878054
641097936,0.4653168,0.29159936,0.24308383
641486662,0.16771415,0.3305815,0.50170434
641602032,0.21952936,0.5628487,0.21762198
641769771,0.38765213,0.3122793,0.30006856
642046230,0.13551433,0.6049929,0.25949275
642228012,0.6300029,0.17216875,0.19782834
642927726,0.36301067,0.32799456,0.30899486
643206791,0.70171714,0.15270957,0.14557326
644120854,0.4091207,0.30266714,0.2882122
644448986,0.33536023,0.3844256,0.2802142
644939934,0.4348041,0.3011226,0.26407328
644941988,0.31311926,0.42574522,0.2611356
645222783,0.25107968,0.46269432,0.28622603
645470456,0.49394855,0.27961293,0.22643855
645706137,0.31222028,0.28616858,0.40161115
646792714,0.13074586,0.4842652,0.384989
646993495,0.47957745,0.20817523,0.3122473
646997865,0.5513137,0.24505152,0.2036348
647337169,0.29676083,0.41766983,0.28556928
647559082,0.36036447,0.2011043,0.43853134
647571816,0.15546721,0.64548975,0.19904304
647771686,0.36478496,0.20524646,0.42996857
648215224,0.2811001,0.42013115,0.2987687
648924164,0.6883144,0.11408136,0.1976042
649919138,0.2935991,0.36413008,0.3422708
650917288,0.42677873,0.29266462,0.2805566
651013110,0.09506062,0.6754209,0.22951855
651752286,0.50397843,0.23926364,0.25675794
651831051,0.48194772,0.26467752,0.25337476
652166213,0.29924834,0.3587086,0.342043
652221308,0.19130735,0.4331147,0.37557796
652310313,0.45322445,0.21031095,0.33646455
652361745,0.37529516,0.3564655,0.26823938
652377101,0.23430161,0.41162714,0.35407123
652801738,0.13603213,0.5450099,0.31895792
653020124,0.34146565,0.36565697,0.29287744
653232295,0.4427269,0.23433305,0.32294005
653368453,0.4142749,0.32020015,0.26552504
653447366,0.4754085,0.2626081,0.2619834
653669810,0.35672483,0.3441265,0.29914868
654392744,0.35227296,0.37191105,0.275816
654430501,0.33459026,0.33418694,0.33122286
655276803,0.26237234,0.42080426,0.31682336
655839311,0.28543058,0.3513224,0.363247
655841003,0.31832764,0.38682604,0.2948463
655896897,0.39844507,0.27620384,0.32535118
656243391,0.2552976,0.48301637,0.26168606
656268525,0.5134917,0.22939502,0.2571132
656331069,0.38807252,0.30373368,0.30819383
656594842,0.33983237,0.37431294,0.2858547
656624179,0.27892858,0.40046775,0.32060367
656778692,0.45446104,0.22636142,0.31917754
657113700,0.09772333,0.11581005,0.7864666
657244915,0.46447212,0.22222318,0.31330472
657327858,0.2938537,0.39082238,0.31532392
658111043,0.47812513,0.23338836,0.28848654
658228685,0.1623671,0.5288795,0.30875334
658636063,0.42450294,0.24082917,0.33466786
658672491,0.34369746,0.10803631,0.54826623
660096190,0.31007847,0.34333655,0.34658504
660256478,0.83145934,0.053379543,0.115161166
660985827,0.26030576,0.30829614,0.43139815
661181887,0.25757396,0.44673657,0.29568952
661284190,0.26868287,0.4696461,0.261671
661722915,0.37102467,0.30013406,0.3288413
662351122,0.4554709,0.25436884,0.29016027
662443481,0.18380083,0.4747731,0.3414261
662451311,0.2722962,0.42133766,0.30636615
662680324,0.17098853,0.28231275,0.54669863
663171188,0.2888022,0.36176097,0.34943685
663541866,0.60293937,0.20160024,0.19546035
664005295,0.16518687,0.41046083,0.42435235
664244588,0.50478846,0.24280185,0.25240967
664460575,0.41688028,0.36738825,0.21573144
664992442,0.3208524,0.25192478,0.42722285
665715079,0.68200916,0.06782348,0.25016743
666274793,0.34963968,0.3208817,0.32947856
666426205,0.26014185,0.49174866,0.24810952
666439572,0.34136376,0.31480008,0.34383622
666911163,0.2634852,0.39409643,0.34241834
667189662,0.061957356,0.7826926,0.15534997
667498397,0.13357133,0.6454575,0.22097124
667938528,0.4616255,0.3029475,0.23542707
668152056,0.42794237,0.27925357,0.29280403
668865690,0.31469697,0.44870445,0.23659858
669688941,0.3551377,0.35052797,0.29433435
669713722,0.3865625,0.33433697,0.27910048
669859018,0.325189,0.39119437,0.2836166
670852744,0.46944365,0.27578324,0.25477308
671650745,0.26799992,0.16544776,0.5665524
671702775,0.37770712,0.25388065,0.3684122
671945114,0.5614322,0.25629097,0.18227686
672547997,0.499203,0.23681085,0.26398623
673099965,0.29101583,0.4045784,0.30440584
673505563,0.37273377,0.2996268,0.32763946
675368882,0.20642051,0.42741543,0.3661641
675510053,0.91149116,0.0131859705,0.07532282
675584932,0.4291712,0.3163872,0.25444156
675647301,0.6288453,0.15010129,0.2210535
675753294,0.31645843,0.33820385,0.34533766
675783932,0.25073618,0.39948133,0.34978253
676269321,0.22105844,0.50708944,0.27185214
676518591,0.2365422,0.41028753,0.35317028
676559658,0.2505336,0.35127965,0.3981867
677185671,0.26465473,0.4032446,0.33210066
677204717,0.3029154,0.36599728,0.33108732
677247738,0.6428461,0.15608391,0.20107001
677712561,0.4174044,0.16602105,0.41657454
678057384,0.43366352,0.25054637,0.31579012
678379408,0.4244809,0.28390396,0.29161522
678539014,0.37261954,0.19107565,0.43630487
678816181,0.25231308,0.48294798,0.26473898
678820576,0.52886367,0.20098655,0.27014986
678989388,0.43957773,0.24620682,0.3142155
679000313,0.09439532,0.73768187,0.16792284
679082430,0.3082106,0.32293016,0.3688592
679218353,0.2702408,0.44771647,0.28204277
679448612,0.25059956,0.4474938,0.30190668
679659418,0.38280118,0.25349855,0.36370024
680143524,0.3833579,0.31502998,0.30161214
680257148,0.32335633,0.35294724,0.32369643
680475797,0.38138163,0.27895167,0.3396667
680547101,0.4141576,0.28614816,0.2996943
680675949,0.35806188,0.32223612,0.31970203
681762547,0.69853675,0.10278621,0.198677
682094803,0.2810381,0.40230104,0.31666082
682259210,0.36745396,0.33336368,0.29918236
682337991,0.32999364,0.27123472,0.39877167
682432830,0.3495276,0.3785458,0.27192664
682473336,0.6214002,0.0763496,0.3022502
683114121,0.5107606,0.18677169,0.30246767
683799359,0.22434507,0.42664912,0.34900582
683946311,0.47804454,0.25422642,0.26772907
684256307,0.06670685,0.7800669,0.15322623
684274419,0.47520363,0.27455282,0.25024354
684921222,0.21392706,0.44074744,0.34532556
685329785,0.29580978,0.39807153,0.30611867
685958150,0.1060707,0.5349396,0.3589897
686380422,0.23671763,0.38622975,0.37705258
686557600,0.22432184,0.5198946,0.2557835
687152352,0.3534236,0.28414533,0.36243108
687233999,0.096785925,0.56891763,0.33429646
687390679,0.22822395,0.49483573,0.27694032
687507305,0.61567736,0.08601942,0.29830322
687934298,0.41719118,0.3741065,0.20870234
688128642,0.49472252,0.13484505,0.37043244
688178311,0.1910463,0.47866493,0.33028874
688228605,0.62186414,0.15421537,0.22392051
688414035,0.5130915,0.24075219,0.24615632
688643500,0.400004,0.30110136,0.29889467
688687915,0.34288117,0.2733293,0.38378954
689100268,0.27967027,0.38397095,0.33635876
689580590,0.4091642,0.3191728,0.27166298
689896699,0.38105768,0.27564985,0.34329247
689923377,0.21312873,0.35916463,0.42770663
690377638,0.42536324,0.27210236,0.30253434
691071369,0.22331324,0.29892316,0.47776356
691089561,0.33011055,0.34021047,0.32967898
691791320,0.2647182,0.46376196,0.27151987
691800945,0.31832847,0.35962993,0.32204157
692240074,0.28540102,0.45881137,0.2557876
692366712,0.25780988,0.5181726,0.22401752
692438400,0.30913985,0.30532613,0.385534
692846166,0.21115719,0.55393106,0.23491177
692883952,0.5731648,0.1884449,0.23839031
692907515,0.16372064,0.6238511,0.21242815
693299479,0.44377896,0.17042683,0.38579422
693683036,0.2690076,0.46848798,0.2625044
693760672,0.20229067,0.20378819,0.59392107
693823470,0.24104583,0.3566483,0.40230587
693954182,0.21440192,0.50857306,0.27702498
694162790,0.4042677,0.34609523,0.24963704
694447284,0.285281,0.3655823,0.3491366
694518353,0.25680432,0.45284152,0.2903541
694674328,0.16609195,0.16609195,0.6678161
695150553,0.3209926,0.35680208,0.32220533
696119734,0.40046746,0.27269223,0.32684025
696672649,0.3870845,0.299327,0.3135885
696846893,0.3609034,0.3609034,0.27819318
697209006,0.1989486,0.5156437,0.2854077
697680669,0.33559927,0.35773376,0.30666697
698136545,0.59779054,0.20428655,0.19792289
698401012,0.20055869,0.3500265,0.44941488
699057036,0.16993935,0.32800326,0.5020573
699889151,0.26262426,0.25146794,0.48590782
699931466,0.4369146,0.21225788,0.35082743
699978707,0.2171401,0.46035612,0.32250378
700257050,0.6233434,0.2287831,0.14787354
700262177,0.2752024,0.37331662,0.351481
700659402,0.42405367,0.27909568,0.29685065
700868555,0.29043916,0.31148902,0.39807186
701090837,0.3513021,0.33584794,0.3128499
701336975,0.57678574,0.14963143,0.27358282
701360301,0.26578075,0.4376573,0.29656202
701382794,0.23356578,0.45164832,0.314786
701495567,0.52780694,0.22750245,0.24469063
701588352,0.32193226,0.38880908,0.28925872
702041904,0.2892779,0.38514665,0.32557547
702067130,0.12597185,0.6803311,0.193697
702346209,0.20141377,0.29293993,0.5056462
702577995,0.56336313,0.20429221,0.23234463
703405849,0.26852155,0.48374724,0.24773124
705052390,0.3047778,0.47081947,0.22440277
705109550,0.5340041,0.23873977,0.2272561
705199188,0.32173946,0.3295976,0.3486629
705772162,0.46907783,0.2642758,0.26664644
706230222,0.17363966,0.5890449,0.2373154
706273423,0.17923881,0.276859,0.5439022
706849199,0.08231296,0.50423455,0.41345242
707414367,0.21668354,0.2396739,0.5436425
707480036,0.22999786,0.28427207,0.48573005
707509908,0.25688192,0.44120505,0.30191305
708515109,0.23647216,0.38910162,0.37442625
709136463,0.45797005,0.24857783,0.29345214
709156988,0.4528592,0.26683137,0.28030938
709952254,0.3061479,0.39190835,0.30194372
710093751,0.2889493,0.441249,0.2698017
710406237,0.44454265,0.2865857,0.2688717
710682796,0.30245286,0.3478733,0.3496738
710712289,0.25908518,0.42487317,0.31604174
710887433,0.41889104,0.3363007,0.24480821
711385118,0.4974081,0.25167382,0.2509181
711429368,0.5212001,0.22680117,0.25199875
711744841,0.2539212,0.46462938,0.2814495
711853969,0.25692633,0.4582729,0.28480083
711917575,0.58432424,0.1738996,0.2417762
712126362,0.31930315,0.3989716,0.2817253
712405210,0.36916658,0.32060993,0.31022355
712714519,0.2456933,0.44838494,0.3059218
712854371,0.42837787,0.3308316,0.24079055
712961569,0.4971534,0.2073888,0.29545778
713043559,0.47884732,0.26158413,0.25956854
713197204,0.2680558,0.24127217,0.49067214
713424065,0.35613054,0.6169802,0.026889235
714910021,0.14731357,0.3773906,0.47529584
715817672,0.16691896,0.54371816,0.2893629
715849604,0.6307368,0.08761805,0.28164512
715861427,0.21775012,0.49669966,0.2855503
716236262,0.4374128,0.2653901,0.29719713
716493758,0.5345454,0.16209045,0.3033641
716964962,0.19218114,0.14305787,0.664761
717070125,0.35263732,0.37076232,0.2766004
717097269,0.29657692,0.15157032,0.55185276
717252402,0.5274734,0.33438036,0.1381463
717843988,0.31213355,0.3614198,0.32644668
718053279,0.24630557,0.537726,0.21596843
718250232,0.4409543,0.30054182,0.25850397
719860290,0.3749321,0.39057633,0.23449153
719892604,0.45814353,0.26300985,0.27884662
720380278,0.42741242,0.23575436,0.3368332
720397764,0.25390515,0.26155695,0.48453787
720748211,0.14490928,0.6512213,0.20386937
720777997,0.37370083,0.38604888,0.2402504
720821291,0.29460204,0.44446585,0.2609321
721004517,0.40909982,0.30570605,0.2851941
721040925,0.4230244,0.36470717,0.21226843
721399219,0.24220966,0.29383138,0.46395892
721685338,0.4604026,0.27111343,0.26848397
721694637,0.4337789,0.1579111,0.40831003
721694950,0.3130979,0.2723582,0.41454387
722189900,0.09155004,0.75536406,0.15308581
722270458,0.54810107,0.16418163,0.28771725
722512324,0.21616676,0.4228897,0.36094353
723176820,0.44236812,0.31580922,0.24182267
723536266,0.27814263,0.41023874,0.31161857
724144595,0.38803244,0.3210486,0.29091898
725347968,0.52905977,0.11435663,0.3565836
725451636,0.58030146,0.19595441,0.22374417
725571642,0.16987216,0.17512688,0.655001
725712625,0.12324874,0.6658425,0.21090885
726090661,0.27530378,0.41991097,0.30478522
726174480,0.50582606,0.25568902,0.23848492
726790200,0.4526317,0.28787565,0.25949264
726921681,0.1678802,0.29275846,0.53936136
727383047,0.16034341,0.5447311,0.29492554
728357564,0.4735629,0.16509064,0.36134645
728572634,0.6383868,0.24224757,0.11936571
728760437,0.38186377,0.24683902,0.37129715
729458908,0.18438916,0.41093597,0.40467492
729848328,0.25136966,0.4935949,0.25503543
731346432,0.33086652,0.34342194,0.32571155
731359047,0.19222745,0.38829997,0.41947266
731608734,0.4381947,0.25313407,0.3086712
731814717,0.32775927,0.27732977,0.39491096
731831071,0.46179098,0.25417957,0.2840295
732145029,0.59441406,0.15996115,0.24562475
732408826,0.37742242,0.3089553,0.3136223
732622568,0.26065892,0.43971434,0.2996268
733223183,0.6900693,0.13048331,0.17944737
733735516,0.5739572,0.21168639,0.21435641
734178179,0.6623445,0.14650723,0.19114828
734321315,0.37570363,0.35225117,0.27204525
734797730,0.39933455,0.33055827,0.2701072
734856306,0.503371,0.21705891,0.27957
735068064,0.5557946,0.20285155,0.24135385
735145029,0.5006813,0.21688007,0.28243873
735415860,0.2704276,0.48992896,0.23964338
736680415,0.43457332,0.2319939,0.33343276
736741376,0.44790977,0.2451336,0.30695662
737200814,0.23157796,0.42453757,0.34388444
737201480,0.2918029,0.36102602,0.34717107
737415984,0.36058486,0.3596393,0.27977592
737612704,0.32622865,0.4258772,0.24789418
737684238,0.20580156,0.46411484,0.3300836
737684657,0.35357648,0.33391887,0.3125047
738065013,0.45630378,0.28754267,0.25615358
738186597,0.4201776,0.29808843,0.28173396
738306586,0.4661657,0.21489386,0.31894043
738692448,0.5124866,0.2207934,0.26672
740273517,0.4245455,0.35704488,0.21840975
740511279,0.19155782,0.54864585,0.25979623
741034949,0.2712602,0.3727173,0.35602257
741212665,0.5392872,0.23038521,0.23032753
741268693,0.29650575,0.42896378,0.2745305
742123728,0.3457011,0.3782677,0.27603117
742283559,0.30242646,0.41882238,0.27875113
742321836,0.25003844,0.27173436,0.47822723
742651238,0.33428302,0.36951876,0.29619825
742816020,0.3030255,0.2075471,0.48942742
743891198,0.12993284,0.42882144,0.4412457
744215630,0.41558003,0.295046,0.289374
744300599,0.60720724,0.21132796,0.18146487
744699408,0.17396717,0.39400902,0.4320238
744716337,0.54507667,0.25054437,0.20437902
745092654,0.29888007,0.2755378,0.42558217
746100043,0.33870026,0.2823129,0.3789868
746463647,0.10201166,0.6377504,0.2602379
746505061,0.46912122,0.22941796,0.3014608
746959201,0.4653924,0.24252777,0.2920798
747730333,0.6012811,0.2048667,0.19385214
747730850,0.11564855,0.6351732,0.24917834
747793868,0.3618852,0.264375,0.37373987
748464170,0.4882819,0.22736728,0.28435078
749497447,0.2698811,0.4821599,0.24795905
749758791,0.5214934,0.21165659,0.26685008
749820514,0.2855205,0.4501709,0.26430857
750489165,0.23565082,0.49929324,0.26505595
752598019,0.4544325,0.29357868,0.25198886
752651631,0.19616358,0.40517688,0.3986596
752952970,0.49386653,0.21521041,0.290923
753381490,0.08901072,0.67792726,0.23306204
753407464,0.16095655,0.5658989,0.27314457
753510591,0.33673018,0.29118997,0.37207988
753567285,0.37445858,0.37453094,0.25101054
754003796,0.6636862,0.15637887,0.17993493
754249136,0.52383536,0.07879279,0.3973719
755240221,0.39641947,0.250967,0.3526136
755351780,0.34766176,0.3711885,0.28114974
756298120,0.41231453,0.3205851,0.26710033
756564306,0.48035738,0.11545367,0.40418893
757455810,0.25599697,0.4301951,0.31380796
757543140,0.21570292,0.21816012,0.56613696
757910095,0.27659458,0.29506513,0.42834035
757945744,0.41380188,0.28535044,0.30084762
758094569,0.3580998,0.14253335,0.49936685
758487427,0.29043025,0.38102078,0.3285489
759201941,0.3631854,0.342871,0.2939436
759212152,0.33076382,0.32246363,0.34677252
759217380,0.21690226,0.2063196,0.5767781
759547905,0.19048943,0.45286736,0.35664326
759643364,0.34087676,0.2728751,0.38624814
759772839,0.34453243,0.37165973,0.28380778
759975102,0.2164883,0.1375672,0.6459445
760493513,0.24658638,0.4384889,0.3149247
760656782,0.38915193,0.26690874,0.3439394
760679584,0.32514083,0.3377327,0.3371265
760888943,0.3907051,0.122834146,0.48646078
760930069,0.06549194,0.7381211,0.196387
760945693,0.59271854,0.14092115,0.26636034
761553274,0.21791777,0.47914138,0.3029408
763017173,0.5135003,0.27730486,0.2091949
763096473,0.14665323,0.6556504,0.19769637
763129433,0.3444304,0.26923978,0.38632977
763947937,0.41031232,0.31559348,0.2740942
764162827,0.35377872,0.34917608,0.2970452
764303769,0.23266684,0.4458718,0.32146135
764702299,0.30357203,0.3558259,0.34060213
764812062,0.13366912,0.5309083,0.3354227
764833414,0.331782,0.313638,0.35458007
765296911,0.32863536,0.36351508,0.3078496
765455106,0.08344156,0.7503453,0.16621311
765549343,0.34275165,0.29596856,0.36127976
765599574,0.28606087,0.30019596,0.41374317
765630973,0.37279338,0.3328349,0.2943717
766200656,0.23081031,0.42501196,0.34417766
766269883,0.4637196,0.21763158,0.3186488
766335087,0.46241337,0.11703731,0.42054936
766496317,0.50073844,0.27670702,0.22255452
766523855,0.31526726,0.31526726,0.36946544
766594175,0.294712,0.52577835,0.17950965
767200328,0.48220375,0.23707658,0.2807197
767203356,0.36385393,0.31809065,0.31805533
767238440,0.29077584,0.32065743,0.3885667
767357313,0.23365492,0.22392535,0.5424198
767408860,0.35326594,0.30318263,0.34355146
767534972,0.53590447,0.23140259,0.23269297
767571489,0.37946612,0.32627302,0.29426083
767654808,0.49643114,0.12062164,0.38294727
767904106,0.2652922,0.47326708,0.26144075
768309987,0.256256,0.119855404,0.62388855
769028768,0.6215151,0.16802801,0.21045697
769578212,0.14520754,0.30478224,0.5500102
769892462,0.18887329,0.57405204,0.23707473
770147628,0.3630105,0.13957231,0.4974172
770406326,0.18969776,0.30736893,0.5029334
771515659,0.08441738,0.7131634,0.2024193
771705990,0.28126222,0.4461895,0.27254832
771758244,0.24598125,0.43357474,0.3204441
771961187,0.36084098,0.33244464,0.30671442
772072990,0.46576887,0.22086279,0.31336832
772311054,0.19268428,0.5543602,0.25295547
772757442,0.21488449,0.38955942,0.39555612
773929889,0.38142854,0.3153625,0.30320892
774062307,0.33367458,0.36617345,0.30015188
774105798,0.1436826,0.69526637,0.16105105
774348995,0.43899238,0.3182461,0.24276157
775297944,0.28170374,0.35424984,0.36404645
775718046,0.098374516,0.7412943,0.16033119
775911845,0.5603332,0.08682062,0.3528462
776116035,0.22691068,0.55145216,0.22163719
776262791,0.9310628,0.0037007306,0.06523651
776642746,0.52997416,0.27150494,0.19852091
777526089,0.55415934,0.20793152,0.23790914
777675806,0.25117415,0.10640894,0.64241695
777879572,0.33949915,0.26687095,0.39362985
777951094,0.35856375,0.34968323,0.29175305
778314985,0.2044716,0.30850253,0.4870259
779169401,0.35691354,0.36072344,0.282363
779424687,0.33119538,0.29139248,0.37741208
779653499,0.32699507,0.31138024,0.36162466
779858347,0.3046656,0.34622025,0.3491141
780075991,0.32437283,0.38104367,0.29458344
780506499,0.08930174,0.658481,0.25221723
780695685,0.16986671,0.3105211,0.51961225
780697259,0.0021897494,0.015709337,0.9821009
781120108,0.22514805,0.24700053,0.52785134
781440468,0.44681332,0.25898814,0.2941986
781756651,0.20458804,0.48359418,0.31181774
781950830,0.3384707,0.40368977,0.25783953
782183410,0.32941008,0.36388838,0.30670157
782294356,0.077233784,0.2492991,0.67346716
782376358,0.6764942,0.026020423,0.29748544
782742503,0.32396254,0.2626676,0.41336992
783046987,0.4696341,0.36737433,0.16299152
783387460,0.04516182,0.7815504,0.17328773
784118017,0.28664482,0.43575516,0.27760008
784209837,0.28845623,0.3670322,0.34451163
784610835,0.43156245,0.24621202,0.32222557
784797084,0.1906226,0.44814208,0.36123532
785048916,0.41203773,0.31908843,0.26887384
785332837,0.26767072,0.33138278,0.40094644
786559406,0.21525733,0.43544227,0.3493004
786641621,0.23219115,0.49471813,0.27309072
786770718,0.32791254,0.33776534,0.33432215
786783607,0.24633323,0.39637285,0.357294
787366357,0.3480418,0.37032822,0.28162998
787423042,0.27893072,0.30645064,0.4146186
788882093,0.39044887,0.250821,0.3587301
788895476,0.227238,0.51722336,0.25553867
788968082,0.6892875,0.13662049,0.17409205
789617929,0.3671164,0.28578877,0.34709483
790171568,0.43589863,0.23516513,0.32893628
791231294,0.36192638,0.33407474,0.30399895
791677890,0.30308217,0.41164276,0.28527513
791780597,0.50339115,0.20200384,0.29460508
792352598,0.20366675,0.42322096,0.37311235
793302270,0.3590423,0.29259044,0.34836727
793866593,0.41274455,0.274045,0.31321043
795269818,0.27253363,0.3470571,0.38040924
795662476,0.32880026,0.3853655,0.28583428
796048636,0.36801437,0.29431027,0.3376754
796430071,0.3891273,0.31669033,0.29418236
796582708,0.5273599,0.15075074,0.32188943
796691108,0.019069564,0.8220326,0.15889788
796950142,0.46397337,0.19225831,0.34376827
797786870,0.23156933,0.528547,0.23988365
797790532,0.2649286,0.33395666,0.40111473
798549665,0.5260124,0.2135763,0.26041135
798816810,0.3350224,0.34091046,0.32406706
798978630,0.24744329,0.46543363,0.2871231
799680491,0.31847525,0.28733492,0.3941899
799764192,0.0653039,0.51008976,0.42460632
800536650,0.26842275,0.45006582,0.28151143
800768941,0.28473464,0.50301963,0.2122458
800898722,0.21982038,0.4346003,0.3455794
801126386,0.36488408,0.30153915,0.33357677
802392842,0.24851184,0.21920504,0.5322831
803675165,0.42806426,0.19540133,0.3765344
804208116,0.35072967,0.29324788,0.3560225
804467499,0.26167044,0.25340548,0.48492402
804497184,0.3647536,0.32222462,0.31302178
804611218,0.17479742,0.42514187,0.40006068
804722742,0.3127465,0.25016344,0.43709
805484576,0.18332008,0.5830061,0.23367386
805942889,0.300533,0.37187108,0.3275959
806191985,0.5198439,0.21694775,0.26320842
806247660,0.17579167,0.3241389,0.5000694
806976200,0.52894753,0.22271274,0.24833971
808002815,0.21574971,0.5590542,0.22519605
808323861,0.38149694,0.30890936,0.30959374
808411944,0.2809448,0.27269775,0.44635743
808909771,0.16334742,0.3663119,0.47034064
809311656,0.45314562,0.19590014,0.35095426
809686481,0.55219173,0.25095993,0.19684833
809831413,0.40762565,0.26287055,0.32950392
809848307,0.31531206,0.34498724,0.33970073
810709019,0.36682191,0.1818073,0.45137084
810931083,0.4435762,0.26479858,0.2916253
811264514,0.30062023,0.36992526,0.3294545
811522991,0.34434098,0.34825546,0.3074036
812224393,0.404381,0.31543428,0.28018472
812518689,0.33851087,0.36106244,0.30042663
812801100,0.2041849,0.26681477,0.52900034
812881541,0.17622192,0.40897065,0.41480747
812944009,0.47080705,0.1957826,0.33341035
813338471,0.3420645,0.36478248,0.293153
813403967,0.73665845,0.098546304,0.16479522
813494037,0.36950862,0.32890874,0.30158266
813774582,0.46533057,0.17992166,0.35474783
813995981,0.4184459,0.21124846,0.37030572
814676121,0.29822123,0.40530306,0.2964757
814747273,0.21968298,0.4589703,0.32134673
815069445,0.28996655,0.43123865,0.27879477
815172120,0.42798844,0.20929559,0.36271593
815631071,0.5125126,0.19053838,0.29694903
815836742,0.3669035,0.30907688,0.3240196
816173320,0.4484162,0.31462777,0.23695605
816932544,0.47198144,0.38307062,0.14494796
818607766,0.047702562,0.315223,0.6370745
818894452,0.34967956,0.32559124,0.32472923
819370039,0.32359177,0.34247905,0.33392912
820386908,0.36872464,0.32689488,0.3043805
820571253,0.4599585,0.23206374,0.3079777
821623140,0.13407858,0.49680415,0.3691173
821863835,0.35955545,0.38660365,0.25384095
822184468,0.31039527,0.33300632,0.35659835
822275122,0.30905706,0.29692262,0.39402032
822730342,0.31799567,0.25154188,0.43046248
823212361,0.29058197,0.1628176,0.54660046
823310658,0.26787567,0.31157336,0.42055094
823366502,0.17486653,0.4735113,0.35162213
824067423,0.17761703,0.38570362,0.4366793
824482237,0.1532141,0.31160498,0.5351809
824538051,0.32249162,0.20604561,0.4714627
825163139,0.26916555,0.34338346,0.387451
825294402,0.28635916,0.38348237,0.33015853
825757307,0.38975495,0.38366783,0.22657725
825768209,0.49160567,0.24816081,0.26023352
825877654,0.6015051,0.18274876,0.21574615
826290158,0.32450897,0.24692959,0.42856145
826615908,0.32849824,0.3346699,0.3368319
826903770,0.3750274,0.31687993,0.30809268
827314675,0.5016824,0.23975237,0.25856516
828115427,0.14816612,0.30867186,0.5431621
828389765,0.33692926,0.27942488,0.38364598
828828289,0.3622604,0.48788,0.14985955
829247225,0.37819764,0.30445576,0.3173466
829339695,0.14702778,0.6038504,0.2491218
829670977,0.16186617,0.16186617,0.6762676
829993431,0.21317296,0.51998836,0.26683867
830083779,0.52003247,0.21114379,0.2688237
830414375,0.38973093,0.29126558,0.31900355
830442233,0.35853708,0.333674,0.3077889
830444762,0.3302224,0.23064797,0.43912965
830517797,0.7227572,0.09681121,0.18043168
830535934,0.40862674,0.23193556,0.35943773
831081753,0.379619,0.3405861,0.2797949
831417726,0.36098763,0.32400176,0.31501055
831856317,0.06965403,0.6893305,0.24101546
832538452,0.69501394,0.12573352,0.17925245
833019307,0.32204106,0.3844783,0.29348063
833190748,0.26242575,0.45392573,0.2836485
834336581,0.3088501,0.28966674,0.40148312
834960909,0.225394,0.46022695,0.31437913
835604446,0.27734628,0.43414438,0.2885094
835667352,0.37323502,0.328402,0.29836294
836223002,0.39924788,0.3498256,0.25092646
836267605,0.51211494,0.2465156,0.24136943
836671415,0.52419424,0.16655812,0.3092477
836802513,0.10112612,0.6568062,0.24206766
836898557,0.13677534,0.3200157,0.54320896
837300328,0.16431029,0.6123914,0.22329828
837814911,0.52175725,0.11677472,0.36146796
838719756,0.5398466,0.2074691,0.25268427
838740162,0.91013086,0.015175817,0.07469333
838750137,0.14102192,0.58888036,0.27009767
839888009,0.4596422,0.2512086,0.2891492
841595438,0.2341216,0.469658,0.29622045
841820089,0.55283946,0.17338224,0.27377817
842084708,0.3023248,0.36326247,0.3344127
842567347,0.2235948,0.4918396,0.2845656
843279115,0.42381164,0.23891056,0.33727783
843334337,0.4282701,0.24496159,0.3267683
843344596,0.34406832,0.2666115,0.38932022
843445922,0.263515,0.48031607,0.25616896
843690478,0.31368974,0.37839437,0.30791587
844970664,0.40125132,0.3647488,0.2339998
845136322,0.361913,0.28299257,0.35509443
845400567,0.20630991,0.30964112,0.48404893
846154185,0.40127966,0.3657426,0.23297784
846198631,0.354614,0.42251453,0.22287145
846202143,0.89167994,0.02753376,0.080786325
846586663,0.35830015,0.39376208,0.24793784
846600696,0.41144714,0.33646348,0.25208944
846742916,0.71436626,0.10173004,0.1839037
847097167,0.56526375,0.19227064,0.24246559
847259050,0.2473634,0.5392503,0.2133863
847351627,0.31320712,0.25992864,0.42686427
847639954,0.32796845,0.23011193,0.4419196
848182145,0.15584762,0.6459475,0.19820495
848222707,0.52295744,0.21610647,0.2609361
848425453,0.13086827,0.7115559,0.15757588
848491376,0.33510914,0.3456417,0.31924915
849450351,0.32003722,0.3907384,0.28922442
849503286,0.36175084,0.30645332,0.33179584
849755318,0.4457772,0.32492164,0.22930124
850221446,0.38936895,0.3061571,0.30447394
850237855,0.21819565,0.21819565,0.56360865
850583023,0.23782389,0.52333695,0.23883915
851437941,0.41447112,0.2890394,0.29648954
851741966,0.2796669,0.468414,0.2519191
851772271,0.8767405,0.039956115,0.08330326
851776254,0.2449811,0.30597028,0.44904858
852037517,0.28687295,0.34733623,0.3657908
852166977,0.2042456,0.24962996,0.5461245
852560879,0.39991108,0.2682281,0.33186078
852732787,0.22988248,0.43365517,0.33646232
852769619,0.39033645,0.2721138,0.33754975
852856601,0.05658582,0.62357545,0.31983873
853085026,0.49988487,0.1722634,0.32785162
853774565,0.2871896,0.41952375,0.29328668
854039698,0.5613068,0.19780102,0.24089219
854204789,0.40397927,0.34287286,0.25314787
854416810,0.14846341,0.6629797,0.1885569
854836814,0.36578688,0.31352115,0.32069194
856337886,0.39695662,0.27715817,0.3258852
856798972,0.30657592,0.32896224,0.36446187
857416908,0.32255363,0.343441,0.33400524
857693972,0.19283803,0.5572341,0.24992785
857703939,0.45464018,0.24729075,0.29806906
858386083,0.41089165,0.30281937,0.28628898
858741775,0.027133936,0.015472115,0.95739394
858936913,0.34713125,0.337173,0.31569582
859060354,0.2658849,0.4297639,0.30435112
859368732,0.23044789,0.3298151,0.43973702
859655510,0.3988983,0.31806788,0.28303376
860087617,0.23316342,0.5072982,0.25953844
860172464,0.2676986,0.48945507,0.24284635
860211596,0.49076176,0.3036249,0.20561332
860275990,0.036908742,0.7578902,0.205201
860437326,0.324591,0.2070145,0.46839446
860474888,0.22057636,0.51545465,0.26396897
861660085,0.4747501,0.2650031,0.26024687
861888886,0.41109002,0.3491917,0.23971829
862357408,0.5037538,0.24039167,0.25585452
862855891,0.23945831,0.293979,0.46656275
863373115,0.1247149,0.5166355,0.35864967
864780792,0.25751382,0.4200545,0.32243168
865568768,0.24566495,0.5010617,0.25327337
865805025,0.52374154,0.19925807,0.27700043
865873332,0.459873,0.2941343,0.2459927
866492806,0.41029426,0.32559264,0.26411313
866660783,0.25237104,0.26920354,0.47842544
866976145,0.26804242,0.24054053,0.49141702
867268041,0.2737785,0.33550304,0.39071852
867508149,0.62877506,0.16099332,0.2102317
867727601,0.44417763,0.28862634,0.26719603
869915555,0.27169618,0.23627833,0.4920254
870332680,0.29314232,0.42159534,0.28526238
870814389,0.18481995,0.60852236,0.20665765
871068023,0.4097543,0.3013326,0.28891304
871227844,0.75843793,0.10387387,0.13768826
871322412,0.50950384,0.28009823,0.21039787
871371197,0.3208046,0.35758838,0.32160702
871526026,0.39963168,0.33931658,0.26105174
872056967,0.5291051,0.24042119,0.23047365
872310352,0.49366936,0.21569473,0.2906359
872363636,0.27106085,0.45118862,0.2777505
872443680,0.41072428,0.33702335,0.25225243
872539516,0.1445607,0.65194476,0.20349456
872658612,0.18767373,0.5279526,0.2843737
872974028,0.35604024,0.32237735,0.3215824
873443158,0.08125543,0.67623645,0.24250817
873642239,0.2757789,0.38627353,0.3379476
874244917,0.10362829,0.7547756,0.14159612
874473627,0.53302306,0.20535214,0.26162478
874786880,0.31341907,0.33602637,0.35055453
875290371,0.38035923,0.35053337,0.2691074
875321721,0.20627065,0.5574771,0.23625216
875677285,0.51764107,0.21092609,0.27143285
876090188,0.58586097,0.18475565,0.22938332
876108953,0.46495575,0.16631033,0.36873394
877506055,0.30291197,0.19420932,0.5028788
877656123,0.33438292,0.34426174,0.3213553
878651111,0.3321093,0.34198114,0.32590953
878820046,0.12846226,0.6164061,0.2551317
878887272,0.36400005,0.33396393,0.302036
879471430,0.21298617,0.515543,0.27147093
879678321,0.45840898,0.23924513,0.30234593
879940450,0.60819495,0.17978443,0.21202058
880047507,0.4395242,0.31873283,0.24174306
880759896,0.05298569,0.10205701,0.8449573
880846619,0.27868938,0.20866431,0.5126462
881310427,0.3402816,0.34412706,0.31559134
882306536,0.32864952,0.3962798,0.27507064
883021672,0.4229922,0.3375594,0.23944849
883915954,0.39608544,0.33641216,0.26750243
884224318,0.5926206,0.17464212,0.23273735
884314563,0.3256495,0.3752566,0.29909384
884569108,0.1791068,0.41282472,0.40806848
884859770,0.70652723,0.104211606,0.18926115
884960593,0.03482113,0.089866415,0.8753125
885447879,0.2830753,0.41578206,0.30114263
885521162,0.28441027,0.41134515,0.30424458
885980870,0.23840086,0.5073649,0.2542342
886003210,0.30746397,0.23290537,0.4596307
886021604,0.37517557,0.33290666,0.29191774
886142254,0.449452,0.24441998,0.30612805
886445906,0.24471986,0.39441174,0.36086845
887507035,0.33759996,0.3385727,0.32382736
887874877,0.737991,0.13166262,0.13034643
888100345,0.36634088,0.28583235,0.34782672
888371073,0.47717518,0.09258071,0.43024412
889167096,0.34992942,0.36307743,0.28699315
889976989,0.33627936,0.446116,0.21760476
890319668,0.27811685,0.47409225,0.24779087
890527918,0.42731616,0.2953785,0.27730536
890646735,0.28996563,0.2958673,0.41416714
890895628,0.273294,0.42430434,0.30240157
890907911,0.56857836,0.18524192,0.24617964
891079772,0.45321733,0.2376502,0.30913246
891398729,0.29338112,0.43885076,0.26776806
892081991,0.36199826,0.10873736,0.5292644
892474828,0.37622494,0.28572676,0.3380483
892547876,0.27064437,0.4585575,0.27079815
893319568,0.34055224,0.3867112,0.27273643
893763519,0.23762816,0.4234249,0.33894694
894626352,0.41575757,0.2850395,0.29920283
895330493,0.40174237,0.18387237,0.41438526
895573330,0.35021892,0.2525376,0.3972435
895707454,0.12245288,0.74920577,0.12834135
895973701,0.5098121,0.2346185,0.25556946
896013147,0.2782683,0.4043014,0.31743038
896084903,0.2166165,0.530964,0.2524195
896128160,0.35792387,0.30940217,0.33267394
896241291,0.18277308,0.6158247,0.2014022
896381874,0.36448517,0.31364602,0.32186878
896829909,0.27354848,0.39873394,0.32771757
897125348,0.24042766,0.4106577,0.34891468
897775559,0.40392622,0.373919,0.22215478
898420807,0.45720723,0.27277783,0.270015
898873672,0.25682026,0.27234146,0.47083834
899168104,0.058580287,0.77751905,0.16390064
899558259,0.2983133,0.37467664,0.32701004
899801177,0.5042025,0.23921491,0.25658262
900238265,0.46342427,0.24904725,0.2875285
900664217,0.3531244,0.34495643,0.30191916
900722589,0.49525928,0.22787473,0.276866
900748846,0.18863365,0.57111615,0.24025019
901226641,0.3986644,0.28966388,0.31167167
902353824,0.518842,0.19238225,0.2887757
902717678,0.33418503,0.37087032,0.29494473
903080822,0.3295495,0.37839076,0.29205972
903644904,0.63866127,0.16362461,0.1977141
903779818,0.3420677,0.34569278,0.31223947
904324693,0.26969957,0.45564258,0.27465785
904351330,0.30749542,0.43386242,0.2586421
904435314,0.14341001,0.6963363,0.16025372
904712108,0.3720272,0.35529453,0.2726783
904858325,0.76767236,0.07175778,0.16056994
905497492,0.10035353,0.46551317,0.4341333
905913882,0.2749809,0.38606513,0.3389539
905952256,0.2769469,0.50871724,0.21433583
905954342,0.5108937,0.2605701,0.2285362
906881914,0.07314617,0.6774698,0.24938399
907180812,0.13813454,0.47733516,0.38453034
907200418,0.58074206,0.13270798,0.2865499
907404810,0.5417337,0.22284159,0.23542477
907973163,0.26147732,0.43263364,0.30588907
909019182,0.48585784,0.19187094,0.32227123
909034690,0.526482,0.20554224,0.26797575
910875951,0.34062377,0.3337666,0.32560965
911088869,0.40303668,0.28781664,0.3091466
911439918,0.5082936,0.20081432,0.29089198
911998102,0.21173371,0.1423189,0.64594746
912794313,0.5044225,0.23926967,0.25630784
913773752,0.5730439,0.18022336,0.24673274
913802335,0.320927,0.3537114,0.32536164
915091712,0.32787564,0.26935038,0.402774
915367723,0.2658936,0.2761108,0.4579957
915541582,0.30979797,0.33968437,0.3505177
915620190,0.3203458,0.39800256,0.28165168
915697009,0.447415,0.19160415,0.36098084
915824111,0.3758932,0.32212132,0.3019855
915937366,0.17242499,0.6203568,0.20721824
917457597,0.30015403,0.3650489,0.33479708
917548030,0.40432912,0.22057818,0.3750927
917549806,0.3064815,0.36671644,0.3268021
917614862,0.6239072,0.1762141,0.19987868
917615276,0.6253574,0.053692736,0.32094982
917967567,0.532174,0.19723028,0.27059576
918029306,0.18913567,0.5317202,0.2791441
918500838,0.57413286,0.18314986,0.24271725
918733683,0.26136658,0.30820844,0.43042505
918951647,0.3391649,0.37910357,0.2817315
919033853,0.2810863,0.2784324,0.4404814
919286981,0.17689167,0.30144456,0.5216638
919864891,0.469321,0.2505879,0.28009114
920144397,0.29265046,0.48595303,0.22139649
920800884,0.28860155,0.47093445,0.24046405
921097804,0.20393816,0.45402563,0.34203622
921485666,0.5174791,0.20752631,0.27499458
921506648,0.35876703,0.32437122,0.31686178
921579211,0.27697718,0.37716156,0.34586132
921761444,0.27495033,0.39769262,0.327357
922334196,0.24353436,0.48328292,0.27318272
922418850,0.4210137,0.21509905,0.36388725
922666394,0.3218084,0.36491492,0.31327674
922942781,0.3826547,0.34452152,0.27282384
923030065,0.33955798,0.19510128,0.46534076
923222155,0.26115528,0.43366686,0.30517793
923557423,0.15948822,0.1454492,0.6950625
924281297,0.55574405,0.20661938,0.2376365
924414353,0.3014228,0.3100811,0.38849616
924507948,0.34353548,0.3345325,0.32193208
924943883,0.3596185,0.30294228,0.33743924
925134983,0.27524638,0.42263833,0.30211526
925191545,0.4040229,0.26415884,0.33181828
925485264,0.317745,0.19131456,0.49094036
925576591,0.18875206,0.5690425,0.24220544
925695484,0.3346655,0.2349105,0.43042397
925861265,0.53622144,0.20134257,0.26243594
925963894,0.5287394,0.26266655,0.20859407
926065372,0.35267016,0.38464049,0.26268932
926101126,0.20278229,0.23657648,0.5606412
926649457,0.3375656,0.44246146,0.21997291
927057715,0.3388198,0.28668335,0.37449685
928284057,0.16277222,0.30717507,0.5300528
928510260,0.47756168,0.1897633,0.33267504
929245716,0.28008083,0.29058233,0.42933682
929505116,0.2814528,0.4398599,0.2786873
929736461,0.42941552,0.28996167,0.2806228
930647393,0.2937867,0.4049058,0.30130744
930708627,0.27679002,0.4702306,0.2529794
930812345,0.23430201,0.23237534,0.53332275
930818921,0.22588618,0.22701202,0.54710174
930847441,0.5843605,0.21532689,0.20031257
932082965,0.38485336,0.3087201,0.3064265
932453358,0.33289188,0.30491385,0.3621944
932690087,0.21413644,0.21413644,0.5717271
932788649,0.6047784,0.1548455,0.24037613
933340359,0.3605413,0.22666672,0.41279194
933393524,0.34379342,0.215444,0.44076258
933847536,0.11417107,0.6339436,0.2518853
933973597,0.22764374,0.49789,0.2744663
934281363,0.37817386,0.3867288,0.23509736
934551937,0.30778095,0.18994878,0.5022703
935182872,0.29650974,0.3755478,0.3279424
935260663,0.45749757,0.2606399,0.28186247
935325476,0.25518504,0.37687013,0.36794487
936080336,0.27988118,0.45567763,0.26444116
936383911,0.3033257,0.42350608,0.2731683
936726225,0.35977736,0.3299679,0.31025478
937078545,0.32004464,0.37777227,0.302183
937860125,0.36695927,0.35400152,0.2790392
938616798,0.3041738,0.33823273,0.3575935
939110797,0.15138783,0.6299708,0.2186414
939239926,0.35111833,0.35202047,0.2968611
939431975,0.15086278,0.15086278,0.69827443
939800989,0.26082766,0.43037033,0.308802
940268001,0.25431496,0.5083915,0.23729356
940876675,0.5268865,0.24510583,0.22800764
941832416,0.29430467,0.42705756,0.2786378
942014434,0.33798993,0.3702696,0.29174045
942448465,0.4173877,0.29324883,0.28936344
942492220,0.23272033,0.19023053,0.5770492
943261655,0.41693512,0.2704528,0.312612
943440380,0.23118393,0.56174755,0.20706846
943668861,0.33693177,0.25979418,0.40327412
943944171,0.5164774,0.21930952,0.2642131
944632808,0.31408316,0.34349516,0.34242168
944774454,0.115235925,0.58906835,0.29569572
945050683,0.027280373,0.86750466,0.10521494
945592869,0.38077536,0.3010377,0.31818694
945755614,0.36882222,0.35743448,0.2737433
946126879,0.30449864,0.3697967,0.32570472
946475791,0.17435656,0.43723863,0.38840488
946878255,0.22237964,0.44058934,0.33703107
947129728,0.19741409,0.32319725,0.47938862
947590678,0.47572976,0.2502262,0.2740441
947766919,0.27474618,0.4464769,0.27877697
948700648,0.33351448,0.35728708,0.3091984
949212778,0.3301518,0.33834997,0.33149827
949245136,0.23887132,0.39755556,0.36357316
949321212,0.229147,0.54177415,0.22907889
949940487,0.114018366,0.6428449,0.24313669
950057857,0.42795753,0.27793744,0.294105
950471324,0.3123054,0.24267508,0.44501957
950813663,0.28016406,0.4213062,0.29852977
952116483,0.28557315,0.395342,0.31908485
952119992,0.36978737,0.35761267,0.27259997
952497923,0.35345954,0.31186995,0.3346706
952785835,0.25742802,0.37087166,0.3717003
953238116,0.4125965,0.23900922,0.3483943
953490431,0.3598973,0.38089225,0.2592105
953760870,0.3767475,0.32940248,0.29385006
953949817,0.16776939,0.11392692,0.7183037
954241867,0.40574017,0.29741862,0.2968412
954410312,0.3028807,0.416874,0.28024527
955238091,0.36426362,0.18707089,0.4486655
956130768,0.3036886,0.3535303,0.3427811
956249108,0.49748397,0.23732463,0.2651914
956455246,0.36959895,0.31105918,0.31934184
957159094,0.6015662,0.21145141,0.18698238
957624109,0.22287261,0.46709886,0.31002855
957625735,0.13422224,0.39614445,0.46963337
957831114,0.24260688,0.21202719,0.545366
958181648,0.5899853,0.18979928,0.22021545
959558277,0.34114918,0.3357378,0.32311305
959829606,0.15009147,0.5807012,0.2692074
959861067,0.26981482,0.3713672,0.35881802
959896926,0.22093743,0.5138807,0.2651818
959904675,0.38321358,0.27126744,0.345519
960146700,0.23623846,0.21227466,0.5514869
960813185,0.5645901,0.16541453,0.26999536
961009421,0.14593838,0.6678454,0.18621624
962702112,0.33641282,0.35005784,0.31352925
962859444,0.27486873,0.4267233,0.29840803
962925391,0.25877818,0.46221572,0.2790061
963079512,0.3719942,0.39375135,0.23425445
963168221,0.5750005,0.1601769,0.26482254
963245131,0.1964415,0.31884253,0.48471597
963297065,0.24577071,0.46739587,0.28683344
963922807,0.61893016,0.16268082,0.21838906
964175194,0.17729208,0.6001505,0.2225574
964624604,0.1273222,0.6307872,0.24189064
964779872,0.1825527,0.45870236,0.35874504
964791589,0.24479337,0.49289036,0.26231632
965336812,0.28337234,0.3125227,0.40410486
965393251,0.23192385,0.3759707,0.39210543
965632179,0.2901818,0.4279719,0.28184637
966357208,0.52745134,0.24054416,0.23200455
966677815,0.29001686,0.3585981,0.35138506
967676591,0.43907377,0.34763193,0.21329431
968051836,0.5960872,0.1285318,0.275381
968436670,0.29726687,0.29744682,0.40528634
968511670,0.12580967,0.34729406,0.52689636
968613117,0.19633228,0.43567285,0.36799484
968827692,0.41865927,0.2915163,0.28982434
969389798,0.36625874,0.29860735,0.33513394
969553384,0.15213609,0.53160256,0.31626138
971674074,0.6516214,0.09505561,0.25332302
972663364,0.10373389,0.6929978,0.2032683
973014278,0.6318838,0.12150179,0.24661438
973230523,0.27319992,0.41458216,0.31221792
974692310,0.28631026,0.21503034,0.49865946
974713087,0.28422478,0.46377912,0.25199613
975160851,0.14985476,0.27845693,0.57168835
976503099,0.16084462,0.59832627,0.24082913
976597579,0.63487643,0.15689959,0.20822397
976978017,0.20007595,0.5734124,0.22651158
976990743,0.41173762,0.30389503,0.28436738
976993712,0.37354046,0.3185734,0.30788615
977119656,0.1793094,0.18941753,0.63127303
977375709,0.5299151,0.1231714,0.34691355
977470878,0.51724887,0.19225664,0.29049447
977533411,0.23044033,0.4689708,0.30058885
978005926,0.38396567,0.28693688,0.32909748
978511693,0.4318127,0.28445473,0.28373256
978709287,0.5190507,0.19239214,0.2885571
979358488,0.061394498,0.6410109,0.29759458
979401700,0.16298744,0.22605072,0.61096185
979496375,0.45207992,0.25152275,0.29639733
979979768,0.5911767,0.1452428,0.26358044
980244783,0.2708716,0.39624938,0.33287898
980854550,0.17391527,0.5910958,0.2349889
981410377,0.43394113,0.31216922,0.2538897
982551587,0.28261015,0.056211963,0.66117793
982612097,0.19605422,0.5391334,0.26481235
983201833,0.5867115,0.091591954,0.3216966
983286724,0.54979026,0.1993102,0.2508995
983741282,0.2446447,0.50888103,0.24647428
984165318,0.2310561,0.66918373,0.099760175
984857340,0.33852613,0.387934,0.27353978
984877708,0.534006,0.25246373,0.2135303
985392153,0.5308388,0.22299275,0.24616845
985616061,0.28164053,0.48871753,0.22964191
985822193,0.26339155,0.46726564,0.2693429
985876448,0.29793686,0.38460156,0.31746164
986644792,0.46949387,0.26899427,0.26151186
987355737,0.29941806,0.21482502,0.4857569
987569113,0.3819123,0.22103319,0.3970546
988140021,0.33484235,0.32819292,0.3369647
988237706,0.29910994,0.4268862,0.27400383
988273890,0.23660935,0.4824003,0.28099036
988350780,0.32335675,0.3297444,0.34689888
989339260,0.21551554,0.36816877,0.4163157
989358191,0.71258783,0.03901188,0.24840029
991144882,0.5198848,0.24142131,0.23869385
991590724,0.40694284,0.315615,0.27744222
991748622,0.40254128,0.36517328,0.23228543
992438897,0.49901673,0.22136886,0.27961436
992704586,0.20348036,0.5445612,0.25195843
992716746,0.24789067,0.46090168,0.29120767
993718349,0.2580248,0.41761982,0.32435536
994568384,0.4406788,0.22062567,0.33869547
994923800,0.26022148,0.46572277,0.27405575
995852331,0.3074498,0.32366428,0.3688859
996098848,0.4773556,0.21653222,0.3061122
996318034,0.2770281,0.48628384,0.23668805
997877761,0.20487787,0.5602406,0.23488149
999672705,0.30245402,0.31700948,0.38053656
999929110,0.59587246,0.18909815,0.21502927
999970825,0.35613945,0.3876216,0.25623897
1000959511,0.25510773,0.36399823,0.38089406
1001709180,0.2048612,0.304252,0.49088684
1001709538,0.6376321,0.16760778,0.19476019
1003466948,0.545396,0.21548815,0.23911591
1003948253,0.49764836,0.31514102,0.18721063
1004975157,0.23433873,0.30408505,0.46157622
1005246965,0.16278076,0.3694905,0.4677288
1005334175,0.268697,0.44614154,0.28516155
1005531631,0.3884017,0.28075424,0.33084407
1006540669,0.20403956,0.45676482,0.33919564
1006662732,0.41767225,0.3183367,0.26399112
1006671822,0.4007704,0.36018968,0.23903999
1007032744,0.44387674,0.30723312,0.24889013
1007660141,0.37652352,0.30812287,0.31535366
1007950182,0.83884406,0.06656368,0.09459226
1008888754,0.36493897,0.3574726,0.27758846
1009012353,0.3249338,0.41495267,0.2601135
1009112621,0.20819184,0.59444344,0.19736467
1009226340,0.2659299,0.2898173,0.44425285
1009354810,0.29198268,0.39379406,0.3142233
1009485171,0.54582113,0.1686068,0.28557214
1010884121,0.47912896,0.26862535,0.25224578
1011129469,0.32501033,0.31003824,0.36495146
1011138667,0.45203915,0.22853804,0.3194228
1011257347,0.33931398,0.39522976,0.2654563
1012302776,0.39985102,0.3109345,0.28921443
1012736847,0.03888172,0.7008378,0.26028043
1013047563,0.37751955,0.29696855,0.3255119
1014994649,0.10944933,0.71365964,0.17689109
1015541561,0.62531704,0.17802109,0.19666189
1015763468,0.45052606,0.31475157,0.23472244
1015800095,0.36654738,0.33059135,0.3028612
1016546382,0.43786892,0.35771108,0.20441996
1017308929,0.36722377,0.29781497,0.3349613
1017748045,0.35716167,0.2623089,0.38052946
1018140476,0.36022598,0.3291462,0.31062788
1018178352,0.36361104,0.40912476,0.22726426
1018249075,0.3610487,0.35495582,0.28399554
1018307815,0.60454816,0.1205481,0.27490377
1019284587,0.2931712,0.42947668,0.27735215
1019335160,0.5906732,0.16618519,0.2431416
1019909130,0.45485577,0.2730341,0.27211016
1021487702,0.29502916,0.26948348,0.43548733
1021638126,0.42049077,0.17928764,0.4002216
1021833650,0.47339895,0.22147064,0.30513036
1022075484,0.3868198,0.27153677,0.34164342
1022473512,0.32127804,0.13155442,0.54716754
1022798287,0.2447405,0.1612526,0.59400696
1023763530,0.3123929,0.33496132,0.35264578
1024748755,0.23365366,0.5267499,0.23959647
1025088953,0.2641884,0.4360315,0.2997801
1026974500,0.2625314,0.42652312,0.31094545
1027651895,0.3092207,0.32810748,0.36267188
1027917935,0.41995785,0.32501346,0.2550287
1027920306,0.61170685,0.20799108,0.18030205
1028922971,0.34662026,0.37251648,0.28086326
1028945485,0.3170628,0.21285564,0.47008154
1029176578,0.41217536,0.30239752,0.28542706
1029472639,0.19169481,0.4791267,0.32917845
1030543400,0.41609263,0.3028859,0.2810215
1030559904,0.61896145,0.147594,0.2334446
1030560277,0.21618073,0.4666185,0.31720084
1031507116,0.53507805,0.20929722,0.25562477
1032416672,0.36446407,0.3529588,0.28257716
1032817895,0.29224712,0.17407382,0.533679
1032963578,0.29058254,0.40635505,0.30306244
1033016986,0.44344378,0.28595695,0.27059928
1033027090,0.63493097,0.16599861,0.19907051
1034777449,0.5374402,0.24204192,0.22051795
1035024995,0.33195305,0.35244507,0.3156018
1036074595,0.33417308,0.34933856,0.31648842
1036228109,0.3480717,0.25655112,0.39537713
1036262220,0.27193883,0.46925336,0.25880787
1036629068,0.35699168,0.3282752,0.31473312
1036744892,0.38108957,0.17827863,0.44063184
1036783118,0.39445215,0.35178387,0.25376403
1037485963,0.5576195,0.15768206,0.28469846
1037983142,0.5216655,0.14668211,0.33165237
1038037654,0.1902236,0.5280165,0.2817599
1038833149,0.18001816,0.5681362,0.25184572
1038837107,0.17284992,0.5828375,0.24431257
1039145592,0.28986192,0.11884521,0.59129286
1039890316,0.30130664,0.42388356,0.2748098
1040016958,0.32325047,0.3823378,0.29441178
1040871669,0.3615633,0.31137848,0.3270582
1040921356,0.39993817,0.33246797,0.26759398
1041335069,0.34950796,0.24794279,0.4025492
1041982871,0.2944949,0.4228362,0.2826689
1041993740,0.21951725,0.46762913,0.31285366
1042158258,0.26686102,0.24760245,0.48553658
1043948147,0.29377022,0.3940868,0.31214294
1044093457,0.43409386,0.21210022,0.35380596
1044115322,0.1991189,0.5690471,0.23183402
1044133838,0.8658313,0.04731652,0.08685218
1044672426,0.34158215,0.30900952,0.3494083
1045182636,0.3539064,0.2569558,0.38913783
1046184722,0.24439754,0.5222967,0.2333057
1046282842,0.39384788,0.30888623,0.2972659
1047451741,0.22652693,0.53561276,0.23786026
1047617716,0.20747526,0.2992643,0.4932604
1048906649,0.08896464,0.67106974,0.2399656
1049033531,0.42018163,0.26737705,0.31244132
1049843584,0.29358125,0.35028452,0.3561342
1049955254,0.180394,0.5988934,0.22071254
1050470383,0.50373155,0.16611858,0.33014992
1050479160,0.27309802,0.45500138,0.27190065
1050963907,0.5617938,0.21965529,0.21855094
1051229262,0.43163687,0.2578847,0.31047842
1051435314,0.19895868,0.41437322,0.38666815
1051839803,0.24521232,0.3249537,0.42983398
1052109232,0.22334273,0.3372567,0.43940055
1052394269,0.24210703,0.4926548,0.2652382
1052669600,0.2680784,0.41475227,0.31716934
1053405939,0.3717326,0.31702793,0.3112395
1054203039,0.291576,0.41868615,0.28973788
1054423207,0.3930412,0.23085308,0.37610573
1054650154,0.51108384,0.24671456,0.24220158
1055200347,0.4419652,0.19199073,0.36604398
1055259015,0.37599742,0.3030597,0.3209429
1055440526,0.20063776,0.47376636,0.32559592
1056182908,0.31765056,0.31100804,0.37134135
1056620183,0.41856796,0.3439529,0.23747914
1056847475,0.18536586,0.6330755,0.18155865
1057245438,0.2682683,0.49307305,0.23865873
1057958288,0.21441282,0.40181997,0.38376728
1058046129,0.6832671,0.058670107,0.25806272
1058054751,0.0098871915,0.009113642,0.98099923
1058256907,0.2653055,0.45183104,0.28286347
1058290383,0.1751849,0.5858939,0.2389211
1058391177,0.3483622,0.37104133,0.2805965
1058443350,0.48364666,0.24835628,0.26799697
1059491544,0.3963832,0.26518175,0.3384351
1059702344,0.34028274,0.34672052,0.31299672
1060390996,0.20133938,0.5646163,0.23404425
1060422212,0.3262995,0.33711496,0.33658555
1060480766,0.56401783,0.2042943,0.23168787
1060577312,0.3621254,0.327889,0.3099857
1060595145,0.06977394,0.43563908,0.49458697
1061832747,0.48605013,0.23819527,0.27575466
1061844330,0.25574347,0.47578818,0.2684683
1062018626,0.34559447,0.35050315,0.3039024
1062046335,0.060202528,0.69428205,0.2455154
1063273133,0.33512044,0.20465589,0.46022367
1063297365,0.35460258,0.27561843,0.36977905
1063757177,0.1212442,0.6524914,0.22626446
1064184554,0.51804864,0.24543488,0.23651648
1064404353,0.31119138,0.4140818,0.2747268
1064408840,0.38721144,0.3626294,0.25015914
1064964076,0.5188918,0.27764153,0.20346667
1065001520,0.19565023,0.19807936,0.6062704
1066265973,0.4367137,0.2713972,0.29188904
1066652062,0.3392482,0.37719622,0.28355554
1067693407,0.3614163,0.41576597,0.2228177
1067779699,0.22163196,0.30302155,0.47534654
1067800616,0.36420345,0.36191678,0.27387983
1068429580,0.5422326,0.23106743,0.22670004
1068482775,0.26633286,0.4427443,0.29092273
1068944126,0.24167286,0.5342098,0.22411737
1069550066,0.21346484,0.4589791,0.32755607
1070051461,0.3646311,0.36501762,0.27035126
1070247583,0.29496616,0.36349425,0.3415396
1070290066,0.37343335,0.33376938,0.29279718
1070629383,0.26949143,0.43462327,0.2958853
1071059762,0.26574674,0.30426767,0.42998552
1071285020,0.53685004,0.17686115,0.2862888
1071740899,0.4108981,0.2874022,0.30169964
1071787154,0.362071,0.43303525,0.20489381
1072237788,0.3224418,0.3189549,0.35860333
1073317222,0.34625962,0.33799437,0.31574607
1073904482,0.5762925,0.20305647,0.22065105
1074152916,0.48187116,0.24825715,0.26987174
1074701889,0.21508092,0.56731457,0.21760453
1075250353,0.29164392,0.43659672,0.2717593
1075337531,0.22296432,0.5506182,0.2264175
1075598606,0.12410181,0.7211813,0.1547169
1076432568,0.20449454,0.57441866,0.22108676
1076778279,0.01643036,0.94727397,0.036295533
1076990734,0.42269602,0.27493042,0.30237356
1077102307,0.18459867,0.5849445,0.23045687
1077165674,0.3023806,0.39329395,0.3043255
1077402263,0.34367535,0.37064174,0.2856829
1078222070,0.3522114,0.3513698,0.29641888
1078435514,0.122976296,0.51050496,0.36651877
1078439285,0.10102842,0.69021755,0.20875396
1079140970,0.2322509,0.2322509,0.53549814
1079306348,0.31243098,0.29381958,0.39374942
1079974151,0.15239108,0.6149594,0.23264961
1081198286,0.26555124,0.27449045,0.4599584
1081293255,0.36038336,0.22318786,0.4164288
1081562108,0.16271561,0.31199044,0.5252939
1081678143,0.07370256,0.82810384,0.09819363
1081831225,0.15825522,0.62440366,0.21734113
1084486682,0.6006603,0.10670367,0.292636
1084541778,0.29491413,0.43236333,0.27272254
1084774628,0.29583138,0.38752612,0.3166425
1084797664,0.24251892,0.42430016,0.33318093
1084915776,0.30143273,0.39639378,0.30217344
1085288903,0.48359764,0.22525245,0.29114997
1085614294,0.26618022,0.37072748,0.3630923
1086097722,0.18764144,0.49193302,0.32042554
1086199503,0.32470852,0.3878631,0.28742835
1086350357,0.44593692,0.29709095,0.25697216
1086869207,0.5351845,0.22883126,0.23598427
1087054090,0.77738154,0.0747053,0.1479132
1087278538,0.27174544,0.48819265,0.24006191
1087360423,0.3424903,0.3070057,0.350504
1087730750,0.42203227,0.2171725,0.36079526
1088911661,0.45322624,0.29406512,0.25270864
1089324157,0.32370132,0.4177793,0.25851923
1089623382,0.2185199,0.39587316,0.38560697
1089844319,0.17179866,0.58963877,0.23856258
1091064572,0.8228556,0.060915634,0.11622886
1091261085,0.1726936,0.4396208,0.38768566
1091912366,0.56501985,0.25518999,0.17979018
1091983606,0.45248127,0.26297903,0.28453973
1092083027,0.29058915,0.41053474,0.2988761
1092127268,0.37535882,0.32192597,0.30271518
1092138215,0.4384136,0.30006745,0.26151899
1093652139,0.18470596,0.5555171,0.259777
1093749993,0.45392796,0.2774611,0.26861086
1094424725,0.2292816,0.3702369,0.40048152
1095494081,0.47203955,0.2701472,0.25781327
1095580012,0.34872973,0.31938946,0.3318808
1095922736,0.31495082,0.27921623,0.40583295
1096305551,0.222119,0.24847877,0.5294022
1096680952,0.098709136,0.38027072,0.52102023
1096922967,0.30950752,0.3799814,0.31051102
1097447608,0.34256953,0.4268181,0.23061234
1097898821,0.31407776,0.4375271,0.24839522
1098358052,0.2675526,0.47553563,0.25691172
1098834325,0.29927585,0.47174498,0.22897914
1099090198,0.15025088,0.27493122,0.5748179
1099577871,0.2803527,0.44038528,0.27926204
1099776691,0.39536113,0.30608904,0.29854983
1100595276,0.11406997,0.5268963,0.35903376
1100835996,0.20820607,0.5426643,0.24912965
1100982684,0.40075773,0.2903517,0.30889055
1101662613,0.37671292,0.33248326,0.29080385
1101720975,0.12645578,0.58870906,0.28483525
1101960228,0.40606093,0.282787,0.31115204
1102545808,0.3835522,0.22342403,0.39302376
1102892351,0.20762466,0.40624732,0.38612798
1103260605,0.28260866,0.44467047,0.2727209
1103266094,0.15416694,0.5782533,0.26757976
1103799908,0.46495688,0.23368174,0.3013614
1104061926,0.48767674,0.21967451,0.29264867
1104474252,0.10720758,0.705327,0.18746553
1104561404,0.2886693,0.44614497,0.26518583
1104985207,0.3015077,0.37655357,0.32193866
1105095339,0.37016588,0.29429185,0.33554232
1105980857,0.37800238,0.28143895,0.3405587
1106045066,0.60708195,0.17681246,0.2161056
1106093983,0.36100683,0.35218072,0.2868125
1106162802,0.4131358,0.28608,0.30078423
1106686892,0.38247627,0.33098835,0.2865354
1106775264,0.15321746,0.2935006,0.55328184
1107241575,0.41889513,0.2889851,0.2921198
1107416604,0.26025054,0.4562135,0.28353593
1108244912,0.41748258,0.3256598,0.2568576
1108527003,0.037466094,0.8095803,0.15295361
1108580243,0.19286467,0.51146126,0.29567406
1108862607,0.273241,0.49399596,0.232763
1110048206,0.35810733,0.2911141,0.3507785
1110058822,0.43790582,0.2638368,0.29825738
1110925647,0.6018566,0.124179654,0.27396375
1111423643,0.107180186,0.70866936,0.18415041
1111463510,0.4076969,0.31347933,0.27882382
1111784898,0.3778235,0.21561226,0.4065643
1112037310,0.4354271,0.30407825,0.26049468
1112077024,0.43460435,0.11738643,0.44800925
1112102849,0.2621053,0.5374647,0.2004301
1112147390,0.35012564,0.31048882,0.33938548
1112350870,0.5997742,0.18832031,0.21190551
1112365536,0.42485464,0.24201174,0.33313376
1112776268,0.58700573,0.1896236,0.22337069
1113548965,0.49812907,0.23643091,0.26544
1113682910,0.4374089,0.27886504,0.28372607
1113898468,0.06837868,0.7099155,0.22170582
1114583158,0.079628274,0.7274814,0.19289032
1115509763,0.25835103,0.24494734,0.49670166
1115775492,0.37115985,0.3455962,0.28324395
1116010684,0.18584226,0.19515377,0.619004
1116028233,0.5288186,0.20548663,0.26569474
1116492070,0.36482435,0.33396277,0.3012129
1116720410,0.4866123,0.24163616,0.27175155
1116784988,0.41204774,0.20254539,0.38540688
1116973655,0.28159696,0.37025672,0.34814632
1117066573,0.23817284,0.4708288,0.29099843
1117185709,0.17874299,0.2774629,0.5437941
1117260431,0.18864372,0.46076787,0.3505884
1117496788,0.071432434,0.7242494,0.20431815
1117700610,0.37972075,0.173163,0.44711632
1117773006,0.397499,0.39123362,0.21126737
1117869850,0.16455285,0.13895631,0.6964908
1118041627,0.15588826,0.5722352,0.2718765
1118207480,0.40695888,0.28838512,0.30465603
1118364534,0.40489674,0.3075666,0.28753656
1120014665,0.23298955,0.5158727,0.25113776
1120472083,0.48259968,0.19905946,0.31834087
1121610810,0.18147744,0.21646081,0.60206175
1121676141,0.2358062,0.53251463,0.2316792
1122114075,0.587508,0.16693719,0.24555475
1122136712,0.27569392,0.28258643,0.4417196
1122470256,0.2581906,0.44141716,0.30039215
1122515202,0.6555985,0.09906451,0.24533693
1122908935,0.57332623,0.1610863,0.26558748
1123764630,0.24651207,0.5202114,0.23327655
1123890004,0.1910573,0.46260762,0.34633502
1123932965,0.24392487,0.4233674,0.3327077
1125292564,0.6604376,0.1549511,0.18461132
1125898108,0.36216098,0.34914136,0.28869763
1126200537,0.2774119,0.42545995,0.29712808
1126419430,0.48644695,0.25867277,0.25488028
1126496904,0.1459343,0.63238364,0.22168207
1126620215,0.20472878,0.5290468,0.26622447
1126881108,0.3723225,0.30523643,0.32244107
1127147098,0.28228068,0.4334447,0.28427464
1127708840,0.45874548,0.21722987,0.32402465
1127947285,0.23913792,0.4170313,0.34383082
1128125112,0.7372072,0.055639114,0.2071537
1128698907,0.41684666,0.24978332,0.33337012
1128743062,0.43994346,0.15107043,0.40898612
1129007304,0.30072033,0.3892415,0.31003818
1129094985,0.75176454,0.03817098,0.21006455
1129531382,0.29123974,0.27542368,0.43333662
1129909224,0.39972067,0.2909071,0.30937225
1130410689,0.271371,0.46734795,0.2612811
1130499406,0.41516176,0.2930454,0.29179287
1130561892,0.45032185,0.27332386,0.27635428
1130748876,0.37349647,0.23999502,0.3865085
1131248224,0.719331,0.057176434,0.22349265
1131743361,0.19278856,0.25253803,0.55467343
1132020153,0.341052,0.37870106,0.28024685
1132072781,0.64206487,0.14107023,0.21686488
1132123893,0.3606317,0.3473032,0.29206505
1132246089,0.31818053,0.28680626,0.39501333
1132453114,0.07669392,0.7338296,0.18947648
1132646513,0.19211236,0.57559216,0.23229551
1132890375,0.20238836,0.19860335,0.5990083
1132892094,0.3401944,0.33148715,0.3283184
1133289519,0.36661363,0.28235537,0.351031
1134249299,0.39278552,0.2898915,0.31732303
1134293607,0.14726599,0.6066652,0.24606878
1134847497,0.28969777,0.41040108,0.29990116
1135563252,0.45892546,0.27035874,0.2707159
1135847660,0.1178309,0.7233307,0.15883845
1135976346,0.36228698,0.21369532,0.42401776
1136101797,0.34932476,0.38192746,0.26874766
1136308749,0.27199543,0.39666396,0.33134058
1136935930,0.35172307,0.32033947,0.32793742
1137496816,0.18741785,0.5481559,0.2644263
1137861510,0.36064422,0.30557176,0.333784
1137979314,0.35016936,0.31037837,0.33945227
1138129219,0.5051388,0.23168992,0.2631713
1138362975,0.71636325,0.12877975,0.15485695
1138388307,0.07408682,0.60067064,0.32524255
1138418371,0.2766135,0.28286284,0.44052362
1138437067,0.3319402,0.42050976,0.24755006
1139163988,0.35292768,0.3675576,0.27951467
1139434392,0.29642066,0.3878813,0.31569803
1140340840,0.67240787,0.17067964,0.1569125
1140392359,0.35835305,0.35890162,0.28274533
1140457370,0.35835564,0.31319854,0.3284458
1140849794,0.42047992,0.31184667,0.26767343
1140908549,0.6124593,0.10038028,0.28716046
1141390261,0.34232104,0.34493437,0.31274462
1141686357,0.4067197,0.19321841,0.4000619
1141889297,0.47360173,0.33015132,0.1962469
1141995661,0.33566204,0.13188745,0.5324505
1143183834,0.6357663,0.16501917,0.1992145
1143477729,0.08270481,0.3255787,0.59171647
1143572488,0.34750628,0.36853704,0.28395677
1145151929,0.43913484,0.29735464,0.26351058
1145537193,0.30793592,0.34070963,0.35135442
1145708232,0.15551259,0.64053965,0.20394774
1146627830,0.48885122,0.23839043,0.27275836
1146876633,0.29476368,0.32234994,0.38288644
1146938822,0.39509296,0.33117992,0.27372718
1147438345,0.1784381,0.31779832,0.5037636
1147484162,0.20214815,0.4037893,0.39406252
1147739666,0.85236186,0.038247634,0.1093905
1149446343,0.49370363,0.1664152,0.33988106
1149975172,0.35784647,0.35575897,0.2863946
1150088097,0.17886055,0.46912983,0.35200956
1150946191,0.5208072,0.1956292,0.2835636
1151018362,0.5866767,0.16848625,0.24483703
1151311864,0.026332267,0.8866147,0.08705306
1151532697,0.3843818,0.36580244,0.24981584
1152116208,0.5584792,0.10013878,0.34138206
1152598108,0.14992817,0.6212889,0.22878292
1152834149,0.26325834,0.34211025,0.39463142
1153079854,0.45516753,0.2883768,0.25645572
1153352168,0.36153895,0.32207817,0.31638288
1153822164,0.26734462,0.4559258,0.27672964
1155010828,0.3879647,0.34638694,0.26564837
1155815560,0.123088956,0.61921924,0.25769183
1156253662,0.3479797,0.35049018,0.3015301
1157940278,0.49642465,0.12747732,0.37609807
1158046087,0.27393186,0.40348843,0.32257965
1158313814,0.33308914,0.37130854,0.2956023
1158937172,0.25460735,0.34172034,0.4036723
1160293013,0.39798322,0.28697732,0.31503946
1160542447,0.27968594,0.3291579,0.39115614
1161166875,0.22626016,0.5438275,0.22991243
1161205031,0.30620575,0.33954823,0.35424602
1161696460,0.45840496,0.29596826,0.24562676
1162048574,0.61274266,0.15921047,0.22804691
1162079496,0.5795045,0.10261883,0.31787667
1162483298,0.1846393,0.5922401,0.22312061
1163177218,0.25086707,0.36446995,0.384663
1163461693,0.5784323,0.22853583,0.19303182
1164166335,0.27614322,0.400735,0.32312182
1165121135,0.16357662,0.57707787,0.2593455
1165123430,0.4676637,0.220403,0.3119333
1165230517,0.34741816,0.38905224,0.26352963
1165649174,0.45139924,0.22421093,0.3243898
1165891032,0.087541044,0.42342296,0.48903605
1166499585,0.16113114,0.63049436,0.20837446
1166888029,0.23931594,0.5081522,0.2525319
1166987490,0.38834724,0.34067076,0.270982
1168712147,0.1465562,0.64803463,0.20540912
1169236205,0.22130792,0.5822993,0.1963928
1169430677,0.49046776,0.23396306,0.2755691
1169625579,0.36059788,0.2762989,0.3631032
1170044487,0.23732385,0.5358573,0.22681883
1170255677,0.3570763,0.3570763,0.28584749
1170780635,0.332466,0.42151237,0.24602161
1171423806,0.3711612,0.3669714,0.26186752
1171895280,0.4051617,0.30771184,0.2871264
1171977803,0.22008967,0.3271441,0.45276627
1172261101,0.44864753,0.3038136,0.24753891
1172278023,0.10386402,0.7193835,0.1767525
1172305743,0.13966317,0.6212972,0.2390396
1172877730,0.2975728,0.41090554,0.29152167
1173172215,0.22791873,0.53202343,0.2400579
1174027016,0.22299308,0.39315248,0.38385448
1174447572,0.21942128,0.49479315,0.28578562
1174478604,0.34256393,0.20503822,0.45239788
1175354738,0.27671593,0.47884086,0.24444322
1176642525,0.27218106,0.35881138,0.3690076
1176821550,0.41672444,0.23183921,0.35143632
1176902080,0.25899026,0.17207804,0.56893164
1177166079,0.18911646,0.55455285,0.25633064
1177853691,0.63725424,0.1697515,0.1929943
1177930924,0.24151585,0.4635073,0.29497686
1178208595,0.3380398,0.32867566,0.3332845
1178706650,0.15349197,0.29829988,0.54820806
1178923234,0.23867778,0.44835016,0.3129721
1179347120,0.43724942,0.23772243,0.32502818
1179361765,0.21502851,0.5067683,0.27820322
1179393569,0.10570766,0.36481404,0.5294783
1179532255,0.3693004,0.30160436,0.32909518
1180071843,0.27410534,0.35446092,0.37143373
1180466249,0.4220047,0.30672127,0.27127406
1180713429,0.40029877,0.20644309,0.3932582
1180715321,0.35771507,0.34108415,0.30120084
1181697625,0.30365494,0.4063405,0.29000458
1182494967,0.11062147,0.6020983,0.28728023
1183523598,0.27842477,0.45406264,0.26751253
1183529856,0.16794814,0.48961562,0.34243622
1183623397,0.39600408,0.3077866,0.29620937
1184271153,0.7086998,0.13449492,0.15680526
1185046923,0.5156797,0.21572028,0.2686
1185506878,0.1916571,0.3760551,0.4322878
1186227131,0.41698697,0.35379407,0.22921896
1186945177,0.22541097,0.3397614,0.43482766
1187446450,0.315292,0.37515178,0.30955622
1187851052,0.44225508,0.24602379,0.31172112
1188360566,0.40210935,0.28383392,0.3140568
1188653516,0.5403241,0.20041505,0.25926086
1188680956,0.36435744,0.35615125,0.27949134
1188973188,0.37387505,0.2610356,0.3650894
1189120228,0.7314939,0.09146922,0.17703693
1189371503,0.3734846,0.30107403,0.3254413
1189512000,0.19492364,0.5074557,0.29762062
1189576478,0.27933347,0.22007681,0.5005897
1190420046,0.4402483,0.23979221,0.3199595
1190526022,0.2919712,0.09524994,0.6127789
1190693959,0.38842416,0.22612055,0.38545543
1190730907,0.48123574,0.22983605,0.28892818
1190738743,0.5559658,0.19825108,0.2457831
1191832801,0.37341368,0.33623624,0.29035002
1192123675,0.3282172,0.34106982,0.33071297
1192231238,0.50185525,0.14336051,0.35478428
1193627664,0.46969396,0.21475543,0.31555063
1194153567,0.34208596,0.35970896,0.2982051
1194296943,0.40432206,0.30100548,0.29467255
1194738124,0.23235476,0.47244444,0.2952008
1194831383,0.23123547,0.41726568,0.35149878
1195687963,0.035884254,0.82941806,0.13469769
1196357576,0.31807983,0.38520667,0.2967135
1196375667,0.34706858,0.27695203,0.37597936
1196785827,0.38934746,0.30475786,0.30589464
1197647732,0.22989744,0.29880562,0.47129694
1197924027,0.34380835,0.35227695,0.30391458
1198008923,0.2981852,0.34417394,0.35764086
1198125015,0.36715972,0.39337364,0.23946673
1198287912,0.2268581,0.34237483,0.430767
1198296007,0.6149934,0.13746884,0.2475378
1198654506,0.35997835,0.27457336,0.3654482
1198885547,0.26876777,0.40493935,0.326293
1201324105,0.063306816,0.80033284,0.13636032
1203478887,0.32851148,0.34892172,0.32256675
1203663576,0.68187326,0.14251243,0.17561437
1203769527,0.35767433,0.37768435,0.2646414
1204015959,0.24582043,0.575165,0.17901462
1204066469,0.220822,0.50163007,0.27754802
1204150073,0.14297557,0.63748866,0.2195358
1204285535,0.14405625,0.56669474,0.28924894
1204305712,0.14228587,0.3401145,0.5175996
1204384348,0.31787208,0.31179836,0.37032956
1204530623,0.77380234,0.038611755,0.18758595
1204648370,0.16011673,0.66755366,0.17232959
1204815021,0.356379,0.22662771,0.41699335
1204863484,0.41142243,0.28090245,0.3076751
1204907533,0.29795688,0.40722415,0.29481906
1205135410,0.34827635,0.3405583,0.31116542
1206362955,0.3113504,0.3281488,0.36050078
1207421756,0.5275682,0.20947787,0.26295397
1207784470,0.41789117,0.18033563,0.40177324
1207947686,0.45400023,0.2424615,0.3035383
1208688879,0.34713456,0.39936608,0.25349933
1208939754,0.3288048,0.36862314,0.30257207
1209562519,0.45336357,0.27106336,0.2755731
1209606363,0.65818655,0.17204216,0.16977125
1210389044,0.33866733,0.34740126,0.31393138
1210412512,0.55823976,0.15179127,0.2899689
1211392597,0.41163898,0.36691347,0.22144754
1212453872,0.33972475,0.33317992,0.32709527
1213298307,0.36220375,0.3891933,0.248603
1215333342,0.42727596,0.27977645,0.29294765
1215506162,0.3025456,0.2975168,0.39993757
1215906422,0.22095755,0.22095755,0.55808485
1216175230,0.24484831,0.4709262,0.28422552
1216519211,0.27576017,0.43750906,0.2867308
1217019677,0.16703908,0.5964506,0.23651023
1217258236,0.18733768,0.566589,0.24607329
1217398397,0.3139056,0.38070711,0.30538732
1217615011,0.23169641,0.47360873,0.29469484
1217645506,0.3371117,0.4203223,0.24256602
1217886931,0.8363631,0.037882134,0.12575479
1217991702,0.89690024,0.021956738,0.08114309
1218146338,0.3468946,0.25721684,0.3958886
1218386548,0.36813876,0.35539344,0.27646786
1219052724,0.39853555,0.28536642,0.31609803
1219635778,0.35674587,0.35520175,0.2880524
1219681261,0.5577399,0.13904832,0.30321175
1219704164,0.31773788,0.46762165,0.2146405
1220373859,0.2552844,0.40584856,0.33886707
1220560557,0.62192756,0.17776728,0.20030512
1220582849,0.3166689,0.24026673,0.44306445
1220759070,0.30922338,0.29918963,0.3915869
1220774187,0.3066776,0.32424837,0.369074
1221059187,0.2450952,0.3854515,0.36945322
1221778360,0.37365985,0.34494916,0.28139096
1221995124,0.28808755,0.4033134,0.30859914
1222870224,0.32826993,0.24669503,0.42503503
1222927148,0.5683144,0.2158907,0.21579494
1223153915,0.18357418,0.5621449,0.25428095
1224923489,0.7480602,0.07441088,0.17752887
1225149870,0.22094405,0.25264093,0.52641505
1225668602,0.6029178,0.18787952,0.20920268
1225912294,0.31499815,0.28548715,0.39951473
1225989603,0.53668565,0.19482414,0.26849023
1226688534,0.48438287,0.23280619,0.28281096
1227012056,0.45716912,0.24715707,0.29567385
1227120195,0.5027613,0.25612584,0.24111289
1227567691,0.4142864,0.32131594,0.26439762
1227730837,0.31075245,0.10108013,0.58816737
1228667853,0.37395763,0.18901555,0.43702683
1228776830,0.4456739,0.29983732,0.25448883
1228890838,0.23520927,0.49510208,0.2696887
1230006691,0.5446507,0.14475843,0.31059083
1230977785,0.24879535,0.32849035,0.42271432
1231016355,0.2538849,0.48154983,0.26456532
1232856621,0.3637272,0.37979192,0.25648084
1233172583,0.2908307,0.2607163,0.44845295
1233499180,0.34126982,0.37887338,0.27985677
1233652579,0.16145283,0.27021703,0.5683302
1233913138,0.26395115,0.44799548,0.2880534
1234846677,0.2047083,0.5331631,0.26212856
1234913681,0.34371153,0.28900465,0.3672838
1235146444,0.29809415,0.08352297,0.6183828
1235307529,0.27139217,0.26085132,0.4677565
1235506859,0.46211806,0.29005966,0.24782224
1235588008,0.44080147,0.27482313,0.2843754
1235782726,0.26982385,0.4828757,0.24730043
1235842551,0.24348438,0.5078134,0.2487023
1237648611,0.31743163,0.36127648,0.32129186
1237704368,0.4479021,0.2850659,0.267032
1238078781,0.310874,0.39200953,0.29711646
1238529878,0.3614235,0.26739088,0.37118563
1239874865,0.50875276,0.17582683,0.31542042
1241705901,0.37689582,0.35701543,0.26608887
1242250915,0.3292666,0.3652958,0.30543765
1242742373,0.8706907,0.015661744,0.11364758
1244072133,0.4360733,0.24537858,0.31854817
1244193203,0.1687388,0.6028793,0.22838196
1245574824,0.4461547,0.26515952,0.2886859
1245999135,0.43527722,0.33368203,0.23104075
1246927102,0.49617356,0.29508755,0.20873888
1247276303,0.26445946,0.322141,0.41339964
1247357677,0.3058878,0.46954006,0.22457214
1247383355,0.30451468,0.41197944,0.2835059
1247461883,0.38277224,0.3083788,0.30884898
1247658745,0.44529268,0.2012141,0.35349318
1247943737,0.16647056,0.54963285,0.2838966
1248346203,0.31426525,0.381979,0.30375573
1248443988,0.4496898,0.22844845,0.32186177
1249092992,0.30888292,0.22633551,0.46478155
1249372251,0.3014855,0.43264848,0.265866
1249564525,0.35538214,0.30505335,0.33956453
1249752784,0.73157775,0.10864409,0.15977818
1250656488,0.3185375,0.3223252,0.35913733
1251076662,0.6264311,0.18364562,0.18992321
1251176637,0.46749854,0.25404912,0.27845225
1251462405,0.27104822,0.15911628,0.5698355
1251607363,0.4092607,0.27342013,0.31731924
1251834478,0.20593676,0.5115151,0.28254816
1251834699,0.2704048,0.42509294,0.30450228
1252110090,0.20893115,0.50210893,0.28895995
1252121704,0.35286596,0.26475966,0.38237438
1252147554,0.4398041,0.23053733,0.32965863
1252215008,0.32568955,0.31182808,0.3624824
1252216185,0.58224267,0.15708804,0.26066938
1252317063,0.33033207,0.26387182,0.40579617
1253148191,0.32258594,0.38220313,0.29521096
1253484190,0.25201508,0.47860482,0.26938012
1254331328,0.28814554,0.30636197,0.40549254
1254354571,0.21620739,0.53118235,0.2526103
1254561371,0.2184752,0.3309246,0.45060027
1255060282,0.2933469,0.3877642,0.3188889
1255281985,0.36832565,0.2843153,0.3473591
1255681810,0.50054926,0.21420322,0.2852475
1255817578,0.44490898,0.2867922,0.26829886
1256010557,0.27498052,0.21083595,0.5141835
1256082741,0.32994738,0.43329057,0.236762
1256822527,0.26562253,0.47252637,0.26185107
1257340875,0.17479356,0.44229785,0.38290858
1257448119,0.47833943,0.2542537,0.26740685
1257523660,0.34092787,0.3040567,0.35501546
1258271360,0.2852306,0.42435983,0.29040956
1258716212,0.053859964,0.7889877,0.15715237
1259815077,0.33111808,0.26792082,0.40096107
1260301831,0.3476833,0.35943225,0.29288432
1261267036,0.29944816,0.42397422,0.27657762
1261357377,0.20274629,0.5523064,0.24494728
1261653595,0.5408946,0.24170315,0.21740226
1261910680,0.4551754,0.29620305,0.24862155
1262532663,0.036502875,0.8270075,0.1364897
1262920235,0.25898948,0.37347168,0.36753878
1263031014,0.25276443,0.49193984,0.25529572
1264348639,0.3682456,0.2965796,0.33517477
1264652944,0.33002213,0.37472615,0.29525176
1264780406,0.47322294,0.27250648,0.25427052
1265196889,0.25893545,0.4761143,0.26495025
1265446114,0.51056415,0.23424882,0.255187
1265513074,0.497451,0.24452254,0.25802645
1265715249,0.2610824,0.3873014,0.35161626
1266061587,0.5687867,0.17797777,0.25323552
1266573182,0.21005155,0.51047313,0.27947527
1266765061,0.38346553,0.39224416,0.22429028
1267220605,0.26156673,0.2172018,0.5212314
1267874053,0.18322505,0.56134915,0.2554258
1267945293,0.37881285,0.30520636,0.31598073
1268195153,0.042348083,0.70212215,0.25552973
1268612930,0.40311852,0.34406218,0.25281933
1269271228,0.4343697,0.2395555,0.3260748
1269586258,0.5281606,0.21178816,0.2600513
1269759334,0.38603723,0.31644848,0.29751432
1269910859,0.55352634,0.16041908,0.2860546
1270257758,0.13679658,0.34207693,0.5211265
1270853808,0.2963253,0.0596637,0.6440111
1271054732,0.20975277,0.48042125,0.309826
1271158252,0.16873936,0.6052155,0.22604516
1271166081,0.35709354,0.25174412,0.39116237
1272000471,0.22295731,0.5269113,0.25013134
1272609166,0.45215586,0.26249576,0.28534836
1272774900,0.27966595,0.41863385,0.30170023
1273182550,0.3761253,0.14541811,0.47845656
1274390419,0.22508264,0.5120742,0.26284322
1275545993,0.34337246,0.19463831,0.46198916
1276809544,0.31963643,0.3539351,0.32642844
1277138876,0.27143863,0.2729534,0.45560798
1277189324,0.33883706,0.3627616,0.29840136
1277986837,0.13931854,0.5773178,0.28336364
1279568722,0.48590156,0.24286534,0.2712331
1279910303,0.36286122,0.31279793,0.32434076
1280239011,0.37895665,0.3335031,0.2875403
1280418844,0.5274939,0.22920181,0.24330433
1280688310,0.2734755,0.4692292,0.2572953
1280948199,0.351234,0.2198965,0.42886958
1281365236,0.2711225,0.38208905,0.34678847
1281486553,0.31311437,0.4189166,0.26796898
1281498954,0.36963868,0.402654,0.22770736
1281939268,0.13354416,0.68085116,0.18560472
1282349181,0.32757685,0.40801406,0.26440907
1283599873,0.21932599,0.36991048,0.41076362
1283883706,0.37130785,0.3422905,0.2864016
1284264753,0.2848974,0.46842372,0.24667892
1285168063,0.33511865,0.3664191,0.29846233
1285416221,0.21979475,0.5111544,0.26905084
1286111169,0.152091,0.16964695,0.678262
1286125262,0.6502248,0.12567283,0.22410229
1286289627,0.42208964,0.25573716,0.32217324
1286563222,0.36334658,0.25705045,0.37960297
1287016099,0.54110754,0.07721828,0.38167417
1287849600,0.2912577,0.2715795,0.43716285
1287944417,0.57054,0.136311,0.29314896
1289043550,0.20580932,0.5685152,0.22567543
1291421681,0.29174373,0.13392842,0.5743278
1291798458,0.5387795,0.21512505,0.24609548
1292641739,0.27903932,0.4281524,0.29280823
1292717253,0.045435894,0.050697196,0.90386695
1292928789,0.37932613,0.34857267,0.2721012
1293059465,0.23103806,0.49216506,0.27679688
1293287447,0.16962199,0.63154435,0.19883372
1293582059,0.29455248,0.4006422,0.3048053
1293634133,0.23705246,0.31111133,0.45183626
1293716862,0.398762,0.28764012,0.31359795
1294356589,0.47686824,0.18936987,0.3337619
1294580761,0.10704335,0.20371088,0.68924576
1294882022,0.39613634,0.2954821,0.3083815
1295090946,0.5091463,0.22145614,0.26939762
1295489214,0.32211643,0.31184858,0.366035
1295580333,0.34309018,0.17835642,0.47855338
1295676971,0.4625157,0.26684284,0.27064148
1295775858,0.28555903,0.33411154,0.38032946
1296688433,0.11180772,0.38670388,0.5014884
1297021671,0.21800464,0.23718855,0.5448068
1297380165,0.19498174,0.41245422,0.39256397
1297492026,0.3801222,0.2424726,0.37740526
1297809468,0.2998368,0.44587067,0.25429252
1297973918,0.17866315,0.6179982,0.2033387
1299039192,0.22362033,0.46689752,0.30948222
1299986849,0.27939966,0.41611233,0.30448794
1301065642,0.42389786,0.30865964,0.2674425
1301272811,0.086327024,0.73946446,0.1742085
1301726244,0.34941712,0.308385,0.34219784
1301811061,0.3505746,0.2767667,0.3726587
1301814443,0.24507111,0.468303,0.2866259
1301932961,0.24609284,0.3504429,0.40346426
1302123860,0.425404,0.3049136,0.26968235
1302677701,0.2896458,0.27345416,0.43690008
1302912700,0.11403731,0.6696425,0.21632025
1303165439,0.40488368,0.29171208,0.30340436
1305114484,0.3638582,0.26768243,0.36845934
1305270452,0.35860714,0.3108871,0.33050582
1305324808,0.38482124,0.39522824,0.21995056
1305471566,0.37197787,0.25177503,0.37624714
1305986452,0.3182604,0.287306,0.39443362
1305986765,0.27356395,0.41504943,0.31138664
1307484785,0.11111847,0.710529,0.17835255
1307838420,0.3752812,0.33877078,0.285948
1308389893,0.08433796,0.29363048,0.62203157
1308624053,0.39719057,0.26676586,0.33604363
1308742485,0.4872471,0.22584945,0.28690353
1308832976,0.25572285,0.35776418,0.386513
1308854870,0.12307068,0.62024444,0.2566849
1309809729,0.2840269,0.48399162,0.2319815
1309904801,0.4907022,0.24897172,0.26032612
1310048173,0.22144064,0.53505147,0.24350782
1310186047,0.3253289,0.25161326,0.42305785
1310203577,0.7345505,0.113965474,0.15148412
1310424184,0.24507357,0.5109332,0.2439932
1310543343,0.37366942,0.34665197,0.27967858
1310711971,0.61034125,0.17048073,0.21917799
1310978638,0.23521045,0.5081317,0.25665787
1311009592,0.55917394,0.20399825,0.23682773
1311164015,0.24857858,0.39637563,0.35504577
1311565211,0.35091636,0.23775181,0.41133177
1311825674,0.38641897,0.24914001,0.364441
1311989487,0.18205456,0.26120377,0.55674165
1312060193,0.18706277,0.57105297,0.24188428
1312090506,0.3500105,0.3453142,0.30467525
1312699153,0.44545457,0.25891536,0.29563004
1312772663,0.40895885,0.25691074,0.33413035
1312841087,0.29851887,0.36615166,0.33532944
1313995845,0.7123555,0.04002116,0.24762328
1314151988,0.33168158,0.29917803,0.36914036
1314313349,0.31975907,0.3916945,0.28854644
1314805560,0.3446328,0.29960164,0.35576552
1314902939,0.3892225,0.24031538,0.37046212
1315260438,0.23769128,0.4994625,0.2628462
1316540826,0.2879272,0.41437453,0.2976983
1316686486,0.34428114,0.35239586,0.30332297
1317973127,0.24686342,0.38268012,0.37045637
1318067012,0.26369372,0.47222644,0.2640798
1318238153,0.1707211,0.58586526,0.24341358
1319020493,0.28813884,0.41157117,0.30029002
1319028473,0.53089225,0.2320756,0.23703222
1319374373,0.37461686,0.3885031,0.23687997
1319458764,0.34325337,0.37391147,0.28283522
1319500789,0.08243221,0.7128129,0.20475492
1320580770,0.36059856,0.21254982,0.42685166
1320899063,0.21671055,0.36106288,0.42222655
1321016043,0.35660565,0.30510867,0.3382858
1321465393,0.12192439,0.69071186,0.1873637
1322568446,0.13815995,0.6566435,0.20519662
1322591284,0.24081093,0.4729782,0.2862109
1322731127,0.23017745,0.4355913,0.33423123
1323072711,0.2435059,0.25530884,0.50118524
1323458647,0.3732331,0.16168748,0.46507937
1323524192,0.6699518,0.1307127,0.19933553
1324356896,0.19827063,0.5297181,0.27201125
1324683190,0.4731426,0.23414165,0.29271573
1324990554,0.5393593,0.21541849,0.24522221
1325224897,0.4210371,0.32029417,0.25866875
1325585389,0.49059135,0.17456579,0.33484286
1325622084,0.27209276,0.42424712,0.30366015
1325668840,0.16636673,0.56428295,0.26935038
1326872997,0.5904136,0.22052951,0.18905693
1327331313,0.48254314,0.20658955,0.31086728
1327354173,0.2546204,0.4782136,0.26716602
1327419676,0.17543991,0.64204204,0.18251804
1327467649,0.1896327,0.6114368,0.19893055
1327489924,0.23771542,0.40453973,0.3577449
1327772321,0.44859806,0.2703443,0.2810577
1328268614,0.30485013,0.2753308,0.419819
1328666900,0.23834392,0.43164706,0.33000904
1328850459,0.27802348,0.4433137,0.27866286
1329163472,0.4806006,0.25684938,0.26255006
1329379463,0.36324453,0.33849078,0.29826468
1330109513,0.3515325,0.4106676,0.23779991
1331202384,0.3661088,0.330466,0.30342525
1331539701,0.37118456,0.3218575,0.3069579
1331833424,0.5749272,0.18926537,0.23580746
1331959561,0.64306927,0.12615754,0.23077329
1332028408,0.21480326,0.41678748,0.36840925
1332220814,0.31329265,0.4228681,0.2638393
1332466932,0.26365513,0.38436174,0.35198313
1332730184,0.42696258,0.25265536,0.32038206
1333876351,0.5508723,0.13457459,0.3145531
1334418656,0.5495136,0.21426119,0.23622516
1334687471,0.3197831,0.3278195,0.35239735
1335023623,0.46760172,0.24120785,0.29119042
1335189066,0.5274731,0.2113138,0.26121312
1335241884,0.36086732,0.36114305,0.27798966
1335565904,0.5638022,0.21349685,0.2227009
1336084245,0.43386638,0.27937657,0.28675708
1336227165,0.34588748,0.37471732,0.27939516
1336829757,0.574452,0.16686793,0.25868008
1337165208,0.5001258,0.2378322,0.262042
1337241925,0.3089276,0.35984245,0.33122998
1337279634,0.43214825,0.23624519,0.3316066
1337331354,0.5931241,0.20230745,0.20456842
1337892384,0.22326288,0.235614,0.5411232
1337961561,0.3456678,0.15088207,0.50345016
1338180278,0.062036585,0.83247626,0.10548714
1338917733,0.0655551,0.320415,0.61402994
1339500018,0.04650644,0.7731963,0.18029724
1339997291,0.8238439,0.051711913,0.12444417
1340267224,0.3160814,0.38405547,0.2998632
1340521071,0.2790098,0.17887892,0.54211134
1340983824,0.31249136,0.40948322,0.27802545
1341748326,0.4964969,0.25444663,0.24905658
1342015913,0.4918576,0.15704046,0.35110205
1342280978,0.17870916,0.5465383,0.2747525
1343381083,0.20036654,0.3857253,0.41390818
1344236679,0.070436895,0.082801215,0.84676194
1345011097,0.18353459,0.5320791,0.28438637
1345309379,0.32191396,0.3466538,0.33143222
1345695215,0.27695847,0.40530932,0.31773227
1346095060,0.40170234,0.29999152,0.29830614
1346241706,0.16393588,0.5495735,0.28649056
1346809321,0.53233075,0.20829405,0.25937524
1346950169,0.3018242,0.398249,0.29992673
1348327628,0.38487855,0.31756043,0.29756093
1348637760,0.57663065,0.20833968,0.21502972
1349056050,0.26186618,0.4481809,0.2899529
1349693992,0.27566803,0.42466292,0.29966903
1349758249,0.52401525,0.24264432,0.23334053
1350718674,0.3694625,0.38674736,0.24379008
1351167515,0.2987334,0.35007253,0.35119417
1351788433,0.3989033,0.26899618,0.33210057
1351892848,0.29868764,0.29581222,0.40550017
1352242357,0.25949097,0.44408023,0.29642877
1352336011,0.55350655,0.16429663,0.28219676
1352349749,0.38857368,0.2812264,0.33019996
1353407978,0.40466085,0.2698376,0.32550156
1353753111,0.5190709,0.2160485,0.2648806
1354983657,0.30473894,0.35294673,0.3423142
1355079867,0.37003958,0.32195464,0.3080059
1355470508,0.5593141,0.23440738,0.20627855
1355575375,0.22147696,0.49805844,0.28046465
1355859961,0.40672037,0.26697677,0.32630286
1357442109,0.42416894,0.3256899,0.2501411
1357712980,0.06473492,0.81665885,0.11860619
1358248949,0.4667097,0.24813244,0.28515786
1358442968,0.35842267,0.35293156,0.28864583
1359351860,0.31341326,0.24215019,0.44443655
1359364905,0.5771561,0.20601551,0.21682838
1359499132,0.20284536,0.48560515,0.31154957
1359824581,0.2880278,0.33267477,0.37929735
1359866642,0.11848556,0.49599624,0.38551816
1360124666,0.28913718,0.45289195,0.2579709
1361199736,0.2633665,0.47125834,0.26537508
1361351669,0.33371383,0.31240976,0.3538764
1361523952,0.21520734,0.4135995,0.37119308
1362019707,0.34327805,0.358343,0.29837894
1362342387,0.56817937,0.18352568,0.24829495
1363099225,0.42318547,0.28529528,0.29151925
1363809692,0.41781995,0.28951934,0.29266074
1363826289,0.21599357,0.56709397,0.21691252
1364027594,0.58923346,0.17226394,0.23850259
1364209609,0.31502217,0.4709106,0.21406727
1364710980,0.28258273,0.3335108,0.38390648
1364968667,0.26552612,0.47188073,0.26259315
1365193563,0.5317663,0.21394062,0.25429314
1365214630,0.29354113,0.28302643,0.4234324
1365261702,0.4748852,0.24611032,0.27900442
1365538370,0.4260131,0.32970154,0.24428535
1365807678,0.41885558,0.20383571,0.37730873
1365946748,0.26468766,0.43327978,0.3020326
1366051891,0.46120512,0.2668662,0.27192873
1366940833,0.2435425,0.3430706,0.41338688
1367063253,0.49909776,0.27052477,0.23037753
1367439814,0.28821066,0.42309985,0.28868946
1367803584,0.40209246,0.383117,0.21479061
1368014618,0.4477147,0.27213228,0.28015307
1368203903,0.27757204,0.18269666,0.5397313
1368358577,0.29877412,0.42294475,0.2782811
1368727418,0.47869185,0.24775568,0.27355248
1369102574,0.36135313,0.17996426,0.4586827
1369322842,0.7032906,0.11701011,0.17969933
1369624179,0.32832065,0.42914522,0.2425341
1369736016,0.45534936,0.22983225,0.31481838
1369876600,0.35161686,0.39210707,0.25627613
1370215186,0.27400264,0.38820893,0.3377885
1370823547,0.1779778,0.56054276,0.26147935
1371311784,0.02861267,0.037321478,0.9340659
1371526703,0.28339455,0.24391001,0.4726954
1371759082,0.22252113,0.3104054,0.4670734
1371799927,0.21159925,0.37770218,0.41069856
1372172054,0.48702884,0.19745678,0.31551436
1372343019,0.30255938,0.39247164,0.30496886
1372506436,0.18140829,0.5783781,0.24021366
1372713518,0.37484276,0.31786212,0.30729505
1372784611,0.43077293,0.28861973,0.28060734
1373118365,0.35255986,0.3299846,0.31745556
1373596537,0.49800137,0.21926218,0.28273642
1373761899,0.39801484,0.2978107,0.30417442
1373882971,0.37686056,0.3340071,0.28913227
1374765523,0.4567393,0.20552486,0.33773586
1375712417,0.36453578,0.37805852,0.25740567
1375833661,0.3414698,0.29904163,0.35948867
1375957715,0.33154872,0.284047,0.38440427
1376081398,0.31103852,0.35629544,0.33266607
1376138468,0.12190581,0.34670687,0.5313873
1376181302,0.54918504,0.1947184,0.2560966
1376450688,0.3358996,0.36904532,0.29505506
1376541121,0.2925276,0.35389695,0.3535754
1376628358,0.5225931,0.26424396,0.213163
1376866371,0.4837826,0.1908633,0.3253541
1378221074,0.6409724,0.14076355,0.21826407
1378553375,0.21923992,0.4512823,0.32947785
1378806288,0.2756547,0.356059,0.36828634
1379345026,0.40017095,0.3120761,0.28775293
1379923589,0.19916579,0.5375692,0.26326492
1380125976,0.15151757,0.5461555,0.30232686
1380212712,0.27724564,0.20335147,0.5194029
1380969369,0.47942513,0.262046,0.25852886
1381596507,0.29637995,0.43077716,0.2728428
1381852384,0.4557916,0.37174916,0.17245926
1381854934,0.2241258,0.17892498,0.5969492
1382191981,0.2106634,0.5197813,0.2695552
1383342697,0.096299335,0.6286612,0.27503946
1383612884,0.30852962,0.34659737,0.3448731
1383698196,0.2549883,0.45916563,0.2858461
1383733319,0.3901086,0.27360204,0.33628938
1384154033,0.3417461,0.35948995,0.29876402
1384446962,0.7843929,0.05684074,0.15876639
1385062961,0.25269827,0.37911445,0.3681873
1385151673,0.50169307,0.24041848,0.25788844
1385305704,0.38823518,0.28647828,0.32528648
1385456715,0.45524517,0.27085984,0.27389497
1386174053,0.4456132,0.24985537,0.30453146
1387802015,0.3337043,0.32076782,0.34552795
1388215929,0.39245126,0.28778538,0.31976333
1388763840,0.21009424,0.56490123,0.22500445
1388852853,0.2937828,0.34060252,0.36561468
1389526596,0.50212437,0.24806441,0.24981125
1389982916,0.276621,0.4165926,0.30678645
1389993673,0.41431034,0.26374653,0.3219432
1390021705,0.30487928,0.28271216,0.41240853
1390371900,0.30229273,0.4225696,0.27513763
1390675075,0.5451954,0.23719011,0.21761453
1390682325,0.31928003,0.35635677,0.3243632
1392137684,0.10716768,0.5550101,0.3378223
1392697382,0.3045341,0.3140703,0.38139552
1393216869,0.35363767,0.46098047,0.18538187
1393332166,0.1532141,0.31160498,0.5351809
1393369450,0.32026562,0.38984615,0.28988826
1394197657,0.09513826,0.1998913,0.70497054
1394332158,0.5415477,0.19836417,0.26008815
1394372116,0.38179255,0.28918695,0.32902047
1395914424,0.2519138,0.49648443,0.25160187
1396471416,0.08087673,0.71993494,0.19918829
1397033328,0.2227414,0.44050354,0.3367551
1397633716,0.43996945,0.18164776,0.37838277
1397713062,0.18011616,0.39289668,0.42698714
1397801236,0.27547413,0.22613272,0.49839315
1397820372,0.437207,0.30447587,0.25831708
1398425146,0.29053843,0.40414655,0.30531508
1398516675,0.32677573,0.40168208,0.27154228
1398963070,0.20915452,0.2414907,0.5493548
1399548407,0.5167029,0.3071893,0.17610781
1399797650,0.2097212,0.4412935,0.34898525
1399825434,0.44690987,0.15699905,0.39609113
1400006593,0.23401381,0.5166475,0.24933867
1400019759,0.2802643,0.3700488,0.34968683
1400261150,0.32715544,0.33127,0.34157452
1400587533,0.11783928,0.12043371,0.76172704
1400695722,0.09121908,0.26926023,0.6395207
1400768435,0.24860641,0.41416553,0.33722812
1400997982,0.10361007,0.6542944,0.24209557
1401159866,0.2525261,0.42540026,0.32207367
1401307085,0.37456793,0.36193913,0.263493
1401683129,0.7263164,0.10971022,0.16397335
1402064056,0.29657507,0.34352487,0.3599001
1402271150,0.32351264,0.29295626,0.38353106
1403380941,0.2929625,0.32937434,0.37766314
1403427253,0.3153721,0.29747143,0.38715643
1403595657,0.23803541,0.3986349,0.36332974
1404258661,0.39897415,0.22738595,0.37363985
1405347775,0.38356572,0.31189498,0.30453932
1406691554,0.084787145,0.51766104,0.39755177
1406827873,0.15017122,0.3730275,0.4768013
1406829456,0.27953967,0.32343766,0.3970226
1407513357,0.40542808,0.31712556,0.2774464
1407659950,0.5556899,0.2030154,0.24129483
1408173802,0.21791564,0.56566805,0.21641625
1408279353,0.27843627,0.34057984,0.38098395
1408343105,0.43882558,0.2811802,0.2799941
1408700611,0.2170018,0.5396068,0.24339138
1409775840,0.2637162,0.47256476,0.26371908
1410097361,0.4676693,0.21438104,0.31794962
1410106325,0.42850965,0.24679708,0.3246932
1410555104,0.37597933,0.36599675,0.25802392
1411188531,0.14734316,0.47160617,0.38105074
1411251756,0.30704084,0.16609281,0.5268663
1411597873,0.40940428,0.13201602,0.45857975
1411768221,0.4105414,0.27012292,0.31933567
1412403014,0.2929198,0.41036004,0.29672015
1412779511,0.3638266,0.35528663,0.28088674
1413744772,0.29370156,0.27846202,0.42783648
1414036390,0.061867345,0.44191003,0.49622265
1414215305,0.29362053,0.405314,0.30106547
1414257811,0.40118355,0.3161728,0.28264365
1414611051,0.33818546,0.40963218,0.25218236
1414828450,0.35086456,0.37739006,0.2717454
1415251431,0.5595923,0.20361355,0.2367941
1415561991,0.36273408,0.298963,0.3383028
1415806400,0.4797648,0.22252832,0.2977069
1415841234,0.1261257,0.47186074,0.4020136
1416531481,0.20396116,0.38668862,0.40935016
1417775022,0.49342537,0.20549902,0.30107564
1417963978,0.27465758,0.44736323,0.27797922
1418637553,0.27633187,0.442736,0.2809321
1419701384,0.4411171,0.15832902,0.40055385
1419862961,0.3121439,0.36837256,0.31948352
1419931148,0.671165,0.115237154,0.21359792
1420282552,0.21760873,0.48910275,0.29328856
1420284504,0.34517637,0.18864228,0.46618134
1421069299,0.48665512,0.18805264,0.3252923
1421092665,0.21921253,0.47844177,0.30234572
1421801469,0.26398906,0.45522323,0.2807877
1421805369,0.5563571,0.19941963,0.24422331
1421832505,0.46704966,0.29597798,0.23697238
1421864021,0.34312,0.33111754,0.32576242
1422466746,0.25465822,0.31877515,0.42656648
1422932421,0.36524197,0.20717607,0.427582
1423057514,0.29243183,0.35732388,0.35024434
1423240450,0.25919,0.28928718,0.4515228
1423356515,0.09925842,0.42309564,0.47764596
1423697164,0.23424964,0.4007927,0.3649577
1424053608,0.436088,0.38491553,0.17899653
1424318370,0.1665517,0.6257203,0.20772795
1424386744,0.15485014,0.23531695,0.60983294
1424404514,0.27463645,0.087188944,0.6381746
1424741644,0.724462,0.08093172,0.19460621
1425100014,0.52773446,0.10759487,0.36467072
1425296441,0.43265024,0.31458387,0.25276592
1425474739,0.3404081,0.3448079,0.31478396
1425824350,0.17204438,0.48488808,0.3430676
1425853503,0.1783926,0.46070644,0.36090088
1426087157,0.48916465,0.20173684,0.3090985
1426776603,0.20586707,0.36914974,0.42498314
1426865377,0.12599067,0.57784754,0.29616183
1427188231,0.11108216,0.4720593,0.4168586
1427489505,0.50853246,0.21915674,0.27231076
1427573411,0.59647655,0.16978328,0.23374017
1427813073,0.33793142,0.3117603,0.3503082
1428044543,0.50646704,0.2359582,0.25757477
1428096975,0.3899338,0.3120199,0.29804623
1428323133,0.49087977,0.26735127,0.24176897
1428763053,0.534544,0.19815548,0.26730046
1429170227,0.09752456,0.32526824,0.5772072
1429298084,0.4050686,0.27077475,0.3241567
1429343475,0.06865385,0.68034136,0.25100473
1429905856,0.23439021,0.2720591,0.49355072
1430393993,0.35631472,0.42625454,0.2174308
1430720762,0.3751359,0.33214968,0.29271442
1430759000,0.44606483,0.25281188,0.30112332
1430961175,0.36689755,0.36155716,0.27154544
1431194633,0.06710792,0.5633396,0.3695525
1431426828,0.3686837,0.28453407,0.34678233
1431613453,0.3042654,0.3437887,0.35194588
1431888365,0.23943207,0.44452855,0.31603944
1431937265,0.20036867,0.31681487,0.48281643
1432509592,0.37541246,0.30604923,0.31853828
1432525514,0.44041553,0.23890768,0.32067677
1432791243,0.2986151,0.39461777,0.30676705
1434703282,0.11236243,0.61582965,0.2718079
1434791306,0.17652528,0.5634458,0.26002902
1434990173,0.5112972,0.1835086,0.3051942
1434992319,0.2769829,0.21405332,0.50896376
1435074108,0.32327637,0.40419242,0.27253118
1435650370,0.2988493,0.34488627,0.35626447
1435713681,0.16654325,0.6691081,0.1643487
1436610218,0.35003346,0.37004897,0.2799176
1436887470,0.3802175,0.35913926,0.26064327
1437259090,0.28785068,0.45068336,0.26146603
1437321354,0.16275379,0.44564658,0.39159966
1437425186,0.40348452,0.33283803,0.26367742
1438347181,0.36234054,0.27441671,0.36324275
1438613970,0.1564498,0.36143255,0.48211765
1439152664,0.5375851,0.20704144,0.25537354
1440362807,0.3848025,0.32975423,0.2854433
1440554360,0.50064015,0.25699976,0.24236012
1441148538,0.27493322,0.40041158,0.32465526
1441391609,0.103465356,0.6171942,0.27934048
1442253796,0.33965498,0.2880165,0.37232852
1443024288,0.607756,0.1674467,0.22479732
1443285141,0.3887924,0.3108842,0.30032343
1443654087,0.42544454,0.31678134,0.25777414
1443768734,0.50546384,0.22902165,0.26551455
1443818593,0.31679788,0.31553233,0.36766982
1444188270,0.03444755,0.7075326,0.2580199
1444315865,0.27733868,0.3228924,0.39976895
1444706883,0.4644292,0.27035192,0.26521885
1445183180,0.23127969,0.44114783,0.32757246
1445274516,0.34781265,0.330978,0.32120928
1445382271,0.26703736,0.46247235,0.2704903
1446000452,0.40776813,0.3376766,0.25455528
1446006553,0.3644838,0.33431944,0.30119678
1446059185,0.32539842,0.36161998,0.3129816
1446129524,0.41088486,0.29748848,0.29162672
1446277750,0.18727913,0.559485,0.25323582
1447522962,0.14122953,0.40311947,0.4556511
1447732913,0.20636411,0.50699866,0.28663722
1447998484,0.1085027,0.6168542,0.2746431
1448396868,0.11794898,0.6277499,0.2543011
1448401925,0.268799,0.42824814,0.30295286
1448944105,0.2919388,0.29843566,0.40962553
1449026692,0.2985724,0.4003331,0.30109453
1449631259,0.18667059,0.58779114,0.22553828
1450521040,0.42966747,0.3049126,0.26541993
1451648057,0.35250366,0.325017,0.32247934
1451922783,0.31536192,0.062762514,0.62187564
1451930406,0.280442,0.32169688,0.3978611
1452140874,0.35584897,0.35072806,0.29342294
1452941756,0.46490213,0.27227738,0.26282045
1453500703,0.21991736,0.18771826,0.59236443
1453945940,0.46000746,0.27467924,0.26531327
1454155465,0.45164955,0.14882591,0.39952454
1454674653,0.3655931,0.35854673,0.27586013
1454675642,0.29183835,0.47031918,0.23784246
1455276491,0.23119201,0.4154168,0.3533912
1455473686,0.31090134,0.35371616,0.3353825
1455479887,0.15389949,0.5725022,0.2735983
1455597957,0.47399107,0.28849152,0.23751743
1455766910,0.38948756,0.39662144,0.21389097
1456229078,0.48221645,0.23686364,0.28091997
1456804775,0.3262958,0.43547988,0.2382244
1456993998,0.4258507,0.28156516,0.29258415
1457231314,0.16020127,0.6589161,0.18088266
1457237917,0.26962736,0.37618172,0.35419092
1457428626,0.28599808,0.2622652,0.45173675
1457562864,0.29311168,0.4763571,0.23053123
1457575965,0.43519858,0.31113794,0.25366345
1457576449,0.3054992,0.32952976,0.36497107
1457808206,0.3123126,0.3344578,0.35322952
1458215415,0.11829679,0.3895926,0.49211064
1458284684,0.39016423,0.31101537,0.29882038
1458360622,0.8117098,0.061597373,0.12669286
1459114057,0.28207695,0.44066247,0.27726057
1459600663,0.3495346,0.38012785,0.27033758
1461607431,0.35349786,0.3443757,0.30212647
1461725677,0.30170825,0.39337724,0.30491444
1461982918,0.4782852,0.2520695,0.26964536
1462400563,0.3114356,0.37093672,0.3176276
1462856338,0.3948438,0.32748556,0.27767062
1463241444,0.33730283,0.3472622,0.31543493
1463691562,0.30055857,0.41607857,0.2833628
1464173919,0.23313677,0.50425124,0.26261202
1464698232,0.4691783,0.16567178,0.36514995
1464839546,0.3831221,0.37369287,0.24318512
1464889236,0.30718637,0.42056823,0.27224538
1464989400,0.27413335,0.41289663,0.31296998
1465145020,0.57563055,0.17844483,0.24592462
1465598380,0.40268856,0.3309769,0.26633453
1466835436,0.19906263,0.5121936,0.2887438
1466995205,0.4493349,0.20466606,0.345999
1467194255,0.63491744,0.10940125,0.25568134
1467428834,0.30117705,0.37184215,0.3269808
1468530338,0.012690503,0.01135263,0.975957
1469579917,0.24216336,0.42775023,0.33008644
1470179272,0.69007534,0.12579454,0.18413015
1470358638,0.17656918,0.5034049,0.32002595
1470536757,0.31100595,0.26879117,0.42020288
1470573700,0.28579092,0.31277046,0.40143868
1471268624,0.2560712,0.38260242,0.3613265
1472454750,0.31613225,0.40622887,0.27763885
1473218627,0.20921536,0.23587294,0.55491173
1473352218,0.45667306,0.2251261,0.3182009
1473441771,0.3259597,0.33031175,0.34372857
1473497966,0.22342923,0.34916565,0.42740506
1474329832,0.68058723,0.11649897,0.20291376
1474622758,0.17846812,0.55874926,0.26278257
1475428984,0.117790766,0.6405747,0.24163456
1476558039,0.15870641,0.5202151,0.3210785
1476697387,0.13731888,0.6885543,0.17412679
1476805311,0.7120965,0.063893214,0.22401036
1477204544,0.5538862,0.18481806,0.26129577
1477685182,0.21193467,0.2992709,0.4887944
1478432692,0.37059942,0.34840563,0.28099498
1478645220,0.17218041,0.61305773,0.2147619
1478735511,0.26181486,0.51286745,0.22531767
1478990035,0.26631296,0.48328146,0.25040564
1479017887,0.5368137,0.18168189,0.28150436
1479037571,0.32517394,0.40601137,0.26881468
1479532136,0.46164653,0.2758958,0.2624577
1479781022,0.36091262,0.40468243,0.234405
1480096307,0.26056138,0.4290063,0.31043229
1480304353,0.26149535,0.44103712,0.2974675
1480338630,0.4076688,0.26628965,0.3260415
1481183805,0.65003026,0.14771499,0.20225474
1481469002,0.43344983,0.32261512,0.2439351
1481497817,0.45593077,0.253814,0.29025522
1481747470,0.2877157,0.39689004,0.31539425
1481991751,0.5061813,0.22279984,0.2710189
1482454909,0.29259083,0.37213454,0.33527455
1483468960,0.40446123,0.2947647,0.30077404
1483926406,0.34175462,0.28072196,0.37752342
1484371658,0.35841158,0.32628015,0.31530824
1484716703,0.5298955,0.22983597,0.24026851
1484786749,0.46095085,0.25327405,0.28577507
1485254315,0.3661897,0.3578469,0.27596354
1485530943,0.36660844,0.2928458,0.3405457
1485734716,0.35128233,0.28862867,0.36008903
1485802424,0.49795315,0.23875253,0.26329434
1485942194,0.62021375,0.115691245,0.26409513
1485953556,0.14724717,0.39336848,0.4593844
1487512474,0.37161955,0.28507087,0.3433097
1487518907,0.34653655,0.2964769,0.35698652
1487887141,0.5223456,0.16756393,0.3100905
1487962819,0.3035263,0.43020326,0.26627043
1488065958,0.25819585,0.34783322,0.39397094
1488642470,0.20131122,0.5722374,0.22645143
1489327802,0.15136558,0.62840134,0.22023311
1489492767,0.61491704,0.17861387,0.20646909
1489581310,0.44281906,0.08918446,0.4679965
1490025464,0.51556385,0.24799266,0.23644352
1490064998,0.32769167,0.38512385,0.28718448
1490351249,0.44922867,0.21771634,0.33305496
1490417928,0.29214412,0.26086327,0.44699255
1490566130,0.31996885,0.34140208,0.33862907
1490956006,0.29783824,0.44251344,0.2596483
1490963250,0.42638895,0.25068954,0.3229215
1491597335,0.4861066,0.25856796,0.25532544
1491884203,0.28452647,0.24764988,0.46782362
1492537097,0.35887912,0.31053638,0.33058447
1494368966,0.2969215,0.32834217,0.37473634
1494983903,0.31790155,0.40327856,0.2788199
1495016174,0.22663681,0.4741522,0.29921097
1495104052,0.47414193,0.14370795,0.38215014
1495361948,0.5704252,0.19288969,0.23668511
1495882774,0.18304299,0.40025732,0.41669965
1496266833,0.3530855,0.36184272,0.28507182
1498077061,0.16201724,0.16201724,0.67596555
1498112150,0.28691497,0.3423364,0.37074864
1498358216,0.52430344,0.2171203,0.25857627
1498847178,0.45974013,0.24535795,0.2949019
1498988581,0.3122906,0.2478155,0.43989396
1499064875,0.1264104,0.5205798,0.35300982
1499071926,0.24845675,0.50311023,0.24843307
1499571531,0.4492232,0.26666844,0.28410843
1499643754,0.1992328,0.17017964,0.6305875
1499844766,0.2521801,0.2892914,0.45852852
1499855572,0.2794151,0.43339345,0.28719145
1500023508,0.3435902,0.3952615,0.26114836
1500294489,0.21619824,0.5220731,0.2617288
1500447919,0.3353733,0.37245882,0.29216787
1500503650,0.1070025,0.6699299,0.2230676
1500533698,0.08685729,0.5403605,0.37278217
1500653616,0.016243448,0.019926885,0.9638297
1500811409,0.15859121,0.15783915,0.68356967
1501125676,0.36313248,0.37316582,0.2637017
1501766500,0.23851255,0.38567248,0.37581494
1502201584,0.45838436,0.28546065,0.25615507
1502356861,0.2997035,0.36396614,0.33633032
1502714461,0.15129544,0.42051274,0.4281918
1502965203,0.63083845,0.15965208,0.20950942
1503005007,0.39806977,0.32723916,0.27469102
1503270270,0.44471914,0.1475722,0.40770876
1503328582,0.38149452,0.36955065,0.24895482
1503372133,0.043468557,0.85580015,0.10073129
1504473621,0.27226093,0.37524965,0.3524894
1505775208,0.34572333,0.28969747,0.3645792
1506289747,0.07036468,0.815263,0.11437236
1506607259,0.2946293,0.4213478,0.28402287
1507182811,0.34501407,0.32844085,0.32654515
1507198566,0.4145798,0.17244934,0.41297087
1507743299,0.5208831,0.2143218,0.2647951
1508106085,0.32724848,0.36594442,0.30680704
1508226331,0.29727942,0.43930522,0.2634154
1508667545,0.23296158,0.23642746,0.53061104
1508736364,0.23425165,0.46696988,0.29877853
1509190229,0.2972085,0.38183466,0.32095692
1509527944,0.37353382,0.3553919,0.2710743
1509947650,0.258677,0.18112747,0.5601955
1510216646,0.23002231,0.46906006,0.30091766
1510223473,0.2949351,0.3862459,0.318819
1510232772,0.27486202,0.23167592,0.4934621
1510355450,0.3583732,0.36734474,0.27428204
1510739996,0.4178461,0.25666285,0.32549104
1510827012,0.52386796,0.24080192,0.23533021
1510844234,0.23973367,0.5005464,0.25972
1511441860,0.26243564,0.22635663,0.5112077
1511499236,0.4972392,0.21996781,0.282793
1511752227,0.21635999,0.5133641,0.2702759
1511986847,0.593898,0.19075903,0.21534304
1511987356,0.44837177,0.21412018,0.33750805
1512036033,0.50206214,0.14110254,0.35683534
1512135050,0.5346698,0.19487521,0.2704549
1512247569,0.45575505,0.21103616,0.33320883
1512249460,0.6196065,0.16855119,0.21184239
1512512102,0.27981284,0.47001782,0.25016934
1512655073,0.1978622,0.5770103,0.22512755
1514570986,0.43723616,0.30268908,0.26007473
1515085544,0.2922428,0.46059018,0.24716699
1515194969,0.45752656,0.32036144,0.222112
1515640780,0.4568789,0.23703076,0.30609035
1515673229,0.30079427,0.32461855,0.37458715
1516727875,0.46641943,0.2755769,0.25800368
1516766796,0.38008383,0.34404114,0.27587506
1516928323,0.31530154,0.37023258,0.31446588
1517001334,0.31574395,0.3843817,0.29987434
1517005915,0.33950996,0.4063326,0.25415745
1518305208,0.13189688,0.6909618,0.17714134
1518434714,0.2842518,0.40995467,0.30579355
1518560675,0.2741424,0.40025017,0.32560745
1518964750,0.52812964,0.20803855,0.26383182
1519693368,0.22946279,0.37103897,0.39949828
1519883784,0.18363538,0.50271076,0.31365395
1520902388,0.28579846,0.4146633,0.29953817
1520990598,0.33528882,0.25111416,0.41359705
1521341084,0.15248844,0.30893084,0.5385807
1522076707,0.30255237,0.25660646,0.44084126
1522836970,0.19821392,0.4512447,0.35054147
1522997425,0.41150695,0.29353586,0.2949572
1523100513,0.4034631,0.29730093,0.29923597
1523353410,0.34770587,0.35309035,0.29920378
1524349988,0.052407783,0.52948755,0.41810468
1524374288,0.20253108,0.5919539,0.20551504
1524389910,0.4039306,0.25092065,0.34514874
1524888173,0.43755543,0.2351842,0.32726038
1526233914,0.3385934,0.36023405,0.30117252
1526255942,0.30457643,0.3280755,0.3673481
1526294126,0.7654063,0.060311843,0.17428184
1526631137,0.4020047,0.23513232,0.36286297
1526827441,0.31240717,0.42713973,0.26045308
1527002556,0.32890552,0.2620674,0.40902707
1527266017,0.47251078,0.23999019,0.28749904
1527439633,0.39428094,0.32666513,0.27905396
1527545731,0.6510337,0.15596448,0.19300179
1528217841,0.21633825,0.3145233,0.46913844
1528854515,0.46651244,0.2353186,0.2981689
1528866551,0.272165,0.46301797,0.26481712
1530641411,0.38171437,0.32005653,0.29822904
1530924498,0.32211617,0.27702427,0.4008596
1531462308,0.2858088,0.42613322,0.28805795
1531480435,0.18036115,0.4932217,0.32641712
1531686659,0.32914934,0.33333853,0.33751217
1531858557,0.3728407,0.30629253,0.32086676
1531984200,0.25244644,0.46540326,0.28215033
1532499430,0.96239585,0.006046196,0.031558048
1533009688,0.4956015,0.16080792,0.34359056
1534342263,0.44492364,0.106768124,0.44830817
1534510456,0.21556826,0.4240571,0.3603746
1535765243,0.456425,0.2464458,0.29712918
1536182259,0.259745,0.38867375,0.35158128
1537002164,0.3043699,0.30994624,0.3856839
1537117262,0.4219653,0.2799358,0.29809892
1537182322,0.22834994,0.29212722,0.47952288
1537221859,0.36535865,0.23068829,0.4039531
1537593405,0.45024335,0.25076365,0.29899302
1537599213,0.44431198,0.23169048,0.32399753
1537624706,0.5336393,0.231374,0.23498672
1537627166,0.2803387,0.49555185,0.22410946
1538019213,0.38210955,0.2189115,0.398979
1538179462,0.2727604,0.44721493,0.28002468
1538444137,0.5101979,0.26765624,0.22214589
1538799156,0.3322395,0.3844858,0.2832747
1538869052,0.30677515,0.24275835,0.45046642
1539377535,0.45575917,0.21966845,0.32457244
1539498625,0.51487446,0.106407925,0.37871763
1539590958,0.27695566,0.23288642,0.4901579
1540323056,0.3480197,0.24051978,0.41146055
1540400885,0.15175027,0.3092795,0.5389702
1540588713,0.4510263,0.18574022,0.36323342
1541487598,0.2192394,0.24562384,0.53513676
1541642647,0.2557996,0.29242945,0.45177096
1541685390,0.40716898,0.27431372,0.3185172
1541902405,0.13081564,0.2473526,0.6218318
1542150850,0.37903428,0.34671348,0.2742523
1542254114,0.19690281,0.33728898,0.46580812
1543004491,0.31546134,0.40068874,0.28384995
1543117139,0.2627023,0.15928692,0.5780108
1543216802,0.26429507,0.35049644,0.3852085
1543923915,0.34896493,0.33418122,0.31685385
1544083540,0.58597,0.16943032,0.24459976
1544576407,0.3169127,0.37016124,0.31292605
1544795350,0.4258599,0.32004613,0.25409395
1545365707,0.39490888,0.30580267,0.29928842
1545388639,0.30131033,0.37478536,0.32390422
1545488398,0.4039415,0.32248986,0.2735686
1545776787,0.14258175,0.19609477,0.6613235
1545802492,0.28373492,0.33693334,0.3793317
1546878008,0.33428198,0.36558887,0.30012906
1547263065,0.41749206,0.25611278,0.32639515
1547596992,0.058779962,0.6223807,0.31883937
1548000079,0.31125876,0.23637158,0.45236972
1548201497,0.06293563,0.83109885,0.10596555
1548556538,0.249536,0.3892789,0.36118513
1548807188,0.5272881,0.21654843,0.25616357
1549039617,0.29512963,0.45023814,0.2546322
1549118230,0.27156904,0.396971,0.33146
1549570847,0.53044677,0.19000271,0.2795505
1549887134,0.41391814,0.29604468,0.29003716
1549924721,0.19242287,0.54097193,0.2666052
1550330610,0.22229773,0.5144814,0.2632208
1550750614,0.42136276,0.25702304,0.32161427
1550807865,0.38570583,0.35255036,0.26174378
1550858787,0.37497577,0.2636004,0.36142382
1551390040,0.3495376,0.3356966,0.31476587
1551665202,0.34327558,0.37924385,0.27748063
1551706273,0.4147515,0.13556762,0.4496809
1551761603,0.24807194,0.4931465,0.25878152
1552024088,0.24764825,0.51137614,0.24097563
1552398744,0.21288875,0.35690674,0.43020454
1553319303,0.40163842,0.3144417,0.28391978
1553364331,0.36244968,0.31984735,0.317703
1553398156,0.013226739,0.88104415,0.10572906
1553584105,0.2769569,0.39650235,0.32654074
1554034790,0.51686543,0.22364014,0.2594944
1554069666,0.2688086,0.48914382,0.24204756
1554102919,0.4374008,0.14053713,0.42206207
1554476853,0.41733453,0.27933055,0.30333483
1554798788,0.36844105,0.3163554,0.31520355
1555077172,0.18197434,0.5754604,0.24256532
1555416303,0.13375491,0.6106873,0.2555578
1555915481,0.17742133,0.48842108,0.3341576
1556148778,0.33704168,0.33982167,0.3231367
1557079066,0.29331192,0.4801166,0.22657153
1557212012,0.2864586,0.44246438,0.27107692
1557518374,0.43029192,0.29346782,0.2762402
1558232164,0.6367608,0.15423971,0.20899947
1558499019,0.35770482,0.34286186,0.29943335
1558568018,0.4721417,0.16046172,0.36739668
1558571254,0.52660173,0.20149091,0.2719074
1558597395,0.5576062,0.21784978,0.22454406
1558920207,0.3345188,0.37480396,0.2906772
1558936179,0.39116526,0.34932473,0.25950998
1559655202,0.42733076,0.2899629,0.28270635
1559682009,0.67112625,0.118805885,0.21006785
1559706200,0.32448256,0.31576803,0.35974938
1560169397,0.4449261,0.318303,0.23677093
1560835496,0.114313364,0.4840797,0.4016069
1560969594,0.39060006,0.26935053,0.34004945
1561122774,0.44312614,0.22980453,0.32706937
1561600123,0.392715,0.34790248,0.2593825
1561920988,0.49665394,0.18579738,0.3175487
1562046644,0.3288906,0.31342503,0.35768434
1562168146,0.55658454,0.20838533,0.23503007
1563013826,0.5291233,0.22960047,0.24127625
1563096379,0.42856315,0.11867968,0.45275715
1563380516,0.23817994,0.4640392,0.29778084
1563464106,0.4226572,0.23446855,0.3428742
1563979586,0.40434024,0.38614467,0.209515
1564267187,0.27104926,0.33932963,0.38962117
1564309273,0.3204959,0.39228377,0.28722036
1564711501,0.19923435,0.55475557,0.24601007
1564984305,0.32564372,0.35519025,0.31916595
1565547006,0.015897961,0.8880429,0.09605911
1565624242,0.3901189,0.1639219,0.4459592
1565932246,0.08554051,0.74561286,0.16884671
1566007232,0.2665359,0.40860707,0.32485694
1567424993,0.54825115,0.20521274,0.2465361
1568062166,0.34910765,0.3452496,0.3056427
1568335656,0.18437982,0.25395358,0.56166667
1568735071,0.31957573,0.36440268,0.31602156
1569194084,0.22327206,0.4389631,0.33776492
1569527028,0.37987727,0.32953283,0.29058993
1569819771,0.10772064,0.5467839,0.34549552
1569856595,0.43404332,0.2871398,0.27881685
1570005821,0.30961925,0.33462405,0.35575664
1570523015,0.52159214,0.25001782,0.2283901
1571039670,0.531429,0.2255535,0.24301755
1571333066,0.22288905,0.4665581,0.31055284
1571552797,0.44374505,0.29656285,0.2596921
1572470569,0.31935593,0.3519303,0.32871377
1572553183,0.5357825,0.20747809,0.25673938
1572914742,0.49648792,0.17204045,0.33147165
1573161678,0.4715116,0.2647406,0.26374784
1573520031,0.44029817,0.22302343,0.33667842
1573875860,0.34949186,0.33483285,0.31567526
1574037377,0.27897575,0.48266217,0.23836212
1574177759,0.3914297,0.271199,0.3373713
1574360470,0.40609425,0.25725827,0.33664754
1574464447,0.39669037,0.35011274,0.2531969
1575244496,0.3627814,0.3277546,0.30946407
1575539869,0.37508568,0.36654398,0.25837037
1575598780,0.2388695,0.4696347,0.29149574
1575868665,0.37138686,0.3850293,0.24358383
1576478815,0.46452254,0.32425702,0.21122032
1576739802,0.38417456,0.30172223,0.31410325
1577508368,0.44589248,0.27938533,0.27472216
1577605262,0.35539824,0.37440196,0.27019975
1577839236,0.22844052,0.52964854,0.24191095
1577844014,0.6302594,0.19918145,0.17055918
1578075430,0.19269685,0.4414354,0.36586776
1578708985,0.42769787,0.31539282,0.2569093
1578953865,0.42909378,0.2496787,0.32122746
1579308266,0.7468496,0.17275725,0.08039319
1579535336,0.49031106,0.23958111,0.27010775
1579784333,0.53189516,0.23602758,0.23207736
1579920550,0.59707856,0.13800299,0.26491848
1579923608,0.38544172,0.3425864,0.27197185
1580232758,0.32633016,0.3863236,0.28734624
1580267370,0.37615475,0.3153128,0.30853242
1581317758,0.5962233,0.1958149,0.20796178
1581630968,0.2562845,0.5154977,0.2282179
1581766713,0.47300428,0.28727457,0.23972115
1582285515,0.45126536,0.26726598,0.2814687
1582968476,0.41801357,0.39912078,0.18286566
1583233073,0.25324005,0.38466635,0.3620936
1583331605,0.55823064,0.16690211,0.27486724
1583336579,0.27795306,0.3901925,0.3318544
1583808444,0.3493912,0.31820557,0.33240318
1583962668,0.450059,0.24430345,0.30563757
1584353583,0.17306948,0.22443017,0.6025004
1584614778,0.51266354,0.35274604,0.13459043
1584755738,0.36970174,0.3277712,0.30252707
1584769560,0.12576918,0.7245131,0.14971773
1584828913,0.26318595,0.24608615,0.49072784
1585442353,0.28637192,0.4861871,0.22744094
1585563968,0.4405333,0.4013319,0.15813482
1585646412,0.23153469,0.3264493,0.44201607
1585788708,0.31456596,0.3558782,0.32955593
1585993730,0.26762182,0.43373415,0.298644
1586598952,0.2738803,0.4984295,0.22769018
1586863487,0.3119563,0.42274767,0.265296
1586944136,0.36501968,0.16872221,0.4662581
1587034462,0.11639492,0.7129771,0.170628
1587512829,0.11140955,0.29377332,0.5948171
1587855609,0.26891,0.4367908,0.29429927
1587940698,0.40944162,0.3334905,0.25706795
1589379263,0.14515519,0.5016139,0.35323092
1589543088,0.1261877,0.56565887,0.30815345
1589767457,0.3669481,0.35143808,0.28161386
1590633590,0.3919938,0.13334861,0.47465757
1591210425,0.31543064,0.3580291,0.32654026
1591251663,0.16358997,0.53409123,0.30231875
1591483485,0.6061546,0.11127749,0.2825679
1592574381,0.3056046,0.4734115,0.2209839
1592720903,0.24065457,0.30608433,0.4532612
1594144248,0.29832006,0.2493964,0.45228362
1594519552,0.16264994,0.3471095,0.49024048
1595280977,0.33652112,0.37962964,0.28384927
1595552836,0.1733544,0.5834809,0.24316469
1596027900,0.16724966,0.18621428,0.6465361
1596032728,0.7183336,0.09555368,0.18611275
1596604971,0.27922824,0.30914032,0.41163138
1596671229,0.35690576,0.26501995,0.37807444
1596862780,0.21663783,0.5674855,0.21587667
1597775889,0.2159115,0.500383,0.28370544
1599096814,0.57280177,0.21045403,0.21674427
1599297569,0.24185467,0.484342,0.27380335
1599568522,0.37601614,0.3376203,0.28636363
1599722393,0.3978897,0.268242,0.33386827
1599794379,0.25847065,0.35446334,0.38706607
1601400546,0.30455634,0.39850926,0.29693437
1602454146,0.45418277,0.24468736,0.30112985
1602570873,0.39454052,0.31013727,0.2953222
1602580450,0.14524506,0.670339,0.18441594
1602883850,0.27254722,0.30376506,0.42368773
1603000115,0.8250052,0.06363375,0.111361146
1603211318,0.16270652,0.41041967,0.42687377
1603477366,0.07376301,0.07376301,0.8524739
1603729573,0.17611974,0.60404074,0.2198395
1604031501,0.15066907,0.61961526,0.22971573
1604084168,0.3238825,0.17677218,0.49934533
1604197781,0.3401927,0.29711542,0.36269182
1605752317,0.027678825,0.12383925,0.84848195
1605822431,0.12059498,0.73351943,0.14588562
1605992008,0.39619187,0.36915597,0.23465218
1606066599,0.29924312,0.4568153,0.24394156
1606353997,0.21288699,0.515446,0.27166697
1606390545,0.30873317,0.41413984,0.277127
1607078665,0.14414594,0.63923204,0.21662202
1607649966,0.15200432,0.62684435,0.22115138
1609080132,0.23902538,0.3149429,0.44603172
1609217775,0.20452295,0.4588115,0.33666557
1609369409,0.34589767,0.35913005,0.2949723
1609425811,0.21761611,0.14976382,0.6326201
1609629198,0.24507105,0.2842086,0.47072035
1609686987,0.44612414,0.28000498,0.2738709
1609837491,0.33861685,0.27598912,0.38539404
1609990742,0.06969929,0.2050269,0.7252738
1610201143,0.54220307,0.20056523,0.25723174
1610359276,0.19522174,0.30078867,0.5039896
1610415921,0.41683453,0.30882683,0.2743386
1611328179,0.44408083,0.23145983,0.3244593
1612280218,0.34427398,0.17666622,0.47905976
1612768800,0.41643563,0.258851,0.32471347
1612816978,0.42865744,0.27190927,0.29943335
1612820294,0.34989187,0.34302,0.30708808
1613232805,0.19978586,0.36489198,0.4353221
1613824045,0.27635285,0.381778,0.3418692
1614539656,0.41761822,0.24687752,0.3355043
1615309005,0.32666567,0.36691496,0.3064193
1615483187,0.2990571,0.4013026,0.2996404
1615572819,0.5945939,0.17325683,0.23214932
1615635284,0.1947984,0.5445027,0.26069888
1615807992,0.28678095,0.421551,0.2916681
1616011673,0.40010744,0.226349,0.37354353
1616103241,0.5100686,0.21018292,0.27974844
1616461896,0.4141125,0.28567642,0.30021122
1618305495,0.27243385,0.38890424,0.3386619
1618617837,0.105910555,0.5208009,0.37328863
1619884496,0.3933633,0.3230462,0.2835905
1620267727,0.35485172,0.37030384,0.27484447
1620500632,0.5847346,0.23671277,0.17855254
1621407819,0.26619235,0.4245,0.3093076
1621688419,0.28364488,0.43288594,0.2834692
1621753560,0.4112337,0.31956688,0.2691995
1621949448,0.14067045,0.58448607,0.27484348
1622389763,0.9293216,0.019027635,0.051650673
1622395515,0.44148812,0.223598,0.33491388
1622775803,0.3477171,0.27101186,0.38127103
1623146152,0.16340676,0.1305865,0.70600677
1623170855,0.4398358,0.21577862,0.3443856
1623318114,0.3482764,0.30370942,0.34801415
1623339523,0.26425403,0.45997435,0.27577162
1624288723,0.26681173,0.44845316,0.28473517
1625903001,0.35842064,0.47422582,0.1673536
1626070850,0.36785918,0.35340104,0.27873972
1626679827,0.27311698,0.47508624,0.2517968
1626710019,0.066297606,0.80321026,0.13049214
1626939895,0.5139384,0.24651107,0.23955056
1627926960,0.3505106,0.29352954,0.35595998
1628729911,0.30456764,0.24422432,0.45120803
1629764690,0.4684328,0.20689398,0.3246732
1630527862,0.44769514,0.06813122,0.48417372
1630831872,0.26720518,0.4476704,0.2851244
1631138575,0.33740538,0.3322998,0.3302948
1631382474,0.55266374,0.23075572,0.21658045
1631567249,0.14426441,0.6213599,0.23437572
1631677815,0.43934083,0.3018226,0.2588365
1632014183,0.35146907,0.36618784,0.2823431
1632122545,0.35358188,0.37037864,0.27603945
1632858316,0.34626818,0.35781488,0.29591694
1633800504,0.36689728,0.23119724,0.40190548
1633807580,0.50812125,0.20048419,0.29139453
1633946324,0.47997534,0.1802093,0.33981535
1634078036,0.20759992,0.14068742,0.6517127
1634139642,0.5442985,0.25399297,0.20170847
1634185276,0.06982833,0.009603497,0.9205681
1634434573,0.6971344,0.11368221,0.18918343
1635306903,0.3845597,0.3677213,0.24771905
1636596824,0.6993881,0.09906926,0.20154266
1636653458,0.15105635,0.17909627,0.66984737
1637024745,0.23456141,0.4905434,0.27489522
1637776970,0.34392217,0.28559542,0.37048247
1637879229,0.33182383,0.2542979,0.4138783
1637952709,0.1982501,0.560507,0.24124295
1638422111,0.19988059,0.54859,0.25152937
1638477743,0.41526395,0.28818002,0.2965561
1639085082,0.44687796,0.2701502,0.28297183
1639237901,0.8345356,0.047074612,0.11838981
1640758507,0.231456,0.3687074,0.39983672
1642014759,0.49594733,0.2431632,0.2608894
1642035848,0.3429975,0.13177828,0.5252242
1642263146,0.34025425,0.3168692,0.3428765
1642395421,0.46726975,0.28033948,0.25239077
1642467783,0.21274564,0.23833229,0.54892206
1642681147,0.5169288,0.1520102,0.331061
1643405176,0.23027867,0.35099375,0.41872758
1643907626,0.6144403,0.16212131,0.22343841
1644699788,0.40952864,0.24201031,0.34846115
1644781606,0.4243169,0.26750797,0.30817512
1644817605,0.32717994,0.3402817,0.33253834
1645052117,0.3711953,0.2981667,0.330638
1645209852,0.5180643,0.20582518,0.2761105
1645560299,0.33357581,0.31579214,0.35063204
1646020069,0.3499208,0.1898538,0.4602253
1646822472,0.2848777,0.33172312,0.38339913
1647117594,0.14027084,0.57556415,0.284165
1647424465,0.64146775,0.11807306,0.24045925
1647708791,0.4071705,0.331513,0.26131654
1647757809,0.1319104,0.51500255,0.35308704
1648239182,0.4405271,0.2876671,0.2718058
1648422833,0.08386297,0.4304869,0.48565012
1648642740,0.60033566,0.17770213,0.22196218
1648720857,0.40171298,0.31006238,0.28822464
1649490436,0.50338304,0.2366548,0.25996208
1649703342,0.38318726,0.25672913,0.3600836
1649862792,0.40644097,0.31994727,0.27361178
1650300505,0.31373873,0.44094878,0.2453125
1650471177,0.270258,0.47157624,0.25816578
1650613449,0.2617106,0.19612844,0.5421609
1650745342,0.3271953,0.20421293,0.46859175
1650901619,0.2850169,0.28017735,0.4348057
1650902560,0.2643506,0.4415148,0.29413462
1650914041,0.57428133,0.2012705,0.22444808
1651217316,0.57389563,0.14624678,0.2798576
1651561506,0.6134507,0.17497902,0.2115703
1651690251,0.39411858,0.35771966,0.24816173
1653616188,0.25240326,0.5128461,0.23475066
1653684786,0.48520142,0.26944342,0.2453551
1653876340,0.4462094,0.23668411,0.3171065
1654427558,0.2784509,0.32020345,0.40134567
1654684700,0.39968163,0.26128668,0.3390317
1655073338,0.17472425,0.60822827,0.21704751
1655143326,0.23380512,0.2800229,0.48617196
1655790883,0.4061838,0.31620386,0.2776123
1657016881,0.33296564,0.4416095,0.2254249
1657467200,0.4313653,0.28708985,0.28154477
1657539739,0.2131922,0.51665485,0.27015293
1658504900,0.37749657,0.29224807,0.33025536
1658832957,0.15837838,0.61087734,0.23074433
1658939627,0.17112829,0.24368949,0.5851822
1658958070,0.27727142,0.27727142,0.44545722
1658967966,0.63994974,0.15176848,0.20828184
1659114265,0.14607264,0.1401403,0.713787
1659438468,0.3070729,0.42006737,0.27285966
1660208850,0.6847085,0.19208091,0.12321061
1660857258,0.26574343,0.43582672,0.29842985
1661116563,0.1994171,0.5626532,0.23792975
1661813809,0.32947743,0.38304073,0.28748187
1661843591,0.5174106,0.22365478,0.25893462
1662151765,0.3478564,0.17685929,0.47528428
1662484259,0.2282595,0.30980527,0.46193528
1662512832,0.17568326,0.28788048,0.5364362
1662521699,0.21220016,0.5232633,0.26453656
1663299496,0.32949317,0.35124654,0.31926033
1663468816,0.51580024,0.25302026,0.23117958
1663491346,0.3201457,0.40347522,0.27637908
1663538895,0.40331784,0.2791717,0.3175104
1663637561,0.47584084,0.25619322,0.26796597
1663717781,0.2608053,0.44403005,0.2951647
1664201201,0.32053655,0.28643316,0.3930303
1664322673,0.31205273,0.30259794,0.38534927
1664732760,0.1568826,0.5851473,0.25797006
1664994046,0.46217218,0.2948191,0.2430087
1665065234,0.23772766,0.52793735,0.23433495
1666139437,0.2825267,0.35668412,0.3607892
1666402895,0.17234574,0.6588854,0.16876888
1666992104,0.57454705,0.19975396,0.22569895
1667614373,0.047002837,0.57003504,0.3829622
1668507734,0.41148794,0.19903895,0.3894731
1668858113,0.47319603,0.25096223,0.2758418
1669416968,0.31636328,0.3758604,0.30777642
1669538948,0.2650686,0.43312818,0.3018033
1670070169,0.23115833,0.34503567,0.423806
1670334570,0.33243164,0.36049953,0.3070688
1670792860,0.4809612,0.23125726,0.2877816
1671246071,0.68481445,0.15025342,0.16493212
1671546542,0.3356297,0.22090907,0.44346124
1671576059,0.32172737,0.36237895,0.31589362
1671873354,0.5837152,0.17171255,0.24457228
1672347710,0.3854864,0.31474206,0.29977155
1672371508,0.7622255,0.12249562,0.11527892
1673836625,0.33784813,0.36471835,0.29743347
1673930835,0.36533302,0.36089417,0.2737728
1674271218,0.3879073,0.4142504,0.19784231
1674290386,0.25561658,0.18158147,0.56280196
1674303347,0.31038654,0.39889637,0.29071707
1674613483,0.2483637,0.24957699,0.5020594
1674870575,0.2202953,0.44641384,0.33329087
1674981451,0.40838405,0.30088216,0.29073378
1675239770,0.32827565,0.375344,0.29638037
1676497076,0.45244667,0.27797472,0.26957858
1676810362,0.49760813,0.24565277,0.2567391
1677729180,0.12816924,0.719865,0.1519658
1678266395,0.41176286,0.30814502,0.28009212
1678431547,0.31362724,0.42389357,0.26247928
1678514311,0.64151967,0.13987882,0.21860154
1678626069,0.4001534,0.3149359,0.28491077
1678905990,0.40719938,0.25822362,0.334577
1679999721,0.56578606,0.18194354,0.25227034
1680192080,0.23599523,0.45328224,0.3107225
1680516333,0.37772945,0.09258067,0.5296899
1680611137,0.3997985,0.2969532,0.3032483
1680969361,0.45553568,0.31424564,0.23021872
1681735086,0.38786048,0.37473643,0.23740315
1681814692,0.3130648,0.3735086,0.31342658
1682074721,0.25348634,0.3436109,0.40290275
1682308532,0.41413146,0.24667986,0.33918875
1682386993,0.3467725,0.3739007,0.27932683
1682833625,0.24942705,0.4243573,0.32621565
1682953571,0.19115171,0.28296277,0.5258855
1683783813,0.3103363,0.42090183,0.26876187
1683889396,0.21847008,0.5050542,0.27647576
1683947411,0.30594215,0.42969352,0.26436427
1684319103,0.06979677,0.7605098,0.16969347
1684715833,0.13038044,0.73108476,0.1385347
1684845933,0.25700116,0.3592849,0.3837139
1685030974,0.41129076,0.34931856,0.23939067
1685777887,0.3149827,0.40935877,0.2756585
1686878421,0.24095026,0.40270388,0.3563459
1687006641,0.19358073,0.2822584,0.52416086
1688657687,0.09305004,0.6802974,0.2266526
1690043841,0.31709617,0.33458865,0.3483152
1690297634,0.39889035,0.3333148,0.2677949
1690337718,0.27797592,0.38038364,0.3416404
1690844113,0.53365976,0.20498459,0.26135567
1691088739,0.4253076,0.26573414,0.30895835
1691227636,0.09451264,0.682436,0.22305146
1691229265,0.18233271,0.5699095,0.24775775
1691407828,0.36999848,0.3355913,0.29441023
1691438113,0.4311219,0.29071906,0.27815902
1692031084,0.23188846,0.45670044,0.31141105
1692058788,0.40863767,0.32397103,0.2673913
1692128230,0.34023562,0.38562846,0.27413604
1692292133,0.09056076,0.6437493,0.26569
1692439240,0.22248612,0.47797397,0.29953995
1692442552,0.19902855,0.39607635,0.4048951
1692550667,0.19071181,0.29019967,0.51908845
1692935898,0.36102316,0.37784928,0.2611276
1693898511,0.3184214,0.34823474,0.3333438
1694382325,0.25637597,0.46558025,0.27804375
1694483196,0.23135997,0.29873225,0.4699078
1694489471,0.29960594,0.3551914,0.3452026
1694665554,0.37923312,0.26751655,0.35325032
1695071938,0.40352777,0.23151293,0.36495924
1696678573,0.6393379,0.120874085,0.23978797
1697384419,0.103802085,0.6500182,0.24617968
1697607616,0.36972496,0.09684991,0.5334252
1697947520,0.34630144,0.30398178,0.34971675
1698432274,0.23995984,0.52718115,0.23285902
1698527753,0.7836556,0.08066217,0.13568221
1698763891,0.17685574,0.6301182,0.19302605
1699260348,0.16364338,0.6409125,0.19544418
1699517623,0.44128168,0.26516145,0.2935569
1699705099,0.35807338,0.31374434,0.32818222
1699833007,0.31236562,0.42199895,0.2656354
1700496488,0.23714568,0.46176255,0.30109176
1701006666,0.32376888,0.3552043,0.3210269
1701693802,0.59221786,0.17990075,0.22788143
1702012397,0.32570016,0.35661313,0.31768674
1702134344,0.42048603,0.20096734,0.37854666
1702390481,0.4170339,0.26542825,0.31753784
1702398362,0.38939175,0.15858221,0.45202604
1702505390,0.24323945,0.46056822,0.29619232
1702698069,0.49022242,0.19307545,0.31670216
1702709833,0.66097283,0.14971648,0.18931073
1702965667,0.02957828,0.08850492,0.8819168
1705236839,0.423278,0.27089077,0.30583122
1705405987,0.3969046,0.24134405,0.36175144
1705660092,0.34637243,0.25982207,0.39380553
1706168551,0.15120104,0.25754493,0.591254
1706433544,0.54585344,0.20078743,0.25335908
1708045889,0.15297952,0.55912733,0.2878931
1708191432,0.28494874,0.3605983,0.35445294
1708417335,0.768139,0.07318497,0.15867607
1708596348,0.4846253,0.2885331,0.2268416
1708728114,0.5530485,0.22703987,0.2199116
1708759667,0.24058332,0.23155351,0.52786314
1708799770,0.29048643,0.24786995,0.46164358
1709570513,0.2202537,0.52648973,0.2532566
1709609302,0.07719381,0.6903087,0.23249753
1710270763,0.20470878,0.6328761,0.16241512
1710383653,0.30932745,0.37833524,0.31233734
1710539629,0.7074178,0.09884898,0.19373326
1710773731,0.33619854,0.37926358,0.28453797
1711501045,0.35537198,0.28765413,0.3569739
1711804964,0.30423415,0.35778335,0.3379826
1712620059,0.41404876,0.30093768,0.28501356
1712648614,0.6309065,0.1461397,0.22295383
1713029428,0.2721418,0.3699016,0.3579566
1713146408,0.72237664,0.12621139,0.15141201
1713689606,0.16463524,0.5764764,0.2588883
1714033303,0.5997757,0.16881879,0.2314056
1714135789,0.58105814,0.19146845,0.22747345
1714143351,0.5044252,0.17984132,0.3157335
1714210749,0.3232375,0.32380968,0.3529529
1715351046,0.24304044,0.43817577,0.3187838
1715514321,0.16146763,0.6667651,0.17176723
1716588874,0.33864802,0.28942877,0.37192315
1716610171,0.29367784,0.37381557,0.33250654
1716765550,0.3315192,0.4358135,0.23266728
1717147012,0.21545132,0.43952623,0.34502244
1717646550,0.35056263,0.31061566,0.33882177
1717692915,0.16202079,0.066293925,0.7716854
1718495528,0.2911683,0.28786474,0.42096695
1718737773,0.2618219,0.3242909,0.41388717
1719075252,0.30286983,0.27588838,0.42124173
1720552419,0.22027905,0.23527376,0.5444471
1720693294,0.44903943,0.2215586,0.32940197
1721453938,0.49763414,0.18922102,0.31314486
1721717050,0.35208955,0.38701874,0.2608917
1721718420,0.33690247,0.28569773,0.3773998
1721981634,0.27557212,0.29728502,0.4271428
1722534903,0.3192844,0.2610032,0.41971242
1722614692,0.32498655,0.32986653,0.34514692
1723276070,0.19309524,0.56227267,0.24463212
1723518433,0.31688252,0.31685895,0.36625862
1723723756,0.65214723,0.1453596,0.20249319
1723966098,0.39344382,0.29711702,0.30943918
1724589264,0.35216257,0.25807115,0.3897663
1724700984,0.37780306,0.36846673,0.25373018
1724948921,0.14329478,0.6050634,0.2516419
1726735156,0.40069726,0.3177828,0.28151998
1727320611,0.49052587,0.22045344,0.28902072
1727642542,0.18378502,0.3153309,0.50088406
1727844644,0.46156213,0.31435227,0.22408566
1728623670,0.24686526,0.43603566,0.31709912
1728768467,0.3062912,0.41089702,0.28281173
1729373744,0.47430632,0.25152066,0.2741731
1729696277,0.53452945,0.20150836,0.26396215
1729885130,0.37339622,0.2938083,0.3327954
1729885436,0.16656728,0.40979126,0.42364147
1730050025,0.4018616,0.2655026,0.33263588
1730974193,0.06274086,0.056851584,0.88040763
1731109166,0.26654124,0.39448112,0.3389776
1731382787,0.448381,0.2507848,0.3008342
1731499471,0.35782072,0.33474886,0.30743045
1731523613,0.12793164,0.61890215,0.2531663
1731550578,0.42153642,0.21703468,0.36142895
1731576286,0.3007042,0.18600903,0.5132867
1732060126,0.29862693,0.29396302,0.40741006
1732575572,0.567954,0.15513566,0.27691036
1734324267,0.42172942,0.13483645,0.44343412
1734649525,0.23187567,0.48792514,0.2801992
1734739733,0.32743856,0.33385873,0.33870262
1735270029,0.097483136,0.6040595,0.29845738
1735436560,0.1484468,0.43803397,0.41351923
1735439387,0.31689736,0.29996955,0.38313305
1735759001,0.21865547,0.630794,0.15055059
1735934847,0.123081826,0.67250377,0.20441432
1736410915,0.08235872,0.7201396,0.19750175
1738448173,0.3121062,0.34398854,0.3439052
1738924789,0.44432294,0.29159296,0.26408413
1739189842,0.32541046,0.41046372,0.2641258
1739541010,0.23772866,0.20751022,0.5547611
1739942735,0.31061098,0.4105004,0.2788886
1739956661,0.55178565,0.13858934,0.30962503
1740237192,0.41271034,0.32801244,0.2592772
1740433539,0.13952206,0.31315914,0.54731876
1740504509,0.37729722,0.21050525,0.4121975
1740735801,0.38283244,0.33337477,0.28379276
1741120464,0.5077012,0.25593933,0.23635943
1741489359,0.41317242,0.2708891,0.31593844
1741804669,0.13271601,0.49778718,0.3694968
1742362315,0.2317087,0.4746672,0.29362407
1742701127,0.6079198,0.17971186,0.21236831
1743448511,0.21883902,0.36333543,0.41782558
1743589577,0.6576183,0.10231829,0.24006338
1744227513,0.14304854,0.620748,0.23620355
1744259434,0.27006826,0.2936161,0.43631572
1744905996,0.3637415,0.42643464,0.20982388
1745439660,0.24997656,0.32802403,0.42199942
1745457284,0.2802759,0.31837976,0.40134427
1746241766,0.3341811,0.25756338,0.4082556
1746428053,0.19764668,0.15319611,0.64915717
1746687827,0.32175002,0.4142567,0.2639933
1746812348,0.41832235,0.31004408,0.27163357
1747120057,0.6817442,0.13546109,0.18279463
1747295803,0.22111714,0.50668555,0.2721973
1747857534,0.20167823,0.5316737,0.26664802
1747959696,0.44993907,0.22125639,0.32880446
1748468456,0.093504585,0.74473816,0.16175729
1748516683,0.19668706,0.42694497,0.37636796
1748561071,0.3342447,0.19145896,0.47429642
1748620648,0.269913,0.49583775,0.23424931
1748833888,0.621019,0.17545122,0.20352976
1749573236,0.19802831,0.57283324,0.22913848
1750537063,0.3650668,0.33429927,0.30063394
1751348068,0.8149711,0.07315313,0.111875825
1751566519,0.3692605,0.36100048,0.26973915
1751569927,0.18891919,0.26212785,0.54895294
1751916943,0.35756645,0.26982075,0.3726128
1752529936,0.2882647,0.44484186,0.26689342
1753141802,0.34074104,0.15804769,0.5012113
1753297962,0.28064007,0.37830225,0.3410577
1753403727,0.39162982,0.35693243,0.2514378
1753917941,0.30450636,0.14759181,0.5479018
1754183888,0.25331676,0.5470704,0.19961289
1754210271,0.44318444,0.13124529,0.42557025
1754933836,0.36497104,0.30096424,0.33406472
1755011036,0.34093916,0.33821177,0.32084912
1755147195,0.2702489,0.5054094,0.22434168
1755918975,0.19679889,0.56296414,0.24023695
1756390721,0.3981637,0.31815535,0.283681
1756604914,0.55424035,0.09017273,0.355587
1756778091,0.40183863,0.37514293,0.22301842
1757111307,0.31235978,0.41440123,0.27323902
1757407802,0.28263953,0.19622995,0.52113056
1758459469,0.4043845,0.3027623,0.29285324
1758650147,0.29124752,0.40723178,0.30152068
1759724196,0.2883207,0.4307811,0.28089827
1759750393,0.27838016,0.3647981,0.35682175
1759940412,0.34381816,0.37406564,0.2821161
1760222829,0.3420528,0.3637279,0.2942193
1761047446,0.20451428,0.4827818,0.31270394
1761076283,0.30420682,0.41681346,0.27897975
1761306249,0.4653102,0.23295169,0.30173814
1761325511,0.4864386,0.2580374,0.2555241
1761841445,0.29602528,0.38547876,0.31849584
1761988485,0.2903554,0.22243859,0.48720595
1762750447,0.33424014,0.30777383,0.35798606
1762791831,0.38589373,0.3167825,0.2973238
1763145514,0.11556928,0.39162266,0.49280804
1763273725,0.28717268,0.3949944,0.3178328
1763984560,0.6751909,0.12970309,0.19510597
1764626265,0.5501422,0.22547558,0.22438222
1764925675,0.3350992,0.4214233,0.24347751
1764959940,0.3678028,0.27517,0.35702717
1765178402,0.2456704,0.39210153,0.36222804
1765541774,0.41556838,0.2758084,0.3086232
1765676415,0.40178627,0.3138924,0.28432137
1765816286,0.47976682,0.2618145,0.25841868
1766329459,0.28765208,0.22426361,0.48808435
1766622653,0.33366036,0.40698865,0.259351
1766747709,0.39576203,0.30711415,0.29712382
1767691323,0.4896929,0.24367075,0.2666364
1768121582,0.46632734,0.15505683,0.3786158
1768498319,0.19331448,0.46085107,0.34583443
1768781611,0.26295716,0.36051178,0.3765311
1769890857,0.42307383,0.2791656,0.29776058
1770394150,0.2120382,0.18763193,0.6003299
1770599782,0.42499834,0.25320905,0.32179263
1770686376,0.25689143,0.47689736,0.26621118
1770732040,0.236847,0.44780478,0.31534815
1770830248,0.2573304,0.47393975,0.2687298
1772054066,0.036066037,0.7919733,0.17196071
1772141099,0.24908009,0.5117384,0.23918146
1772649140,0.5080112,0.23487513,0.25711367
1773696782,0.41263318,0.29796433,0.2894025
1774865901,0.44876227,0.22725482,0.32398292
1775093196,0.25205114,0.43390688,0.31404203
1775176720,0.3590774,0.3262871,0.31463546
1775324218,0.5681751,0.17663193,0.25519305
1775632894,0.22482996,0.50165635,0.27351367
1776034380,0.19439828,0.558058,0.24754372
1776038744,0.34017974,0.3520578,0.30776238
1776998452,0.09957561,0.63407046,0.2663539
1777452724,0.37090012,0.2226129,0.40648702
1777466675,0.73724604,0.04132449,0.22142954
1778090574,0.3726811,0.3198671,0.3074518
1778202741,0.28847715,0.3150877,0.39643517
1778290929,0.5357182,0.22529389,0.23898785
1778696047,0.24893083,0.37677854,0.3742906
1779042082,0.72754043,0.11673286,0.15572667
1779382445,0.566164,0.110845454,0.32299057
1779485822,0.35247576,0.3613147,0.28620952
1779502048,0.28116044,0.42410663,0.29473293
1779735910,0.29580134,0.4571083,0.24709037
1780000603,0.27580693,0.18086123,0.5433318
1780336094,0.32536557,0.41588545,0.25874898
1780546093,0.8303332,0.058878325,0.11078859
1781742865,0.39785615,0.3332097,0.26893413
1781762949,0.34335116,0.39082962,0.26581925
1781785953,0.52315986,0.2384236,0.23841648
1781948936,0.36316893,0.1331174,0.50371367
1782320050,0.5764235,0.19486365,0.22871284
1782528878,0.2166102,0.14857456,0.6348152
1782794369,0.47610995,0.17630987,0.34758016
1783367579,0.40831557,0.31558642,0.276098
1784536927,0.42242372,0.29970512,0.27787116
1785015198,0.28582093,0.42255583,0.29162326
1785134603,0.22685215,0.3469641,0.4261837
1785715127,0.22339973,0.4567411,0.31985927
1786826925,0.235674,0.4814584,0.28286764
1786903872,0.06343194,0.8131423,0.12342583
1787030325,0.3575137,0.404164,0.23832233
1787529666,0.2944322,0.42065957,0.2849082
1787896345,0.08484522,0.7383094,0.17684545
1788543444,0.31176624,0.30740622,0.38082758
1788856010,0.22136962,0.18217008,0.59646034
1788985330,0.18327692,0.17432821,0.64239484
1789417039,0.21414332,0.32856968,0.457287
1789739929,0.37907013,0.34489614,0.2760337
1789937313,0.28572536,0.35612795,0.35814667
1790581941,0.3307185,0.28671905,0.38256246
1790585521,0.5050438,0.22229257,0.27266365
1790656233,0.40057656,0.2754552,0.3239684
1790753051,0.22761501,0.28038463,0.4920004
1790952639,0.6871964,0.14388885,0.1689148
1791430266,0.42653063,0.2866675,0.28680187
1791581065,0.6231881,0.09061559,0.28619635
1791629751,0.2676485,0.20876683,0.52358466
1792205628,0.29527608,0.4289231,0.27580094
1792362496,0.725022,0.115853384,0.1591246
1792566723,0.27627635,0.46351165,0.260212
1792892946,0.20917276,0.2813553,0.5094719
1793470403,0.23440996,0.22086677,0.54472333
1794190781,0.30995125,0.34787542,0.34217337
1794512480,0.12785959,0.72455007,0.14759041
1794840909,0.22984241,0.24625604,0.5239016
1795139469,0.33899134,0.3843859,0.2766227
1795379566,0.5679429,0.16505256,0.26700443
1795760643,0.12516318,0.69662195,0.17821483
1796055199,0.15024081,0.48590022,0.36385897
1796071606,0.060597014,0.7950047,0.14439826
1796087940,0.3310569,0.34392273,0.32502034
1796305712,0.41126359,0.31345925,0.2752771
1796352365,0.33325362,0.40585282,0.26089364
1796435372,0.32902718,0.43053412,0.24043868
1796728916,0.30613708,0.28408247,0.40978047
1796899195,0.2653374,0.2773187,0.4573439
1797178188,0.4132552,0.22795078,0.35879397
1797297309,0.3937463,0.33554682,0.27070692
1798067323,0.28489226,0.43501598,0.28009176
1799456013,0.32995552,0.37811875,0.29192576
1800240206,0.33948335,0.15439425,0.5061224
1800297641,0.3216936,0.1855608,0.4927456
1800720725,0.2586708,0.33290982,0.40841937
1800833974,0.40083838,0.2549552,0.3442064
1800841843,0.07356639,0.6444537,0.28197992
1801284664,0.4986068,0.282697,0.21869618
1801580711,0.2669683,0.5242896,0.20874213
1801663771,0.30245474,0.20271076,0.49483448
1801721906,0.23345809,0.22373784,0.54280406
1801840402,0.22648562,0.2793222,0.494192
1802076456,0.15824743,0.58168495,0.2600676
1802409890,0.28399935,0.43572557,0.28027505
1802855908,0.40655327,0.2463244,0.34712234
1802997966,0.72116935,0.07848851,0.20034215
1803065593,0.6837222,0.14402476,0.17225304
1803290940,0.17714182,0.5407271,0.28213114
1804828115,0.2299199,0.19613752,0.57394266
1804860296,0.25681913,0.39766726,0.34551364
1805042728,0.57367337,0.20343472,0.22289194
1805131958,0.5442617,0.22028813,0.2354502
1805833364,0.33730817,0.30491474,0.3577771
1806083326,0.49078223,0.23471138,0.27450636
1806237233,0.34975785,0.37058765,0.27965447
1806862610,0.4603415,0.15764378,0.3820147
1806971820,0.3717493,0.31100023,0.3172505
1807130483,0.51023704,0.14711373,0.34264922
1807215640,0.21989675,0.51429623,0.26580703
1807813287,0.21552914,0.523509,0.26096183
1807968496,0.3468383,0.3762288,0.2769328
1808485242,0.2574263,0.396567,0.3460067
1808797234,0.42202652,0.30089274,0.27708068
1809270813,0.17537707,0.63393927,0.19068368
1809662805,0.33369663,0.3450438,0.32125953
1810473971,0.375898,0.26432768,0.35977432
1810703122,0.21119809,0.52436864,0.26443326
1811071982,0.16365403,0.3784957,0.45785034
1811388293,0.335984,0.29552707,0.36848903
1811474229,0.44762215,0.276141,0.27623692
1811936123,0.19864374,0.43166077,0.36969548
1811947290,0.37137738,0.3509556,0.277667
1812398186,0.24989079,0.4813857,0.26872352
1813115352,0.8139576,0.047811884,0.13823059
1813582710,0.29345334,0.46191037,0.24463633
1813718061,0.4553511,0.24607207,0.29857683
1813809654,0.3189163,0.35133225,0.3297515
1813816869,0.19761586,0.6264614,0.17592269
1813836497,0.5200452,0.19384602,0.28610876
1815451789,0.40171283,0.20599051,0.3922966
1816584649,0.27475062,0.4784733,0.24677609
1816643488,0.33491626,0.39762622,0.2674576
1817013612,0.3317291,0.30279598,0.36547488
1817539108,0.1960745,0.55415004,0.24977545
1818825106,0.35269186,0.3560362,0.29127198
1819567564,0.42612934,0.34663817,0.22723247
1819851832,0.1607952,0.30475613,0.5344486
1820739925,0.24312599,0.5478721,0.20900187
1821281539,0.6757012,0.119226076,0.20507278
1821700297,0.34760252,0.4018584,0.25053918
1822211120,0.44263723,0.25841415,0.29894856
1822850619,0.18887506,0.5926413,0.21848361
1822864735,0.32865927,0.28857565,0.38276505
1822983353,0.29960546,0.3605143,0.33988017
1823014755,0.45842114,0.26065433,0.28092447
1823667954,0.23963013,0.5126941,0.24767575
1823873064,0.413412,0.28845492,0.29813316
1823914891,0.32482815,0.31661564,0.3585562
1825057336,0.36068732,0.27891856,0.3603942
1825573723,0.4019458,0.34633926,0.25171494
1825687496,0.36760002,0.31847268,0.31392732
1826732985,0.042555265,0.619866,0.3375787
1827251317,0.26847008,0.47347033,0.25805956
1827285897,0.019983368,0.55841625,0.4216003
1827360732,0.2657726,0.33255696,0.4016705
1827665332,0.17673185,0.56126505,0.2620031
1827845182,0.21917367,0.34085822,0.43996817
1827943181,0.28484857,0.095851816,0.6192996
1828507348,0.41996798,0.30804077,0.27199122
1828581507,0.2750701,0.3218596,0.40307027
1828585893,0.40305778,0.33689904,0.26004317
1828694169,0.32865787,0.39552042,0.27582178
1829054007,0.30379713,0.48106116,0.21514179
1829808842,0.286098,0.45009437,0.26380762
1829822741,0.21110347,0.579949,0.20894752
1829840565,0.7442048,0.10318513,0.1526101
1829988438,0.13503808,0.7078366,0.15712531
1830146880,0.4391522,0.28213573,0.27871203
1830477180,0.23228192,0.53390396,0.23381409
1830864824,0.3995741,0.32407615,0.2763498
1831796549,0.5366126,0.1653732,0.29801422
1831907244,0.29678237,0.34416145,0.35905617
1832023830,0.38770276,0.3809488,0.23134844
1832492483,0.18718189,0.48177597,0.33104217
1832804844,0.33254218,0.36679754,0.30066025
1832824111,0.3638124,0.3874854,0.24870224
1832846757,0.24552605,0.49448726,0.25998667
1833564551,0.3921553,0.39104816,0.21679662
1833829202,0.40128595,0.2894201,0.309294
1833960999,0.2905302,0.34714025,0.36232948
1834096075,0.22369884,0.2461592,0.530142
1834796822,0.4801746,0.26310128,0.25672415
1834807649,0.40897334,0.2944348,0.29659185
1835715112,0.3584719,0.35574675,0.28578138
1835741436,0.26694646,0.2741343,0.4589192
1836201341,0.4734311,0.2994999,0.22706899
1836363755,0.34738797,0.36295304,0.289659
1836596070,0.22678836,0.60428023,0.16893138
1837092571,0.28833058,0.3238915,0.38777792
1837141587,0.22383294,0.53475785,0.24140917
1837584553,0.4024829,0.3110941,0.28642306
1837620295,0.37818053,0.26459852,0.35722095
1839047520,0.57614994,0.168458,0.2553921
1839338508,0.1108381,0.5980451,0.2911168
1839422469,0.06966692,0.8065764,0.12375674
1839449269,0.10797672,0.72824013,0.16378324
1839615695,0.317449,0.36856407,0.31398684
1840493005,0.5648955,0.20070566,0.23439887
1841199008,0.08022377,0.7298001,0.18997608
1841518517,0.50719786,0.2626547,0.23014744
1841723997,0.32851833,0.34391972,0.327562
1841875995,0.09096236,0.7457982,0.16323948
1842156771,0.2701541,0.4284332,0.30141273
1842984376,0.2916958,0.29029956,0.41800457
1843261156,0.20398687,0.4782398,0.31777334
1843583855,0.2619102,0.35871902,0.37937084
1843691306,0.3847342,0.31534475,0.29992104
1844291078,0.10634758,0.64390373,0.24974875
1845135893,0.16794473,0.46840504,0.36365023
1845335325,0.21153213,0.4556906,0.33277726
1845345903,0.3230776,0.31559682,0.36132562
1845683110,0.36526382,0.23781066,0.39692554
1845725696,0.32327068,0.3991157,0.27761373
1846989780,0.23261456,0.48213243,0.28525305
1847034527,0.3974887,0.17224593,0.4302654
1847516760,0.31892812,0.30417606,0.3768959
1848264509,0.6124513,0.18089616,0.20665249
1849427356,0.27766666,0.42700684,0.29532653
1849837736,0.22705033,0.3816678,0.39128184
1849952474,0.41865078,0.36550078,0.21584842
1851024124,0.7456594,0.08723149,0.16710909
1851049254,0.31266105,0.2227883,0.46455064
1851496710,0.2683227,0.4272027,0.3044746
1851643301,0.60314405,0.18104279,0.21581319
1852121395,0.64875245,0.350093,0.001154596
1852162355,0.30972078,0.4331626,0.25711665
1852413391,0.25875252,0.41214445,0.3291031
1853206553,0.3366723,0.37682876,0.2864989
1853346918,0.47468838,0.30253795,0.22277372
1853362225,0.4109871,0.2816819,0.307331
1853404473,0.48608834,0.2155762,0.29833543
1853630375,0.57678866,0.18815652,0.23505476
1854086934,0.23887597,0.30481866,0.45630535
1854220883,0.27191466,0.46184173,0.2662436
1854519594,0.4416475,0.30986533,0.24848713
1855117526,0.09841439,0.5854933,0.31609222
1855494156,0.52205855,0.23716272,0.24077871
1855624316,0.23801962,0.42950732,0.332473
1855678949,0.4534667,0.2726304,0.27390286
1855896814,0.35486388,0.2867576,0.3583786
1856123730,0.18322161,0.22373962,0.59303886
1856505296,0.119282804,0.39584157,0.48487565
1857059153,0.35693613,0.36143926,0.28162462
1857328541,0.24552478,0.45879236,0.2956829
1857331373,0.37636557,0.3366105,0.287024
1857590949,0.4669749,0.25632793,0.2766972
1858007505,0.735965,0.085738495,0.17829655
1858426600,0.28842777,0.40601963,0.30555257
1858656320,0.54434365,0.16734283,0.28831354
1858965249,0.4217324,0.3257498,0.25251776
1859328894,0.336317,0.24844234,0.4152408
1859975804,0.47419032,0.31216818,0.21364152
1860381578,0.2883389,0.40467545,0.30698568
1860415021,0.22157265,0.22157265,0.55685467
1860675301,0.33069453,0.37801334,0.29129213
1860831060,0.35028508,0.3642602,0.28545472
1861032798,0.091143124,0.091143124,0.81771374
1861223819,0.32939893,0.38177204,0.28882903
1862110732,0.30383644,0.48455596,0.21160755
1862173971,0.34538826,0.25261515,0.40199655
1862219676,0.3061548,0.4202792,0.27356598
1862730226,0.46329874,0.3157289,0.2209723
1863118818,0.6998515,0.061545495,0.23860298
1864098639,0.43292344,0.293784,0.27329257
1864169962,0.29876778,0.37222892,0.32900333
1864355532,0.6675422,0.1641426,0.16831529
1864590426,0.26509425,0.44176635,0.29313934
1865383897,0.3929992,0.28827018,0.3187306
1865782479,0.5168416,0.20203945,0.281119
1866319154,0.38191408,0.33357602,0.28451
1866609926,0.10421048,0.7346362,0.16115335
1866987081,0.36279088,0.38560694,0.25160217
1867262281,0.30475992,0.2831813,0.4120588
1867473365,0.4374992,0.27789077,0.28461
1867732683,0.45639244,0.26010767,0.28349987
1868011795,0.61370367,0.19199985,0.19429639
1868266979,0.7396029,0.09933849,0.1610586
1868322237,0.28922912,0.4213931,0.2893778
1869847477,0.33282745,0.35691416,0.31025836
1871774147,0.5605983,0.16958982,0.26981184
1872039285,0.5011368,0.28288874,0.21597447
1872391170,0.3180017,0.25243285,0.4295655
1872821386,0.19622116,0.48157263,0.3222062
1873432245,0.16808884,0.5492822,0.28262892
1873716888,0.19727154,0.15246266,0.65026575
1873738179,0.34192112,0.3531139,0.30496493
1874266091,0.38209686,0.24751046,0.37039268
1875715082,0.43634894,0.25112128,0.31252974
1875767721,0.35198796,0.12987857,0.5181334
1876061811,0.033995878,0.84961045,0.11639364
1876260647,0.18975909,0.4116021,0.39863887
1877207884,0.3136253,0.35273913,0.33363554
1877790521,0.35380194,0.28662983,0.3595683
1878814595,0.28421244,0.46214315,0.25364432
1880246459,0.53093404,0.22078526,0.24828067
1880340213,0.27454093,0.35247138,0.37298763
1881200007,0.25146028,0.4657189,0.28282085
1881792593,0.5062366,0.24900392,0.24475949
1882508709,0.37700215,0.22388068,0.3991172
1882999466,0.45646635,0.26858,0.27495366
1883072453,0.20433034,0.44587797,0.34979165
1883162937,0.42139965,0.25893092,0.3196694
1883873185,0.27595413,0.41098946,0.31305638
1884208805,0.46636412,0.20739633,0.32623962
1884555756,0.65880644,0.18208912,0.1591045
1885142871,0.65617514,0.14053093,0.20329392
1886010380,0.344891,0.36738864,0.28772038
1886605007,0.2932506,0.35152623,0.35522315
1886833793,0.1513033,0.6466391,0.20205764
1887499173,0.43251175,0.2965409,0.27094743
1887809448,0.24983361,0.4627489,0.28741753
1888166782,0.1434674,0.46239266,0.39414
1888375478,0.36048618,0.33361834,0.30589545
1888644453,0.57603973,0.16811876,0.2558415
1889326009,0.15992823,0.40813845,0.43193337
1889659827,0.29754683,0.37909746,0.3233557
1889699298,0.28856215,0.44202915,0.26940873
1889730829,0.08813909,0.79249966,0.11936131
1890127572,0.20841362,0.5442764,0.24730991
1890535693,0.16256931,0.5718376,0.26559305
1891093934,0.23283264,0.30855545,0.458612
1891461456,0.29571515,0.4743551,0.22992973
1891702442,0.8591493,0.055696107,0.085154615
1891807875,0.40165198,0.28912908,0.30921903
1892321714,0.12560964,0.71068203,0.16370831
1892449409,0.22306316,0.48963326,0.28730354
1892739887,0.38599408,0.18314978,0.4308561
1893704725,0.40113482,0.23049487,0.36837035
1893906195,0.23853931,0.15211865,0.60934204
1894547992,0.4665743,0.20160303,0.33182263
1894587819,0.04189633,0.0343963,0.9237074
1894800271,0.39778784,0.30438846,0.29782376
1894858590,0.37724012,0.34167325,0.28108662
1896050177,0.30248034,0.3665813,0.33093834
1896832005,0.40703416,0.2776914,0.3152744
1897082135,0.5145205,0.24275972,0.24271972
1897700982,0.30932355,0.32703146,0.36364502
1898559280,0.25641382,0.5048106,0.23877561
1899073583,0.23769365,0.5078968,0.25440955
1899128543,0.34081262,0.35515666,0.3040307
1899471176,0.28301415,0.44585118,0.2711347
1899757089,0.6145073,0.10708312,0.2784096
1899823463,0.34732026,0.34404024,0.30863947
1899922296,0.03145865,0.5973559,0.37118554
1900115977,0.30193236,0.27422678,0.4238408
1900423745,0.43889114,0.30664816,0.25446075
1901023205,0.47953334,0.28659943,0.23386726
1901252551,0.40312746,0.17664553,0.420227
1901377630,0.46626973,0.26972166,0.2640086
1901996237,0.22014162,0.36378625,0.41607222
1902098227,0.3448591,0.35691297,0.2982279
1902104199,0.16450725,0.6497336,0.18575916
1902712371,0.2780148,0.4695301,0.2524551
1903638916,0.3324107,0.4149806,0.25260878
1903781583,0.40642336,0.3278546,0.26572204
1904079396,0.21470387,0.21470387,0.5705923
1904467349,0.54467356,0.23678707,0.21853933
1905699048,0.35218275,0.37750483,0.2703124
1905888865,0.22018927,0.19262272,0.58718795
1906324450,0.3266537,0.34192407,0.3314223
1906780683,0.26072118,0.15449949,0.5847793
1906887234,0.34230065,0.21655548,0.4411439
1907564520,0.3054369,0.3731774,0.32138574
1908362872,0.47012123,0.15016696,0.37971184
1908902888,0.69801366,0.13638063,0.16560575
1908935400,0.39163142,0.26654154,0.34182706
1909150615,0.31160498,0.1532141,0.5351809
1909190325,0.4735171,0.26877126,0.2577117
1909297628,0.24919805,0.48288015,0.26792186
1909535068,0.17496786,0.25848603,0.56654614
1909882241,0.28913406,0.3832916,0.32757437
1910666481,0.29342884,0.4539078,0.2526634
1911823527,0.364359,0.28622246,0.34941855
1911933902,0.46467635,0.21872048,0.31660318
1912221484,0.2813821,0.35387877,0.36473912
1912275586,0.3596207,0.26055297,0.3798263
1913369636,0.45025513,0.26842076,0.28132412
1913458756,0.6378528,0.1415682,0.22057903
1914504972,0.24258369,0.4128999,0.3445164
1914746569,0.6402227,0.15903081,0.20074646
1915265286,0.17656088,0.16982584,0.6536133
1915329322,0.44964468,0.2747067,0.27564868
1915874676,0.20550649,0.4931161,0.30137736
1916164838,0.24374719,0.44073993,0.31551293
1916529111,0.5014361,0.2049437,0.2936202
1917616706,0.4609304,0.23409483,0.30497476
1917620047,0.41592458,0.2996039,0.28447148
1918079053,0.2392672,0.38196048,0.37877232
1918438745,0.4788254,0.24952231,0.2716523
1918511171,0.15796076,0.63452005,0.2075193
1919020478,0.008751972,0.9083356,0.08291238
1919860036,0.2497302,0.38245085,0.36781898
1919884998,0.7233331,0.14891021,0.12775669
1920228588,0.46111664,0.2836364,0.25524694
1921012689,0.33929718,0.34664425,0.31405854
1921416746,0.23737969,0.23737969,0.52524054
1921923157,0.3356288,0.4222095,0.24216168
1921987772,0.38581395,0.22693111,0.38725492
1922102849,0.40786394,0.32842776,0.26370832
1922271299,0.2760212,0.37737668,0.34660205
1923454666,0.16600469,0.26296902,0.57102627
1924343155,0.3018333,0.38244894,0.31571776
1924572705,0.4281141,0.29365176,0.27823412
1924619920,0.5204428,0.22516762,0.2543896
1925350258,0.2273963,0.5190769,0.2535268
1925463520,0.24330944,0.38254228,0.3741483
1925888214,0.38690844,0.28476223,0.32832932
1925960747,0.28411487,0.37103269,0.3448524
1926438109,0.2565804,0.20532286,0.5380967
1926504166,0.058333486,0.72192305,0.21974355
1926966126,0.2773176,0.38945112,0.3332313
1927358770,0.47439647,0.1834338,0.34216976
1927468545,0.32409912,0.3259858,0.34991506
1927600529,0.21545759,0.4773085,0.30723396
1927672278,0.3418278,0.35949352,0.29867864
1928551624,0.51644236,0.41062307,0.07293452
1928907430,0.18407571,0.2559213,0.5600029
1928963087,0.31718862,0.43126813,0.2515433
1929359410,0.24622436,0.45592636,0.29784933
1929832872,0.26319763,0.49658123,0.2402212
1929848629,0.35927555,0.38354325,0.25718114
1929901663,0.39819485,0.29267547,0.30912971
1929909317,0.3218393,0.33735102,0.3408096
1930675773,0.20162494,0.47450128,0.3238738
1931305930,0.25175837,0.42777425,0.32046738
1931371645,0.32728848,0.37386042,0.2988511
1931642465,0.2967688,0.42900664,0.27422452
1931845641,0.5542926,0.22046873,0.2252387
1933261490,0.4989949,0.23094729,0.27005777
1933305475,0.24360183,0.4879183,0.26847985
1933492350,0.3394094,0.3456308,0.31495982
1933708856,0.5570561,0.20717798,0.23576589
1933865603,0.3202618,0.34007102,0.33966714
1934002630,0.2731516,0.37239572,0.3544526
1934182076,0.6548488,0.1905398,0.1546114
1934266460,0.3969016,0.2793543,0.32374412
1934725709,0.43703547,0.25238854,0.31057593
1935774515,0.52374256,0.22281644,0.25344098
1935871825,0.16025206,0.5595574,0.28019065
1936486922,0.09015437,0.73053324,0.17931244
1937006257,0.35218728,0.3584771,0.28933558
1937094363,0.31558436,0.2770925,0.4073231
1937209721,0.31537232,0.3454758,0.33915186
1937785831,0.3581756,0.33820876,0.30361572
1939324211,0.38412288,0.18275881,0.43311834
1939462930,0.36788714,0.32546017,0.30665267
1939767009,0.6456092,0.15116236,0.2032286
1939850026,0.5386059,0.1862893,0.2751048
1940479063,0.20301554,0.54104835,0.25593612
1940815712,0.26479653,0.50066113,0.23454233
1940976797,0.40068325,0.3438141,0.25550267
1941301348,0.2772705,0.33188894,0.39084047
1941942822,0.44145522,0.30036852,0.25817627
1942386136,0.24075414,0.32458788,0.43465802
1943447306,0.2969979,0.27056056,0.43244156
1943852121,0.20380382,0.5362913,0.25990483
1944827397,0.3957355,0.346821,0.25744343
1945127333,0.35547748,0.3465943,0.2979282
1945216570,0.20197812,0.53739804,0.26062384
1945297482,0.17862093,0.3198199,0.50155914
1945305751,0.21376705,0.45577207,0.33046085
1945707768,0.546213,0.15863845,0.29514858
1946593026,0.31254768,0.41203892,0.27541336
1946865603,0.2776404,0.36604673,0.35631293
1947404406,0.33447465,0.31601122,0.3495142
1947607959,0.4493545,0.23827103,0.31237453
1947670186,0.25029385,0.29884857,0.45085755
1947689771,0.4734285,0.24184732,0.28472424
1947824752,0.34041744,0.38224712,0.27733546
1948070459,0.48242342,0.23842508,0.27915156
1948255326,0.5323188,0.22067203,0.24700923
1949028697,0.25599635,0.47680405,0.2671996
1949195065,0.32524624,0.2303647,0.44438905
1949310222,0.1705927,0.608461,0.22094633
1949718491,0.37257499,0.35668528,0.27073976
1950588393,0.33455375,0.18670788,0.47873843
1950759538,0.21278241,0.52426773,0.26294985
1950837105,0.33541435,0.3062111,0.35837454
1953292467,0.38386127,0.35428733,0.26185143
1953559498,0.70914966,0.11581041,0.1750399
1953561355,0.65470785,0.11633066,0.22896147
1953633987,0.33796477,0.41068345,0.25135177
1954121554,0.6689952,0.17289218,0.1581126
1954210594,0.32192215,0.36890352,0.30917433
1954462532,0.40007827,0.36837953,0.23154223
1954599413,0.5460372,0.19092244,0.26304036
1954734350,0.095472,0.33404982,0.57047814
1955413169,0.36582777,0.15538923,0.47878307
1955907406,0.33471423,0.20004457,0.46524113
1956128667,0.21759795,0.29694784,0.48545432
1956419338,0.26076612,0.4222825,0.3169514
1957000742,0.26728076,0.3012098,0.43150946
1957077076,0.4427996,0.23364072,0.3235597
1957162227,0.3392682,0.29257417,0.36815768
1957493761,0.24330871,0.56604135,0.19064991
1959549447,0.58680195,0.17745751,0.23574048
1959878363,0.12824075,0.64263934,0.22911997
1960230502,0.10772411,0.20878866,0.68348724
1960260006,0.44136813,0.26473254,0.2938992
1960390821,0.49500644,0.2598257,0.24516776
1960849386,0.4117898,0.2891927,0.2990175
1961450503,0.24970412,0.43620715,0.3140888
1961591045,0.30666512,0.3607759,0.33255896
1961657825,0.32829273,0.33051577,0.34119156
1962727587,0.28677794,0.31845286,0.39476916
1963127892,0.35284182,0.38954386,0.2576143
1963365257,0.29451567,0.447503,0.2579814
1964215541,0.3248949,0.31940684,0.35569823
1965577387,0.22877412,0.28665718,0.48456874
1965950816,0.8931572,0.021527492,0.085315384
1966055446,0.20436625,0.5217556,0.2738782
1966205635,0.35422313,0.31593573,0.3298411
1966611026,0.09854195,0.2980761,0.603382
1966831742,0.3355409,0.30498642,0.35947278
1967008886,0.24082999,0.42496088,0.33420917
1967122077,0.31490457,0.35290918,0.3321862
1967385089,0.4463675,0.29196882,0.26166365
1967460318,0.35776687,0.3678123,0.27442095
1967801244,0.24754499,0.46400374,0.28845125
1968425889,0.17915411,0.4843312,0.33651468
1968860668,0.42135936,0.30901852,0.26962215
1969163012,0.33643737,0.27470067,0.38886198
1969196102,0.41072384,0.31265968,0.27661654
1969744622,0.2981831,0.41541907,0.2863979
1970027403,0.39082393,0.3315231,0.27765304
1970457647,0.3215339,0.4053798,0.27308622
1970504429,0.3634092,0.2765338,0.3600571
1971025509,0.44871268,0.29843852,0.25284883
1971670453,0.6220624,0.15467423,0.22326335
1972167622,0.3150433,0.3127514,0.37220532
1972223096,0.24813919,0.4433221,0.30853876
1973153879,0.3511752,0.31203833,0.33678657
1973238065,0.5201459,0.17819253,0.30166155
1973551416,0.6837474,0.12957676,0.18667588
1974196122,0.31323168,0.449755,0.23701322
1974240102,0.14217013,0.5030732,0.3547567
1975083187,0.364689,0.36747435,0.26783672
1975433988,0.3624571,0.36003494,0.27750796
1975468963,0.5365674,0.19698463,0.266448
1975639013,0.47494885,0.2573804,0.26767072
1976543150,0.24311306,0.49553603,0.26135093
1977069580,0.43867138,0.27519777,0.28613085
1977400117,0.6057415,0.15208957,0.24216892
1977496836,0.75235724,0.051524185,0.19611856
1978501254,0.20277676,0.5479948,0.24922845
1978569140,0.28120938,0.3587539,0.36003676
1979643324,0.32371184,0.35943475,0.3168534
1979720137,0.27767375,0.2155252,0.50680107
1980052267,0.12300421,0.7193759,0.15761988
1980433876,0.3559826,0.3220863,0.32193112
1980468450,0.3341732,0.4200557,0.24577108
1980982031,0.43858472,0.32612336,0.23529194
1981522422,0.30023307,0.26616448,0.43360245
1981553122,0.47142413,0.22759098,0.30098486
1981636538,0.5780658,0.16456339,0.25737086
1982561311,0.54631054,0.20418411,0.24950543
1982818485,0.332622,0.38248757,0.2848904
1982951658,0.50902116,0.23432706,0.2566518
1983045885,0.13017496,0.26203942,0.6077856
1983367696,0.33881485,0.42325175,0.2379334
1983384701,0.092018135,0.57336074,0.3346212
1983628927,0.34482047,0.40377086,0.25140873
1984234280,0.6115466,0.15610641,0.23234695
1984627040,0.24427527,0.34308967,0.41263506
1984828935,0.44169015,0.296453,0.26185688
1984939791,0.29475027,0.38137186,0.32387793
1985390889,0.28490213,0.2217905,0.49330735
1985800342,0.24105161,0.30091992,0.45802858
1986619761,0.34196207,0.44412857,0.21390936
1986918436,0.45831054,0.3197125,0.22197698
1986986318,0.30359453,0.26153335,0.43487215
1987650741,0.07077919,0.821675,0.10754584
1987973500,0.45369703,0.2465018,0.29980123
1988222234,0.43019864,0.29285416,0.2769472
1988441187,0.13819678,0.45648238,0.4053209
1989040254,0.08099961,0.76992595,0.14907454
1989183758,0.18507609,0.20668943,0.60823447
1989325522,0.18891674,0.5910069,0.22007634
1989326123,0.68877596,0.13551968,0.17570437
1989333144,0.45866835,0.28492168,0.25641006
1989983690,0.7393767,0.060763773,0.1998595
1991641887,0.18453522,0.5171076,0.29835713
1991707666,0.26659808,0.17248626,0.5609157
1991776671,0.47570908,0.25321767,0.27107325
1991868649,0.35008436,0.3579335,0.2919822
1992103532,0.414189,0.10745961,0.4783514
1992881385,0.23368943,0.5169812,0.2493294
1992893755,0.08848892,0.42506468,0.48644638
1993240930,0.6346762,0.18055777,0.184766
1993364677,0.40745547,0.27788857,0.31465596
1993985814,0.46634224,0.21314918,0.3205085
1994290511,0.2559447,0.48271355,0.26134175
1994311035,0.29001436,0.46440598,0.24557963
1995076849,0.25354832,0.39565092,0.35080078
1995374640,0.44302884,0.2571613,0.29980984
1996016764,0.36129576,0.36037022,0.27833405
1996511383,0.34155613,0.37971276,0.27873108
1996844545,0.4817416,0.2575866,0.26067176
1997016599,0.22360772,0.46201316,0.31437916
1997069435,0.4281735,0.27360943,0.2982171
1998234756,0.2716557,0.5041028,0.22424145
1998986023,0.4573734,0.28199893,0.2606277
1999878908,0.11704867,0.6825134,0.20043792
2000675971,0.34947824,0.2956112,0.3549105
2000906946,0.29149082,0.41851336,0.28999582
2001031114,0.3228166,0.43243182,0.2447516
2001395405,0.4709951,0.12836291,0.40064207
2001582756,0.32321694,0.30493492,0.3718481
2001625501,0.10970111,0.5781687,0.31213018
2001789554,0.48409143,0.27175346,0.24415514
2002330049,0.24960205,0.52569944,0.22469851
2002349787,0.41130328,0.30174863,0.28694806
2002798719,0.33051032,0.369792,0.29969776
2003229420,0.26192158,0.2813356,0.45674282
2003234083,0.04470525,0.8249149,0.13037981
2003438451,0.2632211,0.50042117,0.23635776
2003618030,0.3281819,0.21783394,0.45398417
2004107214,0.53272843,0.12785402,0.33941755
2004598889,0.17456676,0.5184207,0.30701253
2004824754,0.34240684,0.3321845,0.32540858
2006149797,0.46957296,0.22810087,0.30232617
2006264958,0.33231056,0.42311153,0.24457793
2006600665,0.32561725,0.4454174,0.22896539
2007385774,0.32658377,0.22808842,0.44532782
2007745930,0.41670606,0.29085705,0.2924369
2008905081,0.31238693,0.3969522,0.29066092
2009005763,0.37037635,0.35348955,0.2761342
2009006679,0.3504198,0.39193118,0.25764897
2009443908,0.27452198,0.5060279,0.21945006
2009615307,0.27111202,0.3943715,0.33451647
2009766910,0.40284774,0.20326838,0.3938839
2010038162,0.3799335,0.3193587,0.3007078
2010082041,0.39469087,0.22655827,0.37875083
2010395394,0.23905556,0.46165538,0.29928908
2010420309,0.3140416,0.40390858,0.2820498
2010536086,0.35788953,0.3324027,0.30970773
2011267686,0.27076283,0.49486616,0.23437105
2011509086,0.45569944,0.26952696,0.27477366
2011791573,0.45411858,0.20626944,0.33961198
2012568120,0.34359795,0.34666657,0.30973542
2012741083,0.43084997,0.24143778,0.32771224
2012901422,0.1408607,0.16238886,0.69675034
2013334601,0.60858697,0.18456914,0.2068439
2013653507,0.39346895,0.32869515,0.27783585
2013679260,0.44324923,0.28167397,0.2750768
2013958883,0.17215145,0.14419489,0.68365365
2014957584,0.25390837,0.2653172,0.4807745
2015093375,0.354154,0.3292509,0.3165951
2015355824,0.23469615,0.24506302,0.52024084
2015357481,0.057195902,0.7678407,0.17496347
2015508638,0.32279047,0.30485162,0.37235788
2016142964,0.30996072,0.38179728,0.30824202
2016180794,0.14845318,0.4668844,0.3846625
2016616419,0.4302911,0.29332983,0.27637908
2016879128,0.15642793,0.4819798,0.36159223
2017743748,0.18668465,0.28424808,0.5290673
2017790601,0.27823347,0.40454802,0.31721854
2019463228,0.31558093,0.40611762,0.27830154
2020010623,0.24931014,0.4565999,0.29408994
2020426195,0.36751235,0.3044099,0.3280778
2020614042,0.37647766,0.31088206,0.31264034
2020655674,0.17195262,0.24202092,0.58602643
2020860095,0.41396186,0.39089748,0.19514064
2021120992,0.37573755,0.33171082,0.29255158
2021291768,0.25211376,0.4473953,0.30049095
2021673257,0.42633438,0.34484875,0.22881685
2021953804,0.28894562,0.5066335,0.2044208
2022368912,0.3151135,0.2889786,0.395908
2022911993,0.362739,0.33973017,0.2975308
2023111211,0.29769477,0.44566438,0.2566409
2023159103,0.2734658,0.4717553,0.2547789
2023677478,0.21019039,0.5338751,0.25593445
2024308268,0.23102982,0.484595,0.2843752
2024320022,0.18719162,0.21524492,0.5975634
2024507596,0.14043905,0.5430078,0.31655315
2025808592,0.5652864,0.13413459,0.30057898
2025871361,0.4124537,0.2791158,0.30843052
2026262418,0.31319764,0.4259181,0.26088434
2026561247,0.23055252,0.54418296,0.22526452
2026795544,0.39820412,0.23916078,0.36263508
2026935252,0.27236056,0.4441855,0.28345394
2027203300,0.22440618,0.35098362,0.42461023
2027346970,0.1107853,0.26557013,0.6236446
2028053374,0.29945096,0.06571585,0.6348332
2028215884,0.3827869,0.32794008,0.28927293
2028871902,0.02168152,0.08755439,0.8907642
2029152141,0.26919505,0.45216987,0.27863503
2030179258,0.2857112,0.16674578,0.547543
2031293798,0.35430527,0.34901607,0.29667866
2031447538,0.22486745,0.1885246,0.5866079
2031568051,0.26507348,0.5421435,0.19278303
2031931391,0.064280145,0.44553038,0.49018946
2032176673,0.07457577,0.60785913,0.31756505
2032593737,0.20316823,0.36876047,0.42807135
2032978315,0.20749459,0.25358924,0.5389161
2033280305,0.06274003,0.5946234,0.34263656
2033487953,0.36606348,0.32328257,0.31065398
2033562043,0.40180942,0.32527027,0.27292028
2033852652,0.20510411,0.43520004,0.3596958
2034007454,0.3652741,0.37694916,0.2577767
2034284843,0.4569368,0.20474781,0.3383154
2034625513,0.40529567,0.26881436,0.32589
2034728186,0.13434815,0.6914563,0.17419551
2035397330,0.40925813,0.30749536,0.28324652
2036193113,0.328829,0.4789267,0.19224438
2036277459,0.6610842,0.15176305,0.18715276
2036443660,0.2796812,0.32046333,0.39985546
2036585943,0.27820995,0.44204292,0.2797471
2036806849,0.44089714,0.298236,0.2608669
2036914119,0.10195297,0.65855765,0.23948936
2036956013,0.26297596,0.48576078,0.25126323
2037110108,0.43825385,0.3722104,0.18953583
2038038270,0.21510495,0.46539864,0.31949642
2038518686,0.06162935,0.79099786,0.14737281
2038638847,0.4093807,0.3294861,0.26113322
2040426478,0.32044947,0.24006395,0.43948665
2040440700,0.2971777,0.38089946,0.32192287
2041084212,0.19085574,0.35947567,0.44966862
2041572258,0.12602846,0.5699166,0.30405492
2042363832,0.3118145,0.3926757,0.29550987
2043614323,0.43210015,0.29021713,0.2776827
2044127167,0.3815519,0.26579595,0.35265222
2044783052,0.10610626,0.6388296,0.2550641
2044880521,0.47716895,0.3273681,0.19546297
2044888694,0.17129397,0.5626447,0.26606128
2044934250,0.29028076,0.15458703,0.55513215
2044995128,0.27504,0.47227904,0.25268096
2045374258,0.27844003,0.38953593,0.3320241
2045838531,0.7328225,0.013035109,0.25414246
2045900242,0.2628334,0.29999363,0.437173
2046072545,0.06893781,0.77090806,0.16015409
2046389166,0.31076133,0.4171286,0.27211004
2046843534,0.32928237,0.3536839,0.31703383
2046930754,0.46272686,0.25432804,0.28294513
2047102532,0.1866533,0.49690908,0.31643757
2047379906,0.2234095,0.33183026,0.44476026
2047428779,0.45421997,0.27445358,0.27132645
2047579569,0.32137874,0.36966473,0.30895653
2047988109,0.31374988,0.3989265,0.2873237
2048184040,0.3094845,0.38895503,0.3015605
2048500498,0.37302408,0.19501121,0.43196476
2049112430,0.32103458,0.37194592,0.3070194
2049384464,0.30044514,0.40200856,0.29754633
2049484830,0.04024791,0.10026669,0.85948545
2049645541,0.28977054,0.42000976,0.29021972
2050136071,0.23235618,0.413227,0.35441685
2050265878,0.53308004,0.2850405,0.18187952
2050377917,0.6308449,0.15270196,0.21645312
2051238205,0.5902762,0.20514607,0.20457768
2051777202,0.31649864,0.38665706,0.29684433
2052020036,0.1707062,0.33396664,0.49532717
2052050594,0.29681924,0.41560137,0.28757936
2052218032,0.56601703,0.22017883,0.21380417
2052824400,0.38499102,0.18022764,0.43478134
2052994074,0.08692588,0.16993068,0.74314344
2053889727,0.40946075,0.15330018,0.43723905
2054130724,0.124119945,0.48848188,0.38739824
2054182870,0.27253848,0.30673623,0.42072532
2054234432,0.17330359,0.39248154,0.43421495
2054389663,0.18709823,0.41605666,0.39684516
2054947892,0.5341653,0.22492889,0.24090576
2055031233,0.2957913,0.30388102,0.40032774
2055100785,0.15633906,0.5215805,0.3220804
2055520293,0.5320149,0.15060815,0.31737697
2056432444,0.27131453,0.43345094,0.29523444
2056857853,0.3166097,0.37847757,0.3049127
2057094525,0.26265803,0.34389257,0.3934494
2057097866,0.4517876,0.28263628,0.26557612
2057208360,0.29726928,0.4819773,0.22075343
2057222617,0.33044833,0.3644434,0.30510825
2057365513,0.47556147,0.22137648,0.30306208
2057434995,0.40458792,0.18505421,0.4103578
2058358489,0.2587283,0.227279,0.5139927
2058733250,0.2285808,0.48739347,0.28402576
2058740544,0.54407084,0.20805028,0.24787892
2058885236,0.30972758,0.36371726,0.32655525
2059685460,0.58729184,0.18628854,0.22641957
2060443395,0.52686024,0.20479237,0.2683474
2060909779,0.27080315,0.38651767,0.34267905
2061724674,0.6976033,0.12959287,0.1728038
2061780499,0.18968661,0.5859773,0.22433606
2061845207,0.81400037,0.0432884,0.14271127
2062610750,0.71393675,0.12007506,0.16598819
2063000478,0.21863157,0.54406935,0.23729911
2063092557,0.51547253,0.22367577,0.26085174
2064389224,0.24150583,0.45052183,0.3079723
2064560023,0.10006325,0.6883823,0.21155444
2064792774,0.27990428,0.41830084,0.3017949
2065022932,0.58266443,0.16936754,0.24796803
2065800836,0.26768884,0.3764341,0.35587716
2067680611,0.36214915,0.40789238,0.22995846
2067859800,0.38632637,0.3156994,0.29797417
2068043137,0.60193896,0.13765898,0.26040208
2068779106,0.29208025,0.424931,0.28298873
2068818744,0.34824842,0.2927092,0.35904238
2069473632,0.31059986,0.312726,0.37667418
2069608827,0.47253063,0.24148548,0.28598386
2069849101,0.20023422,0.57340854,0.2263572
2070046352,0.25336218,0.47147793,0.27515993
2070252376,0.3615493,0.36766288,0.27078778
2070417057,0.2789891,0.37816635,0.3428446
2070844052,0.4779716,0.26763746,0.25439087
2072165557,0.07165705,0.8387426,0.089600384
2073446197,0.23552515,0.4071221,0.35735282
2073732903,0.39616048,0.33074877,0.27309078
2073971002,0.10206822,0.74484223,0.15308954
2073995764,0.5380724,0.2327253,0.2292023
2074907566,0.13586001,0.24579844,0.6183415
2075123756,0.44168368,0.07346484,0.48485148
2075288928,0.35094067,0.28039545,0.36866385
2075522086,0.3931016,0.30491802,0.30198038
2075790142,0.26778007,0.4489167,0.2833032
2076275906,0.11360597,0.5316061,0.35478806
2076430770,0.20389913,0.35933107,0.43676984
2076737017,0.2921155,0.28385484,0.42402974
2077274914,0.18682732,0.42334005,0.38983268
2077588865,0.20670927,0.5347538,0.2585369
2077801436,0.27704442,0.37239954,0.35055602
2078732029,0.49778652,0.25401375,0.24819978
2078811322,0.3150067,0.3643991,0.3205942
2078867342,0.35535038,0.35933834,0.28531128
2078873336,0.4488401,0.25360888,0.29755107
2078986687,0.34445274,0.39031327,0.26523405
2079272098,0.2586175,0.3848538,0.35652867
2079884536,0.4989064,0.2024728,0.2986208
2080517570,0.34728086,0.33089405,0.32182512
2080520502,0.41210064,0.33866155,0.24923782
2081021688,0.24474116,0.45901775,0.2962411
2081074809,0.22013842,0.5034663,0.2763953
2081662142,0.23792978,0.37333828,0.38873196
2082627633,0.29313058,0.47976726,0.22710216
2082819753,0.36870617,0.33152133,0.2997724
2083495095,0.43723124,0.30792606,0.25484264
2083592807,0.3112261,0.3958506,0.29292327
2084682204,0.2597384,0.47954547,0.26071623
2084708866,0.47038716,0.2691457,0.2604671
2085446324,0.14715904,0.60777,0.24507093
2086527610,0.273329,0.43760917,0.2890619
2086618353,0.20659006,0.21845646,0.5749535
2086680459,0.27707228,0.38628918,0.33663857
2087306648,0.1584133,0.5254409,0.31614584
2087957533,0.21824881,0.47145808,0.31029308
2088182009,0.20710075,0.5776637,0.21523562
2088648267,0.506193,0.2507278,0.24307927
2089855027,0.2715523,0.4023198,0.32612786
2090210501,0.40666935,0.25501508,0.3383156
2090312577,0.3884485,0.31296104,0.2985904
2090602867,0.6891046,0.10079853,0.21009685
2091178653,0.34912324,0.26511732,0.3857594
2091581141,0.19167767,0.4707548,0.3375675
2091682069,0.25331587,0.458197,0.2884871
2092193048,0.3100748,0.32521874,0.3647065
2092344019,0.30631298,0.39225364,0.3014334
2092628403,0.7339927,0.055999625,0.2100077
2092967842,0.26525483,0.41032052,0.3244247
2093253743,0.31746787,0.36023006,0.32230207
2093317457,0.2881018,0.17722914,0.53466904
2093470875,0.42855164,0.29838222,0.27306616
2093695830,0.33217525,0.42133954,0.24648514
2094058551,0.5568673,0.23411846,0.20901425
2094588499,0.36577204,0.30298272,0.33124518
2094589713,0.2564943,0.2038129,0.53969276
2094796323,0.31322002,0.37940013,0.3073799
2094837437,0.25461003,0.5894797,0.15591033
2094888241,0.16584739,0.37920997,0.4549426
2095033554,0.27683246,0.22831565,0.49485198
2095258757,0.45947993,0.2221147,0.31840542
2095526493,0.6196317,0.19456,0.18580833
2095751400,0.4453945,0.28633097,0.26827455
2095932584,0.5051113,0.2044528,0.29043588
2096579881,0.15384328,0.4406081,0.40554863
2096853916,0.28287682,0.31715876,0.39996445
2097155731,0.32425213,0.36263773,0.31311017
2097307529,0.27478865,0.49823734,0.22697406
2097584469,0.22705457,0.37488884,0.39805663
2097611791,0.3145953,0.40259957,0.28280511
2098492616,0.4352234,0.28459033,0.28018633
2098587659,0.096150026,0.47336528,0.43048468
2099273467,0.29510376,0.30800316,0.39689308
2099871418,0.13734646,0.43288618,0.4297674
2099874638,0.30817446,0.40682265,0.28500298
2100446973,0.4610671,0.34173942,0.19719344
2100462042,0.369639,0.22670512,0.40365583
2100787710,0.22243401,0.44786733,0.32969865
2101154796,0.3131497,0.19068004,0.49617025
2101751297,0.31624985,0.40805024,0.27569982
2101839739,0.58340204,0.18894115,0.22765686
2102222790,0.11926605,0.56917375,0.31156018
2102316019,0.071262866,0.71517384,0.21356335
2102898283,0.33042216,0.33560416,0.3339737
2102982207,0.28600255,0.4456329,0.2683645
2103324373,0.30655333,0.16334647,0.53010017
2104116336,0.07572705,0.43612525,0.4881477
2104161126,0.54141766,0.19929671,0.25928563
2104732620,0.06908615,0.72316885,0.20774499
2104972927,0.30182737,0.25569674,0.4424759
2104974142,0.2722635,0.3823643,0.34537217
2104983081,0.23065495,0.52656484,0.24278024
2105521679,0.26464432,0.46164832,0.27370742
2105984817,0.34054956,0.3563794,0.3030711
2106310582,0.3301629,0.37768582,0.2921513
2106920056,0.20704883,0.51271886,0.2802323
2107601446,0.34284556,0.2831069,0.3740475
2107741644,0.2282345,0.48399127,0.28777424
2108005840,0.19374767,0.25765687,0.5485955
2108165987,0.32257742,0.39278832,0.28463426
2108216061,0.5666442,0.18268202,0.2506738
2108273608,0.22168058,0.5198634,0.25845602
2109107899,0.3071743,0.335681,0.35714474
2109434388,0.6220543,0.145421,0.23252475
2109684784,0.24846473,0.3551718,0.3963634
2110328874,0.43999526,0.35227782,0.20772694
2110413895,0.688299,0.13857189,0.1731291
2110464869,0.2638938,0.48022777,0.25587842
2111224349,0.36775112,0.15050776,0.48174116
2111400508,0.5561858,0.19044255,0.25337166
2111846834,0.30411646,0.33037803,0.3655055
2112089240,0.3035966,0.3625708,0.3338326
2112616497,0.28338304,0.4586781,0.25793895
2112979135,0.2636672,0.43722543,0.2991074
2113467123,0.33621633,0.3611229,0.30266073
2113779647,0.35044557,0.36110634,0.2884481
2113923549,0.35755432,0.32703373,0.315412
2113949784,0.36938533,0.34415388,0.28646082
2114853919,0.37697786,0.1542405,0.46878162
2114934258,0.26421338,0.32307667,0.41270998
2115035759,0.55205405,0.22266714,0.2252788
2115139264,0.42532897,0.17260961,0.40206137
2116142512,0.7645745,0.07578723,0.15963829
2116248840,0.30137584,0.37037703,0.3282471
2116651931,0.26508737,0.40231395,0.33259863
2116814139,0.365913,0.32213476,0.3119522
2117066093,0.1990566,0.4099428,0.39100063
2117763695,0.12585478,0.62286973,0.25127545
2117856847,0.4738084,0.23113738,0.2950542
2117987427,0.2657563,0.3606781,0.3735656
2120023937,0.4222022,0.1558517,0.42194608
2120161598,0.23626201,0.5134566,0.2502814
2120476261,0.3348318,0.38623512,0.27893305
2120498893,0.396846,0.34456226,0.25859168
2120623173,0.3457691,0.32488245,0.32934847
2120861410,0.34187433,0.34696072,0.3111649
2121152127,0.29541862,0.41049364,0.29408777
2121290752,0.3308403,0.17862736,0.49053237
2121387230,0.37292418,0.331068,0.2960078
2121394367,0.3731952,0.3496723,0.27713254
2121429147,0.37313843,0.35725757,0.2696039
2121863348,0.29520023,0.28579777,0.41900197
2122057499,0.4394413,0.23454596,0.32601282
2122284002,0.053663827,0.8082429,0.13809325
2122385024,0.24924497,0.34402803,0.40672696
2122598664,0.36641687,0.3171251,0.31645808
2122719862,0.40026665,0.25001612,0.34971723
2123359792,0.47802037,0.25666338,0.26531628
2123513898,0.4067612,0.22956985,0.36366895
2123557632,0.20645703,0.49486837,0.2986746
2123622109,0.23187786,0.45187223,0.3162499
2123747483,0.1404283,0.3834623,0.47610942
2124321851,0.79317963,0.072184086,0.1346363
2124354613,0.48248678,0.2674443,0.25006884
2124680829,0.19687416,0.56583464,0.23729125
2124871972,0.4844781,0.24493295,0.27058893
2125669148,0.32163957,0.26216865,0.41619176
2126625982,0.27374762,0.24263203,0.48362035
2126795629,0.6389144,0.16199213,0.19909343
2127112198,0.21294741,0.33420908,0.4528435
2127385542,0.39435145,0.26614663,0.33950198
2127994961,0.61425924,0.14687991,0.23886083
2128561286,0.43754292,0.22336261,0.33909452
2129033940,0.34527785,0.35752216,0.29720002
2129540840,0.2642783,0.45843402,0.27728766
2129919954,0.2868116,0.4172835,0.2959049
2130366503,0.5265192,0.1522102,0.32127067
2130495925,0.7600473,0.06315659,0.17679608
2130544337,0.4851066,0.19288738,0.32200593
2130753431,0.5139546,0.256621,0.22942439
2130880509,0.26375312,0.34707555,0.38917136
2132502282,0.22100474,0.5126074,0.26638788
2132931739,0.46889007,0.26877826,0.26233163
2133339598,0.5586418,0.15271787,0.28864023
2134384877,0.13184072,0.77836204,0.08979726
2134424933,0.33095402,0.40403113,0.26501486
2134961827,0.10709709,0.61112607,0.28177685
2134971002,0.5424561,0.19551508,0.26202875
2135357266,0.09893122,0.34100574,0.560063
2135599804,0.37298495,0.29875112,0.3282639
2135881043,0.2593314,0.44639108,0.29427752
2136065231,0.3778071,0.3440333,0.27815956
2136661291,0.12018702,0.15701751,0.7227955
2136931687,0.32178834,0.20532095,0.4728907
2137050823,0.2440769,0.3651487,0.3907744
2137141665,0.42512688,0.34644282,0.22843032
2137202001,0.018390143,0.91643065,0.065179266
2138116871,0.32696724,0.415391,0.25764176
2138751611,0.33201268,0.39587313,0.27211416
2139230311,0.3150837,0.14530912,0.5396072
2141798217,0.21857356,0.5199506,0.2614759
2142171033,0.2874534,0.46592894,0.24661776
2143747095,0.2938004,0.3178498,0.38834974
2146147893,0.22005257,0.56444216,0.21550526
2146424298,0.346677,0.35063618,0.3026868
2146444710,0.7500044,0.11958075,0.13041478
2146509257,0.22995402,0.370333,0.39971304
2147000643,0.46209562,0.28796345,0.24994096
2147003276,0.18366699,0.36060944,0.4557236
2147119279,0.48022512,0.22003736,0.29973754
2147245864,0.5860036,0.17348582,0.24051055
2147374695,0.35047096,0.35454047,0.29498857
2147587070,0.2887949,0.34119835,0.37000668
2148187042,0.47702855,0.20713533,0.31583613
2148211672,0.33748147,0.37508073,0.2874379
2148351368,0.4723213,0.21275021,0.3149285
2148542644,0.18339558,0.5028941,0.3137103
2148564974,0.077386364,0.83745563,0.085158005
2148573269,0.15905128,0.47359577,0.36735293
2148736883,0.4552331,0.26874223,0.27602473
2148751174,0.54556584,0.2189998,0.2354343
2149066326,0.2946194,0.39680502,0.3085756
2149766159,0.24565795,0.40230483,0.3520373
2150960812,0.3838993,0.33325422,0.28284645
2151549168,0.3665153,0.1910438,0.4424409
2152083412,0.3226717,0.17174791,0.50558037
2153284044,0.13738567,0.36799067,0.49462363
2153377515,0.3725992,0.34339908,0.28400168
2153434858,0.17776255,0.18622065,0.6360168
2153726005,0.2656055,0.41067517,0.32371932
2154206532,0.63276684,0.11693741,0.2502957
2154265137,0.31180498,0.38923207,0.29896298
2155493782,0.33106923,0.3480833,0.3208474
2155752666,0.428131,0.28579915,0.2860698
2155878726,0.36819193,0.2683264,0.36348164
2155899997,0.43755585,0.27299008,0.28945398
2155961175,0.20103966,0.5055212,0.29343912
2156451291,0.34694064,0.35747257,0.29558676
2156681417,0.3622323,0.2532454,0.38452226
2156687860,0.41028473,0.2671189,0.32259628
2157221841,0.27407494,0.46012908,0.26579604
2157450175,0.28992563,0.239931,0.47014335
2157635699,0.22299571,0.37104416,0.40596014
2157767944,0.4082801,0.36570114,0.22601883
2158426505,0.5188821,0.25780705,0.22331089
2158495825,0.3430056,0.31886324,0.33813113
2158693353,0.31746906,0.3647219,0.317809
2159408200,0.2844153,0.23358598,0.48199865
2159434272,0.31663108,0.41310167,0.27026728
2160631588,0.25883415,0.32962716,0.41153875
2160766017,0.34540525,0.41515055,0.23944418
2160960469,0.23301242,0.5177913,0.24919628
2161381046,0.5190984,0.20212352,0.27877814
2161407935,0.4204136,0.24290262,0.3366838
2161623416,0.47538066,0.21116807,0.3134513
2161693751,0.35370636,0.40836707,0.23792657
2161695712,0.24449924,0.4467111,0.3087897
2162154196,0.37486458,0.31438902,0.3107464
2162379049,0.14319888,0.47758147,0.3792197
2162774322,0.6891135,0.015851883,0.29503462
2163041061,0.6520659,0.14710054,0.2008336
2163153718,0.21178429,0.5418092,0.24640654
2163323544,0.4876766,0.21228969,0.3000337
2163535296,0.72156554,0.027750498,0.250684
2163806104,0.45632386,0.26055583,0.28312033
2164068360,0.42694846,0.27692673,0.29612482
2164161501,0.0832302,0.78077537,0.13599442
2164380389,0.3427454,0.3444219,0.31283262
2164610527,0.26778373,0.40892377,0.3232925
2164717971,0.41679075,0.26620638,0.31700286
2164785122,0.64803046,0.11987761,0.23209198
2165491159,0.15394934,0.48564297,0.36040777
2166547924,0.41273957,0.27413675,0.3131236
2166643978,0.44653568,0.27161196,0.28185242
2167113703,0.26758397,0.32891557,0.4035005
2167186281,0.28782094,0.25662982,0.45554918
2168402547,0.33505434,0.4195497,0.2453959
2168635886,0.19088502,0.5671498,0.24196513
2168860861,0.40788445,0.33602723,0.25608826
2168990125,0.14564231,0.17789452,0.67646325
2168990417,0.26286212,0.28348333,0.45365453
2169186049,0.36518833,0.29969132,0.3351203
2169507256,0.36332193,0.28675553,0.34992242
2169827235,0.47633925,0.24690993,0.27675083
2170079397,0.61507875,0.100248925,0.28467232
2170245455,0.48908105,0.24512492,0.265794
2172902073,0.5633481,0.3826237,0.054028228
2172965443,0.18751279,0.5831682,0.22931902
2173044583,0.23056534,0.42038947,0.3490452
2173573785,0.31311673,0.27218214,0.4147012
2174334713,0.01129951,0.87951535,0.109185144
2175375181,0.4855504,0.28170294,0.23274662
2175375762,0.27138248,0.41924602,0.30937156
2175379345,0.50469214,0.17186706,0.32344082
2175708246,0.09649335,0.4422152,0.4612914
2176380779,0.16110505,0.6463243,0.1925707
2177317908,0.09762149,0.117420755,0.7849577
2177762036,0.67847383,0.16873215,0.15279406
2177809918,0.25702634,0.47979128,0.2631824
2178431864,0.19764873,0.56947213,0.23287916
2178485799,0.40044978,0.28831384,0.31123632
2178565224,0.76652795,0.08629007,0.14718203
2179924052,0.048031982,0.86607677,0.08589129
2182051823,0.5372076,0.272049,0.1907434
2182078263,0.07968848,0.7455594,0.17475218
2182110236,0.24464224,0.2408212,0.51453656
2182429336,0.2949037,0.2663959,0.43870038
2183263550,0.24567126,0.13565646,0.6186724
2185127442,0.2754343,0.43161324,0.29295242
2185542123,0.44937378,0.1314437,0.4191825
2185584067,0.623996,0.28920174,0.08680232
2186053015,0.42640516,0.2747868,0.29880804
2186149237,0.30618915,0.41572222,0.27808875
2188341121,0.56917953,0.19562256,0.23519799
2188450245,0.2748164,0.46611726,0.25906634
2189914806,0.18379651,0.3614901,0.45471346
2190064907,0.26295206,0.39245647,0.34459144
2190111601,0.32448006,0.35950735,0.31601265
2191399937,0.63508314,0.16918314,0.19573373
2191429188,0.20827538,0.38348383,0.40824082
2191491585,0.34348935,0.38898006,0.2675306
2191894314,0.15981635,0.27072677,0.5694569
2191957212,0.26344857,0.4652483,0.27130312
2192049636,0.21753462,0.27411544,0.50834996
2192401569,0.18156116,0.59947544,0.2189634
2192631617,0.42062017,0.29872704,0.28065285
2192854784,0.22818588,0.4078204,0.3639938
2193134213,0.42337462,0.21519864,0.36142674
2193186555,0.32015902,0.40396765,0.2758733
2194273168,0.449023,0.29115084,0.25982618
2194989287,0.45988196,0.2865878,0.25353014
2195309341,0.25607893,0.43381324,0.31010783
2195549176,0.2724969,0.42011246,0.3073906
2195908317,0.29025865,0.4229467,0.2867947
2196533346,0.47667316,0.24747515,0.27585173
2196534261,0.44876385,0.25228143,0.2989547
2197350417,0.2436637,0.43044826,0.32588804
2197806429,0.31591964,0.3696509,0.31442952
2198041181,0.6098139,0.14420716,0.24597886
2198060696,0.13125761,0.5791091,0.28963333
2198300335,0.20413083,0.5637935,0.23207569
2199418965,0.28220966,0.44678593,0.2710045
2199753353,0.34467146,0.33953235,0.3157962
2200109639,0.39706656,0.370534,0.2323995
2200129080,0.2960312,0.13177948,0.57218933
2200367117,0.18825208,0.56929266,0.24245521
2200760287,0.37019077,0.3632032,0.26660603
2200762727,0.14938243,0.3310338,0.51958376
2201194221,0.43667206,0.2465334,0.31679463
2201250092,0.51459336,0.23162022,0.25378639
2201316187,0.36053255,0.32192636,0.3175412
2201893143,0.2501603,0.35222325,0.39761645
2201956014,0.4605527,0.18417482,0.35527244
2202060353,0.38602003,0.27010018,0.34387985
2202204229,0.29060167,0.39400864,0.3153897
2202718964,0.2295314,0.4726763,0.29779232
2203090053,0.18886496,0.3734707,0.43766436
2203583853,0.20778714,0.20272005,0.5894928
2203608675,0.21090132,0.47902492,0.31007373
2203646211,0.24385494,0.12958911,0.626556
2204018165,0.58669853,0.23455854,0.17874295
2204101284,0.47026607,0.24039724,0.28933674
2204420123,0.36934328,0.3421603,0.28849652
2204538178,0.24929097,0.2569186,0.4937904
2204581489,0.37281385,0.33592656,0.29125953
2204675804,0.443194,0.25900474,0.29780132
2205344811,0.25146383,0.5176858,0.23085043
2205594062,0.29253468,0.43276292,0.2747023
2205960906,0.3379012,0.3311883,0.33091053
2206016293,0.27043965,0.5306662,0.19889417
2206060258,0.39103743,0.261543,0.34741956
2206179541,0.31359938,0.40967056,0.27673003
2206848073,0.28896058,0.37116474,0.33987466
2207290725,0.4421874,0.17414227,0.38367033
2207937288,0.48969832,0.2725149,0.23778681
2208707505,0.30251276,0.4041524,0.29333484
2208914287,0.38855958,0.2961342,0.31530622
2209719060,0.6923157,0.11459631,0.19308805
2210574810,0.45088542,0.29790878,0.25120583
2210608891,0.25724682,0.2951417,0.44761142
2211652723,0.13831088,0.65564156,0.2060475
2211796773,0.39461064,0.2940337,0.31135562
2212009414,0.16410238,0.6104131,0.22548456
2212097877,0.21085039,0.44207978,0.3470698
2212461482,0.30561718,0.44520414,0.2491787
2212658035,0.27064958,0.42881498,0.3005355
2212661087,0.09705758,0.6361102,0.26683223
2212872210,0.21754827,0.3674394,0.41501242
2212973568,0.32682654,0.36776334,0.3054101
2213074554,0.46066996,0.09902026,0.44030973
2213880157,0.46751267,0.2723355,0.2601518
2214006330,0.3318567,0.2767406,0.39140272
2214604939,0.1816129,0.18604532,0.63234186
2215107396,0.19315375,0.48998094,0.31686535
2215238716,0.37217963,0.3499585,0.27786183
2215623769,0.27587312,0.46710178,0.25702518
2215995886,0.31386045,0.30858272,0.37755677
2216199211,0.31358957,0.41541448,0.27099594
2216317974,0.22339174,0.2342241,0.5423842
2216971698,0.32916793,0.3553218,0.3155102
2217545993,0.36855286,0.36832055,0.2631266
2217612204,0.4178838,0.27231848,0.30979764
2217838490,0.12817565,0.6820245,0.18979989
2218509531,0.4208457,0.3498716,0.22928274
2219251002,0.3728874,0.33563584,0.29147676
2219444654,0.66118467,0.14248605,0.19632936
2219551261,0.18984345,0.21482566,0.59533083
2219972472,0.42930093,0.29305488,0.27764416
2221060427,0.26088533,0.33850917,0.4006055
2221105889,0.17663343,0.1734125,0.6499541
2221454885,0.17785284,0.5135017,0.30864552
2222389267,0.2003725,0.48689407,0.31273347
2222466737,0.686397,0.10384663,0.20975637
2222739893,0.40363747,0.32041112,0.27595142
2222782509,0.3567751,0.3999884,0.24323653
2223112778,0.47808722,0.24318025,0.27873254
2223303260,0.38286,0.2775728,0.3395672
2223354909,0.4314428,0.2598418,0.30871543
2223844577,0.3442511,0.3481792,0.30756977
2224874719,0.7200775,0.07031451,0.20960805
2225148928,0.44346002,0.3163522,0.24018781
2225227814,0.40956873,0.20541146,0.3850198
2225865785,0.32759044,0.37575185,0.29665765
2227154808,0.5335485,0.1866724,0.27977914
2227466042,0.15093642,0.5049843,0.34407923
2228027394,0.41251805,0.31693542,0.27054653
2228486960,0.34330085,0.31875595,0.3379432
2228868747,0.43304482,0.23679797,0.33015722
2229524639,0.21486782,0.43870634,0.34642583
2229767665,0.64409417,0.08641652,0.2694893
2229856446,0.5051774,0.2830009,0.21182169
2230769990,0.4854596,0.23675886,0.2777816
2231026419,0.15763424,0.4921932,0.35017252
2231208872,0.7347604,0.1074663,0.15777336
2231950417,0.29022917,0.30337134,0.40639955
2231988758,0.31429234,0.40800422,0.27770343
2232557865,0.5623059,0.21032004,0.22737408
2232800183,0.2773691,0.48281285,0.23981799
2232963307,0.13053359,0.3992966,0.47016984
2233375801,0.5236958,0.24515851,0.23114564
2233450339,0.40188226,0.2850068,0.31311098
2233457260,0.52048427,0.17293638,0.3065794
2233691314,0.5820834,0.123251095,0.29466558
2233860446,0.31579897,0.25988302,0.42431796
2235176510,0.3238798,0.4023911,0.27372915
2235325730,0.09527824,0.6772628,0.227459
2235511720,0.42350814,0.1802628,0.39622906
2236397330,0.27115116,0.22613904,0.5027098
2236497842,0.28318086,0.38298017,0.333839
2236775275,0.17937039,0.6369747,0.18365496
2237200309,0.92137116,0.017494973,0.06113387
2237388584,0.2601009,0.41997078,0.31992835
2237519634,0.117734894,0.7257871,0.15647805
2237563625,0.5062281,0.15356763,0.34020427
2237694013,0.2632599,0.4803279,0.25641218
2237923086,0.27276888,0.41306967,0.31416142
2238159024,0.08527077,0.56587094,0.34885824
2238501337,0.5289078,0.21058014,0.26051214
2238671025,0.24028896,0.22409855,0.53561246
2238781862,0.3371831,0.28681314,0.37600377
2238801046,0.23011032,0.33753374,0.43235597
2239199732,0.28708208,0.396623,0.3162949
2239516792,0.26891115,0.30904806,0.4220408
2240081835,0.31673458,0.2992399,0.38402554
2240530224,0.37474227,0.31815886,0.30709887
2241653935,0.21385927,0.5239355,0.26220515
2242878159,0.27912778,0.39813203,0.3227402
2243324832,0.42844436,0.3081799,0.2633757
2243778670,0.23544405,0.4716538,0.29290214
2243867576,0.14310214,0.26440573,0.59249204
2244141058,0.26376483,0.4335316,0.3027036
2244383597,0.11575173,0.66633606,0.21791221
2244486422,0.20509325,0.46442437,0.33048233
2244984752,0.25120088,0.4001156,0.34868345
2246159672,0.34705418,0.32018328,0.33276248
2246364871,0.35957497,0.31886056,0.32156444
2246786388,0.3577272,0.12614991,0.5161229
2246980479,0.47382945,0.23917659,0.286994
2247568694,0.23524633,0.5146106,0.25014308
2248244003,0.28698862,0.20086637,0.512145
2248960113,0.29010603,0.3200256,0.38986835
2249496683,0.2646031,0.43913788,0.296259
2249689098,0.4040549,0.16226892,0.4336762
2250241937,0.35885736,0.29954392,0.3415988
2250706444,0.396521,0.2691519,0.3343271
2251207767,0.41556063,0.24337497,0.34106442
2252205916,0.2222616,0.42289048,0.354848
2252552345,0.35472617,0.35927537,0.28599846
2252748527,0.40999106,0.30102405,0.28898486
2252854331,0.2698166,0.33954468,0.3906387
2253958290,0.20609914,0.50072795,0.2931729
2254882058,0.43639833,0.31892574,0.24467601
2254978168,0.31055945,0.4270453,0.26239526
2255585265,0.23543522,0.53211665,0.23244818
2255872499,0.2509543,0.35978395,0.38926178
2257024613,0.48903808,0.24872243,0.2622395
2257481314,0.34142756,0.37131158,0.2872608
2259600644,0.18082695,0.5004458,0.31872725
2259712863,0.4466377,0.29212874,0.26123354
2259716100,0.3387319,0.4026254,0.25864255
2259848046,0.36761862,0.32939678,0.30298463
2260692717,0.45264703,0.29953298,0.24781996
2260772856,0.4070519,0.34415093,0.2487972
2260966330,0.5190941,0.1981674,0.28273848
2261059826,0.4112374,0.30977905,0.27898353
2261572826,0.5181792,0.24855094,0.23326993
2263558046,0.22410083,0.5257394,0.25015983
2263635780,0.53635377,0.21215928,0.25148702
2264085641,0.24996762,0.5234513,0.22658107
2264309340,0.40182287,0.34459808,0.2535791
2264324380,0.06457099,0.1858052,0.7496238
2264799790,0.09481424,0.44770056,0.45748526
2264812206,0.16040117,0.645222,0.19437687
2264884209,0.36255172,0.32516673,0.3122815
2264954161,0.7619185,0.106734075,0.13134746
2265414849,0.33175254,0.37155214,0.29669526
2265508914,0.7281326,0.13136788,0.14049953
2265517269,0.2922416,0.20315467,0.50460374
2265574956,0.58568805,0.18674359,0.2275683
2265588796,0.33403462,0.37483174,0.29113367
2265618045,0.64364547,0.1584466,0.19790801
2265643097,0.43531913,0.31544146,0.24923943
2265928003,0.4940048,0.183146,0.32284915
2266147269,0.8316934,0.095260024,0.073046476
2266475027,0.48633096,0.23846824,0.2752008
2266656671,0.21944463,0.4954048,0.28515056
2266753828,0.370864,0.3662106,0.26292536
2266894397,0.39754438,0.13410091,0.46835467
2267008040,0.27908167,0.32395878,0.39695954
2267564218,0.41042772,0.34010375,0.24946854
2269257130,0.46143228,0.26413995,0.27442774
2269453381,0.25063947,0.20690818,0.54245234
2269628778,0.19821595,0.51890445,0.2828796
2269653850,0.36536202,0.3936921,0.24094589
2270043430,0.32910174,0.2004819,0.47041637
2270064571,0.36807984,0.21997395,0.4119463
2270386999,0.054282196,0.74075514,0.20496267
2270390577,0.20591061,0.4057979,0.3882915
2270429608,0.30026776,0.3645141,0.3352182
2270442609,0.53494555,0.17775835,0.2872961
2270661201,0.15750627,0.34231174,0.50018203
2271076399,0.3921076,0.3295069,0.27838546
2271127424,0.3295632,0.35827225,0.31216457
2272060827,0.25274208,0.45689318,0.29036477
2272077931,0.63544333,0.1447323,0.21982437
2272586163,0.08985718,0.78533155,0.124811225
2274115797,0.20401897,0.51781505,0.27816594
2274445939,0.3052294,0.4490576,0.24571295
2274482428,0.36539546,0.36094442,0.27366018
2275782433,0.44505215,0.32266724,0.23228066
2275923141,0.44479203,0.19289163,0.36231643
2276015837,0.32782912,0.3527488,0.31942207
2277115789,0.40065464,0.3505327,0.24881262
2277766580,0.18724667,0.4650982,0.3476552
2278026371,0.75007355,0.07062912,0.17929727
2278441843,0.3727018,0.38824365,0.23905453
2278962965,0.4449595,0.16440757,0.39063296
2279564075,0.5266129,0.22965324,0.24373387
2280084958,0.3179333,0.50790703,0.17415951
2280607702,0.39799574,0.3388051,0.26319915
2280727770,0.31973222,0.39496073,0.285307
2280903008,0.44781488,0.29108217,0.26110297
2280923570,0.4673972,0.20608637,0.32651633
2280996576,0.35122463,0.16410989,0.48466542
2281322765,0.35647592,0.3237223,0.31980184
2281684733,0.4125154,0.33545884,0.25202578
2282402116,0.83814317,0.0526793,0.10917755
2282668367,0.07685044,0.75906867,0.16408095
2282828794,0.30035326,0.34017158,0.3594752
2283561937,0.30221254,0.36630496,0.33148247
2283798031,0.29260075,0.43564016,0.27175918
2283824827,0.303269,0.19959876,0.49713218
2284037550,0.33129415,0.39472404,0.27398187
2285484652,0.33795506,0.38068876,0.2813562
2285489000,0.40058807,0.2659782,0.3334337
2285938283,0.26801506,0.46666467,0.26532027
2286028439,0.30545285,0.42714882,0.26739827
2286331466,0.53225064,0.097786,0.3699634
2286455330,0.5409279,0.18091698,0.2781552
2286757589,0.25527585,0.20804192,0.53668225
2286804523,0.16536346,0.38399792,0.45063865
2287118931,0.15799887,0.51775306,0.32424814
2287673992,0.22011839,0.4632443,0.31663737
2287813656,0.25135478,0.4544078,0.29423743
2288779440,0.74121505,0.11273015,0.14605483
2288890578,0.46177486,0.28030345,0.25792173
2289550715,0.75820476,0.10040639,0.14138885
2289654769,0.79920965,0.014634021,0.18615632
2289789422,0.27786115,0.40322116,0.31891766
2289825170,0.20275396,0.51147836,0.2857676
2290826077,0.30535197,0.39006293,0.30458504
2290881881,0.093525656,0.77662444,0.1298499
2290901122,0.6336367,0.17127532,0.19508794
2291429260,0.42094433,0.2525283,0.3265273
2291462825,0.48023796,0.2572737,0.2624883
2291725464,0.2861972,0.3510079,0.36279488
2292448302,0.21841343,0.4421827,0.33940387
2292854923,0.6921127,0.10733514,0.20055227
2293019559,0.38876608,0.33740845,0.27382547
2293141056,0.286993,0.3770687,0.33593833
2293309997,0.32846308,0.47551444,0.19602253
2293658561,0.57915163,0.19554672,0.22530171
2294261869,0.7368316,0.061052628,0.20211579
2294325725,0.38648775,0.30632102,0.30719122
2294580927,0.18894975,0.51355207,0.2974982
2294906143,0.34812886,0.25723532,0.39463586
2295030552,0.41546628,0.26852465,0.3160092
2297042236,0.36213362,0.23107564,0.4067907
2297144274,0.28190064,0.4413537,0.27674568
2297652508,0.2875163,0.30886623,0.4036174
2298019128,0.47624815,0.2458916,0.2778603
2298295700,0.43945777,0.2957202,0.26482204
2298445627,0.39639932,0.28586546,0.3177353
2299398363,0.26324654,0.50849485,0.22825861
2299545643,0.34157208,0.357664,0.300764
2299571106,0.29534733,0.4001145,0.3045382
2299953415,0.34040487,0.4697834,0.18981166
2299960641,0.5056852,0.055042844,0.43927196
2300337430,0.57209295,0.2200544,0.20785262
2300494681,0.29042152,0.4024019,0.30717668
2301149672,0.1727824,0.34747946,0.4797381
2301270245,0.16421427,0.47404236,0.36174348
2302104537,0.32762223,0.27580744,0.39657038
2302143258,0.26529628,0.4809792,0.25372458
2302660434,0.45083815,0.27199057,0.27717125
2302854508,0.32549664,0.37965766,0.29484573
2302932761,0.049515784,0.67971325,0.270771
2303233398,0.26586246,0.40509686,0.32904068
2303332065,0.2803123,0.33150095,0.38818675
2304970766,0.25993687,0.41193682,0.32812628
2305491448,0.45702606,0.14939143,0.39358255
2305747543,0.37935024,0.3563815,0.26426825
2305897230,0.39437068,0.31473562,0.2908937
2306586623,0.51475126,0.2361926,0.24905628
2306736718,0.6415423,0.13288845,0.22556931
2307071880,0.34501773,0.37509695,0.27988538
2307431331,0.2901701,0.30157164,0.4082582
2307553504,0.43353295,0.29093048,0.2755366
2307685527,0.44137183,0.37080353,0.18782458
2308001675,0.34059727,0.39341375,0.26598898
2308005271,0.102265164,0.40988886,0.48784596
2308433016,0.4814231,0.24695562,0.2716213
2308660247,0.19845745,0.41033652,0.39120606
2308817020,0.32221687,0.2562173,0.42156583
2309205013,0.6069092,0.14395536,0.24913542
2309411941,0.35349944,0.35125062,0.2952499
2309514010,0.4709693,0.24815053,0.28088018
2309835132,0.7329409,0.10747452,0.15958455
2309993373,0.6534035,0.15340272,0.19319381
2310212180,0.43439803,0.33887354,0.22672836
2310346933,0.5609436,0.2630432,0.1760132
2310509476,0.35153452,0.28426224,0.36420327
2311023245,0.28857628,0.4449311,0.2664927
2311150746,0.20746106,0.445782,0.34675694
2311381303,0.43622094,0.24363169,0.3201474
2311923069,0.28180462,0.44733998,0.27085543
2312266354,0.14432526,0.6395721,0.21610272
2312536595,0.40645584,0.30094284,0.29260132
2312778779,0.33436275,0.34869865,0.31693864
2313851407,0.52984905,0.20962963,0.2605213
2314064361,0.40094632,0.23857833,0.3604754
2314376870,0.3053644,0.34923276,0.34540287
2314779443,0.59961593,0.20164244,0.19874156
2315782719,0.23526782,0.3998464,0.36488584
2316333993,0.27467126,0.49714437,0.22818433
2316876120,0.13510017,0.6730274,0.19187249
2317050092,0.24353975,0.5561993,0.20026095
2317568770,0.37054124,0.26408198,0.36537677
2317866019,0.181514,0.3054806,0.5130054
2318149804,0.30437815,0.45023006,0.2453918
2320209861,0.31094268,0.4168136,0.27224368
2320391340,0.5907889,0.19722533,0.21198574
2320685559,0.3853483,0.35876665,0.2558851
2322550638,0.3009561,0.1347512,0.5642926
2323014873,0.22574541,0.4531717,0.3210829
2323052683,0.11759092,0.11759092,0.76481813
2323198756,0.42432198,0.17328456,0.40239346
2325020862,0.18219107,0.29039147,0.5274175
2325335680,0.13218777,0.48101002,0.38680226
2325459638,0.33126664,0.2989015,0.36983174
2325940661,0.42005613,0.3395151,0.24042879
2326099741,0.395646,0.2647362,0.33961788
2326189991,0.42623353,0.31291333,0.26085323
2326344674,0.24518724,0.411557,0.34325576
2326497165,0.6825128,0.13438039,0.1831068
2326721123,0.36824077,0.36870927,0.26305002
2326784089,0.24155344,0.26431024,0.49413636
2327078382,0.21530892,0.38790345,0.39678764
2327305921,0.29284167,0.3174919,0.38966644
2327597869,0.27906242,0.2337684,0.4871692
2327796879,0.39776495,0.3533086,0.24892646
2327938918,0.28824276,0.3795649,0.3321923
2328204251,0.45074046,0.272149,0.27711055
2328300515,0.43847385,0.33164158,0.22988455
2328367053,0.3715155,0.60884213,0.01964238
2328645779,0.26105848,0.40942833,0.3295132
2328761260,0.33740002,0.37699786,0.28560215
2328880756,0.35289666,0.37639692,0.27070647
2329189047,0.25340584,0.37962225,0.3669719
2330236203,0.28291088,0.40375653,0.31333268
2330362941,0.21998197,0.3082505,0.47176757
2330516007,0.25384796,0.4088929,0.3372592
2330760512,0.3610525,0.22525668,0.41369078
2331397871,0.3340923,0.31708005,0.34882772
2332173051,0.28371578,0.4686046,0.24767959
2332330630,0.67490613,0.15576577,0.16932805
2332444599,0.62562275,0.17172274,0.20265451
2332522636,0.277909,0.4306769,0.29141408
2332535856,0.11713183,0.27613893,0.6067293
2332635252,0.20456567,0.50407225,0.2913621
2332979289,0.28820142,0.45028007,0.26151845
2333475881,0.82112557,0.045432493,0.1334419
2333500495,0.24555315,0.49145702,0.26298985
2333960032,0.3592102,0.35889295,0.28189686
2334038004,0.22654253,0.23462053,0.53883696
2334090377,0.21508363,0.55761397,0.22730237
2334467839,0.3903228,0.33934262,0.27033457
2334517994,0.40812132,0.32307094,0.26880774
2334661405,0.0692269,0.7477261,0.18304695
2335040909,0.24941763,0.5395415,0.21104082
2335650268,0.2637708,0.48507702,0.2511522
2335716454,0.24247082,0.27991584,0.47761336
2335722686,0.09278423,0.7601873,0.14702849
2336352176,0.28360114,0.4598375,0.2565614
2336473321,0.29346174,0.39041743,0.3161208
2336911967,0.4936083,0.23533773,0.2710539
2337187596,0.39071733,0.3426126,0.26667017
2337407550,0.32412276,0.44958872,0.22628847
2337525604,0.65213096,0.16762102,0.18024808
2337667630,0.33240604,0.41470718,0.25288677
2337901201,0.49405307,0.287167,0.2187799
2338139466,0.45912948,0.25860235,0.2822682
2338979911,0.47288716,0.25100964,0.27610323
2339033004,0.29904994,0.4645126,0.23643751
2339190473,0.39492345,0.339805,0.26527157
2339595471,0.19365986,0.26558983,0.5407503
2341311802,0.40289253,0.37853923,0.21856827
2341435993,0.27293503,0.4410762,0.28598884
2341556534,0.33794597,0.38419044,0.27786365
2341829247,0.38421333,0.30609486,0.30969188
2342093990,0.3327018,0.31280375,0.35449448
2342237109,0.18010065,0.60197437,0.21792504
2342493428,0.30760267,0.3593374,0.33305997
2342845006,0.38873336,0.33912933,0.27213728
2343207324,0.32811317,0.36973056,0.30215618
2343706252,0.3371546,0.30334324,0.3595023
2343907043,0.3662768,0.343134,0.29058918
2344031820,0.4567583,0.25126204,0.2919797
2344190505,0.20801598,0.55133426,0.24064985
2344421343,0.25672317,0.44843367,0.2948433
2344428509,0.4997038,0.24421208,0.25608417
2345686484,0.2095746,0.4837015,0.30672392
2346911690,0.283028,0.4312275,0.28574452
2347008507,0.4720489,0.24037096,0.28758022
2347096476,0.38696927,0.3209299,0.29210085
2347878591,0.11789398,0.373612,0.508494
2348123952,0.2280941,0.40878054,0.36312535
2348290637,0.43902385,0.27621648,0.28475967
2348625342,0.34046015,0.3544558,0.30508408
2348763312,0.18896098,0.16052043,0.65051854
2349469716,0.59170884,0.1881099,0.22018126
2349764227,0.31047577,0.411698,0.27782613
2350248343,0.25597945,0.41809976,0.3259209
2350380761,0.3879713,0.28512245,0.32690617
2350603154,0.3672896,0.31017578,0.32253462
2350873385,0.27066013,0.3379228,0.39141703
2351286251,0.27478623,0.3949693,0.33024442
2351358404,0.32157233,0.42065972,0.25776795
2351776690,0.26456183,0.42739803,0.30804017
2352398385,0.43977982,0.2249188,0.33530137
2352681898,0.51254207,0.20539467,0.28206328
2352704207,0.08735007,0.7417312,0.17091869
2352844026,0.3080009,0.2932382,0.3987609
2353584803,0.29456854,0.19415395,0.51127756
2353654035,0.5659891,0.24318889,0.19082206
2354215536,0.38756326,0.2502017,0.36223507
2354374789,0.20443828,0.60458803,0.19097361
2354506498,0.3668261,0.13080928,0.5023647
2354625460,0.35405797,0.3213122,0.3246299
2354756865,0.35920712,0.35438544,0.28640756
2355030457,0.12848823,0.27081105,0.60070074
2355169628,0.30624098,0.32930553,0.36445352
2355418424,0.2233462,0.2101366,0.5665172
2355583857,0.16596287,0.45179746,0.38223967
2355706862,0.4284345,0.27800918,0.29355636
2356575515,0.1442261,0.67320716,0.18256678
2356739124,0.3795601,0.28776452,0.33267537
2356771500,0.27108568,0.30981827,0.41909605
2357599741,0.702476,0.12573121,0.17179279
2357737580,0.3461702,0.38023818,0.27359167
2357791484,0.30544427,0.45083952,0.24371621
2358195774,0.4132394,0.29598194,0.2907787
2358634803,0.25750792,0.48648223,0.2560098
2358717867,0.36082304,0.24644883,0.3927281
2359335886,0.45117882,0.35912564,0.18969554
2360482981,0.31075847,0.3212287,0.36801285
2361521688,0.37629113,0.26821694,0.35549188
2361699569,0.47520036,0.2520932,0.2727064
2361815379,0.0684241,0.6989957,0.23258016
2361928106,0.26176432,0.1796255,0.5586102
2362128910,0.64365,0.1350375,0.22131258
2362490082,0.8369948,0.065039635,0.09796561
2362663489,0.37998006,0.2830968,0.33692318
2363080554,0.2614367,0.30864152,0.42992175
2363352336,0.9266796,0.012102406,0.06121796
2363555670,0.20255694,0.5487695,0.24867357
2363798470,0.323614,0.38948488,0.28690115
2363893974,0.4224014,0.30446637,0.27313223
2365411092,0.353209,0.24376951,0.4030215
2366314012,0.31021544,0.37837896,0.31140557
2367319254,0.4210511,0.2720007,0.30694816
2367356740,0.34701276,0.25170368,0.40128356
2367652950,0.21185662,0.16826224,0.61988115
2367807325,0.3689122,0.36197662,0.26911128
2368019101,0.15134616,0.35992518,0.4887287
2368072546,0.84882534,0.05998957,0.09118514
2368143100,0.41985202,0.31406757,0.26608047
2368404284,0.37885076,0.37982777,0.24132149
2368708761,0.55941075,0.15380527,0.28678405
2369990317,0.17800656,0.5973841,0.22460939
2370138958,0.30694345,0.3736869,0.31936958
2370571116,0.26414895,0.2574449,0.47840628
2370708927,0.26775753,0.2723121,0.4599303
2370935031,0.27616566,0.38116178,0.34267256
2371123789,0.22579184,0.25321996,0.5209881
2371949020,0.1921681,0.5987796,0.20905228
2372756227,0.311533,0.42595875,0.26250815
2373255633,0.3259433,0.3274728,0.34658396
2373489043,0.38090593,0.24452469,0.37456936
2373623039,0.12967692,0.6587381,0.21158494
2373683578,0.0671079,0.84015894,0.09273321
2373807787,0.27378917,0.38014123,0.3460696
2374234736,0.69984746,0.1466201,0.15353248
2374394823,0.16840261,0.56930727,0.26229018
2375014325,0.15148985,0.32770354,0.5208066
2375231394,0.184631,0.49398205,0.32138696
2375666595,0.29459706,0.3921851,0.31321785
2375678695,0.20280747,0.20280747,0.59438497
2376330895,0.2880605,0.41464433,0.29729518
2377136122,0.12170335,0.30822045,0.5700762
2377348343,0.41435927,0.36026904,0.22537175
2377641217,0.28462046,0.39199415,0.3233854
2377850269,0.31389263,0.3727456,0.31336167
2377876619,0.11018059,0.7439005,0.1459189
2378212848,0.34545198,0.3728111,0.28173694
2378364467,0.21087445,0.4915739,0.29755157
2378677533,0.7973002,0.020020947,0.18267894
2379054860,0.503219,0.15801376,0.33876732
2379703317,0.21494271,0.29756156,0.48749578
2380375771,0.577527,0.09101076,0.33146232
2381574561,0.36006346,0.29524985,0.34468666
2382032158,0.36701357,0.302805,0.33018142
2382185909,0.37611234,0.33419687,0.28969076
2382654072,0.25308588,0.40602884,0.34088528
2382863523,0.4981513,0.18679786,0.31505084
2382940875,0.31325755,0.3416416,0.3451008
2383513506,0.21587223,0.38292238,0.40120542
2383873244,0.82795346,0.03975565,0.13229086
2384379902,0.320095,0.39493206,0.28497294
2384671767,0.40917948,0.3130726,0.2777479
2384682745,0.36833984,0.3882941,0.24336614
2384761024,0.5219197,0.22475465,0.25332567
2384982339,0.3623376,0.34269667,0.29496583
2384992241,0.3117463,0.45271993,0.23553373
2386410756,0.49669838,0.21309404,0.29020756
2386668404,0.36364383,0.2790388,0.35731754
2386929099,0.28119767,0.40104038,0.31776196
2387108998,0.306294,0.4079328,0.28577328
2387971177,0.26052114,0.3969747,0.34250414
2388415553,0.32349437,0.32094178,0.35556376
2388678054,0.47055173,0.26810503,0.26134327
2388976982,0.31475183,0.25023523,0.43501297
2390308396,0.44174984,0.32249326,0.23575683
2390862443,0.2714873,0.29395065,0.4345621
2391330262,0.2091178,0.41491112,0.3759711
2391373827,0.34093103,0.40553617,0.2535328
2391390362,0.36084214,0.33065134,0.30850652
2391408886,0.40868726,0.30079854,0.2905142
2391478038,0.2539511,0.43736944,0.30867952
2392462593,0.31853068,0.40280384,0.27866542
2393178412,0.40164387,0.31560367,0.28275248
2393393669,0.17083198,0.3868202,0.44234788
2393831142,0.17152657,0.64380896,0.18466453
2394171440,0.3379568,0.31292117,0.349122
2395849495,0.2564348,0.48551968,0.25804552
2396394771,0.22725882,0.39102829,0.3817129
2397132847,0.27407783,0.26302904,0.46289313
2397981990,0.3455909,0.35126626,0.30314285
2398179995,0.3979966,0.33829075,0.26371258
2398948853,0.31815568,0.38696054,0.2948838
2400249065,0.2477868,0.5267984,0.22541478
2400938469,0.18700418,0.36850578,0.44449005
2401140785,0.41988847,0.28773803,0.29237354
2401388152,0.41869846,0.21083258,0.37046888
2401849134,0.21543184,0.51756585,0.2670023
2403924470,0.2969154,0.4337865,0.26929808
2403936578,0.348537,0.36625722,0.2852058
2404160501,0.41061202,0.28427956,0.30510843
2404181731,0.21685104,0.54771733,0.23543167
2404595899,0.43792167,0.2862111,0.27586728
2404714208,0.23296891,0.53016907,0.23686205
2405018339,0.42377692,0.2761013,0.30012178
2405303438,0.21498166,0.31406832,0.47095007
2405390964,0.37133646,0.2640029,0.36466065
2405783378,0.29158017,0.29158017,0.4168395
2406095337,0.46554798,0.28942886,0.24502315
2406417055,0.3182531,0.34962183,0.33212507
2406497761,0.1722613,0.14795642,0.6797823
2406735545,0.3227924,0.432283,0.24492459
2407166331,0.3203819,0.24809031,0.43152773
2407906294,0.340219,0.27488804,0.38489303
2408063570,0.29257727,0.16287214,0.5445505
2408496114,0.20910068,0.46217823,0.32872105
2408624818,0.2213734,0.53764856,0.24097805
2408730410,0.33152974,0.31930795,0.34916234
2409177022,0.11161518,0.58842707,0.2999578
2409419165,0.2171841,0.34621915,0.43659672
2409665161,0.48031783,0.2971473,0.22253487
2410841381,0.24979693,0.44532746,0.30487558
2411319262,0.3822558,0.3092496,0.30849457
2411330142,0.17715499,0.6008008,0.2220442
2412001218,0.38867718,0.27067223,0.34065065
2412168388,0.3673509,0.30367145,0.32897767
2412642150,0.25071856,0.4481275,0.3011539
2412917395,0.30189544,0.36644727,0.33165723
2412959373,0.55136275,0.24396515,0.20467211
2413079563,0.5315338,0.23890774,0.22955857
2413281285,0.25108773,0.4959142,0.25299805
2413523513,0.31337503,0.39063495,0.29599002
2414659625,0.24149655,0.4341599,0.32434356
2414772179,0.44129798,0.27583322,0.28286883
2414827503,0.22301702,0.4831081,0.29387492
2414954859,0.31851393,0.28489658,0.39658958
2416363478,0.3555777,0.2948941,0.3495282
2416525355,0.1622665,0.5966659,0.24106753
2417707376,0.14727111,0.6019173,0.2508117
2417871799,0.4186409,0.2903339,0.2910252
2418008970,0.1839189,0.6035139,0.2125672
2418544984,0.39977863,0.27619135,0.32402998
2418634566,0.37097275,0.31546983,0.31355745
2419159371,0.43617404,0.22516537,0.33866054
2419195021,0.5137708,0.20888276,0.27734637
2419716314,0.28958866,0.28830567,0.42210573
2419955818,0.49535787,0.2008123,0.30382982
2420967852,0.011741806,0.8019493,0.18630888
2421240663,0.43158567,0.2944435,0.27397078
2421586052,0.38199493,0.29568633,0.32231876
2421754705,0.80499053,0.06323141,0.13177806
2422103073,0.27243286,0.17015782,0.5574093
2422240531,0.3849936,0.371636,0.2433704
2422792364,0.37393707,0.3525329,0.27353004
2423486779,0.20699352,0.55510443,0.23790206
2423586354,0.38133323,0.261765,0.35690188
2424279451,0.1623031,0.23353817,0.60415876
2425259744,0.3709265,0.25095877,0.3781147
2425766485,0.63885665,0.16696703,0.19417638
2425802151,0.24816614,0.2716788,0.48015508
2426008237,0.3640257,0.380965,0.2550094
2426325419,0.26962832,0.34666437,0.3837073
2426496514,0.25777936,0.4210083,0.3212123
2427304409,0.43695384,0.24844547,0.31460068
2427879676,0.32097104,0.3357734,0.3432556
2427936012,0.3524803,0.24604455,0.4014752
2428068655,0.23460352,0.4320811,0.33331537
2428337168,0.44859198,0.17389554,0.37751245
2428936863,0.20400435,0.5366316,0.25936413
2429125415,0.18132415,0.5532803,0.26539558
2429617115,0.15801488,0.5336262,0.30835885
2430186291,0.30816644,0.4356134,0.25622016
2430198866,0.40281293,0.32244635,0.27474073
2430403973,0.3131728,0.3724791,0.31434822
2430432077,0.34994352,0.37171522,0.2783413
2430567866,0.57115376,0.20134968,0.22749655
2430626258,0.40134087,0.21470623,0.38395292
2430759588,0.25149956,0.44571915,0.30278128
2430807942,0.11902102,0.6691843,0.21179463
2431252404,0.28940794,0.38251632,0.32807577
2431289604,0.566102,0.22363429,0.21026367
2431341625,0.2737801,0.28630704,0.43991286
2431616167,0.23638755,0.46184644,0.30176598
2431782043,0.36150536,0.3284189,0.3100758
2432112541,0.4597374,0.30402258,0.23623998
2432187439,0.33781847,0.36085674,0.30132484
2432245928,0.5473185,0.20875058,0.24393092
2432748148,0.19212826,0.35139972,0.456472
2432806786,0.70209557,0.13079165,0.16711283
2433242856,0.21366127,0.5371808,0.24915797
2433361590,0.50647694,0.23014387,0.26337916
2433894510,0.4499925,0.2775177,0.27248973
2433904084,0.33469084,0.33251756,0.33279166
2434722483,0.4116518,0.31964386,0.26870432
2434961033,0.20796666,0.55556476,0.23646858
2435734869,0.25526136,0.45090398,0.29383466
2435974741,0.06627083,0.40777835,0.52595085
2436221927,0.22263584,0.3437578,0.43360636
2436515837,0.6597543,0.14575762,0.19448814
2436834646,0.28647268,0.14488553,0.5686418
2436993971,0.31963712,0.20980608,0.47055686
2437107328,0.30216274,0.34341556,0.35442168
2437703317,0.28937095,0.16382265,0.5468064
2437784793,0.3096008,0.4039254,0.2864738
2437998750,0.23712462,0.4655976,0.29727787
2438044041,0.4504642,0.26286557,0.2866702
2438623609,0.2615656,0.4879713,0.250463
2439547216,0.3444353,0.22476979,0.43079492
2439673505,0.28246856,0.2719217,0.4456097
2439760408,0.48572606,0.2771993,0.23707467
2440448425,0.53966504,0.2189474,0.24138762
2440995161,0.27537274,0.40367454,0.3209528
2441094493,0.17439103,0.6347622,0.19084677
2441413613,0.22948273,0.40430227,0.3662151
2441968149,0.56230825,0.08947388,0.34821787
2442021212,0.4511982,0.2396324,0.30916944
2442047779,0.4990013,0.23657477,0.264424
2442282746,0.2538077,0.45994303,0.2862492
2442489337,0.27201,0.26506454,0.46292552
2443366857,0.51308,0.23359358,0.2533264
2443704511,0.25355214,0.5099902,0.23645765
2444074745,0.48173937,0.26379123,0.25446936
2444458276,0.1150318,0.37174863,0.51321954
2444497987,0.30630642,0.35369015,0.34000355
2444668937,0.29102573,0.41241428,0.29655993
2444694729,0.28616682,0.323987,0.38984615
2444821766,0.43586394,0.15638927,0.40774682
2445519250,0.312883,0.43154398,0.2555731
2446144743,0.48412886,0.2872635,0.2286077
2446610938,0.34527683,0.30495238,0.34977075
2447058530,0.15999885,0.6477251,0.19227603
2447158251,0.25891247,0.5296419,0.21144554
2447204930,0.3213366,0.3273629,0.3513005
2447209675,0.39753002,0.2724402,0.33002982
2447432973,0.35103127,0.24675462,0.4022141
2447568370,0.33189917,0.2935715,0.37452927
2447781898,0.37171057,0.34265724,0.2856322
2448300711,0.30612594,0.32461083,0.36926326
2448357631,0.21928823,0.29737532,0.48333648
2448420659,0.4209379,0.29918522,0.27987692
2448947158,0.45802593,0.27524248,0.26673156
2449467011,0.3014531,0.41362575,0.28492108
2450093855,0.1097961,0.68711865,0.2030852
2450458803,0.39261782,0.29270512,0.314677
2450566040,0.4802513,0.24820119,0.27154744
2451008480,0.3958374,0.21433139,0.38983122
2451083516,0.76509106,0.021647425,0.21326157
2451189102,0.48022905,0.22193353,0.29783747
2451355586,0.34599054,0.31891516,0.3350943
2451457374,0.3633862,0.34399134,0.29262245
2452072426,0.40627357,0.20594603,0.38778043
2452398043,0.2277537,0.535758,0.23648834
2452557676,0.5734473,0.16973686,0.25681585
2453129928,0.5315605,0.22532463,0.24311489
2453418895,0.2519314,0.36079192,0.38727662
2453471601,0.0036133865,0.004494523,0.99189216
2453609108,0.29789335,0.34981596,0.3522907
2453824972,0.48442486,0.23423178,0.28134337
2454034820,0.400544,0.16558938,0.4338666
2454401327,0.3650588,0.26230368,0.37263748
2454511476,0.31253412,0.3018008,0.38566503
2454942398,0.51804304,0.23940445,0.24255252
2455468028,0.18888707,0.28314474,0.5279681
2455727232,0.29110578,0.39411485,0.31477943
2455883286,0.3249458,0.30701956,0.36803466
2456392589,0.30850312,0.297843,0.3936539
2456920510,0.22118904,0.53013074,0.2486802
2457452543,0.32084674,0.35556057,0.32359278
2457671933,0.35544792,0.3736226,0.27092955
2457881414,0.55539197,0.18370251,0.26090547
2458658233,0.4177513,0.25793493,0.32431376
2458660710,0.41658896,0.29214776,0.29126328
2458713035,0.35986912,0.38292742,0.2572035
2458772192,0.17215902,0.5825157,0.24532524
2458886222,0.3826296,0.20201844,0.41535202
2459603675,0.32981658,0.44597757,0.2242058
2459981483,0.2882838,0.4212797,0.29043663
2460900031,0.299179,0.11978847,0.5810326
2461016018,0.23844966,0.44693527,0.31461507
2461629126,0.34016255,0.3448167,0.31502068
2461883419,0.28922096,0.41362873,0.29715037
2461927407,0.37470272,0.3263329,0.29896444
2462867324,0.43536735,0.25072446,0.3139082
2463737172,0.2048081,0.40942797,0.38576397
2464211407,0.20854993,0.56738865,0.22406146
2464336018,0.34921557,0.40333104,0.24745335
2464592984,0.21072453,0.4570502,0.33222526
2465206890,0.37499106,0.3244897,0.30051917
2465220042,0.25140393,0.4868446,0.2617515
2465490704,0.29641178,0.31303453,0.3905537
2465792856,0.24047442,0.4534918,0.30603376
2465814750,0.5254394,0.24765795,0.22690257
2465966724,0.31745327,0.4085271,0.27401954
2466655646,0.18074642,0.15991443,0.65933913
2467071709,0.5625004,0.19725023,0.24024932
2467238490,0.6842268,0.12500396,0.19076921
2467530728,0.5156063,0.2501031,0.23429058
2467588460,0.48252502,0.24731793,0.27015713
2467969604,0.3529239,0.30551136,0.3415647
2468081308,0.23436269,0.33652472,0.42911255
2468170713,0.33966312,0.37116486,0.289172
2468190018,0.3681728,0.31908274,0.31274444
2468405674,0.41675648,0.27038878,0.3128548
2468890453,0.23130319,0.40200925,0.3666876
2469293151,0.34771833,0.38576183,0.26651984
2469305947,0.6712981,0.14628555,0.18241632
2469579126,0.39565843,0.3213058,0.28303578
2469591874,0.03874523,0.8018085,0.15944631
2469725633,0.44385016,0.105534956,0.45061493
2470042662,0.10604988,0.74337536,0.15057479
2470119949,0.12781116,0.63420963,0.23797914
2470177839,0.43174225,0.2815255,0.28673235
2470282796,0.45690387,0.2936493,0.24944685
2470307986,0.24182211,0.5608982,0.19727972
2470596087,0.26275918,0.31663156,0.42060918
2470638612,0.23579796,0.5414558,0.2227463
2470748075,0.515646,0.13564146,0.34871262
2471004700,0.5396274,0.19798057,0.262392
2471695127,0.439144,0.27785185,0.28300416
2471775420,0.35993454,0.30859208,0.33147347
2471942980,0.29426557,0.42969146,0.27604288
2472489880,0.5316828,0.18341142,0.28490573
2472518267,0.29906797,0.44452864,0.2564034
2472771406,0.31678906,0.4450873,0.23812364
2472974049,0.7229633,0.09642666,0.18061005
2473119347,0.44476807,0.21951409,0.33571783
2473787038,0.3053539,0.3928268,0.30181924
2474139639,0.5981242,0.19349414,0.20838162
2474328540,0.32844085,0.36791655,0.30364263
2475173671,0.1468205,0.6509884,0.20219113
2475708332,0.46314594,0.2629154,0.27393872
2476772123,0.31027603,0.35952663,0.33019742
2476953648,0.4023063,0.09066324,0.5070305
2477369802,0.35023868,0.34886613,0.30089518
2477483875,0.5263139,0.20029521,0.2733909
2478330169,0.50858295,0.23494668,0.25647032
2479226582,0.12251949,0.71047646,0.1670041
2479318589,0.23182014,0.20527568,0.5629042
2479439123,0.1976098,0.31926495,0.48312527
2480075689,0.091173135,0.5845209,0.32430604
2480368495,0.21096706,0.55842036,0.23061256
2480759274,0.30807588,0.36552733,0.32639685
2480820625,0.27305153,0.46843004,0.2585184
2481710606,0.4754891,0.20477015,0.31974083
2481776715,0.17642333,0.07887112,0.74470556
2483794408,0.24807498,0.24807498,0.50385004
2485459494,0.2019494,0.5054962,0.29255444
2485478378,0.3000251,0.31141692,0.3885579
2487974136,0.30466327,0.39341173,0.30192494
2488542393,0.045252338,0.81561065,0.13913697
2488576159,0.24912517,0.49341643,0.25745842
2488989957,0.26752093,0.48224506,0.250234
2489288099,0.40823,0.33325553,0.25851446
2490322800,0.097933315,0.7235425,0.17852418
2490863497,0.51742315,0.23975843,0.24281839
2491207133,0.35591796,0.5000717,0.14401034
2492125163,0.30691046,0.33576423,0.35732532
2492178290,0.22178793,0.40985146,0.36836058
2492662884,0.45643723,0.26325762,0.28030518
2492974066,0.32090935,0.3741995,0.30489117
2493172424,0.20721498,0.5577315,0.23505348
2493372744,0.22485995,0.3863878,0.38875225
2493417559,0.39929917,0.35898274,0.24171814
2493681018,0.19951577,0.55501443,0.24546982
2494279944,0.10045685,0.6216762,0.27786696
2494876971,0.21954015,0.53474325,0.24571657
2494964792,0.053887963,0.7986332,0.14747883
2495010206,0.42734104,0.32412854,0.24853037
2495023974,0.27730072,0.3112632,0.41143608
2495580780,0.66364926,0.1596202,0.17673045
2495610333,0.27338237,0.4098265,0.3167912
2496208941,0.37277597,0.34695572,0.28026822
2496852501,0.31163642,0.379841,0.30852255
2496941193,0.52328783,0.22557217,0.25113997
2497070280,0.3390653,0.31136978,0.34956488
2497460494,0.23541489,0.4945139,0.2700712
2497468695,0.22985844,0.5215761,0.2485655
2497751063,0.30738583,0.49829367,0.19432053
2497767958,0.21820255,0.5411146,0.24068287
2498126191,0.2606813,0.50065595,0.2386627
2498233657,0.38606822,0.3398182,0.27411348
2498453035,0.39640197,0.23134683,0.37225124
2498761687,0.36054203,0.31573355,0.32372442
2499919306,0.37715718,0.30628917,0.31655362
2500384015,0.47714224,0.27571177,0.2471459
2500718548,0.17469531,0.5962389,0.22906579
2501102898,0.31928948,0.36949334,0.3112172
2502126281,0.12761398,0.33105332,0.5413327
2502696673,0.41597986,0.3016585,0.28236163
2502999916,0.07956429,0.7594349,0.16100092
2504083793,0.3277827,0.3968623,0.275355
2504392365,0.21315335,0.32931492,0.45753172
2504436321,0.22122903,0.5773876,0.20138338
2504561965,0.34301028,0.40550572,0.251484
2504871027,0.3385071,0.3583619,0.30313104
2505481397,0.5455293,0.14230925,0.31216148
2505871181,0.29911146,0.22893032,0.47195822
2506122550,0.31089953,0.4172742,0.27182624
2506574965,0.43898332,0.22573301,0.33528364
2506916593,0.16102172,0.2500186,0.5889597
2507580210,0.2413316,0.29703638,0.46163207
2507673643,0.61577547,0.12834916,0.25587535
2508372196,0.36475995,0.33597243,0.29926762
2508537719,0.41225603,0.28038523,0.30735868
2509369154,0.38077652,0.3053573,0.31386608
2510292036,0.3847884,0.31616497,0.29904664
2510553282,0.27142045,0.46176955,0.26680994
2511092656,0.23452854,0.46845195,0.29701957
2511311346,0.032127287,0.6977731,0.27009964
2511439517,0.12595244,0.68912953,0.18491808
2511532572,0.34090945,0.35185942,0.30723116
2511641171,0.327286,0.32293183,0.3497821
2512132305,0.19966495,0.04789318,0.7524419
2512417438,0.3150326,0.28183627,0.40313116
2512472692,0.33839363,0.19179198,0.46981433
2512615931,0.185999,0.63502043,0.17898053
2512657202,0.31196254,0.44145086,0.2465866
2512830155,0.16162579,0.29834712,0.5400271
2512914559,0.318489,0.20815313,0.47335795
2513069424,0.37509397,0.3525677,0.2723383
2513236214,0.23158842,0.28942588,0.47898582
2514118807,0.35814047,0.35558522,0.2862744
2514363484,0.44855812,0.1800686,0.37137333
2514504678,0.21106322,0.5108911,0.2780456
2514638751,0.3332055,0.35764396,0.30915055
2514794811,0.392969,0.35020107,0.2568299
2515091963,0.43057796,0.24946712,0.31995487
2515341591,0.38972417,0.37399498,0.23628089
2515544167,0.58561176,0.1880994,0.22628883
2515669796,0.5569436,0.0820725,0.36098397
2517272002,0.4547421,0.26406997,0.28118792
2517366980,0.47495976,0.28581747,0.23922272
2517451398,0.29929712,0.41137907,0.2893238
2517612196,0.2440898,0.48722106,0.26868922
2517627810,0.27627292,0.11944054,0.60428655
2518464884,0.26114237,0.39215517,0.3467024
2518697961,0.06500005,0.6528014,0.28219858
2518809253,0.22875802,0.43443516,0.3368068
2519288905,0.36159208,0.35665035,0.28175765
2520074729,0.24739097,0.38412696,0.36848217
2520326886,0.37523443,0.33895102,0.2858146
2521021826,0.1302628,0.6045235,0.26521376
2521725093,0.23676154,0.47293678,0.29030165
2523112917,0.34916905,0.31587544,0.3349555
2523477586,0.38663238,0.3096957,0.30367196
2523524195,0.3757421,0.3545311,0.2697268
2523592578,0.34140489,0.3528729,0.30572218
2523611816,0.36112002,0.26942036,0.3694596
2524217705,0.48842764,0.19485141,0.31672108
2524408048,0.3287786,0.30531234,0.36590907
2524454714,0.26574844,0.4126536,0.32159796
2524882044,0.45405605,0.24058558,0.30535835
2524934324,0.16453478,0.5137553,0.3217099
2524956962,0.41338095,0.08639258,0.5002265
2525486711,0.22326188,0.5080809,0.2686572
2525501102,0.3254354,0.41167134,0.26289326
2526077724,0.50139636,0.20667107,0.29193258
2526203863,0.38095117,0.30491966,0.31412917
2526849270,0.39933568,0.28062803,0.3200363
2527331808,0.2660121,0.40957233,0.32441553
2527603336,0.3986978,0.2709725,0.33032966
2527797831,0.31940857,0.35266107,0.3279303
2527880106,0.14408654,0.36069196,0.4952215
2528235943,0.4461932,0.1691604,0.38464645
2528806748,0.31782305,0.2508294,0.4313475
2529065148,0.23297958,0.4198325,0.34718794
2529217095,0.7927258,0.054249518,0.15302484
2529390630,0.21143205,0.53211117,0.25645682
2529705424,0.4687178,0.22116281,0.31011936
2530239452,0.35158843,0.30264696,0.34576458
2530267480,0.56940067,0.23209968,0.19849968
2530571652,0.18214926,0.40696955,0.4108812
2530686271,0.17759188,0.6140251,0.208383
2531056885,0.3057918,0.43910906,0.2550991
2531201386,0.28562495,0.27841857,0.43595654
2531238679,0.17371307,0.36080742,0.46547946
2531917315,0.338719,0.3617307,0.29955035
2532083520,0.35903648,0.34312725,0.29783627
2532226348,0.17979005,0.6032455,0.21696445
2532600282,0.26202157,0.518289,0.2196894
2532887023,0.4808307,0.287469,0.23170035
2533349449,0.17958914,0.35538357,0.4650273
2533379659,0.24330105,0.29348525,0.46321368
2533398421,0.5644102,0.20536457,0.23022528
2533606834,0.29960257,0.36373278,0.33666465
2533671634,0.3437417,0.31292915,0.34332913
2534562341,0.15408826,0.63648987,0.20942192
2534759797,0.2788435,0.42111447,0.300042
2534780681,0.2428675,0.46495914,0.29217336
2535359913,0.39988735,0.15280072,0.44731206
2536090702,0.41324788,0.17364004,0.4131121
2536163506,0.2585273,0.42439798,0.31707475
2536552812,0.3948223,0.29189175,0.313286
2537627621,0.37270594,0.26980168,0.3574924
2537964234,0.3942086,0.27253985,0.33325157
2538206956,0.3162001,0.4019457,0.28185427
2539024396,0.51896805,0.22841184,0.2526201
2539745227,0.5974668,0.21659635,0.18593673
2539966737,0.28467423,0.4159443,0.29938158
2540336691,0.3398864,0.40335134,0.25676224
2540588007,0.4272884,0.23172042,0.3409912
2541894458,0.37603113,0.33873504,0.28523386
2542379515,0.37116838,0.2585021,0.37032953
2542474454,0.26571035,0.26571035,0.46857932
2543876793,0.23812315,0.5088247,0.25305212
2544636024,0.27872786,0.33529106,0.385981
2544755588,0.26354983,0.47148752,0.2649627
2544872838,0.42488205,0.24886528,0.32625273
2545385705,0.63235635,0.1750664,0.19257727
2545610661,0.39779752,0.31321076,0.28899178
2546874277,0.36436343,0.2737159,0.3619206
2547778419,0.5538689,0.2077604,0.23837063
2548083658,0.43492645,0.29431087,0.27076268
2548581543,0.1925686,0.40646514,0.40096632
2549046710,0.21328978,0.22587582,0.56083447
2549369550,0.37403622,0.28634635,0.3396174
2549582305,0.49118915,0.27212307,0.2366878
2549735995,0.3991555,0.2952104,0.3056342
2550229052,0.40179667,0.2888742,0.30932918
2550472559,0.43166164,0.29770938,0.270629
2551001579,0.1311766,0.16215491,0.7066685
2551240501,0.29213548,0.37999874,0.32786572
2552928229,0.4462209,0.304529,0.24925005
2553257540,0.5549557,0.13878581,0.30625847
2553719036,0.48212227,0.25105447,0.2668233
2553802827,0.14165191,0.67892456,0.1794235
2554061210,0.38195243,0.3390172,0.27903035
2554400146,0.24014685,0.3264118,0.4334413
2554874025,0.30771035,0.3334233,0.35886645
2555325947,0.56880677,0.18020436,0.2509889
2555636348,0.43701252,0.27131596,0.29167148
2555775197,0.31267682,0.35202837,0.3352949
2556072908,0.26928166,0.46753374,0.26318467
2556436239,0.4130501,0.15890732,0.42804262
2556450717,0.47481018,0.22782412,0.2973657
2556565231,0.2352575,0.51347405,0.25126845
2556642620,0.6241954,0.16787528,0.20792936
2556920032,0.49061725,0.29658777,0.21279494
2557301104,0.38759112,0.11582248,0.49658638
2557338624,0.35839045,0.3600552,0.28155446
2557740500,0.2933994,0.26781213,0.4387884
2557974138,0.25221074,0.16837269,0.57941663
2558121315,0.42507127,0.27416125,0.30076745
2558423442,0.36883202,0.24951509,0.38165292
2559108447,0.1684116,0.58804876,0.24353963
2559400590,0.47022,0.25573516,0.27404487
2561087050,0.40682763,0.325277,0.26789537
2561133650,0.16387951,0.40466195,0.4314585
2561552090,0.24880926,0.48292443,0.26826635
2561818642,0.20314169,0.5301889,0.2666694
2562036017,0.15448359,0.3219181,0.5235983
2562574375,0.5260131,0.17540999,0.29857698
2563012885,0.3126866,0.2822125,0.40510094
2563987132,0.27537864,0.33225733,0.39236408
2564019412,0.43484908,0.22399896,0.34115198
2564086996,0.42528048,0.35998067,0.21473885
2564119629,0.41313994,0.30214062,0.28471944
2564273742,0.50942916,0.21917665,0.2713942
2564856045,0.114710115,0.65320015,0.23208973
2565884287,0.36110598,0.16965465,0.4692394
2565968934,0.39634845,0.34319857,0.26045296
2566230853,0.3299289,0.32759535,0.34247574
2566379970,0.385906,0.2860143,0.32807964
2566433277,0.51653653,0.20524608,0.2782174
2566647668,0.4491823,0.2700774,0.28074032
2566707734,0.40549183,0.29985553,0.29465264
2566761654,0.20858043,0.5772306,0.21418902
2567123158,0.3376159,0.36871293,0.29367113
2567235842,0.47671616,0.27016854,0.25311527
2567935459,0.74543786,0.050906513,0.20365566
2568043737,0.19861862,0.5502757,0.2511057
2568184198,0.29813978,0.38452566,0.31733447
2568778935,0.14814717,0.4609051,0.3909477
2568983817,0.16358384,0.5656469,0.27076927
2569323393,0.37814653,0.30481362,0.31703976
2569668506,0.3410847,0.33484313,0.32407224
2569934360,0.34370533,0.34939146,0.30690312
2570348395,0.015401296,0.8683499,0.11624882
2570521324,0.2345785,0.28799808,0.47742337
2570827944,0.24834947,0.4720624,0.2795881
2570989261,0.24730787,0.5276203,0.22507173
2571010448,0.24654594,0.5008122,0.25264183
2571039743,0.3399562,0.3496279,0.31041592
2571054258,0.36930448,0.37616888,0.2545267
2571215086,0.4591619,0.26852524,0.27231285
2571257997,0.38261956,0.31238666,0.30499384
2571507315,0.26548812,0.42960754,0.3049043
2571758532,0.19549206,0.5703933,0.23411463
2572028806,0.3214874,0.3131966,0.36531588
2572094248,0.3383196,0.33107412,0.33060637
2572771455,0.28641626,0.38705912,0.3265246
2573077211,0.20522207,0.520952,0.27382597
2573674096,0.12240279,0.68083274,0.1967645
2573951046,0.35051224,0.28501487,0.3644729
2574093650,0.27144113,0.44771144,0.28084746
2574535356,0.20283462,0.5464162,0.25074917
2574801605,0.33587897,0.46393776,0.20018323
2575293652,0.2870185,0.37692904,0.33605257
2575568547,0.1642346,0.5252115,0.31055385
2576615080,0.6360168,0.01938963,0.34459358
2576720866,0.40953276,0.26000488,0.3304623
2576834936,0.32427615,0.30567527,0.3700485
2578017480,0.41524568,0.33159155,0.25316265
2578050231,0.36677146,0.35941422,0.27381426
2578973768,0.55190456,0.20661147,0.241484
2579928047,0.30912015,0.35725036,0.33362955
2580582213,0.31138974,0.36626747,0.3223428
2580602883,0.4705124,0.22772612,0.30176154
2580761437,0.36501172,0.33133143,0.30365694
2580971983,0.16299258,0.22490866,0.61209875
2581593185,0.4544203,0.20985766,0.33572206
2582290857,0.26111704,0.42381698,0.315066
2582594509,0.25472468,0.48718345,0.2580919
2582798362,0.36624992,0.33815232,0.2955978
2582837528,0.4122728,0.26332566,0.3244015
2582999789,0.54885507,0.17605938,0.27508557
2583045447,0.383993,0.34764576,0.26836127
2583285536,0.39378488,0.2804122,0.32580286
2583487988,0.2882505,0.4401452,0.27160424
2583808297,0.24378368,0.44567823,0.3105381
2584542106,0.55478823,0.24337995,0.2018318
2584719288,0.1579096,0.4228516,0.41923887
2584761902,0.1800104,0.5452932,0.27469647
2584862376,0.40679428,0.2879575,0.3052482
2585054606,0.48702696,0.2482663,0.2647067
2585429922,0.42626143,0.28679416,0.2869444
2585648510,0.58640337,0.20197508,0.21162157
2585805226,0.41055378,0.27004075,0.31940553
2586355212,0.15764639,0.43314,0.40921357
2587808407,0.33816314,0.18269923,0.47913766
2588305194,0.37317988,0.31937253,0.30744755
2588502745,0.3076846,0.08706846,0.6052469
2589015863,0.3256855,0.30942598,0.36488843
2589323167,0.45052972,0.29280588,0.25666443
2589811980,0.7496148,0.09658832,0.15379691
2590087594,0.32136565,0.42344618,0.25518814
2590974056,0.29947153,0.27067843,0.42984995
2591193336,0.5731065,0.18450706,0.24238643
2591403764,0.30551827,0.44914666,0.2453351
2591644924,0.20506309,0.5209437,0.2739932
2592121848,0.20794308,0.57145214,0.22060476
2592734188,0.17736033,0.1668952,0.6557445
2593086553,0.24388918,0.5245819,0.2315289
2593094754,0.3981601,0.1820077,0.41983214
2593753482,0.3949263,0.3673392,0.23773453
2593852974,0.2293067,0.5284619,0.24223138
2594134551,0.3445342,0.206231,0.44923478
2594222710,0.5848591,0.16477875,0.25036216
2594706143,0.31169474,0.23703478,0.45127055
2594726433,0.35220218,0.3310045,0.31679323
2595153086,0.29438397,0.45907757,0.24653849
2595319192,0.32326508,0.397743,0.27899194
2595503808,0.051650945,0.8136201,0.13472894
2595853721,0.33790493,0.31694406,0.345151
2595972295,0.36739373,0.3113934,0.32121283
2596061350,0.40931687,0.2621061,0.32857713
2596347042,0.3633327,0.32319546,0.31347188
2597189802,0.39100647,0.30329758,0.30569592
2597764849,0.6159446,0.14058028,0.24347508
2597881937,0.3341397,0.38676387,0.27909636
2597934654,0.34111944,0.38771072,0.27116984
2598110821,0.46846235,0.22604053,0.30549714
2598230187,0.40128294,0.34228498,0.25643203
2598279392,0.37991184,0.30019015,0.319898
2599346419,0.16517219,0.6566109,0.17821692
2599352368,0.15723898,0.61372584,0.2290352
2599992608,0.41112962,0.37392387,0.21494646
2600864658,0.23675117,0.24326792,0.5199808
2601638768,0.22286323,0.14042531,0.63671154
2601845218,0.2960787,0.29796708,0.40595424
2602039914,0.394558,0.23307014,0.37237182
2602066044,0.48640275,0.16072612,0.3528711
2602429483,0.23196165,0.48673326,0.28130507
2602431378,0.3529729,0.35727647,0.28975064
2602704975,0.31602418,0.39952606,0.2844498
2603433194,0.21633102,0.5680533,0.2156157
2603803629,0.20684789,0.30531704,0.48783508
2604429089,0.59649336,0.18468621,0.21882047
2605911828,0.2513356,0.25205958,0.4966049
2606303827,0.19488215,0.49756372,0.30755416
2606728078,0.29218686,0.41762906,0.2901841
2606888198,0.07332103,0.13599879,0.7906802
2607055986,0.20199192,0.5449211,0.25308698
2607873188,0.26174018,0.30246517,0.43579462
2607888141,0.46492046,0.28606072,0.24901874
2608141997,0.21867631,0.33530927,0.44601455
2608352781,0.3127659,0.3026825,0.38455167
2608415841,0.23046832,0.34148535,0.42804635
2608535673,0.22128151,0.45438007,0.32433844
2608609958,0.090366036,0.56945544,0.34017855
2608648188,0.35917294,0.33700818,0.30381894
2608995777,0.7619101,0.08546035,0.15262952
2609001297,0.36402613,0.31715545,0.3188184
2609048349,0.38841814,0.26313105,0.34845078
2609416849,0.3445469,0.3245774,0.3308757
2609874119,0.34792814,0.27797082,0.37410098
2610700572,0.27854022,0.395956,0.32550383
2611068508,0.39741832,0.26840523,0.33417648
2611895081,0.23886195,0.32718614,0.4339519
2612150223,0.24553424,0.40707025,0.34739554
2612756380,0.2701227,0.3759704,0.35390693
2612979481,0.36466524,0.33939123,0.2959435
2613208513,0.26121938,0.26367605,0.47510457
2613891102,0.3127944,0.41975203,0.2674536
2614337905,0.27378827,0.32482865,0.40138307
2615973671,0.66827476,0.13964805,0.19207714
2616199518,0.37148365,0.36773205,0.2607844
2616886634,0.3127597,0.3420339,0.34520635
2617090861,0.5490261,0.24094243,0.21003151
2617253124,0.24759427,0.48893628,0.26346946
2617756200,0.20542331,0.20542331,0.5891533
2617798404,0.3510188,0.04451833,0.6044628
2617818504,0.5612623,0.18278633,0.2559514
2617895974,0.6331907,0.15654048,0.21026884
2618024144,0.26321572,0.41757512,0.3192091
2618119711,0.5025759,0.2650369,0.23238729
2619458467,0.28439432,0.30222395,0.41338176
2619481326,0.4126364,0.32221663,0.26514706
2619962365,0.44692215,0.2609448,0.29213306
2620977004,0.1988032,0.46178252,0.33941424
2621572296,0.44212198,0.17362958,0.3842484
2621828002,0.33397096,0.41032264,0.25570643
2621836487,0.30902526,0.3206925,0.3702822
2621893458,0.26054066,0.4831677,0.25629172
2622217029,0.30652323,0.28100145,0.41247535
2622282220,0.22267315,0.30480745,0.47251943
2622740530,0.4993106,0.22676513,0.27392432
2622857528,0.24977024,0.46134233,0.28888738
2622921180,0.31741306,0.36472377,0.31786326
2623248017,0.24484731,0.47889867,0.276254
2623612810,0.38626006,0.37979004,0.2339499
2623950929,0.43126634,0.34648496,0.22224866
2624830842,0.3697076,0.33223435,0.29805797
2624936581,0.27915248,0.44435304,0.27649447
2627779921,0.48036152,0.22278777,0.29685074
2628003473,0.513705,0.20401198,0.282283
2628613398,0.31392765,0.37854984,0.3075225
2628967643,0.59847367,0.17967646,0.2218499
2629341501,0.19259828,0.58661157,0.22079012
2629428022,0.43861803,0.2515155,0.30986652
2629681970,0.34877515,0.34915972,0.30206507
2629696096,0.18546088,0.5333583,0.28118086
2629723689,0.38760537,0.334636,0.27775863
2630820815,0.4377031,0.281788,0.28050888
2630970152,0.29151627,0.40833178,0.30015197
2631883040,0.64876604,0.117660835,0.23357312
2632064731,0.3063293,0.27875823,0.41491243
2632072416,0.43403146,0.2868904,0.27907822
2633440745,0.33863318,0.29372248,0.36764434
2633746211,0.33542964,0.16995531,0.49461514
2633901613,0.11526411,0.19598234,0.68875355
2634392700,0.41790178,0.19446404,0.38763416
2634440461,0.38921952,0.3142176,0.29656285
2634799403,0.3396273,0.3244628,0.33590984
2634977401,0.22601911,0.1665527,0.6074282
2635027724,0.13188125,0.21163863,0.6564802
2635309103,0.29100162,0.33534136,0.37365705
2635379509,0.24243996,0.23110539,0.52645457
2635496029,0.41213593,0.28666848,0.30119556
2635635384,0.32595816,0.37291253,0.30112928
2635875000,0.32014483,0.36466032,0.31519482
2636068965,0.37241194,0.28855664,0.33903152
2636395090,0.448709,0.24004927,0.31124175
2638033757,0.56657046,0.23524362,0.1981859
2638432372,0.62777424,0.17269197,0.1995338
2638685387,0.3153846,0.36258164,0.3220337
2638726111,0.29710367,0.39102802,0.31186828
2639354745,0.49392194,0.2009898,0.30508828
2639867292,0.2008256,0.5948551,0.20431931
2640243361,0.31364182,0.27784166,0.40851656
2640389885,0.56590664,0.17468713,0.25940624
2640755610,0.30287263,0.42808163,0.2690457
2641624401,0.34758314,0.3382669,0.31414995
2642011920,0.3364922,0.27979714,0.38371068
2642158926,0.28677508,0.2718066,0.4414184
2642571972,0.47026688,0.31156796,0.21816511
2642677217,0.39876476,0.29817334,0.30306193
2642986580,0.36857867,0.27505097,0.3563704
2643113459,0.53364813,0.19232337,0.2740285
2643276500,0.5550236,0.18718965,0.25778675
2644243063,0.41025257,0.3002366,0.2895108
2644764592,0.6003042,0.1757399,0.22395594
2644861445,0.57163656,0.19934377,0.22901969
2644963929,0.14782192,0.6585465,0.19363157
2645197780,0.23796493,0.345517,0.4165181
2646632718,0.088523,0.7458613,0.16561571
2646826750,0.38099983,0.22482798,0.39417216
2646896377,0.18485694,0.51988953,0.29525352
2647100346,0.21429624,0.5226646,0.26303917
2647450560,0.27965096,0.34430408,0.37604496
2647987455,0.3407285,0.38915876,0.27011275
2648576746,0.29627025,0.3500699,0.35365978
2648901215,0.62526053,0.14349434,0.23124518
2649330271,0.35221225,0.38294592,0.26484182
2650349351,0.3177923,0.2891761,0.39303163
2650897506,0.42554122,0.25284725,0.32161155
2650952821,0.2569311,0.49352425,0.24954468
2651103187,0.41228703,0.295472,0.29224092
2651203910,0.37263492,0.31769782,0.30966717
2651257164,0.33034548,0.2573527,0.4123018
2651647015,0.5288475,0.23183769,0.23931485
2652104271,0.5092951,0.24159957,0.24910526
2652710124,0.20355019,0.48326975,0.3131801
2652799790,0.32223937,0.43122533,0.24653535
2652908037,0.2389016,0.28057465,0.4805238
2653226885,0.17846711,0.32852095,0.49301204
2653414665,0.32623842,0.46335384,0.21040773
2653607257,0.2763586,0.1279013,0.5957401
2654501657,0.4407113,0.27336556,0.28592312
2654904133,0.17960124,0.4210027,0.39939606
2655077283,0.4674205,0.18756074,0.34501877
2655827681,0.4331276,0.3242434,0.242629
2656210749,0.37363946,0.4325074,0.19385317
2657053037,0.0554613,0.8236617,0.12087703
2657584956,0.28168932,0.39924887,0.3190618
2657678836,0.36489075,0.30636498,0.32874432
2658983741,0.3588736,0.2896735,0.35145292
2659504036,0.45766625,0.26956576,0.272768
2661107082,0.42607912,0.31396145,0.25995946
2661393260,0.361859,0.3154308,0.32271025
2661480980,0.2950034,0.3959053,0.30909136
2662129718,0.22112858,0.21109186,0.56777954
2662252662,0.4750483,0.2712106,0.253741
2662265300,0.3354087,0.28340647,0.38118485
2662488090,0.31975368,0.35971212,0.3205342
2662847150,0.26302907,0.5005233,0.2364476
2663572265,0.3509552,0.3404459,0.3085989
2664162178,0.25309297,0.3589202,0.38798687
2664750251,0.28010714,0.22471975,0.49517316
2664910327,0.22120157,0.5303477,0.24845082
2665450916,0.28680244,0.45143837,0.26175922
2665472656,0.37552682,0.33089066,0.29358247
2666069335,0.2971579,0.3234213,0.37942085
2666134370,0.5836692,0.22341128,0.19291958
2666339653,0.63543755,0.19963978,0.16492264
2666390099,0.40389827,0.34094504,0.25515684
2666686179,0.37430435,0.28796855,0.33772707
2666778854,0.4240448,0.30453107,0.2714242
2667508985,0.3683471,0.28213218,0.34952077
2668358741,0.91218865,0.022485318,0.06532594
2668484946,0.197479,0.3483261,0.45419487
2668650461,0.5810168,0.12616388,0.29281932
2668877030,0.28546894,0.3834653,0.33106574
2669445059,0.30030578,0.3475565,0.3521377
2669930085,0.31339595,0.35180542,0.3347986
2669962988,0.19010675,0.56407714,0.24581611
2670766855,0.157042,0.32579902,0.5171589
2670893679,0.4107744,0.22859965,0.360626
2671496667,0.33565927,0.32225743,0.34208325
2671595889,0.54796857,0.08843065,0.36360076
2672342011,0.19942792,0.19942792,0.60114413
2672368276,0.5705749,0.1986803,0.23074482
2672615984,0.24872394,0.37641636,0.37485972
2672885410,0.20954108,0.3581204,0.4323385
2673866549,0.39092508,0.13934818,0.4697267
2674392516,0.30884358,0.3666345,0.32452196
2674807619,0.4183284,0.2942399,0.28743166
2674816424,0.34030077,0.4033935,0.25630584
2675049769,0.3137915,0.33031338,0.35589513
2675379826,0.44004637,0.20444459,0.355509
2675480778,0.14699884,0.6424392,0.21056202
2676134237,0.18481511,0.59205705,0.22312783
2676167923,0.523221,0.21170913,0.2650699
2676334503,0.45262757,0.02465448,0.5227179
2677011922,0.3685052,0.3621615,0.26933333
2677844288,0.3779136,0.3144158,0.30767053
2677909284,0.68463093,0.09308677,0.2222823
2678216391,0.39327466,0.2782525,0.3284728
2678500577,0.087924935,0.47629344,0.4357816
2678612407,0.08312218,0.7607995,0.15607828
2678725365,0.28254357,0.452941,0.26451537
2679962858,0.39425862,0.42717272,0.17856869
2680472424,0.2837006,0.36773425,0.34856513
2680948461,0.27256268,0.33987182,0.38756546
2681441511,0.18925305,0.13939625,0.6713507
2682330164,0.3035744,0.4569371,0.23948848
2682844079,0.23000288,0.45327654,0.31672058
2683340662,0.5662291,0.18913104,0.24463983
2683926022,0.027051657,0.8545445,0.11840381
2683936592,0.47714806,0.18808258,0.33476934
2684724272,0.598123,0.21326411,0.18861277
2684867316,0.500594,0.2009626,0.29844338
2685180242,0.5527067,0.21618655,0.23110667
2686114681,0.27484867,0.38668972,0.33846158
2686128981,0.29104304,0.38283423,0.32612273
2686642955,0.31631047,0.34770912,0.3359804
2686759658,0.2023779,0.44919258,0.34842956
2687304956,0.45986247,0.38592583,0.15421177
2687333181,0.19186002,0.13775827,0.67038167
2687359433,0.048377838,0.39297757,0.55864465
2687574757,0.27309313,0.13287883,0.59402806
2688330130,0.21040858,0.47814128,0.31145015
2690914878,0.54025286,0.20966788,0.2500793
2690922537,0.17218669,0.59476835,0.23304503
2690995749,0.43549272,0.25747544,0.3070318
2692669486,0.5388372,0.19537108,0.26579168
2692848299,0.4013335,0.21439157,0.38427496
2693376890,0.18121734,0.46376872,0.35501394
2693552564,0.30496806,0.3503015,0.34473038
2693693916,0.4871573,0.2690283,0.24381435
2694213371,0.32014745,0.38860092,0.29125166
2694437500,0.24238995,0.23411052,0.52349955
2694477619,0.17662555,0.57738656,0.24598795
2695478636,0.30209336,0.3138456,0.38406104
2696789568,0.21978632,0.548268,0.23194571
2697942771,0.33496836,0.40184385,0.26318786
2699761810,0.3907689,0.3360564,0.27317473
2700017812,0.31674317,0.41131836,0.27193844
2700135547,0.22617711,0.21206754,0.5617554
2700975081,0.52279764,0.23077121,0.24643116
2701246063,0.342928,0.33487004,0.32220188
2701654752,0.37967002,0.34928054,0.27104947
2702185230,0.05736511,0.7835258,0.15910909
2702234935,0.06671948,0.77087235,0.16240811
2702504080,0.26271394,0.4173859,0.31990016
2703530876,0.12994541,0.5638068,0.30624777
2703781385,0.41230893,0.2892342,0.29845688
2703877418,0.28653714,0.37077084,0.34269205
2704737495,0.36881685,0.1756217,0.4555614
2704846034,0.2480801,0.26923198,0.48268798
2705198884,0.468375,0.26590422,0.26572084
2705328844,0.648395,0.120797426,0.23080765
2705741579,0.24198751,0.62827957,0.12973289
2705821389,0.24633536,0.48773798,0.26592666
2706292703,0.3731999,0.3372069,0.2895932
2706321160,0.24422148,0.44380924,0.31196925
2706400748,0.21810125,0.33219352,0.4497052
2707073425,0.14797121,0.3110205,0.54100823
2707254833,0.3649952,0.32014713,0.31485772
2707664180,0.52668947,0.20312664,0.27018392
2707849630,0.25893208,0.3326937,0.40837425
2707980323,0.47277808,0.33882636,0.18839562
2708013421,0.27479258,0.29451314,0.43069422
2708933044,0.6821117,0.14804116,0.16984712
2709069268,0.6037549,0.07699066,0.31925446
2710155416,0.28412497,0.36444798,0.35142705
2710482080,0.44659594,0.2928368,0.26056734
2710613300,0.6290233,0.15110305,0.21987365
2711066616,0.35683033,0.38642386,0.25674585
2711216727,0.3879205,0.31398147,0.29809803
2711282766,0.4459396,0.25240135,0.30165902
2712182566,0.48986474,0.18964346,0.32049182
2712744950,0.6717729,0.11708847,0.2111386
2713575292,0.37027818,0.18021335,0.44950843
2713680330,0.2172359,0.46281648,0.3199477
2713827048,0.24084081,0.40438458,0.35477462
2714022550,0.13251872,0.30915418,0.558327
2714127952,0.3832999,0.26461604,0.35208404
2714642802,0.25558192,0.40701222,0.33740592
2714742796,0.29149303,0.38638157,0.32212546
2714790055,0.36167756,0.36468464,0.27363777
2715228831,0.3674085,0.3266213,0.30597028
2715420547,0.27655086,0.45745286,0.26599625
2716058961,0.29264316,0.30134818,0.4060086
2716162331,0.33666134,0.38428375,0.2790549
2716725342,0.052597772,0.65546346,0.29193878
2716744120,0.22644581,0.20941138,0.5641428
2717626700,0.2671189,0.39682952,0.33605167
2717921085,0.35622427,0.33889097,0.30488476
2718023528,0.48745838,0.23504603,0.27749565
2718162660,0.40927097,0.25630412,0.33442485
2718286919,0.3323399,0.40765983,0.26000026
2718289975,0.6263351,0.16960566,0.20405932
2718637009,0.22819316,0.45473638,0.3170705
2719420096,0.3144179,0.22685301,0.458729
2719435582,0.23254584,0.25106144,0.51639277
2719726957,0.4564591,0.26350108,0.28003985
2720130337,0.20370023,0.5346568,0.2616429
2720379139,0.06951569,0.7697584,0.16072589
2720504046,0.29880273,0.4095047,0.29169253
2721158228,0.107184604,0.73111176,0.16170363
2721207957,0.19960752,0.5487254,0.25166708
2721522965,0.12446939,0.13020356,0.74532706
2721733356,0.472089,0.26887807,0.25903293
2722812133,0.25702575,0.47192937,0.2710448
2723062279,0.5462371,0.15973584,0.294027
2723697820,0.36344177,0.26977852,0.36677974
2723714271,0.29797786,0.38511333,0.31690878
2723890219,0.53574485,0.23947112,0.224784
2724090607,0.27033934,0.41829184,0.31136882
2724572869,0.5936938,0.12159841,0.28470778
2724775035,0.6062453,0.16186951,0.2318852
2725493801,0.20984314,0.5118771,0.27827978
2725573137,0.38614738,0.28914222,0.32471043
2725709667,0.040142376,0.88586324,0.07399441
2725796544,0.45923388,0.296301,0.24446505
2726252555,0.28176084,0.15502822,0.56321096
2727166939,0.28481907,0.4689613,0.2462196
2727956232,0.51265466,0.22631118,0.26103422
2728068647,0.33592936,0.36505008,0.29902056
2728647949,0.3438938,0.34269872,0.3134075
2728862762,0.3496732,0.41660583,0.23372091
2728881717,0.48253644,0.31622195,0.20124164
2728909100,0.5160447,0.24306056,0.24089481
2728931315,0.50248283,0.23747253,0.26004466
2729209698,0.24791576,0.44969088,0.30239335
2730084196,0.48547345,0.22311826,0.29140824
2730393018,0.1603091,0.4338673,0.40582362
2730588217,0.32122362,0.35983095,0.3189454
2731356564,0.34609258,0.39384866,0.2600588
2731602574,0.176608,0.60432994,0.21906206
2731865870,0.35477194,0.3746491,0.270579
2731992446,0.21307507,0.21840796,0.56851697
2732058171,0.25928107,0.4378545,0.30286446
2732379633,0.24674065,0.5219376,0.23132178
2733107849,0.6121255,0.14983699,0.23803748
2734329574,0.29323685,0.36220127,0.34456187
2734598424,0.49533957,0.28195313,0.22270727
2734641236,0.28423533,0.37735322,0.33841145
2734925182,0.38752684,0.3535171,0.25895602
2735414637,0.19620831,0.58931947,0.21447222
2736188469,0.14761172,0.599519,0.2528692
2736885169,0.3170766,0.38773075,0.29519278
2736894157,0.21246944,0.30313292,0.48439765
2736921080,0.73137367,0.04468613,0.22394025
2737232807,0.2377745,0.5062732,0.25595224
2737635645,0.28037745,0.43185273,0.28776988
2739780223,0.31740063,0.3466998,0.3358995
2739955735,0.41033483,0.2510123,0.3386529
2740659120,0.17537549,0.57136756,0.2532569
2740957851,0.59101564,0.18599106,0.22299331
2741103551,0.2907035,0.35065854,0.35863808
2741215371,0.25513646,0.26626465,0.47859886
2741241990,0.18766892,0.4493471,0.36298394
2741728095,0.16486867,0.17628515,0.65884626
2741866300,0.33598772,0.35154894,0.31246343
2742924145,0.3436841,0.33032367,0.3259922
2743593824,0.35103163,0.27218422,0.37678412
2743974999,0.24433015,0.46896273,0.2867072
2744250595,0.28515562,0.422183,0.29266143
2745390556,0.31959516,0.36403546,0.31636938
2745462603,0.35633025,0.33101776,0.31265196
2745527641,0.3823351,0.281594,0.33607087
2745951671,0.23175003,0.45159465,0.31665534
2746534792,0.59529996,0.16958205,0.23511806
2746667690,0.21269503,0.1367272,0.6505778
2746824011,0.06538713,0.690595,0.24401791
2747563094,0.42797717,0.1713081,0.4007147
2748368162,0.1586301,0.6126946,0.2286753
2749182844,0.24939546,0.42277673,0.32782787
2749420160,0.3193568,0.40648898,0.27415422
2749825048,0.27253497,0.46432316,0.26314187
2749839990,0.35553136,0.082270876,0.5621977
2749929225,0.46143198,0.2637634,0.27480462
2750813415,0.5102469,0.20200104,0.2877521
2751123149,0.6123882,0.18670231,0.20090945
2751315653,0.3858887,0.24015182,0.37395948
2751348587,0.45432308,0.28573745,0.25993946
2751416705,0.49631098,0.25515684,0.24853218
2751635032,0.35637036,0.31909037,0.32453918
2752207920,0.50059307,0.20305794,0.29634905
2753346926,0.3080366,0.31286618,0.37909722
2753526163,0.41026714,0.32532874,0.26440415
2753534867,0.30150253,0.2583647,0.44013283
2753714405,0.287542,0.4520481,0.26040995
2753725083,0.36554968,0.29291302,0.3415374
2753768528,0.44065216,0.30123448,0.25811332
2754005966,0.636925,0.06773802,0.29533693
2754931297,0.3144405,0.35755014,0.32800943
2755112385,0.30838922,0.3050896,0.38652113
2755247207,0.16919863,0.4520235,0.37877786
2755304273,0.96289927,0.005783754,0.031317007
2755377523,0.6109485,0.14406349,0.24498802
2756597162,0.25164378,0.45909858,0.2892577
2756673974,0.29611146,0.38062787,0.32326066
2756716266,0.44539002,0.27313176,0.28147823
2756784802,0.5299283,0.14132538,0.3287463
2757124837,0.21249415,0.39809343,0.38941246
2757190820,0.4340203,0.24164793,0.3243318
2757435768,0.70180935,0.15782416,0.14036651
2757600754,0.113596976,0.122111075,0.76429194
2758529185,0.84443784,0.04957293,0.10598932
2758696734,0.17747031,0.6852166,0.13731307
2759793150,0.2514842,0.45058158,0.29793423
2759870317,0.4459732,0.20291726,0.35110962
2759926673,0.6353542,0.15160602,0.2130397
2760219462,0.28489158,0.296858,0.4182504
2760529844,0.29566893,0.3097445,0.3945866
2760992138,0.25243345,0.30502743,0.44253916
2761300684,0.52634674,0.19758482,0.27606842
2762173547,0.16727605,0.34437877,0.48834515
2762401645,0.19206509,0.568792,0.23914294
2763028169,0.33732313,0.23409829,0.42857862
2763636528,0.23841184,0.50406843,0.25751978
2764021959,0.27917963,0.4247058,0.29611453
2764263485,0.25660196,0.504583,0.2388151
2764278004,0.27219284,0.43168795,0.29611924
2764504636,0.30775785,0.35722175,0.33502042
2764612994,0.56655186,0.19102815,0.24241996
2765103228,0.40456033,0.33520764,0.26023203
2766168632,0.43499276,0.30365166,0.26135567
2766339586,0.52860016,0.24697766,0.2244222
2766968692,0.37876737,0.32261834,0.2986143
2767042503,0.2091752,0.6052357,0.18558903
2767264540,0.3072515,0.40396404,0.28878444
2769088569,0.1375318,0.3457738,0.5166943
2770813912,0.37274644,0.33392063,0.2933329
2770814325,0.6111267,0.16495325,0.22392008
2771180417,0.319492,0.26735422,0.41315383
2771259701,0.11137432,0.6849277,0.20369796
2771373282,0.08546127,0.10081326,0.81372553
2771381309,0.24601552,0.38944992,0.36453456
2771449166,0.30406222,0.19641714,0.49952063
2771615169,0.36079347,0.30506277,0.33414376
2771890367,0.32037246,0.2831539,0.39647365
2772153318,0.6855869,0.2251197,0.089293316
2772581618,0.62769526,0.18831792,0.18398686
2773132203,0.13497207,0.58701116,0.2780168
2773154274,0.3011657,0.41511342,0.28372088
2773420012,0.14280853,0.6016885,0.2555029
2773628404,0.4700796,0.19147845,0.33844197
2774241860,0.23260514,0.46650058,0.30089432
2775679427,0.31559274,0.40644255,0.2779647
2776109837,0.30424255,0.42819983,0.2675576
2776778299,0.2852289,0.14119233,0.5735787
2776945684,0.6635308,0.14501545,0.19145378
2777207840,0.71608895,0.08446681,0.19944419
2777317098,0.26252294,0.37721717,0.36025983
2778002131,0.22868578,0.23671313,0.5346011
2778253253,0.8365537,0.056952707,0.10649366
2778646456,0.17070137,0.52236056,0.30693808
2778713977,0.33431092,0.38045987,0.2852292
2778959003,0.4120182,0.28304005,0.30494177
2779130886,0.6327726,0.16307423,0.20415324
2779393190,0.4491417,0.27559736,0.27526087
2779508183,0.63926077,0.14642772,0.21431157
2780068290,0.552755,0.20180854,0.2454364
2780326017,0.35457957,0.3350709,0.31034955
2781200254,0.38391307,0.12456864,0.4915183
2781311376,0.354893,0.3576668,0.28744024
2781821215,0.054208208,0.7155136,0.23027824
2783192710,0.3853904,0.35037556,0.26423404
2784000806,0.3177855,0.39654335,0.28567114
2784333446,0.3318722,0.3553119,0.31281593
2784465461,0.32470527,0.38421634,0.29107842
2785630003,0.4909119,0.2568573,0.25223076
2785952577,0.18562655,0.27654058,0.5378329
2786303931,0.40230578,0.33651912,0.26117513
2786693365,0.15251741,0.59753406,0.24994852
2786800215,0.45862234,0.28226325,0.2591144
2787635297,0.88265073,0.031273507,0.086075634
2787646127,0.2138032,0.47468364,0.31151316
2787790533,0.30795214,0.2794351,0.41261277
2788172325,0.6176385,0.0727378,0.30962363
2788847259,0.648704,0.1441748,0.20712125
2789396693,0.3332014,0.37471437,0.2920842
2789978964,0.3238049,0.21153818,0.46465692
2790242798,0.24432701,0.4822265,0.2734466
2790435881,0.30982324,0.18586844,0.50430834
2790755472,0.27321133,0.34422347,0.38256523
2790853470,0.2211391,0.5164289,0.26243213
2791387744,0.4883056,0.18119216,0.33050227
2791416222,0.3819763,0.29233488,0.32568884
2792024976,0.86335,0.031109085,0.10554102
2792078474,0.26102373,0.42499915,0.31397715
2792555497,0.28896958,0.28377983,0.4272506
2793211603,0.40584588,0.2763434,0.31781065
2793242896,0.35742012,0.29852533,0.34405452
2794708942,0.35065183,0.24366412,0.40568405
2795126419,0.26850924,0.4362247,0.29526606
2795320378,0.12197531,0.684433,0.19359177
2795688029,0.53981173,0.200936,0.2592523
2796926471,0.28598613,0.43168578,0.2823281
2797073575,0.73285794,0.11616224,0.15097986
2797223203,0.32876754,0.32908982,0.3421427
2798293291,0.48029503,0.055212278,0.46449268
2799078195,0.21144181,0.5039289,0.28462923
2799199657,0.34011063,0.33377308,0.32611626
2799544266,0.18022974,0.49111432,0.32865602
2800239334,0.5783061,0.15370817,0.2679857
2800330269,0.33690313,0.35186842,0.31122845
2800634345,0.079443656,0.7240423,0.19651406
2802998739,0.12389643,0.53630596,0.33979753
2803032973,0.4356411,0.27509746,0.2892615
2803059866,0.37436038,0.22144231,0.4041973
2803170535,0.3662233,0.284177,0.34959963
2803234785,0.44547334,0.26851246,0.28601414
2803435874,0.26617974,0.20782065,0.52599955
2804243435,0.39714694,0.30880198,0.29405096
2804396007,0.23342219,0.35415906,0.4124187
2804535775,0.2788019,0.4060614,0.31513667
2804778603,0.18528119,0.57594264,0.23877618
2805079799,0.35706604,0.31490868,0.32802522
2805094259,0.49012834,0.22449161,0.28538007
2805385670,0.24412476,0.41790095,0.33797434
2805403363,0.38396195,0.33515134,0.28088668
2805575230,0.27922693,0.40987998,0.31089303
2805619957,0.3807858,0.3254852,0.29372904
2805679734,0.23553035,0.46902004,0.29544964
2805777351,0.37719765,0.3719073,0.25089505
2806144810,0.3255753,0.28857836,0.38584638
2806161176,0.12949766,0.6396245,0.23087789
2807405489,0.36859146,0.31231216,0.3190964
2807635913,0.24938458,0.5100902,0.24052534
2807688160,0.31770808,0.41682371,0.26546827
2808883199,0.8697706,0.046790496,0.083438955
2808927023,0.2016746,0.57481223,0.22351316
2809039997,0.29416093,0.43761793,0.26822114
2809350427,0.55871403,0.15514961,0.28613636
2809467975,0.3674404,0.31911498,0.31344464
2809770127,0.22376397,0.45156616,0.32466993
2809813883,0.0035645692,0.91906506,0.07737043
2809840561,0.27105424,0.43708748,0.29185823
2809861578,0.33450466,0.2830112,0.38248417
2810385599,0.5428702,0.1362625,0.32086733
2811743750,0.18700777,0.5554199,0.25757232
2811758924,0.01488801,0.8850014,0.10011052
2812145239,0.2557887,0.36240092,0.38181043
2812146448,0.49639165,0.2405748,0.26303348
2812774151,0.18658166,0.5986002,0.21481812
2813058116,0.37649307,0.23569785,0.38780907
2813925833,0.33168203,0.42592227,0.24239568
2814396157,0.30781135,0.41451678,0.27767193
2814468842,0.3099732,0.37301868,0.31700805
2814752190,0.34832317,0.3054148,0.346262
2814892168,0.212388,0.45691854,0.33069345
2815103786,0.43407243,0.34979713,0.21613038
2815876878,0.3573702,0.3068228,0.335807
2816463400,0.23189202,0.48217365,0.2859344
2816483935,0.43950978,0.26068762,0.29980263
2816509802,0.55840963,0.16761872,0.27397165
2816633360,0.26331377,0.3222638,0.41442242
2817050671,0.40929928,0.31955025,0.2711504
2817290321,0.23929998,0.41479638,0.34590358
2817432065,0.3058161,0.4198264,0.2743575
2817620105,0.39365405,0.27716973,0.3291762
2817652318,0.5257171,0.2293102,0.24497272
2817880590,0.27592564,0.32150885,0.4025655
2817903895,0.39968598,0.3311515,0.2691626
2818295728,0.6786497,0.15621994,0.16513033
2818664369,0.30754566,0.21200436,0.48045
2818833637,0.17156781,0.34332588,0.48510635
2819066147,0.23428954,0.5561848,0.20952564
2820082238,0.38608357,0.28709185,0.32682458
2820392319,0.5157808,0.16894135,0.31527784
2820671762,0.26482168,0.25080642,0.4843719
2821310563,0.3548315,0.28154218,0.36362633
2821382044,0.21911332,0.52280796,0.2580787
2822721417,0.43143147,0.28887233,0.27969614
2822863556,0.34459135,0.28708553,0.36832306
2823067067,0.4280392,0.27916655,0.29279426
2823428184,0.3575023,0.2148658,0.42763194
2823553577,0.10102088,0.7388088,0.16017027
2823558795,0.38061368,0.32859877,0.2907876
2824049260,0.40752852,0.3566508,0.2358207
2824394469,0.3078087,0.10405606,0.5881353
2824404254,0.023907943,0.15397644,0.8221157
2824768312,0.39476573,0.33498508,0.27024925
2825340484,0.20924537,0.4658068,0.32494774
2825490815,0.29521972,0.42728868,0.2774915
2825655607,0.3329252,0.2780267,0.38904807
2825955695,0.6378544,0.08106616,0.2810794
2826004812,0.22530523,0.22820011,0.54649466
2826079559,0.36646554,0.4358197,0.19771476
2826142569,0.43767983,0.294534,0.26778618
2827150900,0.12796402,0.27935153,0.59268445
2827398860,0.32069284,0.31255174,0.36675543
2827587516,0.35987112,0.2898427,0.35028616
2827775402,0.025413534,0.87620324,0.098383285
2827878326,0.4438489,0.19043942,0.36571172
2828369376,0.33463585,0.2970515,0.3683127
2828751327,0.24463817,0.50356084,0.25180098
2829164316,0.386524,0.36935538,0.24412069
2829701372,0.24895611,0.24276409,0.50827974
2831290183,0.5049664,0.26063782,0.23439582
2831395128,0.44436952,0.121815465,0.43381506
2832186289,0.34509858,0.3216683,0.33323312
2832858443,0.2455989,0.46928853,0.28511256
2833387397,0.35000852,0.330765,0.31922647
2833765683,0.24286279,0.551114,0.20602317
2834061002,0.61026824,0.17532593,0.21440585
2834064621,0.19510758,0.5639176,0.24097484
2834754050,0.33138126,0.24256368,0.42605507
2834793060,0.33049503,0.3163291,0.35317588
2834794782,0.3361574,0.39441484,0.2694278
2835640764,0.47985062,0.23575568,0.28439364
2836095321,0.2213558,0.4187464,0.3598978
2836371217,0.26879415,0.40198916,0.3292167
2836577732,0.43673953,0.3075496,0.25571087
2837840934,0.32207352,0.3375247,0.3404018
2838231383,0.28143418,0.3495976,0.36896822
2838460255,0.3856476,0.29031432,0.3240381
2839278622,0.40455422,0.261004,0.3344418
2839840273,0.39903513,0.298273,0.3026918
2840080051,0.5817703,0.18691333,0.23131631
2841324356,0.204789,0.204789,0.59042203
2842017661,0.41168407,0.29877827,0.28953767
2842136305,0.21554282,0.5011118,0.2833454
2842154104,0.65168744,0.15613349,0.19217901
2842441506,0.43885416,0.1472704,0.41387552
2842657578,0.17945749,0.17062688,0.64991564
2842691985,0.12255134,0.68416333,0.19328538
2843583011,0.30911064,0.36374673,0.3271426
2843631700,0.35145572,0.38753513,0.26100916
2843784232,0.18332353,0.55093074,0.26574573
2844626206,0.28967252,0.38779342,0.32253408
2846246533,0.20050326,0.54229087,0.25720587
2846914287,0.36420086,0.35808304,0.2777161
2847064284,0.29182485,0.29182485,0.4163503
2847381835,0.37170675,0.20741324,0.42088008
2847730349,0.27003887,0.42568046,0.30428064
2848213239,0.35086,0.1980348,0.4511052
2848416370,0.50474304,0.21592858,0.27932835
2848783119,0.2761405,0.4594231,0.26443636
2849005549,0.1977778,0.57217073,0.2300515
2850438319,0.259768,0.34549642,0.39473557
2851103942,0.50583565,0.21505107,0.27911323
2851894235,0.30860355,0.43774775,0.25364864
2851985500,0.35943475,0.37965983,0.26090547
2852115275,0.38886812,0.29104698,0.3200849
2852722193,0.37710822,0.26311526,0.3597766
2852733359,0.21112329,0.58617073,0.20270601
2853353246,0.3083899,0.38392407,0.307686
2854290863,0.5139772,0.24211279,0.24390996
2854362530,0.40243292,0.31274936,0.28481773
2855242136,0.4018264,0.29223034,0.30594325
2855370238,0.2276106,0.25668484,0.5157045
2856863316,0.47863737,0.18586698,0.33549562
2857409042,0.40038276,0.30568317,0.2939341
2858234291,0.46753234,0.24602067,0.28644702
2858386456,0.2723137,0.4439934,0.28369293
2858718275,0.24347107,0.5145008,0.24202824
2859359425,0.25457418,0.50530463,0.24012123
2859524252,0.42448825,0.29500028,0.2805115
2859623587,0.2811574,0.34031773,0.37852493
2859651764,0.41955826,0.3562047,0.22423704
2859962860,0.2142738,0.4343044,0.35142177
2861218922,0.40313947,0.31632006,0.2805405
2861328535,0.22095215,0.13416241,0.6448855
2861379309,0.02594074,0.48780715,0.48625207
2862292070,0.31865555,0.375413,0.30593145
2862525906,0.5237471,0.24414344,0.23210955
2862551520,0.25537112,0.4624045,0.28222442
2864065334,0.5292163,0.1856726,0.28511116
2865339945,0.42220557,0.14044352,0.43735093
2865724375,0.40953264,0.2896788,0.30078858
2866073172,0.30660108,0.35653135,0.33686757
2866211930,0.2043834,0.42864254,0.36697406
2866250187,0.4255273,0.29062927,0.2838434
2866305078,0.52072245,0.2629286,0.21634905
2868528031,0.4654254,0.24818948,0.28638512
2868951493,0.18443751,0.5342334,0.28132915
2869494117,0.33062768,0.40936777,0.26000455
2869838446,0.3104863,0.23079889,0.45871484
2870393259,0.3077118,0.23764187,0.45464635
2870413416,0.36288732,0.27988222,0.35723048
2870616858,0.37195244,0.34634686,0.2817007
2870631181,0.38715968,0.3735436,0.2392967
2870693566,0.2542024,0.42847106,0.31732655
2871042933,0.53092307,0.23281206,0.23626484
2871363581,0.34432957,0.33666223,0.31900814
2871375313,0.36557963,0.182779,0.45164126
2871847175,0.2592383,0.33949572,0.40126598
2871887394,0.3655005,0.2892363,0.3452632
2872094130,0.7700977,0.09107179,0.13883062
2872159432,0.30689955,0.41298187,0.28011858
2872360446,0.50760925,0.28542927,0.20696145
2872610676,0.21253742,0.3946899,0.3927727
2872853308,0.3446448,0.34497917,0.3103761
2874532534,0.2161039,0.52154034,0.26235574
2874696715,0.3668412,0.30488572,0.3282731
2875101326,0.25379395,0.3947991,0.3514069
2875779732,0.19434647,0.52811056,0.27754295
2876549151,0.3493563,0.36043477,0.29020885
2876601925,0.6922747,0.13030921,0.17741607
2876888697,0.35068104,0.35137957,0.29793945
2877027748,0.313532,0.3749476,0.31152037
2877694709,0.7365103,0.10141956,0.1620702
2878563788,0.37903136,0.31531364,0.30565497
2879188531,0.3059896,0.093408935,0.60060143
2880489315,0.4526672,0.26995215,0.27738068
2880726120,0.4374484,0.2800828,0.28246877
2880844070,0.58521646,0.11628536,0.29849818
2881108296,0.32452872,0.41781417,0.2576571
2881538229,0.3251606,0.37802008,0.29681936
2882249696,0.30247512,0.45256847,0.24495639
2882369097,0.20435385,0.5294594,0.26618677
2882804645,0.20614022,0.20614022,0.5877195
2883848090,0.5719401,0.20376603,0.22429377
2884190408,0.15357955,0.63666725,0.20975319
2884683490,0.44601294,0.24981672,0.30417025
2884907082,0.3157187,0.4287812,0.2555001
2885594417,0.42060396,0.24742217,0.33197385
2885801828,0.3196291,0.37330064,0.30707034
2886021248,0.17283872,0.2277851,0.59937626
2886381771,0.469285,0.27078786,0.25992718
2887762530,0.27245072,0.4701913,0.25735795
2887838027,0.23858492,0.5748154,0.18659973
2888187358,0.37340298,0.34210485,0.28449214
2888282747,0.34877512,0.35773233,0.29349262
2888592332,0.23212092,0.572675,0.19520411
2889569546,0.45595303,0.23789021,0.30615672
2890079351,0.48529273,0.27876344,0.23594384
2890094824,0.34283698,0.25402805,0.40313488
2890163462,0.31509307,0.3535935,0.3313133
2890494674,0.34376872,0.38506502,0.27116627
2891377218,0.4712043,0.21483558,0.31396022
2891642659,0.17125165,0.15932338,0.66942495
2892283778,0.3209575,0.3787772,0.30026525
2892498124,0.2667881,0.28142273,0.45178923
2893618881,0.32104543,0.3750526,0.303902
2894074712,0.23507242,0.50437385,0.26055375
2894133650,0.61194575,0.17681113,0.21124317
2894220969,0.27063063,0.41141596,0.3179534
2894812106,0.31414375,0.31414375,0.3717125
2894855686,0.20841318,0.50102794,0.29055887
2895783239,0.47118697,0.2367663,0.29204676
2896267586,0.6323458,0.13381286,0.23384136
2897016304,0.40312585,0.24767259,0.34920153
2897860859,0.26535302,0.3816975,0.3529495
2898028521,0.33498025,0.39742798,0.26759177
2898127291,0.14474867,0.28891322,0.56633806
2898498916,0.4081425,0.32807434,0.26378313
2898667822,0.47554353,0.25922334,0.26523316
2898754250,0.25857946,0.42535168,0.3160688
2898979678,0.57733446,0.13486823,0.28779724
2899799867,0.28628814,0.41699907,0.29671273
2900295010,0.32258898,0.37315428,0.3042567
2901113179,0.21801604,0.17446668,0.6075173
2901559074,0.2903479,0.44967812,0.259974
2901774444,0.19154137,0.27641916,0.53203946
2902343638,0.2930691,0.4309026,0.2760283
2902520468,0.28268427,0.39502904,0.32228673
2902770888,0.12903762,0.51697886,0.35398355
2903408427,0.23724084,0.5372739,0.22548537
2903534900,0.23820373,0.52206075,0.23973554
2904015990,0.198118,0.24812628,0.55375564
2904105681,0.35168862,0.28401694,0.3642945
2904138986,0.32420444,0.36653924,0.3092563
2904931604,0.030278618,0.022356058,0.9473653
2904940035,0.13725697,0.68155307,0.18118997
2905024860,0.44630554,0.29202315,0.26167133
2905360923,0.5811153,0.22419997,0.19468474
2905377249,0.66737753,0.16321582,0.16940661
2905462605,0.1352282,0.6957526,0.16901918
2905988126,0.39987364,0.25648397,0.3436425
2906494588,0.13277987,0.6644734,0.20274672
2906604755,0.20480731,0.20480731,0.59038544
2908305514,0.46544152,0.22103333,0.31352517
2908888488,0.49872893,0.26086062,0.24041043
2908933313,0.4297703,0.31349486,0.2567348
2909153744,0.20554668,0.5845109,0.20994234
2909474515,0.105981536,0.3176769,0.5763416
2910723263,0.14017488,0.46983612,0.38998905
2911123037,0.7630738,0.090728216,0.14619797
2911621969,0.3923026,0.3459555,0.26174182
2911877073,0.26026553,0.34717682,0.39255765
2912009485,0.19642934,0.6232398,0.18033087
2912015016,0.39658868,0.18800396,0.41540736
2912784922,0.40865743,0.2617185,0.32962403
2912884861,0.40120193,0.15490593,0.44389215
2913006932,0.30106425,0.24617681,0.45275897
2913540976,0.2711167,0.4713137,0.25756964
2913654161,0.22993477,0.4774997,0.29256555
2914099937,0.4089057,0.304577,0.28651732
2914204499,0.12249054,0.4328704,0.4446391
2915225023,0.25684598,0.28660938,0.45654467
2915562490,0.4091138,0.28303328,0.30785298
2916245186,0.27831826,0.3924733,0.32920843
2916763720,0.3064349,0.41003078,0.2835343
2916923980,0.2832049,0.44421327,0.27258188
2917566896,0.5531359,0.23004134,0.21682277
2917794714,0.16359249,0.4299175,0.40649003
2918187920,0.18939094,0.5211238,0.28948525
2918309889,0.41923675,0.20874707,0.3720162
2918970126,0.3452047,0.3864315,0.26836374
2919184321,0.4237248,0.2502145,0.32606068
2920712981,0.65878123,0.13994114,0.20127761
2920869359,0.3908653,0.28128073,0.32785392
2921731625,0.17264639,0.6536269,0.17372674
2921943125,0.57211655,0.18025173,0.24763171
2921990726,0.39175886,0.3287479,0.27949324
2922109087,0.23483302,0.45365384,0.31151313
2922633363,0.28930625,0.42498362,0.28571013
2922704676,0.26247022,0.47576252,0.2617673
2922777772,0.15937874,0.5276994,0.31292185
2924260562,0.26034325,0.4273096,0.3123472
2924334777,0.20313506,0.5730576,0.22380735
2924417779,0.22385089,0.4083908,0.36775836
2924893592,0.54887664,0.21260975,0.23851363
2925088295,0.37003353,0.21310104,0.41686538
2925091139,0.16945854,0.5556569,0.27488458
2925436873,0.27538604,0.2433164,0.48129758
2925714657,0.23986886,0.41856647,0.34156474
2925833047,0.3518978,0.37124553,0.2768567
2925848424,0.6704536,0.019823376,0.309723
2925917851,0.3921434,0.34402293,0.2638337
2926019716,0.2909496,0.40038013,0.3086703
2926801714,0.14485206,0.32635248,0.5287955
2926937595,0.38298795,0.37336344,0.2436487
2926958393,0.1770731,0.60448843,0.21843852
2927644719,0.29321402,0.38576862,0.32101738
2928981411,0.28834328,0.20778859,0.50386816
2929123195,0.4210463,0.27070677,0.30824688
2929491265,0.18117598,0.54847914,0.27034482
2929837567,0.25705555,0.47825027,0.2646942
2930512189,0.15159094,0.42002454,0.42838445
2931423018,0.6443943,0.16373283,0.19187291
2931496266,0.3143183,0.29004076,0.39564103
2933175188,0.3478469,0.27143562,0.38071755
2933538002,0.39498043,0.24668299,0.3583366
2933745274,0.3311568,0.35825443,0.31058884
2934358428,0.25681323,0.2755994,0.46758735
2934804039,0.16889128,0.5205688,0.31053996
2935653962,0.26877308,0.48978508,0.24144186
2936297509,0.33173776,0.38439345,0.2838688
2936555363,0.24899246,0.42858627,0.32242128
2936783161,0.52483195,0.19638757,0.2787805
2936831378,0.27112895,0.44993013,0.2789409
2936858232,0.20149007,0.5944654,0.20404461
2936907583,0.17901032,0.5078609,0.3131287
2936930476,0.27818254,0.3620352,0.3597823
2937318351,0.3264235,0.39050156,0.28307495
2937445913,0.2599195,0.46482453,0.27525592
2937799219,0.50704867,0.2481278,0.24482356
2938052543,0.33310235,0.40059945,0.26629817
2939269082,0.2873117,0.44229534,0.27039298
2939388327,0.4049805,0.3249711,0.27004847
2939450035,0.28617996,0.31597573,0.39784434
2939457083,0.20265548,0.41945633,0.37788823
2939462402,0.32004043,0.32775804,0.35220155
2939519902,0.35605535,0.2831951,0.36074966
2939582159,0.30624458,0.18208034,0.51167506
2939701736,0.2481923,0.37152752,0.38028014
2939763561,0.33802095,0.35441247,0.30756655
2940007914,0.42618677,0.32475555,0.24905764
2940056819,0.13177335,0.54368186,0.32454488
2940279021,0.45045766,0.23623674,0.31330556
2940420251,0.2683899,0.36936074,0.36224934
2940851760,0.22029781,0.52804995,0.25165218
2941101281,0.32006264,0.35896444,0.32097298
2941250115,0.3492087,0.3252024,0.32558885
2941296319,0.4579269,0.2329045,0.3091686
2941426946,0.41394895,0.24429995,0.3417511
2941429181,0.38739496,0.3624251,0.25018
2941686384,0.22177349,0.51899445,0.25923213
2942019181,0.30951586,0.153166,0.5373182
2942089011,0.16239163,0.56229055,0.2753178
2942355202,0.44650987,0.26893964,0.28455055
2942701228,0.29200074,0.44666728,0.26133198
2943139478,0.064325705,0.27011645,0.66555786
2943896698,0.37251163,0.30911645,0.31837192
2945001916,0.36390305,0.28042263,0.35567442
2945331702,0.38183174,0.23789388,0.3802743
2945763328,0.68417716,0.1183564,0.19746648
2946125549,0.3086599,0.3802359,0.31110412
2946646616,0.31666407,0.3843377,0.29899827
2946766120,0.06746451,0.67608786,0.25644758
2947549128,0.3193193,0.43393865,0.24674204
2947803007,0.29410413,0.14820834,0.5576875
2948228493,0.3801612,0.3370045,0.2828343
2948468163,0.5640593,0.19288114,0.24305956
2948955956,0.23937151,0.21688093,0.5437476
2949364649,0.36491,0.36646843,0.2686217
2949467866,0.26518455,0.42310292,0.3117125
2950173317,0.34838444,0.38491353,0.26670197
2950723246,0.4529373,0.27263495,0.2744278
2950741121,0.44181678,0.24023996,0.31794325
2951128766,0.26642776,0.18561222,0.54796
2951592512,0.38605714,0.2846943,0.32924855
2951709096,0.8357881,0.06028555,0.103926435
2951829189,0.25489157,0.3068313,0.4382772
2952032084,0.54964644,0.21514434,0.23520927
2952394971,0.20375536,0.627766,0.16847864
2952477813,0.2757825,0.48908216,0.2351353
2952492182,0.5745811,0.21015978,0.21525918
2952897270,0.13599198,0.6056482,0.2583598
2953628172,0.22348689,0.2956499,0.4808633
2953785634,0.31681162,0.33979237,0.34339598
2953946256,0.40156853,0.29867765,0.29975384
2954064081,0.3325772,0.24767302,0.4197498
2954306426,0.12572199,0.12572199,0.748556
2954364895,0.18336126,0.39738113,0.4192576
2955763989,0.588666,0.18776533,0.22356866
2958820056,0.008742112,0.9167246,0.07453323
2959341412,0.16525847,0.44657657,0.38816503
2960866929,0.34840274,0.23618324,0.415414
2961402376,0.25784153,0.42771828,0.31444025
2961512398,0.38588324,0.3592508,0.25486597
2962028821,0.28799722,0.47358087,0.23842192
2962106615,0.91641754,0.050177366,0.03340509
2962673754,0.34463704,0.24485987,0.41050306
2962835750,0.36199605,0.38720885,0.25079507
2963194190,0.24280688,0.4560059,0.30118728
2963430035,0.677903,0.085458785,0.2366382
2963625502,0.23860261,0.4566524,0.30474493
2963876834,0.31043574,0.3710346,0.31852964
2963951776,0.15724091,0.39767307,0.44508603
2964416493,0.30788946,0.34273618,0.34937435
2964960933,0.26019436,0.4253317,0.31447393
2966207841,0.5554538,0.19266707,0.25187922
2967883707,0.49408934,0.2949709,0.21093981
2968393875,0.11698685,0.40694565,0.47606754
2968403084,0.30247113,0.40581256,0.2917164
2968792081,0.14889725,0.62448704,0.22661564
2968838327,0.29971075,0.45151335,0.24877588
2969388291,0.32995215,0.33142725,0.33862057
2969547578,0.26217178,0.44292176,0.29490653
2969650158,0.33705428,0.24950054,0.41344517
2969960669,0.2928374,0.43166462,0.27549788
2970746192,0.33658457,0.24231276,0.42110267
2970807200,0.29257154,0.4002689,0.30715954
2970861380,0.30975342,0.38920572,0.30104092
2971085788,0.54619247,0.19828008,0.25552747
2971406735,0.38402835,0.30711874,0.30885288
2972402684,0.25135112,0.46956804,0.27908093
2972781156,0.34545648,0.3629465,0.2915971
2972783772,0.2786611,0.39566833,0.3256706
2972945353,0.42080465,0.26438883,0.3148066
2973345333,0.348012,0.32826653,0.32372144
2973693197,0.47202578,0.2487929,0.2791813
2973836195,0.2623556,0.47211912,0.26552528
2974059007,0.44355235,0.2782678,0.27817985
2974064631,0.17269455,0.2313312,0.5959743
2974358037,0.18688674,0.50637805,0.30673525
2974388099,0.40030697,0.2875493,0.3121437
2974560835,0.49406266,0.2699496,0.23598781
2974583708,0.3236661,0.2029636,0.47337028
2974661002,0.3189348,0.44659814,0.23446706
2974770254,0.5078306,0.25046375,0.24170563
2975228955,0.14397916,0.3649132,0.49110758
2976977441,0.42802355,0.16755511,0.40442136
2977426181,0.37146768,0.28801963,0.3405127
2978577876,0.4336189,0.15700513,0.40937597
2978808448,0.26562956,0.4239762,0.31039426
2979130087,0.4444549,0.2270036,0.32854155
2979499817,0.55270755,0.24102575,0.20626667
2979854448,0.15908106,0.36306727,0.47785157
2979964428,0.25749278,0.4347145,0.30779275
2980452396,0.3181791,0.37566063,0.3061603
2980508547,0.4210918,0.32516384,0.25374433
2980643862,0.46199906,0.2230362,0.3149647
2980726796,0.17932926,0.32996303,0.49070767
2980993870,0.42900354,0.28205767,0.2889388
2982049823,0.23492207,0.5008739,0.26420406
2982121620,0.3797333,0.35835856,0.26190814
2982126224,0.46975976,0.19532433,0.3349159
2982937676,0.31414947,0.39478904,0.2910615
2983074876,0.2235163,0.5344585,0.24202517
2983076417,0.097715355,0.71990204,0.18238263
2983474940,0.3090207,0.39326295,0.2977164
2983704495,0.39352274,0.34443966,0.26203766
2984325781,0.16760553,0.57985854,0.2525359
2984502857,0.49268502,0.24383153,0.26348343
2985141475,0.38083932,0.33919847,0.2799622
2985205569,0.32492647,0.43308458,0.24198899
2985779709,0.33181158,0.11646454,0.5517239
2985965233,0.43906218,0.29474738,0.26619047
2985978683,0.45350724,0.3012152,0.24527751
2986026561,0.1702425,0.593701,0.23605657
2986059033,0.17944545,0.34962597,0.47092852
2986360546,0.4792356,0.23344545,0.28731903
2986558050,0.7552181,0.06963212,0.17514972
2987564556,0.37538433,0.33297673,0.291639
2987849252,0.14449182,0.55666006,0.29884806
2988821944,0.2842965,0.23917796,0.47652552
2988900727,0.35910127,0.31577882,0.3251199
2988918851,0.48296425,0.21260342,0.30443233
2989448739,0.5621848,0.20659219,0.2312229
2990154073,0.30663398,0.3862766,0.3070894
2990272224,0.5572891,0.18607771,0.25663307
2990306620,0.44031003,0.2822619,0.27742803
2990785786,0.21986762,0.5472249,0.23290749
2990848240,0.24242188,0.4602408,0.2973373
2991366599,0.33605424,0.3548315,0.30911425
2992143926,0.25842714,0.44302103,0.29855183
2992737410,0.33568758,0.17296301,0.4913494
2993465606,0.33824545,0.2727806,0.38897398
2993629400,0.37756953,0.33733317,0.28509733
2993686823,0.4892494,0.26035735,0.25039336
2993841982,0.124325246,0.68946576,0.18620901
2994032790,0.33424622,0.16544513,0.50030863
2994133796,0.35213643,0.37212577,0.27573782
2994570959,0.3743521,0.32100245,0.30464548
2994824401,0.25562024,0.3910057,0.3533741
2994832745,0.3577635,0.38155383,0.26068267
2995564529,0.20399557,0.31497294,0.48103148
2996257587,0.3425236,0.31181613,0.3456602
2996687371,0.3398728,0.33011532,0.33001187
2997002337,0.31443542,0.43736136,0.2482032
2997785061,0.34463346,0.34411722,0.31124932
2998730144,0.3485895,0.3732717,0.27813873
2999091578,0.38508904,0.31109673,0.30381426
2999099378,0.59945565,0.17532316,0.22522123
2999228297,0.20299529,0.26051995,0.5364847
2999270358,0.37028924,0.39720684,0.2325039
2999294809,0.22597975,0.5632438,0.21077648
2999433879,0.18889603,0.18889603,0.622208
2999496681,0.4154019,0.18512744,0.39947063
2999646223,0.3464153,0.32367226,0.32991245
3001372484,0.25979078,0.49755332,0.24265587
3001632276,0.23637654,0.19757877,0.5660446
3003291429,0.17256857,0.5589232,0.26850823
3003704683,0.42892656,0.31798145,0.253092
3004238712,0.80710256,0.01852723,0.1743702
3004466845,0.17810658,0.5093926,0.31250075
3004713202,0.3204937,0.32076186,0.35874453
3004739653,0.27812314,0.4348332,0.28704372
3004769244,0.1479316,0.65834963,0.19371876
3005495848,0.46231845,0.2474002,0.2902813
3005512817,0.37718233,0.32846308,0.29435453
3005689511,0.3662804,0.36140355,0.2723161
3005982573,0.36688977,0.35467774,0.27843246
3007156924,0.32155052,0.37732506,0.30112442
3007277850,0.28371227,0.28683275,0.42945498
3007316153,0.24389702,0.34159046,0.41451246
3008111640,0.1806578,0.53471154,0.2846307
3008259768,0.42646742,0.3293181,0.2442145
3009244751,0.11979092,0.0754931,0.804716
3009431214,0.27559122,0.38778874,0.33662006
3010631909,0.3830669,0.33273593,0.28419727
3011718015,0.25670528,0.43077105,0.31252363
3011882725,0.23852341,0.5281277,0.23334895
3012201214,0.21338572,0.3442076,0.44240668
3012670085,0.28941327,0.38202846,0.32855824
3012730735,0.25610718,0.46959352,0.27429932
3012738730,0.27720967,0.45595255,0.2668378
3012948378,0.16079547,0.65875334,0.18045123
3013074383,0.29686806,0.19913986,0.5039921
3013495976,0.38909477,0.30705935,0.3038459
3013967628,0.20421696,0.43049124,0.36529174
3014635804,0.58431745,0.18588045,0.22980212
3015616195,0.53395873,0.21925686,0.24678439
3015782275,0.4199341,0.34481376,0.23525213
3016638213,0.32316518,0.35571715,0.32111767
3016899035,0.28168422,0.37408018,0.34423563
3017021928,0.409534,0.28004482,0.31042117
3017405697,0.20248294,0.5496315,0.24788558
3017697505,0.5407594,0.22298817,0.23625244
3018866390,0.25992808,0.4614509,0.278621
3019403328,0.2806774,0.41969484,0.29962775
3019519726,0.20367946,0.123966195,0.6723544
3019787220,0.28959286,0.39731944,0.3130878
3019955026,0.2641113,0.37397403,0.36191472
3020470354,0.35415992,0.36440495,0.2814351
3021209140,0.29855117,0.45421216,0.24723668
3021564132,0.21877745,0.41200864,0.36921385
3021684210,0.16694349,0.54192257,0.29113397
3021767666,0.37204397,0.22855023,0.39940584
3022048415,0.47094265,0.2857167,0.24334064
3022212860,0.27907175,0.28172746,0.43920076
3022615070,0.19170815,0.63591546,0.1723764
3022727678,0.28789893,0.33338907,0.37871203
3023470369,0.39002034,0.24836412,0.36161548
3024269005,0.24628977,0.505083,0.24862728
3024301895,0.20213446,0.48080188,0.31706372
3024371024,0.45596114,0.2698755,0.27416337
3024381761,0.10485275,0.27071297,0.6244343
3024438145,0.42895797,0.22553155,0.3455105
3024863803,0.21756274,0.49416018,0.2882771
3025186974,0.44967103,0.27726346,0.27306548
3025943376,0.28841045,0.3029387,0.40865088
3026213138,0.31949723,0.38201123,0.2984915
3026354303,0.18815927,0.59320176,0.21863897
3027672252,0.08648796,0.72195184,0.19156018
3027880254,0.5059129,0.057768676,0.43631846
3028199149,0.34396002,0.36499196,0.29104805
3028510994,0.282516,0.20763089,0.5098531
3028831304,0.13563631,0.5698688,0.29449487
3029556623,0.3925092,0.24452452,0.36296633
3030042738,0.59461355,0.17008324,0.23530327
3030251450,0.4531525,0.28395048,0.26289704
3031141279,0.21255237,0.41348204,0.3739656
3031475846,0.45824826,0.25787887,0.2838729
3031675568,0.42900407,0.28280634,0.28818956
3031721589,0.22339799,0.51358396,0.26301807
3031926978,0.29783458,0.29783458,0.40433082
3031972318,0.51814216,0.21423876,0.26761907
3032485493,0.4222391,0.28849387,0.28926706
3032710241,0.41012433,0.29151776,0.2983579
3033073587,0.32622945,0.4190736,0.25469685
3034022267,0.33327433,0.37908775,0.28763792
3034050421,0.14100297,0.6687128,0.19028422
3034128351,0.5072018,0.23180228,0.26099592
3034493712,0.49484912,0.25026524,0.25488558
3034773165,0.36166847,0.3640685,0.274263
3034901605,0.44937822,0.32775378,0.22286804
3035770921,0.06699011,0.46819523,0.4648147
3035782789,0.2270136,0.39760053,0.37538585
3036791451,0.17959435,0.029996702,0.7904089
3037010389,0.2788589,0.4522895,0.2688516
3037175729,0.3832837,0.33078158,0.2859347
3037463089,0.21129456,0.52416027,0.26454514
3037656552,0.24432133,0.47302687,0.28265184
3038485396,0.4177526,0.31092128,0.27132618
3038755818,0.28014666,0.4861133,0.23374014
3039022186,0.2385333,0.2385333,0.5229334
3039776585,0.33551168,0.23269945,0.43178886
3039876984,0.6097855,0.14326303,0.24695145
3040154257,0.31109515,0.41138265,0.27752212
3040222643,0.48785233,0.2423706,0.26977715
3040284628,0.16166888,0.5224711,0.3158601
3040400743,0.41038758,0.29189438,0.29771802
3041253351,0.21373232,0.71586597,0.07040171
3041301838,0.43588853,0.21931604,0.34479547
3041426979,0.30161214,0.43572867,0.2626592
3042006924,0.64786,0.1581997,0.19394034
3042177518,0.09702394,0.69610107,0.20687492
3042410554,0.28410447,0.39309612,0.3227995
3042465489,0.5309746,0.22714889,0.2418765
3042705460,0.20522441,0.5494196,0.24535596
3042907823,0.3948116,0.2890958,0.3160926
3042926800,0.26709226,0.46648246,0.26642525
3042968611,0.29153827,0.42186633,0.28659534
3043260840,0.22446062,0.4205632,0.35497627
3043332295,0.20516749,0.36680827,0.4280243
3043981444,0.27748212,0.34022903,0.38228875
3044341921,0.32863432,0.324115,0.3472507
3044473686,0.37836698,0.34679055,0.27484247
3044939714,0.24732311,0.40625018,0.34642676
3045259677,0.30886617,0.39466205,0.2964718
3045282713,0.48660424,0.28356007,0.22983567
3045982362,0.34003228,0.42970663,0.2302611
3046029059,0.28428712,0.42296532,0.2927475
3046334622,0.46257812,0.2796554,0.2577665
3047191182,0.34115344,0.20088938,0.45795718
3047237023,0.073044606,0.4270686,0.49988687
3047793453,0.11589637,0.727936,0.15616761
3048652115,0.8873141,0.014516912,0.09816896
3049254359,0.15252674,0.56743336,0.28003994
3049254528,0.39652795,0.2585447,0.34492728
3049276549,0.29873404,0.4084736,0.29279235
3049296420,0.31863096,0.40607792,0.27529106
3049806251,0.27131635,0.460171,0.26851267
3050019781,0.3341214,0.4296245,0.23625419
3050554828,0.19867091,0.55678165,0.24454744
3050636532,0.4029409,0.2501355,0.34692356
3050923793,0.39616913,0.31760913,0.2862218
3050997460,0.2660969,0.41986158,0.31404153
3051182575,0.3022865,0.48668933,0.21102418
3051564687,0.07341807,0.028161973,0.89841986
3052088691,0.1742366,0.6168275,0.20893592
3052837949,0.21706568,0.4870941,0.2958403
3053077321,0.17779121,0.6025971,0.21961169
3053231371,0.16545603,0.6083042,0.2262398
3053303904,0.3749226,0.32923865,0.2958388
3053426885,0.2519923,0.47521326,0.2727945
3053514563,0.45463574,0.26194665,0.28341758
3054098418,0.52592796,0.23449172,0.23958032
3054164951,0.36656854,0.33401948,0.29941195
3055612351,0.42176366,0.33358324,0.24465314
3055929755,0.46616083,0.27084965,0.26298955
3056027325,0.31631652,0.38697857,0.29670495
3056033715,0.45792985,0.29171577,0.25035438
3056400365,0.035680383,0.85663253,0.1076871
3056472429,0.6278383,0.15263122,0.2195305
3057207253,0.21977526,0.21977526,0.56044954
3057232885,0.81773025,0.037784014,0.14448577
3057288658,0.29225615,0.36633036,0.3414135
3057381848,0.3975654,0.2874636,0.314971
3057404546,0.57687336,0.22803365,0.19509298
3057406791,0.34522212,0.20710628,0.44767168
3057467671,0.14090005,0.1982342,0.6608659
3057525759,0.45331722,0.24162567,0.30505705
3057718805,0.2801815,0.33255303,0.38726556
3057783940,0.4314212,0.27419978,0.29437903
3057829970,0.1420802,0.44063753,0.41728225
3058314878,0.16286318,0.6445056,0.19263121
3058432036,0.48179674,0.23610224,0.282101
3059130038,0.37701473,0.3253168,0.2976685
3059157659,0.5511534,0.14369728,0.3051493
3059485477,0.3440292,0.4203147,0.2356561
3059827613,0.75963676,0.09350253,0.14686078
3059836865,0.12082865,0.24102175,0.6381497
3059838172,0.33876687,0.3618325,0.2994006
3060910009,0.22659099,0.3072382,0.4661707
3061706145,0.3858697,0.31418216,0.29994807
3062172626,0.49655765,0.1362373,0.36720508
3063836130,0.54361624,0.17232823,0.2840555
3065131647,0.2247616,0.49864674,0.27659166
3065223566,0.29051468,0.31988618,0.38959914
3065385172,0.2257845,0.20933747,0.5648779
3065471345,0.38837865,0.26961878,0.34200257
3066131308,0.29997545,0.43841004,0.2616145
3066137082,0.24253389,0.3931879,0.36427817
3066392647,0.24186002,0.4955447,0.2625952
3066400927,0.29960665,0.38315478,0.3172387
3066820553,0.5865629,0.19205448,0.22138266
3068323347,0.2637718,0.33560964,0.40061867
3069015996,0.7292142,0.09490305,0.17588276
3069038008,0.34722763,0.36063743,0.2921349
3069047261,0.3279613,0.32274932,0.34928933
3069132706,0.22607262,0.3689323,0.40499514
3069199607,0.41765174,0.2834021,0.2989462
3069346156,0.1783269,0.60854405,0.2131291
3069429382,0.19871035,0.49906424,0.3022254
3069556025,0.40894008,0.17225899,0.41880092
3069605698,0.53522784,0.20807089,0.25670126
3070141443,0.34437418,0.3289658,0.32665992
3071325689,0.39134887,0.2695229,0.3391283
3071492286,0.655193,0.14682287,0.19798413
3072111739,0.18400986,0.21065094,0.6053392
3072262089,0.07582568,0.65589416,0.26828012
3072780016,0.8324446,0.018807465,0.1487479
3072917778,0.3126342,0.39513776,0.29222804
3073553293,0.14745523,0.20184623,0.65069854
3074102769,0.2826893,0.39172772,0.32558298
3074290132,0.68089557,0.14613329,0.17297122
3075528018,0.46272284,0.28239724,0.25487995
3075981215,0.23227316,0.5226336,0.24509323
3076016350,0.3080153,0.3175912,0.37439358
3076457139,0.21300659,0.51728815,0.2697053
3076506847,0.6738885,0.10844208,0.2176694
3076642707,0.0072517483,0.93436503,0.058383256
3076989601,0.112350374,0.36776993,0.5198797
3077668002,0.88899434,0.015999068,0.0950067
3077801951,0.3596589,0.3210398,0.31930137
3077951288,0.65203094,0.110406935,0.2375621
3078003671,0.62307954,0.18423963,0.19268091
3078427450,0.20199727,0.57190096,0.22610179
3078467509,0.22858088,0.592116,0.17930317
3078501533,0.2789314,0.4077488,0.31331983
3078762842,0.2615571,0.49583727,0.24260567
3079049956,0.2007882,0.52331895,0.27589288
3079269963,0.25659803,0.28416222,0.45923972
3079354016,0.53523076,0.22966072,0.2351086
3079662753,0.42992416,0.1728059,0.39726993
3079886314,0.5852069,0.15016796,0.26462513
3079904429,0.50660396,0.14331098,0.350085
3079979828,0.4028365,0.33065394,0.2665096
3080379058,0.17417198,0.6018717,0.22395629
3080557921,0.43067157,0.26474068,0.3045878
3081025101,0.4127403,0.30519238,0.28206724
3081201866,0.20272683,0.59311336,0.20415981
3081374345,0.34005338,0.3377027,0.32224387
3081419484,0.45726004,0.17476392,0.36797598
3082116103,0.9048552,0.022069393,0.073075406
3082350811,0.3741394,0.3472258,0.27863482
3084008496,0.30803245,0.16100548,0.5309621
3084033288,0.45398414,0.21134035,0.33467546
3084220056,0.29556406,0.41293058,0.2915054
3084944646,0.47129455,0.26631013,0.26239532
3085202157,0.44442865,0.32176363,0.23380774
3085637723,0.16081282,0.6376101,0.20157717
3085653498,0.41786227,0.33928105,0.24285662
3085841476,0.2502872,0.48779532,0.26191738
3085870352,0.38071156,0.3741279,0.24516053
3086558033,0.24729669,0.5148076,0.2378958
3086862647,0.21712238,0.42394665,0.35893095
3087143348,0.3783028,0.3198323,0.30186486
3087222095,0.24989218,0.41459835,0.3355095
3087319746,0.3471,0.3194938,0.33340627
3088163376,0.3067022,0.3100436,0.3832543
3088253543,0.5469345,0.16993606,0.28312942
3088300828,0.22394603,0.43778244,0.3382716
3088459130,0.37213865,0.25208652,0.3757748
3088947202,0.59883285,0.1329492,0.26821798
3088947385,0.39039296,0.31962377,0.2899833
3089214893,0.29160982,0.42325032,0.28513983
3090076144,0.30642954,0.40388465,0.2896859
3090112966,0.41359225,0.12924123,0.45716658
3091015415,0.24089704,0.22223108,0.5368719
3091068934,0.264443,0.10428395,0.63127303
3091314310,0.58140236,0.20086083,0.21773681
3091718630,0.45108497,0.3008461,0.24806894
3092606564,0.022059109,0.9082034,0.06973746
3092901819,0.41961238,0.27260837,0.30777928
3093584317,0.36166096,0.32019204,0.31814706
3093926643,0.025692726,0.23490088,0.73940647
3094002205,0.5838204,0.16443446,0.25174507
3094328503,0.80016744,0.05925903,0.14057352
3095239484,0.18113069,0.33725595,0.48161334
3096214989,0.27481264,0.452334,0.27285337
3096219054,0.23088273,0.35346064,0.4156566
3097064175,0.4754601,0.24594636,0.27859348
3097391026,0.48402727,0.2202604,0.29571244
3097857965,0.42370802,0.29556477,0.28072724
3098410193,0.20889735,0.38805613,0.40304652
3098862311,0.2917168,0.42415154,0.28413165
3099031139,0.32450396,0.38302764,0.29246843
3099174131,0.18259378,0.48428,0.33312628
3099631123,0.2931008,0.42919716,0.27770203
3099689885,0.19952421,0.5396314,0.26084438
3099794645,0.26173583,0.17429984,0.56396437
3099855586,0.35267904,0.3690264,0.2782946
3099966493,0.14932817,0.36231542,0.48835653
3100352663,0.29670742,0.29996252,0.40333012
3100379264,0.59220386,0.17424466,0.23355146
3100684830,0.31382066,0.12116816,0.5650111
3100899104,0.6202116,0.14136109,0.2384274
3101809545,0.24664442,0.53623384,0.2171217
3102676998,0.38397205,0.3107125,0.30531546
3103253909,0.18180946,0.5989192,0.21927132
3103478821,0.1366039,0.68762875,0.17576733
3103818916,0.4463247,0.28374732,0.26992795
3103916330,0.1250971,0.38788188,0.48702103
3105504803,0.22465229,0.28764895,0.48769876
3105866995,0.20890829,0.4075268,0.3835649
3106107126,0.38883623,0.23113401,0.38002983
3106229026,0.3194632,0.29608434,0.38445255
3106313560,0.50159496,0.23498484,0.26342022
3106420063,0.31302878,0.38247898,0.3044923
3106586309,0.51038724,0.25664482,0.23296791
3106678392,0.22324269,0.5905882,0.18616913
3106791978,0.2604384,0.44537365,0.29418793
3107720472,0.36482927,0.34194192,0.29322878
3108513784,0.3304352,0.3303702,0.3391946
3108517699,0.28635788,0.45921373,0.25442836
3109422004,0.32080096,0.38861808,0.2905809
3109509752,0.247781,0.22280066,0.52941835
3109719287,0.066331625,0.64992726,0.2837411
3110144979,0.19735582,0.5391629,0.2634813
3111259906,0.28896973,0.36182517,0.34920508
3111856940,0.16904683,0.55873644,0.2722167
3111979393,0.43628573,0.36448115,0.19923319
3112490835,0.24608576,0.44264176,0.3112724
3113137370,0.68089086,0.14246938,0.17663975
3114922513,0.36567077,0.14323306,0.49109617
3115055016,0.1915293,0.5580321,0.25043863
3115218807,0.21674275,0.55327713,0.2299801
3115520364,0.27362135,0.49950126,0.22687745
3115807241,0.46996668,0.282911,0.24712229
3115834412,0.55834943,0.2299061,0.21174441
3116547749,0.39314494,0.08400231,0.5228529
3117122035,0.50004715,0.23398493,0.26596785
3117190919,0.036791682,0.85406595,0.10914239
3118065757,0.1256117,0.34602848,0.52835983
3118254456,0.18042906,0.6105826,0.20898835
3118470191,0.2616044,0.48266852,0.25572705
3119265615,0.25543746,0.28040567,0.46415687
3119297099,0.3041002,0.4268388,0.26906094
3119298581,0.37553787,0.37568474,0.24877736
3119934809,0.24740179,0.33142012,0.4211781
3119963331,0.15224326,0.027809592,0.8199471
3120263175,0.37119493,0.24892072,0.37988436
3120525292,0.18759045,0.4279665,0.384443
3120555866,0.5255515,0.060267225,0.41418135
3120880553,0.39062983,0.2653768,0.34399337
3121062050,0.010236103,0.7520306,0.23773335
3121170710,0.10229408,0.5448587,0.35284722
3121212272,0.3263544,0.36207187,0.31157368
3121223262,0.47480646,0.2687211,0.25647244
3121230925,0.9428449,0.013741315,0.04341381
3121980389,0.33198416,0.42322028,0.2447956
3122156389,0.25875342,0.49528158,0.24596502
3122601877,0.18018572,0.41158888,0.4082254
3122654430,0.40650168,0.3341919,0.25930643
3123202315,0.4342562,0.31714234,0.24860144
3123980230,0.34388572,0.37311316,0.28300118
3124492090,0.66422933,0.14987817,0.18589248
3125557184,0.35150683,0.42624182,0.22225136
3125558595,0.4342282,0.30334008,0.26243162
3125938197,0.67210084,0.14573571,0.18216342
3126038295,0.4520363,0.27778807,0.27017567
3126050522,0.28522524,0.39779922,0.31697553
3126130166,0.24011742,0.40009922,0.35978344
3126161786,0.38625455,0.3742019,0.23954357
3126626033,0.43256474,0.21674232,0.35069296
3127136283,0.2640101,0.40524662,0.33074328
3127277799,0.32933456,0.13954303,0.53112245
3127462025,0.44373155,0.09721516,0.45905325
3127902019,0.56984556,0.21105742,0.2190971
3127975893,0.22151448,0.506292,0.27219355
3128001044,0.29841837,0.24625489,0.45532677
3128179535,0.5081764,0.2898668,0.20195673
3128690995,0.45731565,0.24451475,0.2981696
3128854159,0.34686568,0.38974875,0.2633856
3128979269,0.13355584,0.3296084,0.53683573
3129051494,0.25652996,0.23606141,0.5074086
3130028850,0.4279507,0.30712387,0.26492542
3130380509,0.5830436,0.21788232,0.19907412
3130434492,0.46949932,0.2978368,0.23266381
3130496322,0.48839727,0.23250861,0.2790941
3130731450,0.2902379,0.29098108,0.41878104
3131280903,0.5985585,0.1689939,0.2324477
3133235971,0.37835583,0.22190239,0.39974186
3133288267,0.28348342,0.38870913,0.3278074
3133539954,0.26709625,0.5092408,0.22366297
3133692258,0.44900665,0.16275862,0.38823473
3134896213,0.3070152,0.41865692,0.27432784
3134984933,0.35189193,0.28018147,0.3679266
3135158524,0.18439823,0.5332208,0.28238094
3135235841,0.20134042,0.57850605,0.22015359
3135597227,0.6287468,0.17100447,0.20024872
3135601918,0.48189843,0.16905493,0.34904662
3135773592,0.34368178,0.45140645,0.20491178
3135960956,0.5908948,0.16230704,0.2467981
3136102386,0.35442019,0.28637826,0.35920155
3136495870,0.40572062,0.33804205,0.25623733
3136741155,0.24493904,0.4058932,0.3491678
3137240487,0.35891494,0.331781,0.3093041
3137305744,0.2987909,0.36013407,0.34107506
3138617629,0.28509575,0.4943965,0.22050774
3139227583,0.45220295,0.27796718,0.26982993
3139716818,0.44374248,0.24870409,0.3075534
3140639297,0.19587123,0.38919586,0.41493297
3140763219,0.085779876,0.32574305,0.588477
3140793515,0.27032027,0.20119697,0.5284828
3140863691,0.32714579,0.3724862,0.30036804
3140989039,0.29207104,0.26817432,0.4397546
3141155728,0.25865906,0.35995165,0.38138935
3142392955,0.23055007,0.50504684,0.2644031
3142658674,0.18292901,0.6240829,0.19298804
3143017271,0.46116206,0.2522006,0.28663734
3143072315,0.4730939,0.28006625,0.24683979
3143483897,0.34704256,0.17953126,0.47342613
3143872499,0.49150783,0.2568514,0.25164074
3144321884,0.40293902,0.23424082,0.36282015
3144700298,0.2555351,0.28076246,0.46370247
3144941870,0.19524144,0.42567962,0.37907895
3145752512,0.32624766,0.3288781,0.34487423
3145755583,0.6763988,0.08611664,0.23748462
3145755720,0.32457817,0.40315115,0.27227065
3146721997,0.29669577,0.40666652,0.29663777
3147025128,0.20130965,0.54239184,0.2562985
3147131053,0.31415814,0.37351844,0.31232348
3147395021,0.3606377,0.30668783,0.3326745
3148136760,0.42121485,0.335393,0.24339214
3148992817,0.17372386,0.4418325,0.38444364
3149266846,0.4325063,0.23558083,0.331913
3150049068,0.6060333,0.14616139,0.24780528
3150496179,0.47033918,0.2513562,0.27830473
3150511487,0.42472753,0.32314608,0.25212646
3150956596,0.28980413,0.29393676,0.41625908
3151283626,0.3051287,0.20712356,0.48774773
3152538603,0.2812779,0.3618979,0.35682428
3152580090,0.18439406,0.5882958,0.2273101
3153612856,0.46152148,0.21259862,0.32587993
3154036691,0.51464677,0.26801658,0.2173367
3154099170,0.45873526,0.2564952,0.28476954
3154146096,0.27833676,0.46219036,0.25947285
3154746136,0.19200014,0.24630685,0.561693
3155998954,0.25304124,0.3149952,0.43196365
3156145621,0.2175467,0.5223129,0.26014048
3156337698,0.10673615,0.5580673,0.33519652
3156959575,0.5070514,0.21977971,0.27316886
3158363630,0.2896441,0.38719472,0.32316124
3158694360,0.20360984,0.46063212,0.335758
3160183299,0.41842237,0.27476564,0.30681205
3160724499,0.31437117,0.36223328,0.3233955
3160759258,0.2339404,0.5389336,0.22712605
3160808280,0.6942468,0.13833502,0.16741814
3160811124,0.48295808,0.18842271,0.32861927
3162681519,0.27150992,0.4406797,0.28781042
3162753262,0.25759017,0.2763226,0.46608722
3163032616,0.3997182,0.38967285,0.21060902
3163273199,0.2760546,0.44883043,0.275115
3163971951,0.27085242,0.3609569,0.36819074
3164227135,0.2080794,0.34939387,0.44252676
3164417504,0.39782378,0.27885547,0.32332078
3164692104,0.25738347,0.4366018,0.30601478
3165242937,0.043182317,0.83067876,0.12613896
3165546521,0.341991,0.37476236,0.2832467
3165645434,0.16833225,0.44819462,0.3834732
3165686690,0.36177403,0.31236148,0.32586446
3166352819,0.2658624,0.44347593,0.2906617
3167438898,0.39867687,0.30239052,0.29893258
3167602651,0.233714,0.28015766,0.48612836
3167764273,0.15767734,0.58160055,0.26072213
3168909592,0.10260522,0.68003964,0.21735515
3169747055,0.21033241,0.5729987,0.21666892
3169882560,0.11276236,0.4603963,0.42684138
3170056450,0.24122353,0.13716133,0.6216151
3170113432,0.41367313,0.21950875,0.36681813
3170666515,0.2620072,0.4472758,0.29071707
3170792586,0.27487838,0.3078351,0.41728646
3171249488,0.3381307,0.30365276,0.35821658
3171287727,0.40426257,0.29722288,0.2985146
3171391168,0.50997037,0.34134063,0.14868903
3171427398,0.21988182,0.4132189,0.36689934
3171869129,0.3905569,0.3454953,0.26394784
3171952596,0.43327853,0.3066509,0.26007056
3172535541,0.14579694,0.59221405,0.261989
3172609814,0.34160092,0.28231108,0.376088
3172838105,0.59106374,0.21254762,0.1963886
3173153347,0.30550864,0.37553802,0.3189534
3173492657,0.14570792,0.66526157,0.18903053
3174516022,0.26799718,0.4340908,0.29791206
3174679785,0.31683695,0.28941262,0.3937505
3174968596,0.23117745,0.5493669,0.21945569
3175417030,0.27488014,0.40361014,0.32150966
3175449578,0.29465422,0.39581275,0.30953306
3175524743,0.3217685,0.38268074,0.29555076
3175827825,0.35568655,0.3244235,0.31989
3176184202,0.47003227,0.24007681,0.2898909
3176488905,0.2950236,0.29506662,0.40990975
3176863829,0.13286641,0.6212291,0.2459045
3177270435,0.32506055,0.39195058,0.2829888
3177815736,0.56652004,0.22654992,0.20693007
3178784528,0.4149499,0.2833606,0.30168945
3178827444,0.21530129,0.5725862,0.21211256
3179143317,0.33355778,0.33702543,0.3294168
3179160017,0.31896392,0.41843674,0.26259926
3179716452,0.6483956,0.12959719,0.22200717
3179894829,0.29598612,0.39493978,0.30907413
3179907374,0.40471846,0.1516485,0.44363305
3180091687,0.3106231,0.3706912,0.3186857
3180182003,0.22636594,0.32257578,0.45105833
3180341401,0.41227323,0.26980713,0.31791967
3180457611,0.52513397,0.15313995,0.32172605
3181078671,0.32420024,0.3609002,0.3148995
3181486886,0.42801985,0.23756759,0.33441246
3181506989,0.36657405,0.332698,0.30072808
3181830253,0.5069303,0.22765964,0.26541004
3182644921,0.25521326,0.50356865,0.24121822
3182707949,0.39596993,0.24687931,0.35715076
3183049041,0.34281436,0.37724987,0.27993572
3183255576,0.08314826,0.3828374,0.53401434
3183615639,0.08842673,0.4463233,0.46524996
3183848856,0.15552369,0.29544955,0.5490268
3184249168,0.33821642,0.24262564,0.41915786
3184275676,0.12160905,0.12160905,0.7567819
3185240930,0.37510574,0.31506276,0.3098315
3185272344,0.35103133,0.28769216,0.36127648
3185859574,0.30783907,0.3191878,0.3729731
3185907136,0.41172475,0.18298496,0.4052904
3185987883,0.21442896,0.49334192,0.29222918
3186190604,0.48972455,0.23661721,0.27365828
3187223864,0.382421,0.1873491,0.43022993
3187543836,0.34521288,0.35944802,0.29533908
3188273938,0.27504742,0.4423752,0.2825774
3190280299,0.44125786,0.29574582,0.26299632
3190326540,0.38257724,0.34054178,0.276881
3190786680,0.5063532,0.23734227,0.25630453
3191376017,0.19156374,0.4495072,0.3589291
3191771919,0.5585539,0.2112156,0.2302305
3191991150,0.25136572,0.25811237,0.49052194
3192235215,0.35774878,0.44371003,0.19854121
3192413671,0.23724556,0.5023372,0.2604172
3192483949,0.29881182,0.5386371,0.16255099
3192735463,0.21340315,0.42952055,0.3570763
3193539818,0.56409883,0.23194997,0.2039512
3193596494,0.30238545,0.16778432,0.52983034
3193706182,0.32242236,0.3551637,0.32241392
3194662020,0.33196548,0.3921175,0.27591708
3195202868,0.29166344,0.29787537,0.41046113
3196030165,0.1611678,0.31142512,0.5274071
3196403254,0.22287476,0.54735,0.22977526
3196761939,0.42691195,0.27231395,0.3007741
3197582372,0.16635332,0.6451808,0.18846591
3197645139,0.14568467,0.5737343,0.28058103
3197820589,0.2525604,0.4833166,0.26412302
3197890822,0.30967006,0.27618548,0.41414446
3197905145,0.5132813,0.18964024,0.2970785
3198150454,0.50433433,0.21375805,0.28190762
3198365599,0.34888408,0.28251213,0.36860383
3199070557,0.14576139,0.22113454,0.633104
3199603539,0.101706505,0.724133,0.17416056
3199803753,0.22079131,0.574355,0.20485364
3200158581,0.38599178,0.28932565,0.32468253
3200349991,0.18933284,0.51258665,0.29808047
3201026969,0.42246357,0.3114268,0.26610962
3202474235,0.3565275,0.3348009,0.3086717
3203083679,0.11778742,0.7055227,0.17668986
3203094003,0.24986163,0.15896128,0.59117705
3203443621,0.2850223,0.28726485,0.42771286
3204104040,0.6342678,0.17735606,0.18837614
3204966185,0.22855349,0.50583386,0.26561266
3205166270,0.4193707,0.1335815,0.44704777
3205313254,0.31723872,0.40576413,0.27699718
3205755852,0.32307732,0.30181232,0.37511033
3206209297,0.49804425,0.22222614,0.27972963
3206576532,0.5695696,0.13363305,0.2967973
3207248594,0.20370787,0.4337907,0.36250144
3207539124,0.41717303,0.31397894,0.26884806
3207729174,0.16825607,0.2390246,0.5927193
3207964447,0.3224448,0.30869547,0.36885974
3208029922,0.28706557,0.41393942,0.29899502
3208077793,0.25780842,0.28516915,0.45702246
3208163720,0.09578801,0.7194015,0.18481053
3208391076,0.37662122,0.19301358,0.4303652
3209017341,0.2556152,0.2994561,0.44492874
3209027091,0.63532907,0.15231195,0.21235894
3209205960,0.34959826,0.15485252,0.49554917
3209325351,0.24226193,0.4339859,0.32375216
3209595533,0.31982797,0.39639676,0.2837753
3209878472,0.3919898,0.33144477,0.2765654
3209977557,0.42272845,0.2805618,0.29670975
3210612222,0.3783852,0.2855298,0.336085
3211448297,0.11622757,0.20504494,0.6787275
3211553280,0.24994208,0.25692597,0.49313194
3212133013,0.35492557,0.3142087,0.3308657
3212554418,0.3485321,0.31841335,0.33305448
3212712104,0.64202255,0.16011494,0.19786255
3213229438,0.22164084,0.51891774,0.25944144
3213600440,0.74926597,0.03498318,0.21575084
3214289871,0.42054075,0.1941658,0.3852935
3214520850,0.55671746,0.18484522,0.25843728
3214642620,0.39304602,0.32375082,0.2832031
3214761921,0.27553475,0.35774347,0.36672187
3215065458,0.12325444,0.6460304,0.23071514
3215202887,0.24087751,0.49352148,0.26560104
3215561540,0.27476567,0.5050449,0.2201895
3215579753,0.3337923,0.17898747,0.48722026
3215813153,0.25740618,0.33626896,0.40632486
3216323916,0.30205742,0.39806366,0.29987887
3216405681,0.5550858,0.19786242,0.24705179
3216524305,0.38670105,0.3329708,0.2803281
3216637998,0.74939746,0.08778805,0.16281456
3216786217,0.55468994,0.18834986,0.2569602
3217318611,0.3869267,0.29580468,0.3172686
3217669574,0.4695691,0.3026707,0.22776021
3217911451,0.23558706,0.48146233,0.2829506
3218522083,0.17922959,0.58823395,0.23253651
3218565975,0.32954982,0.3946608,0.2757895
3218632163,0.27623963,0.38742667,0.3363336
3219459915,0.080258556,0.71726424,0.20247728
3219815633,0.27275223,0.112031326,0.61521643
3220143595,0.45675385,0.24524525,0.29800093
3220882710,0.15344308,0.22913526,0.6174216
3220927820,0.36688572,0.18737957,0.44573477
3221294162,0.22284363,0.26216823,0.5149882
3221656509,0.28473157,0.43983072,0.2754377
3222457608,0.3382345,0.27583957,0.38592598
3222840531,0.353739,0.41189414,0.23436686
3222961707,0.49064693,0.25241095,0.25694215
3223146507,0.16774155,0.09473822,0.7375202
3224184752,0.5536841,0.20050524,0.24581067
3224729268,0.27834132,0.37845334,0.34320518
3225281478,0.4468924,0.26553318,0.28757444
3225896807,0.43099827,0.313648,0.25535378
3226047585,0.19487862,0.36929578,0.43582562
3226196897,0.6086223,0.14050345,0.2508743
3226497479,0.36801162,0.33498353,0.29700488
3227293788,0.7617235,0.093501575,0.14477499
3227546034,0.47457966,0.2438971,0.28152326
3228289558,0.2997355,0.33749133,0.36277312
3228367042,0.19711247,0.6220817,0.18080586
3228492213,0.24855126,0.47202042,0.2794283
3228707635,0.32121673,0.22995755,0.4488257
3229098304,0.3243392,0.33262318,0.34303755
3229526020,0.30957282,0.42403236,0.26639485
3229890518,0.1367884,0.54110044,0.32211113
3230168129,0.07701585,0.21825899,0.7047252
3230724584,0.4153462,0.28974763,0.2949062
3230803801,0.67033476,0.14511445,0.18455073
3231108357,0.268207,0.31957448,0.41221857
3231184947,0.24019818,0.4892696,0.2705322
3233008629,0.19302213,0.40290058,0.40407732
3233301919,0.14195167,0.5473039,0.31074435
3233732829,0.30218148,0.3010484,0.3967701
3234044851,0.15328851,0.64143914,0.20527229
3234232822,0.38836408,0.28142476,0.33021125
3234599529,0.37380183,0.31069088,0.3155073
3235517195,0.32252383,0.3590435,0.31843272
3235535186,0.7789085,0.051560856,0.16953067
3236132614,0.5540302,0.18172522,0.26424462
3236205139,0.27050698,0.39401743,0.33547553
3236308720,0.2865481,0.4345372,0.2789147
3236357066,0.38407844,0.35318193,0.26273963
3236502968,0.6005439,0.16627306,0.23318301
3236818080,0.52383345,0.21774516,0.25842136
3237211691,0.16300046,0.5869046,0.25009498
3237255706,0.25402623,0.4932126,0.2527612
3237459849,0.37066188,0.33493128,0.2944068
3237985386,0.48643398,0.25998548,0.2535805
3238255027,0.07453606,0.42920938,0.49625453
3238371443,0.38985634,0.3210969,0.2890468
3238609753,0.21350563,0.56775105,0.2187434
3239338165,0.30677423,0.37623638,0.31698933
3239481736,0.2279366,0.28985742,0.48220593
3239818601,0.42027846,0.28551736,0.29420418
3240228137,0.2632837,0.39680892,0.3399074
3241170090,0.19437052,0.17286767,0.6327619
3242245958,0.402608,0.23378785,0.3636041
3242250523,0.34520724,0.2794337,0.3753591
3242519277,0.49815768,0.22963393,0.27220842
3242583762,0.19885157,0.5552161,0.24593233
3242764247,0.3024765,0.3475007,0.3500226
3243674249,0.2949029,0.28756595,0.4175312
3243702615,0.45962495,0.27668887,0.26368615
3244003758,0.17367205,0.2778211,0.54850686
3244413826,0.29068565,0.23697159,0.4723428
3244496562,0.40626392,0.28512156,0.30861452
3244836422,0.39978802,0.30478948,0.29542252
3245029970,0.41661382,0.19386074,0.38952547
3245102816,0.22975163,0.4380753,0.33217314
3245223190,0.12725823,0.23158135,0.6411605
3245280495,0.2833383,0.3847102,0.33195144
3245666806,0.413076,0.28112453,0.3057995
3245892825,0.28094345,0.46773368,0.2513229
3246134570,0.1552683,0.61297303,0.23175868
3247270831,0.19484958,0.5770014,0.22814907
3247518210,0.50559855,0.26271626,0.23168512
3247984180,0.26837605,0.48448977,0.24713413
3248232329,0.1450335,0.6837802,0.17118636
3248751408,0.3251679,0.30091542,0.37391672
3248952555,0.23464689,0.32842767,0.43692544
3249267715,0.4117309,0.2948439,0.29342523
3249638689,0.3618895,0.31160414,0.32650632
3249775826,0.3021512,0.3551622,0.34268653
3249784736,0.29168403,0.45188218,0.25643376
3250867070,0.41320163,0.33850935,0.2482891
3251344548,0.07236857,0.20375714,0.72387433
3251639036,0.6146616,0.17643796,0.20890056
3252038542,0.37255394,0.32844764,0.29899842
3252349014,0.16389032,0.47387132,0.36223835
3252350997,0.27532983,0.43753177,0.28713837
3252557419,0.23533863,0.46770078,0.2969606
3252986488,0.21203107,0.54087716,0.24709184
3253567357,0.3888472,0.34997648,0.26117638
3253817798,0.11965608,0.5694114,0.3109325
3254599821,0.21476345,0.2680449,0.51719165
3254808463,0.3930426,0.3280825,0.27887487
3254813127,0.19957325,0.3001676,0.50025916
3255513722,0.11894042,0.6901844,0.19087519
3256319504,0.2998778,0.39795002,0.30217218
3256347588,0.27267292,0.2577257,0.46960145
3256569372,0.56058353,0.21110474,0.22831173
3256999028,0.50199276,0.2493498,0.24865748
3257016178,0.25173843,0.34219676,0.4060649
3257986836,0.39671654,0.30084977,0.30243373
3258256669,0.335728,0.2765573,0.38771465
3258865589,0.34791017,0.26593855,0.38615125
3259050885,0.19553451,0.41082737,0.39363816
3259494929,0.124895975,0.67459685,0.20050716
3259602679,0.3854665,0.34230644,0.2722271
3260434421,0.30479312,0.45144746,0.2437594
3260822772,0.24683696,0.36948198,0.38368103
3260899233,0.40691867,0.31121674,0.28186458
3261765552,0.32378554,0.3319767,0.34423774
3261846187,0.28195262,0.30119964,0.41684777
3262222868,0.46172583,0.27033168,0.2679424
3262569578,0.3031262,0.36535633,0.33151746
3262683126,0.24280444,0.31636208,0.44083348
3263291347,0.8045847,0.036873944,0.15854138
3263758499,0.24989507,0.48178416,0.26832074
3264022270,0.0957308,0.45654815,0.44772106
3265151767,0.17247696,0.27380243,0.5537206
3266543774,0.16145879,0.594176,0.2443652
3266874440,0.21996821,0.49736157,0.2826702
3267074500,0.19025786,0.5148662,0.2948759
3267158320,0.28879595,0.4552876,0.25591654
3267314991,0.18103938,0.6070954,0.2118652
3267956368,0.2519555,0.4112462,0.33679834
3267958313,0.62647605,0.14792974,0.22559421
3268342810,0.24918826,0.5314181,0.2193937
3268521320,0.32485184,0.33591816,0.33923003
3268671125,0.3347835,0.32741097,0.33780557
3268872972,0.3627133,0.33446944,0.30281723
3268975371,0.55450827,0.16479516,0.2806965
3269015080,0.39613894,0.32323617,0.2806249
3269066699,0.22883533,0.5328557,0.23830904
3269752467,0.31386882,0.35448906,0.33164212
3270127721,0.4181428,0.33101216,0.25084502
3270134951,0.33939925,0.36157984,0.2990209
3270224778,0.31238773,0.4214631,0.26614913
3270321281,0.4494763,0.3087202,0.24180353
3270690790,0.21753936,0.48844925,0.29401138
3270894889,0.3365361,0.35837924,0.3050846
3271060713,0.24474353,0.41473696,0.34051958
3271285325,0.5061641,0.20476116,0.2890747
3271354584,0.30618858,0.22331516,0.47049624
3271603491,0.38456306,0.26872894,0.3467081
3271661908,0.108335875,0.3866415,0.5050227
3273190481,0.30077368,0.4560035,0.2432228
3273609427,0.34565437,0.1731934,0.48115227
3273804347,0.16175857,0.515016,0.32322538
3274457708,0.374215,0.3572013,0.26858371
3274748008,0.23928367,0.34016278,0.42055365
3274776692,0.4335498,0.25403085,0.31241933
3274948662,0.3289972,0.35301083,0.3179919
3275656206,0.17335452,0.60205966,0.22458582
3275944646,0.19990413,0.54011714,0.2599787
3277123263,0.38815114,0.3227633,0.28908563
3277657186,0.6114058,0.07282551,0.3157687
3278001033,0.36657804,0.18935075,0.44407126
3278226162,0.36601615,0.3320498,0.30193403
3278313636,0.34338441,0.4008535,0.25576207
3278362175,0.21763423,0.4764294,0.3059364
3279005401,0.1583747,0.25338477,0.5882405
3280120357,0.4691852,0.07010168,0.46071312
3280382230,0.3170396,0.3612857,0.3216748
3280561209,0.21199001,0.49524325,0.29276675
3280751006,0.20380819,0.58618695,0.21000487
3280923918,0.21210542,0.51352996,0.27436462
3281525264,0.27831426,0.3270279,0.3946579
3281752915,0.45310366,0.17237164,0.3745247
3281845060,0.16576734,0.33214954,0.5020831
3283281523,0.7177832,0.04305293,0.23916386
3283457260,0.29069737,0.41651964,0.292783
3283994191,0.33180237,0.35306445,0.31513315
3284100956,0.30553046,0.44966197,0.2448076
3284336668,0.5508754,0.16333435,0.28579023
3284890211,0.33831233,0.42084083,0.24084684
3286728102,0.268738,0.4257076,0.30555448
3286998179,0.41824514,0.22474387,0.35701108
3287193140,0.56842965,0.1763301,0.25524023
3287575370,0.37109494,0.3258455,0.3030596
3287580759,0.40046623,0.27233014,0.32720357
3287702252,0.35280505,0.41853267,0.22866227
3288518549,0.15051584,0.67123765,0.17824648
3288742304,0.3313307,0.24189395,0.4267753
3289151948,0.37222108,0.3496066,0.27817228
3289521440,0.3818053,0.12399111,0.4942036
3290026807,0.33497393,0.32015827,0.3448679
3290111065,0.34225273,0.4292211,0.22852618
3291293483,0.50667274,0.13986938,0.35345778
3291373769,0.16201553,0.57695365,0.26103085
3291698934,0.3094401,0.4454998,0.24506004
3291742686,0.29139757,0.3920488,0.31655362
3292204465,0.31881768,0.24062008,0.44056225
3292507728,0.4106288,0.2935074,0.29586387
3292629492,0.348943,0.36031222,0.29074472
3292920304,0.45904192,0.2542428,0.28671527
3293395157,0.2601056,0.20248136,0.537413
3293489896,0.24224563,0.3793727,0.3783817
3293653976,0.19764099,0.5136683,0.28869078
3293715271,0.3547001,0.35584766,0.28945225
3293958169,0.46986195,0.23798755,0.29215047
3293987159,0.22530523,0.22820011,0.54649466
3294013478,0.30703133,0.4255489,0.2674198
3294721822,0.23277406,0.4998818,0.26734418
3294917894,0.15261391,0.47062385,0.37676227
3295277774,0.37282956,0.24315383,0.3840166
3295369321,0.4230933,0.17422754,0.40267915
3296706639,0.48628694,0.13914624,0.37456682
3296910100,0.6538219,0.1935776,0.15260051
3297083927,0.4135399,0.2601139,0.3263462
3297403463,0.3746238,0.33296978,0.29240644
3297721104,0.32886946,0.3195055,0.35162503
3297882697,0.19472528,0.5492111,0.25606364
3298189994,0.44223472,0.22981434,0.32795095
3298196865,0.19937707,0.39106256,0.40956035
3298641848,0.2942447,0.46758172,0.23817359
3299011441,0.1429116,0.34358266,0.51350576
3299019188,0.4054915,0.3180052,0.27650324
3299390114,0.4423043,0.2729316,0.28476408
3299412065,0.3641285,0.33037445,0.30549705
3299515384,0.33165482,0.32808426,0.34026092
3299910975,0.5904967,0.17743142,0.23207182
3300592873,0.29818377,0.3459586,0.3558577
3300948167,0.5065774,0.23228666,0.2611359
3301666776,0.26442438,0.46678725,0.2687884
3302502339,0.19107065,0.5607982,0.24813111
3302511153,0.53605384,0.20083101,0.2631151
3302653880,0.17927231,0.5160914,0.30463627
3303644806,0.33298287,0.36033088,0.30668625
3303888854,0.33817235,0.16151538,0.50031227
3304307811,0.2951324,0.44184148,0.26302612
3304733983,0.29680386,0.47008088,0.23311526
3304762781,0.27552366,0.3611323,0.36334404
3305054203,0.30654114,0.13084143,0.5626174
3305171806,0.23296955,0.3282885,0.43874198
3305207639,0.40990794,0.23402347,0.3560686
3305250684,0.26446265,0.38171607,0.3538213
3305695783,0.26621875,0.4129477,0.3208335
3305917307,0.28012562,0.41195524,0.3079192
3306042505,0.19946127,0.5011546,0.29938415
3306062810,0.33765092,0.14251237,0.51983666
3306147077,0.25261977,0.45605797,0.2913223
3306209769,0.37272507,0.29941893,0.32785603
3306210148,0.38890842,0.3415978,0.26949373
3306437096,0.18598138,0.53421426,0.27980438
3306559483,0.22513257,0.42141625,0.35345116
3306644637,0.5497833,0.2035372,0.24667953
3307035577,0.356053,0.31623676,0.3277103
3307564458,0.32394075,0.38496858,0.2910907
3307824359,0.3193926,0.4021599,0.27844748
3308744823,0.59234524,0.216151,0.19150387
3309146754,0.039568778,0.64656466,0.31386656
3309609508,0.47638902,0.13680275,0.38680825
3310524799,0.27321973,0.47124362,0.25553668
3311048973,0.32733747,0.4237709,0.24889168
3312099502,0.3239884,0.34135616,0.33465534
3312604468,0.48847175,0.24657187,0.26495644
3313584509,0.43941724,0.27013484,0.290448
3314559249,0.2617006,0.4079171,0.33038223
3314634622,0.28725255,0.30663303,0.40611446
3314790744,0.045550533,0.78173804,0.17271139
3315453513,0.4620533,0.1589503,0.37899634
3315962805,0.3503073,0.3094239,0.34026882
3317726558,0.28206283,0.4540552,0.26388195
3317735614,0.26405385,0.40655977,0.3293864
3317812926,0.20626716,0.2909974,0.5027355
3317883186,0.3847081,0.24255298,0.3727389
3317940016,0.69271857,0.13127463,0.17600684
3318312231,0.25663373,0.41592953,0.32743677
3318364966,0.38227192,0.2864241,0.33130392
3318754154,0.12203557,0.54521555,0.33274877
3319841519,0.45503825,0.3662746,0.17868713
3320541419,0.27289614,0.4394491,0.28765482
3320694998,0.7129744,0.08199924,0.20502637
3321255371,0.32279578,0.28298724,0.39421698
3321322551,0.4293903,0.29884383,0.27176583
3321478656,0.21932623,0.49455622,0.2861175
3321738454,0.32767543,0.3079685,0.36435604
3321751503,0.15070719,0.5786628,0.2706299
3321963219,0.27053463,0.2749158,0.45454958
3322519412,0.3799119,0.32712975,0.29295835
3323630373,0.28763086,0.21394654,0.49842262
3323922010,0.6412904,0.15486829,0.20384133
3324159932,0.26357833,0.45047596,0.28594574
3324569088,0.23417337,0.18535691,0.5804697
3324958742,0.17938721,0.45540696,0.36520582
3325164096,0.1924457,0.49918047,0.30837387
3325196092,0.35118434,0.3811433,0.26767233
3325563903,0.20319048,0.5061788,0.2906307
3325662184,0.2811102,0.47413892,0.24475086
3325712100,0.35125214,0.32349798,0.32524985
3325759871,0.26401502,0.3240559,0.41192904
3325805365,0.15122494,0.56240165,0.28637332
3325902481,0.5036203,0.2858307,0.21054901
3325969030,0.13322243,0.20671587,0.6600617
3326682243,0.2836289,0.39567518,0.3206959
3326776675,0.33342585,0.38023752,0.28633675
3326831922,0.24293171,0.43952313,0.31754518
3326952163,0.42159668,0.36097386,0.21742946
3326968081,0.3504591,0.21135549,0.43818545
3327270847,0.5011512,0.24622114,0.25262773
3327471657,0.4315348,0.27869502,0.2897701
3327735141,0.47223616,0.27163416,0.25612968
3328905138,0.2599354,0.3842517,0.35581288
3329166915,0.42292795,0.26968184,0.30739024
3331167497,0.24285173,0.48253334,0.274615
3331395358,0.18450046,0.37565252,0.43984705
3331724896,0.533263,0.3113452,0.15539175
3331843047,0.20905851,0.54774565,0.24319586
3332346656,0.22420368,0.51551485,0.26028144
3332560614,0.3628566,0.36139065,0.27575275
3332834449,0.2751482,0.40297526,0.3218765
3333023434,0.3316967,0.32413995,0.34416333
3333527129,0.5251813,0.25516018,0.21965852
3333832652,0.29424116,0.25357863,0.4521803
3334110885,0.25725248,0.43259934,0.31014827
3334253249,0.3590587,0.3644096,0.27653173
3334900644,0.35396567,0.38929078,0.2567436
3336135497,0.5786925,0.18425389,0.23705363
3336914618,0.3029201,0.3605579,0.336522
3337156492,0.4639591,0.079532675,0.45650834
3337211244,0.29484186,0.4237061,0.28145212
3337660936,0.2913315,0.36670962,0.34195885
3338241821,0.37647,0.3119887,0.3115413
3339131316,0.15504454,0.31726432,0.5276911
3339151318,0.16393392,0.27439263,0.5616734
3339163977,0.3499814,0.29011822,0.35990041
3339186641,0.30813426,0.29560345,0.39626223
3340307193,0.3586515,0.3079862,0.3333623
3340399864,0.7039048,0.14422278,0.1518724
3340454218,0.31902322,0.38549006,0.2954867
3341417520,0.31179738,0.36684367,0.321359
3341673204,0.37596124,0.3417284,0.2823104
3342579396,0.178894,0.46922776,0.3518783
3342640401,0.58249766,0.18351454,0.23398781
3342731961,0.2152716,0.5754289,0.20929952
3342756760,0.28030166,0.45831537,0.26138297
3342810117,0.41405556,0.32754174,0.2584027
3342858023,0.307835,0.36557728,0.3265877
3342936817,0.34962144,0.35452765,0.29585087
3343726871,0.1138329,0.72168314,0.16448401
3343962246,0.5485329,0.17678615,0.27468094
3344240922,0.40067482,0.33962774,0.25969744
3344417112,0.5535058,0.24261008,0.20388415
3344672540,0.26947805,0.4520192,0.27850264
3345324631,0.2859245,0.45129192,0.26278362
3345511718,0.2595026,0.48543957,0.25505775
3345530202,0.2615685,0.3900915,0.34834003
3345856759,0.38015515,0.13371848,0.48612636
3345913114,0.5208335,0.23169771,0.24746883
3346633389,0.32679093,0.38354376,0.2896654
3346823869,0.27798942,0.4247989,0.29721168
3347048526,0.03872832,0.7511423,0.21012942
3347701717,0.28032923,0.33059323,0.38907757
3348104573,0.3521577,0.303114,0.34472826
3348763355,0.4567608,0.25438467,0.28885454
3348968882,0.38242212,0.18993841,0.42763945
3348981704,0.33051193,0.27743316,0.3920549
3349139885,0.28234044,0.49050978,0.22714977
3349531260,0.40786517,0.29838514,0.2937497
3349746928,0.1404659,0.42836332,0.4311707
3350112753,0.30543518,0.4233688,0.27119607
3350362997,0.33617154,0.3562537,0.3075747
3350539547,0.24714115,0.486582,0.2662769
3351137227,0.15091333,0.38497993,0.4641067
3352597968,0.3357576,0.2772713,0.38697112
3352842759,0.2452858,0.47265562,0.28205866
3353297853,0.32357,0.39080653,0.2856235
3353515893,0.511273,0.17744781,0.31127912
3353931486,0.35384485,0.18251173,0.4636434
3354263541,0.28920114,0.47430775,0.23649116
3354891298,0.44127408,0.18582742,0.37289843
3354945592,0.27378565,0.3039522,0.42226207
3355240483,0.37749484,0.21691711,0.40558815
3355723506,0.5168199,0.24827959,0.2349005
3356194781,0.46123618,0.22635046,0.31241333
3356378969,0.2617483,0.39756453,0.3406872
3356789229,0.45844725,0.3219044,0.21964844
3356895881,0.5366996,0.24286841,0.22043195
3357052138,0.3913611,0.21031398,0.39832494
3357325244,0.13404003,0.69396335,0.17199655
3357523576,0.20982242,0.39646307,0.39371458
3357898241,0.34179342,0.39128977,0.26691678
3358313939,0.20246021,0.51068443,0.28685537
3358325567,0.4442471,0.2865326,0.26922032
3358334023,0.1992144,0.25227425,0.54851127
3358379083,0.3649541,0.27751425,0.35753167
3358806989,0.32792428,0.3525216,0.31955406
3359225860,0.37311214,0.34818235,0.27870545
3360097400,0.5045556,0.25382277,0.24162164
3360163610,0.12708315,0.6396591,0.2332578
3360830901,0.55871606,0.23082773,0.21045618
3361465544,0.2296922,0.53438145,0.23592632
3361583865,0.09363664,0.6329369,0.27342653
3361629340,0.21910542,0.43800643,0.34288812
3362855847,0.48149365,0.19630107,0.32220525
3363181503,0.67074996,0.050204024,0.27904603
3365354730,0.30480418,0.28278095,0.4124149
3365476766,0.1194946,0.25913572,0.62136966
3365711891,0.34250194,0.3130764,0.34442165
3366163371,0.3966068,0.34398866,0.2594045
3366181088,0.27403605,0.37440535,0.35155857
3366376584,0.51184005,0.20559071,0.28256926
3366683187,0.21986866,0.3735796,0.40655178
3366813487,0.25136855,0.47905996,0.26957154
3367109552,0.46488976,0.30126417,0.23384604
3367575341,0.4375253,0.28849652,0.27397823
3368110345,0.3241773,0.3674448,0.30837792
3368124299,0.31040308,0.38196453,0.30763248
3368445201,0.65117157,0.11746063,0.23136789
3368645814,0.37502593,0.29872572,0.32624832
3369010659,0.3507724,0.3318198,0.3174077
3369018162,0.3751645,0.37458926,0.25024614
3369616109,0.48782614,0.2275436,0.28463033
3369618589,0.44213352,0.2894473,0.26841924
3371348751,0.37944248,0.29940554,0.32115194
3371633618,0.60252035,0.13642386,0.2610558
3371724050,0.3367435,0.324808,0.33844844
3371883954,0.46069646,0.2673537,0.2719498
3371888110,0.17224707,0.36536843,0.46238446
3371936115,0.39478555,0.24659713,0.3586174
3372381699,0.3650895,0.3463616,0.28854886
3373171974,0.38526264,0.1343212,0.48041618
3373221864,0.3514904,0.30767563,0.3408339
3373268140,0.47590792,0.20851769,0.31557447
3373326228,0.31431365,0.376238,0.3094484
3373498301,0.38602093,0.32635614,0.28762287
3374774695,0.47130007,0.26620713,0.2624928
3375322673,0.56218433,0.19808042,0.23973528
3375507219,0.17572336,0.6107413,0.21353541
3375540761,0.16624156,0.6166474,0.21711099
3376477795,0.014406042,0.86768144,0.117912486
3376557821,0.16554049,0.29788575,0.53657377
3376989552,0.20027623,0.30196247,0.49776128
3376996698,0.2376271,0.50583035,0.25654247
3378237486,0.27794564,0.321577,0.40047738
3378359442,0.17143187,0.12709042,0.70147777
3379059735,0.3010394,0.4340686,0.26489198
3379179148,0.35741007,0.34798786,0.29460213
3379315192,0.26141816,0.35561472,0.3829671
3379336526,0.110571556,0.5654481,0.3239803
3380343163,0.3505036,0.36365697,0.2858394
3382591600,0.5463244,0.2360985,0.21757717
3382785612,0.38689855,0.23317268,0.37992883
3383431105,0.20678261,0.23660949,0.5566079
3384195968,0.40898395,0.26743877,0.32357723
3384237724,0.332174,0.3190839,0.34874207
3384534387,0.3471325,0.20302965,0.44983792
3384615924,0.25237098,0.48019868,0.26743037
3384716399,0.4103141,0.36031222,0.2293737
3384992078,0.08785045,0.7434533,0.16869624
3385391372,0.4044126,0.25615487,0.3394326
3385566106,0.37389955,0.31746936,0.30863106
3386037691,0.5548698,0.19878453,0.24634562
3386105197,0.4503506,0.16835727,0.38129225
3386190753,0.24505213,0.53508586,0.21986198
3387129846,0.44291705,0.27651617,0.28056672
3387715623,0.33491537,0.36648497,0.29859966
3388037815,0.4848601,0.26594588,0.24919401
3388260012,0.28030118,0.41476429,0.30493456
3388996618,0.14741582,0.50190985,0.35067433
3389373637,0.33279786,0.27938485,0.38781726
3389472844,0.43751884,0.23935664,0.32312453
3389660594,0.38903394,0.30274045,0.3082256
3389868636,0.36435813,0.19177388,0.443868
3390326049,0.06959248,0.7896713,0.14073619
3390582814,0.8555384,0.05846615,0.08599551
3391341927,0.36911443,0.3524597,0.2784259
3392150848,0.25719723,0.3823437,0.36045912
3392342136,0.4191804,0.295238,0.28558168
3392937019,0.23588014,0.49939635,0.26472354
3393696372,0.5870285,0.06675637,0.34621513
3393850365,0.24069986,0.49466214,0.264638
3393863373,0.4163079,0.2828438,0.30084828
3395206447,0.43886146,0.2981364,0.26300213
3395295545,0.22306831,0.29196185,0.48496982
3395591375,0.48611075,0.25224346,0.26164576
3395663881,0.4314944,0.2641069,0.30439872
3396348730,0.18701015,0.5956158,0.21737401
3396415317,0.0074207415,0.9015345,0.09104478
3397170130,0.035007425,0.13327199,0.8317206
3397418243,0.43495023,0.28459713,0.28045273
3397688786,0.27015576,0.42954284,0.3003014
3398736564,0.17991316,0.63486594,0.18522085
3399573825,0.3279192,0.29657516,0.37550566
3399849034,0.26771328,0.28995726,0.44232953
3400086605,0.27349162,0.33774263,0.38876578
3400353802,0.85554993,0.022708347,0.12174177
3400520415,0.41576746,0.34874272,0.23548982
3401292830,0.625574,0.15538953,0.21903653
3401697158,0.14229956,0.6696777,0.18802272
3401715928,0.37072033,0.3288852,0.30039456
3402267903,0.11885598,0.38304994,0.49809408
3402283190,0.24883963,0.45892802,0.29223233
3402894547,0.28582102,0.42986044,0.28431854
3402923473,0.3429204,0.44532105,0.21175857
3402951497,0.26499447,0.30148005,0.43352544
3403140276,0.2657838,0.37541482,0.35880142
3404240597,0.05841716,0.039183427,0.9023994
3404249791,0.2719143,0.46939334,0.25869232
3404463465,0.3445391,0.34226063,0.31320024
3404553100,0.32256266,0.35921076,0.31822664
3405408487,0.47939888,0.22745931,0.29314184
3405420000,0.28120276,0.4295921,0.28920516
3405760066,0.3538391,0.281211,0.36495003
3405995956,0.35669526,0.3494384,0.29386646
3406499470,0.54317576,0.22419155,0.23263274
3407659353,0.27343452,0.43072447,0.29584107
3408290907,0.35879284,0.27115905,0.37004814
3408515440,0.16544235,0.60265476,0.2319029
3408518865,0.4431287,0.30024728,0.25662395
3408590007,0.32178465,0.3866878,0.29152748
3408733958,0.40216216,0.34178168,0.2560561
3410330813,0.18483451,0.50409245,0.311073
3410442533,0.62357485,0.11572506,0.26070008
3410486103,0.0073730694,0.89168555,0.10094137
3410635162,0.22826427,0.42320278,0.3485329
3410719105,0.281039,0.38664958,0.33231136
3410755057,0.74379367,0.07526924,0.18093717
3411383796,0.29965442,0.39585105,0.3044946
3411667210,0.4099595,0.28449544,0.3055451
3412123024,0.27145055,0.4403988,0.28815067
3412228193,0.25771233,0.48118111,0.26110658
3412803488,0.38035735,0.28809065,0.33155203
3412825385,0.34105334,0.37626266,0.282684
3413737966,0.30305585,0.34017074,0.35677344
3413824338,0.16787943,0.41180053,0.42032
3413904087,0.40613708,0.37669998,0.2171629
3413932109,0.7477444,0.10541828,0.14683737
3414023952,0.035727832,0.8430792,0.121192984
3414354474,0.2575223,0.4779985,0.2644792
3414382457,0.3871933,0.3211838,0.29162294
3414728816,0.21903649,0.57616115,0.20480236
3414779440,0.45695683,0.2567033,0.28633994
3415138007,0.7785873,0.04379903,0.17761366
3415621432,0.22128077,0.4220721,0.35664722
3415882908,0.4403656,0.2967472,0.26288712
3415943718,0.2898593,0.29978698,0.41035366
3416092628,0.23092838,0.5586059,0.2104657
3417035058,0.70525074,0.11128097,0.18346833
3417801032,0.3423703,0.33766767,0.31996208
3419450216,0.27019495,0.29286334,0.4369417
3420034613,0.37085834,0.33198646,0.29715523
3420967430,0.36143556,0.24095318,0.39761135
3421105798,0.48384908,0.23067695,0.28547394
3421208163,0.122400396,0.50671387,0.37088567
3421248584,0.28412747,0.4433898,0.27248275
3421517650,0.49452692,0.23926443,0.26620868
3421759496,0.17224714,0.18655838,0.6411945
3421922659,0.087367184,0.6501803,0.26245245
3422200799,0.29499564,0.36044043,0.344564
3422203237,0.103840195,0.12100895,0.77515084
3422810050,0.34584147,0.35017228,0.30398628
3423252114,0.4259151,0.25357422,0.32051066
3423254003,0.22098692,0.4233392,0.3556739
3423337050,0.4594768,0.23574054,0.30478272
3423477752,0.46595433,0.31238344,0.22166221
3424316104,0.27153704,0.42315406,0.30530894
3424611127,0.18672538,0.58335066,0.22992389
3424720859,0.24273862,0.4658255,0.2914359
3425879718,0.57304513,0.23207852,0.1948763
3426332398,0.23383929,0.3150549,0.45110577
3426469730,0.39065385,0.39495197,0.21439414
3426525911,0.3314017,0.39632392,0.27227432
3426809799,0.19072579,0.57111704,0.23815711
3426934073,0.38745153,0.31397888,0.29856956
3427521018,0.15643498,0.5722963,0.27126867
3428376922,0.8293243,0.04595663,0.12471904
3428397904,0.32006195,0.36280847,0.3171296
3428831629,0.19860378,0.5664604,0.23493582
3429355434,0.40066308,0.19381475,0.40552217
3431083751,0.22085083,0.3255699,0.45357925
3431337714,0.29722095,0.4248441,0.27793497
3431610196,0.36074793,0.3585991,0.280653
3432955243,0.33749834,0.27793556,0.38456607
3433126215,0.34279263,0.39141572,0.26579168
3433649207,0.5614276,0.108578734,0.3299936
3433839701,0.23291653,0.55383766,0.21324575
3433871708,0.39484373,0.079550706,0.52560556
3434345178,0.17306902,0.3010216,0.52590936
3434518611,0.3189414,0.364033,0.31702554
3434525226,0.21447018,0.49894008,0.2865897
3436315577,0.17765674,0.5950953,0.22724803
3437322600,0.08369344,0.5528089,0.36349767
3438826433,0.24482712,0.47696495,0.27820793
3438873122,0.3522463,0.35191298,0.2958407
3439115906,0.06963212,0.7552181,0.17514972
3439424550,0.331056,0.34075138,0.32819265
3440359218,0.3723857,0.331118,0.29649633
3440445973,0.2044819,0.43904713,0.35647097
3440494496,0.86790395,0.008206461,0.12388967
3440549694,0.14178994,0.5267297,0.3314803
3440589343,0.10039368,0.60650355,0.2931028
3440596988,0.18031755,0.19451298,0.62516946
3440643411,0.6775874,0.11325572,0.2091569
3440663146,0.55795485,0.22265886,0.21938632
3441126122,0.60670644,0.15470214,0.23859149
3441283326,0.3832189,0.34217718,0.27460387
3441407499,0.2994272,0.3772845,0.32328832
3441640966,0.12703131,0.31624895,0.5567197
3442811366,0.45942637,0.2655246,0.27504903
3443254881,0.5214509,0.18316849,0.2953806
3443365547,0.44888446,0.22029404,0.33082154
3443577456,0.10764947,0.18438809,0.7079624
3443784754,0.5285595,0.23390464,0.23753585
3444666728,0.3883514,0.3277411,0.2839076
3444708943,0.37562445,0.40958527,0.21479036
3444841263,0.30397958,0.33548418,0.36053625
3445134906,0.17810966,0.4695618,0.35232854
3445253305,0.39161316,0.25193188,0.356455
3445416051,0.42364895,0.18778616,0.38856483
3445778553,0.6083221,0.16072266,0.2309553
3445884899,0.333682,0.13572744,0.5305906
3445998918,0.328354,0.36260957,0.30903643
3446170358,0.25851923,0.5297346,0.21174613
3446826943,0.37156254,0.34658617,0.28185132
3446899736,0.6049077,0.15016674,0.24492565
3447339840,0.34852576,0.34354514,0.307929
3448196423,0.6142434,0.11265761,0.27309904
3448727812,0.21695004,0.5696386,0.21341136
3449890656,0.06294667,0.6437972,0.29325616
3450084609,0.29914263,0.26702526,0.43383208
3450128588,0.26236254,0.46866578,0.26897165
3450666336,0.41367614,0.3209395,0.26538432
3451156068,0.35516506,0.33036575,0.3144692
3451187425,0.542914,0.13816479,0.31892127
3451690618,0.48596463,0.28950042,0.224535
3451825888,0.43054074,0.2935003,0.27595887
3452087643,0.292968,0.38278028,0.32425168
3452306533,0.2626229,0.42910558,0.3082715
3452641074,0.084758446,0.13165809,0.78358346
3452656835,0.25699234,0.10597734,0.63703024
3452897588,0.19324583,0.58918077,0.21757342
3452971349,0.23548724,0.4551105,0.30940223
3453172904,0.4959355,0.23620936,0.26785517
3453323161,0.45973533,0.26061425,0.27965033
3453433776,0.305647,0.42378882,0.27056417
3453930188,0.3374617,0.3666483,0.29588997
3453977971,0.6265374,0.075811215,0.29765132
3455312331,0.30512264,0.39842147,0.29645598
3455356618,0.4109739,0.2938918,0.2951343
3456274869,0.1508858,0.57630336,0.27281082
3456475814,0.18689707,0.49247637,0.3206266
3458137169,0.4172856,0.22938883,0.3533256
3458223543,0.38839126,0.3081949,0.3034138
3458659881,0.29936504,0.2795295,0.42110544
3460853413,0.413504,0.29588166,0.29061437
3461481268,0.64465475,0.16976231,0.18558292
3461633607,0.23308596,0.44511673,0.3217973
3462074745,0.27297932,0.44460765,0.28241307
3462598796,0.27007928,0.46340108,0.2665196
3462638601,0.4848193,0.2377326,0.27744818
3463439858,0.20388371,0.59069574,0.20542045
3463795208,0.46934837,0.24227068,0.28838092
3464025743,0.62186164,0.12840101,0.24973732
3464809226,0.35191202,0.31472802,0.33335996
3465024857,0.33137572,0.3499239,0.31870037
3465379477,0.28615496,0.32970613,0.3841389
3465744552,0.42252874,0.28754258,0.28992867
3466329886,0.31082064,0.34880674,0.34037256
3466613761,0.37254044,0.3347891,0.29267043
3466737646,0.6792238,0.14745072,0.17332557
3466807448,0.42648664,0.25812995,0.3153834
3466935492,0.32622507,0.3772302,0.2965447
3466959564,0.62593114,0.15663594,0.21743295
3467393478,0.59874314,0.14488336,0.25637355
3468600605,0.23704237,0.41586685,0.34709078
3469095406,0.326131,0.28399226,0.3898767
3469217485,0.25887486,0.47933182,0.26179332
3469861150,0.47230718,0.2823388,0.24535397
3470791593,0.20544204,0.3935023,0.40105572
3470837322,0.36865973,0.31799328,0.31334692
3470923669,0.29063663,0.1967881,0.5125753
3472211036,0.36902362,0.34286502,0.28811136
3472890763,0.32059366,0.33438307,0.34502336
3473119337,0.1846965,0.6116501,0.20365341
3473409126,0.73755103,0.08673453,0.17571443
3473695606,0.20815423,0.31446087,0.47738487
3473697466,0.13743638,0.32127318,0.54129046
3473745944,0.4238679,0.2710772,0.30505484
3474186879,0.41225407,0.37161678,0.21612917
3475006113,0.27953455,0.26840588,0.4520596
3475067443,0.61386865,0.17347465,0.21265665
3475087792,0.20389527,0.3733097,0.42279506
3475565233,0.22469603,0.27024654,0.5050574
3476251911,0.47906098,0.2643133,0.25662574
3476299508,0.51651406,0.15770344,0.32578242
3476523721,0.23072985,0.43136874,0.33790138
3477476741,0.28083003,0.3022315,0.41693842
3477955748,0.3266096,0.2944758,0.37891462
3479108101,0.26017842,0.51246077,0.22736083
3479233189,0.47272205,0.20984235,0.31743568
3480782243,0.19676338,0.56344795,0.23978873
3480799188,0.290023,0.31143188,0.3985451
3480929448,0.3697424,0.23419307,0.39606455
3481489584,0.2960149,0.45795226,0.24603288
3481757191,0.4103302,0.21924971,0.37042013
3482285235,0.26411885,0.29958314,0.43629798
3482509484,0.42201144,0.29809994,0.27988872
3482979953,0.2965823,0.44104898,0.26236874
3483039076,0.1223302,0.61964464,0.25802517
3483298920,0.3980333,0.21015127,0.39181536
3483324683,0.34512874,0.3593424,0.29552886
3484192854,0.18149693,0.078060396,0.74044263
3484538696,0.22542417,0.5014835,0.27309236
3484782485,0.33840647,0.32382694,0.33776662
3484816269,0.20541193,0.53429735,0.26029077
3485102930,0.30220917,0.3728663,0.32492456
3485136199,0.23050234,0.10162317,0.6678745
3485189050,0.3926399,0.3146521,0.29270807
3485214578,0.17538291,0.61859083,0.20602629
3485554277,0.22003587,0.52790636,0.25205782
3486249428,0.3075071,0.32396525,0.36852762
3486406707,0.28671524,0.36278042,0.3505044
3487154554,0.6312472,0.14482798,0.22392488
3487456227,0.30178043,0.39141217,0.30680743
3487874062,0.21560025,0.32979333,0.45460644
3487875757,0.28392375,0.45923138,0.25684488
3487974056,0.562777,0.17814611,0.2590768
3488894653,0.5545323,0.20749034,0.2379773
3489662208,0.31368664,0.38610435,0.30020908
3489896053,0.412306,0.28177783,0.30591613
3489905765,0.2637152,0.35480693,0.38147786
3490170770,0.4311679,0.271299,0.29753312
3493103994,0.22460812,0.4597935,0.3155983
3493294821,0.33342534,0.3470666,0.31950796
3493856765,0.25879848,0.45839626,0.28280523
3494754040,0.24025391,0.42371508,0.33603108
3494833946,0.45084056,0.2666245,0.2825349
3495084034,0.1855387,0.45204344,0.36241782
3496246343,0.21622469,0.48075524,0.30302018
3497361239,0.48393,0.25615755,0.2599125
3497560987,0.30594623,0.38590026,0.3081535
3498168100,0.3187685,0.33697286,0.3442587
3498586141,0.20752285,0.3889919,0.40348518
3498720760,0.30638707,0.2921685,0.40144444
3499666330,0.23309587,0.4842612,0.28264287
3499862924,0.19014643,0.5515042,0.2583493
3500018067,0.45397466,0.20764981,0.33837548
3500103921,0.076412156,0.5917266,0.3318613
3500925701,0.4522276,0.17080745,0.37696505
3501010324,0.38602298,0.3208075,0.2931695
3501245320,0.36788726,0.3333764,0.29873633
3501323858,0.36898294,0.3869404,0.24407671
3501962113,0.4954359,0.27629557,0.22826852
3502384960,0.27340674,0.4227333,0.30385986
3502899496,0.71093005,0.018064264,0.2710057
3502956208,0.23574063,0.38654125,0.37771818
3502984345,0.39031115,0.28416198,0.3255269
3503305722,0.35238978,0.32782206,0.3197882
3503486846,0.1299654,0.58892196,0.28111267
3503595707,0.24202754,0.5282463,0.2297262
3503617822,0.324306,0.3288542,0.3468398
3503886678,0.2714515,0.47875422,0.24979429
3504132550,0.38544357,0.28844514,0.32611126
3504492251,0.18929683,0.4833644,0.32733873
3505322204,0.38256565,0.31095842,0.30647597
3506629837,0.22353908,0.47596747,0.30049342
3506980293,0.44093543,0.27901292,0.28005165
3507304933,0.34687924,0.386694,0.26642677
3507419812,0.29391086,0.43612933,0.26995978
3508046419,0.38793766,0.30264297,0.30941936
3508513599,0.22827561,0.32113627,0.45058808
3509072838,0.56244326,0.1846018,0.25295493
3509921530,0.19395505,0.57552874,0.23051621
3510172782,0.2787612,0.443516,0.27772275
3510487589,0.4193788,0.31020972,0.2704115
3510831895,0.4853991,0.22231433,0.29228657
3511269980,0.09271903,0.50605536,0.40122566
3512230107,0.4052013,0.18576106,0.40903765
3512287306,0.33455908,0.17081344,0.49462742
3512291490,0.24915712,0.25270468,0.49813822
3512962045,0.391551,0.37201652,0.23643248
3513028582,0.41322944,0.31991616,0.26685438
3513085321,0.30104038,0.4558579,0.2431017
3514338215,0.4423346,0.3023013,0.2553641
3515027556,0.22720906,0.46659636,0.30619463
3515105781,0.5838037,0.12442996,0.2917663
3515265397,0.2910959,0.41030765,0.2985965
3515994772,0.64787626,0.13140246,0.22072127
3516268032,0.37073413,0.29465574,0.3346101
3516389130,0.31097126,0.38568583,0.3033429
3517380544,0.26358446,0.24813963,0.48827586
3517550177,0.34267136,0.3457762,0.31155238
3517791161,0.46902668,0.20197335,0.32899988
3518967317,0.49757555,0.20107289,0.3013516
3519001366,0.35991105,0.34929183,0.29079705
3519047429,0.22757652,0.5370513,0.2353721
3519080768,0.1966592,0.33409038,0.4692504
3519190404,0.51834863,0.30328846,0.17836288
3519242780,0.3366892,0.290265,0.3730458
3519949464,0.3550278,0.30541438,0.3395578
3520082507,0.38016474,0.29902926,0.32080597
3520520698,0.3397154,0.3448641,0.3154205
3522096824,0.4827988,0.231685,0.2855162
3522252737,0.23945062,0.32474434,0.43580508
3522623057,0.23062873,0.23557264,0.5337986
3523636974,0.4455703,0.27430466,0.28012508
3523712443,0.2111934,0.5221413,0.26666543
3523835560,0.10021531,0.48189998,0.41788474
3524057715,0.4206806,0.2596959,0.31962347
3524996493,0.46759173,0.31816545,0.2142429
3525090061,0.2971612,0.46895736,0.23388146
3525456887,0.34561324,0.32450315,0.32988358
3525563032,0.1787225,0.29794708,0.52333045
3525634167,0.66350245,0.14714499,0.18935253
3526405689,0.36276537,0.2531116,0.38412306
3527437008,0.37085944,0.18965532,0.43948525
3528124976,0.24899803,0.49614024,0.2548617
3528263093,0.6287481,0.17233747,0.19891442
3528824471,0.45543882,0.26274174,0.28181943
3528831494,0.47478512,0.23743941,0.2877755
3529592704,0.27097335,0.3182724,0.4107543
3529621483,0.10148661,0.45595065,0.44256273
3530220139,0.31470522,0.36805722,0.31723756
3530427771,0.46325335,0.25852123,0.2782255
3531063814,0.42092383,0.25884125,0.32023492
3531128301,0.23297426,0.45604244,0.3109833
3531153677,0.1872859,0.30538043,0.5073336
3531271341,0.30049482,0.44519112,0.2543141
3531533455,0.43769145,0.29418984,0.2681187
3531900778,0.36771506,0.33134308,0.30094197
3532126063,0.61634606,0.14678536,0.23686858
3532503706,0.36764318,0.32223248,0.3101244
3532841250,0.2240758,0.503371,0.27255324
3533083695,0.35990503,0.32045525,0.31963968
3533430383,0.6353307,0.17442779,0.19024159
3534180451,0.3742499,0.33818692,0.2875632
3535041409,0.42823535,0.26678783,0.3049769
3535051383,0.1634187,0.5232451,0.31333622
3535448304,0.15814671,0.4013445,0.44050887
3535452356,0.5113333,0.23734264,0.2513241
3535617794,0.4440672,0.3015055,0.25442737
3535822471,0.19239274,0.11076377,0.6968434
3536006301,0.23252483,0.4928238,0.27465138
3536589467,0.31119013,0.4008984,0.28791153
3537552908,0.20611002,0.4334576,0.36043245
3537813346,0.5014652,0.24010637,0.2584284
3537846651,0.20089959,0.54425675,0.25484365
3538626431,0.38630566,0.26436183,0.34933257
3539832942,0.7019765,0.1701069,0.12791657
3539857135,0.061709322,0.5971255,0.3411652
3540864998,0.119083636,0.5521382,0.3287782
3540897218,0.21539296,0.5846548,0.19995219
3541274100,0.2843217,0.33941665,0.37626162
3541744963,0.17035693,0.62419367,0.2054494
3542033755,0.4456627,0.29128024,0.2630571
3542155583,0.3618593,0.23027389,0.4078668
3542233866,0.2970846,0.32125708,0.38165835
3542612284,0.40117112,0.2950678,0.3037611
3543653746,0.2822112,0.43210164,0.2856871
3543788562,0.28407776,0.3228492,0.39307296
3544030483,0.38393268,0.32535022,0.29071707
3544110209,0.24535142,0.4966751,0.25797343
3544593490,0.32943904,0.37453046,0.2960305
3545050685,0.18274502,0.54891646,0.26833853
3545298842,0.26850703,0.14007677,0.59141624
3545374361,0.36879262,0.33679634,0.29441106
3545555202,0.4103293,0.337744,0.25192672
3545828003,0.33413315,0.36708304,0.2987838
3545840669,0.25160855,0.43667236,0.31171912
3545935378,0.31794384,0.34523186,0.3368243
3546448098,0.37610018,0.22101325,0.4028866
3546601688,0.2247624,0.5576747,0.21756288
3546637174,0.37760943,0.2957773,0.32661325
3546756859,0.21139517,0.15256423,0.63604057
3546896065,0.16092728,0.25172356,0.5873491
3546902123,0.26520136,0.44286436,0.29193437
3547127693,0.4653013,0.19884148,0.33585718
3547141716,0.030577002,0.80019546,0.16922759
3547929942,0.5660857,0.16546397,0.26845035
3548136364,0.31480524,0.46271375,0.22248104
3548295169,0.34148383,0.28596622,0.37254995
3549757728,0.60593927,0.12760162,0.2664591
3550058200,0.33471832,0.24223864,0.4230431
3550808545,0.31975296,0.41040742,0.2698396
3551023037,0.20423795,0.4945017,0.30126038
3551058175,0.3329811,0.40987328,0.25714558
3551477478,0.37951928,0.3259922,0.29448855
3551505051,0.31308728,0.12598166,0.56093115
3551545990,0.06644938,0.5417749,0.3917757
3552109324,0.51396835,0.15955675,0.32647496
3552195410,0.3733297,0.3412549,0.28541538
3552202212,0.2146019,0.5140375,0.27136058
3552520616,0.29893294,0.42663944,0.27442756
3552907282,0.47595042,0.27000612,0.25404343
3553648616,0.42310384,0.20092048,0.3759757
3554330500,0.29357332,0.42762858,0.27879807
3554503683,0.22345707,0.45909613,0.31744674
3554528113,0.3890943,0.32013327,0.2907724
3554798061,0.28795576,0.34958363,0.36246064
3554813157,0.34246877,0.39777282,0.25975844
3555197494,0.30704284,0.38918093,0.30377626
3555559879,0.35604188,0.34769323,0.2962649
3556602351,0.5082374,0.20952629,0.28223622
3558176917,0.39789867,0.3165894,0.28551194
3558393920,0.28442878,0.44973218,0.26583904
3558476042,0.26573542,0.41774532,0.3165193
3558505594,0.36471543,0.3735547,0.26172984
3559369723,0.56636643,0.195299,0.23833458
3559423938,0.5182585,0.21857248,0.26316896
3560603336,0.48589826,0.267595,0.24650675
3561249031,0.26820844,0.46494484,0.26684663
3561338756,0.32912564,0.19896308,0.4719113
3561506337,0.48996395,0.21261086,0.29742518
3561546594,0.34951138,0.3451643,0.3053243
3561571043,0.119503975,0.60636866,0.27412733
3561863418,0.26233158,0.47983593,0.2578325
3562277674,0.39860544,0.28330427,0.31809035
3562831745,0.5120806,0.2080682,0.2798512
3563020197,0.22794327,0.26401374,0.508043
3563157231,0.5647242,0.19181807,0.24345772
3563580556,0.418119,0.28168553,0.3001955
3564310960,0.05209349,0.82435244,0.123554096
3564406950,0.5327734,0.22683476,0.24039194
3564420926,0.09561002,0.6442199,0.2601701
3565179748,0.28649148,0.46434703,0.24916154
3565252363,0.4408539,0.313395,0.2457511
3565314061,0.20165661,0.33914486,0.45919853
3565317149,0.087680474,0.6017836,0.31053603
3565433979,0.24483629,0.36021668,0.394947
3565751739,0.39494258,0.070189096,0.53486836
3566154899,0.3212565,0.38253742,0.29620612
3566563957,0.22742914,0.34229353,0.43027735
3566617510,0.25406042,0.33379588,0.41214377
3566636449,0.27404276,0.38147062,0.34448662
3567210401,0.30879304,0.45796064,0.23324636
3568039267,0.41998404,0.27633402,0.30368194
3569307669,0.47932208,0.19870526,0.32197267
3570801941,0.47004747,0.24248338,0.28746912
3571179882,0.20688778,0.30636963,0.48674262
3571217611,0.38021234,0.3533353,0.26645243
3572446349,0.21202104,0.5557917,0.23218727
3572990107,0.41594973,0.2468171,0.3372331
3573328748,0.22513899,0.4075799,0.36728114
3573445457,0.10069765,0.7286409,0.17066148
3573516689,0.3026425,0.388674,0.30868354
3574286692,0.4445362,0.323667,0.23179673
3575022517,0.42041278,0.24771176,0.3318754
3575579978,0.43185228,0.2805921,0.28755563
3575812488,0.45588642,0.27291083,0.27120277
3576231689,0.13748842,0.66064876,0.2018629
3576392436,0.43287247,0.2750234,0.29210415
3576544880,0.30877566,0.37346995,0.31775433
3576660886,0.2433271,0.5253292,0.23134375
3576894648,0.1620984,0.27399302,0.5639086
3578278075,0.33354923,0.38898635,0.27746442
3578552320,0.28819403,0.4573431,0.2544628
3578593489,0.187773,0.5306685,0.28155848
3578637616,0.5288702,0.22499083,0.24613903
3579155152,0.3446515,0.3463474,0.30900106
3579662898,0.33033842,0.30111277,0.36854878
3580714575,0.344887,0.35566574,0.29944718
3580979781,0.38249674,0.28691548,0.3305878
3581594347,0.18924662,0.46032572,0.3504276
3581811864,0.48332417,0.22752586,0.28915003
3581899190,0.20081526,0.6083336,0.1908511
3582293437,0.35481304,0.34819686,0.29699007
3582464636,0.416912,0.17573395,0.4073541
3582506900,0.39316672,0.30898404,0.29784927
3582766601,0.40176567,0.3085726,0.2896618
3583570866,0.31298915,0.42988434,0.25712654
3583886974,0.48844817,0.23778373,0.2737681
3583927480,0.44728327,0.28922468,0.2634921
3583999779,0.30090842,0.3162595,0.38283202
3584576347,0.33921713,0.39149427,0.2692886
3584702927,0.41742617,0.2751108,0.307463
3585979491,0.49772903,0.20993285,0.2923382
3585995655,0.27972722,0.3749728,0.3453
3587126359,0.38501698,0.3100687,0.30491436
3587136464,0.25104257,0.43802255,0.3109349
3587202373,0.3906307,0.34792104,0.2614482
3587830837,0.28050998,0.21495476,0.50453526
3588886352,0.2958529,0.48418948,0.21995768
3589039142,0.33767563,0.3178682,0.34445617
3589138297,0.30657437,0.33793476,0.35549086
3589145199,0.18358563,0.5551589,0.26125544
3589343975,0.3096509,0.37934852,0.31100065
3589720584,0.3036853,0.31471214,0.3816026
3589837896,0.31731036,0.41637865,0.266311
3589919211,0.33183867,0.37247583,0.29568556
3590177515,0.20897122,0.506039,0.28498977
3590327782,0.3345189,0.314257,0.35122406
3590475961,0.50490344,0.20514038,0.28995612
3591191022,0.44849035,0.2413929,0.3101168
3591502688,0.15560952,0.6516578,0.19273268
3591617543,0.4525536,0.22252226,0.3249241
3592578325,0.23980233,0.18940073,0.57079697
3592610606,0.36084428,0.3503189,0.28883678
3592779218,0.30524656,0.35333985,0.34141353
3593603924,0.23686673,0.33164302,0.43149024
3595182704,0.0152213145,0.953032,0.031746633
3595558273,0.31453645,0.38363922,0.30182436
3595845136,0.34575012,0.30720147,0.34704846
3596234761,0.34511903,0.28437287,0.37050813
3596445145,0.23283215,0.5213037,0.24586418
3596860644,0.10865104,0.079952195,0.8113968
3597146723,0.21824709,0.15677613,0.6249768
3597151984,0.13835377,0.6033275,0.2583187
3597915091,0.32294548,0.373074,0.30398053
3598371822,0.47989053,0.26734996,0.2527595
3598399803,0.26543194,0.45475814,0.27980995
3598608451,0.42420506,0.26949176,0.30630314
3599057519,0.080543116,0.6339904,0.28546643
3599383115,0.52754116,0.21338971,0.25906906
3599952651,0.5831497,0.11242186,0.3044284
3600096178,0.32079205,0.37183222,0.3073758
3600438629,0.09765477,0.61958116,0.28276414
3600984724,0.30822626,0.3593816,0.3323922
3601052269,0.40354592,0.26861686,0.32783717
3601715789,0.25386027,0.48013952,0.26600024
3602178131,0.36517283,0.341636,0.2931911
3602246322,0.5093623,0.24758583,0.24305186
3602357500,0.3206383,0.35251677,0.32684493
3602600687,0.25697154,0.2584064,0.48462194
3602630627,0.2729429,0.41932002,0.30773705
3602713522,0.16268303,0.38670573,0.45061126
3603149326,0.17599465,0.5729051,0.25110027
3603154507,0.36885518,0.30750445,0.32364038
3603439384,0.27701566,0.4278847,0.29509956
3603886789,0.3174341,0.3387101,0.3438558
3604250287,0.3940873,0.41044384,0.19546884
3604442758,0.4059534,0.34358892,0.2504577
3604754589,0.4112598,0.33000186,0.25873837
3604999265,0.26778933,0.4694214,0.2627893
3605566747,0.4555367,0.26711503,0.27734825
3605598975,0.23543422,0.11152168,0.65304416
3605734628,0.52774143,0.22824405,0.24401455
3606104732,0.44767144,0.30725318,0.24507533
3606471663,0.3331864,0.365737,0.30107668
3606579136,0.37039194,0.33496106,0.2946469
3606780073,0.64414257,0.16853496,0.18732245
3606806970,0.2235827,0.1320577,0.64435965
3607558102,0.3174658,0.40328342,0.27925077
3608074206,0.29854107,0.38802022,0.3134387
3608160808,0.3074497,0.3702402,0.3223101
3608362491,0.21209109,0.4280606,0.3598483
3609685574,0.3785318,0.26551148,0.35595673
3609919186,0.24986546,0.48511457,0.26502
3609953696,0.14864251,0.6163501,0.23500738
3609980369,0.2759558,0.37417728,0.34986693
3610013302,0.5412645,0.15141898,0.30731648
3610149658,0.30887917,0.17742349,0.5136974
3610472025,0.27812427,0.41803542,0.3038403
3610998410,0.26242164,0.36813554,0.36944282
3611170910,0.6938585,0.09745411,0.20868744
3611427909,0.3189256,0.35992423,0.32115018
3611484413,0.2446154,0.48672202,0.26866257
3611929103,0.33239672,0.35221952,0.31538373
3612320829,0.4928917,0.20225401,0.30485415
3612379466,0.45689127,0.23614089,0.30696788
3613121792,0.4036146,0.28877598,0.30760938
3615516406,0.29480195,0.4832178,0.22198026
3615624694,0.1430097,0.1671734,0.68981695
3615763409,0.5466743,0.21306671,0.24025902
3615807787,0.41540214,0.2664593,0.3181385
3616079165,0.31084025,0.34285617,0.34630358
3616112393,0.30128595,0.3618362,0.33687782
3616200030,0.5691703,0.21660815,0.21422155
3616333863,0.40619668,0.27963653,0.31416672
3616430296,0.4338668,0.22301716,0.34311607
3617199858,0.43166623,0.24170709,0.32662675
3617790338,0.41218042,0.30249244,0.28532717
3617902736,0.13827454,0.69357073,0.16815469
3618089237,0.3007002,0.39957199,0.2997278
3618784346,0.2608995,0.4862672,0.25283325
3619595654,0.36756834,0.34574765,0.28668395
3619999607,0.24329251,0.2574586,0.4992489
3620127087,0.57165766,0.19344352,0.2348988
3620375943,0.31849688,0.40777758,0.27372557
3620640448,0.42453077,0.31271112,0.26275817
3620710928,0.30604535,0.4715545,0.22240017
3621075138,0.34903318,0.36619866,0.28476807
3621700778,0.46182287,0.29121968,0.24695744
3621794020,0.31369093,0.3908936,0.29541543
3621872275,0.39382097,0.27299497,0.33318403
3622641401,0.25741923,0.3932114,0.34936938
3622748520,0.6126133,0.16210105,0.22528559
3623216600,0.27149236,0.49708325,0.23142436
3624213171,0.30730626,0.42292586,0.26976797
3624247400,0.39530754,0.36170253,0.24298999
3624400242,0.2988972,0.20455451,0.49654824
3624812830,0.3579493,0.33285373,0.309197
3624835943,0.44386426,0.34350178,0.21263394
3625399303,0.1928585,0.2165205,0.590621
3625463758,0.28830564,0.16821837,0.5434759
3626462383,0.12499275,0.18312648,0.6918808
3626588827,0.4584578,0.2670053,0.2745369
3626795242,0.40271872,0.29454952,0.3027318
3627211183,0.17638609,0.45997775,0.3636362
3628550994,0.22987622,0.5426437,0.22748008
3629342334,0.28301525,0.45831355,0.25867122
3629946350,0.19803089,0.470223,0.33174607
3630156710,0.5321153,0.1766979,0.29118687
3630518008,0.598212,0.18452843,0.2172596
3630619101,0.5015396,0.20843294,0.29002747
3630783766,0.17567469,0.16220684,0.6621185
3630988963,0.45185876,0.27458265,0.27355862
3631724351,0.1662318,0.18100421,0.65276396
3631932205,0.276779,0.34963295,0.373588
3632086367,0.25056592,0.5847112,0.16472283
3633028664,0.41168943,0.30747798,0.28083262
3633314542,0.59549344,0.17937991,0.22512667
3633396701,0.20831344,0.5459637,0.24572287
3634874035,0.30133572,0.42875218,0.26991206
3635263387,0.25131541,0.3199782,0.42870638
3635268641,0.38461438,0.2766134,0.33877215
3635278547,0.25978175,0.47125846,0.26895973
3635484820,0.4503596,0.2188769,0.33076352
3636713338,0.39724356,0.30191264,0.30084375
3636884986,0.43204066,0.29145035,0.27650905
3637261020,0.36587596,0.301009,0.33311504
3637470410,0.3350733,0.36599833,0.29892847
3637576663,0.6004266,0.17056563,0.22900775
3637896335,0.8363836,0.023703713,0.13991272
3638139002,0.43249756,0.21452053,0.35298193
3638165563,0.22689903,0.39148897,0.38161194
3638674163,0.36412033,0.35977203,0.27610767
3639568002,0.58670527,0.18694173,0.22635302
3639604948,0.18356474,0.44934693,0.3670884
3639635571,0.30131975,0.4252311,0.2734491
3639701142,0.3828101,0.28891683,0.3282731
3639825057,0.18232019,0.6776096,0.1400701
3639970298,0.21243908,0.48778337,0.29977763
3640906103,0.08059193,0.5842506,0.33515754
3641625011,0.28448632,0.3132139,0.40229976
3641703696,0.16273755,0.464789,0.37247345
3642278103,0.5691644,0.18319996,0.24763572
3642351306,0.4473021,0.28365672,0.26904115
3642614799,0.43589827,0.2617494,0.3023523
3642966515,0.45559645,0.24176788,0.30263567
3643326806,0.0865008,0.41718203,0.49631715
3643364753,0.3770305,0.3212594,0.30171016
3643579286,0.23848385,0.45640942,0.3051067
3644514481,0.33126464,0.42014015,0.24859527
3644645477,0.5132284,0.19305667,0.29371485
3645897735,0.6188934,0.16852099,0.21258567
3647674946,0.26737097,0.2783502,0.45427886
3648723080,0.44357532,0.2500366,0.30638814
3649316778,0.3619709,0.20955332,0.4284758
3649574415,0.13742276,0.6433998,0.21917747
3650367041,0.4178766,0.19493653,0.38718694
3650375014,0.1876334,0.47844362,0.33392298
3650511805,0.23231514,0.21021791,0.557467
3650758625,0.2603675,0.48892185,0.2507106
3650867192,0.3102349,0.45662823,0.23313685
3651363537,0.12685968,0.6654762,0.20766407
3651614122,0.1709606,0.4840778,0.34496158
3652288451,0.21891671,0.16968043,0.61140287
3653316916,0.55717814,0.2067715,0.23605037
3653428406,0.26317552,0.45378026,0.2830442
3653461116,0.046047762,0.119855545,0.8340967
3653689283,0.44131768,0.22466832,0.33401406
3653845774,0.24500468,0.48826376,0.2667315
3653967389,0.6017022,0.18924579,0.20905192
3654914308,0.34375486,0.3296725,0.3265727
3654937416,0.17294803,0.47543716,0.35161483
3655193347,0.24567616,0.10488763,0.6494362
3656714533,0.33550817,0.34945393,0.3150378
3656855322,0.2772803,0.31112254,0.41159713
3657565753,0.26795205,0.20418288,0.5278651
3657767355,0.23402493,0.5043586,0.2616165
3658318160,0.4590864,0.23461452,0.30629912
3658392229,0.29508626,0.3441915,0.3607222
3658566676,0.24015498,0.52670366,0.23314136
3658795654,0.069756076,0.81217104,0.11807291
3658991985,0.28576243,0.4743658,0.23987177
3659307331,0.3263031,0.37990054,0.29379636
3659988358,0.34341073,0.23555154,0.42103773
3660466495,0.36225188,0.34017763,0.29757047
3660887021,0.15090752,0.23451963,0.61457294
3661566590,0.5927269,0.1762116,0.23106161
3661602776,0.6875868,0.07723702,0.23517613
3662294764,0.5828791,0.15281644,0.26430446
3662487043,0.35646138,0.33523825,0.3083005
3663268034,0.3356039,0.36372218,0.30067396
3665168096,0.4711793,0.2436328,0.2851879
3666735176,0.23667307,0.4747626,0.28856432
3668083338,0.3076327,0.36888573,0.32348156
3668991488,0.18220907,0.4315995,0.3861915
3669005667,0.48895615,0.1882409,0.32280293
3669007133,0.35447645,0.32045564,0.32506788
3669120722,0.33377787,0.34457648,0.32164562
3669201990,0.32554653,0.3489265,0.3255269
3669442778,0.24981253,0.4274098,0.32277772
3669577586,0.29844663,0.37446597,0.32708743
3669717422,0.4712807,0.19789022,0.33082905
3670596186,0.2169368,0.41346118,0.3696021
3671397778,0.35871044,0.34821326,0.29307634
3672177816,0.490052,0.25106806,0.25887993
3672331595,0.35644785,0.26806504,0.37548706
3672710194,0.27814364,0.42407948,0.29777688
3672885031,0.26907527,0.3923297,0.33859497
3672949798,0.19876462,0.5366855,0.2645498
3672962834,0.8687102,0.009468482,0.12182121
3673046513,0.16216199,0.5703836,0.2674544
3673550570,0.27171543,0.40366018,0.3246244
3673631257,0.86225486,0.032698147,0.10504703
3673915424,0.28695455,0.3731307,0.33991468
3674056820,0.36662027,0.3097148,0.3236649
3674991978,0.34099728,0.35413334,0.30486932
3675264140,0.6987332,0.044077232,0.25718948
3675573142,0.17610356,0.5577396,0.2661568
3675985723,0.14973563,0.32390407,0.52636033
3676254828,0.24690151,0.50477153,0.24832705
3676852925,0.59395415,0.1372516,0.2687943
3676864924,0.30180347,0.32615745,0.37203905
3676944211,0.19862549,0.46935672,0.33201784
3677542270,0.29234558,0.23332898,0.4743254
3678344046,0.26773706,0.32635388,0.40590906
3678354771,0.39733815,0.30499056,0.29767126
3678494888,0.57273597,0.20332766,0.22393636
3678918256,0.36955172,0.28932875,0.3411195
3679132468,0.485431,0.13393323,0.3806358
3679752016,0.53744847,0.05405728,0.40849426
3679861908,0.30999675,0.4221121,0.26789117
3680268090,0.299541,0.4135753,0.28688368
3680515046,0.34625128,0.3444786,0.30927008
3680992180,0.24402694,0.49777967,0.2581934
3682119430,0.52358496,0.22003941,0.2563756
3682613026,0.43899456,0.3005122,0.2604933
3682672488,0.32072964,0.33221504,0.34705523
3683184042,0.37128887,0.28650552,0.3422057
3683480096,0.49333167,0.24738646,0.25928193
3683773966,0.3530607,0.38946977,0.25746956
3683810074,0.30996534,0.37362507,0.31640956
3684237310,0.38621482,0.27700558,0.33677956
3684328848,0.33231035,0.39990577,0.26778385
3684769709,0.3632322,0.34182635,0.29494154
3685054900,0.09271037,0.8123513,0.09493833
3685382479,0.24627313,0.50051993,0.2532069
3686232527,0.35345405,0.28598908,0.3605569
3686384627,0.15333614,0.45302927,0.3936346
3686617184,0.21205452,0.55134046,0.23660497
3686746532,0.33907032,0.22795519,0.43297452
3686910324,0.19197021,0.49888828,0.30914155
3687297983,0.37647045,0.32675236,0.2967772
3687510342,0.25835553,0.2933354,0.448309
3687736476,0.5478183,0.17416084,0.27802083
3687746974,0.25163156,0.3340891,0.41427934
3687946915,0.539078,0.2060337,0.25488827
3688261984,0.39351365,0.30614507,0.30034134
3688955192,0.2455023,0.32688785,0.42760986
3688994942,0.42679518,0.17063268,0.40257218
3689417023,0.77899605,0.07690949,0.1440945
3689937226,0.2824805,0.40973505,0.30778447
3690002338,0.2836923,0.40588325,0.31042442
3690449146,0.2066757,0.41045526,0.38286904
3690826391,0.3714675,0.3207901,0.30774242
3691060514,0.23503661,0.5107963,0.25416702
3691514083,0.25927126,0.44509107,0.2956377
3691720622,0.3046783,0.19869022,0.49663156
3691980282,0.36076295,0.36610743,0.2731296
3692700791,0.35916927,0.35336074,0.28746998
3693213509,0.26989216,0.40088415,0.3292237
3693653598,0.49283755,0.25277779,0.2543847
3693805077,0.37404722,0.35746202,0.2684908
3694856400,0.1943345,0.4030427,0.40262276
3694917168,0.20149772,0.15780133,0.640701
3695032801,0.6505936,0.16091435,0.18849209
3695632667,0.30782622,0.3968906,0.29528317
3695669672,0.38136917,0.39319724,0.22543354
3695730529,0.3621726,0.31448817,0.32333928
3696515701,0.2694775,0.43709254,0.29342997
3697012880,0.32265908,0.40325567,0.27408525
3697176208,0.17294998,0.3675162,0.45953384
3697449017,0.34178627,0.26792714,0.39028654
3698450240,0.19622022,0.2150061,0.58877367
3699863168,0.44954127,0.20644236,0.3440164
3699865854,0.4897938,0.23370846,0.2764977
3700474814,0.6671912,0.09730295,0.23550586
3700842000,0.44735578,0.29551452,0.2571298
3701455325,0.87983763,0.0053515984,0.114810795
3701961104,0.2306726,0.16779613,0.6015313
3701965308,0.32329327,0.3767304,0.2999764
3702096459,0.34870008,0.31717423,0.3341257
3702225864,0.16380137,0.6095622,0.22663644
3703039733,0.70404536,0.032679006,0.26327565
3703216286,0.48629174,0.20219837,0.31150985
3703268540,0.4156135,0.28633168,0.2980549
3703807426,0.32791933,0.20645541,0.46562526
3704471220,0.12405891,0.7117938,0.16414732
3705269362,0.38287133,0.27632532,0.34080335
3705612429,0.27799383,0.44863155,0.27337462
3706672788,0.2188984,0.5156902,0.26541135
3706968151,0.5092451,0.1728927,0.31786215
3707317712,0.3573928,0.36299092,0.27961633
3707378093,0.42669725,0.28003818,0.29326457
3707441872,0.27748653,0.46263617,0.25987726
3707479007,0.35291004,0.3586195,0.28847045
3707703587,0.26169744,0.46607617,0.27222642
3707708741,0.40461433,0.30149654,0.29388908
3708697020,0.39368898,0.16458812,0.44172284
3708797485,0.36698005,0.2587695,0.37425038
3708848178,0.009674352,0.014542095,0.9757836
3709151547,0.23904084,0.47198957,0.2889696
3709416269,0.30934522,0.39480308,0.29585168
3709586737,0.34047276,0.35220584,0.30732134
3709962686,0.28344333,0.44586667,0.27069
3710945249,0.40362644,0.32485083,0.2715228
3711196880,0.1800654,0.6037534,0.21618125
3711336122,0.33966917,0.4104681,0.2498628
3711572426,0.3598814,0.36258975,0.27752894
3711651074,0.32582453,0.33558363,0.33859184
3711914323,0.279965,0.27916065,0.44087428
3712004428,0.4613248,0.2745098,0.2641654
3712026570,0.36358693,0.2767475,0.3596656
3712076237,0.14128435,0.3581997,0.500516
3713326809,0.43945596,0.1483671,0.41217694
3713918030,0.5371212,0.20911369,0.2537651
3714255796,0.4652481,0.19768764,0.33706427
3714387334,0.36387834,0.36785796,0.26826373
3715165360,0.51865005,0.23536421,0.24598572
3715268410,0.4349871,0.16315416,0.40185878
3715463573,0.2636468,0.20443533,0.53191787
3715608168,0.25238803,0.17672102,0.57089096
3715814867,0.34794155,0.39889202,0.25316635
3717583549,0.8163273,0.054967396,0.12870538
3717686644,0.19428833,0.5564751,0.24923657
3717781886,0.66751236,0.09859735,0.23389025
3718021905,0.40707976,0.31260014,0.28032014
3719588178,0.40128946,0.22579703,0.37291354
3719661386,0.42245597,0.18808301,0.38946104
3719892018,0.35188538,0.26443967,0.38367495
3720005219,0.42291963,0.30613056,0.27094984
3720006109,0.44821724,0.28446496,0.26731777
3720182490,0.2570112,0.42076373,0.3222251
3720346735,0.4517413,0.24638656,0.3018721
3721399115,0.11886562,0.10948111,0.77165323
3721874821,0.2874743,0.25463957,0.45788616
3722250556,0.3629383,0.2966925,0.34036925
3722383489,0.2243435,0.4820093,0.29364717
3722478645,0.30296484,0.35348353,0.3435516
3722663595,0.2385465,0.50228065,0.2591729
3723689058,0.3398189,0.33062008,0.32956102
3723766284,0.19974706,0.45398173,0.34627128
3724205743,0.24259777,0.45574126,0.30166095
3724547812,0.5611798,0.14239332,0.29642686
3724976446,0.1426072,0.62480545,0.23258737
3725027931,0.18156025,0.38630486,0.43213493
3725406667,0.12194434,0.60532135,0.27273428
3725460559,0.43223003,0.35243943,0.21533056
3725635014,0.29019246,0.44621888,0.26358867
3726023799,0.32617298,0.430175,0.24365196
3726415651,0.46260315,0.20968296,0.3277139
3726666602,0.47439626,0.26061097,0.26499283
3726833862,0.37584543,0.31017458,0.31398004
3727170884,0.45990196,0.249441,0.29065698
3727923887,0.6783859,0.13815756,0.18345653
3728804995,0.19685966,0.3364367,0.46670365
3729162934,0.15831503,0.40453264,0.4371524
3729393639,0.2661203,0.36608398,0.3677958
3729395661,0.18409407,0.07815436,0.73775154
3729428194,0.14260155,0.66847825,0.18892021
3730270867,0.3872678,0.31700814,0.2957241
3731768466,0.40518764,0.28758636,0.30722612
3731799708,0.34495747,0.39905486,0.2559877
3731824435,0.40440726,0.3379017,0.2576911
3732225241,0.68402845,0.1688482,0.1471234
3732293659,0.2566508,0.48023653,0.2631127
3732336716,0.26780325,0.16402781,0.56816894
3732848011,0.6430778,0.17037426,0.18654796
3733056755,0.35990605,0.3823613,0.25773272
3733319312,0.17721601,0.42800185,0.39478213
3733614450,0.09934469,0.6266083,0.27404696
3734218942,0.1569477,0.52126515,0.32178718
3734529356,0.4479111,0.26445392,0.287635
3734944021,0.46754664,0.26834908,0.26410434
3735006993,0.21922292,0.5064268,0.27435023
3735408811,0.32534128,0.4225028,0.252156
3735558078,0.45546022,0.28181323,0.26272655
3735639810,0.42143077,0.284719,0.29385018
3735766114,0.22097977,0.5074631,0.2715571
3737188175,0.43473634,0.31424075,0.25102288
3737543136,0.42388973,0.32083893,0.25527135
3737851192,0.28206792,0.46724346,0.2506886
3738010876,0.408317,0.2877346,0.30394846
3738387519,0.17917313,0.25599748,0.5648294
3738559037,0.37632105,0.32682374,0.2968553
3738749806,0.5377025,0.15023324,0.31206423
3739346291,0.23424128,0.5142882,0.2514706
3739486994,0.036484383,0.024623264,0.9388923
3739654860,0.45663998,0.24625365,0.29710636
3739993851,0.30945554,0.24294525,0.4475992
3740018414,0.31425986,0.52108955,0.16465059
3740057771,0.47912592,0.22614063,0.2947335
3740071849,0.46003672,0.23468725,0.30527595
3741801190,0.50954187,0.16238283,0.32807526
3743187888,0.34585473,0.3856776,0.2684676
3743743457,0.30502158,0.37546223,0.31951618
3743874734,0.5460198,0.18841209,0.26556814
3744155147,0.46045002,0.25864372,0.28090623
3744303549,0.01097762,0.8343929,0.1546295
3744656253,0.48669901,0.23509453,0.2782064
3746035738,0.43092415,0.29231852,0.27675736
3746686033,0.37803844,0.29773036,0.3242312
3746708399,0.7309934,0.0999083,0.16909832
3746910970,0.35451707,0.3355077,0.30997524
3747496222,0.22990432,0.53745466,0.23264101
3747712799,0.25729057,0.17187056,0.57083887
3747795109,0.25307608,0.5011558,0.24576819
3748396828,0.390433,0.3364984,0.27306852
3748678930,0.29421985,0.36204898,0.34373108
3749050241,0.2934917,0.37633052,0.33017772
3749118402,0.41129148,0.35292402,0.23578456
3749781750,0.34413913,0.3287352,0.32712567
3750035884,0.32277495,0.30194747,0.37527752
3750514510,0.34175643,0.41671783,0.24152575
3751314777,0.22307868,0.54308337,0.23383796
3751351081,0.1135275,0.72811055,0.15836197
3751492229,0.5377009,0.21776767,0.24453144
3752160578,0.32113886,0.36096454,0.31789657
3753004450,0.56199217,0.14913742,0.2888704
3754049619,0.37980884,0.3264468,0.29374436
3755127319,0.52479,0.08172479,0.39348525
3755451447,0.14409499,0.33230194,0.523603
3755586917,0.24600603,0.33385864,0.42013538
3756445148,0.6440371,0.16126049,0.19470242
3756588315,0.16812174,0.3624262,0.46945208
3756628684,0.105000906,0.53927445,0.35572466
3757908827,0.29047018,0.378486,0.33104378
3758049327,0.20575868,0.1876253,0.6066161
3758207435,0.3989682,0.3051703,0.29586154
3758274822,0.15867077,0.22527319,0.6160561
3759278098,0.3297934,0.3549622,0.31524432
3759332697,0.46843368,0.2531946,0.27837172
3759767372,0.24804482,0.27320415,0.47875106
3760439929,0.5357234,0.22932874,0.23494793
3760802936,0.16411197,0.6460178,0.18987027
3761339886,0.21866336,0.482924,0.29841262
3761409737,0.31833965,0.42280498,0.25885537
3761520487,0.19418126,0.5146965,0.2911222
3761547405,0.30707073,0.3371482,0.3557812
3761926843,0.30666387,0.3025847,0.39075142
3762631344,0.15460886,0.629271,0.21612018
3762682310,0.1399891,0.56064314,0.29936782
3763191966,0.43003517,0.28118008,0.2887847
3764248509,0.5772376,0.11554416,0.30721825
3764843303,0.39260778,0.38423538,0.22315688
3765170654,0.71934867,0.099905156,0.18074629
3765279485,0.32740846,0.40830365,0.26428786
3765305495,0.4138704,0.3186348,0.26749483
3765599159,0.39583796,0.31564662,0.2885153
3766341025,0.36794332,0.23081642,0.40124026
3766372654,0.031194305,0.67195755,0.29684827
3766411270,0.37115508,0.3663679,0.26247704
3766482247,0.46968538,0.24727881,0.2830358
3766699109,0.3458059,0.3861054,0.26808876
3766904979,0.20720175,0.5794093,0.21338901
3767267212,0.36879554,0.22500035,0.40620416
3767642004,0.16592014,0.6292036,0.20487623
3767716538,0.32795843,0.35236886,0.3196728
3767793899,0.46532157,0.17058249,0.36409596
3768037628,0.32978946,0.3124694,0.35774115
3768343103,0.56905293,0.21648501,0.21446212
3768406353,0.25081792,0.22396684,0.52521515
3768753421,0.3123214,0.25014362,0.43753487
3769114854,0.20665371,0.34470433,0.44864196
3770507351,0.20313677,0.5436824,0.25318083
3771002520,0.34686568,0.41342512,0.2397092
3771098618,0.20778044,0.36614594,0.4260736
3771172165,0.545953,0.21930298,0.23474412
3771453361,0.33043426,0.39553583,0.2740299
3771704468,0.18489939,0.459366,0.35573462
3772684797,0.32194388,0.37166107,0.30639502
3772870721,0.05450141,0.31155032,0.6339483
3772975709,0.24297848,0.5072905,0.24973099
3773015095,0.29292804,0.3936833,0.31338868
3773401058,0.3203903,0.38614872,0.29346102
3775090664,0.465594,0.26690182,0.26750422
3775489739,0.12596159,0.632385,0.24165343
3775935329,0.32003888,0.3258417,0.35411936
3776250968,0.2430392,0.3205332,0.4364276
3776828648,0.2641785,0.49762827,0.23819323
3777889204,0.15100703,0.39247167,0.4565213
3778089808,0.090442985,0.53278625,0.3767708
3778561201,0.31711385,0.40503743,0.27784884
3778770107,0.43508902,0.30630648,0.2586045
3778890574,0.8486029,0.05791849,0.09347869
3779022849,0.1601868,0.5827489,0.2570643
3779548151,0.43497932,0.29518062,0.26984018
3779580886,0.30726707,0.20804372,0.48468918
3780323554,0.2970164,0.38816065,0.31482294
3780547297,0.4157117,0.28219175,0.30209646
3780592340,0.4997418,0.26597074,0.23428747
3781518781,0.27536073,0.46641555,0.25822374
3781786293,0.31597033,0.39786345,0.28616625
3781879787,0.10969,0.1434414,0.74686855
3782216229,0.2676588,0.40656486,0.3257764
3783104098,0.24725045,0.45481482,0.29793477
3783280405,0.16933814,0.60261273,0.22804913
3783314182,0.31780872,0.36776966,0.31442165
3783510835,0.35617876,0.34088472,0.30293658
3783542263,0.34566104,0.35989863,0.2944404
3784249362,0.1903202,0.20428845,0.6053914
3784867911,0.4013782,0.2345454,0.36407635
3784921473,0.5863342,0.17101744,0.24264836
3785290243,0.26835412,0.40415967,0.32748622
3785991689,0.07774965,0.7063089,0.21594146
3786022677,0.39935252,0.2598849,0.3407626
3786796333,0.54219,0.21527733,0.24253273
3786878206,0.31361002,0.29164517,0.3947448
3786899937,0.20575048,0.48306495,0.31118459
3787173535,0.27265984,0.31939757,0.40794265
3787377213,0.26484522,0.38260594,0.35254884
3788175356,0.36326206,0.33301884,0.30371907
3789357612,0.20742479,0.50413555,0.2884397
3789359717,0.40376747,0.33417857,0.26205403
3789552914,0.36198485,0.3221676,0.31584755
3789588494,0.07125052,0.7684247,0.16032489
3790917395,0.4042363,0.32907543,0.26668826
3791146524,0.6103054,0.15256637,0.2371282
3791323566,0.3298113,0.26681474,0.403374
3791537345,0.14693192,0.4583676,0.39470047
3791805312,0.2436017,0.53129584,0.2251025
3792771939,0.23931976,0.2331202,0.52756006
3792825533,0.42526686,0.27922487,0.29550827
3793342621,0.4892324,0.27385,0.23691769
3793680728,0.18443485,0.6086011,0.206964
3794220164,0.3517284,0.26448402,0.38378757
3794524165,0.3486669,0.33370486,0.3176283
3794945679,0.46997255,0.122469224,0.40755826
3795342015,0.28567582,0.45275465,0.26156956
3795777210,0.10469164,0.75310385,0.14220451
3795934580,0.18005109,0.5851504,0.23479845
3796401115,0.32304448,0.38270757,0.29424798
3796696510,0.38219455,0.23619758,0.3816079
3796720818,0.41112882,0.29775792,0.2911134
3796900745,0.2790342,0.35688186,0.36408398
3797060152,0.36676443,0.20724145,0.42599416
3797338484,0.19659042,0.30700877,0.49640074
3797430759,0.24580178,0.44740525,0.306793
3797650279,0.24653663,0.48947823,0.26398516
3798481978,0.39377847,0.3135763,0.29264528
3798494249,0.26227656,0.27616006,0.46156335
3798771668,0.41041002,0.29416203,0.29542795
3798998187,0.52304345,0.16767493,0.30928165
3799380960,0.345102,0.23609525,0.4188028
3799619258,0.43058136,0.29298624,0.2764324
3799764371,0.09355969,0.75679696,0.14964336
3800930942,0.29910624,0.3749241,0.32596964
3801226297,0.35885668,0.24305105,0.3980923
3802073634,0.37966105,0.28412375,0.33621523
3802154869,0.38322523,0.29616964,0.3206052
3803393913,0.311533,0.37218255,0.3162844
3803462748,0.18558832,0.12413886,0.6902728
3804048258,0.68536735,0.15118116,0.16345145
3804583935,0.3325916,0.32026914,0.3471393
3805051264,0.45754194,0.23118217,0.31127593
3805356928,0.3043765,0.43814924,0.25747436
3805707321,0.3038331,0.30644628,0.38972068
3805755931,0.43067974,0.32174262,0.24757761
3806073990,0.7490169,0.12550923,0.12547387
3806674157,0.369071,0.20246768,0.4284613
3806746755,0.09791529,0.6963234,0.20576137
3807495100,0.294331,0.42098966,0.28467935
3807825433,0.17184289,0.56014824,0.26800892
3808276122,0.32018888,0.3548369,0.32497433
3808412708,0.098215014,0.7074184,0.19436659
3809351157,0.3425191,0.30304956,0.35443124
3809501871,0.29735395,0.43086627,0.27177978
3809885138,0.36569655,0.3842933,0.25001013
3809936468,0.15136817,0.4446467,0.40398508
3810284703,0.24900718,0.52205545,0.22893736
3811015098,0.24252045,0.38509822,0.37238136
3811521828,0.19118632,0.58825976,0.22055392
3812461967,0.18186758,0.5814833,0.23664904
3812477461,0.32028157,0.40712646,0.27259198
3812614080,0.34510738,0.39901635,0.25587627
3812833914,0.47815135,0.24389176,0.2779569
3813807352,0.121673934,0.3836503,0.49467582
3814029685,0.35524932,0.36813107,0.2766196
3814190234,0.097876616,0.41060826,0.49151513
3814469033,0.4393859,0.33394343,0.2266707
3815027373,0.347939,0.18537469,0.46668622
3815132424,0.3123064,0.37268475,0.31500882
3815893321,0.36632773,0.3206344,0.3130379
3816031664,0.22063638,0.44113082,0.33823282
3816428447,0.29307482,0.43032706,0.27659813
3816449000,0.2727818,0.3634786,0.3637396
3817015984,0.40737933,0.27156627,0.32105446
3817146812,0.28743547,0.46312782,0.24943672
3818083228,0.28699878,0.39622334,0.316778
3818242307,0.63927567,0.14095601,0.21976842
3818266273,0.18286072,0.56226325,0.25487608
3818411187,0.54338956,0.17801207,0.2785983
3818578649,0.36279005,0.30569926,0.33151078
3819989882,0.33709592,0.34691414,0.3159899
3820036357,0.24830005,0.5331173,0.2185827
3820448030,0.3704401,0.32109967,0.30846027
3820900711,0.35173887,0.31336144,0.33489966
3820949211,0.31630474,0.4560772,0.22761805
3821289167,0.09203479,0.4768721,0.4310931
3821325702,0.82333,0.05696149,0.11970852
3821365645,0.17617656,0.37955454,0.44426897
3821693345,0.2977504,0.30414784,0.39810172
3822111075,0.2762573,0.38779882,0.33594394
3822395807,0.24530542,0.48167124,0.27302328
3822532431,0.26396605,0.48494065,0.25109327
3822623829,0.25365704,0.24911425,0.49722868
3823365416,0.47725242,0.29681978,0.22592783
3823693468,0.3731708,0.29801655,0.3288127
3823716256,0.42334136,0.2612775,0.3153812
3824150472,0.54934245,0.2065098,0.24414772
3824337683,0.5859455,0.20396306,0.21009141
3824934279,0.44454062,0.28523237,0.2702271
3825044092,0.59558725,0.06491458,0.33949825
3825558361,0.28957605,0.3953479,0.31507617
3826552146,0.40517655,0.31200227,0.28282118
3826820548,0.16429369,0.22498433,0.61072195
3827038074,0.22634216,0.41371888,0.35993898
3827045844,0.43994203,0.262463,0.297595
3827797064,0.16819707,0.47914907,0.35265386
3827890090,0.37373948,0.47006103,0.1561995
3828121231,0.14420024,0.39824638,0.45755345
3828212517,0.41477075,0.25022823,0.33500108
3828921671,0.48487028,0.24727705,0.26785266
3829866691,0.22469032,0.5984154,0.17689432
3830131619,0.3754289,0.31186697,0.31270415
3830223863,0.19252013,0.2616435,0.5458363
3831383332,0.20660357,0.3370141,0.4563824
3832354658,0.41598877,0.26552066,0.3184905
3834125727,0.16121536,0.5852123,0.25357231
3835353848,0.22816484,0.50578123,0.26605397
3835486831,0.08627199,0.7405242,0.17320395
3835568388,0.22298107,0.523946,0.253073
3835786125,0.3033153,0.37127614,0.3254085
3836071757,0.12062918,0.7181448,0.16122605
3836220109,0.4883113,0.2584999,0.25318882
3836377706,0.24472295,0.42137405,0.33390298
3836519593,0.48050448,0.2219653,0.29753023
3836599079,0.088498354,0.11044743,0.8010542
3836654181,0.34484765,0.39076045,0.2643919
3836763001,0.38865715,0.21778372,0.39355922
3836822282,0.21567145,0.25659174,0.52773684
3836839628,0.4089088,0.30663574,0.28445554
3837095728,0.39539355,0.33675417,0.26785237
3837211640,0.44133133,0.27967998,0.27898866
3837298640,0.37571827,0.3270113,0.29727042
3837445208,0.36679286,0.37332264,0.2598845
3837639201,0.3327355,0.4189965,0.24826798
3838354362,0.7144117,0.11292432,0.17266405
3839359874,0.41091785,0.26390308,0.32517916
3839662153,0.3396978,0.38093618,0.279366
3840813644,0.3379623,0.37360966,0.28842807
3841106815,0.2347402,0.45804062,0.3072192
3841177293,0.28241608,0.3928807,0.3247032
3841187348,0.31405404,0.32656518,0.35938084
3841539628,0.07607477,0.7789866,0.1449387
3842001935,0.3205285,0.40376645,0.27570495
3842344338,0.3435038,0.38226175,0.27423435
3842853961,0.24746495,0.5183734,0.23416151
3842957645,0.13100307,0.32018727,0.5488097
3843579862,0.3299919,0.3732124,0.29679576
3843665534,0.27431068,0.47270992,0.25297943
3843977915,0.35045192,0.26920995,0.38033813
3844079470,0.4218599,0.23736808,0.340772
3844154198,0.19558923,0.250917,0.55349374
3844817751,0.5887559,0.2183926,0.1928515
3845534361,0.25638542,0.23759764,0.50601697
3846730715,0.42972544,0.25827318,0.31200135
3847527196,0.33438274,0.35107145,0.3145457
3847540567,0.61391354,0.18397488,0.20211163
3847715872,0.57610756,0.20382078,0.22007172
3847915434,0.25779772,0.461399,0.2808033
3848289028,0.2758252,0.4961705,0.22800432
3849390818,0.43501285,0.29661372,0.26837343
3849443204,0.29530284,0.40479916,0.299898
3849580813,0.25944242,0.4915585,0.24899907
3850775612,0.5000004,0.24234147,0.25765815
3850777357,0.42753595,0.25689033,0.3155737
3852621599,0.15412392,0.3236535,0.52222264
3852673685,0.16077441,0.5585484,0.28067717
3853131435,0.35098264,0.30736965,0.34164774
3853345163,0.23168473,0.37174696,0.39656836
3853407805,0.18099876,0.43965587,0.37934545
3853541860,0.3381088,0.36422813,0.29766303
3853841389,0.22483817,0.42826757,0.34689423
3853934293,0.4602618,0.31829986,0.22143824
3854665600,0.27324164,0.4076006,0.31915775
3854924602,0.21299487,0.30502707,0.48197803
3855528899,0.47515842,0.2539395,0.2709021
3856023780,0.48812672,0.18874833,0.32312497
3856146345,0.5982936,0.18977787,0.21192853
3856312997,0.13956244,0.4283386,0.43209898
3857070217,0.3058878,0.34148103,0.35263115
3857225911,0.4305684,0.2822172,0.28721434
3857542864,0.28034845,0.40210605,0.31754553
3857701272,0.23226365,0.5480829,0.21965352
3857960705,0.3310282,0.24044068,0.42853117
3858385097,0.28938964,0.35277143,0.35783896
3858425137,0.16699931,0.616329,0.21667166
3858596139,0.07647598,0.7174927,0.20603134
3859201381,0.3388278,0.30044845,0.36072373
3859259114,0.21656068,0.50016326,0.2832761
3859416473,0.35094118,0.36924872,0.27981013
3859752125,0.2574713,0.38852972,0.35399893
3860506026,0.18730462,0.18158472,0.63111067
3860837001,0.3138853,0.3659459,0.32016888
3860964123,0.2730667,0.3561413,0.37079203
3861791517,0.29743865,0.1861197,0.51644164
3862589167,0.31642315,0.29921743,0.38435942
3862889791,0.35812488,0.3327068,0.3091685
3863288150,0.4042912,0.36123335,0.23447539
3863384899,0.29260126,0.4406045,0.2667942
3864301388,0.19820687,0.5816219,0.22017117
3865307973,0.2983446,0.38058925,0.32106608
3865660213,0.3542322,0.3527188,0.29304904
3865915001,0.45781845,0.26742902,0.27475256
3866095506,0.34821564,0.36640722,0.28537712
3867011965,0.7244942,0.048933655,0.22657213
3867366441,0.29877928,0.31572115,0.38549954
3867909372,0.29537964,0.3434357,0.36118457
3868484486,0.011117948,0.036752928,0.9521291
3868973998,0.088849306,0.18643463,0.72471607
3868993576,0.11249126,0.2813661,0.60614264
3869265692,0.19989654,0.5382346,0.26186886
3869284113,0.047376215,0.016507035,0.9361167
3869434592,0.31050324,0.39337492,0.2961219
3870510885,0.3835965,0.3898197,0.22658378
3870588405,0.32037216,0.2518629,0.4277649
3870613604,0.45866725,0.24849658,0.29283622
3871606957,0.14151163,0.31617898,0.5423094
3871762337,0.40693563,0.24946094,0.34360343
3871874983,0.17422393,0.41505542,0.41072065
3871948964,0.38506272,0.221032,0.39390528
3872042871,0.60454214,0.13957994,0.2558779
3872132261,0.26965782,0.4742679,0.25607425
3872599526,0.047339093,0.7033212,0.24933966
3872942736,0.24782093,0.5057103,0.24646874
3873367761,0.28710237,0.3610602,0.35183746
3873721817,0.5640316,0.0434104,0.39255804
3873909199,0.29433504,0.31414118,0.3915238
3875191004,0.40223214,0.2879803,0.3097876
3876177323,0.38737634,0.30929714,0.30332652
3876353636,0.3083802,0.40994623,0.2816736
3876416489,0.41988984,0.2685802,0.31152996
3876509665,0.36054975,0.37919268,0.26025757
3876575346,0.13307926,0.41691604,0.45000476
3877321824,0.45765913,0.22863251,0.31370836
3878023242,0.20605698,0.31922418,0.47471887
3878119954,0.28339723,0.429757,0.28684574
3878958681,0.34301305,0.3347953,0.3221917
3880280939,0.088642776,0.5539072,0.35745007
3880761571,0.2783199,0.463359,0.25832105
3881187809,0.13804545,0.68258494,0.17936961
3881571249,0.117857955,0.41363984,0.46850213
3881638188,0.12638026,0.5379487,0.33567095
3881943687,0.3534191,0.35956508,0.28701586
3882233111,0.17881112,0.61005485,0.21113409
3882818874,0.18618174,0.5972216,0.2165966
3882835528,0.49879158,0.2121455,0.28906292
3883052874,0.32152334,0.42514643,0.2533302
3883053766,0.11766689,0.55935746,0.32297567
3883188992,0.76001495,0.07916428,0.16082077
3883259074,0.27847835,0.41776913,0.3037525
3883382593,0.30253866,0.37329525,0.32416612
3884577125,0.44209936,0.30828667,0.24961402
3884819726,0.18634126,0.13610463,0.677554
3884823978,0.20615399,0.5553796,0.23846637
3885119210,0.6227031,0.18832532,0.18897158
3885487475,0.3968944,0.3097717,0.2933339
3885774247,0.44043642,0.26112142,0.29844218
3885863135,0.48415232,0.2349189,0.28092885
3885882058,0.2774031,0.4632708,0.25932613
3885946251,0.6273331,0.17512113,0.19754584
3886354982,0.41863713,0.20120429,0.38015857
3886884537,0.31544366,0.39913616,0.28542015
3887096605,0.32851237,0.43755743,0.23393019
3887350507,0.45181504,0.27751052,0.2706745
3887546380,0.42916945,0.2907681,0.2800624
3887814278,0.47667867,0.05806088,0.46526048
3887913599,0.6119529,0.12566672,0.2623804
3888028201,0.25601414,0.45068878,0.29329708
3888262946,0.40030554,0.29516163,0.30453283
3888482940,0.20292716,0.399564,0.39750886
3888687409,0.45909655,0.14625902,0.39464444
3889003744,0.40273485,0.20698474,0.39028037
3889985409,0.37218857,0.35201317,0.27579832
3890210883,0.12605733,0.6773585,0.19658414
3890819192,0.27389935,0.4817494,0.24435125
3890849941,0.1319222,0.30101287,0.56706494
3891030629,0.30995503,0.43872157,0.2513234
3891485973,0.1982412,0.52303815,0.27872065
3891661292,0.35308522,0.24859782,0.398317
3891740571,0.35968745,0.2948988,0.34541374
3891869887,0.29744467,0.43060595,0.2719493
3892418715,0.21107958,0.53742176,0.2514986
3892615639,0.2561502,0.44459388,0.2992559
3893524764,0.62536144,0.091842994,0.28279552
3893859286,0.36294,0.41435754,0.22270246
3894118103,0.2389618,0.4582293,0.30280885
3894235760,0.5056514,0.21770744,0.27664113
3894284346,0.7985122,0.058939856,0.14254794
3894424828,0.6541878,0.16100939,0.18480282
3894551747,0.35459152,0.3157886,0.32961994
3894820669,0.4953208,0.16766666,0.33701256
3895392234,0.29005936,0.24314703,0.46679363
3895805384,0.51819104,0.2497251,0.2320838
3897310077,0.29869506,0.3832418,0.3180631
3897330887,0.33813488,0.33095977,0.33090532
3897819959,0.43966782,0.29076377,0.26956847
3898216812,0.7158049,0.08132301,0.20287213
3898362763,0.36617592,0.30321693,0.3306071
3898485984,0.3315038,0.32984954,0.33864665
3899561426,0.2853051,0.38929293,0.32540196
3900096085,0.32527488,0.36774686,0.3069782
3900142093,0.33770496,0.38039324,0.28190184
3900285961,0.6245048,0.14587882,0.22961637
3900515764,0.20371997,0.40355465,0.39272535
3900716878,0.39442706,0.29962942,0.30594352
3901215894,0.39357924,0.29120705,0.3152137
3901350971,0.23996796,0.41901955,0.3410125
3901488791,0.30430228,0.31431895,0.38137865
3902095360,0.4464798,0.22865252,0.3248677
3902727014,0.38930574,0.33199695,0.27869725
3902816683,0.3403897,0.35180435,0.30780593
3903388603,0.14183182,0.22057773,0.6375904
3904372114,0.3576264,0.37497374,0.26739982
3904405473,0.32275116,0.41262025,0.26462865
3904536460,0.44529426,0.3112695,0.24343619
3906126657,0.40143365,0.3114515,0.2871149
3906796998,0.2732071,0.24992098,0.4768719
3906854254,0.3046789,0.37601206,0.31930906
3907386510,0.3359582,0.44460282,0.21943901
3907646440,0.4490542,0.26450056,0.28644517
3907771450,0.23540539,0.3193291,0.4452655
3908121630,0.32441592,0.3200347,0.35554937
3908570488,0.35152686,0.36096483,0.2875083
3908777473,0.529483,0.2108984,0.25961852
3908800157,0.15061356,0.6545422,0.1948442
3909152857,0.2698525,0.4728869,0.25726065
3909680262,0.24583891,0.50988424,0.24427688
3910440746,0.3928111,0.2508558,0.35633308
3910640262,0.50675195,0.2637717,0.2294763
3912001245,0.21079832,0.60132813,0.18787356
3912535883,0.3888616,0.1667916,0.4443468
3913231784,0.37393597,0.39030844,0.23575561
3913344217,0.24363817,0.398127,0.35823488
3913455269,0.25884792,0.3944711,0.346681
3914209865,0.41414627,0.3027844,0.28306934
3914908508,0.4056689,0.31557348,0.27875766
3915776807,0.3658222,0.37717688,0.25700098
3916142598,0.39089918,0.2930112,0.31608966
3916269510,0.6514128,0.14583531,0.20275189
3916432991,0.3423042,0.30564424,0.35205153
3916502192,0.49667916,0.23907892,0.26424187
3916534349,0.24205548,0.3236288,0.4343157
3916782400,0.35144475,0.23008484,0.41847035
3917021224,0.3336752,0.36309463,0.3032302
3917041522,0.73262286,0.10136106,0.16601606
3917170154,0.538774,0.24963695,0.21158904
3917282680,0.32369208,0.4068334,0.2694745
3917378893,0.27051243,0.18161313,0.5478744
3917860080,0.44716656,0.3062496,0.2465839
3918334383,0.24141403,0.5013222,0.2572638
3918406813,0.5672467,0.19539754,0.23735572
3918567518,0.35995522,0.40418425,0.23586051
3919297529,0.4269874,0.2723703,0.3006423
3919349165,0.2902926,0.3459374,0.36376998
3919434968,0.18060021,0.5619526,0.25744724
3919950208,0.2322119,0.49223867,0.2755494
3920312398,0.38777694,0.30772844,0.30449465
3920738399,0.3380673,0.3667854,0.2951473
3921800141,0.4730062,0.31510502,0.21188882
3922037349,0.36803982,0.30462813,0.32733214
3922241646,0.22818188,0.51042444,0.2613936
3923390938,0.21803975,0.25471538,0.52724487
3923596825,0.29307342,0.41654822,0.29037842
3924046251,0.24658112,0.31909013,0.43432873
3924525925,0.30709833,0.43710604,0.2557956
3924800120,0.26625356,0.46660364,0.26714283
3924930331,0.35564733,0.30367106,0.34068158
3926397598,0.18200232,0.36742407,0.45057362
3927117189,0.40547845,0.15511794,0.4394037
3927372634,0.24822031,0.4123658,0.33941397
3927825495,0.2584555,0.5459018,0.19564272
3927888923,0.22781435,0.5167282,0.25545743
3928046501,0.14823143,0.7071182,0.14465047
3928255529,0.37049994,0.2554171,0.37408298
3928280292,0.37957272,0.3079243,0.31250292
3928528946,0.3718169,0.34676942,0.28141367
3928977997,0.54094386,0.22862221,0.23043393
3929410933,0.12550007,0.69297516,0.18152478
3929748901,0.34890485,0.30150068,0.34959435
3929812193,0.27677757,0.29472172,0.4285007
3930126732,0.5730491,0.13110167,0.29584923
3930226372,0.34998217,0.14585039,0.50416744
3930236098,0.06818812,0.47528893,0.4565229
3932711533,0.12486081,0.48861948,0.3865197
3933558703,0.43788162,0.30114168,0.26097667
3933629971,0.27049315,0.3307145,0.39879233
3933953474,0.24365406,0.293411,0.46293497
3934394978,0.14624225,0.439698,0.41405982
3934794677,0.18104516,0.20977677,0.6091781
3935224870,0.40041026,0.17544505,0.42414474
3936073824,0.22425608,0.5294769,0.24626707
3937016305,0.091450036,0.2547959,0.6537541
3937535800,0.6832778,0.14210239,0.17461982
3937692421,0.2469136,0.4693373,0.28374916
3938299948,0.776011,0.05941714,0.1645718
3938967638,0.30386797,0.39453766,0.30159444
3939214100,0.1305588,0.5629173,0.3065239
3939606262,0.15191033,0.5997172,0.24837248
3940122589,0.30885652,0.42050618,0.27063733
3940315190,0.38323653,0.26197317,0.3547903
3940568534,0.4268093,0.34205335,0.23113737
3940812560,0.48921856,0.15970448,0.3510769
3941111497,0.548142,0.1799173,0.2719407
3941241582,0.38123366,0.35996398,0.2588023
3941275832,0.4001432,0.29483134,0.30502546
3941460572,0.36797988,0.24495177,0.38706836
3941799206,0.32565588,0.41205874,0.26228538
3941938532,0.31498522,0.21302077,0.47199407
3942607831,0.43058044,0.30287066,0.26654887
3942840482,0.33183867,0.36623222,0.3019291
3942939861,0.1532141,0.31160498,0.5351809
3942974796,0.26881954,0.43914255,0.29203787
3943042243,0.3685873,0.36479107,0.26662168
3943195465,0.48071432,0.25053626,0.26874942
3943789733,0.20796609,0.5886675,0.20336643
3944154373,0.3080657,0.1887418,0.5031925
3944832712,0.12367202,0.6881187,0.18820927
3945398117,0.46863163,0.19803813,0.33333024
3945500605,0.37235045,0.2921351,0.3355145
3946319490,0.18772021,0.52272475,0.2895552
3946830896,0.19836146,0.31468105,0.4869575
3947240179,0.3314398,0.3689014,0.29965878
3947259040,0.1121035,0.29447326,0.5934232
3947919892,0.2469339,0.15287468,0.6001915
3948000494,0.41029626,0.2925248,0.29717886
3948503567,0.36341083,0.3445379,0.2920512
3948545558,0.40396374,0.30308858,0.29294765
3948691925,0.3985711,0.20508502,0.39634386
3948941816,0.29939386,0.43516415,0.26544204
3948949196,0.1075133,0.671692,0.22079466
3949123717,0.5274074,0.23923421,0.23335838
3949585138,0.30676216,0.41924757,0.2739903
3950138677,0.11582044,0.66193044,0.22224914
3950226447,0.22663839,0.274756,0.4986056
3950955237,0.24431963,0.49698186,0.25869852
3952124164,0.20084222,0.44638073,0.35277706
3952240738,0.34519213,0.40250596,0.2523019
3952354040,0.3458211,0.3862688,0.26791
3953158032,0.40589267,0.33201385,0.26209354
3953247050,0.260131,0.48518997,0.254679
3953721667,0.62205607,0.17097113,0.20697278
3953766494,0.352571,0.3517209,0.29570806
3953779070,0.3080376,0.25424466,0.43771768
3954360710,0.6025156,0.13754286,0.25994164
3954418472,0.26762435,0.4364242,0.29595146
3954698594,0.32649195,0.3319175,0.34159046
3954711672,0.22632569,0.51475745,0.2589169
3954760489,0.1516786,0.36942363,0.47889778
3954924495,0.39470735,0.31847525,0.2868174
3954958187,0.27511394,0.29826686,0.42661917
3956010793,0.24527588,0.31451315,0.44021103
3956269050,0.3090631,0.37702894,0.31390798
3956682559,0.21133439,0.52022016,0.2684454
3956706439,0.29833457,0.25672263,0.4449428
3956717277,0.37393466,0.27519867,0.35086662
3957169234,0.30100766,0.39820054,0.30079183
3957277267,0.48157313,0.24200991,0.27641702
3957622915,0.539584,0.21505499,0.2453611
3957817208,0.35222328,0.405926,0.2418507
3957983061,0.14601566,0.49734616,0.3566381
3958217879,0.5072909,0.26823822,0.22447088
3958615315,0.37237808,0.3119389,0.315683
3959986697,0.3491977,0.27364156,0.37716073
3960317906,0.46327448,0.27009952,0.26662597
3961508779,0.4376418,0.298321,0.2640372
3961913384,0.3855366,0.33825666,0.27620667
3962114279,0.5132736,0.22649379,0.26023263
3962196384,0.17267677,0.55480283,0.2725204
3962425556,0.56655085,0.15995714,0.27349195
3962565378,0.26851273,0.4657734,0.26571384
3962572625,0.32870713,0.32626715,0.34502578
3962644044,0.34449506,0.2953604,0.36014453
3962813769,0.46027464,0.23512332,0.30460206
3963469655,0.16151096,0.6720417,0.16644737
3964352885,0.46263343,0.2956019,0.24176472
3964881490,0.27194166,0.4972061,0.23085223
3965150353,0.40368313,0.30720565,0.28911126
3965176753,0.10094259,0.60001993,0.2990374
3965609605,0.30250925,0.22009198,0.47739875
3965915335,0.27703708,0.38541174,0.3375512
3966885037,0.4487345,0.26336265,0.2879029
3967460464,0.33783832,0.2568787,0.40528288
3968193810,0.37691694,0.25864825,0.36443475
3968468141,0.32166323,0.34458905,0.33374774
3968874653,0.36175084,0.28184092,0.35640827
3969249987,0.2698312,0.4141809,0.3159879
3969771484,0.40962243,0.22346424,0.36691332
3969830490,0.4532541,0.29650784,0.25023806
3970158706,0.40619865,0.35971382,0.23408751
3970273165,0.26989844,0.20139684,0.52870464
3970672226,0.35277545,0.27068472,0.37653983
3970753705,0.2163205,0.53536046,0.24831904
3970867491,0.11670322,0.23422654,0.64907026
3970890226,0.21658383,0.2991494,0.4842668
3971708696,0.2890911,0.14163393,0.56927496
3971816073,0.3061739,0.27258098,0.4212451
3972518736,0.16028056,0.6386715,0.20104794
3973475428,0.29904908,0.3612305,0.3397204
3973711672,0.7581183,0.038745657,0.20313607
3974402543,0.29517996,0.16612542,0.5386946
3975012757,0.16448112,0.570794,0.26472494
3975378322,0.32755223,0.22676751,0.44568026
3976290904,0.40315744,0.32049656,0.276346
3976467948,0.46014437,0.25135863,0.288497
3977640207,0.30305773,0.4340155,0.2629267
3979205518,0.4011451,0.33067262,0.26818228
3979856543,0.3551632,0.20853539,0.4363015
3979861431,0.029895797,0.6858901,0.28421402
3980080434,0.33167583,0.39893922,0.26938492
3980251555,0.28235045,0.38388476,0.33376482
3982044934,0.3950658,0.3132586,0.29167566
3982103788,0.20264266,0.4353273,0.36203003
3982116212,0.043653183,0.71976817,0.23657867
3982289121,0.36614913,0.31461334,0.31923756
3982413471,0.2770219,0.21648164,0.5064964
3983085875,0.5042564,0.2562151,0.23952857
3983719476,0.24233119,0.49929598,0.2583728
3983797143,0.06285399,0.8115089,0.12563711
3984914850,0.33516,0.3379345,0.3269055
3985702195,0.3039775,0.3477612,0.3482612
3986041636,0.21708691,0.33184776,0.45106527
3986205078,0.17654125,0.59781075,0.22564794
3986481169,0.07910528,0.048122156,0.8727726
3986750648,0.38096505,0.32565895,0.293376
3987211678,0.19183211,0.3509593,0.45720863
3987433631,0.2102094,0.2362155,0.55357504
3988123282,0.28240478,0.41763186,0.29996338
3988238793,0.28807285,0.38026795,0.33165923
3988445421,0.28968844,0.3695817,0.34072992
3988619764,0.2787965,0.40572152,0.315482
3989316956,0.34375426,0.40104184,0.25520387
3989664774,0.86899066,0.029760057,0.101249374
3989744628,0.27014032,0.4500114,0.27984834
3990261261,0.41442674,0.34069717,0.2448761
3990414177,0.17265289,0.31161922,0.5157279
3990669092,0.22847442,0.37924865,0.3922769
3990672084,0.44450745,0.2626027,0.29288992
3991857184,0.28242058,0.40775812,0.3098213
3992225746,0.3388956,0.39609662,0.26500782
3993360637,0.32249287,0.2156809,0.46182624
3993419737,0.6115326,0.14545102,0.24301633
3994338332,0.32216865,0.38514394,0.29268736
3994457159,0.30072945,0.29491562,0.40435496
3995600877,0.45973885,0.21956225,0.320699
3995697623,0.5011743,0.19743939,0.30138636
3995841927,0.2838427,0.4807971,0.23536018
3996185937,0.64291376,0.102013335,0.2550729
3996745675,0.6882795,0.16279742,0.14892314
3997125594,0.31544787,0.26645094,0.4181012
3997818216,0.23162472,0.3364096,0.43196565
3997948945,0.6024772,0.16589566,0.23162721
3999503462,0.31532317,0.30621523,0.3784616
3999563883,0.38654184,0.25595608,0.35750213
3999999343,0.07509458,0.695707,0.22919841
4000225240,0.38733152,0.30192566,0.31074283
4000236844,0.49745467,0.25445637,0.24808903
4000625619,0.53845555,0.22277872,0.23876579
4000813413,0.24484922,0.46634257,0.2888082
4000879154,0.29843062,0.42325807,0.2783112
4001468334,0.49855274,0.26458853,0.2368587
4002367608,0.24221215,0.40177822,0.35600963
4002975472,0.38121918,0.27709758,0.34168327
4003870179,0.51870763,0.24764472,0.23364758
4004090640,0.21003236,0.56660515,0.2233625
4004987712,0.3076019,0.40393144,0.2884666
4005773718,0.084975675,0.75320214,0.16182218
4005807981,0.50311124,0.24862222,0.24826649
4006346066,0.5428081,0.22385222,0.23333968
4007023518,0.21679242,0.5390733,0.2441343
4007492024,0.3326342,0.23504053,0.43232527
4007719626,0.6904026,0.08997172,0.21962564
4007735149,0.27596074,0.44445443,0.27958483
4008175429,0.45965,0.22346568,0.3168843
4008679042,0.18611585,0.21705715,0.59682703
4008893503,0.41443846,0.17772114,0.40784043
4009024859,0.33193555,0.39405143,0.2740131
4009085793,0.4172413,0.24178915,0.34096956
4009262990,0.35468185,0.40319216,0.24212596
4009594178,0.32592374,0.35394198,0.32013428
4009800075,0.31719232,0.42732245,0.2554852
4010663177,0.20703484,0.56357586,0.22938932
4010946242,0.402043,0.28689578,0.3110612
4011111059,0.37853208,0.34744084,0.27402705
4011168801,0.26967093,0.46805695,0.2622721
4011773200,0.3716718,0.24719504,0.38113323
4012398100,0.5011912,0.22937554,0.26943317
4012446560,0.38153493,0.30493534,0.31352976
4012591092,0.3910829,0.29619423,0.3127229
4013209546,0.25675625,0.44114444,0.30209935
4013887601,0.24637534,0.19610311,0.5575215
4014316347,0.3715716,0.2796925,0.34873593
4014391119,0.23062544,0.5193947,0.24997987
4014875999,0.22863948,0.5104745,0.260886
4015003223,0.5966897,0.18142726,0.22188298
4015141681,0.19720447,0.5255566,0.27723885
4015725594,0.3013295,0.36807925,0.33059135
4016159538,0.3110333,0.3253444,0.36362222
4016670916,0.29701313,0.34430808,0.35867882
4016693631,0.33173183,0.43797645,0.23029168
4016851112,0.20421997,0.4445535,0.35122657
4017018701,0.22973937,0.4322817,0.33797887
4017085499,0.16905485,0.64113575,0.18980946
4017092489,0.33381677,0.29285103,0.3733321
4017232365,0.33486587,0.41657248,0.24856171
4017248815,0.445339,0.31029648,0.24436454
4017634675,0.35223785,0.35228938,0.29547277
4017723252,0.13682409,0.14228573,0.7208902
4017971385,0.2074114,0.28894782,0.5036408
4018342662,0.44196147,0.29217267,0.2658659
4018690722,0.25868657,0.49836266,0.24295074
4018977601,0.21728528,0.22823547,0.55447924
4019101855,0.37429607,0.33936626,0.28633767
4019531249,0.23699363,0.2982649,0.4647415
4019633666,0.21963528,0.41957077,0.36079395
4020450965,0.25368294,0.50504756,0.24126941
4020622060,0.3372194,0.36484084,0.29793975
4020733595,0.57527363,0.18840572,0.23632066
4021307945,0.26178396,0.36355445,0.37466154
4021320326,0.45055997,0.29600868,0.25343132
4022943638,0.61072016,0.16081521,0.2284647
4023242890,0.41280782,0.31289652,0.27429563
4023251369,0.3053174,0.26294443,0.43173814
4023763904,0.49883184,0.25135452,0.24981363
4023937558,0.26436684,0.4398841,0.2957491
4024154027,0.32003233,0.32641155,0.3535562
4024341376,0.49036345,0.27325496,0.23638156
4024372711,0.22317588,0.5452065,0.23161757
4024490030,0.4831215,0.18156193,0.33531657
4024613330,0.49216676,0.23840506,0.26942813
4025386765,0.34006742,0.3477861,0.31214646
4025550374,0.35719028,0.21429941,0.42851028
4025690192,0.39267403,0.1898142,0.4175118
4026215365,0.36088,0.34650344,0.29261658
4026306087,0.23997602,0.27235886,0.48766518
4026357172,0.34927127,0.29322025,0.3575085
4026361783,0.13251622,0.6978889,0.16959482
4026531671,0.34396207,0.3515112,0.30452663
4027053701,0.46893838,0.2729572,0.2581044
4027719926,0.58602005,0.1690665,0.24491346
4027810214,0.24982463,0.37314877,0.37702662
4028248955,0.20726165,0.51812685,0.27461147
4028748234,0.41343638,0.26183888,0.32472467
4028959811,0.39828753,0.2940371,0.30767533
4029017906,0.41540912,0.30064633,0.28394452
4029024774,0.28341553,0.3317102,0.3848743
4029961621,0.37703764,0.37749285,0.24546957
4030058169,0.25545308,0.45390308,0.29064384
4030361188,0.40574726,0.27556613,0.31868654
4030388553,0.41718507,0.32602376,0.25679106
4030396756,0.22129051,0.56061906,0.21809043
4030579381,0.24828774,0.4789147,0.2727976
4031124548,0.4582533,0.26752254,0.27422416
4031956754,0.2728487,0.49094304,0.23620826
4032443830,0.20752096,0.53881264,0.2536664
4032881709,0.10816657,0.15250102,0.73933244
4033334160,0.09828402,0.75238955,0.1493264
4033773005,0.27077055,0.36701548,0.362214
4035218664,0.3042242,0.30619526,0.38958058
4035465604,0.42882404,0.2618002,0.30937582
4035494350,0.19363558,0.43887648,0.36748797
4035872072,0.4000492,0.29188135,0.3080695
4036073207,0.33791697,0.1065729,0.5555101
4036770933,0.40450886,0.33083275,0.2646583
4037165975,0.58681154,0.1560331,0.2571553
4037512865,0.18390861,0.3902305,0.4258609
4037854465,0.4702386,0.27167508,0.25808638
4038232582,0.2713022,0.42433935,0.30435848
4039037544,0.044253483,0.832628,0.12311854
4039352019,0.638109,0.13875772,0.2231333
4039622179,0.15904032,0.49780157,0.34315804
4039797566,0.20844291,0.3474827,0.44407445
4040232529,0.38052383,0.3203497,0.29912645
4040887697,0.3938128,0.38721275,0.21897446
4041185419,0.30922487,0.40025356,0.29052162
4041395609,0.31943128,0.35032707,0.33024165
4041430665,0.30094287,0.41461,0.284447
4041523237,0.31651026,0.21438988,0.4690999
4041814344,0.2936035,0.34586853,0.360528
4041828630,0.5395645,0.1326416,0.32779396
4042048905,0.38338006,0.2771359,0.33948407
4042303215,0.21537584,0.55964756,0.22497663
4043553788,0.7422261,0.068180256,0.18959372
4043811582,0.68977815,0.15971804,0.15050377
4044358946,0.884607,0.04014096,0.07525203
4044433720,0.38384593,0.29531118,0.32084292
4044549037,0.61673903,0.09493777,0.28832316
4044854606,0.35345975,0.4084318,0.23810838
4045273718,0.37076694,0.35403684,0.27519625
4046303274,0.40809143,0.33580908,0.2560995
4046343687,0.3292103,0.3240499,0.34673977
4046356889,0.38325575,0.2790831,0.33766124
4046527902,0.09548425,0.7244897,0.18002605
4047203188,0.12026281,0.3442757,0.5354615
4047417165,0.34299618,0.4234181,0.23358572
4047558886,0.29558802,0.37684068,0.32757127
4048240841,0.31809914,0.2640314,0.41786948
4048461804,0.55372155,0.1730962,0.2731822
4048519243,0.19506904,0.5526109,0.2523201
4050061319,0.3314882,0.44855168,0.21996015
4050433326,0.0619824,0.70139325,0.23662439
4050521717,0.26103204,0.38468948,0.35427848
4050666589,0.2507418,0.50425357,0.24500462
4050835697,0.19583349,0.5195135,0.28465307
4051143214,0.31786886,0.44375142,0.23837969
4051224269,0.30795965,0.19494185,0.49709848
4051336090,0.32836983,0.391054,0.2805761
4051351230,0.29519635,0.4161766,0.28862703
4051863306,0.36421326,0.32732648,0.30846024
4051914203,0.20015465,0.57380474,0.22604065
4052060304,0.3673653,0.32854778,0.3040869
4053213331,0.57584435,0.19265449,0.23150119
4053718229,0.3133878,0.3907148,0.29589733
4054067019,0.5506069,0.21142653,0.23796652
4054598029,0.22767678,0.21078877,0.56153446
4055019143,0.26551706,0.4946855,0.23979752
4055024634,0.21951118,0.39806113,0.38242763
4055034459,0.4350647,0.26852676,0.2964085
4055046483,0.38515005,0.28882554,0.32602447
4055153883,0.4170219,0.3037684,0.2792096
4057101709,0.15019768,0.6196374,0.23016492
4057316162,0.3334808,0.40157112,0.26494807
4057464953,0.41138417,0.33337593,0.25523987
4057799304,0.2885258,0.43165267,0.27982154
4057872650,0.16425884,0.49651408,0.33922705
4058368941,0.74615467,0.10700877,0.14683662
4058593594,0.37168333,0.35866615,0.26965067
4059079489,0.2629717,0.42675564,0.31027266
4059145203,0.03751555,0.81433874,0.14814569
4059162348,0.10912732,0.56514066,0.32573202
4059421911,0.3357967,0.35372847,0.31047478
4059485874,0.45601743,0.32319656,0.22078602
4059719747,0.41278327,0.33190066,0.25531608
4060437195,0.35574755,0.34169155,0.30256093
4061196990,0.34327352,0.29184934,0.3648771
4061254967,0.33249125,0.266412,0.40109676
4061955800,0.3330591,0.26574445,0.4011965
4062341948,0.39457318,0.33975258,0.2656743
4062867867,0.5231906,0.18606776,0.29074153
4063955308,0.22847922,0.44670263,0.3248181
4064333383,0.3027055,0.20582533,0.49146914
4064381909,0.5070958,0.19987738,0.29302678
4064809354,0.5933243,0.086112045,0.3205636
4064861548,0.20466043,0.39573544,0.39960408
4065135259,0.2797007,0.27930784,0.44099143
4065933547,0.2581467,0.2916859,0.4501674
4066623788,0.22355324,0.48036993,0.2960768
4066966573,0.4683353,0.14917505,0.3824897
4066970778,0.34821182,0.35853055,0.2932576
4067497396,0.27780905,0.33998603,0.38220495
4067980952,0.57338876,0.18748914,0.23912211
4068048209,0.3959999,0.24584447,0.3581556
4068113258,0.4133889,0.2036058,0.38300532
4068318584,0.2613388,0.34321728,0.39544395
4068382780,0.67091197,0.10659451,0.22249356
4068621652,0.54776794,0.13850743,0.31372458
4070148345,0.29030153,0.29036513,0.41933337
4070317979,0.47249225,0.25035346,0.27715436
4070389371,0.37464896,0.27134895,0.35400203
4071399303,0.17907685,0.52916044,0.29176277
4071412508,0.3526172,0.38096413,0.26641864
4072436549,0.3497457,0.29300186,0.35725242
4073321243,0.39022243,0.39053097,0.21924664
4073612080,0.4743307,0.20014463,0.3255247
4074153625,0.31957838,0.45467046,0.22575119
4074946800,0.28731576,0.34741706,0.36526722
4074949495,0.30714783,0.26017797,0.43267423
4075426844,0.21735227,0.5471054,0.23554239
4075625241,0.28825828,0.31354225,0.3981995
4075783992,0.24581845,0.42668626,0.3274953
4075842465,0.39681265,0.10116333,0.50202405
4076196775,0.52766407,0.26221073,0.21012525
4076256883,0.28911728,0.40259808,0.3082846
4076577978,0.35940853,0.2800244,0.36056712
4077065687,0.38970166,0.34015545,0.27014288
4077100781,0.3489163,0.36697182,0.2841119
4077714913,0.31895524,0.4307645,0.25028026
4077739421,0.21309344,0.41540825,0.37149826
4077898943,0.31011713,0.34079543,0.34908745
4078309963,0.31673506,0.35985097,0.32341406
4078350528,0.73903596,0.02890712,0.23205698
4078380089,0.3860103,0.30659,0.30739972
4078984638,0.3687609,0.28238866,0.34885043
4079124970,0.34590247,0.28477475,0.36932278
4079157109,0.07949474,0.72675407,0.1937512
4079746714,0.26282194,0.5370265,0.20015156
4080538406,0.4790523,0.20278211,0.31816557
4080562510,0.085491024,0.15144834,0.7630606
4080672836,0.4281059,0.3237185,0.24817564
4080725843,0.31012422,0.30913338,0.3807425
4080966544,0.37701675,0.33093634,0.2920469
4081003227,0.12287937,0.13071851,0.74640214
4082533476,0.28536698,0.4868303,0.22780265
4082559011,0.53887415,0.11191053,0.34921527
4082560358,0.3727495,0.1598021,0.46744835
4083114455,0.67985445,0.11842166,0.2017239
4083236962,0.2640575,0.23199113,0.5039514
4083764040,0.28586587,0.43880063,0.27533352
4084068108,0.2650701,0.34494027,0.38998958
4084265915,0.33131513,0.36779726,0.30088764
4084487286,0.20787637,0.5406924,0.25143123
4084628546,0.30276626,0.3162059,0.38102788
4084942674,0.022431629,0.9020692,0.07549916
4085125900,0.31979066,0.3880726,0.2921368
4087098854,0.2933247,0.4583962,0.24827908
4087693311,0.34641495,0.33460438,0.31898072
4087986740,0.15060058,0.36924028,0.48015922
4088072943,0.61329675,0.17043018,0.21627313
4088780445,0.090477966,0.62233216,0.28718987
4089120875,0.23189825,0.46484143,0.30326027
4090260143,0.24283381,0.3872281,0.36993802
4090473547,0.32451835,0.34675935,0.3287223
4090632724,0.13003089,0.68385077,0.1861184
4091041232,0.39158556,0.29582915,0.31258538
4091196013,0.2614942,0.46892047,0.26958534
4091209556,0.43727326,0.30928373,0.25344306
4091717985,0.22541517,0.43611282,0.33847207
4091912992,0.18332289,0.38819817,0.42847896
4091932308,0.26890513,0.34604466,0.38505027
4092412559,0.57915646,0.22822736,0.19261621
4092672341,0.5517641,0.19243301,0.25580284
4092788359,0.29742727,0.38418174,0.31839097
4093103379,0.13959631,0.56187636,0.2985273
4093729393,0.21076146,0.36726174,0.42197686
4093808630,0.18955831,0.5851571,0.22528455
4094548618,0.30163607,0.4086848,0.28967908
4094552948,0.22400358,0.5196972,0.25629923
4094654247,0.31910655,0.40116015,0.2797333
4095335222,0.21789864,0.23823224,0.54386914
4095811089,0.46494523,0.15462683,0.38042793
4095813678,0.5499829,0.22258529,0.22743182
4096699897,0.31664807,0.42221653,0.26113546
4097384790,0.123037174,0.7090595,0.16790332
4097497577,0.08796394,0.69189495,0.22014113
4098139581,0.38135132,0.33179244,0.28685626
4098148081,0.6327092,0.16533421,0.20195657
4098483367,0.45202526,0.25298098,0.29499373
4099367257,0.030813178,0.023195023,0.9459918
4099374315,0.14994535,0.20384979,0.6462049
4099772054,0.31624728,0.36044496,0.32330775
4100759070,0.3149101,0.41006404,0.27502578
4100873686,0.46180126,0.24244714,0.29575157
4102128365,0.26179737,0.41601858,0.3221841
4102192667,0.44431874,0.2840303,0.27165097
4102378551,0.18035792,0.62547415,0.194168
4102693162,0.42675468,0.26069796,0.31254733
4102812675,0.610525,0.10369744,0.28577754
4102945508,0.27482468,0.27482468,0.45035064
4102995253,0.46010977,0.2636975,0.27619272
4103012153,0.3950657,0.35961258,0.24532177
4103967893,0.6357223,0.15035692,0.21392083
4104012231,0.374443,0.33741665,0.28814045
4104260430,0.24778575,0.3274418,0.42477247
4104671898,0.1967647,0.40613702,0.39709836
4104842016,0.32950482,0.37017706,0.30031812
4105424726,0.055216655,0.7832443,0.16153899
4106386335,0.5087578,0.21332511,0.27791706
4106757710,0.2963294,0.36713597,0.33653462
4107619765,0.2525533,0.2694955,0.47795126
4107801829,0.39895582,0.29785648,0.3031877
4107915054,0.61118567,0.16849492,0.22031945
4108171981,0.40352306,0.28649652,0.30998045
4108698624,0.38732085,0.29745865,0.3152205
4108843698,0.2437858,0.3872911,0.36892316
4109711883,0.12020175,0.6351197,0.24467859
4109967894,0.44333553,0.24754724,0.30911726
4110616793,0.22618358,0.43385342,0.33996305
4110680169,0.4098464,0.35199815,0.2381555
4110788775,0.37269902,0.34269187,0.28460914
4111031334,0.43483606,0.2868722,0.27829167
4111510164,0.07240329,0.7051546,0.22244212
4112996790,0.17353283,0.59385836,0.23260884
4113098387,0.35547933,0.2916985,0.35282218
4113151185,0.4544848,0.21801196,0.32750326
4113534165,0.08619499,0.7026864,0.21111847
4113618432,0.14746477,0.6612879,0.19124728
4113646048,0.42188913,0.29875922,0.27935168
4113979630,0.1921998,0.47910476,0.32869545
4114870092,0.9564117,0.0048625492,0.03872578
4115127058,0.23180531,0.47532457,0.29287004
4115361724,0.16780129,0.48900542,0.34319332
4116134745,0.33320674,0.3418085,0.32498476
4116856726,0.2887445,0.32768604,0.38356948
4117063982,0.412694,0.27223378,0.31507218
4117226385,0.44069314,0.32124025,0.23806657
4117283513,0.4476749,0.22869118,0.32363397
4117427035,0.14636354,0.66245955,0.19117686
4117476760,0.5164829,0.22212958,0.26138756
4117670614,0.8498706,0.03678805,0.11334137
4117754350,0.3393098,0.47346056,0.18722963
4117758636,0.3029195,0.13955875,0.55752176
4118665458,0.23297982,0.25532594,0.51169425
4118954991,0.041320156,0.8257066,0.13297327
4120631279,0.3319703,0.2664414,0.40158835
4120702809,0.22968744,0.47166365,0.29864892
4120734066,0.36653087,0.17809421,0.45537496
4120802048,0.23084733,0.4348978,0.3342548
4121163290,0.35365054,0.32127944,0.32506996
4121315843,0.48079357,0.20981099,0.3093955
4121373088,0.5958356,0.19974945,0.20441489
4121651943,0.21175769,0.3965927,0.39164954
4121719051,0.4494135,0.27857497,0.27201146
4121969664,0.31775606,0.38737208,0.2948718
4122162081,0.6041773,0.17389593,0.22192684
4122708799,0.47919488,0.26929924,0.25150588
4123077977,0.5185294,0.21450454,0.26696604
4123179092,0.3542361,0.29014596,0.35561794
4123746080,0.6208269,0.13706304,0.24211007
4124641753,0.38171744,0.30686727,0.31141526
4124644292,0.5260145,0.20196845,0.27201697
4125998331,0.19604246,0.5031944,0.30076316
4126612761,0.3510111,0.2934969,0.35549203
4127035740,0.3451806,0.3961139,0.25870553
4127980058,0.41565302,0.28535652,0.29899043
4128721971,0.00824775,0.8856636,0.1060885
4128769631,0.08964463,0.7446991,0.1656562
4129500606,0.2921873,0.41113713,0.2966756
4129600660,0.42896467,0.29424953,0.2767858
4129765973,0.3522526,0.34312704,0.3046203
4130164025,0.40345833,0.26387593,0.3326658
4130620953,0.3639886,0.3517852,0.28422606
4131135985,0.31369472,0.40849736,0.27780786
4131751766,0.34448522,0.3145651,0.34094965
4132714818,0.21682213,0.492122,0.29105583
4132779342,0.32033563,0.3290422,0.35062218
4132997135,0.12247851,0.718867,0.15865451
4134035947,0.43636563,0.26808324,0.29555115
4134427534,0.20559621,0.5416659,0.25273788
4134667226,0.43097347,0.28993207,0.2790945
4134720014,0.42692417,0.30710477,0.2659711
4135761275,0.26424837,0.3706307,0.3651209
4135871705,0.44329214,0.25829566,0.2984122
4136025247,0.50547355,0.23175898,0.26276743
4136163860,0.68284786,0.0727102,0.24444194
4136587469,0.33044374,0.38566226,0.28389397
4137293684,0.82761323,0.06441305,0.10797371
4137915882,0.29072946,0.43643406,0.2728364
4138368225,0.88304,0.02110446,0.09585554
4138405412,0.39301282,0.30288005,0.30410704
4138739624,0.22906797,0.56922936,0.20170262
4139612279,0.22548977,0.50585663,0.26865354
4139906326,0.26007456,0.5044479,0.23547758
4139960622,0.18383864,0.62047553,0.19568583
4140079955,0.4110971,0.27242547,0.3164775
4140393062,0.33309388,0.3269766,0.33992946
4140412752,0.21053024,0.4311515,0.35831833
4140547518,0.41229185,0.26631963,0.32138854
4140956092,0.512609,0.25353262,0.23385836
4141357125,0.34459594,0.2686071,0.38679695
4141607749,0.40326318,0.31974617,0.27699065
4142653457,0.25650597,0.3381453,0.4053488
4143081279,0.069703594,0.7586237,0.17167269
4143194920,0.7465969,0.10513143,0.14827175
4143543088,0.38640013,0.26875597,0.34484392
4143673319,0.1790729,0.5879981,0.23292898
4143998942,0.20384763,0.14214844,0.6540039
4144590311,0.3694151,0.3243912,0.30619374
4144624674,0.2544897,0.27785814,0.4676522
4145652418,0.2054111,0.50713587,0.28745311
4147384765,0.32596558,0.44657055,0.22746396
4147521786,0.2109491,0.35419258,0.43485835
4147987911,0.28497884,0.40878925,0.30623192
4148235796,0.315781,0.39318377,0.29103535
4148246014,0.3342913,0.34751803,0.3181907
4148311732,0.15520966,0.6534484,0.1913419
4148660315,0.22824498,0.48889935,0.28285566
4148827122,0.37464273,0.33016723,0.29519013
4149235469,0.33656338,0.34698495,0.3164517
4149503140,0.3554991,0.29275796,0.35174286
4150125228,0.26516405,0.3534321,0.38140386
4150178952,0.2662405,0.46401486,0.2697446
4150317813,0.38090068,0.3474956,0.2716037
4150994705,0.00475932,0.0076260995,0.9876146
4151396289,0.2702757,0.38395903,0.34576532
4151554296,0.2648659,0.37379232,0.3613417
4151780367,0.23092744,0.49216518,0.2769074
4152599050,0.31782517,0.31782517,0.3643497
4152708184,0.37957174,0.3734452,0.24698308
4153644606,0.41059312,0.24401931,0.34538752
4153796147,0.24453999,0.502233,0.25322694
4153850017,0.108449176,0.58753276,0.30401805
4154720652,0.06807232,0.8364915,0.095436186
4154789780,0.29467583,0.35311103,0.35221314
4155081458,0.3766533,0.37295595,0.2503907
4155322269,0.24089037,0.48906067,0.27004907
4155815570,0.3647008,0.33870682,0.2965923
4156200449,0.07418051,0.7383324,0.18748708
4156246813,0.507579,0.12849319,0.36392775
4156903170,0.21797664,0.5511665,0.2308569
4157065930,0.6981664,0.11098209,0.19085158
4157468989,0.5687071,0.19615395,0.23513897
4157553702,0.24934612,0.5070017,0.24365218
4157596697,0.21943377,0.58368576,0.19688046
4158162820,0.29444787,0.48304722,0.22250496
4158216844,0.20342611,0.48473582,0.31183812
4158871941,0.4640659,0.26026678,0.27566722
4159212573,0.8498356,0.019894449,0.13026997
4159252230,0.11365864,0.47196755,0.41437376
4160207478,0.28963158,0.40411025,0.3062582
4160326571,0.26084822,0.35246995,0.38668194
4160558878,0.018704547,0.02348204,0.95781344
4160779326,0.64280164,0.15464193,0.20255642
4161257562,0.12047403,0.529394,0.35013205
4161333523,0.19311039,0.5094768,0.29741284
4161345695,0.39661986,0.29437673,0.30900338
4162252188,0.19547382,0.579897,0.22462921
4162445817,0.2848485,0.44436285,0.27078864
4163446392,0.21202803,0.44817302,0.33979896
4163549039,0.21580394,0.2272834,0.55691266
4164639546,0.44583294,0.27052104,0.28364602
4164946281,0.4195985,0.2984246,0.28197694
4165192940,0.15626729,0.6455483,0.19818442
4166166911,0.15177347,0.5962248,0.25200176
4166206527,0.4273615,0.25458908,0.3180494
4166271996,0.43206105,0.28196713,0.28597182
4166443743,0.32185492,0.37635008,0.30179498
4167068924,0.1523933,0.22804888,0.61955786
4168436541,0.38353807,0.3515927,0.26486933
4168905424,0.40965128,0.26689452,0.32345417
4168973736,0.31963563,0.4429586,0.23740578
4169282752,0.41668248,0.23358761,0.3497299
4169352682,0.31986314,0.4290953,0.25104156
4169521484,0.25858417,0.46763358,0.27378225
4170134628,0.15686013,0.5462144,0.29692554
4170283219,0.55582404,0.21787836,0.22629766
4170768954,0.42907786,0.3412759,0.22964624
4170903915,0.63680774,0.15623137,0.2069609
4171201817,0.19213004,0.5085263,0.29934368
4171729273,0.36961168,0.23611617,0.39427218
4171998584,0.39924824,0.31415874,0.28659302
4172303561,0.4157535,0.22096245,0.36328408
4172499314,0.36242098,0.33256108,0.305018
4172674866,0.5881142,0.24564587,0.16623996
4172864939,0.5173847,0.24563494,0.23698035
4172915139,0.1991489,0.4522449,0.34860617
4172989254,0.5414831,0.16871259,0.28980437
4173785422,0.2578395,0.2525842,0.48957637
4174058512,0.15669167,0.6217294,0.221579
4174180886,0.76107806,0.08429275,0.15462929
4174718145,0.079530835,0.6088393,0.31162986
4174835967,0.35263994,0.26887357,0.37848648
4175245801,0.2659905,0.25005895,0.48395056
4175305822,0.2511807,0.39290482,0.35591456
4175436066,0.20267023,0.5145047,0.28282505
4175546451,0.17275357,0.60338736,0.22385909
4176288077,0.17450188,0.6107321,0.21476601
4177758178,0.31190878,0.3849111,0.3031801
4178090534,0.2642485,0.25387377,0.48187777
4178113438,0.35507292,0.36403963,0.2808874
4178202274,0.23940548,0.4446208,0.3159737
4178221700,0.3416832,0.36783296,0.29048386
4179193113,0.11847271,0.6442439,0.23728348
4179516353,0.24296455,0.40479076,0.35224462
4180217850,0.23921266,0.6431434,0.11764386
4181032576,0.12522079,0.48789677,0.3868824
4181784550,0.40729254,0.3068284,0.2858791
4182333701,0.13845268,0.7001359,0.1614114
4183084229,0.38703105,0.25434354,0.3586254
4183561471,0.25605303,0.3783432,0.36560386
4183954545,0.42166626,0.26558253,0.31275123
4184269064,0.30354613,0.42581272,0.2706412
4185132007,0.39457324,0.37745884,0.22796784
4185135579,0.5892862,0.19088788,0.21982594
4185273438,0.4486298,0.3462001,0.2051701
4185499146,0.4554791,0.23842606,0.3060949
4185585688,0.2363111,0.5209375,0.24275143
4185724417,0.25465837,0.47198144,0.27336022
4187060144,0.300148,0.3618319,0.33802006
4187659488,0.37764657,0.20004956,0.42230386
4187818011,0.45259586,0.314746,0.23265818
4188572588,0.21080312,0.49130744,0.29788947
4188720589,0.55332357,0.2003894,0.246287
4188882777,0.43469486,0.2591613,0.3061439
4189199849,0.4474951,0.2526211,0.29988384
4189373812,0.13514633,0.6948312,0.17002246
4190355019,0.4939129,0.17304926,0.33303788
4190607147,0.44249925,0.23902306,0.31847775
4190774693,0.42556366,0.2768168,0.29761955
4191809121,0.2496022,0.5013374,0.24906036
4192140404,0.21889302,0.5598307,0.22127625
4192445564,0.23531197,0.51853687,0.2461511
4192994643,0.41816425,0.29312316,0.28871262
4193685101,0.25535235,0.46343702,0.2812107
4193688494,0.4227925,0.32518023,0.2520272
4194150310,0.26381215,0.4240805,0.3121074
4194578980,0.34614408,0.38930434,0.26455164
4194973013,0.5392101,0.1585629,0.30222696
4195348438,0.32957423,0.42496923,0.24545659
4195835698,0.4258765,0.23289046,0.34123307
4196302229,0.2668516,0.35236502,0.38078338
4196464969,0.37501767,0.3098457,0.3151367
4196492906,0.1018655,0.65027064,0.24786395
4196634256,0.3117259,0.31123927,0.37703484
4197094854,0.32922438,0.21049926,0.46027634
4197483593,0.35838768,0.33765665,0.30395567
4198384283,0.25266144,0.45062986,0.2967087
4198453021,0.19922568,0.31668785,0.48408645
4198665000,0.17971434,0.62104326,0.19924237
4198823489,0.28394112,0.15480772,0.5612512
4199341465,0.53882694,0.21711317,0.24405995
4200088116,0.27220476,0.19739065,0.5304046
4200178121,0.28873527,0.36978868,0.34147605
4201029752,0.4916564,0.2580966,0.250247
4201572470,0.9092713,0.034739982,0.055988666
4201597732,0.5928121,0.20374022,0.2034476
4201858738,0.23366243,0.3321089,0.43422866
4202253676,0.31200582,0.43283945,0.2551547
4202272395,0.23334391,0.5132527,0.25340343
4202369684,0.3672637,0.3451909,0.28754547
4202588088,0.23759559,0.13148119,0.63092315
4202774026,0.32997045,0.2458358,0.42419365
4202808023,0.66400975,0.14611183,0.18987834
4203159050,0.49177048,0.052782465,0.455447
4203472375,0.24449128,0.5201148,0.23539402
4203708763,0.3335673,0.34629914,0.32013354
4203735144,0.3999154,0.3359759,0.2641087
4204395194,0.45386344,0.2685104,0.27762616
4205207896,0.21760231,0.5240087,0.25838903
4205926084,0.4123934,0.25533822,0.33226842
4206644455,0.3605873,0.20716687,0.43224576
4206692298,0.64079565,0.20459223,0.15461218
4206856770,0.5686472,0.21637048,0.21498238
4207145444,0.08332729,0.6656062,0.25106657
4207230250,0.31179783,0.29036993,0.39783224
4207608715,0.2521441,0.46449837,0.28335753
4207858001,0.21669155,0.5398908,0.24341756
4208033247,0.45354137,0.2656125,0.2808461
4208070973,0.18651478,0.4473664,0.36611882
4208337852,0.12429366,0.6755056,0.20020084
4208856820,0.42128953,0.29243985,0.28627068
4209241314,0.1557076,0.31150088,0.53279155
4210188715,0.47787997,0.23386478,0.28825527
4210339544,0.32155997,0.36980784,0.30863217
4210751808,0.66221994,0.16675813,0.17102192
4210995470,0.50934726,0.2593978,0.23125492
4211106202,0.31011602,0.24790473,0.44197923
4213015875,0.39848033,0.32575843,0.27576134
4213057466,0.36264712,0.29805428,0.33929864
4213118986,0.35832584,0.24858175,0.39309242
4213159674,0.51071066,0.2268243,0.2624651
4213202148,0.2807648,0.25800148,0.46123374
4213413316,0.20110756,0.55931735,0.23957515
4213513434,0.30290622,0.4536477,0.24344616
4213638078,0.3105103,0.40814707,0.28134257
4214265819,0.35520977,0.34469166,0.3000986
4214450583,0.17510557,0.2626251,0.56226933
4214811844,0.33904785,0.35963798,0.30131415
4215105062,0.29476663,0.30360606,0.40162733
4215140113,0.3252517,0.39847502,0.27627325
4215775875,0.43466717,0.3125854,0.25274742
4215855431,0.5667449,0.22200312,0.2112519
4215922658,0.3962625,0.36280286,0.2409347
4215941661,0.22458127,0.5026274,0.2727914
4216093509,0.52271044,0.15475768,0.3225319
4216097527,0.47429836,0.24408786,0.28161377
4216398877,0.10882155,0.6892845,0.2018939
4216460780,0.12966938,0.59061646,0.27971414
4216769264,0.27765685,0.3494936,0.37284955
4216888231,0.38526562,0.3135044,0.30122995
4217163582,0.3806604,0.35806495,0.26127467
4217499598,0.4181183,0.31736267,0.26451895
4218709426,0.23189047,0.48386627,0.2842433
4219086767,0.5789684,0.18186976,0.23916186
4219126037,0.13205792,0.39685383,0.4710883
4219126153,0.23248704,0.46822208,0.2992909
4219516491,0.31713414,0.20200588,0.48085997
4220149347,0.40787616,0.30580422,0.28631958
4220311356,0.2841937,0.40534216,0.3104642
4220721936,0.23162216,0.472862,0.2955159
4221656851,0.17613411,0.54220235,0.28166354
4222577204,0.29066876,0.35159972,0.35773146
4222847658,0.2531141,0.2613246,0.4855612
4223340612,0.80156845,0.087420486,0.11101104
4223387653,0.28428057,0.3092397,0.40647975
4223410220,0.39627615,0.2989022,0.30482164
4223764049,0.24487875,0.32583416,0.42928708
4224115839,0.12742147,0.6428864,0.22969213
4224487971,0.26830968,0.23812056,0.4935698
4224860363,0.5148946,0.17586666,0.30923873
4224929567,0.54861194,0.22936924,0.22201876
4225429292,0.23660687,0.45728627,0.3061069
4227115802,0.49655002,0.25381956,0.2496304
4227388144,0.31987175,0.3978207,0.28230754
4227490224,0.1725043,0.60445327,0.22304232
4228053482,0.24657993,0.50834304,0.24507701
4228111213,0.3897375,0.1531674,0.45709512
4228864129,0.5324284,0.17085798,0.29671374
4228881315,0.28497452,0.3860824,0.3289431
4229021901,0.20931251,0.3218695,0.46881798
4229026270,0.34647653,0.4178745,0.23564899
4229267872,0.4860017,0.18740354,0.32659468
4229518975,0.07984489,0.23326942,0.6868857
4229941807,0.17322396,0.6171239,0.20965214
4230143796,0.1819952,0.5643997,0.25360498
4230389296,0.3447547,0.3409768,0.3142685
4230597810,0.486152,0.29669434,0.21715373
4230647450,0.2716399,0.42457622,0.30378392
4230691533,0.16048475,0.4859037,0.35361156
4231074056,0.41443607,0.26334897,0.32221496
4231121122,0.3186212,0.4321607,0.24921821
4231390741,0.32888567,0.39711058,0.27400368
4231644896,0.2945285,0.41116413,0.29430732
4232732728,0.38761032,0.40404066,0.20834897
4233902611,0.1928828,0.60557425,0.20154284
4234264844,0.3180216,0.32065833,0.36132008
4234651840,0.34804773,0.22068036,0.4312719
4235485065,0.695457,0.049930513,0.25461245
4235738750,0.5315654,0.21947926,0.2489553
4236095246,0.4368117,0.23801506,0.32517326
4236414699,0.23527506,0.22466129,0.5400637
4236728758,0.24617274,0.4920192,0.2618081
4237549667,0.3450302,0.28619334,0.36877647
4238139643,0.3363105,0.2927644,0.37092507
4238511728,0.45804977,0.29435003,0.24760018
4238728244,0.62451255,0.08996445,0.285523
4238735928,0.33116192,0.41785786,0.2509802
4239396447,0.25323716,0.3770816,0.36968124
4240644936,0.10368988,0.73936963,0.15694046
4241437587,0.115024805,0.600552,0.28442326
4241948896,0.23080051,0.502538,0.26666152
4243204289,0.7026883,0.12754843,0.16976333
4243326482,0.22867557,0.4722964,0.29902804
4244101139,0.35877043,0.41869405,0.22253555
4244975385,0.25335115,0.31501374,0.43163505
4245482056,0.31799972,0.31232274,0.36967745
4245482950,0.26536778,0.4218998,0.31273246
4245546857,0.20220374,0.5767374,0.22105886
4246075787,0.2910708,0.25150713,0.45742208
4246304840,0.24317597,0.53306353,0.22376056
4246854744,0.33680743,0.35973725,0.3034554
4247287548,0.4716471,0.26368743,0.26466548
4247811575,0.34964785,0.3450025,0.30534968
4248269209,0.28135034,0.42968106,0.28896862
4248420073,0.23738047,0.28625035,0.47636917
4248667785,0.22807714,0.49957895,0.27234393
4249085989,0.20213647,0.56833893,0.22952457
4249231691,0.45362952,0.3139688,0.23240173
4249381288,0.26415697,0.42727414,0.30856887
4249759461,0.3119597,0.37727636,0.31076387
4249877240,0.22891401,0.32035187,0.45073414
4250342551,0.3359195,0.2027943,0.46128628
4250439150,0.38226172,0.28550962,0.33222866
4250710791,0.14705452,0.6743114,0.1786341
4251266470,0.41034666,0.30274346,0.2869099
4251917489,0.51298404,0.21983352,0.2671824
4252161142,0.33290976,0.33297858,0.33411172
4252787969,0.32003906,0.3701538,0.30980712
4253030125,0.42654574,0.26213205,0.31132224
4253105766,0.16167703,0.17634834,0.6619746
4254044254,0.11507723,0.61753607,0.2673867
4254193206,0.29232097,0.41974068,0.2879384
4256179369,0.4755788,0.27164406,0.25277716
4256363743,0.32391897,0.32391897,0.3521621
4256557356,0.3825596,0.34697306,0.27046737
4256622843,0.3884441,0.25742325,0.3541327
4257247464,0.39391094,0.29175577,0.3143333
4258041419,0.1898851,0.5283908,0.2817241
4258041814,0.40765986,0.33872524,0.2536149
4258369845,0.08483064,0.6539845,0.2611849
4258428039,0.17581595,0.4884924,0.33569163
4258667494,0.30839363,0.37667993,0.31492642
4258765705,0.35104448,0.35795286,0.29100272
4258925590,0.18659566,0.5904583,0.22294602
4258988790,0.37325162,0.33658546,0.29016298
4260589581,0.40616983,0.25548404,0.33834612
4261216431,0.16568331,0.16050804,0.67380863
4261420325,0.037533276,0.06679674,0.8956699
4261742467,0.18821104,0.4979135,0.3138755
4262860715,0.32410634,0.40038776,0.27550584
4263591872,0.4363296,0.27383697,0.2898335
4263618688,0.26593074,0.5209055,0.21316378
4263631006,0.5953608,0.16467299,0.23996624
4263727916,0.08264174,0.5459003,0.37145793
4263738907,0.25641605,0.38295582,0.3606282
4263811653,0.3501954,0.3501954,0.29960924
4263966547,0.2960129,0.4732279,0.23075922
4264293918,0.29760045,0.3590015,0.34339815
4264651374,0.24083011,0.287543,0.47162694
4265154113,0.11960106,0.6664636,0.21393535
4266065748,0.17883246,0.33822632,0.4829413
4266189146,0.113262065,0.15781389,0.7289241
4267199301,0.35848948,0.24543522,0.39607537
4269177005,0.306405,0.32473177,0.3688632
4269403387,0.17149776,0.17149776,0.6570045
4269934547,0.25991786,0.49048206,0.2496001
4270483798,0.10640535,0.48965728,0.40393746
4270909995,0.28157124,0.40578642,0.31264237
4271180206,0.16946466,0.49489,0.33564535
4272956219,0.35159168,0.4276184,0.22078988
4273695866,0.32775912,0.28528312,0.38695776
4274073514,0.48878056,0.22019109,0.29102832
4274076811,0.39519563,0.31120682,0.29359758
4274137569,0.13147329,0.5999144,0.26861238
4274761773,0.40657094,0.30175304,0.291676
4275184152,0.4020484,0.28792542,0.31002614
4275275519,0.25641125,0.4457975,0.2977912
4275389524,0.4109513,0.20706457,0.38198417
4275723868,0.19631816,0.5581126,0.24556921
4276132444,0.28804448,0.46413323,0.2478223
4276171493,0.4479228,0.27125365,0.2808236
4278306836,0.84943956,0.031702943,0.11885754
4278511339,0.20439701,0.57868195,0.21692106
4278928586,0.23621774,0.24142408,0.52235824
4278983238,0.6109106,0.18861054,0.20047884
4279209684,0.27580813,0.43109548,0.2930964
4279221131,0.25357753,0.55707175,0.18935072
4279394335,0.14188406,0.5143652,0.34375075
4279569985,0.24906258,0.43830204,0.31263542
4280287624,0.40547356,0.3049392,0.28958735
4280501571,0.24058524,0.49337208,0.26604274
4281062380,0.34377143,0.35582694,0.30040163
4281325245,0.61955225,0.1939083,0.18653943
4281792270,0.40184692,0.31775433,0.28039873
4282315288,0.5816559,0.20700179,0.21134223
4282482144,0.09037461,0.745143,0.16448241
4282977306,0.3676975,0.33997834,0.29232413
4283312699,0.43404603,0.26270738,0.30324653
4283365726,0.15750372,0.30310914,0.53938717
4284498087,0.29037154,0.3711394,0.33848903
4284845904,0.20361465,0.5532545,0.24313086
4284911720,0.38815022,0.2712891,0.34056064
4284924803,0.3283845,0.40335035,0.26826522
4284969072,0.3808624,0.29810613,0.32103148
4285002084,0.5169993,0.24461618,0.23838452
4285850813,0.14380747,0.6288673,0.22732522
4286061858,0.15981892,0.6085722,0.2316089
4286450466,0.31018585,0.28711265,0.40270147
4286463056,0.33401805,0.37637147,0.28961048
4287650976,0.32269827,0.3021444,0.37515736
4287905957,0.34840232,0.33176148,0.31983623
4288036962,0.45564404,0.12114092,0.4232151
4288290528,0.31160495,0.1532141,0.5351809
4289607724,0.17072256,0.21305712,0.6162203
4290218189,0.3316396,0.37694564,0.29141486
4290226288,0.37821507,0.3349321,0.286853
4290323631,0.32352343,0.37742698,0.29904965
4290387078,0.34287462,0.28824738,0.368878
4291750124,0.34244204,0.33797953,0.3195784
4292154969,0.17006208,0.1646966,0.6652413
4292612499,0.31348512,0.37955964,0.30695522
4293540065,0.2823079,0.34549642,0.37219572
4293543403,0.15694134,0.65451646,0.18854223
4293965487,0.17880484,0.5622594,0.25893572
4294254797,0.5844008,0.19557257,0.2200267
4294452769,0.19180167,0.18490347,0.6232949
4294602932,0.55361986,0.20811202,0.23826815
4294633312,0.35997435,0.2967457,0.3432799
